chart,version,base,space_slug,guide_path,chart_page,preset_reason,object_count,main_kinds,prerequisite_count,prerequisite_summary,route_count,render_parity,local_kind,gitops_oci_live,live_dual_parity,package_oci_ref
aqua/trivy-operator,0.32.1,default,aqua-trivy-operator-0-32-1-default,data/confighub-example-guides/spaces/aqua-trivy-operator-0-32-1-default/README.md,https://confighub.github.io/helm-expt/site/charts/aqua-trivy-operator-0-32-1.html,"Use this when you want to start from the chart author's normal path, with the inputs recorded.",33,"CustomResourceDefinition x12, ClusterComplianceReport x4, ClusterRole x4, ConfigMap x3, Role x2, RoleBinding x2, Secret x2, ClusterRoleBinding x1",0,none,0,yes,yes,yes,yes,oci://europe-west1-docker.pkg.dev/nth-fort-499605-q5/helm-expt/aqua-trivy-operator:0.32.1@sha256:473c9b5a9803e80f6554db0cb7cd7f5c64c1ffdd1b04dd0216fdb4a657552ed0
aqua/trivy-operator,0.32.1,no-crds,aqua-trivy-operator-0-32-1-no-crds,data/confighub-example-guides/spaces/aqua-trivy-operator-0-32-1-no-crds/README.md,https://confighub.github.io/helm-expt/site/charts/aqua-trivy-operator-0-32-1.html,"Use this when your platform, GitOps bootstrap, or another chart owns the CRDs.",21,"ClusterComplianceReport x4, ClusterRole x4, ConfigMap x3, Role x2, RoleBinding x2, Secret x2, ClusterRoleBinding x1, Deployment x1",12,12 CRDs,0,yes,yes,yes,yes,oci://europe-west1-docker.pkg.dev/nth-fort-499605-q5/helm-expt/aqua-trivy-operator:0.32.1@sha256:473c9b5a9803e80f6554db0cb7cd7f5c64c1ffdd1b04dd0216fdb4a657552ed0
argo-cd/argo-cd,9.5.15,default,argo-cd-argo-cd-9-5-15-default,data/confighub-example-guides/spaces/argo-cd-argo-cd-9-5-15-default/README.md,https://confighub.github.io/helm-expt/site/charts/argo-cd-argo-cd-9-5-15.html,"Use this when you want to start from the chart author's normal path, with the inputs recorded.",49,"ConfigMap x8, Deployment x6, Role x6, RoleBinding x6, ServiceAccount x6, Service x5, ClusterRole x3, ClusterRoleBinding x3",1,1 Secret,0,yes,yes,yes,yes,oci://europe-west1-docker.pkg.dev/nth-fort-499605-q5/helm-expt/argo-cd-argo-cd:9.5.15@sha256:9ec6bd1950e4b8b300ac61a62b85943a462dd7fc80d64e5bc79995f054c2ce4d
argo-cd/argo-cd,9.5.15,no-crds,argo-cd-argo-cd-9-5-15-no-crds,data/confighub-example-guides/spaces/argo-cd-argo-cd-9-5-15-no-crds/README.md,https://confighub.github.io/helm-expt/site/charts/argo-cd-argo-cd-9-5-15.html,"Use this when your platform, GitOps bootstrap, or another chart owns the CRDs.",46,"ConfigMap x8, Deployment x6, Role x6, RoleBinding x6, ServiceAccount x6, Service x5, ClusterRole x3, ClusterRoleBinding x3",4,"3 CRDs, 1 Secret",0,yes,no,no,yes,oci://europe-west1-docker.pkg.dev/nth-fort-499605-q5/helm-expt/argo-cd-argo-cd:9.5.15@sha256:9ec6bd1950e4b8b300ac61a62b85943a462dd7fc80d64e5bc79995f054c2ce4d
argo-cd/argo-events,2.4.21,default,argo-cd-argo-events-2-4-21-default,data/confighub-example-guides/spaces/argo-cd-argo-events-2-4-21-default/README.md,https://confighub.github.io/helm-expt/site/charts/argo-cd-argo-events-2-4-21.html,"Use this when you want to start from the chart author's normal path, with the inputs recorded.",9,"CustomResourceDefinition x3, ServiceAccount x2, ClusterRole x1, ClusterRoleBinding x1, ConfigMap x1, Deployment x1",0,none,0,yes,yes,yes,yes,oci://europe-west1-docker.pkg.dev/nth-fort-499605-q5/helm-expt/argo-cd-argo-events:2.4.21@sha256:d17322319fd2884cdd914aa580ab94aed8ce7b948af51325a4d9973f7c001b47
argo-cd/argo-events,2.4.21,no-crds,argo-cd-argo-events-2-4-21-no-crds,data/confighub-example-guides/spaces/argo-cd-argo-events-2-4-21-no-crds/README.md,https://confighub.github.io/helm-expt/site/charts/argo-cd-argo-events-2-4-21.html,"Use this when your platform, GitOps bootstrap, or another chart owns the CRDs.",6,"ServiceAccount x2, ClusterRole x1, ClusterRoleBinding x1, ConfigMap x1, Deployment x1",0,none,0,yes,yes,yes,yes,oci://europe-west1-docker.pkg.dev/nth-fort-499605-q5/helm-expt/argo-cd-argo-events:2.4.21@sha256:d17322319fd2884cdd914aa580ab94aed8ce7b948af51325a4d9973f7c001b47
argo-cd/argo-rollouts,2.40.9,default,argo-cd-argo-rollouts-2-40-9-default,data/confighub-example-guides/spaces/argo-cd-argo-rollouts-2-40-9-default/README.md,https://confighub.github.io/helm-expt/site/charts/argo-cd-argo-rollouts-2-40-9.html,"Use this when you want to start from the chart author's normal path, with the inputs recorded.",14,"CustomResourceDefinition x5, ClusterRole x4, ConfigMap x2, ClusterRoleBinding x1, Deployment x1, ServiceAccount x1",0,none,0,yes,yes,yes,yes,oci://europe-west1-docker.pkg.dev/nth-fort-499605-q5/helm-expt/argo-cd-argo-rollouts:2.40.9@sha256:e77d2622b0c73818226779e719ecd8841bc282c710b5cc193940ff5cb8ee00ab
argo-cd/argo-rollouts,2.40.9,no-crds,argo-cd-argo-rollouts-2-40-9-no-crds,data/confighub-example-guides/spaces/argo-cd-argo-rollouts-2-40-9-no-crds/README.md,https://confighub.github.io/helm-expt/site/charts/argo-cd-argo-rollouts-2-40-9.html,"Use this when your platform, GitOps bootstrap, or another chart owns the CRDs.",9,"ClusterRole x4, ConfigMap x2, ClusterRoleBinding x1, Deployment x1, ServiceAccount x1",0,none,0,yes,yes,yes,yes,oci://europe-west1-docker.pkg.dev/nth-fort-499605-q5/helm-expt/argo-cd-argo-rollouts:2.40.9@sha256:e77d2622b0c73818226779e719ecd8841bc282c710b5cc193940ff5cb8ee00ab
argo-cd/argo-workflows,1.0.14,controller-default-reviewed,argo-cd-argo-workflows-1-0-14-controller-default-reviewed,data/confighub-example-guides/spaces/argo-cd-argo-workflows-1-0-14-controller-default-reviewed/README.md,https://confighub.github.io/helm-expt/site/charts/argo-cd-argo-workflows-1-0-14.html,Use this when you want a catalog-reviewed starting configuration instead of the chart's unreviewed default.,19,"ClusterRole x7, ClusterRoleBinding x4, Deployment x2, ServiceAccount x2, ConfigMap x1, Role x1, RoleBinding x1, Service x1",8,8 CRDs,1,yes,no,yes,yes,oci://europe-west1-docker.pkg.dev/nth-fort-499605-q5/helm-expt/argo-cd-argo-workflows:1.0.14@sha256:abbebaeccc07e0583c7ccc5ad0c9d315057e6b4c0a766bd72c167ee92d3f160f
argo-cd/argo-workflows,1.0.14,default,argo-cd-argo-workflows-1-0-14-default,data/confighub-example-guides/spaces/argo-cd-argo-workflows-1-0-14-default/README.md,https://confighub.github.io/helm-expt/site/charts/argo-cd-argo-workflows-1-0-14.html,"Use this when you want to start from the chart author's normal path, with the inputs recorded.",19,"ClusterRole x7, ClusterRoleBinding x4, Deployment x2, ServiceAccount x2, ConfigMap x1, Role x1, RoleBinding x1, Service x1",8,8 CRDs,1,yes,no,yes,yes,oci://europe-west1-docker.pkg.dev/nth-fort-499605-q5/helm-expt/argo-cd-argo-workflows:1.0.14@sha256:abbebaeccc07e0583c7ccc5ad0c9d315057e6b4c0a766bd72c167ee92d3f160f
argo-cd/argo-workflows,1.0.14,minimal-crds,argo-cd-argo-workflows-1-0-14-minimal-crds,data/confighub-example-guides/spaces/argo-cd-argo-workflows-1-0-14-minimal-crds/README.md,https://confighub.github.io/helm-expt/site/charts/argo-cd-argo-workflows-1-0-14.html,Use this when this package should bring the CRDs needed for the install.,27,"CustomResourceDefinition x8, ClusterRole x7, ClusterRoleBinding x4, Deployment x2, ServiceAccount x2, ConfigMap x1, Role x1, RoleBinding x1",0,none,1,yes,yes,yes,yes,oci://europe-west1-docker.pkg.dev/nth-fort-499605-q5/helm-expt/argo-cd-argo-workflows:1.0.14@sha256:abbebaeccc07e0583c7ccc5ad0c9d315057e6b4c0a766bd72c167ee92d3f160f
argo-cd/argocd-image-updater,1.2.2,default,argo-cd-argocd-image-updater-1-2-2-default,data/confighub-example-guides/spaces/argo-cd-argocd-image-updater-1-2-2-default/README.md,https://confighub.github.io/helm-expt/site/charts/argo-cd-argocd-image-updater-1-2-2.html,"Use this when you want to start from the chart author's normal path, with the inputs recorded.",11,"ConfigMap x2, Role x2, RoleBinding x2, ClusterRole x1, ClusterRoleBinding x1, CustomResourceDefinition x1, Deployment x1, ServiceAccount x1",0,none,0,yes,yes,yes,yes,oci://europe-west1-docker.pkg.dev/nth-fort-499605-q5/helm-expt/argo-cd-argocd-image-updater:1.2.2@sha256:525b479c83d1f34cb049de230d2925bb494437ca0a0aa20c782b29a6baa382fa
autoscaler/cluster-autoscaler,9.57.0,controller-default-reviewed,autoscaler-cluster-autoscaler-9-57-0-controller-default-reviewed,data/confighub-example-guides/spaces/autoscaler-cluster-autoscaler-9-57-0-controller-default-reviewed/README.md,https://confighub.github.io/helm-expt/site/charts/autoscaler-cluster-autoscaler-9-57-0.html,Use this when you want a catalog-reviewed starting configuration instead of the chart's unreviewed default.,8,"ClusterRole x1, ClusterRoleBinding x1, Deployment x1, PodDisruptionBudget x1, Role x1, RoleBinding x1, Service x1, ServiceAccount x1",0,none,0,yes,yes,yes,yes,oci://europe-west1-docker.pkg.dev/nth-fort-499605-q5/helm-expt/autoscaler-cluster-autoscaler:9.57.0@sha256:5eb03d4a705cb819281555c6618a61a42e73cbbacebb0d0604d2c88dfc996fd8
autoscaler/cluster-autoscaler,9.57.0,default,autoscaler-cluster-autoscaler-9-57-0-default,data/confighub-example-guides/spaces/autoscaler-cluster-autoscaler-9-57-0-default/README.md,https://confighub.github.io/helm-expt/site/charts/autoscaler-cluster-autoscaler-9-57-0.html,"Use this when you want to start from the chart author's normal path, with the inputs recorded.",7,"ClusterRole x1, ClusterRoleBinding x1, PodDisruptionBudget x1, Role x1, RoleBinding x1, Service x1, ServiceAccount x1",0,none,0,yes,yes,yes,yes,oci://europe-west1-docker.pkg.dev/nth-fort-499605-q5/helm-expt/autoscaler-cluster-autoscaler:9.57.0@sha256:5eb03d4a705cb819281555c6618a61a42e73cbbacebb0d0604d2c88dfc996fd8
autoscaler/vertical-pod-autoscaler,0.9.0,default,autoscaler-vertical-pod-autoscaler-0-9-0-default,data/confighub-example-guides/spaces/autoscaler-vertical-pod-autoscaler-0-9-0-default/README.md,https://confighub.github.io/helm-expt/site/charts/autoscaler-vertical-pod-autoscaler-0-9-0.html,"Use this when you want to start from the chart author's normal path, with the inputs recorded.",39,"ClusterRole x11, ClusterRoleBinding x11, Deployment x3, PodDisruptionBudget x3, ServiceAccount x3, CustomResourceDefinition x2, Role x2, RoleBinding x2",1,1 Secret,0,yes,yes,yes,yes,oci://europe-west1-docker.pkg.dev/nth-fort-499605-q5/helm-expt/autoscaler-vertical-pod-autoscaler:0.9.0@sha256:1ee72dbefe5df3af05372c9e565302b3dfbdd4f6e91e8f116b2b6042764267e7
autoscaler/vertical-pod-autoscaler,0.9.0,no-crds,autoscaler-vertical-pod-autoscaler-0-9-0-no-crds,data/confighub-example-guides/spaces/autoscaler-vertical-pod-autoscaler-0-9-0-no-crds/README.md,https://confighub.github.io/helm-expt/site/charts/autoscaler-vertical-pod-autoscaler-0-9-0.html,"Use this when your platform, GitOps bootstrap, or another chart owns the CRDs.",37,"ClusterRole x11, ClusterRoleBinding x11, Deployment x3, PodDisruptionBudget x3, ServiceAccount x3, Role x2, RoleBinding x2, MutatingWebhookConfiguration x1",1,1 Secret,0,yes,yes,yes,yes,oci://europe-west1-docker.pkg.dev/nth-fort-499605-q5/helm-expt/autoscaler-vertical-pod-autoscaler:0.9.0@sha256:1ee72dbefe5df3af05372c9e565302b3dfbdd4f6e91e8f116b2b6042764267e7
aws-controllers-k8s/ec2-chart,1.18.4,default,aws-controllers-k8s-ec2-chart-1-18-4-default,data/confighub-example-guides/spaces/aws-controllers-k8s-ec2-chart-1-18-4-default/README.md,https://confighub.github.io/helm-expt/site/charts/aws-controllers-k8s-ec2-chart-1-18-4.html,"Use this when you want to start from the chart author's normal path, with the inputs recorded.",32,"CustomResourceDefinition x22, Role x3, ClusterRole x2, ClusterRoleBinding x2, Deployment x1, RoleBinding x1, ServiceAccount x1",0,none,0,yes,todo,todo,todo,oci://europe-west1-docker.pkg.dev/nth-fort-499605-q5/helm-expt/aws-controllers-k8s-ec2-chart:1.18.4@sha256:40806df17d8ff6732613c13d151c5eff9c1e9551389718a9f3d3dac68d9f3721
aws-controllers-k8s/ec2-chart,1.18.4,eks-inference,aws-controllers-k8s-ec2-chart-1-18-4-eks-inference,data/confighub-example-guides/spaces/aws-controllers-k8s-ec2-chart-1-18-4-eks-inference/README.md,https://confighub.github.io/helm-expt/site/charts/aws-controllers-k8s-ec2-chart-1-18-4.html,ec2-chart eks-inference variant rendered from aws-controllers-k8s/ec2-chart@1.18.4.,32,"CustomResourceDefinition x22, Role x3, ClusterRole x2, ClusterRoleBinding x2, Deployment x1, RoleBinding x1, ServiceAccount x1",1,1 Secret,0,yes,todo,todo,todo,oci://europe-west1-docker.pkg.dev/nth-fort-499605-q5/helm-expt/aws-controllers-k8s-ec2-chart:1.18.4@sha256:40806df17d8ff6732613c13d151c5eff9c1e9551389718a9f3d3dac68d9f3721
aws-controllers-k8s/eks-chart,1.16.3,default,aws-controllers-k8s-eks-chart-1-16-3-default,data/confighub-example-guides/spaces/aws-controllers-k8s-eks-chart-1-16-3-default/README.md,https://confighub.github.io/helm-expt/site/charts/aws-controllers-k8s-eks-chart-1-16-3.html,"Use this when you want to start from the chart author's normal path, with the inputs recorded.",20,"CustomResourceDefinition x10, Role x3, ClusterRole x2, ClusterRoleBinding x2, Deployment x1, RoleBinding x1, ServiceAccount x1",0,none,0,yes,todo,todo,todo,oci://europe-west1-docker.pkg.dev/nth-fort-499605-q5/helm-expt/aws-controllers-k8s-eks-chart:1.16.3@sha256:eb94b9abf66765bdab5f22a07d826f4ef60de76ce241e052d633fc9a512775a4
aws-controllers-k8s/eks-chart,1.16.3,eks-inference,aws-controllers-k8s-eks-chart-1-16-3-eks-inference,data/confighub-example-guides/spaces/aws-controllers-k8s-eks-chart-1-16-3-eks-inference/README.md,https://confighub.github.io/helm-expt/site/charts/aws-controllers-k8s-eks-chart-1-16-3.html,eks-chart eks-inference variant rendered from aws-controllers-k8s/eks-chart@1.16.3.,20,"CustomResourceDefinition x10, Role x3, ClusterRole x2, ClusterRoleBinding x2, Deployment x1, RoleBinding x1, ServiceAccount x1",1,1 Secret,0,yes,todo,todo,todo,oci://europe-west1-docker.pkg.dev/nth-fort-499605-q5/helm-expt/aws-controllers-k8s-eks-chart:1.16.3@sha256:eb94b9abf66765bdab5f22a07d826f4ef60de76ce241e052d633fc9a512775a4
aws-controllers-k8s/iam-chart,1.7.3,default,aws-controllers-k8s-iam-chart-1-7-3-default,data/confighub-example-guides/spaces/aws-controllers-k8s-iam-chart-1-7-3-default/README.md,https://confighub.github.io/helm-expt/site/charts/aws-controllers-k8s-iam-chart-1-7-3.html,"Use this when you want to start from the chart author's normal path, with the inputs recorded.",19,"CustomResourceDefinition x9, Role x3, ClusterRole x2, ClusterRoleBinding x2, Deployment x1, RoleBinding x1, ServiceAccount x1",0,none,0,yes,todo,todo,todo,oci://europe-west1-docker.pkg.dev/nth-fort-499605-q5/helm-expt/aws-controllers-k8s-iam-chart:1.7.3@sha256:bc64855b8024441acf8626c2d586f19661b8750db07eb69064cec52220907aac
aws-controllers-k8s/iam-chart,1.7.3,eks-inference,aws-controllers-k8s-iam-chart-1-7-3-eks-inference,data/confighub-example-guides/spaces/aws-controllers-k8s-iam-chart-1-7-3-eks-inference/README.md,https://confighub.github.io/helm-expt/site/charts/aws-controllers-k8s-iam-chart-1-7-3.html,iam-chart EKS inference (retained values) variant rendered from aws-controllers-k8s/iam-chart@1.7.3.,19,"CustomResourceDefinition x9, Role x3, ClusterRole x2, ClusterRoleBinding x2, Deployment x1, RoleBinding x1, ServiceAccount x1",1,1 Secret,0,yes,todo,todo,todo,oci://europe-west1-docker.pkg.dev/nth-fort-499605-q5/helm-expt/aws-controllers-k8s-iam-chart:1.7.3@sha256:bc64855b8024441acf8626c2d586f19661b8750db07eb69064cec52220907aac
aws-ebs-csi-driver/aws-ebs-csi-driver,2.60.1,default,aws-ebs-csi-driver-aws-ebs-csi-driver-2-60-1-default,data/confighub-example-guides/spaces/aws-ebs-csi-driver-aws-ebs-csi-driver-2-60-1-default/README.md,https://confighub.github.io/helm-expt/site/charts/aws-ebs-csi-driver-aws-ebs-csi-driver-2-60-1.html,"Use this when you want to start from the chart author's normal path, with the inputs recorded.",19,"ClusterRole x5, ClusterRoleBinding x5, DaemonSet x2, ServiceAccount x2, CSIDriver x1, Deployment x1, PodDisruptionBudget x1, Role x1",0,none,0,yes,no,watch,watch,oci://europe-west1-docker.pkg.dev/nth-fort-499605-q5/helm-expt/aws-ebs-csi-driver-aws-ebs-csi-driver:2.60.1@sha256:aa07d92ad91345ba7401a70b82dfdf9d2c9ca22ade4de23db3b370c77a3b88a0
bitnami/apache,11.4.29,default,bitnami-apache-11-4-29-default,data/confighub-example-guides/spaces/bitnami-apache-11-4-29-default/README.md,https://confighub.github.io/helm-expt/site/charts/bitnami-apache-11-4-29.html,"Use this when you want to start from the chart author's normal path, with the inputs recorded.",5,"Deployment x1, NetworkPolicy x1, PodDisruptionBudget x1, Service x1, ServiceAccount x1",0,none,0,yes,no,watch,watch,oci://europe-west1-docker.pkg.dev/nth-fort-499605-q5/helm-expt/bitnami-apache:11.4.29@sha256:077fe56b8b4cc5eb310e9aaa48c5a33ce34c10d8ec54801840e3b965d1bb3f59
bitnami/apache,11.4.29,legacy,bitnami-apache-11-4-29-legacy,data/confighub-example-guides/spaces/bitnami-apache-11-4-29-legacy/README.md,https://confighub.github.io/helm-expt/site/charts/bitnami-apache-11-4-29.html,Use this when this package must use the legacy image location for the chart's containers.,5,"Deployment x1, NetworkPolicy x1, PodDisruptionBudget x1, Service x1, ServiceAccount x1",0,none,0,yes,yes,watch,watch,oci://europe-west1-docker.pkg.dev/nth-fort-499605-q5/helm-expt/bitnami-apache:11.4.29@sha256:077fe56b8b4cc5eb310e9aaa48c5a33ce34c10d8ec54801840e3b965d1bb3f59
bitnami/contour,21.1.4,default,bitnami-contour-21-1-4-default,data/confighub-example-guides/spaces/bitnami-contour-21-1-4-default/README.md,https://confighub.github.io/helm-expt/site/charts/bitnami-contour-21-1-4.html,"Use this when you want to start from the chart author's normal path, with the inputs recorded.",20,"CustomResourceDefinition x5, NetworkPolicy x3, Service x2, ServiceAccount x2, ClusterRole x1, ClusterRoleBinding x1, ConfigMap x1, DaemonSet x1",2,2 Secrets,0,yes,no,watch,watch,oci://europe-west1-docker.pkg.dev/nth-fort-499605-q5/helm-expt/bitnami-contour:21.1.4@sha256:3afcba580f100c30273c3cc718ce0fe51aa1c0dd351a94cdb449a080be89ba2e
bitnami/contour,21.1.4,legacy,bitnami-contour-21-1-4-legacy,data/confighub-example-guides/spaces/bitnami-contour-21-1-4-legacy/README.md,https://confighub.github.io/helm-expt/site/charts/bitnami-contour-21-1-4.html,Use this when this package must use the legacy image location for the chart's containers.,20,"CustomResourceDefinition x5, NetworkPolicy x3, Service x2, ServiceAccount x2, ClusterRole x1, ClusterRoleBinding x1, ConfigMap x1, DaemonSet x1",2,2 Secrets,1,yes,no,watch,watch,oci://europe-west1-docker.pkg.dev/nth-fort-499605-q5/helm-expt/bitnami-contour:21.1.4@sha256:3afcba580f100c30273c3cc718ce0fe51aa1c0dd351a94cdb449a080be89ba2e
bitnami/contour,21.1.4,no-crds,bitnami-contour-21-1-4-no-crds,data/confighub-example-guides/spaces/bitnami-contour-21-1-4-no-crds/README.md,https://confighub.github.io/helm-expt/site/charts/bitnami-contour-21-1-4.html,"Use this when your platform, GitOps bootstrap, or another chart owns the CRDs.",15,"NetworkPolicy x3, Service x2, ServiceAccount x2, ClusterRole x1, ClusterRoleBinding x1, ConfigMap x1, DaemonSet x1, Deployment x1",2,2 Secrets,0,yes,no,watch,watch,oci://europe-west1-docker.pkg.dev/nth-fort-499605-q5/helm-expt/bitnami-contour:21.1.4@sha256:3afcba580f100c30273c3cc718ce0fe51aa1c0dd351a94cdb449a080be89ba2e
bitnami/elasticsearch,22.1.6,default,bitnami-elasticsearch-22-1-6-default,data/confighub-example-guides/spaces/bitnami-elasticsearch-22-1-6-default/README.md,https://confighub.github.io/helm-expt/site/charts/bitnami-elasticsearch-22-1-6.html,"Use this when you want to start from the chart author's normal path, with the inputs recorded.",21,"Service x5, NetworkPolicy x4, PodDisruptionBudget x4, ServiceAccount x4, StatefulSet x4",0,none,0,yes,no,watch,watch,oci://europe-west1-docker.pkg.dev/nth-fort-499605-q5/helm-expt/bitnami-elasticsearch:22.1.6@sha256:8732b35275c000b5df0e1a57907a46ffa6c15c3ecbc081cdbc12e12d321e3719
bitnami/elasticsearch,22.1.6,ha,bitnami-elasticsearch-22-1-6-ha,data/confighub-example-guides/spaces/bitnami-elasticsearch-22-1-6-ha/README.md,https://confighub.github.io/helm-expt/site/charts/bitnami-elasticsearch-22-1-6.html,Use this when you want the catalog's reviewed high-availability configuration.,21,"Service x5, NetworkPolicy x4, PodDisruptionBudget x4, ServiceAccount x4, StatefulSet x4",0,none,0,yes,no,watch,watch,oci://europe-west1-docker.pkg.dev/nth-fort-499605-q5/helm-expt/bitnami-elasticsearch:22.1.6@sha256:8732b35275c000b5df0e1a57907a46ffa6c15c3ecbc081cdbc12e12d321e3719
bitnami/elasticsearch,22.1.6,legacy,bitnami-elasticsearch-22-1-6-legacy,data/confighub-example-guides/spaces/bitnami-elasticsearch-22-1-6-legacy/README.md,https://confighub.github.io/helm-expt/site/charts/bitnami-elasticsearch-22-1-6.html,Use this when this package must use the legacy image location for the chart's containers.,21,"Service x5, NetworkPolicy x4, PodDisruptionBudget x4, ServiceAccount x4, StatefulSet x4",0,none,0,yes,yes,watch,watch,oci://europe-west1-docker.pkg.dev/nth-fort-499605-q5/helm-expt/bitnami-elasticsearch:22.1.6@sha256:8732b35275c000b5df0e1a57907a46ffa6c15c3ecbc081cdbc12e12d321e3719
bitnami/memcached,8.5.5,default,bitnami-memcached-8-5-5-default,data/confighub-example-guides/spaces/bitnami-memcached-8-5-5-default/README.md,https://confighub.github.io/helm-expt/site/charts/bitnami-memcached-8-5-5.html,"Use this when you want to start from the chart author's normal path, with the inputs recorded.",5,"Deployment x1, NetworkPolicy x1, PodDisruptionBudget x1, Service x1, ServiceAccount x1",0,none,0,yes,yes,yes,yes,oci://europe-west1-docker.pkg.dev/nth-fort-499605-q5/helm-expt/bitnami-memcached:8.5.5@sha256:52e3841ddc88cb3b0577c50d7f87bb8b6727c3193d5da524472732df205476b4
bitnami/mongodb,19.0.7,existing-secret-replicaset,bitnami-mongodb-19-0-7-existing-secret-replicaset,data/confighub-example-guides/spaces/bitnami-mongodb-19-0-7-existing-secret-replicaset/README.md,https://confighub.github.io/helm-expt/site/charts/bitnami-mongodb-19-0-7.html,"Use this when secret material should come from a Secret you create, not from a generated chart default.",10,"ConfigMap x2, PodDisruptionBudget x2, Service x2, StatefulSet x2, NetworkPolicy x1, ServiceAccount x1",1,1 Secret,0,yes,yes,yes,yes,oci://europe-west1-docker.pkg.dev/nth-fort-499605-q5/helm-expt/bitnami-mongodb:19.0.7@sha256:1cf506fe86a28ec2fe06badacd29ee69e35747d2a228f040af432ea3c6f65c35
bitnami/mongodb,19.0.7,static-passwords,bitnami-mongodb-19-0-7-static-passwords,data/confighub-example-guides/spaces/bitnami-mongodb-19-0-7-static-passwords/README.md,https://confighub.github.io/helm-expt/site/charts/bitnami-mongodb-19-0-7.html,Use this only to inspect and compare the fixed shared password. Do not use it as a production starting configuration.,8,"ConfigMap x1, Deployment x1, NetworkPolicy x1, PersistentVolumeClaim x1, PodDisruptionBudget x1, Secret x1, Service x1, ServiceAccount x1",0,none,0,yes,yes,yes,yes,oci://europe-west1-docker.pkg.dev/nth-fort-499605-q5/helm-expt/bitnami-mongodb:19.0.7@sha256:1cf506fe86a28ec2fe06badacd29ee69e35747d2a228f040af432ea3c6f65c35
bitnami/mysql,14.0.3,existing-secret,bitnami-mysql-14-0-3-existing-secret,data/confighub-example-guides/spaces/bitnami-mysql-14-0-3-existing-secret/README.md,https://confighub.github.io/helm-expt/site/charts/bitnami-mysql-14-0-3.html,"Use this when secret material should come from a Secret you create, not from a generated chart default.",7,"Service x2, ConfigMap x1, NetworkPolicy x1, PodDisruptionBudget x1, ServiceAccount x1, StatefulSet x1",1,1 Secret,0,yes,yes,yes,yes,oci://europe-west1-docker.pkg.dev/nth-fort-499605-q5/helm-expt/bitnami-mysql:14.0.3@sha256:d6f28a53019fe3768773ec9e58210ed5ba160f3338cb9ae746343cf47dc1c884
bitnami/mysql,14.0.3,static-passwords,bitnami-mysql-14-0-3-static-passwords,data/confighub-example-guides/spaces/bitnami-mysql-14-0-3-static-passwords/README.md,https://confighub.github.io/helm-expt/site/charts/bitnami-mysql-14-0-3.html,Use this only to inspect and compare the fixed shared password. Do not use it as a production starting configuration.,8,"Service x2, ConfigMap x1, NetworkPolicy x1, PodDisruptionBudget x1, Secret x1, ServiceAccount x1, StatefulSet x1",0,none,0,yes,yes,yes,yes,oci://europe-west1-docker.pkg.dev/nth-fort-499605-q5/helm-expt/bitnami-mysql:14.0.3@sha256:d6f28a53019fe3768773ec9e58210ed5ba160f3338cb9ae746343cf47dc1c884
bitnami/nginx,24.0.2,existing-tls-ingress,bitnami-nginx-24-0-2-existing-tls-ingress,data/confighub-example-guides/spaces/bitnami-nginx-24-0-2-existing-tls-ingress/README.md,https://confighub.github.io/helm-expt/site/charts/bitnami-nginx-24-0-2.html,"Use this when service exposure, TLS, or ingress ownership is the important operating choice.",6,"Deployment x1, Ingress x1, NetworkPolicy x1, PodDisruptionBudget x1, Service x1, ServiceAccount x1",2,2 Secrets,0,yes,yes,yes,yes,oci://europe-west1-docker.pkg.dev/nth-fort-499605-q5/helm-expt/bitnami-nginx:24.0.2@sha256:7cf08c0348a32d577ffa0e16069ec6c2510ce773b372008d25b938f9546c5f67
bitnami/nginx,24.0.2,http-clusterip,bitnami-nginx-24-0-2-http-clusterip,data/confighub-example-guides/spaces/bitnami-nginx-24-0-2-http-clusterip/README.md,https://confighub.github.io/helm-expt/site/charts/bitnami-nginx-24-0-2.html,Use this when the service should stay inside the cluster or platform network.,5,"Deployment x1, NetworkPolicy x1, PodDisruptionBudget x1, Service x1, ServiceAccount x1",0,none,0,yes,yes,yes,yes,oci://europe-west1-docker.pkg.dev/nth-fort-499605-q5/helm-expt/bitnami-nginx:24.0.2@sha256:7cf08c0348a32d577ffa0e16069ec6c2510ce773b372008d25b938f9546c5f67
bitnami/opensearch,2.0.10,default,bitnami-opensearch-2-0-10-default,data/confighub-example-guides/spaces/bitnami-opensearch-2-0-10-default/README.md,https://confighub.github.io/helm-expt/site/charts/bitnami-opensearch-2-0-10.html,"Use this when you want to start from the chart author's normal path, with the inputs recorded.",18,"NetworkPolicy x5, Service x5, PodDisruptionBudget x4, StatefulSet x4",0,none,0,yes,no,watch,watch,oci://europe-west1-docker.pkg.dev/nth-fort-499605-q5/helm-expt/bitnami-opensearch:2.0.10@sha256:3334c0f8f9ec8db8de4c35b946912dfd9a0822e8b640b62f60da6b8714be79d0
bitnami/opensearch,2.0.10,ha,bitnami-opensearch-2-0-10-ha,data/confighub-example-guides/spaces/bitnami-opensearch-2-0-10-ha/README.md,https://confighub.github.io/helm-expt/site/charts/bitnami-opensearch-2-0-10.html,Use this when you want the catalog's reviewed high-availability configuration.,18,"NetworkPolicy x5, Service x5, PodDisruptionBudget x4, StatefulSet x4",0,none,0,yes,no,watch,watch,oci://europe-west1-docker.pkg.dev/nth-fort-499605-q5/helm-expt/bitnami-opensearch:2.0.10@sha256:3334c0f8f9ec8db8de4c35b946912dfd9a0822e8b640b62f60da6b8714be79d0
bitnami/opensearch,2.0.10,legacy,bitnami-opensearch-2-0-10-legacy,data/confighub-example-guides/spaces/bitnami-opensearch-2-0-10-legacy/README.md,https://confighub.github.io/helm-expt/site/charts/bitnami-opensearch-2-0-10.html,Use this when this package must use the legacy image location for the chart's containers.,18,"NetworkPolicy x5, Service x5, PodDisruptionBudget x4, StatefulSet x4",0,none,0,yes,yes,watch,watch,oci://europe-west1-docker.pkg.dev/nth-fort-499605-q5/helm-expt/bitnami-opensearch:2.0.10@sha256:3334c0f8f9ec8db8de4c35b946912dfd9a0822e8b640b62f60da6b8714be79d0
bitnami/phpmyadmin,20.0.0,default,bitnami-phpmyadmin-20-0-0-default,data/confighub-example-guides/spaces/bitnami-phpmyadmin-20-0-0-default/README.md,https://confighub.github.io/helm-expt/site/charts/bitnami-phpmyadmin-20-0-0.html,"Use this when you want to start from the chart author's normal path, with the inputs recorded.",5,"Deployment x1, NetworkPolicy x1, PodDisruptionBudget x1, Service x1, ServiceAccount x1",0,none,0,yes,no,watch,watch,oci://europe-west1-docker.pkg.dev/nth-fort-499605-q5/helm-expt/bitnami-phpmyadmin:20.0.0@sha256:920d98ee4cb958782095688f69a573134ae55cdef731b3c8fa96e859fd59c06b
bitnami/phpmyadmin,20.0.0,legacy,bitnami-phpmyadmin-20-0-0-legacy,data/confighub-example-guides/spaces/bitnami-phpmyadmin-20-0-0-legacy/README.md,https://confighub.github.io/helm-expt/site/charts/bitnami-phpmyadmin-20-0-0.html,Use this when this package must use the legacy image location for the chart's containers.,5,"Deployment x1, NetworkPolicy x1, PodDisruptionBudget x1, Service x1, ServiceAccount x1",0,none,0,yes,yes,watch,watch,oci://europe-west1-docker.pkg.dev/nth-fort-499605-q5/helm-expt/bitnami-phpmyadmin:20.0.0@sha256:920d98ee4cb958782095688f69a573134ae55cdef731b3c8fa96e859fd59c06b
bitnami/postgresql,18.6.7,existing-secret,bitnami-postgresql-18-6-7-existing-secret,data/confighub-example-guides/spaces/bitnami-postgresql-18-6-7-existing-secret/README.md,https://confighub.github.io/helm-expt/site/charts/bitnami-postgresql-18-6-7.html,"Use this when secret material should come from a Secret you create, not from a generated chart default.",6,"Service x2, NetworkPolicy x1, PodDisruptionBudget x1, ServiceAccount x1, StatefulSet x1",1,1 Secret,0,yes,yes,yes,yes,oci://europe-west1-docker.pkg.dev/nth-fort-499605-q5/helm-expt/bitnami-postgresql:18.6.7@sha256:fccd0da443cb3d0360e6a15f6ada67162f04261da38a071eaad2e97786b307d8
bitnami/postgresql,18.6.7,static-passwords,bitnami-postgresql-18-6-7-static-passwords,data/confighub-example-guides/spaces/bitnami-postgresql-18-6-7-static-passwords/README.md,https://confighub.github.io/helm-expt/site/charts/bitnami-postgresql-18-6-7.html,Use this only to inspect and compare the fixed shared password. Do not use it as a production starting configuration.,7,"Service x2, NetworkPolicy x1, PodDisruptionBudget x1, Secret x1, ServiceAccount x1, StatefulSet x1",0,none,0,yes,yes,yes,yes,oci://europe-west1-docker.pkg.dev/nth-fort-499605-q5/helm-expt/bitnami-postgresql:18.6.7@sha256:fccd0da443cb3d0360e6a15f6ada67162f04261da38a071eaad2e97786b307d8
bitnami/rabbitmq,16.0.14,existing-secret,bitnami-rabbitmq-16-0-14-existing-secret,data/confighub-example-guides/spaces/bitnami-rabbitmq-16-0-14-existing-secret/README.md,https://confighub.github.io/helm-expt/site/charts/bitnami-rabbitmq-16-0-14.html,"Use this when secret material should come from a Secret you create, not from a generated chart default.",9,"Service x2, NetworkPolicy x1, PodDisruptionBudget x1, Role x1, RoleBinding x1, Secret x1, ServiceAccount x1, StatefulSet x1",2,2 Secrets,0,yes,yes,yes,yes,oci://europe-west1-docker.pkg.dev/nth-fort-499605-q5/helm-expt/bitnami-rabbitmq:16.0.14@sha256:fbdec937aa01df18d8cedc10a9dbd9b76f78cb209de1e6133f2118e92930fba9
bitnami/rabbitmq,16.0.14,static-passwords,bitnami-rabbitmq-16-0-14-static-passwords,data/confighub-example-guides/spaces/bitnami-rabbitmq-16-0-14-static-passwords/README.md,https://confighub.github.io/helm-expt/site/charts/bitnami-rabbitmq-16-0-14.html,Use this only to inspect and compare the fixed shared password. Do not use it as a production starting configuration.,10,"Secret x2, Service x2, NetworkPolicy x1, PodDisruptionBudget x1, Role x1, RoleBinding x1, ServiceAccount x1, StatefulSet x1",0,none,0,yes,yes,yes,yes,oci://europe-west1-docker.pkg.dev/nth-fort-499605-q5/helm-expt/bitnami-rabbitmq:16.0.14@sha256:fbdec937aa01df18d8cedc10a9dbd9b76f78cb209de1e6133f2118e92930fba9
bitnami/redis,25.5.3,default,bitnami-redis-25-5-3-default,data/confighub-example-guides/spaces/bitnami-redis-25-5-3-default/README.md,https://confighub.github.io/helm-expt/site/charts/bitnami-redis-25-5-3.html,"Use this when you want to start from the chart author's normal path, with the inputs recorded.",14,"ConfigMap x3, Service x3, PodDisruptionBudget x2, ServiceAccount x2, StatefulSet x2, NetworkPolicy x1, Secret x1",0,none,0,yes,yes,yes,yes,oci://europe-west1-docker.pkg.dev/nth-fort-499605-q5/helm-expt/bitnami-redis:25.5.3@sha256:a216ce212424e05b341ef5000f1798e6014b72b8bc3dce9f315285871037af2a
bitnami/redis,25.5.3,reuse-existing-secret,bitnami-redis-25-5-3-reuse-existing-secret,data/confighub-example-guides/spaces/bitnami-redis-25-5-3-reuse-existing-secret/README.md,https://confighub.github.io/helm-expt/site/charts/bitnami-redis-25-5-3.html,"Use this when secret material should come from a Secret you create, not from a generated chart default.",13,"ConfigMap x3, Service x3, PodDisruptionBudget x2, ServiceAccount x2, StatefulSet x2, NetworkPolicy x1",1,1 Secret,0,yes,yes,yes,yes,oci://europe-west1-docker.pkg.dev/nth-fort-499605-q5/helm-expt/bitnami-redis:25.5.3@sha256:a216ce212424e05b341ef5000f1798e6014b72b8bc3dce9f315285871037af2a
bitnami/spark,10.0.3,default,bitnami-spark-10-0-3-default,data/confighub-example-guides/spaces/bitnami-spark-10-0-3-default/README.md,https://confighub.github.io/helm-expt/site/charts/bitnami-spark-10-0-3.html,"Use this when you want to start from the chart author's normal path, with the inputs recorded.",10,"NetworkPolicy x2, PodDisruptionBudget x2, Service x2, StatefulSet x2, Secret x1, ServiceAccount x1",0,none,0,yes,no,watch,watch,oci://europe-west1-docker.pkg.dev/nth-fort-499605-q5/helm-expt/bitnami-spark:10.0.3@sha256:2a4082e995d3f9a1573a9db34b55487982a621afbdf6c45bc58ab12666a6b0a8
bitnami/spark,10.0.3,ha,bitnami-spark-10-0-3-ha,data/confighub-example-guides/spaces/bitnami-spark-10-0-3-ha/README.md,https://confighub.github.io/helm-expt/site/charts/bitnami-spark-10-0-3.html,Use this when you want the catalog's reviewed high-availability configuration.,10,"NetworkPolicy x2, PodDisruptionBudget x2, Service x2, StatefulSet x2, Secret x1, ServiceAccount x1",0,none,0,yes,no,watch,watch,oci://europe-west1-docker.pkg.dev/nth-fort-499605-q5/helm-expt/bitnami-spark:10.0.3@sha256:2a4082e995d3f9a1573a9db34b55487982a621afbdf6c45bc58ab12666a6b0a8
bitnami/spark,10.0.3,legacy,bitnami-spark-10-0-3-legacy,data/confighub-example-guides/spaces/bitnami-spark-10-0-3-legacy/README.md,https://confighub.github.io/helm-expt/site/charts/bitnami-spark-10-0-3.html,Use this when this package must use the legacy image location for the chart's containers.,10,"NetworkPolicy x2, PodDisruptionBudget x2, Service x2, StatefulSet x2, Secret x1, ServiceAccount x1",0,none,0,yes,yes,watch,watch,oci://europe-west1-docker.pkg.dev/nth-fort-499605-q5/helm-expt/bitnami-spark:10.0.3@sha256:2a4082e995d3f9a1573a9db34b55487982a621afbdf6c45bc58ab12666a6b0a8
bitnami/zookeeper,13.8.7,default,bitnami-zookeeper-13-8-7-default,data/confighub-example-guides/spaces/bitnami-zookeeper-13-8-7-default/README.md,https://confighub.github.io/helm-expt/site/charts/bitnami-zookeeper-13-8-7.html,"Use this when you want to start from the chart author's normal path, with the inputs recorded.",7,"Service x2, ConfigMap x1, NetworkPolicy x1, PodDisruptionBudget x1, ServiceAccount x1, StatefulSet x1",0,none,0,yes,no,watch,watch,oci://europe-west1-docker.pkg.dev/nth-fort-499605-q5/helm-expt/bitnami-zookeeper:13.8.7@sha256:bdae202754e9af6bf276216c3002b4bae869988024ef8db33e792b90fa7bb5c0
bitnami/zookeeper,13.8.7,ha,bitnami-zookeeper-13-8-7-ha,data/confighub-example-guides/spaces/bitnami-zookeeper-13-8-7-ha/README.md,https://confighub.github.io/helm-expt/site/charts/bitnami-zookeeper-13-8-7.html,Use this when you want the catalog's reviewed high-availability configuration.,7,"Service x2, ConfigMap x1, NetworkPolicy x1, PodDisruptionBudget x1, ServiceAccount x1, StatefulSet x1",0,none,0,yes,no,watch,watch,oci://europe-west1-docker.pkg.dev/nth-fort-499605-q5/helm-expt/bitnami-zookeeper:13.8.7@sha256:bdae202754e9af6bf276216c3002b4bae869988024ef8db33e792b90fa7bb5c0
bitnami/zookeeper,13.8.7,legacy,bitnami-zookeeper-13-8-7-legacy,data/confighub-example-guides/spaces/bitnami-zookeeper-13-8-7-legacy/README.md,https://confighub.github.io/helm-expt/site/charts/bitnami-zookeeper-13-8-7.html,Use this when this package must use the legacy image location for the chart's containers.,7,"Service x2, ConfigMap x1, NetworkPolicy x1, PodDisruptionBudget x1, ServiceAccount x1, StatefulSet x1",0,none,0,yes,yes,watch,watch,oci://europe-west1-docker.pkg.dev/nth-fort-499605-q5/helm-expt/bitnami-zookeeper:13.8.7@sha256:bdae202754e9af6bf276216c3002b4bae869988024ef8db33e792b90fa7bb5c0
cloudnative-pg/cloudnative-pg,0.28.2,default,cloudnative-pg-cloudnative-pg-0-28-2-default,data/confighub-example-guides/spaces/cloudnative-pg-cloudnative-pg-0-28-2-default/README.md,https://confighub.github.io/helm-expt/site/charts/cloudnative-pg-cloudnative-pg-0-28-2.html,"Use this when you want to start from the chart author's normal path, with the inputs recorded.",21,"CustomResourceDefinition x10, ClusterRole x3, ConfigMap x2, ClusterRoleBinding x1, Deployment x1, MutatingWebhookConfiguration x1, Service x1, ServiceAccount x1",0,none,0,yes,yes,yes,yes,oci://europe-west1-docker.pkg.dev/nth-fort-499605-q5/helm-expt/cloudnative-pg-cloudnative-pg:0.28.2@sha256:30cfcee4ff1d5467c4df45d8223d2b98e9a8d316fa5ec9978533d9ffdcff8dc2
cloudnative-pg/cloudnative-pg,0.28.2,no-crds,cloudnative-pg-cloudnative-pg-0-28-2-no-crds,data/confighub-example-guides/spaces/cloudnative-pg-cloudnative-pg-0-28-2-no-crds/README.md,https://confighub.github.io/helm-expt/site/charts/cloudnative-pg-cloudnative-pg-0-28-2.html,"Use this when your platform, GitOps bootstrap, or another chart owns the CRDs.",11,"ClusterRole x3, ConfigMap x2, ClusterRoleBinding x1, Deployment x1, MutatingWebhookConfiguration x1, Service x1, ServiceAccount x1, ValidatingWebhookConfiguration x1",11,"10 CRDs, 1 Secret",0,yes,no,yes,yes,oci://europe-west1-docker.pkg.dev/nth-fort-499605-q5/helm-expt/cloudnative-pg-cloudnative-pg:0.28.2@sha256:30cfcee4ff1d5467c4df45d8223d2b98e9a8d316fa5ec9978533d9ffdcff8dc2
cloudpirates/nginx,0.16.1,default,cloudpirates-nginx-0-16-1-default,data/confighub-example-guides/spaces/cloudpirates-nginx-0-16-1-default/README.md,https://confighub.github.io/helm-expt/site/charts/cloudpirates-nginx-0-16-1.html,"Use this when you want to start from the chart author's normal path, with the inputs recorded.",3,"Deployment x1, Service x1, ServiceAccount x1",0,none,0,yes,todo,todo,todo,oci://europe-west1-docker.pkg.dev/nth-fort-499605-q5/helm-expt/cloudpirates-nginx:0.16.1@sha256:1a036db1dcd66cd0a75e8496bd0310d853b98b4e5c16103956de5e620909b183
cloudpirates/rabbitmq,0.21.13,default,cloudpirates-rabbitmq-0-21-13-default,data/confighub-example-guides/spaces/cloudpirates-rabbitmq-0-21-13-default/README.md,https://confighub.github.io/helm-expt/site/charts/cloudpirates-rabbitmq-0-21-13.html,"Use this when you want to start from the chart author's normal path, with the inputs recorded.",5,"Service x2, ConfigMap x1, Secret x1, StatefulSet x1",0,none,0,yes,todo,todo,todo,oci://europe-west1-docker.pkg.dev/nth-fort-499605-q5/helm-expt/cloudpirates-rabbitmq:0.21.13@sha256:76f078d77d8b5b713c03d7515504dae9f24c2b5679a9b755fe85ef22920a119f
cloudpirates/redis,0.34.11,default,cloudpirates-redis-0-34-11-default,data/confighub-example-guides/spaces/cloudpirates-redis-0-34-11-default/README.md,https://confighub.github.io/helm-expt/site/charts/cloudpirates-redis-0-34-11.html,"Use this when you want to start from the chart author's normal path, with the inputs recorded.",5,"Service x2, ConfigMap x1, Secret x1, StatefulSet x1",0,none,0,yes,todo,todo,todo,oci://europe-west1-docker.pkg.dev/nth-fort-499605-q5/helm-expt/cloudpirates-redis:0.34.11@sha256:29a96a9f6b3e2cedfe30cefe20c51e46cbcb1e363c69c45c58f9118530099333
coredns/coredns,1.45.2,default,coredns-coredns-1-45-2-default,data/confighub-example-guides/spaces/coredns-coredns-1-45-2-default/README.md,https://confighub.github.io/helm-expt/site/charts/coredns-coredns-1-45-2.html,"Use this when you want to start from the chart author's normal path, with the inputs recorded.",5,"ClusterRole x1, ClusterRoleBinding x1, ConfigMap x1, Deployment x1, Service x1",0,none,0,yes,yes,yes,yes,oci://europe-west1-docker.pkg.dev/nth-fort-499605-q5/helm-expt/coredns-coredns:1.45.2@sha256:2e99a7e9923a5365c803e3ffaede5b97731ac209423d8572f4d373274f4b31bc
crossplane-stable/crossplane,2.3.1,default,crossplane-stable-crossplane-2-3-1-default,data/confighub-example-guides/spaces/crossplane-stable-crossplane-2-3-1-default/README.md,https://confighub.github.io/helm-expt/site/charts/crossplane-stable-crossplane-2-3-1.html,"Use this when you want to start from the chart author's normal path, with the inputs recorded.",23,"ClusterRole x12, ClusterRoleBinding x3, Secret x3, Deployment x2, ServiceAccount x2, Service x1",0,none,0,yes,yes,yes,yes,oci://europe-west1-docker.pkg.dev/nth-fort-499605-q5/helm-expt/crossplane-stable-crossplane:2.3.1@sha256:fe65a685251072dfacd02537aaea511371f70117324c5c6151bceb919756a616
descheduler/descheduler,0.36.0,default,descheduler-descheduler-0-36-0-default,data/confighub-example-guides/spaces/descheduler-descheduler-0-36-0-default/README.md,https://confighub.github.io/helm-expt/site/charts/descheduler-descheduler-0-36-0.html,"Use this when you want to start from the chart author's normal path, with the inputs recorded.",5,"ClusterRole x1, ClusterRoleBinding x1, ConfigMap x1, CronJob x1, ServiceAccount x1",0,none,0,yes,yes,yes,yes,oci://europe-west1-docker.pkg.dev/nth-fort-499605-q5/helm-expt/descheduler-descheduler:0.36.0@sha256:3d1b7443b1e8ea2d011c2d1791a7ab984f848c70157aed1ef15b2562a11416d2
dex/dex,0.24.0,default,dex-dex-0-24-0-default,data/confighub-example-guides/spaces/dex-dex-0-24-0-default/README.md,https://confighub.github.io/helm-expt/site/charts/dex-dex-0-24-0.html,"Use this when you want to start from the chart author's normal path, with the inputs recorded.",8,"ClusterRole x1, ClusterRoleBinding x1, Deployment x1, Role x1, RoleBinding x1, Secret x1, Service x1, ServiceAccount x1",0,none,0,yes,no,watch,watch,oci://europe-west1-docker.pkg.dev/nth-fort-499605-q5/helm-expt/dex-dex:0.24.0@sha256:0e2e1b873d9ce8f43b51023f3fe28131b3a021b7718e57d6250462421245793f
elastic/eck-operator,3.4.0,default,elastic-eck-operator-3-4-0-default,data/confighub-example-guides/spaces/elastic-eck-operator-3-4-0-default/README.md,https://confighub.github.io/helm-expt/site/charts/elastic-eck-operator-3-4-0.html,"Use this when you want to start from the chart author's normal path, with the inputs recorded.",22,"CustomResourceDefinition x12, ClusterRole x3, ClusterRoleBinding x1, ConfigMap x1, Secret x1, Service x1, ServiceAccount x1, StatefulSet x1",0,none,0,yes,yes,yes,yes,oci://europe-west1-docker.pkg.dev/nth-fort-499605-q5/helm-expt/elastic-eck-operator:3.4.0@sha256:267c9f2d73b62188edc6f1ef32891327bd3d69a6386d997309c3b5dcccacba0a
elastic/eck-operator,3.4.0,ha,elastic-eck-operator-3-4-0-ha,data/confighub-example-guides/spaces/elastic-eck-operator-3-4-0-ha/README.md,https://confighub.github.io/helm-expt/site/charts/elastic-eck-operator-3-4-0.html,Use this when you want the catalog's reviewed high-availability configuration.,22,"CustomResourceDefinition x12, ClusterRole x3, ClusterRoleBinding x1, ConfigMap x1, Secret x1, Service x1, ServiceAccount x1, StatefulSet x1",0,none,0,yes,yes,yes,yes,oci://europe-west1-docker.pkg.dev/nth-fort-499605-q5/helm-expt/elastic-eck-operator:3.4.0@sha256:267c9f2d73b62188edc6f1ef32891327bd3d69a6386d997309c3b5dcccacba0a
elastic/eck-operator,3.4.0,no-crds,elastic-eck-operator-3-4-0-no-crds,data/confighub-example-guides/spaces/elastic-eck-operator-3-4-0-no-crds/README.md,https://confighub.github.io/helm-expt/site/charts/elastic-eck-operator-3-4-0.html,"Use this when your platform, GitOps bootstrap, or another chart owns the CRDs.",10,"ClusterRole x3, ClusterRoleBinding x1, ConfigMap x1, Secret x1, Service x1, ServiceAccount x1, StatefulSet x1, ValidatingWebhookConfiguration x1",0,none,0,yes,yes,yes,yes,oci://europe-west1-docker.pkg.dev/nth-fort-499605-q5/helm-expt/elastic-eck-operator:3.4.0@sha256:267c9f2d73b62188edc6f1ef32891327bd3d69a6386d997309c3b5dcccacba0a
elastic/filebeat,8.5.1,default,elastic-filebeat-8-5-1-default,data/confighub-example-guides/spaces/elastic-filebeat-8-5-1-default/README.md,https://confighub.github.io/helm-expt/site/charts/elastic-filebeat-8-5-1.html,"Use this when you want to start from the chart author's normal path, with the inputs recorded.",7,"ClusterRole x1, ClusterRoleBinding x1, ConfigMap x1, DaemonSet x1, Role x1, RoleBinding x1, ServiceAccount x1",2,2 Secrets,0,yes,no,watch,watch,oci://europe-west1-docker.pkg.dev/nth-fort-499605-q5/helm-expt/elastic-filebeat:8.5.1@sha256:16db362566c51934e9807a7f2f2f57dfc20df88318658f5e7106d0f45bca2e47
elastic/filebeat,8.5.1,node-or-cluster-collector,elastic-filebeat-8-5-1-node-or-cluster-collector,data/confighub-example-guides/spaces/elastic-filebeat-8-5-1-node-or-cluster-collector/README.md,https://confighub.github.io/helm-expt/site/charts/elastic-filebeat-8-5-1.html,Use this when you need a node or cluster collector.,7,"ClusterRole x1, ClusterRoleBinding x1, ConfigMap x1, DaemonSet x1, Role x1, RoleBinding x1, ServiceAccount x1",2,2 Secrets,0,yes,no,watch,watch,oci://europe-west1-docker.pkg.dev/nth-fort-499605-q5/helm-expt/elastic-filebeat:8.5.1@sha256:16db362566c51934e9807a7f2f2f57dfc20df88318658f5e7106d0f45bca2e47
elastic/kibana,8.5.1,default,elastic-kibana-8-5-1-default,data/confighub-example-guides/spaces/elastic-kibana-8-5-1-default/README.md,https://confighub.github.io/helm-expt/site/charts/elastic-kibana-8-5-1.html,"Use this when you want to start from the chart author's normal path, with the inputs recorded.",2,"Deployment x1, Service x1",0,none,0,yes,no,watch,watch,oci://europe-west1-docker.pkg.dev/nth-fort-499605-q5/helm-expt/elastic-kibana:8.5.1@sha256:ad45602eaac23f5e9ec2ebef4c00f9cf7a99dee5173755234f598b22df30c9a6
elastic/logstash,8.5.1,default,elastic-logstash-8-5-1-default,data/confighub-example-guides/spaces/elastic-logstash-8-5-1-default/README.md,https://confighub.github.io/helm-expt/site/charts/elastic-logstash-8-5-1.html,"Use this when you want to start from the chart author's normal path, with the inputs recorded.",3,"PodDisruptionBudget x1, Service x1, StatefulSet x1",0,none,0,yes,yes,yes,yes,oci://europe-west1-docker.pkg.dev/nth-fort-499605-q5/helm-expt/elastic-logstash:8.5.1@sha256:fd909b18b84b947213f291f209e93f75dcd94dc25324a28211b2afd8960895b3
elastic/logstash,8.5.1,ha,elastic-logstash-8-5-1-ha,data/confighub-example-guides/spaces/elastic-logstash-8-5-1-ha/README.md,https://confighub.github.io/helm-expt/site/charts/elastic-logstash-8-5-1.html,Use this when you want the catalog's reviewed high-availability configuration.,3,"PodDisruptionBudget x1, Service x1, StatefulSet x1",1,1 other item,0,yes,no,yes,yes,oci://europe-west1-docker.pkg.dev/nth-fort-499605-q5/helm-expt/elastic-logstash:8.5.1@sha256:fd909b18b84b947213f291f209e93f75dcd94dc25324a28211b2afd8960895b3
elastic/metricbeat,8.5.1,default,elastic-metricbeat-8-5-1-default,data/confighub-example-guides/spaces/elastic-metricbeat-8-5-1-default/README.md,https://confighub.github.io/helm-expt/site/charts/elastic-metricbeat-8-5-1.html,"Use this when you want to start from the chart author's normal path, with the inputs recorded.",14,"ClusterRole x2, ClusterRoleBinding x2, ConfigMap x2, Deployment x2, ServiceAccount x2, DaemonSet x1, Role x1, RoleBinding x1",2,2 Secrets,0,yes,no,watch,watch,oci://europe-west1-docker.pkg.dev/nth-fort-499605-q5/helm-expt/elastic-metricbeat:8.5.1@sha256:228176a6c17e791d85afb63c678068aa3b284f6c3515b4c2512c23ebfbd67d9c
external-dns/external-dns,1.21.1,default,external-dns-external-dns-1-21-1-default,data/confighub-example-guides/spaces/external-dns-external-dns-1-21-1-default/README.md,https://confighub.github.io/helm-expt/site/charts/external-dns-external-dns-1-21-1.html,"Use this when you want to start from the chart author's normal path, with the inputs recorded.",6,"ClusterRole x1, ClusterRoleBinding x1, CustomResourceDefinition x1, Deployment x1, Service x1, ServiceAccount x1",0,none,0,yes,yes,yes,yes,oci://europe-west1-docker.pkg.dev/nth-fort-499605-q5/helm-expt/external-dns-external-dns:1.21.1@sha256:7683722340b073403d7fbb313f139f44d7e01e03f1fbb1606283758876d33bf9
external-dns/external-dns,1.21.1,dry-run-txt-registry,external-dns-external-dns-1-21-1-dry-run-txt-registry,data/confighub-example-guides/spaces/external-dns-external-dns-1-21-1-dry-run-txt-registry/README.md,https://confighub.github.io/helm-expt/site/charts/external-dns-external-dns-1-21-1.html,external-dns/external-dns dry-run-txt-registry variant rendered from external-dns/external-dns@1.21.1.,4,"CustomResourceDefinition x1, Deployment x1, Service x1, ServiceAccount x1",0,none,0,yes,yes,yes,yes,oci://europe-west1-docker.pkg.dev/nth-fort-499605-q5/helm-expt/external-dns-external-dns:1.21.1@sha256:7683722340b073403d7fbb313f139f44d7e01e03f1fbb1606283758876d33bf9
external-dns/external-dns,1.21.1,no-crds,external-dns-external-dns-1-21-1-no-crds,data/confighub-example-guides/spaces/external-dns-external-dns-1-21-1-no-crds/README.md,https://confighub.github.io/helm-expt/site/charts/external-dns-external-dns-1-21-1.html,"Use this when your platform, GitOps bootstrap, or another chart owns the CRDs.",5,"ClusterRole x1, ClusterRoleBinding x1, Deployment x1, Service x1, ServiceAccount x1",0,none,0,yes,yes,yes,yes,oci://europe-west1-docker.pkg.dev/nth-fort-499605-q5/helm-expt/external-dns-external-dns:1.21.1@sha256:7683722340b073403d7fbb313f139f44d7e01e03f1fbb1606283758876d33bf9
external-secrets/external-secrets,2.5.0,default,external-secrets-external-secrets-2-5-0-default,data/confighub-example-guides/spaces/external-secrets-external-secrets-2-5-0-default/README.md,https://confighub.github.io/helm-expt/site/charts/external-secrets-external-secrets-2-5-0.html,"Use this when you want to start from the chart author's normal path, with the inputs recorded.",42,"CustomResourceDefinition x23, ClusterRole x5, Deployment x3, ServiceAccount x3, ClusterRoleBinding x2, ValidatingWebhookConfiguration x2, Role x1, RoleBinding x1",1,1 Secret,0,yes,yes,no,yes,oci://europe-west1-docker.pkg.dev/nth-fort-499605-q5/helm-expt/external-secrets-external-secrets:2.5.0@sha256:3360d8a7d2d83748808b0f4a66969feaa33b305312dcb8bbe956fec08407b001
external-secrets/external-secrets,2.5.0,no-crds,external-secrets-external-secrets-2-5-0-no-crds,data/confighub-example-guides/spaces/external-secrets-external-secrets-2-5-0-no-crds/README.md,https://confighub.github.io/helm-expt/site/charts/external-secrets-external-secrets-2-5-0.html,"Use this when your platform, GitOps bootstrap, or another chart owns the CRDs.",19,"ClusterRole x5, Deployment x3, ServiceAccount x3, ClusterRoleBinding x2, ValidatingWebhookConfiguration x2, Role x1, RoleBinding x1, Secret x1",24,"23 CRDs, 1 Secret",0,yes,yes,no,yes,oci://europe-west1-docker.pkg.dev/nth-fort-499605-q5/helm-expt/external-secrets-external-secrets:2.5.0@sha256:3360d8a7d2d83748808b0f4a66969feaa33b305312dcb8bbe956fec08407b001
fairwinds-stable/goldilocks,10.3.0,default,fairwinds-stable-goldilocks-10-3-0-default,data/confighub-example-guides/spaces/fairwinds-stable-goldilocks-10-3-0-default/README.md,https://confighub.github.io/helm-expt/site/charts/fairwinds-stable-goldilocks-10-3-0.html,"Use this when you want to start from the chart author's normal path, with the inputs recorded.",9,"ClusterRole x2, ClusterRoleBinding x2, Deployment x2, ServiceAccount x2, Service x1",0,none,0,yes,yes,yes,yes,oci://europe-west1-docker.pkg.dev/nth-fort-499605-q5/helm-expt/fairwinds-stable-goldilocks:10.3.0@sha256:b16c4fca4bf8fa04db89891d03a0e4122715e3cfdc9356ef4bed6cd191199852
fairwinds-stable/vpa,4.11.0,default,fairwinds-stable-vpa-4-11-0-default,data/confighub-example-guides/spaces/fairwinds-stable-vpa-4-11-0-default/README.md,https://confighub.github.io/helm-expt/site/charts/fairwinds-stable-vpa-4-11-0.html,"Use this when you want to start from the chart author's normal path, with the inputs recorded.",28,"ClusterRole x9, ClusterRoleBinding x9, Deployment x3, ServiceAccount x3, CustomResourceDefinition x2, MutatingWebhookConfiguration x1, Service x1",1,1 Secret,0,yes,yes,yes,yes,oci://europe-west1-docker.pkg.dev/nth-fort-499605-q5/helm-expt/fairwinds-stable-vpa:4.11.0@sha256:449c4a96412aaf799622daab235efd8800f9700c0bd5b36c9523d95756e9fc8f
fairwinds-stable/vpa,4.11.0,no-crds,fairwinds-stable-vpa-4-11-0-no-crds,data/confighub-example-guides/spaces/fairwinds-stable-vpa-4-11-0-no-crds/README.md,https://confighub.github.io/helm-expt/site/charts/fairwinds-stable-vpa-4-11-0.html,"Use this when your platform, GitOps bootstrap, or another chart owns the CRDs.",26,"ClusterRole x9, ClusterRoleBinding x9, Deployment x3, ServiceAccount x3, MutatingWebhookConfiguration x1, Service x1",3,"2 CRDs, 1 Secret",0,yes,yes,yes,yes,oci://europe-west1-docker.pkg.dev/nth-fort-499605-q5/helm-expt/fairwinds-stable-vpa:4.11.0@sha256:449c4a96412aaf799622daab235efd8800f9700c0bd5b36c9523d95756e9fc8f
falcosecurity/falco,9.0.0,default,falcosecurity-falco-9-0-0-default,data/confighub-example-guides/spaces/falcosecurity-falco-9-0-0-default/README.md,https://confighub.github.io/helm-expt/site/charts/falcosecurity-falco-9-0-0.html,"Use this when you want to start from the chart author's normal path, with the inputs recorded.",6,"ConfigMap x2, DaemonSet x1, Role x1, RoleBinding x1, ServiceAccount x1",0,none,0,yes,yes,yes,yes,oci://europe-west1-docker.pkg.dev/nth-fort-499605-q5/helm-expt/falcosecurity-falco:9.0.0@sha256:0a17c36c302c5e5fb8cd13ced42c8c72f6ed5c59fa06ab78b63c5e9a9fb32bcf
falcosecurity/falcosidekick,0.13.1,default,falcosecurity-falcosidekick-0-13-1-default,data/confighub-example-guides/spaces/falcosecurity-falcosidekick-0-13-1-default/README.md,https://confighub.github.io/helm-expt/site/charts/falcosecurity-falcosidekick-0-13-1.html,"Use this when you want to start from the chart author's normal path, with the inputs recorded.",6,"Deployment x1, Role x1, RoleBinding x1, Secret x1, Service x1, ServiceAccount x1",0,none,0,yes,yes,yes,yes,oci://europe-west1-docker.pkg.dev/nth-fort-499605-q5/helm-expt/falcosecurity-falcosidekick:0.13.1@sha256:7fb6d41ff5721ca4df26959bda2c80022a2a3cc70b0e4e4cc8f8f878f7cc11d5
fluent/fluent-bit,0.57.6,default,fluent-fluent-bit-0-57-6-default,data/confighub-example-guides/spaces/fluent-fluent-bit-0-57-6-default/README.md,https://confighub.github.io/helm-expt/site/charts/fluent-fluent-bit-0-57-6.html,"Use this when you want to start from the chart author's normal path, with the inputs recorded.",6,"ClusterRole x1, ClusterRoleBinding x1, ConfigMap x1, DaemonSet x1, Service x1, ServiceAccount x1",0,none,2,yes,yes,yes,yes,oci://europe-west1-docker.pkg.dev/nth-fort-499605-q5/helm-expt/fluent-fluent-bit:0.57.6@sha256:f16e4d5c2df83b3ccd8629fbcab340b84a499303d5308eedac009ed8b40ef634
fluent/fluentd,0.5.3,default,fluent-fluentd-0-5-3-default,data/confighub-example-guides/spaces/fluent-fluentd-0-5-3-default/README.md,https://confighub.github.io/helm-expt/site/charts/fluent-fluentd-0-5-3.html,"Use this when you want to start from the chart author's normal path, with the inputs recorded.",10,"ConfigMap x5, ClusterRole x1, ClusterRoleBinding x1, DaemonSet x1, Service x1, ServiceAccount x1",0,none,0,yes,yes,watch,watch,oci://europe-west1-docker.pkg.dev/nth-fort-499605-q5/helm-expt/fluent-fluentd:0.5.3@sha256:62d68890785b4a34ec81787fc8fb1e4d093fb0a86b7482404e91e3d44cf3513b
gatekeeper/gatekeeper,3.22.2,default,gatekeeper-gatekeeper-3-22-2-default,data/confighub-example-guides/spaces/gatekeeper-gatekeeper-3-22-2-default/README.md,https://confighub.github.io/helm-expt/site/charts/gatekeeper-gatekeeper-3-22-2.html,"Use this when you want to start from the chart author's normal path, with the inputs recorded.",30,"CustomResourceDefinition x17, Deployment x2, ClusterRole x1, ClusterRoleBinding x1, MutatingWebhookConfiguration x1, PodDisruptionBudget x1, ResourceQuota x1, Role x1",0,none,2,yes,yes,yes,yes,oci://europe-west1-docker.pkg.dev/nth-fort-499605-q5/helm-expt/gatekeeper-gatekeeper:3.22.2@sha256:ce4877c260225419e22d820f9d15652ad48ed5f205117099e88abb3f590241a5
gatekeeper/gatekeeper,3.22.2,no-crds,gatekeeper-gatekeeper-3-22-2-no-crds,data/confighub-example-guides/spaces/gatekeeper-gatekeeper-3-22-2-no-crds/README.md,https://confighub.github.io/helm-expt/site/charts/gatekeeper-gatekeeper-3-22-2.html,"Use this when your platform, GitOps bootstrap, or another chart owns the CRDs.",13,"Deployment x2, ClusterRole x1, ClusterRoleBinding x1, MutatingWebhookConfiguration x1, PodDisruptionBudget x1, ResourceQuota x1, Role x1, RoleBinding x1",17,17 CRDs,0,yes,yes,yes,yes,oci://europe-west1-docker.pkg.dev/nth-fort-499605-q5/helm-expt/gatekeeper-gatekeeper:3.22.2@sha256:ce4877c260225419e22d820f9d15652ad48ed5f205117099e88abb3f590241a5
gitlab/gitlab-runner,0.89.0,default,gitlab-gitlab-runner-0-89-0-default,data/confighub-example-guides/spaces/gitlab-gitlab-runner-0-89-0-default/README.md,https://confighub.github.io/helm-expt/site/charts/gitlab-gitlab-runner-0-89-0.html,"Use this when you want to start from the chart author's normal path, with the inputs recorded.",2,"ConfigMap x1, Deployment x1",0,none,0,yes,no,watch,watch,oci://europe-west1-docker.pkg.dev/nth-fort-499605-q5/helm-expt/gitlab-gitlab-runner:0.89.0@sha256:859e448412141120ea26e90c4d80fb772755dd6bc5f579a70ddd3c321da5fa7a
grafana/alloy,1.8.2,default,grafana-alloy-1-8-2-default,data/confighub-example-guides/spaces/grafana-alloy-1-8-2-default/README.md,https://confighub.github.io/helm-expt/site/charts/grafana-alloy-1-8-2.html,"Use this when you want to start from the chart author's normal path, with the inputs recorded.",7,"ClusterRole x1, ClusterRoleBinding x1, ConfigMap x1, CustomResourceDefinition x1, DaemonSet x1, Service x1, ServiceAccount x1",0,none,0,yes,yes,yes,yes,oci://europe-west1-docker.pkg.dev/nth-fort-499605-q5/helm-expt/grafana-alloy:1.8.2@sha256:cc9dcba1e9400579cac0968b166baf86e98b80d3394993171616ea8374eeb314
grafana/alloy,1.8.2,no-crds,grafana-alloy-1-8-2-no-crds,data/confighub-example-guides/spaces/grafana-alloy-1-8-2-no-crds/README.md,https://confighub.github.io/helm-expt/site/charts/grafana-alloy-1-8-2.html,"Use this when your platform, GitOps bootstrap, or another chart owns the CRDs.",6,"ClusterRole x1, ClusterRoleBinding x1, ConfigMap x1, DaemonSet x1, Service x1, ServiceAccount x1",0,none,0,yes,yes,yes,yes,oci://europe-west1-docker.pkg.dev/nth-fort-499605-q5/helm-expt/grafana-alloy:1.8.2@sha256:cc9dcba1e9400579cac0968b166baf86e98b80d3394993171616ea8374eeb314
grafana/grafana,10.5.15,existing-secret-ingress,grafana-grafana-10-5-15-existing-secret-ingress,data/confighub-example-guides/spaces/grafana-grafana-10-5-15-existing-secret-ingress/README.md,https://confighub.github.io/helm-expt/site/charts/grafana-grafana-10-5-15.html,"Use this when secret material should come from a Secret you create, not from a generated chart default.",9,"ClusterRole x1, ClusterRoleBinding x1, ConfigMap x1, Deployment x1, Ingress x1, Role x1, RoleBinding x1, Service x1",1,1 Secret,0,yes,yes,yes,yes,oci://europe-west1-docker.pkg.dev/nth-fort-499605-q5/helm-expt/grafana-grafana:10.5.15@sha256:fc038da08ab8544cdf8d3c08fd981e542de4d5e0f8ae61e21f163a9eb9956cc3
grafana/grafana,10.5.15,static-passwords,grafana-grafana-10-5-15-static-passwords,data/confighub-example-guides/spaces/grafana-grafana-10-5-15-static-passwords/README.md,https://confighub.github.io/helm-expt/site/charts/grafana-grafana-10-5-15.html,Use this only to inspect and compare the fixed shared password. Do not use it as a production starting configuration.,9,"ClusterRole x1, ClusterRoleBinding x1, ConfigMap x1, Deployment x1, Role x1, RoleBinding x1, Secret x1, Service x1",0,none,0,yes,yes,yes,yes,oci://europe-west1-docker.pkg.dev/nth-fort-499605-q5/helm-expt/grafana-grafana:10.5.15@sha256:fc038da08ab8544cdf8d3c08fd981e542de4d5e0f8ae61e21f163a9eb9956cc3
grafana/loki,7.0.0,simple-scalable-minio,grafana-loki-7-0-0-simple-scalable-minio,data/confighub-example-guides/spaces/grafana-loki-7-0-0-simple-scalable-minio/README.md,https://confighub.github.io/helm-expt/site/charts/grafana-loki-7-0-0.html,loki simple scalable with MinIO variant rendered from grafana/loki@7.0.0.,33,"Service x15, StatefulSet x5, ConfigMap x4, ServiceAccount x3, Deployment x2, ClusterRole x1, ClusterRoleBinding x1, DaemonSet x1",0,none,0,yes,yes,yes,yes,oci://europe-west1-docker.pkg.dev/nth-fort-499605-q5/helm-expt/grafana-loki:7.0.0@sha256:c89f127344879cdb6c7e4033735bcde8eaca3257d5c16bdcca89aad2a0f602da
grafana/loki,7.0.0,single-binary-filesystem,grafana-loki-7-0-0-single-binary-filesystem,data/confighub-example-guides/spaces/grafana-loki-7-0-0-single-binary-filesystem/README.md,https://confighub.github.io/helm-expt/site/charts/grafana-loki-7-0-0.html,Use this when you want a smaller configuration for first tests or local use.,19,"Service x7, ConfigMap x3, StatefulSet x3, ServiceAccount x2, ClusterRole x1, ClusterRoleBinding x1, DaemonSet x1, Deployment x1",0,none,0,yes,yes,yes,yes,oci://europe-west1-docker.pkg.dev/nth-fort-499605-q5/helm-expt/grafana-loki:7.0.0@sha256:c89f127344879cdb6c7e4033735bcde8eaca3257d5c16bdcca89aad2a0f602da
grafana/promtail,6.17.1,default,grafana-promtail-6-17-1-default,data/confighub-example-guides/spaces/grafana-promtail-6-17-1-default/README.md,https://confighub.github.io/helm-expt/site/charts/grafana-promtail-6-17-1.html,"Use this when you want to start from the chart author's normal path, with the inputs recorded.",5,"ClusterRole x1, ClusterRoleBinding x1, DaemonSet x1, Secret x1, ServiceAccount x1",0,none,0,yes,yes,yes,yes,oci://europe-west1-docker.pkg.dev/nth-fort-499605-q5/helm-expt/grafana-promtail:6.17.1@sha256:94c1d1c38ab69b006974816eded3380ec3e3a6a042398f8214615d42fb79f647
grafana/pyroscope,2.0.2,default,grafana-pyroscope-2-0-2-default,data/confighub-example-guides/spaces/grafana-pyroscope-2-0-2-default/README.md,https://confighub.github.io/helm-expt/site/charts/grafana-pyroscope-2-0-2.html,"Use this when you want to start from the chart author's normal path, with the inputs recorded.",18,"Service x5, ConfigMap x3, ServiceAccount x2, StatefulSet x2, ClusterRole x1, ClusterRoleBinding x1, CustomResourceDefinition x1, PodDisruptionBudget x1",0,none,0,yes,yes,watch,watch,oci://europe-west1-docker.pkg.dev/nth-fort-499605-q5/helm-expt/grafana-pyroscope:2.0.2@sha256:e62d4337c210afe39b013694e528b68cc15b98e9cd3735dbcf40535b11874fab
grafana/pyroscope,2.0.2,ha,grafana-pyroscope-2-0-2-ha,data/confighub-example-guides/spaces/grafana-pyroscope-2-0-2-ha/README.md,https://confighub.github.io/helm-expt/site/charts/grafana-pyroscope-2-0-2.html,Use this when you want the catalog's reviewed high-availability configuration.,18,"Service x5, ConfigMap x3, ServiceAccount x2, StatefulSet x2, ClusterRole x1, ClusterRoleBinding x1, CustomResourceDefinition x1, PodDisruptionBudget x1",0,none,0,yes,no,watch,watch,oci://europe-west1-docker.pkg.dev/nth-fort-499605-q5/helm-expt/grafana-pyroscope:2.0.2@sha256:e62d4337c210afe39b013694e528b68cc15b98e9cd3735dbcf40535b11874fab
grafana/pyroscope,2.0.2,no-crds,grafana-pyroscope-2-0-2-no-crds,data/confighub-example-guides/spaces/grafana-pyroscope-2-0-2-no-crds/README.md,https://confighub.github.io/helm-expt/site/charts/grafana-pyroscope-2-0-2.html,"Use this when your platform, GitOps bootstrap, or another chart owns the CRDs.",17,"Service x5, ConfigMap x3, ServiceAccount x2, StatefulSet x2, ClusterRole x1, ClusterRoleBinding x1, PodDisruptionBudget x1, Role x1",0,none,0,yes,yes,watch,watch,oci://europe-west1-docker.pkg.dev/nth-fort-499605-q5/helm-expt/grafana-pyroscope:2.0.2@sha256:e62d4337c210afe39b013694e528b68cc15b98e9cd3735dbcf40535b11874fab
grafana/rollout-operator,0.49.0,default,grafana-rollout-operator-0-49-0-default,data/confighub-example-guides/spaces/grafana-rollout-operator-0-49-0-default/README.md,https://confighub.github.io/helm-expt/site/charts/grafana-rollout-operator-0-49-0.html,"Use this when you want to start from the chart author's normal path, with the inputs recorded.",15,"ValidatingWebhookConfiguration x3, CustomResourceDefinition x2, Role x2, RoleBinding x2, ClusterRole x1, ClusterRoleBinding x1, Deployment x1, MutatingWebhookConfiguration x1",0,none,0,yes,yes,yes,yes,oci://europe-west1-docker.pkg.dev/nth-fort-499605-q5/helm-expt/grafana-rollout-operator:0.49.0@sha256:c52e103a893728c2d18971206a6452034d3b8f2c820f94942c0b54240214fa6d
grafana/rollout-operator,0.49.0,no-crds,grafana-rollout-operator-0-49-0-no-crds,data/confighub-example-guides/spaces/grafana-rollout-operator-0-49-0-no-crds/README.md,https://confighub.github.io/helm-expt/site/charts/grafana-rollout-operator-0-49-0.html,"Use this when your platform, GitOps bootstrap, or another chart owns the CRDs.",13,"ValidatingWebhookConfiguration x3, Role x2, RoleBinding x2, ClusterRole x1, ClusterRoleBinding x1, Deployment x1, MutatingWebhookConfiguration x1, Service x1",2,2 CRDs,0,yes,no,yes,yes,oci://europe-west1-docker.pkg.dev/nth-fort-499605-q5/helm-expt/grafana-rollout-operator:0.49.0@sha256:c52e103a893728c2d18971206a6452034d3b8f2c820f94942c0b54240214fa6d
grafana/tempo,1.24.4,local-persistent,grafana-tempo-1-24-4-local-persistent,data/confighub-example-guides/spaces/grafana-tempo-1-24-4-local-persistent/README.md,https://confighub.github.io/helm-expt/site/charts/grafana-tempo-1-24-4.html,tempo local persistent single-binary variant rendered from grafana/tempo@1.24.4.,4,"ConfigMap x1, Service x1, ServiceAccount x1, StatefulSet x1",0,none,0,yes,yes,yes,yes,oci://europe-west1-docker.pkg.dev/nth-fort-499605-q5/helm-expt/grafana-tempo:1.24.4@sha256:bdeba9d642d10538e41f72eb96bd59f62428a6d0bc395111c74a7bcb8c1e7e12
grafana/tempo,1.24.4,s3-query-observability,grafana-tempo-1-24-4-s3-query-observability,data/confighub-example-guides/spaces/grafana-tempo-1-24-4-s3-query-observability/README.md,https://confighub.github.io/helm-expt/site/charts/grafana-tempo-1-24-4.html,tempo S3 query and observability variant rendered from grafana/tempo@1.24.4.,8,"ConfigMap x2, Ingress x1, NetworkPolicy x1, Service x1, ServiceAccount x1, ServiceMonitor x1, StatefulSet x1",3,"1 CRD, 1 Secret, 1 other item",0,yes,no,watch,watch,oci://europe-west1-docker.pkg.dev/nth-fort-499605-q5/helm-expt/grafana-tempo:1.24.4@sha256:bdeba9d642d10538e41f72eb96bd59f62428a6d0bc395111c74a7bcb8c1e7e12
haproxytech/kubernetes-ingress,1.52.0,default,haproxytech-kubernetes-ingress-1-52-0-default,data/confighub-example-guides/spaces/haproxytech-kubernetes-ingress-1-52-0-default/README.md,https://confighub.github.io/helm-expt/site/charts/haproxytech-kubernetes-ingress-1-52-0.html,"Use this when you want to start from the chart author's normal path, with the inputs recorded.",7,"ClusterRole x1, ClusterRoleBinding x1, ConfigMap x1, Deployment x1, IngressClass x1, Service x1, ServiceAccount x1",0,none,0,yes,yes,yes,yes,oci://europe-west1-docker.pkg.dev/nth-fort-499605-q5/helm-expt/haproxytech-kubernetes-ingress:1.52.0@sha256:11f127344006f2e249cac8f7e4aa58d844246322b2e48f90343221eb20118a38
hashicorp/consul,2.0.0,default-control-plane,hashicorp-consul-2-0-0-default-control-plane,data/confighub-example-guides/spaces/hashicorp-consul-2-0-0-default-control-plane/README.md,https://confighub.github.io/helm-expt/site/charts/hashicorp-consul-2-0-0.html,consul default control plane variant rendered from hashicorp/consul@2.0.0.,68,"CustomResourceDefinition x28, ClusterRole x7, ClusterRoleBinding x7, ServiceAccount x7, ConfigMap x6, Service x4, Deployment x2, Role x2",0,none,0,yes,yes,yes,yes,oci://europe-west1-docker.pkg.dev/nth-fort-499605-q5/helm-expt/hashicorp-consul:2.0.0@sha256:eec0c002730d44e10c1c807aaf9f02fe8d1454e54e3ec6024956e2e079b5a2a5
hashicorp/consul,2.0.0,secure-mesh-existing-secrets,hashicorp-consul-2-0-0-secure-mesh-existing-secrets,data/confighub-example-guides/spaces/hashicorp-consul-2-0-0-secure-mesh-existing-secrets/README.md,https://confighub.github.io/helm-expt/site/charts/hashicorp-consul-2-0-0.html,"Use this when secret material should come from a Secret you create, not from a generated chart default.",97,"CustomResourceDefinition x28, ServiceAccount x13, ClusterRoleBinding x10, ClusterRole x9, ConfigMap x7, Service x7, Role x6, RoleBinding x6",5,"4 Secrets, 1 other item",0,yes,no,no,watch,oci://europe-west1-docker.pkg.dev/nth-fort-499605-q5/helm-expt/hashicorp-consul:2.0.0@sha256:eec0c002730d44e10c1c807aaf9f02fe8d1454e54e3ec6024956e2e079b5a2a5
hashicorp/terraform,1.1.2,default,hashicorp-terraform-1-1-2-default,data/confighub-example-guides/spaces/hashicorp-terraform-1-1-2-default/README.md,https://confighub.github.io/helm-expt/site/charts/hashicorp-terraform-1-1-2.html,"Use this when you want to start from the chart author's normal path, with the inputs recorded.",5,"CustomResourceDefinition x1, Deployment x1, Role x1, RoleBinding x1, ServiceAccount x1",2,2 Secrets,0,yes,no,watch,watch,oci://europe-west1-docker.pkg.dev/nth-fort-499605-q5/helm-expt/hashicorp-terraform:1.1.2@sha256:0e51444dda2d64c54e8d09b63fbb8076e1da39681f996968f90d8c7145d778b9
hashicorp/terraform,1.1.2,no-crds,hashicorp-terraform-1-1-2-no-crds,data/confighub-example-guides/spaces/hashicorp-terraform-1-1-2-no-crds/README.md,https://confighub.github.io/helm-expt/site/charts/hashicorp-terraform-1-1-2.html,"Use this when your platform, GitOps bootstrap, or another chart owns the CRDs.",4,"Deployment x1, Role x1, RoleBinding x1, ServiceAccount x1",3,"1 CRD, 2 Secrets",0,yes,no,watch,watch,oci://europe-west1-docker.pkg.dev/nth-fort-499605-q5/helm-expt/hashicorp-terraform:1.1.2@sha256:0e51444dda2d64c54e8d09b63fbb8076e1da39681f996968f90d8c7145d778b9
hashicorp/vault,0.32.0,default,hashicorp-vault-0-32-0-default,data/confighub-example-guides/spaces/hashicorp-vault-0-32-0-default/README.md,https://confighub.github.io/helm-expt/site/charts/hashicorp-vault-0-32-0.html,"Use this when you want to start from the chart author's normal path, with the inputs recorded.",12,"Service x3, ClusterRoleBinding x2, ServiceAccount x2, ClusterRole x1, ConfigMap x1, Deployment x1, MutatingWebhookConfiguration x1, StatefulSet x1",0,none,0,yes,yes,yes,yes,oci://europe-west1-docker.pkg.dev/nth-fort-499605-q5/helm-expt/hashicorp-vault:0.32.0@sha256:7216f8cbbb3e2dafe3ed987f1e4b6fa962de60b2bf5ba7d2d0b7eb45eb138292
hashicorp/vault,0.32.0,dev-mode,hashicorp-vault-0-32-0-dev-mode,data/confighub-example-guides/spaces/hashicorp-vault-0-32-0-dev-mode/README.md,https://confighub.github.io/helm-expt/site/charts/hashicorp-vault-0-32-0.html,Use this for development or local testing. It is not a production recommendation.,11,"Service x3, ClusterRoleBinding x2, ServiceAccount x2, ClusterRole x1, Deployment x1, MutatingWebhookConfiguration x1, StatefulSet x1",0,none,0,yes,yes,yes,yes,oci://europe-west1-docker.pkg.dev/nth-fort-499605-q5/helm-expt/hashicorp-vault:0.32.0@sha256:7216f8cbbb3e2dafe3ed987f1e4b6fa962de60b2bf5ba7d2d0b7eb45eb138292
hashicorp/vault,0.32.0,ha-raft-ui,hashicorp-vault-0-32-0-ha-raft-ui,data/confighub-example-guides/spaces/hashicorp-vault-0-32-0-ha-raft-ui/README.md,https://confighub.github.io/helm-expt/site/charts/hashicorp-vault-0-32-0.html,Use this when you want the catalog's reviewed high-availability configuration.,18,"Service x6, ClusterRoleBinding x2, ServiceAccount x2, ClusterRole x1, ConfigMap x1, Deployment x1, MutatingWebhookConfiguration x1, PodDisruptionBudget x1",1,1 other item,0,yes,no,watch,watch,oci://europe-west1-docker.pkg.dev/nth-fort-499605-q5/helm-expt/hashicorp-vault:0.32.0@sha256:7216f8cbbb3e2dafe3ed987f1e4b6fa962de60b2bf5ba7d2d0b7eb45eb138292
ingress-nginx/ingress-nginx,4.15.1,admission-disabled,ingress-nginx-ingress-nginx-4-15-1-admission-disabled,data/confighub-example-guides/spaces/ingress-nginx-ingress-nginx-4-15-1-admission-disabled/README.md,https://confighub.github.io/helm-expt/site/charts/ingress-nginx-ingress-nginx-4-15-1.html,ingress-nginx admission webhook disabled variant rendered from ingress-nginx/ingress-nginx@4.15.1.,9,"ClusterRole x1, ClusterRoleBinding x1, ConfigMap x1, Deployment x1, IngressClass x1, Role x1, RoleBinding x1, Service x1",0,none,0,yes,yes,watch,yes,oci://europe-west1-docker.pkg.dev/nth-fort-499605-q5/helm-expt/ingress-nginx-ingress-nginx:4.15.1@sha256:dc0f6c1a8158230957c1cae1b26073339b009b220c79cff0e3df31e9f21c73e4
ingress-nginx/ingress-nginx,4.15.1,default,ingress-nginx-ingress-nginx-4-15-1-default,data/confighub-example-guides/spaces/ingress-nginx-ingress-nginx-4-15-1-default/README.md,https://confighub.github.io/helm-expt/site/charts/ingress-nginx-ingress-nginx-4-15-1.html,"Use this when you want to start from the chart author's normal path, with the inputs recorded.",11,"Service x2, ClusterRole x1, ClusterRoleBinding x1, ConfigMap x1, Deployment x1, IngressClass x1, Role x1, RoleBinding x1",1,1 Secret,0,yes,yes,yes,yes,oci://europe-west1-docker.pkg.dev/nth-fort-499605-q5/helm-expt/ingress-nginx-ingress-nginx:4.15.1@sha256:dc0f6c1a8158230957c1cae1b26073339b009b220c79cff0e3df31e9f21c73e4
ingress-nginx/ingress-nginx,4.15.1,internal-clusterip,ingress-nginx-ingress-nginx-4-15-1-internal-clusterip,data/confighub-example-guides/spaces/ingress-nginx-ingress-nginx-4-15-1-internal-clusterip/README.md,https://confighub.github.io/helm-expt/site/charts/ingress-nginx-ingress-nginx-4-15-1.html,Use this when the service should stay inside the cluster or platform network.,9,"ClusterRole x1, ClusterRoleBinding x1, ConfigMap x1, Deployment x1, IngressClass x1, Role x1, RoleBinding x1, Service x1",0,none,0,yes,yes,yes,yes,oci://europe-west1-docker.pkg.dev/nth-fort-499605-q5/helm-expt/ingress-nginx-ingress-nginx:4.15.1@sha256:dc0f6c1a8158230957c1cae1b26073339b009b220c79cff0e3df31e9f21c73e4
istio/gateway,1.30.0,controller-default-reviewed,istio-gateway-1-30-0-controller-default-reviewed,data/confighub-example-guides/spaces/istio-gateway-1-30-0-controller-default-reviewed/README.md,https://confighub.github.io/helm-expt/site/charts/istio-gateway-1-30-0.html,Use this when you want a catalog-reviewed starting configuration instead of the chart's unreviewed default.,6,"Deployment x1, HorizontalPodAutoscaler x1, Role x1, RoleBinding x1, Service x1, ServiceAccount x1",0,none,0,yes,no,watch,watch,oci://europe-west1-docker.pkg.dev/nth-fort-499605-q5/helm-expt/istio-gateway:1.30.0@sha256:1c26ebf6dc73c2c3952755668886b33606cdbd62494776e4237e5e8402803b69
istio/gateway,1.30.0,default,istio-gateway-1-30-0-default,data/confighub-example-guides/spaces/istio-gateway-1-30-0-default/README.md,https://confighub.github.io/helm-expt/site/charts/istio-gateway-1-30-0.html,"Use this when you want to start from the chart author's normal path, with the inputs recorded.",6,"Deployment x1, HorizontalPodAutoscaler x1, Role x1, RoleBinding x1, Service x1, ServiceAccount x1",0,none,0,yes,no,watch,watch,oci://europe-west1-docker.pkg.dev/nth-fort-499605-q5/helm-expt/istio-gateway:1.30.0@sha256:1c26ebf6dc73c2c3952755668886b33606cdbd62494776e4237e5e8402803b69
istio/istiod,1.30.0,default,istio-istiod-1-30-0-default,data/confighub-example-guides/spaces/istio-istiod-1-30-0-default/README.md,https://confighub.github.io/helm-expt/site/charts/istio-istiod-1-30-0.html,"Use this when you want to start from the chart author's normal path, with the inputs recorded.",17,"ClusterRole x3, ClusterRoleBinding x3, ConfigMap x3, Deployment x1, HorizontalPodAutoscaler x1, MutatingWebhookConfiguration x1, Role x1, RoleBinding x1",1,1 other item,0,yes,no,no,no,oci://europe-west1-docker.pkg.dev/nth-fort-499605-q5/helm-expt/istio-istiod:1.30.0@sha256:ecb9f9cbd9dc89bb7707cdc98c61797f51ddf08c155f43955d3f4372ac2e5476
jaegertracing/jaeger-operator,2.57.0,default,jaegertracing-jaeger-operator-2-57-0-default,data/confighub-example-guides/spaces/jaegertracing-jaeger-operator-2-57-0-default/README.md,https://confighub.github.io/helm-expt/site/charts/jaegertracing-jaeger-operator-2-57-0.html,"Use this when you want to start from the chart author's normal path, with the inputs recorded.",11,"Service x2, Certificate x1, CustomResourceDefinition x1, Deployment x1, Issuer x1, MutatingWebhookConfiguration x1, Role x1, RoleBinding x1",2,2 CRDs,0,yes,yes,no,no,oci://europe-west1-docker.pkg.dev/nth-fort-499605-q5/helm-expt/jaegertracing-jaeger-operator:2.57.0@sha256:bb116910eabb89bdf97436c27d495e5dd80d36840847594b284e28a0fe36f3db
jaegertracing/jaeger-operator,2.57.0,no-crds,jaegertracing-jaeger-operator-2-57-0-no-crds,data/confighub-example-guides/spaces/jaegertracing-jaeger-operator-2-57-0-no-crds/README.md,https://confighub.github.io/helm-expt/site/charts/jaegertracing-jaeger-operator-2-57-0.html,"Use this when your platform, GitOps bootstrap, or another chart owns the CRDs.",10,"Service x2, Certificate x1, Deployment x1, Issuer x1, MutatingWebhookConfiguration x1, Role x1, RoleBinding x1, ServiceAccount x1",3,3 CRDs,0,yes,no,yes,yes,oci://europe-west1-docker.pkg.dev/nth-fort-499605-q5/helm-expt/jaegertracing-jaeger-operator:2.57.0@sha256:bb116910eabb89bdf97436c27d495e5dd80d36840847594b284e28a0fe36f3db
jaegertracing/jaeger,4.8.0,default,jaegertracing-jaeger-4-8-0-default,data/confighub-example-guides/spaces/jaegertracing-jaeger-4-8-0-default/README.md,https://confighub.github.io/helm-expt/site/charts/jaegertracing-jaeger-4-8-0.html,"Use this when you want to start from the chart author's normal path, with the inputs recorded.",3,"Deployment x1, Service x1, ServiceAccount x1",0,none,0,yes,yes,yes,yes,oci://europe-west1-docker.pkg.dev/nth-fort-499605-q5/helm-expt/jaegertracing-jaeger:4.8.0@sha256:d4646d2cd4c0e3d64842737a0d8434b2663e65314a40ffeecb5f9943c19438a9
jetstack/cert-manager-csi-driver,v0.14.0,default,jetstack-cert-manager-csi-driver-v0-14-0-default,data/confighub-example-guides/spaces/jetstack-cert-manager-csi-driver-v0-14-0-default/README.md,https://confighub.github.io/helm-expt/site/charts/jetstack-cert-manager-csi-driver-v0-14-0.html,"Use this when you want to start from the chart author's normal path, with the inputs recorded.",5,"ClusterRole x1, ClusterRoleBinding x1, CSIDriver x1, DaemonSet x1, ServiceAccount x1",0,none,0,yes,yes,yes,yes,oci://europe-west1-docker.pkg.dev/nth-fort-499605-q5/helm-expt/jetstack-cert-manager-csi-driver:v0.14.0@sha256:d9ced09488420f77b3a073f2457a81dfdd498453f0597656c6d27713b0ad7999
jetstack/cert-manager,v1.20.2,crds-enabled,jetstack-cert-manager-v1-20-2-crds-enabled,data/confighub-example-guides/spaces/jetstack-cert-manager-v1-20-2-crds-enabled/README.md,https://confighub.github.io/helm-expt/site/charts/jetstack-cert-manager-v1-20-2.html,Use this when this package should bring the CRDs needed for the install.,48,"ClusterRole x13, ClusterRoleBinding x10, CustomResourceDefinition x6, Role x4, RoleBinding x4, Deployment x3, Service x3, ServiceAccount x3",0,none,0,yes,yes,yes,yes,oci://europe-west1-docker.pkg.dev/nth-fort-499605-q5/helm-expt/jetstack-cert-manager:v1.20.2@sha256:b688d5ef7ae759bd73d2970528a7192e14058bc593a8601b6af12157270c6d2c
jetstack/cert-manager,v1.20.2,default,jetstack-cert-manager-v1-20-2-default,data/confighub-example-guides/spaces/jetstack-cert-manager-v1-20-2-default/README.md,https://confighub.github.io/helm-expt/site/charts/jetstack-cert-manager-v1-20-2.html,"Use this when you want to start from the chart author's normal path, with the inputs recorded.",42,"ClusterRole x13, ClusterRoleBinding x10, Role x4, RoleBinding x4, Deployment x3, Service x3, ServiceAccount x3, MutatingWebhookConfiguration x1",6,6 CRDs,0,yes,yes,yes,yes,oci://europe-west1-docker.pkg.dev/nth-fort-499605-q5/helm-expt/jetstack-cert-manager:v1.20.2@sha256:b688d5ef7ae759bd73d2970528a7192e14058bc593a8601b6af12157270c6d2c
jetstack/trust-manager,v0.22.1,default,jetstack-trust-manager-v0-22-1-default,data/confighub-example-guides/spaces/jetstack-trust-manager-v0-22-1-default/README.md,https://confighub.github.io/helm-expt/site/charts/jetstack-trust-manager-v0-22-1.html,"Use this when you want to start from the chart author's normal path, with the inputs recorded.",14,"Role x2, RoleBinding x2, Service x2, Certificate x1, ClusterRole x1, ClusterRoleBinding x1, CustomResourceDefinition x1, Deployment x1",4,"2 CRDs, 1 Secret, 1 other item",0,yes,no,watch,watch,oci://europe-west1-docker.pkg.dev/nth-fort-499605-q5/helm-expt/jetstack-trust-manager:v0.22.1@sha256:dbdd2e3fbce82f520467f23eb6e0f10d745fd608b3f3a1e117f3238ea41f104e
jetstack/trust-manager,v0.22.1,no-crds,jetstack-trust-manager-v0-22-1-no-crds,data/confighub-example-guides/spaces/jetstack-trust-manager-v0-22-1-no-crds/README.md,https://confighub.github.io/helm-expt/site/charts/jetstack-trust-manager-v0-22-1.html,"Use this when your platform, GitOps bootstrap, or another chart owns the CRDs.",13,"Role x2, RoleBinding x2, Service x2, Certificate x1, ClusterRole x1, ClusterRoleBinding x1, Deployment x1, Issuer x1",5,"3 CRDs, 1 Secret, 1 other item",0,yes,no,yes,yes,oci://europe-west1-docker.pkg.dev/nth-fort-499605-q5/helm-expt/jetstack-trust-manager:v0.22.1@sha256:dbdd2e3fbce82f520467f23eb6e0f10d745fd608b3f3a1e117f3238ea41f104e
karpenter/karpenter,1.14.0,crds-managed,karpenter-karpenter-1-14-0-crds-managed,data/confighub-example-guides/spaces/karpenter-karpenter-1-14-0-crds-managed/README.md,https://confighub.github.io/helm-expt/site/charts/karpenter-karpenter-1-14-0.html,karpenter platform values without CRDs variant rendered from karpenter/karpenter@1.14.0.,13,"ClusterRole x3, ClusterRoleBinding x2, Role x2, RoleBinding x2, Deployment x1, PodDisruptionBudget x1, Service x1, ServiceAccount x1",6,"5 CRDs, 1 other item",0,yes,todo,todo,todo,oci://europe-west1-docker.pkg.dev/nth-fort-499605-q5/helm-expt/karpenter-karpenter:1.14.0@sha256:9df71774cdd0dec1b03d8f417d28176833a14f1bb3d094e01502f46101e777cc
karpenter/karpenter,1.14.0,default,karpenter-karpenter-1-14-0-default,data/confighub-example-guides/spaces/karpenter-karpenter-1-14-0-default/README.md,https://confighub.github.io/helm-expt/site/charts/karpenter-karpenter-1-14-0.html,"Use this when you want to start from the chart author's normal path, with the inputs recorded.",18,"CustomResourceDefinition x5, ClusterRole x3, ClusterRoleBinding x2, Role x2, RoleBinding x2, Deployment x1, PodDisruptionBudget x1, Service x1",1,1 other item,0,yes,todo,todo,todo,oci://europe-west1-docker.pkg.dev/nth-fort-499605-q5/helm-expt/karpenter-karpenter:1.14.0@sha256:9df71774cdd0dec1b03d8f417d28176833a14f1bb3d094e01502f46101e777cc
karpenter/karpenter,1.14.0,eks-inference,karpenter-karpenter-1-14-0-eks-inference,data/confighub-example-guides/spaces/karpenter-karpenter-1-14-0-eks-inference/README.md,https://confighub.github.io/helm-expt/site/charts/karpenter-karpenter-1-14-0.html,karpenter EKS inference-demo platform variant rendered from karpenter/karpenter@1.14.0.,18,"CustomResourceDefinition x5, ClusterRole x3, ClusterRoleBinding x2, Role x2, RoleBinding x2, Deployment x1, PodDisruptionBudget x1, Service x1",1,1 other item,0,yes,todo,todo,todo,oci://europe-west1-docker.pkg.dev/nth-fort-499605-q5/helm-expt/karpenter-karpenter:1.14.0@sha256:9df71774cdd0dec1b03d8f417d28176833a14f1bb3d094e01502f46101e777cc
kedacore/keda,2.19.0,default,kedacore-keda-2-19-0-default,data/confighub-example-guides/spaces/kedacore-keda-2-19-0-default/README.md,https://confighub.github.io/helm-expt/site/charts/kedacore-keda-2-19-0.html,"Use this when you want to start from the chart author's normal path, with the inputs recorded.",29,"CustomResourceDefinition x6, ClusterRoleBinding x5, ClusterRole x4, Deployment x3, Service x3, ServiceAccount x3, RoleBinding x2, APIService x1",0,none,0,yes,yes,yes,yes,oci://europe-west1-docker.pkg.dev/nth-fort-499605-q5/helm-expt/kedacore-keda:2.19.0@sha256:69335ae19106baebe131e86d2e409df6965f8f855927396d5079622d01ab7ba9
kedacore/keda,2.19.0,no-crds,kedacore-keda-2-19-0-no-crds,data/confighub-example-guides/spaces/kedacore-keda-2-19-0-no-crds/README.md,https://confighub.github.io/helm-expt/site/charts/kedacore-keda-2-19-0.html,"Use this when your platform, GitOps bootstrap, or another chart owns the CRDs.",23,"ClusterRoleBinding x5, ClusterRole x4, Deployment x3, Service x3, ServiceAccount x3, RoleBinding x2, APIService x1, Role x1",6,6 CRDs,1,yes,yes,yes,yes,oci://europe-west1-docker.pkg.dev/nth-fort-499605-q5/helm-expt/kedacore-keda:2.19.0@sha256:69335ae19106baebe131e86d2e409df6965f8f855927396d5079622d01ab7ba9
kyverno/kyverno-policies,3.8.0,default,kyverno-kyverno-policies-3-8-0-default,data/confighub-example-guides/spaces/kyverno-kyverno-policies-3-8-0-default/README.md,https://confighub.github.io/helm-expt/site/charts/kyverno-kyverno-policies-3-8-0.html,"Use this when you want to start from the chart author's normal path, with the inputs recorded.",11,ClusterPolicy x11,1,1 CRD,0,yes,yes,watch,watch,oci://europe-west1-docker.pkg.dev/nth-fort-499605-q5/helm-expt/kyverno-kyverno-policies:3.8.0@sha256:0c781c6839fbfa001648593f415386716ce425483b491593b2338196c93988b4
kyverno/kyverno,3.8.1,default,kyverno-kyverno-3-8-1-default,data/confighub-example-guides/spaces/kyverno-kyverno-3-8-1-default/README.md,https://confighub.github.io/helm-expt/site/charts/kyverno-kyverno-3-8-1.html,"Use this when you want to start from the chart author's normal path, with the inputs recorded.",69,"CustomResourceDefinition x22, ClusterRole x16, ClusterRoleBinding x7, Service x6, Deployment x4, Role x4, RoleBinding x4, ServiceAccount x4",0,none,5,yes,yes,yes,yes,oci://europe-west1-docker.pkg.dev/nth-fort-499605-q5/helm-expt/kyverno-kyverno:3.8.1@sha256:3c7560e8038b74ed7f5dd6257a11656f3e94ea4dee92768b726e50580ef3cea3
kyverno/kyverno,3.8.1,no-crds,kyverno-kyverno-3-8-1-no-crds,data/confighub-example-guides/spaces/kyverno-kyverno-3-8-1-no-crds/README.md,https://confighub.github.io/helm-expt/site/charts/kyverno-kyverno-3-8-1.html,"Use this when your platform, GitOps bootstrap, or another chart owns the CRDs.",47,"ClusterRole x16, ClusterRoleBinding x7, Service x6, Deployment x4, Role x4, RoleBinding x4, ServiceAccount x4, ConfigMap x2",22,22 CRDs,6,yes,yes,yes,yes,oci://europe-west1-docker.pkg.dev/nth-fort-499605-q5/helm-expt/kyverno-kyverno:3.8.1@sha256:3c7560e8038b74ed7f5dd6257a11656f3e94ea4dee92768b726e50580ef3cea3
linkerd/linkerd-crds,1.8.0,default,linkerd-linkerd-crds-1-8-0-default,data/confighub-example-guides/spaces/linkerd-linkerd-crds-1-8-0-default/README.md,https://confighub.github.io/helm-expt/site/charts/linkerd-linkerd-crds-1-8-0.html,"Use this when you want to start from the chart author's normal path, with the inputs recorded.",8,CustomResourceDefinition x8,0,none,0,yes,yes,watch,watch,oci://europe-west1-docker.pkg.dev/nth-fort-499605-q5/helm-expt/linkerd-linkerd-crds:1.8.0@sha256:344c86888edbd4ef9b4dba594415ed4210a52fd69cdb33efef2f302d1129989c
longhorn/longhorn,1.11.2,default,longhorn-longhorn-1-11-2-default,data/confighub-example-guides/spaces/longhorn-longhorn-1-11-2-default/README.md,https://confighub.github.io/helm-expt/site/charts/longhorn-longhorn-1-11-2.html,"Use this when you want to start from the chart author's normal path, with the inputs recorded.",41,"CustomResourceDefinition x22, Service x4, ConfigMap x3, ServiceAccount x3, ClusterRoleBinding x2, Deployment x2, ClusterRole x1, DaemonSet x1",0,none,0,yes,yes,yes,yes,oci://europe-west1-docker.pkg.dev/nth-fort-499605-q5/helm-expt/longhorn-longhorn:1.11.2@sha256:0617a692620540d997f515cba0ffc86c9cccd3b2b254d0a56698667cfc957b7f
longhorn/longhorn,1.11.2,ui-ingress,longhorn-longhorn-1-11-2-ui-ingress,data/confighub-example-guides/spaces/longhorn-longhorn-1-11-2-ui-ingress/README.md,https://confighub.github.io/helm-expt/site/charts/longhorn-longhorn-1-11-2.html,"Use this when service exposure, TLS, or ingress ownership is the important operating choice.",42,"CustomResourceDefinition x22, Service x4, ConfigMap x3, ServiceAccount x3, ClusterRoleBinding x2, Deployment x2, ClusterRole x1, DaemonSet x1",0,none,0,yes,yes,yes,yes,oci://europe-west1-docker.pkg.dev/nth-fort-499605-q5/helm-expt/longhorn-longhorn:1.11.2@sha256:0617a692620540d997f515cba0ffc86c9cccd3b2b254d0a56698667cfc957b7f
metrics-server/metrics-server,3.13.0,default,metrics-server-metrics-server-3-13-0-default,data/confighub-example-guides/spaces/metrics-server-metrics-server-3-13-0-default/README.md,https://confighub.github.io/helm-expt/site/charts/metrics-server-metrics-server-3-13-0.html,"Use this when you want to start from the chart author's normal path, with the inputs recorded.",9,"ClusterRole x2, ClusterRoleBinding x2, APIService x1, Deployment x1, RoleBinding x1, Service x1, ServiceAccount x1",0,none,0,yes,yes,yes,yes,oci://europe-west1-docker.pkg.dev/nth-fort-499605-q5/helm-expt/metrics-server-metrics-server:3.13.0@sha256:682e4610d70e6ad31dfc87c1a04ec2172cd2e5446ae3ff1e2ecaa8c6c2356127
metrics-server/metrics-server,3.13.0,external-tls-ca,metrics-server-metrics-server-3-13-0-external-tls-ca,data/confighub-example-guides/spaces/metrics-server-metrics-server-3-13-0-external-tls-ca/README.md,https://confighub.github.io/helm-expt/site/charts/metrics-server-metrics-server-3-13-0.html,Use this when TLS CA material is supplied outside the chart.,9,"ClusterRole x2, ClusterRoleBinding x2, APIService x1, Deployment x1, RoleBinding x1, Service x1, ServiceAccount x1",1,1 Secret,0,yes,yes,yes,yes,oci://europe-west1-docker.pkg.dev/nth-fort-499605-q5/helm-expt/metrics-server-metrics-server:3.13.0@sha256:682e4610d70e6ad31dfc87c1a04ec2172cd2e5446ae3ff1e2ecaa8c6c2356127
minio-operator/operator,7.1.1,default,minio-operator-operator-7-1-1-default,data/confighub-example-guides/spaces/minio-operator-operator-7-1-1-default/README.md,https://confighub.github.io/helm-expt/site/charts/minio-operator-operator-7-1-1.html,"Use this when you want to start from the chart author's normal path, with the inputs recorded.",8,"CustomResourceDefinition x2, Service x2, ClusterRole x1, ClusterRoleBinding x1, Deployment x1, ServiceAccount x1",0,none,0,yes,yes,yes,yes,oci://europe-west1-docker.pkg.dev/nth-fort-499605-q5/helm-expt/minio-operator-operator:7.1.1@sha256:0847bb9ea8043ac6ba896416514decef6a007d9f5fbd7ecbe99bc1594377823a
minio-operator/tenant,7.1.1,default,minio-operator-tenant-7-1-1-default,data/confighub-example-guides/spaces/minio-operator-tenant-7-1-1-default/README.md,https://confighub.github.io/helm-expt/site/charts/minio-operator-tenant-7-1-1.html,"Use this when you want to start from the chart author's normal path, with the inputs recorded.",2,"Secret x1, Tenant x1",1,1 CRD,0,yes,yes,watch,watch,oci://europe-west1-docker.pkg.dev/nth-fort-499605-q5/helm-expt/minio-operator-tenant:7.1.1@sha256:361029cb96cff90bd11dbda2f31e357a3df9287f2f7eb6f461322b36e8e7da7a
nats/nack,0.34.0,default,nats-nack-0-34-0-default,data/confighub-example-guides/spaces/nats-nack-0-34-0-default/README.md,https://confighub.github.io/helm-expt/site/charts/nats-nack-0-34-0.html,"Use this when you want to start from the chart author's normal path, with the inputs recorded.",10,"CustomResourceDefinition x6, ClusterRole x1, ClusterRoleBinding x1, Deployment x1, ServiceAccount x1",0,none,0,yes,yes,yes,yes,oci://europe-west1-docker.pkg.dev/nth-fort-499605-q5/helm-expt/nats-nack:0.34.0@sha256:0deaa253cfd253e37f1611bceb58425c20ec02f374ea285736b3d31be394028a
nats/nack,0.34.0,no-crds,nats-nack-0-34-0-no-crds,data/confighub-example-guides/spaces/nats-nack-0-34-0-no-crds/README.md,https://confighub.github.io/helm-expt/site/charts/nats-nack-0-34-0.html,"Use this when your platform, GitOps bootstrap, or another chart owns the CRDs.",4,"ClusterRole x1, ClusterRoleBinding x1, Deployment x1, ServiceAccount x1",0,none,0,yes,yes,yes,yes,oci://europe-west1-docker.pkg.dev/nth-fort-499605-q5/helm-expt/nats-nack:0.34.0@sha256:0deaa253cfd253e37f1611bceb58425c20ec02f374ea285736b3d31be394028a
nats/nats,2.14.0,default,nats-nats-2-14-0-default,data/confighub-example-guides/spaces/nats-nats-2-14-0-default/README.md,https://confighub.github.io/helm-expt/site/charts/nats-nats-2-14-0.html,"Use this when you want to start from the chart author's normal path, with the inputs recorded.",7,"Service x2, ConfigMap x1, Deployment x1, PodDisruptionBudget x1, Secret x1, StatefulSet x1",0,none,0,yes,yes,yes,yes,oci://europe-west1-docker.pkg.dev/nth-fort-499605-q5/helm-expt/nats-nats:2.14.0@sha256:bf8546bb6289a3c325e6396b2da6c03f6cac3961652aefbed116063d588e745b
nats/nats,2.14.0,ha,nats-nats-2-14-0-ha,data/confighub-example-guides/spaces/nats-nats-2-14-0-ha/README.md,https://confighub.github.io/helm-expt/site/charts/nats-nats-2-14-0.html,Use this when you want the catalog's reviewed high-availability configuration.,7,"Service x2, ConfigMap x1, Deployment x1, PodDisruptionBudget x1, Secret x1, StatefulSet x1",0,none,0,yes,yes,yes,yes,oci://europe-west1-docker.pkg.dev/nth-fort-499605-q5/helm-expt/nats-nats:2.14.0@sha256:bf8546bb6289a3c325e6396b2da6c03f6cac3961652aefbed116063d588e745b
nats/surveyor,0.20.9,default,nats-surveyor-0-20-9-default,data/confighub-example-guides/spaces/nats-surveyor-0-20-9-default/README.md,https://confighub.github.io/helm-expt/site/charts/nats-surveyor-0-20-9.html,"Use this when you want to start from the chart author's normal path, with the inputs recorded.",3,"Deployment x1, Service x1, ServiceAccount x1",0,none,0,yes,no,watch,watch,oci://europe-west1-docker.pkg.dev/nth-fort-499605-q5/helm-expt/nats-surveyor:0.20.9@sha256:7d989d267c54979f5cfdc133ac9f83ea6fd520a649aa584651c60c46bc29ca4d
nats/surveyor,0.20.9,default-reviewed,nats-surveyor-0-20-9-default-reviewed,data/confighub-example-guides/spaces/nats-surveyor-0-20-9-default-reviewed/README.md,https://confighub.github.io/helm-expt/site/charts/nats-surveyor-0-20-9.html,Use this when you want a catalog-reviewed starting configuration instead of the chart's unreviewed default.,3,"Deployment x1, Service x1, ServiceAccount x1",0,none,0,yes,no,watch,watch,oci://europe-west1-docker.pkg.dev/nth-fort-499605-q5/helm-expt/nats-surveyor:0.20.9@sha256:7d989d267c54979f5cfdc133ac9f83ea6fd520a649aa584651c60c46bc29ca4d
nfs-subdir-external-provisioner/nfs-subdir-external-provisioner,4.0.18,default,nfs-subdir-external-provisioner-nfs-subdir-external-provisioner-4-0-18-default,data/confighub-example-guides/spaces/nfs-subdir-external-provisioner-nfs-subdir-external-provisioner-4-0-18-default/README.md,https://confighub.github.io/helm-expt/site/charts/nfs-subdir-external-provisioner-nfs-subdir-external-provisioner-4-0-18.html,"Use this when you want to start from the chart author's normal path, with the inputs recorded.",7,"ClusterRole x1, ClusterRoleBinding x1, Deployment x1, Role x1, RoleBinding x1, ServiceAccount x1, StorageClass x1",0,none,0,yes,no,no,no,oci://europe-west1-docker.pkg.dev/nth-fort-499605-q5/helm-expt/nfs-subdir-external-provisioner-nfs-subdir-external-provisioner:4.0.18@sha256:83561964324fb9e4bc9befa65c3d130df1cd17fd8211390203e461ee3852aa9a
nvidia/nvidia-device-plugin,0.19.3,default,nvidia-nvidia-device-plugin-0-19-3-default,data/confighub-example-guides/spaces/nvidia-nvidia-device-plugin-0-19-3-default/README.md,https://confighub.github.io/helm-expt/site/charts/nvidia-nvidia-device-plugin-0-19-3.html,"Use this when you want to start from the chart author's normal path, with the inputs recorded.",5,"DaemonSet x2, ClusterRole x1, ClusterRoleBinding x1, ServiceAccount x1",0,none,0,yes,todo,todo,todo,oci://europe-west1-docker.pkg.dev/nth-fort-499605-q5/helm-expt/nvidia-nvidia-device-plugin:0.19.3@sha256:9a4be497da7d3a34faff8bded3a878fb09528138fd3ee94539c97222b7610e07
nvidia/nvidia-device-plugin,0.19.3,eks-inference,nvidia-nvidia-device-plugin-0-19-3-eks-inference,data/confighub-example-guides/spaces/nvidia-nvidia-device-plugin-0-19-3-eks-inference/README.md,https://confighub.github.io/helm-expt/site/charts/nvidia-nvidia-device-plugin-0-19-3.html,nvidia-device-plugin eks-inference platform scheduling variant rendered from nvidia/nvidia-device-plugin@0.19.3.,5,"DaemonSet x2, ClusterRole x1, ClusterRoleBinding x1, ServiceAccount x1",0,none,0,yes,todo,todo,todo,oci://europe-west1-docker.pkg.dev/nth-fort-499605-q5/helm-expt/nvidia-nvidia-device-plugin:0.19.3@sha256:9a4be497da7d3a34faff8bded3a878fb09528138fd3ee94539c97222b7610e07
nvidia/nvidia-device-plugin,0.19.3,nfd-enabled,nvidia-nvidia-device-plugin-0-19-3-nfd-enabled,data/confighub-example-guides/spaces/nvidia-nvidia-device-plugin-0-19-3-nfd-enabled/README.md,https://confighub.github.io/helm-expt/site/charts/nvidia-nvidia-device-plugin-0-19-3.html,nvidia-device-plugin eks-inference plus node-feature-discovery variant rendered from nvidia/nvidia-device-plugin@0.19.3.,26,"ServiceAccount x5, ClusterRole x4, ClusterRoleBinding x4, CustomResourceDefinition x3, DaemonSet x3, ConfigMap x2, Deployment x2, Job x1",0,none,0,yes,todo,todo,todo,oci://europe-west1-docker.pkg.dev/nth-fort-499605-q5/helm-expt/nvidia-nvidia-device-plugin:0.19.3@sha256:9a4be497da7d3a34faff8bded3a878fb09528138fd3ee94539c97222b7610e07
open-telemetry/opentelemetry-operator,0.114.0,default,open-telemetry-opentelemetry-operator-0-114-0-default,data/confighub-example-guides/spaces/open-telemetry-opentelemetry-operator-0-114-0-default/README.md,https://confighub.github.io/helm-expt/site/charts/open-telemetry-opentelemetry-operator-0-114-0.html,"Use this when you want to start from the chart author's normal path, with the inputs recorded.",17,"CustomResourceDefinition x4, ClusterRole x2, Service x2, Certificate x1, ClusterRoleBinding x1, Deployment x1, Issuer x1, MutatingWebhookConfiguration x1",3,"2 CRDs, 1 Secret",0,yes,no,watch,watch,oci://europe-west1-docker.pkg.dev/nth-fort-499605-q5/helm-expt/open-telemetry-opentelemetry-operator:0.114.0@sha256:b6e1298c04526648e5e182fffb70d7fefe40d7809dc400699acb3e3f73abaa24
open-telemetry/opentelemetry-operator,0.114.0,no-crds,open-telemetry-opentelemetry-operator-0-114-0-no-crds,data/confighub-example-guides/spaces/open-telemetry-opentelemetry-operator-0-114-0-no-crds/README.md,https://confighub.github.io/helm-expt/site/charts/open-telemetry-opentelemetry-operator-0-114-0.html,"Use this when your platform, GitOps bootstrap, or another chart owns the CRDs.",13,"ClusterRole x2, Service x2, Certificate x1, ClusterRoleBinding x1, Deployment x1, Issuer x1, MutatingWebhookConfiguration x1, Role x1",7,"6 CRDs, 1 Secret",0,yes,no,yes,yes,oci://europe-west1-docker.pkg.dev/nth-fort-499605-q5/helm-expt/open-telemetry-opentelemetry-operator:0.114.0@sha256:b6e1298c04526648e5e182fffb70d7fefe40d7809dc400699acb3e3f73abaa24
opencost/opencost,2.5.21,default,opencost-opencost-2-5-21-default,data/confighub-example-guides/spaces/opencost-opencost-2-5-21-default/README.md,https://confighub.github.io/helm-expt/site/charts/opencost-opencost-2-5-21.html,"Use this when you want to start from the chart author's normal path, with the inputs recorded.",6,"ClusterRole x1, ClusterRoleBinding x1, ConfigMap x1, Deployment x1, Service x1, ServiceAccount x1",0,none,0,yes,no,watch,watch,oci://europe-west1-docker.pkg.dev/nth-fort-499605-q5/helm-expt/opencost-opencost:2.5.21@sha256:fe20f3373efbf0a04f374fa580de65ffb9401b0f471c41391c887edfb3859b75
percona/pg-operator,3.0.0,default,percona-pg-operator-3-0-0-default,data/confighub-example-guides/spaces/percona-pg-operator-3-0-0-default/README.md,https://confighub.github.io/helm-expt/site/charts/percona-pg-operator-3-0-0.html,"Use this when you want to start from the chart author's normal path, with the inputs recorded.",12,"CustomResourceDefinition x8, Deployment x1, Role x1, RoleBinding x1, ServiceAccount x1",0,none,0,yes,yes,yes,yes,oci://europe-west1-docker.pkg.dev/nth-fort-499605-q5/helm-expt/percona-pg-operator:3.0.0@sha256:c3afc463cdf2fe0d978fd0f2513dab3e03279dafbd1827bcb8013cd692173db1
percona/pg-operator,3.0.0,no-crds,percona-pg-operator-3-0-0-no-crds,data/confighub-example-guides/spaces/percona-pg-operator-3-0-0-no-crds/README.md,https://confighub.github.io/helm-expt/site/charts/percona-pg-operator-3-0-0.html,"Use this when your platform, GitOps bootstrap, or another chart owns the CRDs.",4,"Deployment x1, Role x1, RoleBinding x1, ServiceAccount x1",8,8 CRDs,0,yes,yes,yes,yes,oci://europe-west1-docker.pkg.dev/nth-fort-499605-q5/helm-expt/percona-pg-operator:3.0.0@sha256:c3afc463cdf2fe0d978fd0f2513dab3e03279dafbd1827bcb8013cd692173db1
percona/psmdb-operator,1.22.0,default,percona-psmdb-operator-1-22-0-default,data/confighub-example-guides/spaces/percona-psmdb-operator-1-22-0-default/README.md,https://confighub.github.io/helm-expt/site/charts/percona-psmdb-operator-1-22-0.html,"Use this when you want to start from the chart author's normal path, with the inputs recorded.",7,"CustomResourceDefinition x3, Deployment x1, Role x1, RoleBinding x1, ServiceAccount x1",0,none,0,yes,yes,yes,yes,oci://europe-west1-docker.pkg.dev/nth-fort-499605-q5/helm-expt/percona-psmdb-operator:1.22.0@sha256:9a90a52074a6eef6c5a25f4bfc52b25a56441d73f5d980482a34709194f7cb30
percona/psmdb-operator,1.22.0,no-crds,percona-psmdb-operator-1-22-0-no-crds,data/confighub-example-guides/spaces/percona-psmdb-operator-1-22-0-no-crds/README.md,https://confighub.github.io/helm-expt/site/charts/percona-psmdb-operator-1-22-0.html,"Use this when your platform, GitOps bootstrap, or another chart owns the CRDs.",4,"Deployment x1, Role x1, RoleBinding x1, ServiceAccount x1",0,none,0,yes,yes,yes,yes,oci://europe-west1-docker.pkg.dev/nth-fort-499605-q5/helm-expt/percona-psmdb-operator:1.22.0@sha256:9a90a52074a6eef6c5a25f4bfc52b25a56441d73f5d980482a34709194f7cb30
percona/pxc-operator,1.19.1,default,percona-pxc-operator-1-19-1-default,data/confighub-example-guides/spaces/percona-pxc-operator-1-19-1-default/README.md,https://confighub.github.io/helm-expt/site/charts/percona-pxc-operator-1-19-1.html,"Use this when you want to start from the chart author's normal path, with the inputs recorded.",7,"CustomResourceDefinition x3, Deployment x1, Role x1, RoleBinding x1, ServiceAccount x1",0,none,0,yes,yes,yes,yes,oci://europe-west1-docker.pkg.dev/nth-fort-499605-q5/helm-expt/percona-pxc-operator:1.19.1@sha256:bb1357840683c3f15451aa40c5af978395ed31cf45aa18ac71c1f44c3e4a7597
percona/pxc-operator,1.19.1,no-crds,percona-pxc-operator-1-19-1-no-crds,data/confighub-example-guides/spaces/percona-pxc-operator-1-19-1-no-crds/README.md,https://confighub.github.io/helm-expt/site/charts/percona-pxc-operator-1-19-1.html,"Use this when your platform, GitOps bootstrap, or another chart owns the CRDs.",4,"Deployment x1, Role x1, RoleBinding x1, ServiceAccount x1",3,3 CRDs,0,yes,no,yes,yes,oci://europe-west1-docker.pkg.dev/nth-fort-499605-q5/helm-expt/percona-pxc-operator:1.19.1@sha256:bb1357840683c3f15451aa40c5af978395ed31cf45aa18ac71c1f44c3e4a7597
projectcalico/tigera-operator,v3.32.0,default,projectcalico-tigera-operator-v3-32-0-default,data/confighub-example-guides/spaces/projectcalico-tigera-operator-v3-32-0-default/README.md,https://confighub.github.io/helm-expt/site/charts/projectcalico-tigera-operator-v3-32-0.html,"Use this when you want to start from the chart author's normal path, with the inputs recorded.",10,"ClusterRole x2, APIServer x1, ClusterRoleBinding x1, Deployment x1, Goldmane x1, Installation x1, RoleBinding x1, ServiceAccount x1",4,4 CRDs,2,yes,no,yes,yes,oci://europe-west1-docker.pkg.dev/nth-fort-499605-q5/helm-expt/projectcalico-tigera-operator:v3.32.0@sha256:c349b9f235ee64ae4743b81d2cb2d01eb5a36e765d3c634b912323ce6c7a135a
prometheus-community/alertmanager,1.37.0,default,prometheus-community-alertmanager-1-37-0-default,data/confighub-example-guides/spaces/prometheus-community-alertmanager-1-37-0-default/README.md,https://confighub.github.io/helm-expt/site/charts/prometheus-community-alertmanager-1-37-0.html,"Use this when you want to start from the chart author's normal path, with the inputs recorded.",5,"Service x2, ConfigMap x1, ServiceAccount x1, StatefulSet x1",0,none,0,yes,yes,yes,yes,oci://europe-west1-docker.pkg.dev/nth-fort-499605-q5/helm-expt/prometheus-community-alertmanager:1.37.0@sha256:f499807405ceea0ca49d34c4978dd905cfb5fcce36b53fbcb0f521260e78f04e
prometheus-community/alertmanager,1.37.0,ha,prometheus-community-alertmanager-1-37-0-ha,data/confighub-example-guides/spaces/prometheus-community-alertmanager-1-37-0-ha/README.md,https://confighub.github.io/helm-expt/site/charts/prometheus-community-alertmanager-1-37-0.html,Use this when you want the catalog's reviewed high-availability configuration.,5,"Service x2, ConfigMap x1, ServiceAccount x1, StatefulSet x1",0,none,0,yes,yes,yes,yes,oci://europe-west1-docker.pkg.dev/nth-fort-499605-q5/helm-expt/prometheus-community-alertmanager:1.37.0@sha256:f499807405ceea0ca49d34c4978dd905cfb5fcce36b53fbcb0f521260e78f04e
prometheus-community/kube-prometheus-stack,85.3.3,default,prometheus-community-kube-prometheus-stack-85-3-3-default,data/confighub-example-guides/spaces/prometheus-community-kube-prometheus-stack-85-3-3-default/README.md,https://confighub.github.io/helm-expt/site/charts/prometheus-community-kube-prometheus-stack-85-3-3.html,"Use this when you want to start from the chart author's normal path, with the inputs recorded.",124,"PrometheusRule x35, ConfigMap x31, ServiceMonitor x13, Service x11, CustomResourceDefinition x10, ServiceAccount x6, ClusterRole x4, ClusterRoleBinding x4",11,"10 CRDs, 1 Secret",8,yes,yes,yes,yes,oci://europe-west1-docker.pkg.dev/nth-fort-499605-q5/helm-expt/prometheus-community-kube-prometheus-stack:85.3.3@sha256:d2da5e6ee7bb7cebe256d494b67a05911b940d1a1c69793886a9e99e60112b85
prometheus-community/kube-prometheus-stack,85.3.3,no-crds,prometheus-community-kube-prometheus-stack-85-3-3-no-crds,data/confighub-example-guides/spaces/prometheus-community-kube-prometheus-stack-85-3-3-no-crds/README.md,https://confighub.github.io/helm-expt/site/charts/prometheus-community-kube-prometheus-stack-85-3-3.html,"Use this when your platform, GitOps bootstrap, or another chart owns the CRDs.",114,"PrometheusRule x35, ConfigMap x31, ServiceMonitor x13, Service x11, ServiceAccount x6, ClusterRole x4, ClusterRoleBinding x4, Deployment x3",11,"10 CRDs, 1 Secret",8,yes,yes,yes,yes,oci://europe-west1-docker.pkg.dev/nth-fort-499605-q5/helm-expt/prometheus-community-kube-prometheus-stack:85.3.3@sha256:d2da5e6ee7bb7cebe256d494b67a05911b940d1a1c69793886a9e99e60112b85
prometheus-community/kube-state-metrics,7.4.0,cluster-metrics-readonly,prometheus-community-kube-state-metrics-7-4-0-cluster-metrics-readonly,data/confighub-example-guides/spaces/prometheus-community-kube-state-metrics-7-4-0-cluster-metrics-readonly/README.md,https://confighub.github.io/helm-expt/site/charts/prometheus-community-kube-state-metrics-7-4-0.html,Use this when the component should read cluster metrics without modifying cluster resources.,5,"ClusterRole x1, ClusterRoleBinding x1, Deployment x1, Service x1, ServiceAccount x1",0,none,0,yes,yes,yes,yes,oci://europe-west1-docker.pkg.dev/nth-fort-499605-q5/helm-expt/prometheus-community-kube-state-metrics:7.4.0@sha256:85624ed1be4b2eab3e3316b1fe23242f4007a06abde190351f939c9ae915c251
prometheus-community/kube-state-metrics,7.4.0,default,prometheus-community-kube-state-metrics-7-4-0-default,data/confighub-example-guides/spaces/prometheus-community-kube-state-metrics-7-4-0-default/README.md,https://confighub.github.io/helm-expt/site/charts/prometheus-community-kube-state-metrics-7-4-0.html,"Use this when you want to start from the chart author's normal path, with the inputs recorded.",5,"ClusterRole x1, ClusterRoleBinding x1, Deployment x1, Service x1, ServiceAccount x1",0,none,0,yes,yes,yes,yes,oci://europe-west1-docker.pkg.dev/nth-fort-499605-q5/helm-expt/prometheus-community-kube-state-metrics:7.4.0@sha256:85624ed1be4b2eab3e3316b1fe23242f4007a06abde190351f939c9ae915c251
prometheus-community/prometheus-adapter,5.3.0,apiservice-v1-capability,prometheus-community-prometheus-adapter-5-3-0-apiservice-v1-capability,data/confighub-example-guides/spaces/prometheus-community-prometheus-adapter-5-3-0-apiservice-v1-capability/README.md,https://confighub.github.io/helm-expt/site/charts/prometheus-community-prometheus-adapter-5-3-0.html,Use this when the target cluster serves apiregistration.k8s.io/v1.,11,"ClusterRoleBinding x3, ClusterRole x2, APIService x1, ConfigMap x1, Deployment x1, RoleBinding x1, Service x1, ServiceAccount x1",0,none,0,yes,yes,yes,yes,oci://europe-west1-docker.pkg.dev/nth-fort-499605-q5/helm-expt/prometheus-community-prometheus-adapter:5.3.0@sha256:75c59e28e1813899bb3be664effb72a52b7e61b066998854e9cce718e045020d
prometheus-community/prometheus-adapter,5.3.0,cluster-metrics-readonly,prometheus-community-prometheus-adapter-5-3-0-cluster-metrics-readonly,data/confighub-example-guides/spaces/prometheus-community-prometheus-adapter-5-3-0-cluster-metrics-readonly/README.md,https://confighub.github.io/helm-expt/site/charts/prometheus-community-prometheus-adapter-5-3-0.html,Use this when the component should read cluster metrics without modifying cluster resources.,11,"ClusterRoleBinding x3, ClusterRole x2, APIService x1, ConfigMap x1, Deployment x1, RoleBinding x1, Service x1, ServiceAccount x1",0,none,0,yes,no,no,no,oci://europe-west1-docker.pkg.dev/nth-fort-499605-q5/helm-expt/prometheus-community-prometheus-adapter:5.3.0@sha256:75c59e28e1813899bb3be664effb72a52b7e61b066998854e9cce718e045020d
prometheus-community/prometheus-adapter,5.3.0,default,prometheus-community-prometheus-adapter-5-3-0-default,data/confighub-example-guides/spaces/prometheus-community-prometheus-adapter-5-3-0-default/README.md,https://confighub.github.io/helm-expt/site/charts/prometheus-community-prometheus-adapter-5-3-0.html,"Use this when you want to start from the chart author's normal path, with the inputs recorded.",11,"ClusterRoleBinding x3, ClusterRole x2, APIService x1, ConfigMap x1, Deployment x1, RoleBinding x1, Service x1, ServiceAccount x1",0,none,0,yes,no,no,no,oci://europe-west1-docker.pkg.dev/nth-fort-499605-q5/helm-expt/prometheus-community-prometheus-adapter:5.3.0@sha256:75c59e28e1813899bb3be664effb72a52b7e61b066998854e9cce718e045020d
prometheus-community/prometheus-blackbox-exporter,11.10.0,cluster-metrics-readonly,prometheus-community-prometheus-blackbox-exporter-11-10-0-cluster-metrics-readonly,data/confighub-example-guides/spaces/prometheus-community-prometheus-blackbox-exporter-11-10-0-cluster-metrics-readonly/README.md,https://confighub.github.io/helm-expt/site/charts/prometheus-community-prometheus-blackbox-exporter-11-10-0.html,Use this when the component should read cluster metrics without modifying cluster resources.,4,"ConfigMap x1, Deployment x1, Service x1, ServiceAccount x1",0,none,0,yes,yes,yes,yes,oci://europe-west1-docker.pkg.dev/nth-fort-499605-q5/helm-expt/prometheus-community-prometheus-blackbox-exporter:11.10.0@sha256:7e8bd0d4ad90ebf5cea264686245c4e486f2721aa72fb172e28735f85fa35559
prometheus-community/prometheus-blackbox-exporter,11.10.0,default,prometheus-community-prometheus-blackbox-exporter-11-10-0-default,data/confighub-example-guides/spaces/prometheus-community-prometheus-blackbox-exporter-11-10-0-default/README.md,https://confighub.github.io/helm-expt/site/charts/prometheus-community-prometheus-blackbox-exporter-11-10-0.html,"Use this when you want to start from the chart author's normal path, with the inputs recorded.",4,"ConfigMap x1, Deployment x1, Service x1, ServiceAccount x1",0,none,0,yes,yes,yes,yes,oci://europe-west1-docker.pkg.dev/nth-fort-499605-q5/helm-expt/prometheus-community-prometheus-blackbox-exporter:11.10.0@sha256:7e8bd0d4ad90ebf5cea264686245c4e486f2721aa72fb172e28735f85fa35559
prometheus-community/prometheus-node-exporter,4.55.0,cluster-metrics-readonly,prometheus-community-prometheus-node-exporter-4-55-0-cluster-metrics-readonly,data/confighub-example-guides/spaces/prometheus-community-prometheus-node-exporter-4-55-0-cluster-metrics-readonly/README.md,https://confighub.github.io/helm-expt/site/charts/prometheus-community-prometheus-node-exporter-4-55-0.html,Use this when the component should read cluster metrics without modifying cluster resources.,4,"DaemonSet x1, Service x1, ServiceAccount x1, ServiceMonitor x1",1,1 CRD,0,yes,yes,yes,yes,oci://europe-west1-docker.pkg.dev/nth-fort-499605-q5/helm-expt/prometheus-community-prometheus-node-exporter:4.55.0@sha256:b5365489a899714904a438a5a3ccb2f7a7814f1b41bc16cf8fa41638e4ffa9cd
prometheus-community/prometheus-node-exporter,4.55.0,default,prometheus-community-prometheus-node-exporter-4-55-0-default,data/confighub-example-guides/spaces/prometheus-community-prometheus-node-exporter-4-55-0-default/README.md,https://confighub.github.io/helm-expt/site/charts/prometheus-community-prometheus-node-exporter-4-55-0.html,"Use this when you want to start from the chart author's normal path, with the inputs recorded.",3,"DaemonSet x1, Service x1, ServiceAccount x1",0,none,0,yes,yes,yes,yes,oci://europe-west1-docker.pkg.dev/nth-fort-499605-q5/helm-expt/prometheus-community-prometheus-node-exporter:4.55.0@sha256:b5365489a899714904a438a5a3ccb2f7a7814f1b41bc16cf8fa41638e4ffa9cd
prometheus-community/prometheus-operator-crds,29.0.0,default,prometheus-community-prometheus-operator-crds-29-0-0-default,data/confighub-example-guides/spaces/prometheus-community-prometheus-operator-crds-29-0-0-default/README.md,https://confighub.github.io/helm-expt/site/charts/prometheus-community-prometheus-operator-crds-29-0-0.html,"Use this when you want to start from the chart author's normal path, with the inputs recorded.",10,CustomResourceDefinition x10,0,none,0,yes,yes,yes,yes,oci://europe-west1-docker.pkg.dev/nth-fort-499605-q5/helm-expt/prometheus-community-prometheus-operator-crds:29.0.0@sha256:923b79c94ab4d966ae66cc7b6e2ddc199d042ebe5ea16942d197dc2a12fdec42
prometheus-community/prometheus-pushgateway,3.6.0,default,prometheus-community-prometheus-pushgateway-3-6-0-default,data/confighub-example-guides/spaces/prometheus-community-prometheus-pushgateway-3-6-0-default/README.md,https://confighub.github.io/helm-expt/site/charts/prometheus-community-prometheus-pushgateway-3-6-0.html,"Use this when you want to start from the chart author's normal path, with the inputs recorded.",3,"Deployment x1, Service x1, ServiceAccount x1",0,none,0,yes,yes,yes,yes,oci://europe-west1-docker.pkg.dev/nth-fort-499605-q5/helm-expt/prometheus-community-prometheus-pushgateway:3.6.0@sha256:0018337ac8b9d81ccce8b98c7bbcf09fac81b9e5706b3c59113d8748492b719b
prometheus-community/prometheus,29.8.0,default,prometheus-community-prometheus-29-8-0-default,data/confighub-example-guides/spaces/prometheus-community-prometheus-29-8-0-default/README.md,https://confighub.github.io/helm-expt/site/charts/prometheus-community-prometheus-29-8-0.html,"Use this when you want to start from the chart author's normal path, with the inputs recorded.",23,"Service x6, ServiceAccount x5, Deployment x3, ClusterRole x2, ClusterRoleBinding x2, ConfigMap x2, DaemonSet x1, PersistentVolumeClaim x1",0,none,0,yes,yes,yes,yes,oci://europe-west1-docker.pkg.dev/nth-fort-499605-q5/helm-expt/prometheus-community-prometheus:29.8.0@sha256:2e329a09d75c78f2b078df4314a18a7ef1259082bc7f0cca9a62642e62113af3
prometheus-community/prometheus,29.8.0,server-only-ephemeral,prometheus-community-prometheus-29-8-0-server-only-ephemeral,data/confighub-example-guides/spaces/prometheus-community-prometheus-29-8-0-server-only-ephemeral/README.md,https://confighub.github.io/helm-expt/site/charts/prometheus-community-prometheus-29-8-0.html,Use this when you want a smaller configuration for first tests or local use.,6,"ClusterRole x1, ClusterRoleBinding x1, ConfigMap x1, Deployment x1, Service x1, ServiceAccount x1",0,none,0,yes,yes,yes,yes,oci://europe-west1-docker.pkg.dev/nth-fort-499605-q5/helm-expt/prometheus-community-prometheus:29.8.0@sha256:2e329a09d75c78f2b078df4314a18a7ef1259082bc7f0cca9a62642e62113af3
rook-release/rook-ceph-cluster,v1.19.5,default,rook-release-rook-ceph-cluster-v1-19-5-default,data/confighub-example-guides/spaces/rook-release-rook-ceph-cluster-v1-19-5-default/README.md,https://confighub.github.io/helm-expt/site/charts/rook-release-rook-ceph-cluster-v1-19-5.html,"Use this when you want to start from the chart author's normal path, with the inputs recorded.",27,"ServiceAccount x7, RoleBinding x6, Role x4, StorageClass x3, ClusterRoleBinding x2, CephBlockPool x1, CephCluster x1, CephFilesystem x1",6,"5 CRDs, 1 other item",0,yes,yes,no,no,oci://europe-west1-docker.pkg.dev/nth-fort-499605-q5/helm-expt/rook-release-rook-ceph-cluster:v1.19.5@sha256:a85479c01667c8c575223e2f68de07b51cd8b84de24776b12553f2f23583728a
rook-release/rook-ceph,v1.19.5,default,rook-release-rook-ceph-v1-19-5-default,data/confighub-example-guides/spaces/rook-release-rook-ceph-v1-19-5-default/README.md,https://confighub.github.io/helm-expt/site/charts/rook-release-rook-ceph-v1-19-5.html,"Use this when you want to start from the chart author's normal path, with the inputs recorded.",133,"ClusterRole x33, CustomResourceDefinition x25, ServiceAccount x22, ClusterRoleBinding x20, RoleBinding x16, Role x14, Deployment x2, ConfigMap x1",0,none,0,yes,yes,yes,yes,oci://europe-west1-docker.pkg.dev/nth-fort-499605-q5/helm-expt/rook-release-rook-ceph:v1.19.5@sha256:b996f273c1777c2ac07fae823ad3932d8295072cd03e5384c0f1eb6afcaf32d7
runix/pgadmin4,1.62.0,default,runix-pgadmin4-1-62-0-default,data/confighub-example-guides/spaces/runix-pgadmin4-1-62-0-default/README.md,https://confighub.github.io/helm-expt/site/charts/runix-pgadmin4-1-62-0.html,"Use this when you want to start from the chart author's normal path, with the inputs recorded.",5,"Deployment x1, NetworkPolicy x1, PersistentVolumeClaim x1, Secret x1, Service x1",0,none,0,yes,yes,yes,yes,oci://europe-west1-docker.pkg.dev/nth-fort-499605-q5/helm-expt/runix-pgadmin4:1.62.0@sha256:1cd9dc2c01444724376921ec8f500ecd7791282ac0dfe50e51e041bf13c8c0fd
sealed-secrets/sealed-secrets,2.18.6,default,sealed-secrets-sealed-secrets-2-18-6-default,data/confighub-example-guides/spaces/sealed-secrets-sealed-secrets-2-18-6-default/README.md,https://confighub.github.io/helm-expt/site/charts/sealed-secrets-sealed-secrets-2-18-6.html,"Use this when you want to start from the chart author's normal path, with the inputs recorded.",11,"Role x2, RoleBinding x2, Service x2, ClusterRole x1, ClusterRoleBinding x1, CustomResourceDefinition x1, Deployment x1, ServiceAccount x1",0,none,0,yes,yes,yes,yes,oci://europe-west1-docker.pkg.dev/nth-fort-499605-q5/helm-expt/sealed-secrets-sealed-secrets:2.18.6@sha256:15945be88b50c3b451a86f077258621434e78768b7655be0f758504849af8aa6
sealed-secrets/sealed-secrets,2.18.6,no-crds,sealed-secrets-sealed-secrets-2-18-6-no-crds,data/confighub-example-guides/spaces/sealed-secrets-sealed-secrets-2-18-6-no-crds/README.md,https://confighub.github.io/helm-expt/site/charts/sealed-secrets-sealed-secrets-2-18-6.html,"Use this when your platform, GitOps bootstrap, or another chart owns the CRDs.",10,"Role x2, RoleBinding x2, Service x2, ClusterRole x1, ClusterRoleBinding x1, Deployment x1, ServiceAccount x1",0,none,0,yes,yes,yes,yes,oci://europe-west1-docker.pkg.dev/nth-fort-499605-q5/helm-expt/sealed-secrets-sealed-secrets:2.18.6@sha256:15945be88b50c3b451a86f077258621434e78768b7655be0f758504849af8aa6
secrets-store-csi-driver/secrets-store-csi-driver,1.6.0,default,secrets-store-csi-driver-secrets-store-csi-driver-1-6-0-default,data/confighub-example-guides/spaces/secrets-store-csi-driver-secrets-store-csi-driver-1-6-0-default/README.md,https://confighub.github.io/helm-expt/site/charts/secrets-store-csi-driver-secrets-store-csi-driver-1-6-0.html,"Use this when you want to start from the chart author's normal path, with the inputs recorded.",10,"ClusterRole x4, CustomResourceDefinition x2, ClusterRoleBinding x1, CSIDriver x1, DaemonSet x1, ServiceAccount x1",0,none,0,yes,yes,yes,yes,oci://europe-west1-docker.pkg.dev/nth-fort-499605-q5/helm-expt/secrets-store-csi-driver-secrets-store-csi-driver:1.6.0@sha256:82d30ba796f0dc7cee0fcc6e385fa42fb151d3de62604a1639160bbab4ee7791
secrets-store-csi-driver/secrets-store-csi-driver,1.6.0,sync-secret-rotation,secrets-store-csi-driver-secrets-store-csi-driver-1-6-0-sync-secret-rotation,data/confighub-example-guides/spaces/secrets-store-csi-driver-secrets-store-csi-driver-1-6-0-sync-secret-rotation/README.md,https://confighub.github.io/helm-expt/site/charts/secrets-store-csi-driver-secrets-store-csi-driver-1-6-0.html,Use this when Secret sync and rotation are the operating choice you want to test.,12,"ClusterRole x5, ClusterRoleBinding x2, CustomResourceDefinition x2, CSIDriver x1, DaemonSet x1, ServiceAccount x1",0,none,0,yes,yes,yes,yes,oci://europe-west1-docker.pkg.dev/nth-fort-499605-q5/helm-expt/secrets-store-csi-driver-secrets-store-csi-driver:1.6.0@sha256:82d30ba796f0dc7cee0fcc6e385fa42fb151d3de62604a1639160bbab4ee7791
stakater/reloader,2.2.12,controller-default-reviewed,stakater-reloader-2-2-12-controller-default-reviewed,data/confighub-example-guides/spaces/stakater-reloader-2-2-12-controller-default-reviewed/README.md,https://confighub.github.io/helm-expt/site/charts/stakater-reloader-2-2-12.html,Use this when you want a catalog-reviewed starting configuration instead of the chart's unreviewed default.,6,"ClusterRole x1, ClusterRoleBinding x1, Deployment x1, Role x1, RoleBinding x1, ServiceAccount x1",0,none,0,yes,yes,yes,yes,oci://europe-west1-docker.pkg.dev/nth-fort-499605-q5/helm-expt/stakater-reloader:2.2.12@sha256:323738c02d856ca2fdcb958802e14af4b13ed2cfd3b5e863549d4ad1bf257ffb
stakater/reloader,2.2.12,default,stakater-reloader-2-2-12-default,data/confighub-example-guides/spaces/stakater-reloader-2-2-12-default/README.md,https://confighub.github.io/helm-expt/site/charts/stakater-reloader-2-2-12.html,"Use this when you want to start from the chart author's normal path, with the inputs recorded.",6,"ClusterRole x1, ClusterRoleBinding x1, Deployment x1, Role x1, RoleBinding x1, ServiceAccount x1",0,none,0,yes,yes,yes,yes,oci://europe-west1-docker.pkg.dev/nth-fort-499605-q5/helm-expt/stakater-reloader:2.2.12@sha256:323738c02d856ca2fdcb958802e14af4b13ed2cfd3b5e863549d4ad1bf257ffb
strimzi/strimzi-kafka-operator,1.0.0,default,strimzi-strimzi-kafka-operator-1-0-0-default,data/confighub-example-guides/spaces/strimzi-strimzi-kafka-operator-1-0-0-default/README.md,https://confighub.github.io/helm-expt/site/charts/strimzi-strimzi-kafka-operator-1-0-0.html,"Use this when you want to start from the chart author's normal path, with the inputs recorded.",27,"CustomResourceDefinition x10, ClusterRole x7, RoleBinding x4, ClusterRoleBinding x3, ConfigMap x1, Deployment x1, ServiceAccount x1",0,none,0,yes,yes,yes,yes,oci://europe-west1-docker.pkg.dev/nth-fort-499605-q5/helm-expt/strimzi-strimzi-kafka-operator:1.0.0@sha256:40ed335861aea2a9559c150936ea3eb2eeca59c4015bda3b40160890a0632848
strimzi/strimzi-kafka-operator,1.0.0,no-crds,strimzi-strimzi-kafka-operator-1-0-0-no-crds,data/confighub-example-guides/spaces/strimzi-strimzi-kafka-operator-1-0-0-no-crds/README.md,https://confighub.github.io/helm-expt/site/charts/strimzi-strimzi-kafka-operator-1-0-0.html,"Use this when your platform, GitOps bootstrap, or another chart owns the CRDs.",17,"ClusterRole x7, RoleBinding x4, ClusterRoleBinding x3, ConfigMap x1, Deployment x1, ServiceAccount x1",10,10 CRDs,0,yes,no,yes,yes,oci://europe-west1-docker.pkg.dev/nth-fort-499605-q5/helm-expt/strimzi-strimzi-kafka-operator:1.0.0@sha256:40ed335861aea2a9559c150936ea3eb2eeca59c4015bda3b40160890a0632848
traefik/traefik,40.2.0,default,traefik-traefik-40-2-0-default,data/confighub-example-guides/spaces/traefik-traefik-40-2-0-default/README.md,https://confighub.github.io/helm-expt/site/charts/traefik-traefik-40-2-0.html,"Use this when you want to start from the chart author's normal path, with the inputs recorded.",31,"CustomResourceDefinition x25, ClusterRole x1, ClusterRoleBinding x1, Deployment x1, IngressClass x1, Service x1, ServiceAccount x1",0,none,0,yes,yes,yes,yes,oci://europe-west1-docker.pkg.dev/nth-fort-499605-q5/helm-expt/traefik-traefik:40.2.0@sha256:b127b8df699116a6e6252bcf5a1199c2a32640b7e99de2e45fd507dd29022535
traefik/traefik,40.2.0,no-crds,traefik-traefik-40-2-0-no-crds,data/confighub-example-guides/spaces/traefik-traefik-40-2-0-no-crds/README.md,https://confighub.github.io/helm-expt/site/charts/traefik-traefik-40-2-0.html,"Use this when your platform, GitOps bootstrap, or another chart owns the CRDs.",6,"ClusterRole x1, ClusterRoleBinding x1, Deployment x1, IngressClass x1, Service x1, ServiceAccount x1",0,none,0,yes,yes,watch,watch,oci://europe-west1-docker.pkg.dev/nth-fort-499605-q5/helm-expt/traefik-traefik:40.2.0@sha256:b127b8df699116a6e6252bcf5a1199c2a32640b7e99de2e45fd507dd29022535
valkey/valkey,0.11.0,default,valkey-valkey-0-11-0-default,data/confighub-example-guides/spaces/valkey-valkey-0-11-0-default/README.md,https://confighub.github.io/helm-expt/site/charts/valkey-valkey-0-11-0.html,"Use this when you want to start from the chart author's normal path, with the inputs recorded.",4,"ConfigMap x1, Deployment x1, Service x1, ServiceAccount x1",0,none,0,yes,todo,todo,todo,oci://europe-west1-docker.pkg.dev/nth-fort-499605-q5/helm-expt/valkey-valkey:0.11.0@sha256:79a341b9ba34bf1de694eb2094ef19be67454f3783c6eea3792f651501b4808f
velero/velero,12.0.1,default,velero-velero-12-0-1-default,data/confighub-example-guides/spaces/velero-velero-12-0-1-default/README.md,https://confighub.github.io/helm-expt/site/charts/velero-velero-12-0-1.html,"Use this when you want to start from the chart author's normal path, with the inputs recorded.",23,"CustomResourceDefinition x13, BackupStorageLocation x1, ClusterRoleBinding x1, ConfigMap x1, Deployment x1, Role x1, RoleBinding x1, Secret x1",0,none,0,yes,no,no,no,oci://europe-west1-docker.pkg.dev/nth-fort-499605-q5/helm-expt/velero-velero:12.0.1@sha256:8ef67eb54e2a8457c08fdaa97ad41edea5b85c5f7e0b600fa157f3e64f19017e
velero/velero,12.0.1,no-crds,velero-velero-12-0-1-no-crds,data/confighub-example-guides/spaces/velero-velero-12-0-1-no-crds/README.md,https://confighub.github.io/helm-expt/site/charts/velero-velero-12-0-1.html,"Use this when your platform, GitOps bootstrap, or another chart owns the CRDs.",10,"BackupStorageLocation x1, ClusterRoleBinding x1, ConfigMap x1, Deployment x1, Role x1, RoleBinding x1, Secret x1, Service x1",0,none,0,yes,no,no,no,oci://europe-west1-docker.pkg.dev/nth-fort-499605-q5/helm-expt/velero-velero:12.0.1@sha256:8ef67eb54e2a8457c08fdaa97ad41edea5b85c5f7e0b600fa157f3e64f19017e
vm/victoria-logs-single,0.12.5,default,vm-victoria-logs-single-0-12-5-default,data/confighub-example-guides/spaces/vm-victoria-logs-single-0-12-5-default/README.md,https://confighub.github.io/helm-expt/site/charts/vm-victoria-logs-single-0-12-5.html,"Use this when you want to start from the chart author's normal path, with the inputs recorded.",2,"Service x1, StatefulSet x1",0,none,0,yes,yes,yes,yes,oci://europe-west1-docker.pkg.dev/nth-fort-499605-q5/helm-expt/vm-victoria-logs-single:0.12.5@sha256:600a3ea933d9ffa94358d653ab77560ad1356d48c4b3b3f06cbbfb0845438686
vm/victoria-metrics-single,0.39.0,default,vm-victoria-metrics-single-0-39-0-default,data/confighub-example-guides/spaces/vm-victoria-metrics-single-0-39-0-default/README.md,https://confighub.github.io/helm-expt/site/charts/vm-victoria-metrics-single-0-39-0.html,"Use this when you want to start from the chart author's normal path, with the inputs recorded.",3,"Service x1, ServiceAccount x1, StatefulSet x1",0,none,0,yes,yes,yes,yes,oci://europe-west1-docker.pkg.dev/nth-fort-499605-q5/helm-expt/vm-victoria-metrics-single:0.39.0@sha256:b90babd40294c989155732abdc1848634c2478d0496e14a3eaec08d5a91f9195
vm/victoria-metrics-single,0.39.0,default-reviewed,vm-victoria-metrics-single-0-39-0-default-reviewed,data/confighub-example-guides/spaces/vm-victoria-metrics-single-0-39-0-default-reviewed/README.md,https://confighub.github.io/helm-expt/site/charts/vm-victoria-metrics-single-0-39-0.html,Use this when you want a catalog-reviewed starting configuration instead of the chart's unreviewed default.,3,"Service x1, ServiceAccount x1, StatefulSet x1",0,none,0,yes,yes,yes,yes,oci://europe-west1-docker.pkg.dev/nth-fort-499605-q5/helm-expt/vm-victoria-metrics-single:0.39.0@sha256:b90babd40294c989155732abdc1848634c2478d0496e14a3eaec08d5a91f9195
