chart,version,variant,lane,lane_label,state,reason,next_action,support_artifact,owner,completion_class,command
aqua/trivy-operator,0.32.1,default,promotion,variant-promotion (proven-with-watch),watch,"server-side promotion mechanics passed, but changeset-bound promote failed and required the no-changeset fallback","resolve https://github.com/confighub/helm-expt/issues/682, then rerun the promotion receipt for a full pass",runs/trivy-operator-default-confighub-proof/latest/variant-promotion-receipt.yaml,catalog/promotion,already-decided,
aqua/trivy-operator,0.32.1,no-crds,promotion,variant-promotion (proven-with-watch),watch,"server-side promotion mechanics passed, but changeset-bound promote failed and required the no-changeset fallback","resolve https://github.com/confighub/helm-expt/issues/682, then rerun the promotion receipt for a full pass",runs/trivy-operator-no-crds-confighub-proof/latest/variant-promotion-receipt.yaml,catalog/promotion,already-decided,
argo-cd/argo-cd,9.5.15,default,promotion,variant-promotion (proven-with-watch),watch,"server-side promotion mechanics passed, but changeset-bound promote failed and required the no-changeset fallback","resolve https://github.com/confighub/helm-expt/issues/682, then rerun the promotion receipt for a full pass",runs/argo-cd-confighub-proof/latest/variant-promotion-receipt.yaml,catalog/promotion,already-decided,
argo-cd/argo-cd,9.5.15,no-crds,K,two-cluster-kind,blocked,upstream: single-cluster local live is blocked (missing prerequisite (mount/secret/config)),resolve the local-live prerequisite first; the live lanes inherit it,runs/live-kind-parity/argo-cd-argo-cd-no-crds/receipt.yaml,either,needs-target-or-prereq-fix,
argo-cd/argo-cd,9.5.15,no-crds,L,local-live,blocked,local-live blocked: Helm equivalence receipt and installer setupCheck present,resolve the local-live blocker first (local_kind_kubectl_apply); the live lanes inherit it,,tooling/target,needs-target-or-prereq-fix,
argo-cd/argo-cd,9.5.15,no-crds,promotion,variant-promotion (proven-with-watch),watch,"server-side promotion mechanics passed, but changeset-bound promote failed and required the no-changeset fallback","resolve https://github.com/confighub/helm-expt/issues/682, then rerun the promotion receipt for a full pass",runs/argo-cd-no-crds-confighub-proof/latest/variant-promotion-receipt.yaml,catalog/promotion,already-decided,
argo-cd/argo-cd,9.5.17,default,G,gitops-oci-live,watch,gitops-runtime: child Argo Application not materialized (parity passed),"Review the controller-health residue (aggregate vs per-resource health, sync state) and refresh the gitops-runtime-review support artifact.",recipes/argo-cd/argo-cd/9.5.17/gitops-runtime-review.yaml,needs GitOps controller-health review,already-decided,npm run live-parity:run -- --recipe recipes/argo-cd/argo-cd/9.5.17 --base default
argo-cd/argo-cd,9.5.17,default,K,two-cluster-kind,todo,single-cluster local live passes; this live lane is runnable but not yet recorded,run the two-cluster kind parity lane,runs/live-kind-parity/argo-cd-argo-cd-default/receipt.yaml,either,needs-run,
argo-cd/argo-cd,9.5.17,default,P,live-helm-vs-confighub-parity,watch,gitops-runtime: child Argo Application not materialized (parity passed),"Review the controller-health residue (aggregate vs per-resource health, sync state) and refresh the gitops-runtime-review support artifact.",recipes/argo-cd/argo-cd/9.5.17/gitops-runtime-review.yaml,needs GitOps controller-health review,already-decided,npm run live-parity:run -- --recipe recipes/argo-cd/argo-cd/9.5.17 --base default
argo-cd/argo-cd,9.5.17,default,promotion,variant-promotion (proven-with-watch),watch,"server-side promotion mechanics passed, but changeset-bound promote failed and required the no-changeset fallback","resolve https://github.com/confighub/helm-expt/issues/682, then rerun the promotion receipt for a full pass",runs/argo-cd-9517-default-confighub-proof/latest/variant-promotion-receipt.yaml,catalog/promotion,already-decided,
argo-cd/argo-cd,9.5.17,no-crds,promotion,variant-promotion (proven-with-watch),watch,"server-side promotion mechanics passed, but changeset-bound promote failed and required the no-changeset fallback","resolve https://github.com/confighub/helm-expt/issues/682, then rerun the promotion receipt for a full pass",runs/argo-cd-9517-no-crds-confighub-proof/latest/variant-promotion-receipt.yaml,catalog/promotion,already-decided,
argo-cd/argo-events,2.4.21,default,promotion,variant-promotion (proven-with-watch),watch,"server-side promotion mechanics passed, but changeset-bound promote failed and required the no-changeset fallback","resolve https://github.com/confighub/helm-expt/issues/682, then rerun the promotion receipt for a full pass",runs/argo-events-default-confighub-proof/latest/variant-promotion-receipt.yaml,catalog/promotion,already-decided,
argo-cd/argo-events,2.4.21,no-crds,promotion,variant-promotion (proven-with-watch),watch,"server-side promotion mechanics passed, but changeset-bound promote failed and required the no-changeset fallback","resolve https://github.com/confighub/helm-expt/issues/682, then rerun the promotion receipt for a full pass",runs/argo-events-no-crds-confighub-proof/latest/variant-promotion-receipt.yaml,catalog/promotion,already-decided,
argo-cd/argo-rollouts,2.40.9,default,promotion,variant-promotion (proven-with-watch),watch,"server-side promotion mechanics passed, but changeset-bound promote failed and required the no-changeset fallback","resolve https://github.com/confighub/helm-expt/issues/682, then rerun the promotion receipt for a full pass",runs/argo-rollouts-default-confighub-proof/latest/variant-promotion-receipt.yaml,catalog/promotion,already-decided,
argo-cd/argo-rollouts,2.40.9,no-crds,promotion,variant-promotion (proven-with-watch),watch,"server-side promotion mechanics passed, but changeset-bound promote failed and required the no-changeset fallback","resolve https://github.com/confighub/helm-expt/issues/682, then rerun the promotion receipt for a full pass",runs/argo-rollouts-no-crds-confighub-proof/latest/variant-promotion-receipt.yaml,catalog/promotion,already-decided,
argo-cd/argo-workflows,1.0.14,controller-default-reviewed,L,local-live,blocked,local-live blocked: Helm equivalence receipt and installer setupCheck present,resolve the local-live blocker first (local_kind_kubectl_apply); the live lanes inherit it,,tooling/target,needs-target-or-prereq-fix,
argo-cd/argo-workflows,1.0.14,controller-default-reviewed,lifecycle,lifecycle-observed,todo,lifecycle route(s) defined (todo:1) but not yet observed live,observe the routed lifecycle action and record a receipt (see lifecycle-route-actions),data/lifecycle-routes/summary.md,catalog,needs-run,
argo-cd/argo-workflows,1.0.14,controller-default-reviewed,promotion,variant-promotion (proven-with-watch),watch,"server-side promotion mechanics passed, but changeset-bound promote failed and required the no-changeset fallback","resolve https://github.com/confighub/helm-expt/issues/682, then rerun the promotion receipt for a full pass",runs/argo-workflows-controller-default-reviewed-confighub-proof/latest/variant-promotion-receipt.yaml,catalog/promotion,already-decided,
argo-cd/argo-workflows,1.0.14,default,L,local-live,blocked,local-live blocked: Helm equivalence receipt and installer setupCheck present,resolve the local-live blocker first (local_kind_kubectl_apply); the live lanes inherit it,,tooling/target,needs-target-or-prereq-fix,
argo-cd/argo-workflows,1.0.14,default,lifecycle,lifecycle-observed,todo,lifecycle route(s) defined (todo:1) but not yet observed live,observe the routed lifecycle action and record a receipt (see lifecycle-route-actions),data/lifecycle-routes/summary.md,catalog,needs-run,
argo-cd/argo-workflows,1.0.14,default,promotion,variant-promotion (proven-with-watch),watch,"server-side promotion mechanics passed, but changeset-bound promote failed and required the no-changeset fallback","resolve https://github.com/confighub/helm-expt/issues/682, then rerun the promotion receipt for a full pass",runs/argo-workflows-default-confighub-proof/latest/variant-promotion-receipt.yaml,catalog/promotion,already-decided,
argo-cd/argo-workflows,1.0.14,minimal-crds,lifecycle,lifecycle-observed,todo,lifecycle route(s) defined (todo:1) but not yet observed live,observe the routed lifecycle action and record a receipt (see lifecycle-route-actions),data/lifecycle-routes/summary.md,catalog,needs-run,
argo-cd/argo-workflows,1.0.14,minimal-crds,promotion,variant-promotion (proven-with-watch),watch,"server-side promotion mechanics passed, but changeset-bound promote failed and required the no-changeset fallback","resolve https://github.com/confighub/helm-expt/issues/682, then rerun the promotion receipt for a full pass",runs/argo-workflows-minimal-crds-confighub-proof/latest/variant-promotion-receipt.yaml,catalog/promotion,already-decided,
argo-cd/argocd-image-updater,1.2.2,default,lifecycle,lifecycle-observed,todo,chart has hook/lifecycle behavior with no live observation yet,"decide and record the lifecycle route, then observe it live",,catalog,needs-run,
argo-cd/argocd-image-updater,1.2.2,default,promotion,variant-promotion (proven-with-watch),watch,"server-side promotion mechanics passed, but changeset-bound promote failed and required the no-changeset fallback","resolve https://github.com/confighub/helm-expt/issues/682, then rerun the promotion receipt for a full pass",runs/argocd-image-updater-default-confighub-proof/latest/variant-promotion-receipt.yaml,catalog/promotion,already-decided,
autoscaler/cluster-autoscaler,9.57.0,controller-default-reviewed,K,two-cluster-kind,blocked,no target fact value generator for autoDiscovery.clusterName,"Catalog work: add the missing target-fact value generator, then rerun.",runs/live-kind-parity/autoscaler-cluster-autoscaler-controller-default-reviewed/receipt.yaml,catalog,needs-modeling,
autoscaler/cluster-autoscaler,9.57.0,controller-default-reviewed,promotion,variant-promotion (proven-with-watch),watch,"server-side promotion mechanics passed, but changeset-bound promote failed and required the no-changeset fallback","resolve https://github.com/confighub/helm-expt/issues/682, then rerun the promotion receipt for a full pass",runs/cluster-autoscaler-controller-default-reviewed-confighub-proof/latest/variant-promotion-receipt.yaml,catalog/promotion,already-decided,
autoscaler/cluster-autoscaler,9.57.0,default,K,two-cluster-kind,watch,render-input: required Helm values missing (parity passed),"Provide the required values in the base/variant, then the row can move to pass.",runs/live-kind-parity/autoscaler-cluster-autoscaler-default/receipt.yaml,user,already-decided,npm run kind-parity:run -- --recipe recipes/autoscaler/cluster-autoscaler/9.57.0 --base default
autoscaler/cluster-autoscaler,9.57.0,default,promotion,variant-promotion (proven-with-watch),watch,"server-side promotion mechanics passed, but changeset-bound promote failed and required the no-changeset fallback","resolve https://github.com/confighub/helm-expt/issues/682, then rerun the promotion receipt for a full pass",runs/cluster-autoscaler-default-confighub-proof/latest/variant-promotion-receipt.yaml,catalog/promotion,already-decided,
autoscaler/vertical-pod-autoscaler,0.9.0,default,promotion,variant-promotion (proven-with-watch),watch,"server-side promotion mechanics passed, but changeset-bound promote failed and required the no-changeset fallback","resolve https://github.com/confighub/helm-expt/issues/682, then rerun the promotion receipt for a full pass",runs/vertical-pod-autoscaler-default-confighub-proof/latest/variant-promotion-receipt.yaml,catalog/promotion,already-decided,
autoscaler/vertical-pod-autoscaler,0.9.0,no-crds,promotion,variant-promotion (proven-with-watch),watch,"server-side promotion mechanics passed, but changeset-bound promote failed and required the no-changeset fallback","resolve https://github.com/confighub/helm-expt/issues/682, then rerun the promotion receipt for a full pass",runs/vertical-pod-autoscaler-no-crds-confighub-proof/latest/variant-promotion-receipt.yaml,catalog/promotion,already-decided,
aws-ebs-csi-driver/aws-ebs-csi-driver,2.60.1,default,G,gitops-oci-live,watch,target-fit: AWS/EKS metadata or provider identity missing on vanilla kind (parity passed),"Review the target-topology support artifact, choose a target with the required platform behavior, or create a target-scoped base before rerunning.",recipes/aws-ebs-csi-driver/aws-ebs-csi-driver/2.60.1/target-topology.yaml,user or catalog,already-decided,npm run live-parity:run -- --recipe recipes/aws-ebs-csi-driver/aws-ebs-csi-driver/2.60.1 --base default
aws-ebs-csi-driver/aws-ebs-csi-driver,2.60.1,default,K,two-cluster-kind,blocked,semantic object parity issue: missing=0 extra=1 diffs=2; extra=v1|Namespace||default; objects=apps/v1|Deployment|default|ebs-csi-controller; storage.k8s.io/v1|CSIDriver||ebs.csi.aws.com,"Catalog work: update the base, render context, target facts, or semantic contract so the installer package matches the live Helm result, then rerun.",runs/live-kind-parity/aws-ebs-csi-driver-aws-ebs-csi-driver-default/receipt.yaml,catalog,needs-modeling,
aws-ebs-csi-driver/aws-ebs-csi-driver,2.60.1,default,L,local-live,fail,local-live fail: Helm equivalence receipt and installer setupCheck present,resolve the local-live blocker first (local_kind_kubectl_apply;confighub_oci_argo_live;live_helm_vs_confighub_dual_compare); the live lanes inherit it,recipes/aws-ebs-csi-driver/aws-ebs-csi-driver/2.60.1/target-topology.yaml,tooling/target,needs-target-or-prereq-fix,npm run live-parity:run -- --recipe recipes/aws-ebs-csi-driver/aws-ebs-csi-driver/2.60.1 --base default
aws-ebs-csi-driver/aws-ebs-csi-driver,2.60.1,default,P,live-helm-vs-confighub-parity,watch,target-fit: AWS/EKS metadata or provider identity missing on vanilla kind (parity passed),"Review the target-topology support artifact, choose a target with the required platform behavior, or create a target-scoped base before rerunning.",recipes/aws-ebs-csi-driver/aws-ebs-csi-driver/2.60.1/target-topology.yaml,user or catalog,already-decided,npm run live-parity:run -- --recipe recipes/aws-ebs-csi-driver/aws-ebs-csi-driver/2.60.1 --base default
aws-ebs-csi-driver/aws-ebs-csi-driver,2.60.1,default,promotion,variant-promotion (proven-with-watch),watch,"server-side promotion mechanics passed, but changeset-bound promote failed and required the no-changeset fallback","resolve https://github.com/confighub/helm-expt/issues/682, then rerun the promotion receipt for a full pass",runs/aws-ebs-csi-driver-default-confighub-proof/latest/variant-promotion-receipt.yaml,catalog/promotion,already-decided,
bitnami/apache,11.4.29,default,G,gitops-oci-live,watch,remote-image: image pull failed or pinned image is unavailable (parity passed),"Resolve the image by digest, override to a maintained image, or refresh the catalog base with a pullable image, then rerun the live lane.",data/image-digest-workdown/summary.md,catalog or image publisher,already-decided,npm run live-parity:run -- --recipe recipes/bitnami/apache/11.4.29 --base default --repo-url oci://registry-1.docker.io/bitnamicharts
bitnami/apache,11.4.29,default,K,two-cluster-kind,blocked,remote-image: image pull failed or pinned image is unavailable (parity passed),"Resolve the image by digest, override to a maintained image, or refresh the catalog base with a pullable image, then rerun.",runs/live-kind-parity/bitnami-apache-default/receipt.yaml,catalog or image publisher,needs-modeling,
bitnami/apache,11.4.29,default,L,local-live,blocked,local-live blocked: Helm equivalence receipt and installer setupCheck present,resolve the local-live blocker first (local_kind_kubectl_apply;confighub_oci_argo_live;live_helm_vs_confighub_dual_compare); the live lanes inherit it,data/image-digest-workdown/summary.md,tooling/target,needs-target-or-prereq-fix,npm run live-parity:run -- --recipe recipes/bitnami/apache/11.4.29 --base default --repo-url oci://registry-1.docker.io/bitnamicharts
bitnami/apache,11.4.29,default,P,live-helm-vs-confighub-parity,watch,remote-image: image pull failed or pinned image is unavailable (parity passed),"Resolve the image by digest, override to a maintained image, or refresh the catalog base with a pullable image, then rerun the live lane.",data/image-digest-workdown/summary.md,catalog or image publisher,already-decided,npm run live-parity:run -- --recipe recipes/bitnami/apache/11.4.29 --base default --repo-url oci://registry-1.docker.io/bitnamicharts
bitnami/apache,11.4.29,default,promotion,variant-promotion (proven-with-watch),watch,"server-side promotion mechanics passed, but changeset-bound promote failed and required the no-changeset fallback","resolve https://github.com/confighub/helm-expt/issues/682, then rerun the promotion receipt for a full pass",runs/cl-apache-11-4-29-default-confighub-proof/latest/variant-promotion-receipt.yaml,catalog/promotion,already-decided,
bitnami/contour,21.1.4,default,G,gitops-oci-live,watch,remote-image: image pull failed or pinned image is unavailable (parity passed),"Resolve the image by digest, override to a maintained image, or refresh the catalog base with a pullable image, then rerun the live lane.",data/image-digest-workdown/summary.md,catalog or image publisher,already-decided,npm run live-parity:run -- --recipe recipes/bitnami/contour/21.1.4 --base default --repo-url oci://registry-1.docker.io/bitnamicharts
bitnami/contour,21.1.4,default,K,two-cluster-kind,blocked,helm-hook: pre-install certificate generation failed (parity passed),"Catalog work: add a lifecycle route for the hook action or provide the hook-produced object as a target prerequisite, then rerun.",runs/live-kind-parity/bitnami-contour-default/receipt.yaml,catalog,needs-modeling,
bitnami/contour,21.1.4,default,L,local-live,blocked,local-live blocked: Helm equivalence receipt and installer setupCheck present,resolve the local-live blocker first (local_kind_kubectl_apply;confighub_oci_argo_live;live_helm_vs_confighub_dual_compare); the live lanes inherit it,data/image-digest-workdown/summary.md,tooling/target,needs-target-or-prereq-fix,npm run live-parity:run -- --recipe recipes/bitnami/contour/21.1.4 --base default --repo-url oci://registry-1.docker.io/bitnamicharts
bitnami/contour,21.1.4,default,lifecycle,lifecycle-observed,todo,chart has hook/lifecycle behavior with no live observation yet,"decide and record the lifecycle route, then observe it live",,catalog,needs-run,
bitnami/contour,21.1.4,default,P,live-helm-vs-confighub-parity,watch,remote-image: image pull failed or pinned image is unavailable (parity passed),"Resolve the image by digest, override to a maintained image, or refresh the catalog base with a pullable image, then rerun the live lane.",data/image-digest-workdown/summary.md,catalog or image publisher,already-decided,npm run live-parity:run -- --recipe recipes/bitnami/contour/21.1.4 --base default --repo-url oci://registry-1.docker.io/bitnamicharts
bitnami/contour,21.1.4,default,promotion,variant-promotion (proven-with-watch),watch,"server-side promotion mechanics passed, but changeset-bound promote failed and required the no-changeset fallback","resolve https://github.com/confighub/helm-expt/issues/682, then rerun the promotion receipt for a full pass",runs/cl-contour-21-1-4-default-confighub-proof/latest/variant-promotion-receipt.yaml,catalog/promotion,already-decided,
bitnami/contour,21.1.4,no-crds,G,gitops-oci-live,watch,remote-image: image pull failed or pinned image is unavailable (parity passed),"Resolve the image by digest, override to a maintained image, or refresh the catalog base with a pullable image, then rerun the live lane.",data/image-digest-workdown/summary.md,catalog or image publisher,already-decided,npm run live-parity:run -- --recipe recipes/bitnami/contour/21.1.4 --base no-crds --repo-url oci://registry-1.docker.io/bitnamicharts
bitnami/contour,21.1.4,no-crds,K,two-cluster-kind,blocked,semantic object parity issue: missing=5 extra=1 diffs=0; missing=apiextensions.k8s.io/v1|CustomResourceDefinition||contourconfigurations.projectcontour.io; apiextensions.k8s.io/v1|CustomResourceDefinition||contourdeployments.projectcontour.io; apiextensions.k8s.io/v1|CustomResourceDefinition||extensionservices.projectcontour.io; apiextensions.k8s.io/v1|CustomResourceDefinition||httpproxies.projectcontour.io; apiextensions.k8s.io/v1|CustomResourceDefinition||tlscertificatedelegations.projectcontour.io; extra=v1|Namespace||default; runtime also fails to pull docker.io/bitnami/contour:1.32.1-debian-12-r0; lifecycle also hits pre-install certificate-generation hook failure; runtime also requires hook/target Secret(s): envoycert,"Catalog work: update the base, render context, target facts, or semantic contract so the installer package matches the live Helm result, then rerun.",runs/live-kind-parity/bitnami-contour-no-crds/receipt.yaml,catalog,needs-modeling,
bitnami/contour,21.1.4,no-crds,L,local-live,blocked,local-live blocked: Helm equivalence receipt and installer setupCheck present,resolve the local-live blocker first (local_kind_kubectl_apply;confighub_oci_argo_live;live_helm_vs_confighub_dual_compare); the live lanes inherit it,data/image-digest-workdown/summary.md,tooling/target,needs-target-or-prereq-fix,npm run live-parity:run -- --recipe recipes/bitnami/contour/21.1.4 --base no-crds --repo-url oci://registry-1.docker.io/bitnamicharts
bitnami/contour,21.1.4,no-crds,lifecycle,lifecycle-observed,todo,chart has hook/lifecycle behavior with no live observation yet,"decide and record the lifecycle route, then observe it live",,catalog,needs-run,
bitnami/contour,21.1.4,no-crds,P,live-helm-vs-confighub-parity,watch,remote-image: image pull failed or pinned image is unavailable (parity passed),"Resolve the image by digest, override to a maintained image, or refresh the catalog base with a pullable image, then rerun the live lane.",data/image-digest-workdown/summary.md,catalog or image publisher,already-decided,npm run live-parity:run -- --recipe recipes/bitnami/contour/21.1.4 --base no-crds --repo-url oci://registry-1.docker.io/bitnamicharts
bitnami/contour,21.1.4,no-crds,promotion,variant-promotion (proven-with-watch),watch,"server-side promotion mechanics passed, but changeset-bound promote failed and required the no-changeset fallback","resolve https://github.com/confighub/helm-expt/issues/682, then rerun the promotion receipt for a full pass",runs/cl-contour-21-1-4-no-crds-confighub-proof/latest/variant-promotion-receipt.yaml,catalog/promotion,already-decided,
bitnami/elasticsearch,22.1.6,default,G,gitops-oci-live,watch,remote-image: image pull failed or pinned image is unavailable (parity passed),"Resolve the image by digest, override to a maintained image, or refresh the catalog base with a pullable image, then rerun the live lane.",data/image-digest-workdown/summary.md,catalog or image publisher,already-decided,npm run live-parity:run -- --recipe recipes/bitnami/elasticsearch/22.1.6 --base default --repo-url oci://registry-1.docker.io/bitnamicharts
bitnami/elasticsearch,22.1.6,default,K,two-cluster-kind,blocked,remote-image: image pull failed or pinned image is unavailable (parity passed),"Resolve the image by digest, override to a maintained image, or refresh the catalog base with a pullable image, then rerun.",runs/live-kind-parity/bitnami-elasticsearch-default/receipt.yaml,catalog or image publisher,needs-modeling,
bitnami/elasticsearch,22.1.6,default,L,local-live,fail,local-live fail: Helm equivalence receipt and installer setupCheck present,resolve the local-live blocker first (local_kind_kubectl_apply;confighub_oci_argo_live;live_helm_vs_confighub_dual_compare); the live lanes inherit it,data/image-digest-workdown/summary.md,tooling/target,needs-target-or-prereq-fix,npm run live-parity:run -- --recipe recipes/bitnami/elasticsearch/22.1.6 --base default --repo-url oci://registry-1.docker.io/bitnamicharts
bitnami/elasticsearch,22.1.6,default,P,live-helm-vs-confighub-parity,watch,remote-image: image pull failed or pinned image is unavailable (parity passed),"Resolve the image by digest, override to a maintained image, or refresh the catalog base with a pullable image, then rerun the live lane.",data/image-digest-workdown/summary.md,catalog or image publisher,already-decided,npm run live-parity:run -- --recipe recipes/bitnami/elasticsearch/22.1.6 --base default --repo-url oci://registry-1.docker.io/bitnamicharts
bitnami/elasticsearch,22.1.6,default,promotion,variant-promotion (proven-with-watch),watch,"server-side promotion mechanics passed, but changeset-bound promote failed and required the no-changeset fallback","resolve https://github.com/confighub/helm-expt/issues/682, then rerun the promotion receipt for a full pass",runs/cl-elasticsearch-22-1-6-default-confighub-proof/latest/variant-promotion-receipt.yaml,catalog/promotion,already-decided,
bitnami/elasticsearch,22.1.6,ha,G,gitops-oci-live,watch,remote-image: image pull failed or pinned image is unavailable (parity passed),"Resolve the image by digest, override to a maintained image, or refresh the catalog base with a pullable image, then rerun the live lane.",data/image-digest-workdown/summary.md,catalog or image publisher,already-decided,npm run live-parity:run -- --recipe recipes/bitnami/elasticsearch/22.1.6 --base ha --repo-url oci://registry-1.docker.io/bitnamicharts
bitnami/elasticsearch,22.1.6,ha,K,two-cluster-kind,blocked,remote-image: image pull failed or pinned image is unavailable (parity passed),"Resolve the image by digest, override to a maintained image, or refresh the catalog base with a pullable image, then rerun.",runs/live-kind-parity/bitnami-elasticsearch-ha/receipt.yaml,catalog or image publisher,needs-modeling,
bitnami/elasticsearch,22.1.6,ha,L,local-live,fail,local-live fail: Helm equivalence receipt and installer setupCheck present,resolve the local-live blocker first (local_kind_kubectl_apply;confighub_oci_argo_live;live_helm_vs_confighub_dual_compare); the live lanes inherit it,data/image-digest-workdown/summary.md,tooling/target,needs-target-or-prereq-fix,npm run live-parity:run -- --recipe recipes/bitnami/elasticsearch/22.1.6 --base ha --repo-url oci://registry-1.docker.io/bitnamicharts
bitnami/elasticsearch,22.1.6,ha,P,live-helm-vs-confighub-parity,watch,remote-image: image pull failed or pinned image is unavailable (parity passed),"Resolve the image by digest, override to a maintained image, or refresh the catalog base with a pullable image, then rerun the live lane.",data/image-digest-workdown/summary.md,catalog or image publisher,already-decided,npm run live-parity:run -- --recipe recipes/bitnami/elasticsearch/22.1.6 --base ha --repo-url oci://registry-1.docker.io/bitnamicharts
bitnami/elasticsearch,22.1.6,ha,promotion,variant-promotion (proven-with-watch),watch,"server-side promotion mechanics passed, but changeset-bound promote failed and required the no-changeset fallback","resolve https://github.com/confighub/helm-expt/issues/682, then rerun the promotion receipt for a full pass",runs/cl-elasticsearch-22-1-6-ha-confighub-proof/latest/variant-promotion-receipt.yaml,catalog/promotion,already-decided,
bitnami/memcached,8.5.5,default,promotion,variant-promotion (proven-with-watch),watch,"server-side promotion mechanics passed, but changeset-bound promote failed and required the no-changeset fallback","resolve https://github.com/confighub/helm-expt/issues/682, then rerun the promotion receipt for a full pass",runs/cl-memcached-8-5-5-default-confighub-proof/latest/variant-promotion-receipt.yaml,catalog/promotion,already-decided,
bitnami/mongodb,19.0.7,existing-secret-replicaset,K,two-cluster-kind,todo,single-cluster local live passes; this live lane is runnable but not yet recorded,run the two-cluster kind parity lane,runs/live-kind-parity/bitnami-mongodb-existing-secret-replicaset/receipt.yaml,either,needs-run,
bitnami/mongodb,19.0.7,existing-secret-replicaset,lifecycle,lifecycle-observed,todo,chart has hook/lifecycle behavior with no live observation yet,"decide and record the lifecycle route, then observe it live",,catalog,needs-run,
bitnami/mongodb,19.0.7,existing-secret-replicaset,promotion,variant-promotion (proven-with-watch),watch,"server-side promotion mechanics passed, but changeset-bound promote failed and required the no-changeset fallback","resolve https://github.com/confighub/helm-expt/issues/682, then rerun the promotion receipt for a full pass",runs/mongodb-existing-secret-replicaset-confighub-proof/latest/variant-promotion-receipt.yaml,catalog/promotion,already-decided,
bitnami/mongodb,19.0.7,generated-passwords,K,two-cluster-kind,todo,single-cluster local live passes; this live lane is runnable but not yet recorded,run the two-cluster kind parity lane,runs/live-kind-parity/bitnami-mongodb-generated-passwords/receipt.yaml,either,needs-run,
bitnami/mongodb,19.0.7,generated-passwords,lifecycle,lifecycle-observed,todo,chart has hook/lifecycle behavior with no live observation yet,"decide and record the lifecycle route, then observe it live",,catalog,needs-run,
bitnami/mongodb,19.0.7,generated-passwords,promotion,variant-promotion (proven-with-watch),watch,"server-side promotion mechanics passed, but changeset-bound promote failed and required the no-changeset fallback","resolve https://github.com/confighub/helm-expt/issues/682, then rerun the promotion receipt for a full pass",runs/mongodb-confighub-proof/latest/variant-promotion-receipt.yaml,catalog/promotion,already-decided,
bitnami/mongodb,19.0.9,existing-secret-replicaset,G,gitops-oci-live,watch,gitops-runtime: StatefulSet OutOfSync health Healthy (parity passed),"Review the controller-health residue (aggregate vs per-resource health, sync state) and refresh the gitops-runtime-review support artifact.",recipes/bitnami/mongodb/19.0.9/gitops-runtime-review.yaml,needs GitOps controller-health review,already-decided,npm run live-parity:run -- --recipe recipes/bitnami/mongodb/19.0.9 --base existing-secret-replicaset --repo-url oci://registry-1.docker.io/bitnamicharts
bitnami/mongodb,19.0.9,existing-secret-replicaset,K,two-cluster-kind,todo,single-cluster local live passes; this live lane is runnable but not yet recorded,run the two-cluster kind parity lane,runs/live-kind-parity/bitnami-mongodb-existing-secret-replicaset/receipt.yaml,either,needs-run,
bitnami/mongodb,19.0.9,existing-secret-replicaset,P,live-helm-vs-confighub-parity,watch,gitops-runtime: StatefulSet OutOfSync health Healthy (parity passed),"Review the controller-health residue (aggregate vs per-resource health, sync state) and refresh the gitops-runtime-review support artifact.",recipes/bitnami/mongodb/19.0.9/gitops-runtime-review.yaml,needs GitOps controller-health review,already-decided,npm run live-parity:run -- --recipe recipes/bitnami/mongodb/19.0.9 --base existing-secret-replicaset --repo-url oci://registry-1.docker.io/bitnamicharts
bitnami/mongodb,19.0.9,existing-secret-replicaset,promotion,variant-promotion (proven-with-watch),watch,"server-side promotion mechanics passed, but changeset-bound promote failed and required the no-changeset fallback","resolve https://github.com/confighub/helm-expt/issues/682, then rerun the promotion receipt for a full pass",runs/cl-mongodb-19-0-9-existing-secret-replicaset-confighub-proof/latest/variant-promotion-receipt.yaml,catalog/promotion,already-decided,
bitnami/mongodb,19.0.9,generated-passwords,K,two-cluster-kind,todo,single-cluster local live passes; this live lane is runnable but not yet recorded,run the two-cluster kind parity lane,runs/live-kind-parity/bitnami-mongodb-generated-passwords/receipt.yaml,either,needs-run,
bitnami/mongodb,19.0.9,generated-passwords,promotion,variant-promotion (proven-with-watch),watch,"server-side promotion mechanics passed, but changeset-bound promote failed and required the no-changeset fallback","resolve https://github.com/confighub/helm-expt/issues/682, then rerun the promotion receipt for a full pass",runs/cl-mongodb-19-0-9-generated-passwords-confighub-proof/latest/variant-promotion-receipt.yaml,catalog/promotion,already-decided,
bitnami/mongodb,19.1.0,existing-secret-replicaset,G,gitops-oci-live,watch,gitops-runtime: StatefulSet OutOfSync health Healthy (parity passed),"Review the controller-health residue (aggregate vs per-resource health, sync state) and refresh the gitops-runtime-review support artifact.",recipes/bitnami/mongodb/19.1.0/gitops-runtime-review.yaml,needs GitOps controller-health review,already-decided,npm run live-parity:run -- --recipe recipes/bitnami/mongodb/19.1.0 --base existing-secret-replicaset --repo-url oci://registry-1.docker.io/bitnamicharts
bitnami/mongodb,19.1.0,existing-secret-replicaset,P,live-helm-vs-confighub-parity,watch,gitops-runtime: StatefulSet OutOfSync health Healthy (parity passed),"Review the controller-health residue (aggregate vs per-resource health, sync state) and refresh the gitops-runtime-review support artifact.",recipes/bitnami/mongodb/19.1.0/gitops-runtime-review.yaml,needs GitOps controller-health review,already-decided,npm run live-parity:run -- --recipe recipes/bitnami/mongodb/19.1.0 --base existing-secret-replicaset --repo-url oci://registry-1.docker.io/bitnamicharts
bitnami/mongodb,19.1.0,existing-secret-replicaset,promotion,variant-promotion (proven-with-watch),watch,"server-side promotion mechanics passed, but changeset-bound promote failed and required the no-changeset fallback","resolve https://github.com/confighub/helm-expt/issues/682, then rerun the promotion receipt for a full pass",runs/cl-mongodb-19-1-0-existing-secret-replicaset-confighub-proof/latest/variant-promotion-receipt.yaml,catalog/promotion,already-decided,
bitnami/mongodb,19.1.0,generated-passwords,promotion,variant-promotion (proven-with-watch),watch,"server-side promotion mechanics passed, but changeset-bound promote failed and required the no-changeset fallback","resolve https://github.com/confighub/helm-expt/issues/682, then rerun the promotion receipt for a full pass",runs/cl-mongodb-19-1-0-generated-passwords-confighub-proof/latest/variant-promotion-receipt.yaml,catalog/promotion,already-decided,
bitnami/mysql,14.0.3,existing-secret,promotion,variant-promotion (proven-with-watch),watch,"server-side promotion mechanics passed, but changeset-bound promote failed and required the no-changeset fallback","resolve https://github.com/confighub/helm-expt/issues/682, then rerun the promotion receipt for a full pass",runs/mysql-existing-secret-confighub-proof/latest/variant-promotion-receipt.yaml,catalog/promotion,already-decided,
bitnami/mysql,14.0.3,generated-passwords,promotion,variant-promotion (proven-with-watch),watch,"server-side promotion mechanics passed, but changeset-bound promote failed and required the no-changeset fallback","resolve https://github.com/confighub/helm-expt/issues/682, then rerun the promotion receipt for a full pass",runs/mysql-confighub-proof/latest/variant-promotion-receipt.yaml,catalog/promotion,already-decided,
bitnami/nginx,24.0.2,existing-tls-ingress,K,two-cluster-kind,todo,single-cluster local live passes; this live lane is runnable but not yet recorded,run the two-cluster kind parity lane,runs/live-kind-parity/bitnami-nginx-existing-tls-ingress/receipt.yaml,either,needs-run,
bitnami/nginx,24.0.2,existing-tls-ingress,promotion,variant-promotion (proven-with-watch),watch,"server-side promotion mechanics passed, but changeset-bound promote failed and required the no-changeset fallback","resolve https://github.com/confighub/helm-expt/issues/682, then rerun the promotion receipt for a full pass",runs/nginx-existing-tls-ingress-confighub-proof/latest/variant-promotion-receipt.yaml,catalog/promotion,already-decided,
bitnami/nginx,24.0.2,http-clusterip,K,two-cluster-kind,todo,single-cluster local live passes; this live lane is runnable but not yet recorded,run the two-cluster kind parity lane,runs/live-kind-parity/bitnami-nginx-http-clusterip/receipt.yaml,either,needs-run,
bitnami/nginx,24.0.2,http-clusterip,promotion,variant-promotion (proven-with-watch),watch,"server-side promotion mechanics passed, but changeset-bound promote failed and required the no-changeset fallback","resolve https://github.com/confighub/helm-expt/issues/682, then rerun the promotion receipt for a full pass",runs/nginx-http-clusterip-confighub-proof/latest/variant-promotion-receipt.yaml,catalog/promotion,already-decided,
bitnami/nginx,24.0.4,existing-tls-ingress,G,gitops-oci-live,watch,gitops-runtime: Argo health Progressing (parity passed),"Review the controller-health residue (aggregate vs per-resource health, sync state) and refresh the gitops-runtime-review support artifact.",recipes/bitnami/nginx/24.0.4/gitops-runtime-review.yaml,needs GitOps controller-health review,already-decided,npm run live-parity:run -- --recipe recipes/bitnami/nginx/24.0.4 --base existing-tls-ingress --repo-url oci://registry-1.docker.io/bitnamicharts
bitnami/nginx,24.0.4,existing-tls-ingress,K,two-cluster-kind,todo,single-cluster local live passes; this live lane is runnable but not yet recorded,run the two-cluster kind parity lane,runs/live-kind-parity/bitnami-nginx-existing-tls-ingress/receipt.yaml,either,needs-run,
bitnami/nginx,24.0.4,existing-tls-ingress,P,live-helm-vs-confighub-parity,watch,gitops-runtime: Argo health Progressing (parity passed),"Review the controller-health residue (aggregate vs per-resource health, sync state) and refresh the gitops-runtime-review support artifact.",recipes/bitnami/nginx/24.0.4/gitops-runtime-review.yaml,needs GitOps controller-health review,already-decided,npm run live-parity:run -- --recipe recipes/bitnami/nginx/24.0.4 --base existing-tls-ingress --repo-url oci://registry-1.docker.io/bitnamicharts
bitnami/nginx,24.0.4,existing-tls-ingress,promotion,variant-promotion (proven-with-watch),watch,"server-side promotion mechanics passed, but changeset-bound promote failed and required the no-changeset fallback","resolve https://github.com/confighub/helm-expt/issues/682, then rerun the promotion receipt for a full pass",runs/cl-nginx-24-0-4-existing-tls-ingress-confighub-proof/latest/variant-promotion-receipt.yaml,catalog/promotion,already-decided,
bitnami/nginx,24.0.4,http-clusterip,K,two-cluster-kind,todo,single-cluster local live passes; this live lane is runnable but not yet recorded,run the two-cluster kind parity lane,runs/live-kind-parity/bitnami-nginx-http-clusterip/receipt.yaml,either,needs-run,
bitnami/nginx,24.0.4,http-clusterip,promotion,variant-promotion (proven-with-watch),watch,"server-side promotion mechanics passed, but changeset-bound promote failed and required the no-changeset fallback","resolve https://github.com/confighub/helm-expt/issues/682, then rerun the promotion receipt for a full pass",runs/cl-nginx-24-0-4-http-clusterip-confighub-proof/latest/variant-promotion-receipt.yaml,catalog/promotion,already-decided,
bitnami/nginx,25.0.0,existing-tls-ingress,G,gitops-oci-live,watch,gitops-runtime: Argo health Progressing (parity passed),"Review the controller-health residue (aggregate vs per-resource health, sync state) and refresh the gitops-runtime-review support artifact.",recipes/bitnami/nginx/25.0.0/gitops-runtime-review.yaml,needs GitOps controller-health review,already-decided,npm run live-parity:run -- --recipe recipes/bitnami/nginx/25.0.0 --base existing-tls-ingress --repo-url oci://registry-1.docker.io/bitnamicharts
bitnami/nginx,25.0.0,existing-tls-ingress,P,live-helm-vs-confighub-parity,watch,gitops-runtime: Argo health Progressing (parity passed),"Review the controller-health residue (aggregate vs per-resource health, sync state) and refresh the gitops-runtime-review support artifact.",recipes/bitnami/nginx/25.0.0/gitops-runtime-review.yaml,needs GitOps controller-health review,already-decided,npm run live-parity:run -- --recipe recipes/bitnami/nginx/25.0.0 --base existing-tls-ingress --repo-url oci://registry-1.docker.io/bitnamicharts
bitnami/nginx,25.0.0,existing-tls-ingress,promotion,variant-promotion (proven-with-watch),watch,"server-side promotion mechanics passed, but changeset-bound promote failed and required the no-changeset fallback","resolve https://github.com/confighub/helm-expt/issues/682, then rerun the promotion receipt for a full pass",runs/cl-nginx-25-0-0-existing-tls-ingress-confighub-proof/latest/variant-promotion-receipt.yaml,catalog/promotion,already-decided,
bitnami/nginx,25.0.0,http-clusterip,promotion,variant-promotion (proven-with-watch),watch,"server-side promotion mechanics passed, but changeset-bound promote failed and required the no-changeset fallback","resolve https://github.com/confighub/helm-expt/issues/682, then rerun the promotion receipt for a full pass",runs/cl-nginx-25-0-0-http-clusterip-confighub-proof/latest/variant-promotion-receipt.yaml,catalog/promotion,already-decided,
bitnami/opensearch,2.0.10,default,G,gitops-oci-live,watch,remote-image: image pull failed or pinned image is unavailable (parity passed),"Resolve the image by digest, override to a maintained image, or refresh the catalog base with a pullable image, then rerun the live lane.",data/image-digest-workdown/summary.md,catalog or image publisher,already-decided,npm run live-parity:run -- --recipe recipes/bitnami/opensearch/2.0.10 --base default --repo-url oci://registry-1.docker.io/bitnamicharts
bitnami/opensearch,2.0.10,default,K,two-cluster-kind,blocked,semantic object parity issue: missing=0 extra=1 diffs=4; extra=v1|Namespace||default; objects=v1|Service|default|opensearch-coordinating-hl; v1|Service|default|opensearch-data-hl; v1|Service|default|opensearch-ingest-hl; v1|Service|default|opensearch-master-hl; live Helm includes Service spec.trafficDistribution=PreferClose for this cluster capability profile; runtime also fails to pull docker.io/bitnami/os-shell:12-debian-12-r51,"Catalog work: model the required Kubernetes capability/profile field, update the base or semantic contract, then rerun.",runs/live-kind-parity/bitnami-opensearch-default/receipt.yaml,catalog,needs-modeling,
bitnami/opensearch,2.0.10,default,L,local-live,fail,local-live fail: Helm equivalence receipt and installer setupCheck present,resolve the local-live blocker first (local_kind_kubectl_apply;confighub_oci_argo_live;live_helm_vs_confighub_dual_compare); the live lanes inherit it,data/image-digest-workdown/summary.md,tooling/target,needs-target-or-prereq-fix,npm run live-parity:run -- --recipe recipes/bitnami/opensearch/2.0.10 --base default --repo-url oci://registry-1.docker.io/bitnamicharts
bitnami/opensearch,2.0.10,default,P,live-helm-vs-confighub-parity,watch,remote-image: image pull failed or pinned image is unavailable (parity passed),"Resolve the image by digest, override to a maintained image, or refresh the catalog base with a pullable image, then rerun the live lane.",data/image-digest-workdown/summary.md,catalog or image publisher,already-decided,npm run live-parity:run -- --recipe recipes/bitnami/opensearch/2.0.10 --base default --repo-url oci://registry-1.docker.io/bitnamicharts
bitnami/opensearch,2.0.10,default,promotion,variant-promotion (proven-with-watch),watch,"server-side promotion mechanics passed, but changeset-bound promote failed and required the no-changeset fallback","resolve https://github.com/confighub/helm-expt/issues/682, then rerun the promotion receipt for a full pass",runs/opensearch-default-confighub-proof/latest/variant-promotion-receipt.yaml,catalog/promotion,already-decided,
bitnami/opensearch,2.0.10,ha,G,gitops-oci-live,watch,remote-image: image pull failed or pinned image is unavailable (parity passed),"Resolve the image by digest, override to a maintained image, or refresh the catalog base with a pullable image, then rerun the live lane.",data/image-digest-workdown/summary.md,catalog or image publisher,already-decided,npm run live-parity:run -- --recipe recipes/bitnami/opensearch/2.0.10 --base ha --repo-url oci://registry-1.docker.io/bitnamicharts
bitnami/opensearch,2.0.10,ha,K,two-cluster-kind,blocked,semantic object parity issue: missing=0 extra=1 diffs=8; extra=v1|Namespace||default; objects=apps/v1|StatefulSet|default|opensearch-coordinating; apps/v1|StatefulSet|default|opensearch-data; apps/v1|StatefulSet|default|opensearch-ingest; apps/v1|StatefulSet|default|opensearch-master; v1|Service|default|opensearch-coordinating-hl; v1|Service|default|opensearch-data-hl; live Helm includes Service spec.trafficDistribution=PreferClose for this cluster capability profile; runtime also fails to pull docker.io/bitnami/os-shell:12-debian-12-r51,"Catalog work: model the required Kubernetes capability/profile field, update the base or semantic contract, then rerun.",runs/live-kind-parity/bitnami-opensearch-ha/receipt.yaml,catalog,needs-modeling,
bitnami/opensearch,2.0.10,ha,L,local-live,fail,local-live fail: Helm equivalence receipt and installer setupCheck present,resolve the local-live blocker first (local_kind_kubectl_apply;confighub_oci_argo_live;live_helm_vs_confighub_dual_compare); the live lanes inherit it,data/image-digest-workdown/summary.md,tooling/target,needs-target-or-prereq-fix,npm run live-parity:run -- --recipe recipes/bitnami/opensearch/2.0.10 --base ha --repo-url oci://registry-1.docker.io/bitnamicharts
bitnami/opensearch,2.0.10,ha,P,live-helm-vs-confighub-parity,watch,remote-image: image pull failed or pinned image is unavailable (parity passed),"Resolve the image by digest, override to a maintained image, or refresh the catalog base with a pullable image, then rerun the live lane.",data/image-digest-workdown/summary.md,catalog or image publisher,already-decided,npm run live-parity:run -- --recipe recipes/bitnami/opensearch/2.0.10 --base ha --repo-url oci://registry-1.docker.io/bitnamicharts
bitnami/opensearch,2.0.10,ha,promotion,variant-promotion (proven-with-watch),watch,"server-side promotion mechanics passed, but changeset-bound promote failed and required the no-changeset fallback","resolve https://github.com/confighub/helm-expt/issues/682, then rerun the promotion receipt for a full pass",runs/opensearch-ha-confighub-proof/latest/variant-promotion-receipt.yaml,catalog/promotion,already-decided,
bitnami/phpmyadmin,20.0.0,default,G,gitops-oci-live,watch,remote-image: image pull failed or pinned image is unavailable (parity passed),"Resolve the image by digest, override to a maintained image, or refresh the catalog base with a pullable image, then rerun the live lane.",data/image-digest-workdown/summary.md,catalog or image publisher,already-decided,npm run live-parity:run -- --recipe recipes/bitnami/phpmyadmin/20.0.0 --base default --repo-url oci://registry-1.docker.io/bitnamicharts
bitnami/phpmyadmin,20.0.0,default,K,two-cluster-kind,blocked,upstream: single-cluster local live is blocked (missing prerequisite (mount/secret/config)),resolve the local-live prerequisite first; the live lanes inherit it,,either,needs-target-or-prereq-fix,npm run kind-parity:run -- --recipe recipes/bitnami/phpmyadmin/20.0.0 --base default
bitnami/phpmyadmin,20.0.0,default,L,local-live,blocked,local-live blocked: Helm equivalence receipt and installer setupCheck present,resolve the local-live blocker first (local_kind_kubectl_apply;confighub_oci_argo_live;live_helm_vs_confighub_dual_compare); the live lanes inherit it,data/image-digest-workdown/summary.md,tooling/target,needs-target-or-prereq-fix,npm run live-parity:run -- --recipe recipes/bitnami/phpmyadmin/20.0.0 --base default --repo-url oci://registry-1.docker.io/bitnamicharts
bitnami/phpmyadmin,20.0.0,default,P,live-helm-vs-confighub-parity,watch,remote-image: image pull failed or pinned image is unavailable (parity passed),"Resolve the image by digest, override to a maintained image, or refresh the catalog base with a pullable image, then rerun the live lane.",data/image-digest-workdown/summary.md,catalog or image publisher,already-decided,npm run live-parity:run -- --recipe recipes/bitnami/phpmyadmin/20.0.0 --base default --repo-url oci://registry-1.docker.io/bitnamicharts
bitnami/phpmyadmin,20.0.0,default,promotion,variant-promotion (proven-with-watch),watch,"server-side promotion mechanics passed, but changeset-bound promote failed and required the no-changeset fallback","resolve https://github.com/confighub/helm-expt/issues/682, then rerun the promotion receipt for a full pass",runs/cl-phpmyadmin-20-0-0-default-confighub-proof/latest/variant-promotion-receipt.yaml,catalog/promotion,already-decided,
bitnami/postgresql,18.6.10,existing-secret,K,two-cluster-kind,todo,single-cluster local live passes; this live lane is runnable but not yet recorded,run the two-cluster kind parity lane,runs/live-kind-parity/bitnami-postgresql-existing-secret/receipt.yaml,either,needs-run,
bitnami/postgresql,18.6.10,existing-secret,promotion,variant-promotion (proven-with-watch),watch,"server-side promotion mechanics passed, but changeset-bound promote failed and required the no-changeset fallback","resolve https://github.com/confighub/helm-expt/issues/682, then rerun the promotion receipt for a full pass",runs/cl-postgresql-18-6-10-existing-secret-confighub-proof/latest/variant-promotion-receipt.yaml,catalog/promotion,already-decided,
bitnami/postgresql,18.6.10,generated-passwords,K,two-cluster-kind,todo,single-cluster local live passes; this live lane is runnable but not yet recorded,run the two-cluster kind parity lane,runs/live-kind-parity/bitnami-postgresql-generated-passwords/receipt.yaml,either,needs-run,
bitnami/postgresql,18.6.10,generated-passwords,promotion,variant-promotion (proven-with-watch),watch,"server-side promotion mechanics passed, but changeset-bound promote failed and required the no-changeset fallback","resolve https://github.com/confighub/helm-expt/issues/682, then rerun the promotion receipt for a full pass",runs/cl-postgresql-18-6-10-generated-passwords-confighub-proof/latest/variant-promotion-receipt.yaml,catalog/promotion,already-decided,
bitnami/postgresql,18.6.7,existing-secret,K,two-cluster-kind,todo,single-cluster local live passes; this live lane is runnable but not yet recorded,run the two-cluster kind parity lane,runs/live-kind-parity/bitnami-postgresql-existing-secret/receipt.yaml,either,needs-run,
bitnami/postgresql,18.6.7,existing-secret,lifecycle,lifecycle-observed,todo,chart has hook/lifecycle behavior with no live observation yet,"decide and record the lifecycle route, then observe it live",,catalog,needs-run,
bitnami/postgresql,18.6.7,existing-secret,promotion,variant-promotion (proven-with-watch),watch,"server-side promotion mechanics passed, but changeset-bound promote failed and required the no-changeset fallback","resolve https://github.com/confighub/helm-expt/issues/682, then rerun the promotion receipt for a full pass",runs/postgresql-existing-secret-confighub-proof/latest/variant-promotion-receipt.yaml,catalog/promotion,already-decided,
bitnami/postgresql,18.6.7,generated-passwords,K,two-cluster-kind,todo,single-cluster local live passes; this live lane is runnable but not yet recorded,run the two-cluster kind parity lane,runs/live-kind-parity/bitnami-postgresql-generated-passwords/receipt.yaml,either,needs-run,
bitnami/postgresql,18.6.7,generated-passwords,lifecycle,lifecycle-observed,todo,chart has hook/lifecycle behavior with no live observation yet,"decide and record the lifecycle route, then observe it live",,catalog,needs-run,
bitnami/postgresql,18.6.7,generated-passwords,promotion,variant-promotion (proven-with-watch),watch,"server-side promotion mechanics passed, but changeset-bound promote failed and required the no-changeset fallback","resolve https://github.com/confighub/helm-expt/issues/682, then rerun the promotion receipt for a full pass",runs/postgresql-confighub-proof/latest/variant-promotion-receipt.yaml,catalog/promotion,already-decided,
bitnami/postgresql,18.7.0,existing-secret,promotion,variant-promotion (proven-with-watch),watch,"server-side promotion mechanics passed, but changeset-bound promote failed and required the no-changeset fallback","resolve https://github.com/confighub/helm-expt/issues/682, then rerun the promotion receipt for a full pass",runs/cl-postgresql-18-7-0-existing-secret-confighub-proof/latest/variant-promotion-receipt.yaml,catalog/promotion,already-decided,
bitnami/postgresql,18.7.0,generated-passwords,promotion,variant-promotion (proven-with-watch),watch,"server-side promotion mechanics passed, but changeset-bound promote failed and required the no-changeset fallback","resolve https://github.com/confighub/helm-expt/issues/682, then rerun the promotion receipt for a full pass",runs/cl-postgresql-18-7-0-generated-passwords-confighub-proof/latest/variant-promotion-receipt.yaml,catalog/promotion,already-decided,
bitnami/rabbitmq,16.0.14,existing-secret,promotion,variant-promotion (proven-with-watch),watch,"server-side promotion mechanics passed, but changeset-bound promote failed and required the no-changeset fallback","resolve https://github.com/confighub/helm-expt/issues/682, then rerun the promotion receipt for a full pass",runs/rabbitmq-existing-secret-confighub-proof/latest/variant-promotion-receipt.yaml,catalog/promotion,already-decided,
bitnami/rabbitmq,16.0.14,generated-passwords,promotion,variant-promotion (proven-with-watch),watch,"server-side promotion mechanics passed, but changeset-bound promote failed and required the no-changeset fallback","resolve https://github.com/confighub/helm-expt/issues/682, then rerun the promotion receipt for a full pass",runs/rabbitmq-confighub-proof/latest/variant-promotion-receipt.yaml,catalog/promotion,already-decided,
bitnami/redis,25.5.3,default,K,two-cluster-kind,todo,single-cluster local live passes; this live lane is runnable but not yet recorded,run the two-cluster kind parity lane,runs/live-kind-parity/bitnami-redis-default/receipt.yaml,either,needs-run,
bitnami/redis,25.5.3,default,lifecycle,lifecycle-observed,todo,chart has hook/lifecycle behavior with no live observation yet,"decide and record the lifecycle route, then observe it live",,catalog,needs-run,
bitnami/redis,25.5.3,default,promotion,variant-promotion (proven-with-watch),watch,"server-side promotion mechanics passed, but changeset-bound promote failed and required the no-changeset fallback","resolve https://github.com/confighub/helm-expt/issues/682, then rerun the promotion receipt for a full pass",runs/redis-default-confighub-proof/latest/variant-promotion-receipt.yaml,catalog/promotion,already-decided,
bitnami/redis,25.5.3,reuse-existing-secret,K,two-cluster-kind,todo,single-cluster local live passes; this live lane is runnable but not yet recorded,run the two-cluster kind parity lane,runs/live-kind-parity/bitnami-redis-reuse-existing-secret/receipt.yaml,either,needs-run,
bitnami/redis,25.5.3,reuse-existing-secret,lifecycle,lifecycle-observed,todo,chart has hook/lifecycle behavior with no live observation yet,"decide and record the lifecycle route, then observe it live",,catalog,needs-run,
bitnami/redis,25.5.3,reuse-existing-secret,promotion,variant-promotion (proven-with-watch),watch,"server-side promotion mechanics passed, but changeset-bound promote failed and required the no-changeset fallback","resolve https://github.com/confighub/helm-expt/issues/682, then rerun the promotion receipt for a full pass",runs/redis-reuse-existing-secret-confighub-proof/latest/variant-promotion-receipt.yaml,catalog/promotion,already-decided,
bitnami/redis,27.0.0,default,promotion,variant-promotion (proven-with-watch),watch,"server-side promotion mechanics passed, but changeset-bound promote failed and required the no-changeset fallback","resolve https://github.com/confighub/helm-expt/issues/682, then rerun the promotion receipt for a full pass",runs/cl-redis-27-0-0-default-confighub-proof/latest/variant-promotion-receipt.yaml,catalog/promotion,already-decided,
bitnami/redis,27.0.0,reuse-existing-secret,promotion,variant-promotion (proven-with-watch),watch,"server-side promotion mechanics passed, but changeset-bound promote failed and required the no-changeset fallback","resolve https://github.com/confighub/helm-expt/issues/682, then rerun the promotion receipt for a full pass",runs/cl-redis-27-0-0-reuse-existing-secret-confighub-proof/latest/variant-promotion-receipt.yaml,catalog/promotion,already-decided,
bitnami/spark,10.0.3,default,G,gitops-oci-live,watch,remote-image: image pull failed or pinned image is unavailable (parity passed),"Resolve the image by digest, override to a maintained image, or refresh the catalog base with a pullable image, then rerun the live lane.",data/image-digest-workdown/summary.md,catalog or image publisher,already-decided,npm run live-parity:run -- --recipe recipes/bitnami/spark/10.0.3 --base default --repo-url oci://registry-1.docker.io/bitnamicharts
bitnami/spark,10.0.3,default,K,two-cluster-kind,blocked,upstream: single-cluster local live is blocked (image unavailable (registry purge)),resolve the local-live prerequisite first; the live lanes inherit it,,either,needs-target-or-prereq-fix,npm run kind-parity:run -- --recipe recipes/bitnami/spark/10.0.3 --base default
bitnami/spark,10.0.3,default,L,local-live,blocked,local-live blocked: Helm equivalence receipt and installer setupCheck present,resolve the local-live blocker first (local_kind_kubectl_apply;confighub_oci_argo_live;live_helm_vs_confighub_dual_compare); the live lanes inherit it,data/image-digest-workdown/summary.md,tooling/target,needs-target-or-prereq-fix,npm run live-parity:run -- --recipe recipes/bitnami/spark/10.0.3 --base default --repo-url oci://registry-1.docker.io/bitnamicharts
bitnami/spark,10.0.3,default,P,live-helm-vs-confighub-parity,watch,remote-image: image pull failed or pinned image is unavailable (parity passed),"Resolve the image by digest, override to a maintained image, or refresh the catalog base with a pullable image, then rerun the live lane.",data/image-digest-workdown/summary.md,catalog or image publisher,already-decided,npm run live-parity:run -- --recipe recipes/bitnami/spark/10.0.3 --base default --repo-url oci://registry-1.docker.io/bitnamicharts
bitnami/spark,10.0.3,default,promotion,variant-promotion (proven-with-watch),watch,"server-side promotion mechanics passed, but changeset-bound promote failed and required the no-changeset fallback","resolve https://github.com/confighub/helm-expt/issues/682, then rerun the promotion receipt for a full pass",runs/cl-spark-10-0-3-default-confighub-proof/latest/variant-promotion-receipt.yaml,catalog/promotion,already-decided,
bitnami/spark,10.0.3,ha,G,gitops-oci-live,watch,remote-image: image pull failed or pinned image is unavailable (parity passed),"Resolve the image by digest, override to a maintained image, or refresh the catalog base with a pullable image, then rerun the live lane.",data/image-digest-workdown/summary.md,catalog or image publisher,already-decided,npm run live-parity:run -- --recipe recipes/bitnami/spark/10.0.3 --base ha --repo-url oci://registry-1.docker.io/bitnamicharts
bitnami/spark,10.0.3,ha,K,two-cluster-kind,blocked,upstream: single-cluster local live is blocked (image unavailable (registry purge)),resolve the local-live prerequisite first; the live lanes inherit it,,either,needs-target-or-prereq-fix,npm run kind-parity:run -- --recipe recipes/bitnami/spark/10.0.3 --base ha
bitnami/spark,10.0.3,ha,L,local-live,blocked,local-live blocked: Helm equivalence receipt and installer setupCheck present,resolve the local-live blocker first (local_kind_kubectl_apply;confighub_oci_argo_live;live_helm_vs_confighub_dual_compare); the live lanes inherit it,data/image-digest-workdown/summary.md,tooling/target,needs-target-or-prereq-fix,npm run live-parity:run -- --recipe recipes/bitnami/spark/10.0.3 --base ha --repo-url oci://registry-1.docker.io/bitnamicharts
bitnami/spark,10.0.3,ha,P,live-helm-vs-confighub-parity,watch,remote-image: image pull failed or pinned image is unavailable (parity passed),"Resolve the image by digest, override to a maintained image, or refresh the catalog base with a pullable image, then rerun the live lane.",data/image-digest-workdown/summary.md,catalog or image publisher,already-decided,npm run live-parity:run -- --recipe recipes/bitnami/spark/10.0.3 --base ha --repo-url oci://registry-1.docker.io/bitnamicharts
bitnami/spark,10.0.3,ha,promotion,variant-promotion (proven-with-watch),watch,"server-side promotion mechanics passed, but changeset-bound promote failed and required the no-changeset fallback","resolve https://github.com/confighub/helm-expt/issues/682, then rerun the promotion receipt for a full pass",runs/cl-spark-10-0-3-ha-confighub-proof/latest/variant-promotion-receipt.yaml,catalog/promotion,already-decided,
bitnami/zookeeper,13.8.7,default,G,gitops-oci-live,blocked,upstream: single-cluster local live is blocked (image unavailable (registry purge)),resolve the local-live prerequisite first; the live lanes inherit it,,either,needs-target-or-prereq-fix,npm run live-parity:run -- --recipe recipes/bitnami/zookeeper/13.8.7 --base default
bitnami/zookeeper,13.8.7,default,K,two-cluster-kind,blocked,upstream: single-cluster local live is blocked (image unavailable (registry purge)),resolve the local-live prerequisite first; the live lanes inherit it,,either,needs-target-or-prereq-fix,npm run kind-parity:run -- --recipe recipes/bitnami/zookeeper/13.8.7 --base default
bitnami/zookeeper,13.8.7,default,L,local-live,blocked,local-live blocked: Helm equivalence receipt and installer setupCheck present,resolve the local-live blocker first (local_kind_kubectl_apply;confighub_oci_argo_live;live_helm_vs_confighub_dual_compare); the live lanes inherit it,,tooling/target,needs-target-or-prereq-fix,npm run live-parity:run -- --recipe recipes/bitnami/zookeeper/13.8.7 --base default
bitnami/zookeeper,13.8.7,default,P,live-helm-vs-confighub-parity,blocked,upstream: single-cluster local live is blocked (image unavailable (registry purge)),resolve the local-live prerequisite first; the live lanes inherit it,,either,needs-target-or-prereq-fix,npm run live-parity:run -- --recipe recipes/bitnami/zookeeper/13.8.7 --base default
bitnami/zookeeper,13.8.7,default,promotion,variant-promotion (proven-with-watch),watch,"server-side promotion mechanics passed, but changeset-bound promote failed and required the no-changeset fallback","resolve https://github.com/confighub/helm-expt/issues/682, then rerun the promotion receipt for a full pass",runs/cl-zookeeper-13-8-7-default-confighub-proof/latest/variant-promotion-receipt.yaml,catalog/promotion,already-decided,
bitnami/zookeeper,13.8.7,ha,G,gitops-oci-live,blocked,upstream: single-cluster local live is blocked (image unavailable (registry purge)),resolve the local-live prerequisite first; the live lanes inherit it,,either,needs-target-or-prereq-fix,npm run live-parity:run -- --recipe recipes/bitnami/zookeeper/13.8.7 --base ha
bitnami/zookeeper,13.8.7,ha,K,two-cluster-kind,blocked,upstream: single-cluster local live is blocked (image unavailable (registry purge)),resolve the local-live prerequisite first; the live lanes inherit it,,either,needs-target-or-prereq-fix,npm run kind-parity:run -- --recipe recipes/bitnami/zookeeper/13.8.7 --base ha
bitnami/zookeeper,13.8.7,ha,L,local-live,blocked,local-live blocked: Helm equivalence receipt and installer setupCheck present,resolve the local-live blocker first (local_kind_kubectl_apply;confighub_oci_argo_live;live_helm_vs_confighub_dual_compare); the live lanes inherit it,,tooling/target,needs-target-or-prereq-fix,npm run live-parity:run -- --recipe recipes/bitnami/zookeeper/13.8.7 --base ha
bitnami/zookeeper,13.8.7,ha,P,live-helm-vs-confighub-parity,blocked,upstream: single-cluster local live is blocked (image unavailable (registry purge)),resolve the local-live prerequisite first; the live lanes inherit it,,either,needs-target-or-prereq-fix,npm run live-parity:run -- --recipe recipes/bitnami/zookeeper/13.8.7 --base ha
bitnami/zookeeper,13.8.7,ha,promotion,variant-promotion (proven-with-watch),watch,"server-side promotion mechanics passed, but changeset-bound promote failed and required the no-changeset fallback","resolve https://github.com/confighub/helm-expt/issues/682, then rerun the promotion receipt for a full pass",runs/cl-zookeeper-13-8-7-ha-confighub-proof/latest/variant-promotion-receipt.yaml,catalog/promotion,already-decided,
cloudnative-pg/cloudnative-pg,0.28.2,default,lifecycle,lifecycle-observed,todo,chart has hook/lifecycle behavior with no live observation yet,"decide and record the lifecycle route, then observe it live",,catalog,needs-run,
cloudnative-pg/cloudnative-pg,0.28.2,default,promotion,variant-promotion (proven-with-watch),watch,"server-side promotion mechanics passed, but changeset-bound promote failed and required the no-changeset fallback","resolve https://github.com/confighub/helm-expt/issues/682, then rerun the promotion receipt for a full pass",runs/cloudnative-pg-default-confighub-proof/latest/variant-promotion-receipt.yaml,catalog/promotion,already-decided,
cloudnative-pg/cloudnative-pg,0.28.2,no-crds,L,local-live,fail,local-live fail: Helm equivalence receipt and installer setupCheck present,resolve the local-live blocker first (local_kind_kubectl_apply); the live lanes inherit it,,tooling/target,needs-target-or-prereq-fix,
cloudnative-pg/cloudnative-pg,0.28.2,no-crds,lifecycle,lifecycle-observed,todo,chart has hook/lifecycle behavior with no live observation yet,"decide and record the lifecycle route, then observe it live",,catalog,needs-run,
cloudnative-pg/cloudnative-pg,0.28.2,no-crds,promotion,variant-promotion (proven-with-watch),watch,"server-side promotion mechanics passed, but changeset-bound promote failed and required the no-changeset fallback","resolve https://github.com/confighub/helm-expt/issues/682, then rerun the promotion receipt for a full pass",runs/cloudnative-pg-no-crds-confighub-proof/latest/variant-promotion-receipt.yaml,catalog/promotion,already-decided,
coredns/coredns,1.45.2,default,promotion,variant-promotion (proven-with-watch),watch,"server-side promotion mechanics passed, but changeset-bound promote failed and required the no-changeset fallback","resolve https://github.com/confighub/helm-expt/issues/682, then rerun the promotion receipt for a full pass",runs/coredns-default-confighub-proof/latest/variant-promotion-receipt.yaml,catalog/promotion,already-decided,
crossplane-stable/crossplane,2.3.1,default,promotion,variant-promotion (proven-with-watch),watch,"server-side promotion mechanics passed, but changeset-bound promote failed and required the no-changeset fallback","resolve https://github.com/confighub/helm-expt/issues/682, then rerun the promotion receipt for a full pass",runs/crossplane-default-confighub-proof/latest/variant-promotion-receipt.yaml,catalog/promotion,already-decided,
descheduler/descheduler,0.36.0,default,promotion,variant-promotion (proven-with-watch),watch,"server-side promotion mechanics passed, but changeset-bound promote failed and required the no-changeset fallback","resolve https://github.com/confighub/helm-expt/issues/682, then rerun the promotion receipt for a full pass",runs/descheduler-default-confighub-proof/latest/variant-promotion-receipt.yaml,catalog/promotion,already-decided,
dex/dex,0.24.0,default,G,gitops-oci-live,blocked,upstream: single-cluster local live failed; live lanes cannot make a green claim until it converges,fix or route the local-live failure first,,either,needs-target-or-prereq-fix,npm run live-parity:run -- --recipe recipes/dex/dex/0.24.0 --base default
dex/dex,0.24.0,default,K,two-cluster-kind,blocked,target-runtime: pod crash loop (parity passed),Review the runtime residue (crash loop / readiness) on the target and record a runtime-review support artifact.,runs/live-kind-parity/dex-dex-default/receipt.yaml,needs runtime review,needs-target-or-prereq-fix,
dex/dex,0.24.0,default,L,local-live,fail,local-live fail: Helm equivalence receipt and installer setupCheck present,resolve the local-live blocker first (local_kind_kubectl_apply;confighub_oci_argo_live;live_helm_vs_confighub_dual_compare); the live lanes inherit it,,tooling/target,needs-target-or-prereq-fix,npm run live-parity:run -- --recipe recipes/dex/dex/0.24.0 --base default
dex/dex,0.24.0,default,P,live-helm-vs-confighub-parity,blocked,upstream: single-cluster local live failed; live lanes cannot make a green claim until it converges,fix or route the local-live failure first,,either,needs-target-or-prereq-fix,npm run live-parity:run -- --recipe recipes/dex/dex/0.24.0 --base default
dex/dex,0.24.0,default,promotion,variant-promotion (proven-with-watch),watch,"server-side promotion mechanics passed, but changeset-bound promote failed and required the no-changeset fallback","resolve https://github.com/confighub/helm-expt/issues/682, then rerun the promotion receipt for a full pass",runs/dex-default-confighub-proof/latest/variant-promotion-receipt.yaml,catalog/promotion,already-decided,
elastic/eck-operator,3.4.0,default,lifecycle,lifecycle-observed,todo,chart has hook/lifecycle behavior with no live observation yet,"decide and record the lifecycle route, then observe it live",,catalog,needs-run,
elastic/eck-operator,3.4.0,default,promotion,variant-promotion (proven-with-watch),watch,"server-side promotion mechanics passed, but changeset-bound promote failed and required the no-changeset fallback","resolve https://github.com/confighub/helm-expt/issues/682, then rerun the promotion receipt for a full pass",runs/eck-operator-default-confighub-proof/latest/variant-promotion-receipt.yaml,catalog/promotion,already-decided,
elastic/eck-operator,3.4.0,ha,lifecycle,lifecycle-observed,todo,chart has hook/lifecycle behavior with no live observation yet,"decide and record the lifecycle route, then observe it live",,catalog,needs-run,
elastic/eck-operator,3.4.0,ha,promotion,variant-promotion (proven-with-watch),watch,"server-side promotion mechanics passed, but changeset-bound promote failed and required the no-changeset fallback","resolve https://github.com/confighub/helm-expt/issues/682, then rerun the promotion receipt for a full pass",runs/eck-operator-ha-confighub-proof/latest/variant-promotion-receipt.yaml,catalog/promotion,already-decided,
elastic/eck-operator,3.4.0,no-crds,lifecycle,lifecycle-observed,todo,chart has hook/lifecycle behavior with no live observation yet,"decide and record the lifecycle route, then observe it live",,catalog,needs-run,
elastic/eck-operator,3.4.0,no-crds,promotion,variant-promotion (proven-with-watch),watch,"server-side promotion mechanics passed, but changeset-bound promote failed and required the no-changeset fallback","resolve https://github.com/confighub/helm-expt/issues/682, then rerun the promotion receipt for a full pass",runs/eck-operator-no-crds-confighub-proof/latest/variant-promotion-receipt.yaml,catalog/promotion,already-decided,
elastic/filebeat,8.5.1,default,G,gitops-oci-live,watch,target-runtime: pod ContainerCreating (parity passed),Review the runtime residue (pod errors / not ready) on the target and record a runtime-review support artifact.,recipes/elastic/filebeat/8.5.1/target-prerequisite-plan.yaml,needs runtime review,already-decided,npm run live-parity:run -- --recipe recipes/elastic/filebeat/8.5.1 --base default
elastic/filebeat,8.5.1,default,K,two-cluster-kind,blocked,target-prerequisite: required Secret missing (parity passed),"Stage the named Secret as a target fact, then the row can move to pass.",runs/live-kind-parity/elastic-filebeat-default/receipt.yaml,user,needs-target-or-prereq-fix,
elastic/filebeat,8.5.1,default,L,local-live,blocked,local-live blocked: Helm equivalence receipt and installer setupCheck present,resolve the local-live blocker first (local_kind_kubectl_apply;confighub_oci_argo_live;live_helm_vs_confighub_dual_compare); the live lanes inherit it,recipes/elastic/filebeat/8.5.1/target-prerequisite-plan.yaml,tooling/target,needs-target-or-prereq-fix,npm run live-parity:run -- --recipe recipes/elastic/filebeat/8.5.1 --base default
elastic/filebeat,8.5.1,default,P,live-helm-vs-confighub-parity,watch,target-runtime: pod ContainerCreating (parity passed),Review the runtime residue (pod errors / not ready) on the target and record a runtime-review support artifact.,recipes/elastic/filebeat/8.5.1/target-prerequisite-plan.yaml,needs runtime review,already-decided,npm run live-parity:run -- --recipe recipes/elastic/filebeat/8.5.1 --base default
elastic/filebeat,8.5.1,default,promotion,variant-promotion (proven-with-watch),watch,"server-side promotion mechanics passed, but changeset-bound promote failed and required the no-changeset fallback","resolve https://github.com/confighub/helm-expt/issues/682, then rerun the promotion receipt for a full pass",runs/filebeat-default-confighub-proof/latest/variant-promotion-receipt.yaml,catalog/promotion,already-decided,
elastic/filebeat,8.5.1,node-or-cluster-collector,G,gitops-oci-live,watch,target-runtime: pod ContainerCreating (parity passed),Review the runtime residue (pod errors / not ready) on the target and record a runtime-review support artifact.,recipes/elastic/filebeat/8.5.1/target-prerequisite-plan.yaml,needs runtime review,already-decided,npm run live-parity:run -- --recipe recipes/elastic/filebeat/8.5.1 --base node-or-cluster-collector
elastic/filebeat,8.5.1,node-or-cluster-collector,K,two-cluster-kind,blocked,helm-runtime: upstream not ready (parity passed),Review the runtime residue (crash loop / readiness) on the target and record a runtime-review support artifact.,runs/live-kind-parity/elastic-filebeat-node-or-cluster-collector/receipt.yaml,needs runtime review,needs-target-or-prereq-fix,
elastic/filebeat,8.5.1,node-or-cluster-collector,L,local-live,blocked,local-live blocked: Helm equivalence receipt and installer setupCheck present,resolve the local-live blocker first (local_kind_kubectl_apply;confighub_oci_argo_live;live_helm_vs_confighub_dual_compare); the live lanes inherit it,recipes/elastic/filebeat/8.5.1/target-prerequisite-plan.yaml,tooling/target,needs-target-or-prereq-fix,npm run live-parity:run -- --recipe recipes/elastic/filebeat/8.5.1 --base node-or-cluster-collector
elastic/filebeat,8.5.1,node-or-cluster-collector,P,live-helm-vs-confighub-parity,watch,target-runtime: pod ContainerCreating (parity passed),Review the runtime residue (pod errors / not ready) on the target and record a runtime-review support artifact.,recipes/elastic/filebeat/8.5.1/target-prerequisite-plan.yaml,needs runtime review,already-decided,npm run live-parity:run -- --recipe recipes/elastic/filebeat/8.5.1 --base node-or-cluster-collector
elastic/filebeat,8.5.1,node-or-cluster-collector,promotion,variant-promotion (proven-with-watch),watch,"server-side promotion mechanics passed, but changeset-bound promote failed and required the no-changeset fallback","resolve https://github.com/confighub/helm-expt/issues/682, then rerun the promotion receipt for a full pass",runs/filebeat-node-or-cluster-collector-confighub-proof/latest/variant-promotion-receipt.yaml,catalog/promotion,already-decided,
elastic/kibana,8.5.1,default,G,gitops-oci-live,blocked,upstream: single-cluster local live is blocked (missing prerequisite (mount/secret/config)),resolve the local-live prerequisite first; the live lanes inherit it,,either,needs-target-or-prereq-fix,npm run live-parity:run -- --recipe recipes/elastic/kibana/8.5.1 --base default
elastic/kibana,8.5.1,default,K,two-cluster-kind,blocked,upstream: single-cluster local live is blocked (missing prerequisite (mount/secret/config)),resolve the local-live prerequisite first; the live lanes inherit it,,either,needs-target-or-prereq-fix,npm run kind-parity:run -- --recipe recipes/elastic/kibana/8.5.1 --base default
elastic/kibana,8.5.1,default,L,local-live,blocked,local-live blocked: Helm equivalence receipt and installer setupCheck present,resolve the local-live blocker first (local_kind_kubectl_apply;confighub_oci_argo_live;live_helm_vs_confighub_dual_compare); the live lanes inherit it,,tooling/target,needs-target-or-prereq-fix,npm run live-parity:run -- --recipe recipes/elastic/kibana/8.5.1 --base default
elastic/kibana,8.5.1,default,P,live-helm-vs-confighub-parity,blocked,upstream: single-cluster local live is blocked (missing prerequisite (mount/secret/config)),resolve the local-live prerequisite first; the live lanes inherit it,,either,needs-target-or-prereq-fix,npm run live-parity:run -- --recipe recipes/elastic/kibana/8.5.1 --base default
elastic/kibana,8.5.1,default,promotion,variant-promotion (proven-with-watch),watch,"server-side promotion mechanics passed, but changeset-bound promote failed and required the no-changeset fallback","resolve https://github.com/confighub/helm-expt/issues/682, then rerun the promotion receipt for a full pass",runs/cl-kibana-8-5-1-default-confighub-proof/latest/variant-promotion-receipt.yaml,catalog/promotion,already-decided,
elastic/logstash,8.5.1,default,promotion,variant-promotion (proven-with-watch),watch,"server-side promotion mechanics passed, but changeset-bound promote failed and required the no-changeset fallback","resolve https://github.com/confighub/helm-expt/issues/682, then rerun the promotion receipt for a full pass",runs/logstash-default-confighub-proof/latest/variant-promotion-receipt.yaml,catalog/promotion,already-decided,
elastic/logstash,8.5.1,ha,L,local-live,fail,local-live fail: Helm equivalence receipt and installer setupCheck present,resolve the local-live blocker first (local_kind_kubectl_apply); the live lanes inherit it,,tooling/target,needs-target-or-prereq-fix,
elastic/logstash,8.5.1,ha,promotion,variant-promotion (proven-with-watch),watch,"server-side promotion mechanics passed, but changeset-bound promote failed and required the no-changeset fallback","resolve https://github.com/confighub/helm-expt/issues/682, then rerun the promotion receipt for a full pass",runs/logstash-ha-confighub-proof/latest/variant-promotion-receipt.yaml,catalog/promotion,already-decided,
elastic/metricbeat,8.5.1,default,G,gitops-oci-live,blocked,upstream: single-cluster local live is blocked (missing prerequisite (mount/secret/config)),resolve the local-live prerequisite first; the live lanes inherit it,,either,needs-target-or-prereq-fix,npm run live-parity:run -- --recipe recipes/elastic/metricbeat/8.5.1 --base default
elastic/metricbeat,8.5.1,default,K,two-cluster-kind,blocked,upstream: single-cluster local live is blocked (missing prerequisite (mount/secret/config)),resolve the local-live prerequisite first; the live lanes inherit it,,either,needs-target-or-prereq-fix,npm run kind-parity:run -- --recipe recipes/elastic/metricbeat/8.5.1 --base default
elastic/metricbeat,8.5.1,default,L,local-live,blocked,local-live blocked: Helm equivalence receipt and installer setupCheck present,resolve the local-live blocker first (local_kind_kubectl_apply;confighub_oci_argo_live;live_helm_vs_confighub_dual_compare); the live lanes inherit it,,tooling/target,needs-target-or-prereq-fix,npm run live-parity:run -- --recipe recipes/elastic/metricbeat/8.5.1 --base default
elastic/metricbeat,8.5.1,default,P,live-helm-vs-confighub-parity,blocked,upstream: single-cluster local live is blocked (missing prerequisite (mount/secret/config)),resolve the local-live prerequisite first; the live lanes inherit it,,either,needs-target-or-prereq-fix,npm run live-parity:run -- --recipe recipes/elastic/metricbeat/8.5.1 --base default
elastic/metricbeat,8.5.1,default,promotion,variant-promotion (proven-with-watch),watch,"server-side promotion mechanics passed, but changeset-bound promote failed and required the no-changeset fallback","resolve https://github.com/confighub/helm-expt/issues/682, then rerun the promotion receipt for a full pass",runs/cl-metricbeat-8-5-1-default-confighub-proof/latest/variant-promotion-receipt.yaml,catalog/promotion,already-decided,
external-dns/external-dns,1.21.1,default,lifecycle,lifecycle-observed,todo,chart has hook/lifecycle behavior with no live observation yet,"decide and record the lifecycle route, then observe it live",,catalog,needs-run,
external-dns/external-dns,1.21.1,default,promotion,variant-promotion (proven-with-watch),watch,"server-side promotion mechanics passed, but changeset-bound promote failed and required the no-changeset fallback","resolve https://github.com/confighub/helm-expt/issues/682, then rerun the promotion receipt for a full pass",runs/external-dns-default-confighub-proof/latest/variant-promotion-receipt.yaml,catalog/promotion,already-decided,
external-dns/external-dns,1.21.1,dry-run-txt-registry,lifecycle,lifecycle-observed,todo,chart has hook/lifecycle behavior with no live observation yet,"decide and record the lifecycle route, then observe it live",,catalog,needs-run,
external-dns/external-dns,1.21.1,dry-run-txt-registry,promotion,variant-promotion (proven-with-watch),watch,"server-side promotion mechanics passed, but changeset-bound promote failed and required the no-changeset fallback","resolve https://github.com/confighub/helm-expt/issues/682, then rerun the promotion receipt for a full pass",runs/external-dns-dry-run-txt-registry-confighub-proof/latest/variant-promotion-receipt.yaml,catalog/promotion,already-decided,
external-dns/external-dns,1.21.1,no-crds,lifecycle,lifecycle-observed,todo,chart has hook/lifecycle behavior with no live observation yet,"decide and record the lifecycle route, then observe it live",,catalog,needs-run,
external-dns/external-dns,1.21.1,no-crds,promotion,variant-promotion (proven-with-watch),watch,"server-side promotion mechanics passed, but changeset-bound promote failed and required the no-changeset fallback","resolve https://github.com/confighub/helm-expt/issues/682, then rerun the promotion receipt for a full pass",runs/external-dns-no-crds-confighub-proof/latest/variant-promotion-receipt.yaml,catalog/promotion,already-decided,
external-secrets/external-secrets,2.5.0,default,promotion,variant-promotion (proven-with-watch),watch,"server-side promotion mechanics passed, but changeset-bound promote failed and required the no-changeset fallback","resolve https://github.com/confighub/helm-expt/issues/682, then rerun the promotion receipt for a full pass",runs/external-secrets-confighub-proof/latest/variant-promotion-receipt.yaml,catalog/promotion,already-decided,
external-secrets/external-secrets,2.5.0,no-crds,promotion,variant-promotion (proven-with-watch),watch,"server-side promotion mechanics passed, but changeset-bound promote failed and required the no-changeset fallback","resolve https://github.com/confighub/helm-expt/issues/682, then rerun the promotion receipt for a full pass",runs/external-secrets-no-crds-confighub-proof/latest/variant-promotion-receipt.yaml,catalog/promotion,already-decided,
fairwinds-stable/goldilocks,10.3.0,default,lifecycle,lifecycle-observed,todo,chart has hook/lifecycle behavior with no live observation yet,"decide and record the lifecycle route, then observe it live",,catalog,needs-run,
fairwinds-stable/goldilocks,10.3.0,default,promotion,variant-promotion (proven-with-watch),watch,"server-side promotion mechanics passed, but changeset-bound promote failed and required the no-changeset fallback","resolve https://github.com/confighub/helm-expt/issues/682, then rerun the promotion receipt for a full pass",runs/goldilocks-default-confighub-proof/latest/variant-promotion-receipt.yaml,catalog/promotion,already-decided,
fairwinds-stable/vpa,4.11.0,default,K,two-cluster-kind,watch,target-runtime: pod crash loop (parity passed),Review the runtime residue (crash loop / readiness) on the target and record a runtime-review support artifact.,runs/live-kind-parity/fairwinds-stable-vpa-default/receipt.yaml,needs runtime review,already-decided,npm run kind-parity:run -- --recipe recipes/fairwinds-stable/vpa/4.11.0 --base default
fairwinds-stable/vpa,4.11.0,default,promotion,variant-promotion (proven-with-watch),watch,"server-side promotion mechanics passed, but changeset-bound promote failed and required the no-changeset fallback","resolve https://github.com/confighub/helm-expt/issues/682, then rerun the promotion receipt for a full pass",runs/vpa-default-confighub-proof/latest/variant-promotion-receipt.yaml,catalog/promotion,already-decided,
fairwinds-stable/vpa,4.11.0,no-crds,K,two-cluster-kind,watch,target-prerequisite: CRDs disabled or missing (parity passed),"Stage the chart's CRDs as target facts (or pick a CRD-rendering base), then the row can move to pass.",runs/live-kind-parity/fairwinds-stable-vpa-no-crds/receipt.yaml,user,already-decided,npm run kind-parity:run -- --recipe recipes/fairwinds-stable/vpa/4.11.0 --base no-crds
fairwinds-stable/vpa,4.11.0,no-crds,promotion,variant-promotion (proven-with-watch),watch,"server-side promotion mechanics passed, but changeset-bound promote failed and required the no-changeset fallback","resolve https://github.com/confighub/helm-expt/issues/682, then rerun the promotion receipt for a full pass",runs/vpa-no-crds-confighub-proof/latest/variant-promotion-receipt.yaml,catalog/promotion,already-decided,
falcosecurity/falco,9.0.0,default,promotion,variant-promotion (proven-with-watch),watch,"server-side promotion mechanics passed, but changeset-bound promote failed and required the no-changeset fallback","resolve https://github.com/confighub/helm-expt/issues/682, then rerun the promotion receipt for a full pass",runs/falco-default-confighub-proof/latest/variant-promotion-receipt.yaml,catalog/promotion,already-decided,
falcosecurity/falcosidekick,0.13.1,default,promotion,variant-promotion (proven-with-watch),watch,"server-side promotion mechanics passed, but changeset-bound promote failed and required the no-changeset fallback","resolve https://github.com/confighub/helm-expt/issues/682, then rerun the promotion receipt for a full pass",runs/falcosidekick-default-confighub-proof/latest/variant-promotion-receipt.yaml,catalog/promotion,already-decided,
fluent/fluent-bit,0.57.6,default,lifecycle,lifecycle-observed,todo,lifecycle route(s) defined (observed:2) but not yet observed live,observe the routed lifecycle action and record a receipt (see lifecycle-route-actions),data/lifecycle-routes/summary.md,catalog,needs-run,
fluent/fluent-bit,0.57.6,default,promotion,variant-promotion (proven-with-watch),watch,"server-side promotion mechanics passed, but changeset-bound promote failed and required the no-changeset fallback","resolve https://github.com/confighub/helm-expt/issues/682, then rerun the promotion receipt for a full pass",runs/fluent-bit-default-confighub-proof/latest/variant-promotion-receipt.yaml,catalog/promotion,already-decided,
fluent/fluentd,0.5.3,default,G,gitops-oci-live,watch,target-runtime: pod config/runtime errors (parity passed),Review the runtime residue (pod errors / not ready) on the target and record a runtime-review support artifact.,recipes/fluent/fluentd/0.5.3/runtime-review.yaml,needs runtime review,already-decided,npm run live-parity:run -- --recipe recipes/fluent/fluentd/0.5.3 --base default
fluent/fluentd,0.5.3,default,P,live-helm-vs-confighub-parity,watch,target-runtime: pod config/runtime errors (parity passed),Review the runtime residue (pod errors / not ready) on the target and record a runtime-review support artifact.,recipes/fluent/fluentd/0.5.3/runtime-review.yaml,needs runtime review,already-decided,npm run live-parity:run -- --recipe recipes/fluent/fluentd/0.5.3 --base default
fluent/fluentd,0.5.3,default,promotion,variant-promotion (proven-with-watch),watch,"server-side promotion mechanics passed, but changeset-bound promote failed and required the no-changeset fallback","resolve https://github.com/confighub/helm-expt/issues/682, then rerun the promotion receipt for a full pass",runs/fluentd-default-confighub-proof/latest/variant-promotion-receipt.yaml,catalog/promotion,already-decided,
gatekeeper/gatekeeper,3.22.2,default,lifecycle,lifecycle-observed,todo,chart has hook/lifecycle behavior with no live observation yet,"decide and record the lifecycle route, then observe it live",,catalog,needs-run,
gatekeeper/gatekeeper,3.22.2,default,promotion,variant-promotion (proven-with-watch),watch,"server-side promotion mechanics passed, but changeset-bound promote failed and required the no-changeset fallback","resolve https://github.com/confighub/helm-expt/issues/682, then rerun the promotion receipt for a full pass",runs/gatekeeper-default-confighub-proof/latest/variant-promotion-receipt.yaml,catalog/promotion,already-decided,
gatekeeper/gatekeeper,3.22.2,no-crds,lifecycle,lifecycle-observed,todo,chart has hook/lifecycle behavior with no live observation yet,"decide and record the lifecycle route, then observe it live",,catalog,needs-run,
gatekeeper/gatekeeper,3.22.2,no-crds,promotion,variant-promotion (proven-with-watch),watch,"server-side promotion mechanics passed, but changeset-bound promote failed and required the no-changeset fallback","resolve https://github.com/confighub/helm-expt/issues/682, then rerun the promotion receipt for a full pass",runs/gatekeeper-no-crds-confighub-proof/latest/variant-promotion-receipt.yaml,catalog/promotion,already-decided,
gitlab/gitlab-runner,0.89.0,default,G,gitops-oci-live,blocked,upstream: single-cluster local live failed; live lanes cannot make a green claim until it converges,fix or route the local-live failure first,,either,needs-target-or-prereq-fix,npm run live-parity:run -- --recipe recipes/gitlab/gitlab-runner/0.89.0 --base default
gitlab/gitlab-runner,0.89.0,default,K,two-cluster-kind,watch,helm-runtime: upstream not ready (parity passed),Review the runtime residue (crash loop / readiness) on the target and record a runtime-review support artifact.,runs/live-kind-parity/gitlab-gitlab-runner-default/receipt.yaml,needs runtime review,already-decided,npm run kind-parity:run -- --recipe recipes/gitlab/gitlab-runner/0.89.0 --base default
gitlab/gitlab-runner,0.89.0,default,L,local-live,fail,local-live fail: Helm equivalence receipt and installer setupCheck present,resolve the local-live blocker first (local_kind_kubectl_apply;confighub_oci_argo_live;live_helm_vs_confighub_dual_compare); the live lanes inherit it,,tooling/target,needs-target-or-prereq-fix,npm run live-parity:run -- --recipe recipes/gitlab/gitlab-runner/0.89.0 --base default
gitlab/gitlab-runner,0.89.0,default,P,live-helm-vs-confighub-parity,blocked,upstream: single-cluster local live failed; live lanes cannot make a green claim until it converges,fix or route the local-live failure first,,either,needs-target-or-prereq-fix,npm run live-parity:run -- --recipe recipes/gitlab/gitlab-runner/0.89.0 --base default
gitlab/gitlab-runner,0.89.0,default,promotion,variant-promotion (proven-with-watch),watch,"server-side promotion mechanics passed, but changeset-bound promote failed and required the no-changeset fallback","resolve https://github.com/confighub/helm-expt/issues/682, then rerun the promotion receipt for a full pass",runs/gitlab-runner-default-confighub-proof/latest/variant-promotion-receipt.yaml,catalog/promotion,already-decided,
grafana/alloy,1.8.2,default,lifecycle,lifecycle-observed,todo,chart has hook/lifecycle behavior with no live observation yet,"decide and record the lifecycle route, then observe it live",,catalog,needs-run,
grafana/alloy,1.8.2,default,promotion,variant-promotion (blocked),blocked,server-side promotion did not prove changed-unit catch-up and added-unit cloning,inspect the promotion receipt and resolve the recorded blocker,runs/grafana-alloy-default-confighub-proof/latest/variant-promotion-receipt.yaml,catalog/promotion,needs-target-or-prereq-fix,
grafana/alloy,1.8.2,no-crds,lifecycle,lifecycle-observed,todo,chart has hook/lifecycle behavior with no live observation yet,"decide and record the lifecycle route, then observe it live",,catalog,needs-run,
grafana/alloy,1.8.2,no-crds,promotion,variant-promotion (blocked),blocked,server-side promotion did not prove changed-unit catch-up and added-unit cloning,inspect the promotion receipt and resolve the recorded blocker,runs/grafana-alloy-no-crds-confighub-proof/latest/variant-promotion-receipt.yaml,catalog/promotion,needs-target-or-prereq-fix,
grafana/grafana,10.5.15,existing-secret-ingress,promotion,variant-promotion (proven-with-watch),watch,"server-side promotion mechanics passed, but changeset-bound promote failed and required the no-changeset fallback","resolve https://github.com/confighub/helm-expt/issues/682, then rerun the promotion receipt for a full pass",runs/grafana-existing-secret-ingress-confighub-proof/latest/variant-promotion-receipt.yaml,catalog/promotion,already-decided,
grafana/grafana,10.5.15,generated-passwords,promotion,variant-promotion (proven-with-watch),watch,"server-side promotion mechanics passed, but changeset-bound promote failed and required the no-changeset fallback","resolve https://github.com/confighub/helm-expt/issues/682, then rerun the promotion receipt for a full pass",runs/grafana-confighub-proof/latest/variant-promotion-receipt.yaml,catalog/promotion,already-decided,
grafana/loki,7.0.0,simple-scalable-minio,lifecycle,lifecycle-observed,todo,chart has hook/lifecycle behavior with no live observation yet,"decide and record the lifecycle route, then observe it live",,catalog,needs-run,
grafana/loki,7.0.0,simple-scalable-minio,promotion,variant-promotion (proven-with-watch),watch,"server-side promotion mechanics passed, but changeset-bound promote failed and required the no-changeset fallback","resolve https://github.com/confighub/helm-expt/issues/682, then rerun the promotion receipt for a full pass",runs/loki-simple-scalable-minio-confighub-proof/latest/variant-promotion-receipt.yaml,catalog/promotion,already-decided,
grafana/loki,7.0.0,single-binary-filesystem,lifecycle,lifecycle-observed,todo,chart has hook/lifecycle behavior with no live observation yet,"decide and record the lifecycle route, then observe it live",,catalog,needs-run,
grafana/loki,7.0.0,single-binary-filesystem,promotion,variant-promotion (proven-with-watch),watch,"server-side promotion mechanics passed, but changeset-bound promote failed and required the no-changeset fallback","resolve https://github.com/confighub/helm-expt/issues/682, then rerun the promotion receipt for a full pass",runs/loki-confighub-proof/latest/variant-promotion-receipt.yaml,catalog/promotion,already-decided,
grafana/promtail,6.17.1,default,promotion,variant-promotion (proven-with-watch),watch,"server-side promotion mechanics passed, but changeset-bound promote failed and required the no-changeset fallback","resolve https://github.com/confighub/helm-expt/issues/682, then rerun the promotion receipt for a full pass",runs/promtail-default-confighub-proof/latest/variant-promotion-receipt.yaml,catalog/promotion,already-decided,
grafana/pyroscope,2.0.2,default,G,gitops-oci-live,watch,target-runtime: ConfigHub workload not ready (parity passed),Review the runtime residue (pod errors / not ready) on the target and record a runtime-review support artifact.,recipes/grafana/pyroscope/2.0.2/runtime-review.yaml,needs runtime review,already-decided,npm run live-parity:run -- --recipe recipes/grafana/pyroscope/2.0.2 --base default
grafana/pyroscope,2.0.2,default,lifecycle,lifecycle-observed,todo,chart has hook/lifecycle behavior with no live observation yet,"decide and record the lifecycle route, then observe it live",,catalog,needs-run,
grafana/pyroscope,2.0.2,default,P,live-helm-vs-confighub-parity,watch,target-runtime: ConfigHub workload not ready (parity passed),Review the runtime residue (pod errors / not ready) on the target and record a runtime-review support artifact.,recipes/grafana/pyroscope/2.0.2/runtime-review.yaml,needs runtime review,already-decided,npm run live-parity:run -- --recipe recipes/grafana/pyroscope/2.0.2 --base default
grafana/pyroscope,2.0.2,default,promotion,variant-promotion (proven-with-watch),watch,"server-side promotion mechanics passed, but changeset-bound promote failed and required the no-changeset fallback","resolve https://github.com/confighub/helm-expt/issues/682, then rerun the promotion receipt for a full pass",runs/pyroscope-default-confighub-proof/latest/variant-promotion-receipt.yaml,catalog/promotion,already-decided,
grafana/pyroscope,2.0.2,ha,G,gitops-oci-live,watch,target-runtime: ConfigHub workload not ready (parity passed),Review the runtime residue (pod errors / not ready) on the target and record a runtime-review support artifact.,recipes/grafana/pyroscope/2.0.2/runtime-review.yaml,needs runtime review,already-decided,npm run live-parity:run -- --recipe recipes/grafana/pyroscope/2.0.2 --base ha
grafana/pyroscope,2.0.2,ha,K,two-cluster-kind,blocked,upstream: single-cluster local live failed; live lanes cannot make a green claim until it converges,fix or route the local-live failure first,,either,needs-target-or-prereq-fix,npm run kind-parity:run -- --recipe recipes/grafana/pyroscope/2.0.2 --base ha
grafana/pyroscope,2.0.2,ha,L,local-live,fail,local-live fail: Helm equivalence receipt and installer setupCheck present,resolve the local-live blocker first (local_kind_kubectl_apply;confighub_oci_argo_live;live_helm_vs_confighub_dual_compare); the live lanes inherit it,recipes/grafana/pyroscope/2.0.2/runtime-review.yaml,tooling/target,needs-target-or-prereq-fix,npm run live-parity:run -- --recipe recipes/grafana/pyroscope/2.0.2 --base ha
grafana/pyroscope,2.0.2,ha,lifecycle,lifecycle-observed,todo,chart has hook/lifecycle behavior with no live observation yet,"decide and record the lifecycle route, then observe it live",,catalog,needs-run,
grafana/pyroscope,2.0.2,ha,P,live-helm-vs-confighub-parity,watch,target-runtime: ConfigHub workload not ready (parity passed),Review the runtime residue (pod errors / not ready) on the target and record a runtime-review support artifact.,recipes/grafana/pyroscope/2.0.2/runtime-review.yaml,needs runtime review,already-decided,npm run live-parity:run -- --recipe recipes/grafana/pyroscope/2.0.2 --base ha
grafana/pyroscope,2.0.2,ha,promotion,variant-promotion (proven-with-watch),watch,"server-side promotion mechanics passed, but changeset-bound promote failed and required the no-changeset fallback","resolve https://github.com/confighub/helm-expt/issues/682, then rerun the promotion receipt for a full pass",runs/pyroscope-ha-confighub-proof/latest/variant-promotion-receipt.yaml,catalog/promotion,already-decided,
grafana/pyroscope,2.0.2,no-crds,G,gitops-oci-live,watch,target-runtime: ConfigHub workload not ready (parity passed),Review the runtime residue (pod errors / not ready) on the target and record a runtime-review support artifact.,recipes/grafana/pyroscope/2.0.2/runtime-review.yaml,needs runtime review,already-decided,npm run live-parity:run -- --recipe recipes/grafana/pyroscope/2.0.2 --base no-crds
grafana/pyroscope,2.0.2,no-crds,lifecycle,lifecycle-observed,todo,chart has hook/lifecycle behavior with no live observation yet,"decide and record the lifecycle route, then observe it live",,catalog,needs-run,
grafana/pyroscope,2.0.2,no-crds,P,live-helm-vs-confighub-parity,watch,target-runtime: ConfigHub workload not ready (parity passed),Review the runtime residue (pod errors / not ready) on the target and record a runtime-review support artifact.,recipes/grafana/pyroscope/2.0.2/runtime-review.yaml,needs runtime review,already-decided,npm run live-parity:run -- --recipe recipes/grafana/pyroscope/2.0.2 --base no-crds
grafana/pyroscope,2.0.2,no-crds,promotion,variant-promotion (proven-with-watch),watch,"server-side promotion mechanics passed, but changeset-bound promote failed and required the no-changeset fallback","resolve https://github.com/confighub/helm-expt/issues/682, then rerun the promotion receipt for a full pass",runs/pyroscope-no-crds-confighub-proof/latest/variant-promotion-receipt.yaml,catalog/promotion,already-decided,
grafana/rollout-operator,0.49.0,default,promotion,variant-promotion (proven-with-watch),watch,"server-side promotion mechanics passed, but changeset-bound promote failed and required the no-changeset fallback","resolve https://github.com/confighub/helm-expt/issues/682, then rerun the promotion receipt for a full pass",runs/rollout-operator-default-confighub-proof/latest/variant-promotion-receipt.yaml,catalog/promotion,already-decided,
grafana/rollout-operator,0.49.0,no-crds,K,two-cluster-kind,watch,target-runtime: installer-applied workload not ready at observation cutoff (parity passed),Review the runtime residue (crash loop / readiness) on the target and record a runtime-review support artifact.,runs/live-kind-parity/grafana-rollout-operator-no-crds/receipt.yaml,needs runtime review,already-decided,npm run kind-parity:run -- --recipe recipes/grafana/rollout-operator/0.49.0 --base no-crds
grafana/rollout-operator,0.49.0,no-crds,L,local-live,fail,local-live fail: Helm equivalence receipt and installer setupCheck present,resolve the local-live blocker first (local_kind_kubectl_apply); the live lanes inherit it,,tooling/target,needs-target-or-prereq-fix,
grafana/rollout-operator,0.49.0,no-crds,promotion,variant-promotion (proven-with-watch),watch,"server-side promotion mechanics passed, but changeset-bound promote failed and required the no-changeset fallback","resolve https://github.com/confighub/helm-expt/issues/682, then rerun the promotion receipt for a full pass",runs/rollout-operator-no-crds-confighub-proof/latest/variant-promotion-receipt.yaml,catalog/promotion,already-decided,
grafana/tempo,1.24.4,local-persistent,promotion,variant-promotion (proven-with-watch),watch,"server-side promotion mechanics passed, but changeset-bound promote failed and required the no-changeset fallback","resolve https://github.com/confighub/helm-expt/issues/682, then rerun the promotion receipt for a full pass",runs/tempo-confighub-proof/latest/variant-promotion-receipt.yaml,catalog/promotion,already-decided,
grafana/tempo,1.24.4,s3-query-observability,G,gitops-oci-live,watch,gitops-runtime: Argo health Progressing (parity passed),"Review the controller-health residue (aggregate vs per-resource health, sync state) and refresh the gitops-runtime-review support artifact.",recipes/grafana/tempo/1.24.4/gitops-runtime-review.yaml,needs GitOps controller-health review,already-decided,npm run live-parity:run -- --recipe recipes/grafana/tempo/1.24.4 --base s3-query-observability
grafana/tempo,1.24.4,s3-query-observability,L,local-live,blocked,local-live blocked: Helm equivalence receipt and installer setupCheck present,resolve the local-live blocker first (local_kind_kubectl_apply;confighub_oci_argo_live;live_helm_vs_confighub_dual_compare); the live lanes inherit it,recipes/grafana/tempo/1.24.4/gitops-runtime-review.yaml,tooling/target,needs-target-or-prereq-fix,npm run live-parity:run -- --recipe recipes/grafana/tempo/1.24.4 --base s3-query-observability
grafana/tempo,1.24.4,s3-query-observability,P,live-helm-vs-confighub-parity,watch,gitops-runtime: Argo health Progressing (parity passed),"Review the controller-health residue (aggregate vs per-resource health, sync state) and refresh the gitops-runtime-review support artifact.",recipes/grafana/tempo/1.24.4/gitops-runtime-review.yaml,needs GitOps controller-health review,already-decided,npm run live-parity:run -- --recipe recipes/grafana/tempo/1.24.4 --base s3-query-observability
grafana/tempo,1.24.4,s3-query-observability,promotion,variant-promotion (proven-with-watch),watch,"server-side promotion mechanics passed, but changeset-bound promote failed and required the no-changeset fallback","resolve https://github.com/confighub/helm-expt/issues/682, then rerun the promotion receipt for a full pass",runs/tempo-s3-query-observability-confighub-proof/latest/variant-promotion-receipt.yaml,catalog/promotion,already-decided,
haproxytech/kubernetes-ingress,1.52.0,default,promotion,variant-promotion (proven-with-watch),watch,"server-side promotion mechanics passed, but changeset-bound promote failed and required the no-changeset fallback","resolve https://github.com/confighub/helm-expt/issues/682, then rerun the promotion receipt for a full pass",runs/haproxy-ingress-default-confighub-proof/latest/variant-promotion-receipt.yaml,catalog/promotion,already-decided,
hashicorp/consul,2.0.0,default-control-plane,lifecycle,lifecycle-observed,todo,chart has hook/lifecycle behavior with no live observation yet,"decide and record the lifecycle route, then observe it live",,catalog,needs-run,
hashicorp/consul,2.0.0,default-control-plane,promotion,variant-promotion (proven-with-watch),watch,"server-side promotion mechanics passed, but changeset-bound promote failed and required the no-changeset fallback","resolve https://github.com/confighub/helm-expt/issues/682, then rerun the promotion receipt for a full pass",runs/consul-confighub-proof/latest/variant-promotion-receipt.yaml,catalog/promotion,already-decided,
hashicorp/consul,2.0.0,secure-mesh-existing-secrets,G,gitops-oci-live,watch,gitops-runtime: Argo health Progressing (parity passed),"Review the controller-health residue (aggregate vs per-resource health, sync state) and refresh the gitops-runtime-review support artifact.",recipes/hashicorp/consul/2.0.0/gitops-runtime-review.yaml,needs GitOps controller-health review,already-decided,npm run live-parity:run -- --recipe recipes/hashicorp/consul/2.0.0 --base secure-mesh-existing-secrets --target-profile kind-three-node
hashicorp/consul,2.0.0,secure-mesh-existing-secrets,L,local-live,fail,local-live fail: Helm equivalence receipt and installer setupCheck present,resolve the local-live blocker first (local_kind_kubectl_apply;confighub_oci_argo_live;live_helm_vs_confighub_dual_compare); the live lanes inherit it,recipes/hashicorp/consul/2.0.0/gitops-runtime-review.yaml,tooling/target,needs-target-or-prereq-fix,npm run live-parity:run -- --recipe recipes/hashicorp/consul/2.0.0 --base secure-mesh-existing-secrets --target-profile kind-three-node
hashicorp/consul,2.0.0,secure-mesh-existing-secrets,lifecycle,lifecycle-observed,todo,chart has hook/lifecycle behavior with no live observation yet,"decide and record the lifecycle route, then observe it live",,catalog,needs-run,
hashicorp/consul,2.0.0,secure-mesh-existing-secrets,P,live-helm-vs-confighub-parity,watch,gitops-runtime: Argo health Progressing (parity passed),"Review the controller-health residue (aggregate vs per-resource health, sync state) and refresh the gitops-runtime-review support artifact.",recipes/hashicorp/consul/2.0.0/gitops-runtime-review.yaml,needs GitOps controller-health review,already-decided,npm run live-parity:run -- --recipe recipes/hashicorp/consul/2.0.0 --base secure-mesh-existing-secrets --target-profile kind-three-node
hashicorp/consul,2.0.0,secure-mesh-existing-secrets,promotion,variant-promotion (proven-with-watch),watch,"server-side promotion mechanics passed, but changeset-bound promote failed and required the no-changeset fallback","resolve https://github.com/confighub/helm-expt/issues/682, then rerun the promotion receipt for a full pass",runs/consul-secure-mesh-existing-secrets-confighub-proof/latest/variant-promotion-receipt.yaml,catalog/promotion,already-decided,
hashicorp/terraform,1.1.2,default,G,gitops-oci-live,watch,target-runtime: pod ContainerCreating (parity passed),Review the runtime residue (pod errors / not ready) on the target and record a runtime-review support artifact.,recipes/hashicorp/terraform/1.1.2/target-prerequisite-plan.yaml,needs runtime review,already-decided,npm run live-parity:run -- --recipe recipes/hashicorp/terraform/1.1.2 --base default
hashicorp/terraform,1.1.2,default,K,two-cluster-kind,blocked,upstream: single-cluster local live is blocked (missing prerequisite (mount/secret/config)),resolve the local-live prerequisite first; the live lanes inherit it,,either,needs-target-or-prereq-fix,npm run kind-parity:run -- --recipe recipes/hashicorp/terraform/1.1.2 --base default
hashicorp/terraform,1.1.2,default,L,local-live,blocked,local-live blocked: Helm equivalence receipt and installer setupCheck present,resolve the local-live blocker first (local_kind_kubectl_apply;confighub_oci_argo_live;live_helm_vs_confighub_dual_compare); the live lanes inherit it,recipes/hashicorp/terraform/1.1.2/target-prerequisite-plan.yaml,tooling/target,needs-target-or-prereq-fix,npm run live-parity:run -- --recipe recipes/hashicorp/terraform/1.1.2 --base default
hashicorp/terraform,1.1.2,default,lifecycle,lifecycle-observed,todo,chart has hook/lifecycle behavior with no live observation yet,"decide and record the lifecycle route, then observe it live",,catalog,needs-run,
hashicorp/terraform,1.1.2,default,P,live-helm-vs-confighub-parity,watch,target-runtime: pod ContainerCreating (parity passed),Review the runtime residue (pod errors / not ready) on the target and record a runtime-review support artifact.,recipes/hashicorp/terraform/1.1.2/target-prerequisite-plan.yaml,needs runtime review,already-decided,npm run live-parity:run -- --recipe recipes/hashicorp/terraform/1.1.2 --base default
hashicorp/terraform,1.1.2,default,promotion,variant-promotion (proven-with-watch),watch,"server-side promotion mechanics passed, but changeset-bound promote failed and required the no-changeset fallback","resolve https://github.com/confighub/helm-expt/issues/682, then rerun the promotion receipt for a full pass",runs/terraform-default-confighub-proof/latest/variant-promotion-receipt.yaml,catalog/promotion,already-decided,
hashicorp/terraform,1.1.2,no-crds,G,gitops-oci-live,watch,target-runtime: pod ContainerCreating (parity passed),Review the runtime residue (pod errors / not ready) on the target and record a runtime-review support artifact.,recipes/hashicorp/terraform/1.1.2/target-prerequisite-plan.yaml,needs runtime review,already-decided,npm run live-parity:run -- --recipe recipes/hashicorp/terraform/1.1.2 --base no-crds
hashicorp/terraform,1.1.2,no-crds,K,two-cluster-kind,blocked,target-prerequisite: required Secret missing (parity passed),"Stage the named Secret as a target fact, then the row can move to pass.",runs/live-kind-parity/hashicorp-terraform-no-crds/receipt.yaml,user,needs-target-or-prereq-fix,
hashicorp/terraform,1.1.2,no-crds,L,local-live,blocked,local-live blocked: Helm equivalence receipt and installer setupCheck present,resolve the local-live blocker first (local_kind_kubectl_apply;confighub_oci_argo_live;live_helm_vs_confighub_dual_compare); the live lanes inherit it,recipes/hashicorp/terraform/1.1.2/target-prerequisite-plan.yaml,tooling/target,needs-target-or-prereq-fix,npm run live-parity:run -- --recipe recipes/hashicorp/terraform/1.1.2 --base no-crds
hashicorp/terraform,1.1.2,no-crds,lifecycle,lifecycle-observed,todo,chart has hook/lifecycle behavior with no live observation yet,"decide and record the lifecycle route, then observe it live",,catalog,needs-run,
hashicorp/terraform,1.1.2,no-crds,P,live-helm-vs-confighub-parity,watch,target-runtime: pod ContainerCreating (parity passed),Review the runtime residue (pod errors / not ready) on the target and record a runtime-review support artifact.,recipes/hashicorp/terraform/1.1.2/target-prerequisite-plan.yaml,needs runtime review,already-decided,npm run live-parity:run -- --recipe recipes/hashicorp/terraform/1.1.2 --base no-crds
hashicorp/terraform,1.1.2,no-crds,promotion,variant-promotion (proven-with-watch),watch,"server-side promotion mechanics passed, but changeset-bound promote failed and required the no-changeset fallback","resolve https://github.com/confighub/helm-expt/issues/682, then rerun the promotion receipt for a full pass",runs/terraform-no-crds-confighub-proof/latest/variant-promotion-receipt.yaml,catalog/promotion,already-decided,
hashicorp/vault,0.32.0,default,lifecycle,lifecycle-observed,todo,chart has hook/lifecycle behavior with no live observation yet,"decide and record the lifecycle route, then observe it live",,catalog,needs-run,
hashicorp/vault,0.32.0,default,promotion,variant-promotion (proven-with-watch),watch,"server-side promotion mechanics passed, but changeset-bound promote failed and required the no-changeset fallback","resolve https://github.com/confighub/helm-expt/issues/682, then rerun the promotion receipt for a full pass",runs/vault-default-confighub-proof/latest/variant-promotion-receipt.yaml,catalog/promotion,already-decided,
hashicorp/vault,0.32.0,dev-mode,lifecycle,lifecycle-observed,todo,chart has hook/lifecycle behavior with no live observation yet,"decide and record the lifecycle route, then observe it live",,catalog,needs-run,
hashicorp/vault,0.32.0,dev-mode,promotion,variant-promotion (proven-with-watch),watch,"server-side promotion mechanics passed, but changeset-bound promote failed and required the no-changeset fallback","resolve https://github.com/confighub/helm-expt/issues/682, then rerun the promotion receipt for a full pass",runs/vault-confighub-proof/latest/variant-promotion-receipt.yaml,catalog/promotion,already-decided,
hashicorp/vault,0.32.0,ha-raft-ui,G,gitops-oci-live,watch,operate-policy: Vault init/unseal readiness (parity passed),Perform and record the operational step (e.g. Vault init/unseal) for the target scope; see the operating-policy artifact.,recipes/hashicorp/vault/0.32.0/operating-policy.yaml,needs operate review,already-decided,npm run live-parity:run -- --recipe recipes/hashicorp/vault/0.32.0 --base ha-raft-ui
hashicorp/vault,0.32.0,ha-raft-ui,L,local-live,blocked,local-live blocked: Helm equivalence receipt and installer setupCheck present,resolve the local-live blocker first (local_kind_kubectl_apply;confighub_oci_argo_live;live_helm_vs_confighub_dual_compare); the live lanes inherit it,recipes/hashicorp/vault/0.32.0/operating-policy.yaml,tooling/target,needs-target-or-prereq-fix,npm run live-parity:run -- --recipe recipes/hashicorp/vault/0.32.0 --base ha-raft-ui
hashicorp/vault,0.32.0,ha-raft-ui,lifecycle,lifecycle-observed,todo,chart has hook/lifecycle behavior with no live observation yet,"decide and record the lifecycle route, then observe it live",,catalog,needs-run,
hashicorp/vault,0.32.0,ha-raft-ui,P,live-helm-vs-confighub-parity,watch,operate-policy: Vault init/unseal readiness (parity passed),Perform and record the operational step (e.g. Vault init/unseal) for the target scope; see the operating-policy artifact.,recipes/hashicorp/vault/0.32.0/operating-policy.yaml,needs operate review,already-decided,npm run live-parity:run -- --recipe recipes/hashicorp/vault/0.32.0 --base ha-raft-ui
hashicorp/vault,0.32.0,ha-raft-ui,promotion,variant-promotion (proven-with-watch),watch,"server-side promotion mechanics passed, but changeset-bound promote failed and required the no-changeset fallback","resolve https://github.com/confighub/helm-expt/issues/682, then rerun the promotion receipt for a full pass",runs/vault-ha-raft-ui-confighub-proof/latest/variant-promotion-receipt.yaml,catalog/promotion,already-decided,
ingress-nginx/ingress-nginx,4.15.1,admission-disabled,lifecycle,lifecycle-observed,todo,chart has hook/lifecycle behavior with no live observation yet,"decide and record the lifecycle route, then observe it live",,catalog,needs-run,
ingress-nginx/ingress-nginx,4.15.1,admission-disabled,promotion,variant-promotion (proven-with-watch),watch,"server-side promotion mechanics passed, but changeset-bound promote failed and required the no-changeset fallback","resolve https://github.com/confighub/helm-expt/issues/682, then rerun the promotion receipt for a full pass",runs/ingress-nginx-admission-disabled-confighub-proof/latest/variant-promotion-receipt.yaml,catalog/promotion,already-decided,
ingress-nginx/ingress-nginx,4.15.1,default,promotion,variant-promotion (proven-with-watch),watch,"server-side promotion mechanics passed, but changeset-bound promote failed and required the no-changeset fallback","resolve https://github.com/confighub/helm-expt/issues/682, then rerun the promotion receipt for a full pass",runs/ingress-nginx-default-confighub-proof/latest/variant-promotion-receipt.yaml,catalog/promotion,already-decided,
ingress-nginx/ingress-nginx,4.15.1,internal-clusterip,lifecycle,lifecycle-observed,todo,chart has hook/lifecycle behavior with no live observation yet,"decide and record the lifecycle route, then observe it live",,catalog,needs-run,
ingress-nginx/ingress-nginx,4.15.1,internal-clusterip,promotion,variant-promotion (proven-with-watch),watch,"server-side promotion mechanics passed, but changeset-bound promote failed and required the no-changeset fallback","resolve https://github.com/confighub/helm-expt/issues/682, then rerun the promotion receipt for a full pass",runs/ingress-nginx-confighub-proof/latest/variant-promotion-receipt.yaml,catalog/promotion,already-decided,
istio/gateway,1.30.0,controller-default-reviewed,G,gitops-oci-live,watch,remote-image: image pull failed or pinned image is unavailable (parity passed),"Resolve the image by digest, override to a maintained image, or refresh the catalog base with a pullable image, then rerun the live lane.",data/image-digest-workdown/summary.md,catalog or image publisher,already-decided,npm run live-parity:run -- --recipe recipes/istio/gateway/1.30.0 --base controller-default-reviewed
istio/gateway,1.30.0,controller-default-reviewed,K,two-cluster-kind,blocked,remote-image: image pull failed or pinned image is unavailable (parity passed),"Resolve the image by digest, override to a maintained image, or refresh the catalog base with a pullable image, then rerun.",runs/live-kind-parity/istio-gateway-controller-default-reviewed/receipt.yaml,catalog or image publisher,needs-modeling,
istio/gateway,1.30.0,controller-default-reviewed,L,local-live,blocked,local-live blocked: Helm equivalence receipt and installer setupCheck present,resolve the local-live blocker first (local_kind_kubectl_apply;confighub_oci_argo_live;live_helm_vs_confighub_dual_compare); the live lanes inherit it,data/image-digest-workdown/summary.md,tooling/target,needs-target-or-prereq-fix,npm run live-parity:run -- --recipe recipes/istio/gateway/1.30.0 --base controller-default-reviewed
istio/gateway,1.30.0,controller-default-reviewed,P,live-helm-vs-confighub-parity,watch,remote-image: image pull failed or pinned image is unavailable (parity passed),"Resolve the image by digest, override to a maintained image, or refresh the catalog base with a pullable image, then rerun the live lane.",data/image-digest-workdown/summary.md,catalog or image publisher,already-decided,npm run live-parity:run -- --recipe recipes/istio/gateway/1.30.0 --base controller-default-reviewed
istio/gateway,1.30.0,controller-default-reviewed,promotion,variant-promotion (proven-with-watch),watch,"server-side promotion mechanics passed, but changeset-bound promote failed and required the no-changeset fallback","resolve https://github.com/confighub/helm-expt/issues/682, then rerun the promotion receipt for a full pass",runs/istio-gateway-controller-default-reviewed-confighub-proof/latest/variant-promotion-receipt.yaml,catalog/promotion,already-decided,
istio/gateway,1.30.0,default,G,gitops-oci-live,watch,remote-image: image pull failed or pinned image is unavailable (parity passed),"Resolve the image by digest, override to a maintained image, or refresh the catalog base with a pullable image, then rerun the live lane.",data/image-digest-workdown/summary.md,catalog or image publisher,already-decided,npm run live-parity:run -- --recipe recipes/istio/gateway/1.30.0 --base default
istio/gateway,1.30.0,default,K,two-cluster-kind,blocked,remote-image: image pull failed or pinned image is unavailable (parity passed),"Resolve the image by digest, override to a maintained image, or refresh the catalog base with a pullable image, then rerun.",runs/live-kind-parity/istio-gateway-default/receipt.yaml,catalog or image publisher,needs-modeling,
istio/gateway,1.30.0,default,L,local-live,blocked,local-live blocked: Helm equivalence receipt and installer setupCheck present,resolve the local-live blocker first (local_kind_kubectl_apply;confighub_oci_argo_live;live_helm_vs_confighub_dual_compare); the live lanes inherit it,data/image-digest-workdown/summary.md,tooling/target,needs-target-or-prereq-fix,npm run live-parity:run -- --recipe recipes/istio/gateway/1.30.0 --base default
istio/gateway,1.30.0,default,P,live-helm-vs-confighub-parity,watch,remote-image: image pull failed or pinned image is unavailable (parity passed),"Resolve the image by digest, override to a maintained image, or refresh the catalog base with a pullable image, then rerun the live lane.",data/image-digest-workdown/summary.md,catalog or image publisher,already-decided,npm run live-parity:run -- --recipe recipes/istio/gateway/1.30.0 --base default
istio/gateway,1.30.0,default,promotion,variant-promotion (proven-with-watch),watch,"server-side promotion mechanics passed, but changeset-bound promote failed and required the no-changeset fallback","resolve https://github.com/confighub/helm-expt/issues/682, then rerun the promotion receipt for a full pass",runs/istio-gateway-default-confighub-proof/latest/variant-promotion-receipt.yaml,catalog/promotion,already-decided,
istio/istiod,1.30.0,default,G,gitops-oci-live,blocked,target-prerequisite: namespace missing (parity passed),"Stage the named prerequisite as a target fact (see the target-prerequisite-plan), then the row can move to pass.",recipes/istio/istiod/1.30.0/target-prerequisite-plan.yaml,user,needs-target-or-prereq-fix,npm run live-parity:run -- --recipe recipes/istio/istiod/1.30.0 --base default
istio/istiod,1.30.0,default,K,two-cluster-kind,blocked,target-prerequisite: required Namespace missing (parity passed),"Declare and stage the required Namespace as a target fact, then the row can move to pass.",runs/live-kind-parity/istio-istiod-default/receipt.yaml,user,needs-target-or-prereq-fix,
istio/istiod,1.30.0,default,L,local-live,fail,local-live fail: Helm equivalence receipt and installer setupCheck present,resolve the local-live blocker first (local_kind_kubectl_apply;confighub_oci_argo_live;live_helm_vs_confighub_dual_compare); the live lanes inherit it,recipes/istio/istiod/1.30.0/target-prerequisite-plan.yaml,tooling/target,needs-target-or-prereq-fix,npm run live-parity:run -- --recipe recipes/istio/istiod/1.30.0 --base default
istio/istiod,1.30.0,default,P,live-helm-vs-confighub-parity,blocked,target-prerequisite: namespace missing (parity passed),"Stage the named prerequisite as a target fact (see the target-prerequisite-plan), then the row can move to pass.",recipes/istio/istiod/1.30.0/target-prerequisite-plan.yaml,user,needs-target-or-prereq-fix,npm run live-parity:run -- --recipe recipes/istio/istiod/1.30.0 --base default
istio/istiod,1.30.0,default,promotion,variant-promotion (proven-with-watch),watch,"server-side promotion mechanics passed, but changeset-bound promote failed and required the no-changeset fallback","resolve https://github.com/confighub/helm-expt/issues/682, then rerun the promotion receipt for a full pass",runs/istiod-default-confighub-proof/latest/variant-promotion-receipt.yaml,catalog/promotion,already-decided,
jaegertracing/jaeger-operator,2.57.0,default,G,gitops-oci-live,blocked,target-prerequisite: cert-manager CRDs missing,"Stage the named prerequisite as a target fact (see the target-prerequisite-plan), then the row can move to pass.",recipes/jaegertracing/jaeger-operator/2.57.0/target-prerequisite-plan.yaml,user,needs-target-or-prereq-fix,npm run live-parity:run -- --recipe recipes/jaegertracing/jaeger-operator/2.57.0 --base default
jaegertracing/jaeger-operator,2.57.0,default,K,two-cluster-kind,blocked,target-prerequisite: cert-manager CRDs missing,"Stage the chart's CRDs as target facts (or pick a CRD-rendering base), then the row can move to pass.",runs/live-kind-parity/jaegertracing-jaeger-operator-default/receipt.yaml,user,needs-target-or-prereq-fix,
jaegertracing/jaeger-operator,2.57.0,default,lifecycle,lifecycle-observed,todo,chart has hook/lifecycle behavior with no live observation yet,"decide and record the lifecycle route, then observe it live",,catalog,needs-run,
jaegertracing/jaeger-operator,2.57.0,default,P,live-helm-vs-confighub-parity,blocked,target-prerequisite: cert-manager CRDs missing,"Stage the named prerequisite as a target fact (see the target-prerequisite-plan), then the row can move to pass.",recipes/jaegertracing/jaeger-operator/2.57.0/target-prerequisite-plan.yaml,user,needs-target-or-prereq-fix,npm run live-parity:run -- --recipe recipes/jaegertracing/jaeger-operator/2.57.0 --base default
jaegertracing/jaeger-operator,2.57.0,default,promotion,variant-promotion (proven-with-watch),watch,"server-side promotion mechanics passed, but changeset-bound promote failed and required the no-changeset fallback","resolve https://github.com/confighub/helm-expt/issues/682, then rerun the promotion receipt for a full pass",runs/jaeger-operator-default-confighub-proof/latest/variant-promotion-receipt.yaml,catalog/promotion,already-decided,
jaegertracing/jaeger-operator,2.57.0,no-crds,G,gitops-oci-live,blocked,target-prerequisite: cert-manager CRDs missing,"Stage the named prerequisite as a target fact (see the target-prerequisite-plan), then the row can move to pass.",recipes/jaegertracing/jaeger-operator/2.57.0/target-prerequisite-plan.yaml,user,needs-target-or-prereq-fix,npm run live-parity:run -- --recipe recipes/jaegertracing/jaeger-operator/2.57.0 --base no-crds
jaegertracing/jaeger-operator,2.57.0,no-crds,K,two-cluster-kind,blocked,target-prerequisite: cert-manager CRDs missing,"Stage the chart's CRDs as target facts (or pick a CRD-rendering base), then the row can move to pass.",runs/live-kind-parity/jaegertracing-jaeger-operator-no-crds/receipt.yaml,user,needs-target-or-prereq-fix,
jaegertracing/jaeger-operator,2.57.0,no-crds,L,local-live,blocked,local-live blocked: Helm equivalence receipt and installer setupCheck present,resolve the local-live blocker first (local_kind_kubectl_apply;confighub_oci_argo_live;live_helm_vs_confighub_dual_compare); the live lanes inherit it,recipes/jaegertracing/jaeger-operator/2.57.0/target-prerequisite-plan.yaml,tooling/target,needs-target-or-prereq-fix,npm run live-parity:run -- --recipe recipes/jaegertracing/jaeger-operator/2.57.0 --base no-crds
jaegertracing/jaeger-operator,2.57.0,no-crds,lifecycle,lifecycle-observed,todo,chart has hook/lifecycle behavior with no live observation yet,"decide and record the lifecycle route, then observe it live",,catalog,needs-run,
jaegertracing/jaeger-operator,2.57.0,no-crds,P,live-helm-vs-confighub-parity,blocked,target-prerequisite: cert-manager CRDs missing,"Stage the named prerequisite as a target fact (see the target-prerequisite-plan), then the row can move to pass.",recipes/jaegertracing/jaeger-operator/2.57.0/target-prerequisite-plan.yaml,user,needs-target-or-prereq-fix,npm run live-parity:run -- --recipe recipes/jaegertracing/jaeger-operator/2.57.0 --base no-crds
jaegertracing/jaeger-operator,2.57.0,no-crds,promotion,variant-promotion (proven-with-watch),watch,"server-side promotion mechanics passed, but changeset-bound promote failed and required the no-changeset fallback","resolve https://github.com/confighub/helm-expt/issues/682, then rerun the promotion receipt for a full pass",runs/jaeger-operator-no-crds-confighub-proof/latest/variant-promotion-receipt.yaml,catalog/promotion,already-decided,
jaegertracing/jaeger,4.8.0,default,promotion,variant-promotion (proven-with-watch),watch,"server-side promotion mechanics passed, but changeset-bound promote failed and required the no-changeset fallback","resolve https://github.com/confighub/helm-expt/issues/682, then rerun the promotion receipt for a full pass",runs/jaeger-default-confighub-proof/latest/variant-promotion-receipt.yaml,catalog/promotion,already-decided,
jetstack/cert-manager-csi-driver,v0.14.0,default,promotion,variant-promotion (proven-with-watch),watch,"server-side promotion mechanics passed, but changeset-bound promote failed and required the no-changeset fallback","resolve https://github.com/confighub/helm-expt/issues/682, then rerun the promotion receipt for a full pass",runs/cert-manager-csi-driver-default-confighub-proof/latest/variant-promotion-receipt.yaml,catalog/promotion,already-decided,
jetstack/cert-manager,v1.20.2,crds-enabled,promotion,variant-promotion (proven-with-watch),watch,"server-side promotion mechanics passed, but changeset-bound promote failed and required the no-changeset fallback","resolve https://github.com/confighub/helm-expt/issues/682, then rerun the promotion receipt for a full pass",runs/cert-manager-confighub-proof/latest/variant-promotion-receipt.yaml,catalog/promotion,already-decided,
jetstack/cert-manager,v1.20.2,default,promotion,variant-promotion (proven-with-watch),watch,"server-side promotion mechanics passed, but changeset-bound promote failed and required the no-changeset fallback","resolve https://github.com/confighub/helm-expt/issues/682, then rerun the promotion receipt for a full pass",runs/cert-manager-default-confighub-proof/latest/variant-promotion-receipt.yaml,catalog/promotion,already-decided,
jetstack/trust-manager,v0.22.1,default,G,gitops-oci-live,watch,gitops-runtime: Argo health Progressing (parity passed),"Review the controller-health residue (aggregate vs per-resource health, sync state) and refresh the gitops-runtime-review support artifact.",recipes/jetstack/trust-manager/v0.22.1/gitops-runtime-review.yaml,needs GitOps controller-health review,already-decided,npm run live-parity:run -- --recipe recipes/jetstack/trust-manager/v0.22.1 --base default
jetstack/trust-manager,v0.22.1,default,L,local-live,fail,local-live fail: Helm equivalence receipt and installer setupCheck present,resolve the local-live blocker first (local_kind_kubectl_apply;confighub_oci_argo_live;live_helm_vs_confighub_dual_compare); the live lanes inherit it,recipes/jetstack/trust-manager/v0.22.1/gitops-runtime-review.yaml,tooling/target,needs-target-or-prereq-fix,npm run live-parity:run -- --recipe recipes/jetstack/trust-manager/v0.22.1 --base default
jetstack/trust-manager,v0.22.1,default,P,live-helm-vs-confighub-parity,watch,gitops-runtime: Argo health Progressing (parity passed),"Review the controller-health residue (aggregate vs per-resource health, sync state) and refresh the gitops-runtime-review support artifact.",recipes/jetstack/trust-manager/v0.22.1/gitops-runtime-review.yaml,needs GitOps controller-health review,already-decided,npm run live-parity:run -- --recipe recipes/jetstack/trust-manager/v0.22.1 --base default
jetstack/trust-manager,v0.22.1,default,promotion,variant-promotion (proven-with-watch),watch,"server-side promotion mechanics passed, but changeset-bound promote failed and required the no-changeset fallback","resolve https://github.com/confighub/helm-expt/issues/682, then rerun the promotion receipt for a full pass",runs/trust-manager-default-confighub-proof/latest/variant-promotion-receipt.yaml,catalog/promotion,already-decided,
jetstack/trust-manager,v0.22.1,no-crds,G,gitops-oci-live,watch,gitops-runtime: Argo health Progressing (parity passed),"Review the controller-health residue (aggregate vs per-resource health, sync state) and refresh the gitops-runtime-review support artifact.",recipes/jetstack/trust-manager/v0.22.1/gitops-runtime-review.yaml,needs GitOps controller-health review,already-decided,npm run live-parity:run -- --recipe recipes/jetstack/trust-manager/v0.22.1 --base no-crds
jetstack/trust-manager,v0.22.1,no-crds,L,local-live,fail,local-live fail: Helm equivalence receipt and installer setupCheck present,resolve the local-live blocker first (local_kind_kubectl_apply;confighub_oci_argo_live;live_helm_vs_confighub_dual_compare); the live lanes inherit it,recipes/jetstack/trust-manager/v0.22.1/gitops-runtime-review.yaml,tooling/target,needs-target-or-prereq-fix,npm run live-parity:run -- --recipe recipes/jetstack/trust-manager/v0.22.1 --base no-crds
jetstack/trust-manager,v0.22.1,no-crds,P,live-helm-vs-confighub-parity,watch,gitops-runtime: Argo health Progressing (parity passed),"Review the controller-health residue (aggregate vs per-resource health, sync state) and refresh the gitops-runtime-review support artifact.",recipes/jetstack/trust-manager/v0.22.1/gitops-runtime-review.yaml,needs GitOps controller-health review,already-decided,npm run live-parity:run -- --recipe recipes/jetstack/trust-manager/v0.22.1 --base no-crds
jetstack/trust-manager,v0.22.1,no-crds,promotion,variant-promotion (proven-with-watch),watch,"server-side promotion mechanics passed, but changeset-bound promote failed and required the no-changeset fallback","resolve https://github.com/confighub/helm-expt/issues/682, then rerun the promotion receipt for a full pass",runs/trust-manager-no-crds-confighub-proof/latest/variant-promotion-receipt.yaml,catalog/promotion,already-decided,
kedacore/keda,2.19.0,default,lifecycle,lifecycle-observed,todo,chart has hook/lifecycle behavior with no live observation yet,"decide and record the lifecycle route, then observe it live",,catalog,needs-run,
kedacore/keda,2.19.0,default,promotion,variant-promotion (proven-with-watch),watch,"server-side promotion mechanics passed, but changeset-bound promote failed and required the no-changeset fallback","resolve https://github.com/confighub/helm-expt/issues/682, then rerun the promotion receipt for a full pass",runs/keda-default-confighub-proof/latest/variant-promotion-receipt.yaml,catalog/promotion,already-decided,
kedacore/keda,2.19.0,no-crds,K,two-cluster-kind,watch,target-prerequisite: required Secret missing (parity passed),"Stage the named Secret as a target fact, then the row can move to pass.",runs/live-kind-parity/kedacore-keda-no-crds/receipt.yaml,user,already-decided,npm run kind-parity:run -- --recipe recipes/kedacore/keda/2.19.0 --base no-crds
kedacore/keda,2.19.0,no-crds,lifecycle,lifecycle-observed,todo,chart has hook/lifecycle behavior with no live observation yet,"decide and record the lifecycle route, then observe it live",,catalog,needs-run,
kedacore/keda,2.19.0,no-crds,promotion,variant-promotion (proven-with-watch),watch,"server-side promotion mechanics passed, but changeset-bound promote failed and required the no-changeset fallback","resolve https://github.com/confighub/helm-expt/issues/682, then rerun the promotion receipt for a full pass",runs/keda-no-crds-confighub-proof/latest/variant-promotion-receipt.yaml,catalog/promotion,already-decided,
kyverno/kyverno-policies,3.8.0,default,G,gitops-oci-live,watch,gitops-runtime: ClusterPolicy OutOfSync health Healthy (parity passed),"Review the controller-health residue (aggregate vs per-resource health, sync state) and refresh the gitops-runtime-review support artifact.",recipes/kyverno/kyverno-policies/3.8.0/gitops-runtime-review.yaml,needs GitOps controller-health review,already-decided,npm run live-parity:run -- --recipe recipes/kyverno/kyverno-policies/3.8.0 --base default
kyverno/kyverno-policies,3.8.0,default,K,two-cluster-kind,watch,watch: object parity passed; readiness needs review,Confirm workload readiness on the target and record the result.,runs/live-kind-parity/kyverno-kyverno-policies-default/receipt.yaml,needs readiness review,already-decided,npm run kind-parity:run -- --recipe recipes/kyverno/kyverno-policies/3.8.0 --base default
kyverno/kyverno-policies,3.8.0,default,P,live-helm-vs-confighub-parity,watch,gitops-runtime: ClusterPolicy OutOfSync health Healthy (parity passed),"Review the controller-health residue (aggregate vs per-resource health, sync state) and refresh the gitops-runtime-review support artifact.",recipes/kyverno/kyverno-policies/3.8.0/gitops-runtime-review.yaml,needs GitOps controller-health review,already-decided,npm run live-parity:run -- --recipe recipes/kyverno/kyverno-policies/3.8.0 --base default
kyverno/kyverno-policies,3.8.0,default,promotion,variant-promotion (proven-with-watch),watch,"server-side promotion mechanics passed, but changeset-bound promote failed and required the no-changeset fallback","resolve https://github.com/confighub/helm-expt/issues/682, then rerun the promotion receipt for a full pass",runs/kyverno-policies-default-confighub-proof/latest/variant-promotion-receipt.yaml,catalog/promotion,already-decided,
kyverno/kyverno,3.8.1,default,lifecycle,lifecycle-observed,todo,lifecycle route(s) defined (observed:6) but not yet observed live,observe the routed lifecycle action and record a receipt (see lifecycle-route-actions),data/lifecycle-routes/summary.md,catalog,needs-run,
kyverno/kyverno,3.8.1,default,promotion,variant-promotion (proven-with-watch),watch,"server-side promotion mechanics passed, but changeset-bound promote failed and required the no-changeset fallback","resolve https://github.com/confighub/helm-expt/issues/682, then rerun the promotion receipt for a full pass",runs/kyverno-default-confighub-proof/latest/variant-promotion-receipt.yaml,catalog/promotion,already-decided,
kyverno/kyverno,3.8.1,no-crds,lifecycle,lifecycle-observed,todo,lifecycle route(s) defined (observed:6) but not yet observed live,observe the routed lifecycle action and record a receipt (see lifecycle-route-actions),data/lifecycle-routes/summary.md,catalog,needs-run,
kyverno/kyverno,3.8.1,no-crds,promotion,variant-promotion (proven-with-watch),watch,"server-side promotion mechanics passed, but changeset-bound promote failed and required the no-changeset fallback","resolve https://github.com/confighub/helm-expt/issues/682, then rerun the promotion receipt for a full pass",runs/kyverno-no-crds-confighub-proof/latest/variant-promotion-receipt.yaml,catalog/promotion,already-decided,
linkerd/linkerd-crds,1.8.0,default,G,gitops-oci-live,watch,gitops-runtime: CustomResourceDefinition OutOfSync health Healthy (parity passed),"Review the controller-health residue (aggregate vs per-resource health, sync state) and refresh the gitops-runtime-review support artifact.",recipes/linkerd/linkerd-crds/1.8.0/gitops-runtime-review.yaml,needs GitOps controller-health review,already-decided,npm run live-parity:run -- --recipe recipes/linkerd/linkerd-crds/1.8.0 --base default
linkerd/linkerd-crds,1.8.0,default,P,live-helm-vs-confighub-parity,watch,gitops-runtime: CustomResourceDefinition OutOfSync health Healthy (parity passed),"Review the controller-health residue (aggregate vs per-resource health, sync state) and refresh the gitops-runtime-review support artifact.",recipes/linkerd/linkerd-crds/1.8.0/gitops-runtime-review.yaml,needs GitOps controller-health review,already-decided,npm run live-parity:run -- --recipe recipes/linkerd/linkerd-crds/1.8.0 --base default
linkerd/linkerd-crds,1.8.0,default,promotion,variant-promotion (proven-with-watch),watch,"server-side promotion mechanics passed, but changeset-bound promote failed and required the no-changeset fallback","resolve https://github.com/confighub/helm-expt/issues/682, then rerun the promotion receipt for a full pass",runs/linkerd-crds-default-confighub-proof/latest/variant-promotion-receipt.yaml,catalog/promotion,already-decided,
longhorn/longhorn,1.11.2,default,promotion,variant-promotion (proven-with-watch),watch,"server-side promotion mechanics passed, but changeset-bound promote failed and required the no-changeset fallback","resolve https://github.com/confighub/helm-expt/issues/682, then rerun the promotion receipt for a full pass",runs/longhorn-confighub-proof/latest/variant-promotion-receipt.yaml,catalog/promotion,already-decided,
longhorn/longhorn,1.11.2,ui-ingress,promotion,variant-promotion (proven-with-watch),watch,"server-side promotion mechanics passed, but changeset-bound promote failed and required the no-changeset fallback","resolve https://github.com/confighub/helm-expt/issues/682, then rerun the promotion receipt for a full pass",runs/longhorn-ui-ingress-confighub-proof/latest/variant-promotion-receipt.yaml,catalog/promotion,already-decided,
metrics-server/metrics-server,3.13.0,default,promotion,variant-promotion (proven-with-watch),watch,"server-side promotion mechanics passed, but changeset-bound promote failed and required the no-changeset fallback","resolve https://github.com/confighub/helm-expt/issues/682, then rerun the promotion receipt for a full pass",runs/metrics-server-confighub-proof/latest/variant-promotion-receipt.yaml,catalog/promotion,already-decided,
metrics-server/metrics-server,3.13.0,external-tls-ca,promotion,variant-promotion (proven-with-watch),watch,"server-side promotion mechanics passed, but changeset-bound promote failed and required the no-changeset fallback","resolve https://github.com/confighub/helm-expt/issues/682, then rerun the promotion receipt for a full pass",runs/metrics-server-external-tls-ca-confighub-proof/latest/variant-promotion-receipt.yaml,catalog/promotion,already-decided,
minio-operator/operator,7.1.1,default,lifecycle,lifecycle-observed,todo,chart has hook/lifecycle behavior with no live observation yet,"decide and record the lifecycle route, then observe it live",,catalog,needs-run,
minio-operator/operator,7.1.1,default,promotion,variant-promotion (proven-with-watch),watch,"server-side promotion mechanics passed, but changeset-bound promote failed and required the no-changeset fallback","resolve https://github.com/confighub/helm-expt/issues/682, then rerun the promotion receipt for a full pass",runs/minio-operator-default-confighub-proof/latest/variant-promotion-receipt.yaml,catalog/promotion,already-decided,
minio-operator/tenant,7.1.1,default,G,gitops-oci-live,watch,gitops-runtime: Argo health Progressing (parity passed),"Review the controller-health residue (aggregate vs per-resource health, sync state) and refresh the gitops-runtime-review support artifact.",recipes/minio-operator/tenant/7.1.1/gitops-runtime-review.yaml,needs GitOps controller-health review,already-decided,npm run live-parity:run -- --recipe recipes/minio-operator/tenant/7.1.1 --base default
minio-operator/tenant,7.1.1,default,P,live-helm-vs-confighub-parity,watch,gitops-runtime: Argo health Progressing (parity passed),"Review the controller-health residue (aggregate vs per-resource health, sync state) and refresh the gitops-runtime-review support artifact.",recipes/minio-operator/tenant/7.1.1/gitops-runtime-review.yaml,needs GitOps controller-health review,already-decided,npm run live-parity:run -- --recipe recipes/minio-operator/tenant/7.1.1 --base default
minio-operator/tenant,7.1.1,default,promotion,variant-promotion (proven-with-watch),watch,"server-side promotion mechanics passed, but changeset-bound promote failed and required the no-changeset fallback","resolve https://github.com/confighub/helm-expt/issues/682, then rerun the promotion receipt for a full pass",runs/minio-tenant-default-confighub-proof/latest/variant-promotion-receipt.yaml,catalog/promotion,already-decided,
nats/nack,0.34.0,default,K,two-cluster-kind,blocked,semantic object parity issue: missing=0 extra=7 diffs=0; extra=apiextensions.k8s.io/v1|CustomResourceDefinition||accounts.jetstream.nats.io; apiextensions.k8s.io/v1|CustomResourceDefinition||consumers.jetstream.nats.io; apiextensions.k8s.io/v1|CustomResourceDefinition||keyvalues.jetstream.nats.io; apiextensions.k8s.io/v1|CustomResourceDefinition||objectstores.jetstream.nats.io; apiextensions.k8s.io/v1|CustomResourceDefinition||streams.jetstream.nats.io; apiextensions.k8s.io/v1|CustomResourceDefinition||streamtemplates.jetstream.nats.io,"Catalog work: update the base, render context, target facts, or semantic contract so the installer package matches the live Helm result, then rerun.",runs/live-kind-parity/nats-nack-default/receipt.yaml,catalog,needs-modeling,
nats/nack,0.34.0,default,promotion,variant-promotion (proven-with-watch),watch,"server-side promotion mechanics passed, but changeset-bound promote failed and required the no-changeset fallback","resolve https://github.com/confighub/helm-expt/issues/682, then rerun the promotion receipt for a full pass",runs/nack-default-confighub-proof/latest/variant-promotion-receipt.yaml,catalog/promotion,already-decided,
nats/nack,0.34.0,no-crds,promotion,variant-promotion (proven-with-watch),watch,"server-side promotion mechanics passed, but changeset-bound promote failed and required the no-changeset fallback","resolve https://github.com/confighub/helm-expt/issues/682, then rerun the promotion receipt for a full pass",runs/nack-no-crds-confighub-proof/latest/variant-promotion-receipt.yaml,catalog/promotion,already-decided,
nats/nats,2.14.0,default,promotion,variant-promotion (proven-with-watch),watch,"server-side promotion mechanics passed, but changeset-bound promote failed and required the no-changeset fallback","resolve https://github.com/confighub/helm-expt/issues/682, then rerun the promotion receipt for a full pass",runs/nats-default-confighub-proof/latest/variant-promotion-receipt.yaml,catalog/promotion,already-decided,
nats/nats,2.14.0,ha,K,two-cluster-kind,blocked,semantic object parity issue: missing=0 extra=1 diffs=3; extra=v1|Namespace||default; objects=apps/v1|StatefulSet||nats; v1|ConfigMap||nats-config; v1|Service||nats-headless,"Catalog work: update the base, render context, target facts, or semantic contract so the installer package matches the live Helm result, then rerun.",runs/live-kind-parity/nats-nats-ha/receipt.yaml,catalog,needs-modeling,
nats/nats,2.14.0,ha,promotion,variant-promotion (proven-with-watch),watch,"server-side promotion mechanics passed, but changeset-bound promote failed and required the no-changeset fallback","resolve https://github.com/confighub/helm-expt/issues/682, then rerun the promotion receipt for a full pass",runs/nats-ha-confighub-proof/latest/variant-promotion-receipt.yaml,catalog/promotion,already-decided,
nats/surveyor,0.20.9,default-reviewed,G,gitops-oci-live,watch,target-runtime: pod config/runtime errors (parity passed),Review the runtime residue (pod errors / not ready) on the target and record a runtime-review support artifact.,recipes/nats/surveyor/0.20.9/runtime-review.yaml,needs runtime review,already-decided,npm run live-parity:run -- --recipe recipes/nats/surveyor/0.20.9 --base default-reviewed
nats/surveyor,0.20.9,default-reviewed,K,two-cluster-kind,blocked,helm-runtime: upstream not ready (parity passed),Review the runtime residue (crash loop / readiness) on the target and record a runtime-review support artifact.,runs/live-kind-parity/nats-surveyor-default-reviewed/receipt.yaml,needs runtime review,needs-target-or-prereq-fix,
nats/surveyor,0.20.9,default-reviewed,L,local-live,blocked,local-live blocked: Helm equivalence receipt and installer setupCheck present,resolve the local-live blocker first (local_kind_kubectl_apply;confighub_oci_argo_live;live_helm_vs_confighub_dual_compare); the live lanes inherit it,recipes/nats/surveyor/0.20.9/runtime-review.yaml,tooling/target,needs-target-or-prereq-fix,npm run live-parity:run -- --recipe recipes/nats/surveyor/0.20.9 --base default-reviewed
nats/surveyor,0.20.9,default-reviewed,P,live-helm-vs-confighub-parity,watch,target-runtime: pod config/runtime errors (parity passed),Review the runtime residue (pod errors / not ready) on the target and record a runtime-review support artifact.,recipes/nats/surveyor/0.20.9/runtime-review.yaml,needs runtime review,already-decided,npm run live-parity:run -- --recipe recipes/nats/surveyor/0.20.9 --base default-reviewed
nats/surveyor,0.20.9,default-reviewed,promotion,variant-promotion (proven-with-watch),watch,"server-side promotion mechanics passed, but changeset-bound promote failed and required the no-changeset fallback","resolve https://github.com/confighub/helm-expt/issues/682, then rerun the promotion receipt for a full pass",runs/surveyor-default-reviewed-confighub-proof/latest/variant-promotion-receipt.yaml,catalog/promotion,already-decided,
nats/surveyor,0.20.9,default,G,gitops-oci-live,watch,target-runtime: pod config/runtime errors (parity passed),Review the runtime residue (pod errors / not ready) on the target and record a runtime-review support artifact.,recipes/nats/surveyor/0.20.9/runtime-review.yaml,needs runtime review,already-decided,npm run live-parity:run -- --recipe recipes/nats/surveyor/0.20.9 --base default
nats/surveyor,0.20.9,default,K,two-cluster-kind,blocked,target-runtime: pod crash loop (parity passed),Review the runtime residue (crash loop / readiness) on the target and record a runtime-review support artifact.,runs/live-kind-parity/nats-surveyor-default/receipt.yaml,needs runtime review,needs-target-or-prereq-fix,
nats/surveyor,0.20.9,default,L,local-live,fail,local-live fail: Helm equivalence receipt and installer setupCheck present,resolve the local-live blocker first (local_kind_kubectl_apply;confighub_oci_argo_live;live_helm_vs_confighub_dual_compare); the live lanes inherit it,recipes/nats/surveyor/0.20.9/runtime-review.yaml,tooling/target,needs-target-or-prereq-fix,npm run live-parity:run -- --recipe recipes/nats/surveyor/0.20.9 --base default
nats/surveyor,0.20.9,default,P,live-helm-vs-confighub-parity,watch,target-runtime: pod config/runtime errors (parity passed),Review the runtime residue (pod errors / not ready) on the target and record a runtime-review support artifact.,recipes/nats/surveyor/0.20.9/runtime-review.yaml,needs runtime review,already-decided,npm run live-parity:run -- --recipe recipes/nats/surveyor/0.20.9 --base default
nats/surveyor,0.20.9,default,promotion,variant-promotion (proven-with-watch),watch,"server-side promotion mechanics passed, but changeset-bound promote failed and required the no-changeset fallback","resolve https://github.com/confighub/helm-expt/issues/682, then rerun the promotion receipt for a full pass",runs/surveyor-default-confighub-proof/latest/variant-promotion-receipt.yaml,catalog/promotion,already-decided,
nfs-subdir-external-provisioner/nfs-subdir-external-provisioner,4.0.18,default,G,gitops-oci-live,blocked,upstream: single-cluster local live failed; live lanes cannot make a green claim until it converges,fix or route the local-live failure first,,either,needs-target-or-prereq-fix,npm run live-parity:run -- --recipe recipes/nfs-subdir-external-provisioner/nfs-subdir-external-provisioner/4.0.18 --base default
nfs-subdir-external-provisioner/nfs-subdir-external-provisioner,4.0.18,default,K,two-cluster-kind,blocked,render-input: required Helm values missing,"Provide the required values in the base/variant, then the row can move to pass.",runs/live-kind-parity/nfs-subdir-external-provisioner-nfs-subdir-external-provisioner-default/receipt.yaml,user,needs-target-or-prereq-fix,
nfs-subdir-external-provisioner/nfs-subdir-external-provisioner,4.0.18,default,L,local-live,fail,local-live fail: Helm equivalence receipt and installer setupCheck present,resolve the local-live blocker first (local_kind_kubectl_apply;confighub_oci_argo_live;live_helm_vs_confighub_dual_compare); the live lanes inherit it,,tooling/target,needs-target-or-prereq-fix,npm run live-parity:run -- --recipe recipes/nfs-subdir-external-provisioner/nfs-subdir-external-provisioner/4.0.18 --base default
nfs-subdir-external-provisioner/nfs-subdir-external-provisioner,4.0.18,default,P,live-helm-vs-confighub-parity,blocked,helm-runtime: upstream leg blocked,runtime-review,,,needs-target-or-prereq-fix,npm run live-parity:run -- --recipe recipes/nfs-subdir-external-provisioner/nfs-subdir-external-provisioner/4.0.18 --base default
nfs-subdir-external-provisioner/nfs-subdir-external-provisioner,4.0.18,default,promotion,variant-promotion (proven-with-watch),watch,"server-side promotion mechanics passed, but changeset-bound promote failed and required the no-changeset fallback","resolve https://github.com/confighub/helm-expt/issues/682, then rerun the promotion receipt for a full pass",runs/nfs-provisioner-default-confighub-proof/latest/variant-promotion-receipt.yaml,catalog/promotion,already-decided,
open-telemetry/opentelemetry-operator,0.114.0,default,G,gitops-oci-live,watch,gitops-runtime: Argo health Progressing (parity passed),"Review the controller-health residue (aggregate vs per-resource health, sync state) and refresh the gitops-runtime-review support artifact.",recipes/open-telemetry/opentelemetry-operator/0.114.0/gitops-runtime-review.yaml,needs GitOps controller-health review,already-decided,npm run live-parity:run -- --recipe recipes/open-telemetry/opentelemetry-operator/0.114.0 --base default
open-telemetry/opentelemetry-operator,0.114.0,default,L,local-live,blocked,local-live blocked: Helm equivalence receipt and installer setupCheck present,resolve the local-live blocker first (local_kind_kubectl_apply;confighub_oci_argo_live;live_helm_vs_confighub_dual_compare); the live lanes inherit it,recipes/open-telemetry/opentelemetry-operator/0.114.0/gitops-runtime-review.yaml,tooling/target,needs-target-or-prereq-fix,npm run live-parity:run -- --recipe recipes/open-telemetry/opentelemetry-operator/0.114.0 --base default
open-telemetry/opentelemetry-operator,0.114.0,default,P,live-helm-vs-confighub-parity,watch,gitops-runtime: Argo health Progressing (parity passed),"Review the controller-health residue (aggregate vs per-resource health, sync state) and refresh the gitops-runtime-review support artifact.",recipes/open-telemetry/opentelemetry-operator/0.114.0/gitops-runtime-review.yaml,needs GitOps controller-health review,already-decided,npm run live-parity:run -- --recipe recipes/open-telemetry/opentelemetry-operator/0.114.0 --base default
open-telemetry/opentelemetry-operator,0.114.0,default,promotion,variant-promotion (proven-with-watch),watch,"server-side promotion mechanics passed, but changeset-bound promote failed and required the no-changeset fallback","resolve https://github.com/confighub/helm-expt/issues/682, then rerun the promotion receipt for a full pass",runs/opentelemetry-operator-default-confighub-proof/latest/variant-promotion-receipt.yaml,catalog/promotion,already-decided,
open-telemetry/opentelemetry-operator,0.114.0,no-crds,G,gitops-oci-live,watch,gitops-runtime: Argo health Progressing (parity passed),"Review the controller-health residue (aggregate vs per-resource health, sync state) and refresh the gitops-runtime-review support artifact.",recipes/open-telemetry/opentelemetry-operator/0.114.0/gitops-runtime-review.yaml,needs GitOps controller-health review,already-decided,npm run live-parity:run -- --recipe recipes/open-telemetry/opentelemetry-operator/0.114.0 --base no-crds
open-telemetry/opentelemetry-operator,0.114.0,no-crds,L,local-live,blocked,local-live blocked: Helm equivalence receipt and installer setupCheck present,resolve the local-live blocker first (local_kind_kubectl_apply;confighub_oci_argo_live;live_helm_vs_confighub_dual_compare); the live lanes inherit it,recipes/open-telemetry/opentelemetry-operator/0.114.0/gitops-runtime-review.yaml,tooling/target,needs-target-or-prereq-fix,npm run live-parity:run -- --recipe recipes/open-telemetry/opentelemetry-operator/0.114.0 --base no-crds
open-telemetry/opentelemetry-operator,0.114.0,no-crds,P,live-helm-vs-confighub-parity,watch,gitops-runtime: Argo health Progressing (parity passed),"Review the controller-health residue (aggregate vs per-resource health, sync state) and refresh the gitops-runtime-review support artifact.",recipes/open-telemetry/opentelemetry-operator/0.114.0/gitops-runtime-review.yaml,needs GitOps controller-health review,already-decided,npm run live-parity:run -- --recipe recipes/open-telemetry/opentelemetry-operator/0.114.0 --base no-crds
open-telemetry/opentelemetry-operator,0.114.0,no-crds,promotion,variant-promotion (proven-with-watch),watch,"server-side promotion mechanics passed, but changeset-bound promote failed and required the no-changeset fallback","resolve https://github.com/confighub/helm-expt/issues/682, then rerun the promotion receipt for a full pass",runs/opentelemetry-operator-no-crds-confighub-proof/latest/variant-promotion-receipt.yaml,catalog/promotion,already-decided,
opencost/opencost,2.5.21,default,G,gitops-oci-live,blocked,upstream: single-cluster local live failed; live lanes cannot make a green claim until it converges,fix or route the local-live failure first,,either,needs-target-or-prereq-fix,npm run live-parity:run -- --recipe recipes/opencost/opencost/2.5.21 --base default
opencost/opencost,2.5.21,default,K,two-cluster-kind,blocked,upstream: single-cluster local live failed; live lanes cannot make a green claim until it converges,fix or route the local-live failure first,,either,needs-target-or-prereq-fix,npm run kind-parity:run -- --recipe recipes/opencost/opencost/2.5.21 --base default
opencost/opencost,2.5.21,default,L,local-live,fail,local-live fail: Helm equivalence receipt and installer setupCheck present,resolve the local-live blocker first (local_kind_kubectl_apply;confighub_oci_argo_live;live_helm_vs_confighub_dual_compare); the live lanes inherit it,,tooling/target,needs-target-or-prereq-fix,npm run live-parity:run -- --recipe recipes/opencost/opencost/2.5.21 --base default
opencost/opencost,2.5.21,default,P,live-helm-vs-confighub-parity,blocked,upstream: single-cluster local live failed; live lanes cannot make a green claim until it converges,fix or route the local-live failure first,,either,needs-target-or-prereq-fix,npm run live-parity:run -- --recipe recipes/opencost/opencost/2.5.21 --base default
opencost/opencost,2.5.21,default,promotion,variant-promotion (proven-with-watch),watch,"server-side promotion mechanics passed, but changeset-bound promote failed and required the no-changeset fallback","resolve https://github.com/confighub/helm-expt/issues/682, then rerun the promotion receipt for a full pass",runs/opencost-default-confighub-proof/latest/variant-promotion-receipt.yaml,catalog/promotion,already-decided,
percona/pg-operator,3.0.0,default,promotion,variant-promotion (proven-with-watch),watch,"server-side promotion mechanics passed, but changeset-bound promote failed and required the no-changeset fallback","resolve https://github.com/confighub/helm-expt/issues/682, then rerun the promotion receipt for a full pass",runs/pg-operator-default-confighub-proof/latest/variant-promotion-receipt.yaml,catalog/promotion,already-decided,
percona/pg-operator,3.0.0,no-crds,K,two-cluster-kind,watch,target-prerequisite: CRDs disabled or missing (parity passed),"Stage the chart's CRDs as target facts (or pick a CRD-rendering base), then the row can move to pass.",runs/live-kind-parity/percona-pg-operator-no-crds/receipt.yaml,user,already-decided,npm run kind-parity:run -- --recipe recipes/percona/pg-operator/3.0.0 --base no-crds
percona/pg-operator,3.0.0,no-crds,lifecycle,lifecycle-observed,todo,chart has hook/lifecycle behavior with no live observation yet,"decide and record the lifecycle route, then observe it live",,catalog,needs-run,
percona/pg-operator,3.0.0,no-crds,promotion,variant-promotion (proven-with-watch),watch,"server-side promotion mechanics passed, but changeset-bound promote failed and required the no-changeset fallback","resolve https://github.com/confighub/helm-expt/issues/682, then rerun the promotion receipt for a full pass",runs/pg-operator-no-crds-confighub-proof/latest/variant-promotion-receipt.yaml,catalog/promotion,already-decided,
percona/psmdb-operator,1.22.0,default,promotion,variant-promotion (proven-with-watch),watch,"server-side promotion mechanics passed, but changeset-bound promote failed and required the no-changeset fallback","resolve https://github.com/confighub/helm-expt/issues/682, then rerun the promotion receipt for a full pass",runs/psmdb-operator-default-confighub-proof/latest/variant-promotion-receipt.yaml,catalog/promotion,already-decided,
percona/psmdb-operator,1.22.0,no-crds,promotion,variant-promotion (proven-with-watch),watch,"server-side promotion mechanics passed, but changeset-bound promote failed and required the no-changeset fallback","resolve https://github.com/confighub/helm-expt/issues/682, then rerun the promotion receipt for a full pass",runs/psmdb-operator-no-crds-confighub-proof/latest/variant-promotion-receipt.yaml,catalog/promotion,already-decided,
percona/pxc-operator,1.19.1,default,lifecycle,lifecycle-observed,todo,chart has hook/lifecycle behavior with no live observation yet,"decide and record the lifecycle route, then observe it live",,catalog,needs-run,
percona/pxc-operator,1.19.1,default,promotion,variant-promotion (proven-with-watch),watch,"server-side promotion mechanics passed, but changeset-bound promote failed and required the no-changeset fallback","resolve https://github.com/confighub/helm-expt/issues/682, then rerun the promotion receipt for a full pass",runs/pxc-operator-default-confighub-proof/latest/variant-promotion-receipt.yaml,catalog/promotion,already-decided,
percona/pxc-operator,1.19.1,no-crds,K,two-cluster-kind,watch,helm-runtime: upstream not ready (parity passed),Review the runtime residue (crash loop / readiness) on the target and record a runtime-review support artifact.,runs/live-kind-parity/percona-pxc-operator-no-crds/receipt.yaml,needs runtime review,already-decided,npm run kind-parity:run -- --recipe recipes/percona/pxc-operator/1.19.1 --base no-crds
percona/pxc-operator,1.19.1,no-crds,L,local-live,blocked,local-live blocked: Helm equivalence receipt and installer setupCheck present,resolve the local-live blocker first (local_kind_kubectl_apply); the live lanes inherit it,,tooling/target,needs-target-or-prereq-fix,
percona/pxc-operator,1.19.1,no-crds,lifecycle,lifecycle-observed,todo,chart has hook/lifecycle behavior with no live observation yet,"decide and record the lifecycle route, then observe it live",,catalog,needs-run,
percona/pxc-operator,1.19.1,no-crds,promotion,variant-promotion (proven-with-watch),watch,"server-side promotion mechanics passed, but changeset-bound promote failed and required the no-changeset fallback","resolve https://github.com/confighub/helm-expt/issues/682, then rerun the promotion receipt for a full pass",runs/pxc-operator-no-crds-confighub-proof/latest/variant-promotion-receipt.yaml,catalog/promotion,already-decided,
projectcalico/tigera-operator,v3.32.0,default,G,gitops-oci-live,blocked,crd-bootstrap: required CRDs missing before custom resources apply,"Use the target-prerequisite plan to stage or split the CRD bootstrap, then rerun live parity and record the operator readiness.",recipes/projectcalico/tigera-operator/v3.32.0/target-prerequisite-plan.yaml,catalog or operator,needs-modeling,npm run live-parity:run -- --recipe recipes/projectcalico/tigera-operator/v3.32.0 --base default
projectcalico/tigera-operator,v3.32.0,default,K,two-cluster-kind,blocked,target-prerequisite: CRDs missing,"Stage the chart's CRDs as target facts (or pick a CRD-rendering base), then the row can move to pass.",runs/live-kind-parity/projectcalico-tigera-operator-default/receipt.yaml,user,needs-target-or-prereq-fix,
projectcalico/tigera-operator,v3.32.0,default,L,local-live,blocked,local-live blocked: Helm equivalence receipt and installer setupCheck present,resolve the local-live blocker first (local_kind_kubectl_apply;confighub_oci_argo_live;live_helm_vs_confighub_dual_compare); the live lanes inherit it,recipes/projectcalico/tigera-operator/v3.32.0/target-prerequisite-plan.yaml,tooling/target,needs-target-or-prereq-fix,npm run live-parity:run -- --recipe recipes/projectcalico/tigera-operator/v3.32.0 --base default
projectcalico/tigera-operator,v3.32.0,default,lifecycle,lifecycle-observed,todo,chart has hook/lifecycle behavior with no live observation yet,"decide and record the lifecycle route, then observe it live",,catalog,needs-run,
projectcalico/tigera-operator,v3.32.0,default,P,live-helm-vs-confighub-parity,blocked,crd-bootstrap: required CRDs missing before custom resources apply,"Use the target-prerequisite plan to stage or split the CRD bootstrap, then rerun live parity and record the operator readiness.",recipes/projectcalico/tigera-operator/v3.32.0/target-prerequisite-plan.yaml,catalog or operator,needs-modeling,npm run live-parity:run -- --recipe recipes/projectcalico/tigera-operator/v3.32.0 --base default
projectcalico/tigera-operator,v3.32.0,default,promotion,variant-promotion (proven-with-watch),watch,"server-side promotion mechanics passed, but changeset-bound promote failed and required the no-changeset fallback","resolve https://github.com/confighub/helm-expt/issues/682, then rerun the promotion receipt for a full pass",runs/tigera-operator-default-confighub-proof/latest/variant-promotion-receipt.yaml,catalog/promotion,already-decided,
prometheus-community/alertmanager,1.37.0,default,promotion,variant-promotion (proven-with-watch),watch,"server-side promotion mechanics passed, but changeset-bound promote failed and required the no-changeset fallback","resolve https://github.com/confighub/helm-expt/issues/682, then rerun the promotion receipt for a full pass",runs/alertmanager-default-confighub-proof/latest/variant-promotion-receipt.yaml,catalog/promotion,already-decided,
prometheus-community/alertmanager,1.37.0,ha,promotion,variant-promotion (proven-with-watch),watch,"server-side promotion mechanics passed, but changeset-bound promote failed and required the no-changeset fallback","resolve https://github.com/confighub/helm-expt/issues/682, then rerun the promotion receipt for a full pass",runs/alertmanager-ha-confighub-proof/latest/variant-promotion-receipt.yaml,catalog/promotion,already-decided,
prometheus-community/kube-prometheus-stack,85.3.3,default,K,two-cluster-kind,todo,single-cluster local live passes; this live lane is runnable but not yet recorded,run the two-cluster kind parity lane,runs/live-kind-parity/prometheus-community-kube-prometheus-stack-default/receipt.yaml,either,needs-run,
prometheus-community/kube-prometheus-stack,85.3.3,default,lifecycle,lifecycle-observed,todo,lifecycle route(s) defined (observed:7) but not yet observed live,"decide and record the lifecycle route, then observe it live",data/lifecycle-routes/summary.md,catalog,needs-run,
prometheus-community/kube-prometheus-stack,85.3.3,default,promotion,variant-promotion (proven-with-watch),watch,"server-side promotion mechanics passed, but changeset-bound promote failed and required the no-changeset fallback","resolve https://github.com/confighub/helm-expt/issues/682, then rerun the promotion receipt for a full pass",runs/kube-prometheus-stack-default-confighub-proof/latest/variant-promotion-receipt.yaml,catalog/promotion,already-decided,
prometheus-community/kube-prometheus-stack,85.3.3,no-crds,K,two-cluster-kind,todo,single-cluster local live passes; this live lane is runnable but not yet recorded,run the two-cluster kind parity lane,runs/live-kind-parity/prometheus-community-kube-prometheus-stack-no-crds/receipt.yaml,either,needs-run,
prometheus-community/kube-prometheus-stack,85.3.3,no-crds,promotion,variant-promotion (available-needs-receipt),todo,"base has ConfigHub upload proof and a server-side variant clone, but no cub variant promote receipt yet",node scripts/run-top20-confighub-proof.mjs --promotion-candidates --charts kube-prometheus-stack --base no-crds --variant-promotion-proof --cleanup-spaces,runs/kube-prometheus-stack-no-crds-confighub-proof/latest/confighub-proof-receipt.yaml,catalog/promotion,needs-run,
prometheus-community/kube-prometheus-stack,86.1.0,default,K,two-cluster-kind,blocked,semantic object parity issue: missing=0 extra=11 diffs=0; extra=apiextensions.k8s.io/v1|CustomResourceDefinition||alertmanagerconfigs.monitoring.coreos.com; apiextensions.k8s.io/v1|CustomResourceDefinition||alertmanagers.monitoring.coreos.com; apiextensions.k8s.io/v1|CustomResourceDefinition||podmonitors.monitoring.coreos.com; apiextensions.k8s.io/v1|CustomResourceDefinition||probes.monitoring.coreos.com; apiextensions.k8s.io/v1|CustomResourceDefinition||prometheusagents.monitoring.coreos.com; apiextensions.k8s.io/v1|CustomResourceDefinition||prometheuses.monitoring.coreos.com,"Catalog work: update the base, render context, target facts, or semantic contract so the installer package matches the live Helm result, then rerun.",runs/live-kind-parity/prometheus-community-kube-prometheus-stack-default/receipt.yaml,catalog,needs-modeling,
prometheus-community/kube-prometheus-stack,86.1.0,default,promotion,variant-promotion (available-needs-receipt),todo,"base has ConfigHub upload proof and a server-side variant clone, but no cub variant promote receipt yet",node scripts/run-top20-confighub-proof.mjs --promotion-candidates --charts kube-prometheus-stack --base default --variant-promotion-proof --cleanup-spaces,runs/cl-kube-prometheus-stack-86-1-0-default-confighub-proof/latest/confighub-proof-receipt.yaml,catalog/promotion,needs-run,
prometheus-community/kube-prometheus-stack,86.1.0,no-crds,promotion,variant-promotion (available-needs-receipt),todo,"base has ConfigHub upload proof and a server-side variant clone, but no cub variant promote receipt yet",node scripts/run-top20-confighub-proof.mjs --promotion-candidates --charts kube-prometheus-stack --base no-crds --variant-promotion-proof --cleanup-spaces,runs/cl-kube-prometheus-stack-86-1-0-no-crds-confighub-proof/latest/confighub-proof-receipt.yaml,catalog/promotion,needs-run,
prometheus-community/kube-state-metrics,7.4.0,cluster-metrics-readonly,promotion,variant-promotion (available-needs-receipt),todo,"base has ConfigHub upload proof and a server-side variant clone, but no cub variant promote receipt yet",node scripts/run-top20-confighub-proof.mjs --promotion-candidates --charts kube-state-metrics --base cluster-metrics-readonly --variant-promotion-proof --cleanup-spaces,runs/kube-state-metrics-confighub-proof/latest/confighub-proof-receipt.yaml,catalog/promotion,needs-run,
prometheus-community/kube-state-metrics,7.4.0,default,promotion,variant-promotion (available-needs-receipt),todo,"base has ConfigHub upload proof and a server-side variant clone, but no cub variant promote receipt yet",node scripts/run-top20-confighub-proof.mjs --promotion-candidates --charts kube-state-metrics --base default --variant-promotion-proof --cleanup-spaces,runs/kube-state-metrics-default-confighub-proof/latest/confighub-proof-receipt.yaml,catalog/promotion,needs-run,
prometheus-community/prometheus-adapter,5.3.0,apiservice-v1-capability,lifecycle,lifecycle-observed,todo,chart has hook/lifecycle behavior with no live observation yet,"decide and record the lifecycle route, then observe it live",,catalog,needs-run,
prometheus-community/prometheus-adapter,5.3.0,apiservice-v1-capability,promotion,variant-promotion (available-needs-receipt),todo,"base has ConfigHub upload proof and a server-side variant clone, but no cub variant promote receipt yet",node scripts/run-top20-confighub-proof.mjs --promotion-candidates --charts prometheus-adapter --base apiservice-v1-capability --variant-promotion-proof --cleanup-spaces,runs/prometheus-adapter-apiservice-v1-capability-confighub-proof/latest/confighub-proof-receipt.yaml,catalog/promotion,needs-run,
prometheus-community/prometheus-adapter,5.3.0,cluster-metrics-readonly,G,gitops-oci-live,blocked,capability-profile: rendered APIService version is not served by target Kubernetes,"Use or promote the base rendered for the target API set, then rerun live parity. For prometheus-adapter on modern Kubernetes, use the apiservice-v1-capability base.",recipes/prometheus-community/prometheus-adapter/5.3.0/CATALOG.md,catalog,needs-modeling,npm run live-parity:run -- --recipe recipes/prometheus-community/prometheus-adapter/5.3.0 --base cluster-metrics-readonly
prometheus-community/prometheus-adapter,5.3.0,cluster-metrics-readonly,K,two-cluster-kind,blocked,target-prerequisite: CRDs missing,"Stage the chart's CRDs as target facts (or pick a CRD-rendering base), then the row can move to pass.",runs/live-kind-parity/prometheus-community-prometheus-adapter-cluster-metrics-readonly/receipt.yaml,user,needs-modeling,
prometheus-community/prometheus-adapter,5.3.0,cluster-metrics-readonly,L,local-live,blocked,local-live blocked: Helm equivalence receipt and installer setupCheck present,resolve the local-live blocker first (local_kind_kubectl_apply;confighub_oci_argo_live;live_helm_vs_confighub_dual_compare); the live lanes inherit it,recipes/prometheus-community/prometheus-adapter/5.3.0/CATALOG.md,tooling/target,needs-modeling,npm run live-parity:run -- --recipe recipes/prometheus-community/prometheus-adapter/5.3.0 --base cluster-metrics-readonly
prometheus-community/prometheus-adapter,5.3.0,cluster-metrics-readonly,lifecycle,lifecycle-observed,todo,chart has hook/lifecycle behavior with no live observation yet,"decide and record the lifecycle route, then observe it live",,catalog,needs-run,
prometheus-community/prometheus-adapter,5.3.0,cluster-metrics-readonly,P,live-helm-vs-confighub-parity,blocked,capability-profile: rendered APIService version is not served by target Kubernetes,"Use or promote the base rendered for the target API set, then rerun live parity. For prometheus-adapter on modern Kubernetes, use the apiservice-v1-capability base.",recipes/prometheus-community/prometheus-adapter/5.3.0/CATALOG.md,catalog,needs-modeling,npm run live-parity:run -- --recipe recipes/prometheus-community/prometheus-adapter/5.3.0 --base cluster-metrics-readonly
prometheus-community/prometheus-adapter,5.3.0,cluster-metrics-readonly,promotion,variant-promotion (available-needs-receipt),todo,"base has ConfigHub upload proof and a server-side variant clone, but no cub variant promote receipt yet",node scripts/run-top20-confighub-proof.mjs --promotion-candidates --charts prometheus-adapter --base cluster-metrics-readonly --variant-promotion-proof --cleanup-spaces,runs/prometheus-adapter-cluster-metrics-readonly-confighub-proof/latest/confighub-proof-receipt.yaml,catalog/promotion,needs-run,
prometheus-community/prometheus-adapter,5.3.0,default,G,gitops-oci-live,blocked,capability-profile: rendered APIService version is not served by target Kubernetes,"Use or promote the base rendered for the target API set, then rerun live parity. For prometheus-adapter on modern Kubernetes, use the apiservice-v1-capability base.",recipes/prometheus-community/prometheus-adapter/5.3.0/CATALOG.md,catalog,needs-modeling,npm run live-parity:run -- --recipe recipes/prometheus-community/prometheus-adapter/5.3.0 --base default
prometheus-community/prometheus-adapter,5.3.0,default,K,two-cluster-kind,blocked,target-prerequisite: CRDs missing,"Stage the chart's CRDs as target facts (or pick a CRD-rendering base), then the row can move to pass.",runs/live-kind-parity/prometheus-community-prometheus-adapter-default/receipt.yaml,user,needs-modeling,
prometheus-community/prometheus-adapter,5.3.0,default,L,local-live,blocked,local-live blocked: Helm equivalence receipt and installer setupCheck present,resolve the local-live blocker first (local_kind_kubectl_apply;confighub_oci_argo_live;live_helm_vs_confighub_dual_compare); the live lanes inherit it,recipes/prometheus-community/prometheus-adapter/5.3.0/CATALOG.md,tooling/target,needs-modeling,npm run live-parity:run -- --recipe recipes/prometheus-community/prometheus-adapter/5.3.0 --base default
prometheus-community/prometheus-adapter,5.3.0,default,lifecycle,lifecycle-observed,todo,chart has hook/lifecycle behavior with no live observation yet,"decide and record the lifecycle route, then observe it live",,catalog,needs-run,
prometheus-community/prometheus-adapter,5.3.0,default,P,live-helm-vs-confighub-parity,blocked,capability-profile: rendered APIService version is not served by target Kubernetes,"Use or promote the base rendered for the target API set, then rerun live parity. For prometheus-adapter on modern Kubernetes, use the apiservice-v1-capability base.",recipes/prometheus-community/prometheus-adapter/5.3.0/CATALOG.md,catalog,needs-modeling,npm run live-parity:run -- --recipe recipes/prometheus-community/prometheus-adapter/5.3.0 --base default
prometheus-community/prometheus-adapter,5.3.0,default,promotion,variant-promotion (available-needs-receipt),todo,"base has ConfigHub upload proof and a server-side variant clone, but no cub variant promote receipt yet",node scripts/run-top20-confighub-proof.mjs --promotion-candidates --charts prometheus-adapter --base default --variant-promotion-proof --cleanup-spaces,runs/prometheus-adapter-confighub-proof/latest/confighub-proof-receipt.yaml,catalog/promotion,needs-run,
prometheus-community/prometheus-blackbox-exporter,11.10.0,cluster-metrics-readonly,promotion,variant-promotion (available-needs-receipt),todo,"base has ConfigHub upload proof and a server-side variant clone, but no cub variant promote receipt yet",node scripts/run-top20-confighub-proof.mjs --promotion-candidates --charts prometheus-blackbox-exporter --base cluster-metrics-readonly --variant-promotion-proof --cleanup-spaces,runs/prometheus-blackbox-exporter-confighub-proof/latest/confighub-proof-receipt.yaml,catalog/promotion,needs-run,
prometheus-community/prometheus-blackbox-exporter,11.10.0,default,promotion,variant-promotion (proven-with-watch),watch,"server-side promotion mechanics passed, but changeset-bound promote failed and required the no-changeset fallback","resolve https://github.com/confighub/helm-expt/issues/682, then rerun the promotion receipt for a full pass",runs/prometheus-blackbox-exporter-default-confighub-proof/latest/variant-promotion-receipt.yaml,catalog/promotion,already-decided,
prometheus-community/prometheus-node-exporter,4.55.0,cluster-metrics-readonly,promotion,variant-promotion (proven-with-watch),watch,"server-side promotion mechanics passed, but changeset-bound promote failed and required the no-changeset fallback","resolve https://github.com/confighub/helm-expt/issues/682, then rerun the promotion receipt for a full pass",runs/prometheus-node-exporter-cluster-metrics-readonly-confighub-proof/latest/variant-promotion-receipt.yaml,catalog/promotion,already-decided,
prometheus-community/prometheus-node-exporter,4.55.0,default,promotion,variant-promotion (proven-with-watch),watch,"server-side promotion mechanics passed, but changeset-bound promote failed and required the no-changeset fallback","resolve https://github.com/confighub/helm-expt/issues/682, then rerun the promotion receipt for a full pass",runs/prometheus-node-exporter-default-confighub-proof/latest/variant-promotion-receipt.yaml,catalog/promotion,already-decided,
prometheus-community/prometheus-operator-crds,29.0.0,default,lifecycle,lifecycle-observed,todo,chart has hook/lifecycle behavior with no live observation yet,"decide and record the lifecycle route, then observe it live",,catalog,needs-run,
prometheus-community/prometheus-operator-crds,29.0.0,default,promotion,variant-promotion (available-needs-receipt),todo,"base has ConfigHub upload proof and a server-side variant clone, but no cub variant promote receipt yet",node scripts/run-top20-confighub-proof.mjs --promotion-candidates --charts prometheus-operator-crds --base default --variant-promotion-proof --cleanup-spaces,runs/cl-prometheus-operator-crds-29-0-0-default-confighub-proof/latest/confighub-proof-receipt.yaml,catalog/promotion,needs-run,
prometheus-community/prometheus-pushgateway,3.6.0,default,promotion,variant-promotion (proven-with-watch),watch,"server-side promotion mechanics passed, but changeset-bound promote failed and required the no-changeset fallback","resolve https://github.com/confighub/helm-expt/issues/682, then rerun the promotion receipt for a full pass",runs/cl-prometheus-pushgateway-3-6-0-default-confighub-proof/latest/variant-promotion-receipt.yaml,catalog/promotion,already-decided,
prometheus-community/prometheus,29.8.0,default,K,two-cluster-kind,todo,single-cluster local live passes; this live lane is runnable but not yet recorded,run the two-cluster kind parity lane,runs/live-kind-parity/prometheus-community-prometheus-default/receipt.yaml,either,needs-run,
prometheus-community/prometheus,29.8.0,default,promotion,variant-promotion (available-needs-receipt),todo,"base has ConfigHub upload proof and a server-side variant clone, but no cub variant promote receipt yet",node scripts/run-top20-confighub-proof.mjs --promotion-candidates --charts prometheus --base default --variant-promotion-proof --cleanup-spaces,runs/prometheus-default-confighub-proof/latest/confighub-proof-receipt.yaml,catalog/promotion,needs-run,
prometheus-community/prometheus,29.8.0,server-only-ephemeral,K,two-cluster-kind,todo,single-cluster local live passes; this live lane is runnable but not yet recorded,run the two-cluster kind parity lane,runs/live-kind-parity/prometheus-community-prometheus-server-only-ephemeral/receipt.yaml,either,needs-run,
prometheus-community/prometheus,29.8.0,server-only-ephemeral,promotion,variant-promotion (proven-with-watch),watch,"server-side promotion mechanics passed, but changeset-bound promote failed and required the no-changeset fallback","resolve https://github.com/confighub/helm-expt/issues/682, then rerun the promotion receipt for a full pass",runs/prometheus-confighub-proof/latest/variant-promotion-receipt.yaml,catalog/promotion,already-decided,
prometheus-community/prometheus,29.9.0,default,G,gitops-oci-live,watch,gitops-runtime: StatefulSet OutOfSync health Healthy (parity passed),"Review the controller-health residue (aggregate vs per-resource health, sync state) and refresh the gitops-runtime-review support artifact.",recipes/prometheus-community/prometheus/29.9.0/gitops-runtime-review.yaml,needs GitOps controller-health review,already-decided,npm run live-parity:run -- --recipe recipes/prometheus-community/prometheus/29.9.0 --base default
prometheus-community/prometheus,29.9.0,default,P,live-helm-vs-confighub-parity,watch,gitops-runtime: StatefulSet OutOfSync health Healthy (parity passed),"Review the controller-health residue (aggregate vs per-resource health, sync state) and refresh the gitops-runtime-review support artifact.",recipes/prometheus-community/prometheus/29.9.0/gitops-runtime-review.yaml,needs GitOps controller-health review,already-decided,npm run live-parity:run -- --recipe recipes/prometheus-community/prometheus/29.9.0 --base default
prometheus-community/prometheus,29.9.0,default,promotion,variant-promotion (available-needs-receipt),todo,"base has ConfigHub upload proof and a server-side variant clone, but no cub variant promote receipt yet",node scripts/run-top20-confighub-proof.mjs --promotion-candidates --charts prometheus --base default --variant-promotion-proof --cleanup-spaces,runs/cl-prometheus-29-9-0-default-confighub-proof/latest/confighub-proof-receipt.yaml,catalog/promotion,needs-run,
prometheus-community/prometheus,29.9.0,server-only-ephemeral,promotion,variant-promotion (available-needs-receipt),todo,"base has ConfigHub upload proof and a server-side variant clone, but no cub variant promote receipt yet",node scripts/run-top20-confighub-proof.mjs --promotion-candidates --charts prometheus --base server-only-ephemeral --variant-promotion-proof --cleanup-spaces,runs/cl-prometheus-29-9-0-server-only-ephemeral-confighub-proof/latest/confighub-proof-receipt.yaml,catalog/promotion,needs-run,
rook-release/rook-ceph-cluster,v1.19.5,default,G,gitops-oci-live,blocked,target-prerequisite: namespace missing (parity passed),"Stage the named prerequisite as a target fact (see the target-prerequisite-plan), then the row can move to pass.",recipes/rook-release/rook-ceph-cluster/v1.19.5/target-prerequisite-plan.yaml,user,needs-target-or-prereq-fix,npm run live-parity:run -- --recipe recipes/rook-release/rook-ceph-cluster/v1.19.5 --base default
rook-release/rook-ceph-cluster,v1.19.5,default,K,two-cluster-kind,blocked,target-prerequisite: required Namespace missing (parity passed),"Declare and stage the required Namespace as a target fact, then the row can move to pass.",runs/live-kind-parity/rook-release-rook-ceph-cluster-default/receipt.yaml,user,needs-target-or-prereq-fix,
rook-release/rook-ceph-cluster,v1.19.5,default,P,live-helm-vs-confighub-parity,blocked,target-prerequisite: namespace missing (parity passed),"Stage the named prerequisite as a target fact (see the target-prerequisite-plan), then the row can move to pass.",recipes/rook-release/rook-ceph-cluster/v1.19.5/target-prerequisite-plan.yaml,user,needs-target-or-prereq-fix,npm run live-parity:run -- --recipe recipes/rook-release/rook-ceph-cluster/v1.19.5 --base default
rook-release/rook-ceph-cluster,v1.19.5,default,promotion,variant-promotion (available-needs-receipt),todo,"base has ConfigHub upload proof and a server-side variant clone, but no cub variant promote receipt yet",node scripts/run-top20-confighub-proof.mjs --promotion-candidates --charts rook-ceph-cluster --base default --variant-promotion-proof --cleanup-spaces,runs/rook-ceph-cluster-default-confighub-proof/latest/confighub-proof-receipt.yaml,catalog/promotion,needs-run,
rook-release/rook-ceph,v1.19.5,default,lifecycle,lifecycle-observed,todo,chart has hook/lifecycle behavior with no live observation yet,"decide and record the lifecycle route, then observe it live",,catalog,needs-run,
rook-release/rook-ceph,v1.19.5,default,promotion,variant-promotion (available-needs-receipt),todo,"base has ConfigHub upload proof and a server-side variant clone, but no cub variant promote receipt yet",node scripts/run-top20-confighub-proof.mjs --promotion-candidates --charts rook-ceph --base default --variant-promotion-proof --cleanup-spaces,runs/rook-ceph-default-confighub-proof/latest/confighub-proof-receipt.yaml,catalog/promotion,needs-run,
runix/pgadmin4,1.62.0,default,promotion,variant-promotion (available-needs-receipt),todo,"base has ConfigHub upload proof and a server-side variant clone, but no cub variant promote receipt yet",node scripts/run-top20-confighub-proof.mjs --promotion-candidates --charts pgadmin4 --base default --variant-promotion-proof --cleanup-spaces,runs/pgadmin4-default-confighub-proof/latest/confighub-proof-receipt.yaml,catalog/promotion,needs-run,
sealed-secrets/sealed-secrets,2.18.6,default,promotion,variant-promotion (available-needs-receipt),todo,"base has ConfigHub upload proof and a server-side variant clone, but no cub variant promote receipt yet",node scripts/run-top20-confighub-proof.mjs --promotion-candidates --charts sealed-secrets --base default --variant-promotion-proof --cleanup-spaces,runs/sealed-secrets-confighub-proof/latest/confighub-proof-receipt.yaml,catalog/promotion,needs-run,
sealed-secrets/sealed-secrets,2.18.6,no-crds,promotion,variant-promotion (available-needs-receipt),todo,"base has ConfigHub upload proof and a server-side variant clone, but no cub variant promote receipt yet",node scripts/run-top20-confighub-proof.mjs --promotion-candidates --charts sealed-secrets --base no-crds --variant-promotion-proof --cleanup-spaces,runs/sealed-secrets-no-crds-confighub-proof/latest/confighub-proof-receipt.yaml,catalog/promotion,needs-run,
secrets-store-csi-driver/secrets-store-csi-driver,1.6.0,default,promotion,variant-promotion (proven-with-watch),watch,"server-side promotion mechanics passed, but changeset-bound promote failed and required the no-changeset fallback","resolve https://github.com/confighub/helm-expt/issues/682, then rerun the promotion receipt for a full pass",runs/secrets-store-csi-driver-confighub-proof/latest/variant-promotion-receipt.yaml,catalog/promotion,already-decided,
secrets-store-csi-driver/secrets-store-csi-driver,1.6.0,sync-secret-rotation,promotion,variant-promotion (available-needs-receipt),todo,"base has ConfigHub upload proof and a server-side variant clone, but no cub variant promote receipt yet",node scripts/run-top20-confighub-proof.mjs --promotion-candidates --charts secrets-store-csi-driver --base sync-secret-rotation --variant-promotion-proof --cleanup-spaces,runs/secrets-store-csi-driver-sync-secret-rotation-confighub-proof/latest/confighub-proof-receipt.yaml,catalog/promotion,needs-run,
stakater/reloader,2.2.12,controller-default-reviewed,promotion,variant-promotion (available-needs-receipt),todo,"base has ConfigHub upload proof and a server-side variant clone, but no cub variant promote receipt yet",node scripts/run-top20-confighub-proof.mjs --promotion-candidates --charts reloader --base controller-default-reviewed --variant-promotion-proof --cleanup-spaces,runs/reloader-confighub-proof/latest/confighub-proof-receipt.yaml,catalog/promotion,needs-run,
stakater/reloader,2.2.12,default,promotion,variant-promotion (available-needs-receipt),todo,"base has ConfigHub upload proof and a server-side variant clone, but no cub variant promote receipt yet",node scripts/run-top20-confighub-proof.mjs --promotion-candidates --charts reloader --base default --variant-promotion-proof --cleanup-spaces,runs/reloader-default-confighub-proof/latest/confighub-proof-receipt.yaml,catalog/promotion,needs-run,
strimzi/strimzi-kafka-operator,1.0.0,default,lifecycle,lifecycle-observed,todo,chart has hook/lifecycle behavior with no live observation yet,"decide and record the lifecycle route, then observe it live",,catalog,needs-run,
strimzi/strimzi-kafka-operator,1.0.0,default,promotion,variant-promotion (available-needs-receipt),todo,"base has ConfigHub upload proof and a server-side variant clone, but no cub variant promote receipt yet",node scripts/run-top20-confighub-proof.mjs --promotion-candidates --charts strimzi-kafka-operator --base default --variant-promotion-proof --cleanup-spaces,runs/strimzi-kafka-operator-confighub-proof/latest/confighub-proof-receipt.yaml,catalog/promotion,needs-run,
strimzi/strimzi-kafka-operator,1.0.0,no-crds,K,two-cluster-kind,watch,target-prerequisite: required Namespace missing (parity passed),"Declare and stage the required Namespace as a target fact, then the row can move to pass.",runs/live-kind-parity/strimzi-strimzi-kafka-operator-no-crds/receipt.yaml,user,already-decided,npm run kind-parity:run -- --recipe recipes/strimzi/strimzi-kafka-operator/1.0.0 --base no-crds
strimzi/strimzi-kafka-operator,1.0.0,no-crds,L,local-live,blocked,local-live blocked: Helm equivalence receipt and installer setupCheck present,resolve the local-live blocker first (local_kind_kubectl_apply); the live lanes inherit it,,tooling/target,needs-target-or-prereq-fix,
strimzi/strimzi-kafka-operator,1.0.0,no-crds,lifecycle,lifecycle-observed,todo,chart has hook/lifecycle behavior with no live observation yet,"decide and record the lifecycle route, then observe it live",,catalog,needs-run,
strimzi/strimzi-kafka-operator,1.0.0,no-crds,promotion,variant-promotion (available-needs-receipt),todo,"base has ConfigHub upload proof and a server-side variant clone, but no cub variant promote receipt yet",node scripts/run-top20-confighub-proof.mjs --promotion-candidates --charts strimzi-kafka-operator --base no-crds --variant-promotion-proof --cleanup-spaces,runs/strimzi-kafka-operator-no-crds-confighub-proof/latest/confighub-proof-receipt.yaml,catalog/promotion,needs-run,
traefik/traefik,40.2.0,default,K,two-cluster-kind,blocked,semantic object parity issue: missing=0 extra=26 diffs=0; extra=apiextensions.k8s.io/v1|CustomResourceDefinition||accesscontrolpolicies.hub.traefik.io; apiextensions.k8s.io/v1|CustomResourceDefinition||aiservices.hub.traefik.io; apiextensions.k8s.io/v1|CustomResourceDefinition||apiauths.hub.traefik.io; apiextensions.k8s.io/v1|CustomResourceDefinition||apibundles.hub.traefik.io; apiextensions.k8s.io/v1|CustomResourceDefinition||apicatalogitems.hub.traefik.io; apiextensions.k8s.io/v1|CustomResourceDefinition||apiplans.hub.traefik.io,"Catalog work: update the base, render context, target facts, or semantic contract so the installer package matches the live Helm result, then rerun.",runs/live-kind-parity/traefik-traefik-default/receipt.yaml,catalog,needs-modeling,
traefik/traefik,40.2.0,default,lifecycle,lifecycle-observed,todo,chart has hook/lifecycle behavior with no live observation yet,"decide and record the lifecycle route, then observe it live",,catalog,needs-run,
traefik/traefik,40.2.0,default,promotion,variant-promotion (available-needs-receipt),todo,"base has ConfigHub upload proof and a server-side variant clone, but no cub variant promote receipt yet",node scripts/run-top20-confighub-proof.mjs --promotion-candidates --charts traefik --base default --variant-promotion-proof --cleanup-spaces,runs/traefik-default-confighub-proof/latest/confighub-proof-receipt.yaml,catalog/promotion,needs-run,
traefik/traefik,40.2.0,no-crds,G,gitops-oci-live,watch,gitops-runtime: Argo health Progressing (parity passed),"Review the controller-health residue (aggregate vs per-resource health, sync state) and refresh the gitops-runtime-review support artifact.",recipes/traefik/traefik/40.2.0/gitops-runtime-review.yaml,needs GitOps controller-health review,already-decided,npm run live-parity:run -- --recipe recipes/traefik/traefik/40.2.0 --base no-crds
traefik/traefik,40.2.0,no-crds,lifecycle,lifecycle-observed,todo,chart has hook/lifecycle behavior with no live observation yet,"decide and record the lifecycle route, then observe it live",,catalog,needs-run,
traefik/traefik,40.2.0,no-crds,P,live-helm-vs-confighub-parity,watch,gitops-runtime: Argo health Progressing (parity passed),"Review the controller-health residue (aggregate vs per-resource health, sync state) and refresh the gitops-runtime-review support artifact.",recipes/traefik/traefik/40.2.0/gitops-runtime-review.yaml,needs GitOps controller-health review,already-decided,npm run live-parity:run -- --recipe recipes/traefik/traefik/40.2.0 --base no-crds
traefik/traefik,40.2.0,no-crds,promotion,variant-promotion (available-needs-receipt),todo,"base has ConfigHub upload proof and a server-side variant clone, but no cub variant promote receipt yet",node scripts/run-top20-confighub-proof.mjs --promotion-candidates --charts traefik --base no-crds --variant-promotion-proof --cleanup-spaces,runs/traefik-no-crds-confighub-proof/latest/confighub-proof-receipt.yaml,catalog/promotion,needs-run,
velero/velero,12.0.1,default,G,gitops-oci-live,blocked,render-input: required Velero provider values missing,"Create a non-alias base with the required Helm values, value schema, target facts, and receipts, then rerun the live lane.",recipes/velero/velero/12.0.1/value-model.yaml,catalog,needs-modeling,npm run live-parity:run -- --recipe recipes/velero/velero/12.0.1 --base default
velero/velero,12.0.1,default,K,two-cluster-kind,blocked,"manifest apply failed: Error from server (Invalid): BackupStorageLocation.velero.io ""default"" is invalid: [spec.credential: Invalid value: ""null"": spec.credential in body must be of type object: ""null"", spec.provider: Invalid value: ""null"": spec.provider in body must be of type string: ""null""] Error from server (Invalid): VolumeSnapshotLocation.velero.io ""default"" is invalid: [spec.credential: Invalid value: ""null"": spec.credential in body must be of type object: ""null"", spec.provider: Invalid value: ""null"": spec.provider in body must be of type string: ""null""]","Catalog work: update the base, render context, target facts, or semantic contract so the installer package matches the live Helm result, then rerun.",runs/live-kind-parity/velero-velero-default/receipt.yaml,catalog,needs-modeling,
velero/velero,12.0.1,default,L,local-live,blocked,local-live blocked: Helm equivalence receipt and installer setupCheck present,resolve the local-live blocker first (local_kind_kubectl_apply;confighub_oci_argo_live;live_helm_vs_confighub_dual_compare); the live lanes inherit it,recipes/velero/velero/12.0.1/value-model.yaml,tooling/target,needs-target-or-prereq-fix,npm run live-parity:run -- --recipe recipes/velero/velero/12.0.1 --base default
velero/velero,12.0.1,default,P,live-helm-vs-confighub-parity,blocked,render-input: required Velero provider values missing,"Create a non-alias base with the required Helm values, value schema, target facts, and receipts, then rerun the live lane.",recipes/velero/velero/12.0.1/value-model.yaml,catalog,needs-modeling,npm run live-parity:run -- --recipe recipes/velero/velero/12.0.1 --base default
velero/velero,12.0.1,default,promotion,variant-promotion (available-needs-receipt),todo,"base has ConfigHub upload proof and a server-side variant clone, but no cub variant promote receipt yet",node scripts/run-top20-confighub-proof.mjs --promotion-candidates --charts velero --base default --variant-promotion-proof --cleanup-spaces,runs/velero-default-confighub-proof/latest/confighub-proof-receipt.yaml,catalog/promotion,needs-run,
velero/velero,12.0.1,no-crds,G,gitops-oci-live,blocked,render-input: required Velero provider values missing,"Create a non-alias base with the required Helm values, value schema, target facts, and receipts, then rerun the live lane.",recipes/velero/velero/12.0.1/value-model.yaml,catalog,needs-modeling,npm run live-parity:run -- --recipe recipes/velero/velero/12.0.1 --base no-crds
velero/velero,12.0.1,no-crds,K,two-cluster-kind,blocked,target-prerequisite: CRDs missing,"Stage the chart's CRDs as target facts (or pick a CRD-rendering base), then the row can move to pass.",runs/live-kind-parity/velero-velero-no-crds/receipt.yaml,user,needs-target-or-prereq-fix,
velero/velero,12.0.1,no-crds,L,local-live,blocked,local-live blocked: Helm equivalence receipt and installer setupCheck present,resolve the local-live blocker first (local_kind_kubectl_apply;confighub_oci_argo_live;live_helm_vs_confighub_dual_compare); the live lanes inherit it,recipes/velero/velero/12.0.1/value-model.yaml,tooling/target,needs-target-or-prereq-fix,npm run live-parity:run -- --recipe recipes/velero/velero/12.0.1 --base no-crds
velero/velero,12.0.1,no-crds,P,live-helm-vs-confighub-parity,blocked,render-input: required Velero provider values missing,"Create a non-alias base with the required Helm values, value schema, target facts, and receipts, then rerun the live lane.",recipes/velero/velero/12.0.1/value-model.yaml,catalog,needs-modeling,npm run live-parity:run -- --recipe recipes/velero/velero/12.0.1 --base no-crds
velero/velero,12.0.1,no-crds,promotion,variant-promotion (available-needs-receipt),todo,"base has ConfigHub upload proof and a server-side variant clone, but no cub variant promote receipt yet",node scripts/run-top20-confighub-proof.mjs --promotion-candidates --charts velero --base no-crds --variant-promotion-proof --cleanup-spaces,runs/velero-confighub-proof/latest/confighub-proof-receipt.yaml,catalog/promotion,needs-run,
vm/victoria-logs-single,0.12.5,default,promotion,variant-promotion (available-needs-receipt),todo,"base has ConfigHub upload proof and a server-side variant clone, but no cub variant promote receipt yet",node scripts/run-top20-confighub-proof.mjs --promotion-candidates --charts victoria-logs-single --base default --variant-promotion-proof --cleanup-spaces,runs/victoria-logs-single-default-confighub-proof/latest/confighub-proof-receipt.yaml,catalog/promotion,needs-run,
vm/victoria-metrics-single,0.39.0,default-reviewed,promotion,variant-promotion (available-needs-receipt),todo,"base has ConfigHub upload proof and a server-side variant clone, but no cub variant promote receipt yet",node scripts/run-top20-confighub-proof.mjs --promotion-candidates --charts victoria-metrics-single --base default-reviewed --variant-promotion-proof --cleanup-spaces,runs/victoria-metrics-single-confighub-proof/latest/confighub-proof-receipt.yaml,catalog/promotion,needs-run,
vm/victoria-metrics-single,0.39.0,default,promotion,variant-promotion (available-needs-receipt),todo,"base has ConfigHub upload proof and a server-side variant clone, but no cub variant promote receipt yet",node scripts/run-top20-confighub-proof.mjs --promotion-candidates --charts victoria-metrics-single --base default --variant-promotion-proof --cleanup-spaces,runs/victoria-metrics-single-default-confighub-proof/latest/confighub-proof-receipt.yaml,catalog/promotion,needs-run,
