[
  {
    "Space": {
      "CreatedAt": "2026-06-12T17:32:19.005919Z",
      "CursorID": 4709,
      "DisplayName": "helm-rook-ceph-default-confighub-proof",
      "EntityType": "Space",
      "Labels": {
        "Component": "RookCeph",
        "Environment": "Demo",
        "Layer": "App",
        "Owner": "ConfigHubHelm",
        "Variant": "default"
      },
      "OrganizationID": "12c33fa8-00b1-4011-ad3e-19d56458b29c",
      "Permissions": {
        "Manage": {
          "UserIDs": {
            "c5818f81-ae4b-4d17-987f-743f19bdb0ca": true
          }
        },
        "ManageChildren": {
          "UserIDs": {
            "c5818f81-ae4b-4d17-987f-743f19bdb0ca": true
          }
        }
      },
      "Slug": "helm-rook-ceph-default-confighub-proof",
      "SpaceID": "9f6c723f-beaf-43c4-b1d5-34448c9fc3cc",
      "UpdatedAt": "2026-06-12T17:32:19.515543Z",
      "Version": 2,
      "WhereTrigger": "SpaceID = '9f6c723f-beaf-43c4-b1d5-34448c9fc3cc'"
    },
    "Unit": {
      "ApprovedBy": null,
      "CreatedAt": "0001-01-01T00:00:00Z",
      "DataHash": "53439af539fb52d88f4bc976304c619d3cf1c706632c42df4c2ceeba3821f38a",
      "EntityType": "Unit",
      "FromLinkID": null,
      "HeadRevisionNum": 2,
      "MutationSources": null,
      "OrganizationID": "12c33fa8-00b1-4011-ad3e-19d56458b29c",
      "Slug": "clusterrole-ceph-csi-cephconnection-viewer-role",
      "SpaceID": "9f6c723f-beaf-43c4-b1d5-34448c9fc3cc",
      "ToolchainType": "Kubernetes/YAML",
      "UnitID": "1ceca7aa-d4a2-4b56-8d56-7fa7d63bcd85",
      "UpdatedAt": "0001-01-01T00:00:00Z",
      "Version": 7
    },
    "UnitStatus": {
      "Action": "N/A",
      "ActionResult": "None",
      "ActionStartedAt": "0001-01-01T00:00:00Z",
      "ActionTerminatedAt": "0001-01-01T00:00:00Z",
      "Drift": "N/A",
      "Status": "NotLive",
      "SyncStatus": "NotLive"
    }
  },
  {
    "Space": {
      "CreatedAt": "2026-06-12T17:32:19.005919Z",
      "CursorID": 4709,
      "DisplayName": "helm-rook-ceph-default-confighub-proof",
      "EntityType": "Space",
      "Labels": {
        "Component": "RookCeph",
        "Environment": "Demo",
        "Layer": "App",
        "Owner": "ConfigHubHelm",
        "Variant": "default"
      },
      "OrganizationID": "12c33fa8-00b1-4011-ad3e-19d56458b29c",
      "Permissions": {
        "Manage": {
          "UserIDs": {
            "c5818f81-ae4b-4d17-987f-743f19bdb0ca": true
          }
        },
        "ManageChildren": {
          "UserIDs": {
            "c5818f81-ae4b-4d17-987f-743f19bdb0ca": true
          }
        }
      },
      "Slug": "helm-rook-ceph-default-confighub-proof",
      "SpaceID": "9f6c723f-beaf-43c4-b1d5-34448c9fc3cc",
      "UpdatedAt": "2026-06-12T17:32:19.515543Z",
      "Version": 2,
      "WhereTrigger": "SpaceID = '9f6c723f-beaf-43c4-b1d5-34448c9fc3cc'"
    },
    "Unit": {
      "ApprovedBy": null,
      "CreatedAt": "0001-01-01T00:00:00Z",
      "DataHash": "d88d55756ab67464e44be94f98b36e82f1ee32eb3797846d89c03e96dce7c7aa",
      "EntityType": "Unit",
      "FromLinkID": null,
      "HeadRevisionNum": 1,
      "MutationSources": null,
      "OrganizationID": "12c33fa8-00b1-4011-ad3e-19d56458b29c",
      "Slug": "serviceaccount-default-rook-ceph-cmd-reporter",
      "SpaceID": "9f6c723f-beaf-43c4-b1d5-34448c9fc3cc",
      "ToolchainType": "Kubernetes/YAML",
      "UnitID": "300171e3-3cd5-4a33-99d0-dcc22cd1e071",
      "UpdatedAt": "0001-01-01T00:00:00Z",
      "Version": 6
    },
    "UnitStatus": {
      "Action": "N/A",
      "ActionResult": "None",
      "ActionStartedAt": "0001-01-01T00:00:00Z",
      "ActionTerminatedAt": "0001-01-01T00:00:00Z",
      "Drift": "N/A",
      "Status": "NotLive",
      "SyncStatus": "NotLive"
    }
  },
  {
    "Space": {
      "CreatedAt": "2026-06-12T17:32:19.005919Z",
      "CursorID": 4709,
      "DisplayName": "helm-rook-ceph-default-confighub-proof",
      "EntityType": "Space",
      "Labels": {
        "Component": "RookCeph",
        "Environment": "Demo",
        "Layer": "App",
        "Owner": "ConfigHubHelm",
        "Variant": "default"
      },
      "OrganizationID": "12c33fa8-00b1-4011-ad3e-19d56458b29c",
      "Permissions": {
        "Manage": {
          "UserIDs": {
            "c5818f81-ae4b-4d17-987f-743f19bdb0ca": true
          }
        },
        "ManageChildren": {
          "UserIDs": {
            "c5818f81-ae4b-4d17-987f-743f19bdb0ca": true
          }
        }
      },
      "Slug": "helm-rook-ceph-default-confighub-proof",
      "SpaceID": "9f6c723f-beaf-43c4-b1d5-34448c9fc3cc",
      "UpdatedAt": "2026-06-12T17:32:19.515543Z",
      "Version": 2,
      "WhereTrigger": "SpaceID = '9f6c723f-beaf-43c4-b1d5-34448c9fc3cc'"
    },
    "Unit": {
      "ApprovedBy": null,
      "CreatedAt": "0001-01-01T00:00:00Z",
      "DataHash": "aa3a4e4a72c8b8d9fe8a176f1e9323312c6fddcb54a8d711aecc195104b63783",
      "EntityType": "Unit",
      "FromLinkID": null,
      "HeadRevisionNum": 1,
      "MutationSources": null,
      "OrganizationID": "12c33fa8-00b1-4011-ad3e-19d56458b29c",
      "Slug": "serviceaccount-default-rook-ceph-osd",
      "SpaceID": "9f6c723f-beaf-43c4-b1d5-34448c9fc3cc",
      "ToolchainType": "Kubernetes/YAML",
      "UnitID": "6a0a7ffc-01b5-42ff-8317-0920791f0de3",
      "UpdatedAt": "0001-01-01T00:00:00Z",
      "Version": 6
    },
    "UnitStatus": {
      "Action": "N/A",
      "ActionResult": "None",
      "ActionStartedAt": "0001-01-01T00:00:00Z",
      "ActionTerminatedAt": "0001-01-01T00:00:00Z",
      "Drift": "N/A",
      "Status": "NotLive",
      "SyncStatus": "NotLive"
    }
  },
  {
    "Space": {
      "CreatedAt": "2026-06-12T17:32:19.005919Z",
      "CursorID": 4709,
      "DisplayName": "helm-rook-ceph-default-confighub-proof",
      "EntityType": "Space",
      "Labels": {
        "Component": "RookCeph",
        "Environment": "Demo",
        "Layer": "App",
        "Owner": "ConfigHubHelm",
        "Variant": "default"
      },
      "OrganizationID": "12c33fa8-00b1-4011-ad3e-19d56458b29c",
      "Permissions": {
        "Manage": {
          "UserIDs": {
            "c5818f81-ae4b-4d17-987f-743f19bdb0ca": true
          }
        },
        "ManageChildren": {
          "UserIDs": {
            "c5818f81-ae4b-4d17-987f-743f19bdb0ca": true
          }
        }
      },
      "Slug": "helm-rook-ceph-default-confighub-proof",
      "SpaceID": "9f6c723f-beaf-43c4-b1d5-34448c9fc3cc",
      "UpdatedAt": "2026-06-12T17:32:19.515543Z",
      "Version": 2,
      "WhereTrigger": "SpaceID = '9f6c723f-beaf-43c4-b1d5-34448c9fc3cc'"
    },
    "Unit": {
      "ApprovedBy": null,
      "CreatedAt": "0001-01-01T00:00:00Z",
      "DataHash": "bc21428557a0073a81809d9b06ba1d64254071aced928981a4021ae5ebe4bfca",
      "EntityType": "Unit",
      "FromLinkID": null,
      "HeadRevisionNum": 1,
      "MutationSources": null,
      "OrganizationID": "12c33fa8-00b1-4011-ad3e-19d56458b29c",
      "Slug": "serviceaccount-default-rook-csi-cephfs-provisioner-sa",
      "SpaceID": "9f6c723f-beaf-43c4-b1d5-34448c9fc3cc",
      "ToolchainType": "Kubernetes/YAML",
      "UnitID": "71af4dca-8203-4e41-9cc6-f1f3a1f4bb09",
      "UpdatedAt": "0001-01-01T00:00:00Z",
      "Version": 6
    },
    "UnitStatus": {
      "Action": "N/A",
      "ActionResult": "None",
      "ActionStartedAt": "0001-01-01T00:00:00Z",
      "ActionTerminatedAt": "0001-01-01T00:00:00Z",
      "Drift": "N/A",
      "Status": "NotLive",
      "SyncStatus": "NotLive"
    }
  },
  {
    "Space": {
      "CreatedAt": "2026-06-12T17:32:19.005919Z",
      "CursorID": 4709,
      "DisplayName": "helm-rook-ceph-default-confighub-proof",
      "EntityType": "Space",
      "Labels": {
        "Component": "RookCeph",
        "Environment": "Demo",
        "Layer": "App",
        "Owner": "ConfigHubHelm",
        "Variant": "default"
      },
      "OrganizationID": "12c33fa8-00b1-4011-ad3e-19d56458b29c",
      "Permissions": {
        "Manage": {
          "UserIDs": {
            "c5818f81-ae4b-4d17-987f-743f19bdb0ca": true
          }
        },
        "ManageChildren": {
          "UserIDs": {
            "c5818f81-ae4b-4d17-987f-743f19bdb0ca": true
          }
        }
      },
      "Slug": "helm-rook-ceph-default-confighub-proof",
      "SpaceID": "9f6c723f-beaf-43c4-b1d5-34448c9fc3cc",
      "UpdatedAt": "2026-06-12T17:32:19.515543Z",
      "Version": 2,
      "WhereTrigger": "SpaceID = '9f6c723f-beaf-43c4-b1d5-34448c9fc3cc'"
    },
    "Unit": {
      "ApprovedBy": null,
      "CreatedAt": "0001-01-01T00:00:00Z",
      "DataHash": "546e7a3172cad28657e675761fd5bf68e7feedddcc4ecd0ee643b042be89a865",
      "EntityType": "Unit",
      "FromLinkID": null,
      "HeadRevisionNum": 2,
      "MutationSources": null,
      "OrganizationID": "12c33fa8-00b1-4011-ad3e-19d56458b29c",
      "Slug": "clusterrole-ceph-csi-cephfs-nodeplugin-cr",
      "SpaceID": "9f6c723f-beaf-43c4-b1d5-34448c9fc3cc",
      "ToolchainType": "Kubernetes/YAML",
      "UnitID": "6fa290ef-1277-4b75-b312-a9c348163a8a",
      "UpdatedAt": "0001-01-01T00:00:00Z",
      "Version": 7
    },
    "UnitStatus": {
      "Action": "N/A",
      "ActionResult": "None",
      "ActionStartedAt": "0001-01-01T00:00:00Z",
      "ActionTerminatedAt": "0001-01-01T00:00:00Z",
      "Drift": "N/A",
      "Status": "NotLive",
      "SyncStatus": "NotLive"
    }
  },
  {
    "Space": {
      "CreatedAt": "2026-06-12T17:32:19.005919Z",
      "CursorID": 4709,
      "DisplayName": "helm-rook-ceph-default-confighub-proof",
      "EntityType": "Space",
      "Labels": {
        "Component": "RookCeph",
        "Environment": "Demo",
        "Layer": "App",
        "Owner": "ConfigHubHelm",
        "Variant": "default"
      },
      "OrganizationID": "12c33fa8-00b1-4011-ad3e-19d56458b29c",
      "Permissions": {
        "Manage": {
          "UserIDs": {
            "c5818f81-ae4b-4d17-987f-743f19bdb0ca": true
          }
        },
        "ManageChildren": {
          "UserIDs": {
            "c5818f81-ae4b-4d17-987f-743f19bdb0ca": true
          }
        }
      },
      "Slug": "helm-rook-ceph-default-confighub-proof",
      "SpaceID": "9f6c723f-beaf-43c4-b1d5-34448c9fc3cc",
      "UpdatedAt": "2026-06-12T17:32:19.515543Z",
      "Version": 2,
      "WhereTrigger": "SpaceID = '9f6c723f-beaf-43c4-b1d5-34448c9fc3cc'"
    },
    "Unit": {
      "ApprovedBy": null,
      "CreatedAt": "0001-01-01T00:00:00Z",
      "DataHash": "f0af54095a3c1fb4d4edf1455f5f4c5bee8fe7ddbe61530ede2f4c293c4a6700",
      "EntityType": "Unit",
      "FromLinkID": null,
      "HeadRevisionNum": 1,
      "MutationSources": null,
      "OrganizationID": "12c33fa8-00b1-4011-ad3e-19d56458b29c",
      "Slug": "serviceaccount-default-rook-csi-rbd-provisioner-sa",
      "SpaceID": "9f6c723f-beaf-43c4-b1d5-34448c9fc3cc",
      "ToolchainType": "Kubernetes/YAML",
      "UnitID": "ec15dea2-53ce-455d-b522-a089d9beff5c",
      "UpdatedAt": "0001-01-01T00:00:00Z",
      "Version": 6
    },
    "UnitStatus": {
      "Action": "N/A",
      "ActionResult": "None",
      "ActionStartedAt": "0001-01-01T00:00:00Z",
      "ActionTerminatedAt": "0001-01-01T00:00:00Z",
      "Drift": "N/A",
      "Status": "NotLive",
      "SyncStatus": "NotLive"
    }
  },
  {
    "Space": {
      "CreatedAt": "2026-06-12T17:32:19.005919Z",
      "CursorID": 4709,
      "DisplayName": "helm-rook-ceph-default-confighub-proof",
      "EntityType": "Space",
      "Labels": {
        "Component": "RookCeph",
        "Environment": "Demo",
        "Layer": "App",
        "Owner": "ConfigHubHelm",
        "Variant": "default"
      },
      "OrganizationID": "12c33fa8-00b1-4011-ad3e-19d56458b29c",
      "Permissions": {
        "Manage": {
          "UserIDs": {
            "c5818f81-ae4b-4d17-987f-743f19bdb0ca": true
          }
        },
        "ManageChildren": {
          "UserIDs": {
            "c5818f81-ae4b-4d17-987f-743f19bdb0ca": true
          }
        }
      },
      "Slug": "helm-rook-ceph-default-confighub-proof",
      "SpaceID": "9f6c723f-beaf-43c4-b1d5-34448c9fc3cc",
      "UpdatedAt": "2026-06-12T17:32:19.515543Z",
      "Version": 2,
      "WhereTrigger": "SpaceID = '9f6c723f-beaf-43c4-b1d5-34448c9fc3cc'"
    },
    "Unit": {
      "ApprovedBy": null,
      "CreatedAt": "0001-01-01T00:00:00Z",
      "DataHash": "16ed7efc01a8fdd14491528098a8198e81afc49139fa33b7e957b4018fc6ef65",
      "EntityType": "Unit",
      "FromLinkID": null,
      "HeadRevisionNum": 2,
      "MutationSources": null,
      "OrganizationID": "12c33fa8-00b1-4011-ad3e-19d56458b29c",
      "Slug": "clusterrole-ceph-csi-clientprofilemapping-viewer-role",
      "SpaceID": "9f6c723f-beaf-43c4-b1d5-34448c9fc3cc",
      "ToolchainType": "Kubernetes/YAML",
      "UnitID": "cec89c76-adc2-4123-b420-fd1a3919d87e",
      "UpdatedAt": "0001-01-01T00:00:00Z",
      "Version": 7
    },
    "UnitStatus": {
      "Action": "N/A",
      "ActionResult": "None",
      "ActionStartedAt": "0001-01-01T00:00:00Z",
      "ActionTerminatedAt": "0001-01-01T00:00:00Z",
      "Drift": "N/A",
      "Status": "NotLive",
      "SyncStatus": "NotLive"
    }
  },
  {
    "Space": {
      "CreatedAt": "2026-06-12T17:32:19.005919Z",
      "CursorID": 4709,
      "DisplayName": "helm-rook-ceph-default-confighub-proof",
      "EntityType": "Space",
      "Labels": {
        "Component": "RookCeph",
        "Environment": "Demo",
        "Layer": "App",
        "Owner": "ConfigHubHelm",
        "Variant": "default"
      },
      "OrganizationID": "12c33fa8-00b1-4011-ad3e-19d56458b29c",
      "Permissions": {
        "Manage": {
          "UserIDs": {
            "c5818f81-ae4b-4d17-987f-743f19bdb0ca": true
          }
        },
        "ManageChildren": {
          "UserIDs": {
            "c5818f81-ae4b-4d17-987f-743f19bdb0ca": true
          }
        }
      },
      "Slug": "helm-rook-ceph-default-confighub-proof",
      "SpaceID": "9f6c723f-beaf-43c4-b1d5-34448c9fc3cc",
      "UpdatedAt": "2026-06-12T17:32:19.515543Z",
      "Version": 2,
      "WhereTrigger": "SpaceID = '9f6c723f-beaf-43c4-b1d5-34448c9fc3cc'"
    },
    "Unit": {
      "ApprovedBy": null,
      "CreatedAt": "0001-01-01T00:00:00Z",
      "DataHash": "bdba1d3618514e8149bdb53b2652f1751e4e0eb481df376b2ac9534b605d1248",
      "EntityType": "Unit",
      "FromLinkID": null,
      "HeadRevisionNum": 2,
      "MutationSources": null,
      "OrganizationID": "12c33fa8-00b1-4011-ad3e-19d56458b29c",
      "Slug": "clusterrole-ceph-csi-clientprofilemapping-editor-role",
      "SpaceID": "9f6c723f-beaf-43c4-b1d5-34448c9fc3cc",
      "ToolchainType": "Kubernetes/YAML",
      "UnitID": "59935b18-160a-46fa-8dbc-3e214938e05b",
      "UpdatedAt": "0001-01-01T00:00:00Z",
      "Version": 7
    },
    "UnitStatus": {
      "Action": "N/A",
      "ActionResult": "None",
      "ActionStartedAt": "0001-01-01T00:00:00Z",
      "ActionTerminatedAt": "0001-01-01T00:00:00Z",
      "Drift": "N/A",
      "Status": "NotLive",
      "SyncStatus": "NotLive"
    }
  },
  {
    "Space": {
      "CreatedAt": "2026-06-12T17:32:19.005919Z",
      "CursorID": 4709,
      "DisplayName": "helm-rook-ceph-default-confighub-proof",
      "EntityType": "Space",
      "Labels": {
        "Component": "RookCeph",
        "Environment": "Demo",
        "Layer": "App",
        "Owner": "ConfigHubHelm",
        "Variant": "default"
      },
      "OrganizationID": "12c33fa8-00b1-4011-ad3e-19d56458b29c",
      "Permissions": {
        "Manage": {
          "UserIDs": {
            "c5818f81-ae4b-4d17-987f-743f19bdb0ca": true
          }
        },
        "ManageChildren": {
          "UserIDs": {
            "c5818f81-ae4b-4d17-987f-743f19bdb0ca": true
          }
        }
      },
      "Slug": "helm-rook-ceph-default-confighub-proof",
      "SpaceID": "9f6c723f-beaf-43c4-b1d5-34448c9fc3cc",
      "UpdatedAt": "2026-06-12T17:32:19.515543Z",
      "Version": 2,
      "WhereTrigger": "SpaceID = '9f6c723f-beaf-43c4-b1d5-34448c9fc3cc'"
    },
    "Unit": {
      "ApprovedBy": null,
      "CreatedAt": "0001-01-01T00:00:00Z",
      "DataHash": "1a493a6421597a73d96ffb3468313c4f6abfc9f3315089d9fa6beb24232e118e",
      "EntityType": "Unit",
      "FromLinkID": null,
      "HeadRevisionNum": 2,
      "MutationSources": null,
      "OrganizationID": "12c33fa8-00b1-4011-ad3e-19d56458b29c",
      "Slug": "clusterrole-ceph-csi-driver-viewer-role",
      "SpaceID": "9f6c723f-beaf-43c4-b1d5-34448c9fc3cc",
      "ToolchainType": "Kubernetes/YAML",
      "UnitID": "b5ce418e-b7c2-43a4-b768-227686c52311",
      "UpdatedAt": "0001-01-01T00:00:00Z",
      "Version": 7
    },
    "UnitStatus": {
      "Action": "N/A",
      "ActionResult": "None",
      "ActionStartedAt": "0001-01-01T00:00:00Z",
      "ActionTerminatedAt": "0001-01-01T00:00:00Z",
      "Drift": "N/A",
      "Status": "NotLive",
      "SyncStatus": "NotLive"
    }
  },
  {
    "Space": {
      "CreatedAt": "2026-06-12T17:32:19.005919Z",
      "CursorID": 4709,
      "DisplayName": "helm-rook-ceph-default-confighub-proof",
      "EntityType": "Space",
      "Labels": {
        "Component": "RookCeph",
        "Environment": "Demo",
        "Layer": "App",
        "Owner": "ConfigHubHelm",
        "Variant": "default"
      },
      "OrganizationID": "12c33fa8-00b1-4011-ad3e-19d56458b29c",
      "Permissions": {
        "Manage": {
          "UserIDs": {
            "c5818f81-ae4b-4d17-987f-743f19bdb0ca": true
          }
        },
        "ManageChildren": {
          "UserIDs": {
            "c5818f81-ae4b-4d17-987f-743f19bdb0ca": true
          }
        }
      },
      "Slug": "helm-rook-ceph-default-confighub-proof",
      "SpaceID": "9f6c723f-beaf-43c4-b1d5-34448c9fc3cc",
      "UpdatedAt": "2026-06-12T17:32:19.515543Z",
      "Version": 2,
      "WhereTrigger": "SpaceID = '9f6c723f-beaf-43c4-b1d5-34448c9fc3cc'"
    },
    "Unit": {
      "ApprovedBy": null,
      "CreatedAt": "0001-01-01T00:00:00Z",
      "DataHash": "2fd4e9cfeeb69a53dd1291c524f5a1f29561ecbc150964bb8716af8460e9cde1",
      "EntityType": "Unit",
      "FromLinkID": null,
      "HeadRevisionNum": 2,
      "MutationSources": null,
      "OrganizationID": "12c33fa8-00b1-4011-ad3e-19d56458b29c",
      "Slug": "clusterrole-ceph-csi-clientprofiles-editor-role",
      "SpaceID": "9f6c723f-beaf-43c4-b1d5-34448c9fc3cc",
      "ToolchainType": "Kubernetes/YAML",
      "UnitID": "d97d60fc-f817-47e3-8e17-ed302cd92933",
      "UpdatedAt": "0001-01-01T00:00:00Z",
      "Version": 7
    },
    "UnitStatus": {
      "Action": "N/A",
      "ActionResult": "None",
      "ActionStartedAt": "0001-01-01T00:00:00Z",
      "ActionTerminatedAt": "0001-01-01T00:00:00Z",
      "Drift": "N/A",
      "Status": "NotLive",
      "SyncStatus": "NotLive"
    }
  },
  {
    "Space": {
      "CreatedAt": "2026-06-12T17:32:19.005919Z",
      "CursorID": 4709,
      "DisplayName": "helm-rook-ceph-default-confighub-proof",
      "EntityType": "Space",
      "Labels": {
        "Component": "RookCeph",
        "Environment": "Demo",
        "Layer": "App",
        "Owner": "ConfigHubHelm",
        "Variant": "default"
      },
      "OrganizationID": "12c33fa8-00b1-4011-ad3e-19d56458b29c",
      "Permissions": {
        "Manage": {
          "UserIDs": {
            "c5818f81-ae4b-4d17-987f-743f19bdb0ca": true
          }
        },
        "ManageChildren": {
          "UserIDs": {
            "c5818f81-ae4b-4d17-987f-743f19bdb0ca": true
          }
        }
      },
      "Slug": "helm-rook-ceph-default-confighub-proof",
      "SpaceID": "9f6c723f-beaf-43c4-b1d5-34448c9fc3cc",
      "UpdatedAt": "2026-06-12T17:32:19.515543Z",
      "Version": 2,
      "WhereTrigger": "SpaceID = '9f6c723f-beaf-43c4-b1d5-34448c9fc3cc'"
    },
    "Unit": {
      "ApprovedBy": null,
      "CreatedAt": "0001-01-01T00:00:00Z",
      "DataHash": "f73fd9ecada1cc61a842f74ea601858416bb92a6789228958d55c763956484fc",
      "EntityType": "Unit",
      "FromLinkID": null,
      "HeadRevisionNum": 2,
      "MutationSources": null,
      "OrganizationID": "12c33fa8-00b1-4011-ad3e-19d56458b29c",
      "Slug": "clusterrole-ceph-csi-driver-editor-role",
      "SpaceID": "9f6c723f-beaf-43c4-b1d5-34448c9fc3cc",
      "ToolchainType": "Kubernetes/YAML",
      "UnitID": "d6e9be5b-5258-43b3-af95-b82a2574f315",
      "UpdatedAt": "0001-01-01T00:00:00Z",
      "Version": 7
    },
    "UnitStatus": {
      "Action": "N/A",
      "ActionResult": "None",
      "ActionStartedAt": "0001-01-01T00:00:00Z",
      "ActionTerminatedAt": "0001-01-01T00:00:00Z",
      "Drift": "N/A",
      "Status": "NotLive",
      "SyncStatus": "NotLive"
    }
  },
  {
    "Space": {
      "CreatedAt": "2026-06-12T17:32:19.005919Z",
      "CursorID": 4709,
      "DisplayName": "helm-rook-ceph-default-confighub-proof",
      "EntityType": "Space",
      "Labels": {
        "Component": "RookCeph",
        "Environment": "Demo",
        "Layer": "App",
        "Owner": "ConfigHubHelm",
        "Variant": "default"
      },
      "OrganizationID": "12c33fa8-00b1-4011-ad3e-19d56458b29c",
      "Permissions": {
        "Manage": {
          "UserIDs": {
            "c5818f81-ae4b-4d17-987f-743f19bdb0ca": true
          }
        },
        "ManageChildren": {
          "UserIDs": {
            "c5818f81-ae4b-4d17-987f-743f19bdb0ca": true
          }
        }
      },
      "Slug": "helm-rook-ceph-default-confighub-proof",
      "SpaceID": "9f6c723f-beaf-43c4-b1d5-34448c9fc3cc",
      "UpdatedAt": "2026-06-12T17:32:19.515543Z",
      "Version": 2,
      "WhereTrigger": "SpaceID = '9f6c723f-beaf-43c4-b1d5-34448c9fc3cc'"
    },
    "Unit": {
      "ApprovedBy": null,
      "CreatedAt": "0001-01-01T00:00:00Z",
      "DataHash": "0b9a38c10a8b5ab114034cc2d6097b620da3ea3e5745a7e69695d7876ec9d803",
      "EntityType": "Unit",
      "FromLinkID": null,
      "HeadRevisionNum": 2,
      "MutationSources": null,
      "OrganizationID": "12c33fa8-00b1-4011-ad3e-19d56458b29c",
      "Slug": "customresourcedefinition-objectbuckets-objectbucket-io",
      "SpaceID": "9f6c723f-beaf-43c4-b1d5-34448c9fc3cc",
      "ToolchainType": "Kubernetes/YAML",
      "UnitID": "640b52de-4114-49a8-b838-62200f27f270",
      "UpdatedAt": "0001-01-01T00:00:00Z",
      "Version": 6
    },
    "UnitStatus": {
      "Action": "N/A",
      "ActionResult": "None",
      "ActionStartedAt": "0001-01-01T00:00:00Z",
      "ActionTerminatedAt": "0001-01-01T00:00:00Z",
      "Drift": "N/A",
      "Status": "NotLive",
      "SyncStatus": "NotLive"
    }
  },
  {
    "Space": {
      "CreatedAt": "2026-06-12T17:32:19.005919Z",
      "CursorID": 4709,
      "DisplayName": "helm-rook-ceph-default-confighub-proof",
      "EntityType": "Space",
      "Labels": {
        "Component": "RookCeph",
        "Environment": "Demo",
        "Layer": "App",
        "Owner": "ConfigHubHelm",
        "Variant": "default"
      },
      "OrganizationID": "12c33fa8-00b1-4011-ad3e-19d56458b29c",
      "Permissions": {
        "Manage": {
          "UserIDs": {
            "c5818f81-ae4b-4d17-987f-743f19bdb0ca": true
          }
        },
        "ManageChildren": {
          "UserIDs": {
            "c5818f81-ae4b-4d17-987f-743f19bdb0ca": true
          }
        }
      },
      "Slug": "helm-rook-ceph-default-confighub-proof",
      "SpaceID": "9f6c723f-beaf-43c4-b1d5-34448c9fc3cc",
      "UpdatedAt": "2026-06-12T17:32:19.515543Z",
      "Version": 2,
      "WhereTrigger": "SpaceID = '9f6c723f-beaf-43c4-b1d5-34448c9fc3cc'"
    },
    "Unit": {
      "ApprovedBy": null,
      "CreatedAt": "0001-01-01T00:00:00Z",
      "DataHash": "4aeb79249bf0db75a347b0343bf908c4dc473401d2cc1f046d5458611a0494c7",
      "EntityType": "Unit",
      "FromLinkID": null,
      "HeadRevisionNum": 2,
      "MutationSources": null,
      "OrganizationID": "12c33fa8-00b1-4011-ad3e-19d56458b29c",
      "Slug": "clusterrole-ceph-csi-manager-role",
      "SpaceID": "9f6c723f-beaf-43c4-b1d5-34448c9fc3cc",
      "ToolchainType": "Kubernetes/YAML",
      "UnitID": "207bc04e-2fdd-42c1-a9ee-08b57344cbdb",
      "UpdatedAt": "0001-01-01T00:00:00Z",
      "Version": 7
    },
    "UnitStatus": {
      "Action": "N/A",
      "ActionResult": "None",
      "ActionStartedAt": "0001-01-01T00:00:00Z",
      "ActionTerminatedAt": "0001-01-01T00:00:00Z",
      "Drift": "N/A",
      "Status": "NotLive",
      "SyncStatus": "NotLive"
    }
  },
  {
    "Space": {
      "CreatedAt": "2026-06-12T17:32:19.005919Z",
      "CursorID": 4709,
      "DisplayName": "helm-rook-ceph-default-confighub-proof",
      "EntityType": "Space",
      "Labels": {
        "Component": "RookCeph",
        "Environment": "Demo",
        "Layer": "App",
        "Owner": "ConfigHubHelm",
        "Variant": "default"
      },
      "OrganizationID": "12c33fa8-00b1-4011-ad3e-19d56458b29c",
      "Permissions": {
        "Manage": {
          "UserIDs": {
            "c5818f81-ae4b-4d17-987f-743f19bdb0ca": true
          }
        },
        "ManageChildren": {
          "UserIDs": {
            "c5818f81-ae4b-4d17-987f-743f19bdb0ca": true
          }
        }
      },
      "Slug": "helm-rook-ceph-default-confighub-proof",
      "SpaceID": "9f6c723f-beaf-43c4-b1d5-34448c9fc3cc",
      "UpdatedAt": "2026-06-12T17:32:19.515543Z",
      "Version": 2,
      "WhereTrigger": "SpaceID = '9f6c723f-beaf-43c4-b1d5-34448c9fc3cc'"
    },
    "Unit": {
      "ApprovedBy": null,
      "CreatedAt": "0001-01-01T00:00:00Z",
      "DataHash": "e3d985037c0341d5df94efef37d74be486e1fbbf96bfedbba728239a9ea6d583",
      "EntityType": "Unit",
      "FromLinkID": null,
      "HeadRevisionNum": 2,
      "MutationSources": null,
      "OrganizationID": "12c33fa8-00b1-4011-ad3e-19d56458b29c",
      "Slug": "clusterrole-ceph-csi-metrics-auth-role",
      "SpaceID": "9f6c723f-beaf-43c4-b1d5-34448c9fc3cc",
      "ToolchainType": "Kubernetes/YAML",
      "UnitID": "cbffa216-ad95-4540-bc61-f78100739885",
      "UpdatedAt": "0001-01-01T00:00:00Z",
      "Version": 7
    },
    "UnitStatus": {
      "Action": "N/A",
      "ActionResult": "None",
      "ActionStartedAt": "0001-01-01T00:00:00Z",
      "ActionTerminatedAt": "0001-01-01T00:00:00Z",
      "Drift": "N/A",
      "Status": "NotLive",
      "SyncStatus": "NotLive"
    }
  },
  {
    "Space": {
      "CreatedAt": "2026-06-12T17:32:19.005919Z",
      "CursorID": 4709,
      "DisplayName": "helm-rook-ceph-default-confighub-proof",
      "EntityType": "Space",
      "Labels": {
        "Component": "RookCeph",
        "Environment": "Demo",
        "Layer": "App",
        "Owner": "ConfigHubHelm",
        "Variant": "default"
      },
      "OrganizationID": "12c33fa8-00b1-4011-ad3e-19d56458b29c",
      "Permissions": {
        "Manage": {
          "UserIDs": {
            "c5818f81-ae4b-4d17-987f-743f19bdb0ca": true
          }
        },
        "ManageChildren": {
          "UserIDs": {
            "c5818f81-ae4b-4d17-987f-743f19bdb0ca": true
          }
        }
      },
      "Slug": "helm-rook-ceph-default-confighub-proof",
      "SpaceID": "9f6c723f-beaf-43c4-b1d5-34448c9fc3cc",
      "UpdatedAt": "2026-06-12T17:32:19.515543Z",
      "Version": 2,
      "WhereTrigger": "SpaceID = '9f6c723f-beaf-43c4-b1d5-34448c9fc3cc'"
    },
    "Unit": {
      "ApprovedBy": null,
      "CreatedAt": "0001-01-01T00:00:00Z",
      "DataHash": "4936a406aa3f7ea01e40b273e3a0c30168e0c49826de000dc7b2ac14988f3a65",
      "EntityType": "Unit",
      "FromLinkID": null,
      "HeadRevisionNum": 2,
      "MutationSources": null,
      "OrganizationID": "12c33fa8-00b1-4011-ad3e-19d56458b29c",
      "Slug": "clusterrole-ceph-csi-metrics-reader",
      "SpaceID": "9f6c723f-beaf-43c4-b1d5-34448c9fc3cc",
      "ToolchainType": "Kubernetes/YAML",
      "UnitID": "df5cd8b9-03a3-450a-a613-3cfd8e992bb9",
      "UpdatedAt": "0001-01-01T00:00:00Z",
      "Version": 7
    },
    "UnitStatus": {
      "Action": "N/A",
      "ActionResult": "None",
      "ActionStartedAt": "0001-01-01T00:00:00Z",
      "ActionTerminatedAt": "0001-01-01T00:00:00Z",
      "Drift": "N/A",
      "Status": "NotLive",
      "SyncStatus": "NotLive"
    }
  },
  {
    "Space": {
      "CreatedAt": "2026-06-12T17:32:19.005919Z",
      "CursorID": 4709,
      "DisplayName": "helm-rook-ceph-default-confighub-proof",
      "EntityType": "Space",
      "Labels": {
        "Component": "RookCeph",
        "Environment": "Demo",
        "Layer": "App",
        "Owner": "ConfigHubHelm",
        "Variant": "default"
      },
      "OrganizationID": "12c33fa8-00b1-4011-ad3e-19d56458b29c",
      "Permissions": {
        "Manage": {
          "UserIDs": {
            "c5818f81-ae4b-4d17-987f-743f19bdb0ca": true
          }
        },
        "ManageChildren": {
          "UserIDs": {
            "c5818f81-ae4b-4d17-987f-743f19bdb0ca": true
          }
        }
      },
      "Slug": "helm-rook-ceph-default-confighub-proof",
      "SpaceID": "9f6c723f-beaf-43c4-b1d5-34448c9fc3cc",
      "UpdatedAt": "2026-06-12T17:32:19.515543Z",
      "Version": 2,
      "WhereTrigger": "SpaceID = '9f6c723f-beaf-43c4-b1d5-34448c9fc3cc'"
    },
    "Unit": {
      "ApprovedBy": null,
      "CreatedAt": "0001-01-01T00:00:00Z",
      "DataHash": "830251eb9f9ec424fa49efdfdd807d1270f6617d5013204f993b3467619e2ab3",
      "EntityType": "Unit",
      "FromLinkID": null,
      "HeadRevisionNum": 2,
      "MutationSources": null,
      "OrganizationID": "12c33fa8-00b1-4011-ad3e-19d56458b29c",
      "Slug": "role-default-ceph-csi-cephfs-ctrlplugin-r",
      "SpaceID": "9f6c723f-beaf-43c4-b1d5-34448c9fc3cc",
      "ToolchainType": "Kubernetes/YAML",
      "UnitID": "947c8474-a31f-4a45-b973-488c9d4d546c",
      "UpdatedAt": "0001-01-01T00:00:00Z",
      "Version": 10
    },
    "UnitStatus": {
      "Action": "N/A",
      "ActionResult": "None",
      "ActionStartedAt": "0001-01-01T00:00:00Z",
      "ActionTerminatedAt": "0001-01-01T00:00:00Z",
      "Drift": "N/A",
      "Status": "NotLive",
      "SyncStatus": "NotLive"
    }
  },
  {
    "Space": {
      "CreatedAt": "2026-06-12T17:32:19.005919Z",
      "CursorID": 4709,
      "DisplayName": "helm-rook-ceph-default-confighub-proof",
      "EntityType": "Space",
      "Labels": {
        "Component": "RookCeph",
        "Environment": "Demo",
        "Layer": "App",
        "Owner": "ConfigHubHelm",
        "Variant": "default"
      },
      "OrganizationID": "12c33fa8-00b1-4011-ad3e-19d56458b29c",
      "Permissions": {
        "Manage": {
          "UserIDs": {
            "c5818f81-ae4b-4d17-987f-743f19bdb0ca": true
          }
        },
        "ManageChildren": {
          "UserIDs": {
            "c5818f81-ae4b-4d17-987f-743f19bdb0ca": true
          }
        }
      },
      "Slug": "helm-rook-ceph-default-confighub-proof",
      "SpaceID": "9f6c723f-beaf-43c4-b1d5-34448c9fc3cc",
      "UpdatedAt": "2026-06-12T17:32:19.515543Z",
      "Version": 2,
      "WhereTrigger": "SpaceID = '9f6c723f-beaf-43c4-b1d5-34448c9fc3cc'"
    },
    "Unit": {
      "ApprovedBy": null,
      "CreatedAt": "0001-01-01T00:00:00Z",
      "DataHash": "0980cd5338856df4c3d4015782a1b0cdc5375d2b69fc6c6219ab03621549969d",
      "EntityType": "Unit",
      "FromLinkID": null,
      "HeadRevisionNum": 2,
      "MutationSources": null,
      "OrganizationID": "12c33fa8-00b1-4011-ad3e-19d56458b29c",
      "Slug": "role-default-ceph-csi-leader-election-role",
      "SpaceID": "9f6c723f-beaf-43c4-b1d5-34448c9fc3cc",
      "ToolchainType": "Kubernetes/YAML",
      "UnitID": "a3db2be1-cc03-4be7-bf44-0e7c69e46bf6",
      "UpdatedAt": "0001-01-01T00:00:00Z",
      "Version": 10
    },
    "UnitStatus": {
      "Action": "N/A",
      "ActionResult": "None",
      "ActionStartedAt": "0001-01-01T00:00:00Z",
      "ActionTerminatedAt": "0001-01-01T00:00:00Z",
      "Drift": "N/A",
      "Status": "NotLive",
      "SyncStatus": "NotLive"
    }
  },
  {
    "Space": {
      "CreatedAt": "2026-06-12T17:32:19.005919Z",
      "CursorID": 4709,
      "DisplayName": "helm-rook-ceph-default-confighub-proof",
      "EntityType": "Space",
      "Labels": {
        "Component": "RookCeph",
        "Environment": "Demo",
        "Layer": "App",
        "Owner": "ConfigHubHelm",
        "Variant": "default"
      },
      "OrganizationID": "12c33fa8-00b1-4011-ad3e-19d56458b29c",
      "Permissions": {
        "Manage": {
          "UserIDs": {
            "c5818f81-ae4b-4d17-987f-743f19bdb0ca": true
          }
        },
        "ManageChildren": {
          "UserIDs": {
            "c5818f81-ae4b-4d17-987f-743f19bdb0ca": true
          }
        }
      },
      "Slug": "helm-rook-ceph-default-confighub-proof",
      "SpaceID": "9f6c723f-beaf-43c4-b1d5-34448c9fc3cc",
      "UpdatedAt": "2026-06-12T17:32:19.515543Z",
      "Version": 2,
      "WhereTrigger": "SpaceID = '9f6c723f-beaf-43c4-b1d5-34448c9fc3cc'"
    },
    "Unit": {
      "ApprovedBy": null,
      "CreatedAt": "0001-01-01T00:00:00Z",
      "DataHash": "832f7fff800c63f48b79b98b3df3b51d09948f522aebddcfeb25f9fc92dd9ebf",
      "EntityType": "Unit",
      "FromLinkID": null,
      "HeadRevisionNum": 2,
      "MutationSources": null,
      "OrganizationID": "12c33fa8-00b1-4011-ad3e-19d56458b29c",
      "Slug": "clusterrole-ceph-csi-nfs-ctrlplugin-cr",
      "SpaceID": "9f6c723f-beaf-43c4-b1d5-34448c9fc3cc",
      "ToolchainType": "Kubernetes/YAML",
      "UnitID": "1f3524d4-7e6e-4ecd-9d08-1b667ef049fc",
      "UpdatedAt": "0001-01-01T00:00:00Z",
      "Version": 7
    },
    "UnitStatus": {
      "Action": "N/A",
      "ActionResult": "None",
      "ActionStartedAt": "0001-01-01T00:00:00Z",
      "ActionTerminatedAt": "0001-01-01T00:00:00Z",
      "Drift": "N/A",
      "Status": "NotLive",
      "SyncStatus": "NotLive"
    }
  },
  {
    "Space": {
      "CreatedAt": "2026-06-12T17:32:19.005919Z",
      "CursorID": 4709,
      "DisplayName": "helm-rook-ceph-default-confighub-proof",
      "EntityType": "Space",
      "Labels": {
        "Component": "RookCeph",
        "Environment": "Demo",
        "Layer": "App",
        "Owner": "ConfigHubHelm",
        "Variant": "default"
      },
      "OrganizationID": "12c33fa8-00b1-4011-ad3e-19d56458b29c",
      "Permissions": {
        "Manage": {
          "UserIDs": {
            "c5818f81-ae4b-4d17-987f-743f19bdb0ca": true
          }
        },
        "ManageChildren": {
          "UserIDs": {
            "c5818f81-ae4b-4d17-987f-743f19bdb0ca": true
          }
        }
      },
      "Slug": "helm-rook-ceph-default-confighub-proof",
      "SpaceID": "9f6c723f-beaf-43c4-b1d5-34448c9fc3cc",
      "UpdatedAt": "2026-06-12T17:32:19.515543Z",
      "Version": 2,
      "WhereTrigger": "SpaceID = '9f6c723f-beaf-43c4-b1d5-34448c9fc3cc'"
    },
    "Unit": {
      "ApprovedBy": null,
      "CreatedAt": "0001-01-01T00:00:00Z",
      "DataHash": "0fb96659e8503c56afa3e35d7b794504a35d59a4c22ea77e8ec1cc7d576c925c",
      "EntityType": "Unit",
      "FromLinkID": null,
      "HeadRevisionNum": 2,
      "MutationSources": null,
      "OrganizationID": "12c33fa8-00b1-4011-ad3e-19d56458b29c",
      "Slug": "clusterrole-ceph-csi-nfs-nodeplugin-cr",
      "SpaceID": "9f6c723f-beaf-43c4-b1d5-34448c9fc3cc",
      "ToolchainType": "Kubernetes/YAML",
      "UnitID": "56b0391d-558d-4ba2-85b5-8749e53f745d",
      "UpdatedAt": "0001-01-01T00:00:00Z",
      "Version": 7
    },
    "UnitStatus": {
      "Action": "N/A",
      "ActionResult": "None",
      "ActionStartedAt": "0001-01-01T00:00:00Z",
      "ActionTerminatedAt": "0001-01-01T00:00:00Z",
      "Drift": "N/A",
      "Status": "NotLive",
      "SyncStatus": "NotLive"
    }
  },
  {
    "Space": {
      "CreatedAt": "2026-06-12T17:32:19.005919Z",
      "CursorID": 4709,
      "DisplayName": "helm-rook-ceph-default-confighub-proof",
      "EntityType": "Space",
      "Labels": {
        "Component": "RookCeph",
        "Environment": "Demo",
        "Layer": "App",
        "Owner": "ConfigHubHelm",
        "Variant": "default"
      },
      "OrganizationID": "12c33fa8-00b1-4011-ad3e-19d56458b29c",
      "Permissions": {
        "Manage": {
          "UserIDs": {
            "c5818f81-ae4b-4d17-987f-743f19bdb0ca": true
          }
        },
        "ManageChildren": {
          "UserIDs": {
            "c5818f81-ae4b-4d17-987f-743f19bdb0ca": true
          }
        }
      },
      "Slug": "helm-rook-ceph-default-confighub-proof",
      "SpaceID": "9f6c723f-beaf-43c4-b1d5-34448c9fc3cc",
      "UpdatedAt": "2026-06-12T17:32:19.515543Z",
      "Version": 2,
      "WhereTrigger": "SpaceID = '9f6c723f-beaf-43c4-b1d5-34448c9fc3cc'"
    },
    "Unit": {
      "ApprovedBy": null,
      "CreatedAt": "0001-01-01T00:00:00Z",
      "DataHash": "39992c3b9f3a39039635570a174703ffcf7c3a880d81762692452ce5bf87dedd",
      "EntityType": "Unit",
      "FromLinkID": null,
      "HeadRevisionNum": 2,
      "MutationSources": null,
      "OrganizationID": "12c33fa8-00b1-4011-ad3e-19d56458b29c",
      "Slug": "clusterrole-ceph-csi-nvmeof-ctrlplugin-cr",
      "SpaceID": "9f6c723f-beaf-43c4-b1d5-34448c9fc3cc",
      "ToolchainType": "Kubernetes/YAML",
      "UnitID": "2e47a34a-6f3f-4e9d-bae8-415df58fb39d",
      "UpdatedAt": "0001-01-01T00:00:00Z",
      "Version": 7
    },
    "UnitStatus": {
      "Action": "N/A",
      "ActionResult": "None",
      "ActionStartedAt": "0001-01-01T00:00:00Z",
      "ActionTerminatedAt": "0001-01-01T00:00:00Z",
      "Drift": "N/A",
      "Status": "NotLive",
      "SyncStatus": "NotLive"
    }
  },
  {
    "Space": {
      "CreatedAt": "2026-06-12T17:32:19.005919Z",
      "CursorID": 4709,
      "DisplayName": "helm-rook-ceph-default-confighub-proof",
      "EntityType": "Space",
      "Labels": {
        "Component": "RookCeph",
        "Environment": "Demo",
        "Layer": "App",
        "Owner": "ConfigHubHelm",
        "Variant": "default"
      },
      "OrganizationID": "12c33fa8-00b1-4011-ad3e-19d56458b29c",
      "Permissions": {
        "Manage": {
          "UserIDs": {
            "c5818f81-ae4b-4d17-987f-743f19bdb0ca": true
          }
        },
        "ManageChildren": {
          "UserIDs": {
            "c5818f81-ae4b-4d17-987f-743f19bdb0ca": true
          }
        }
      },
      "Slug": "helm-rook-ceph-default-confighub-proof",
      "SpaceID": "9f6c723f-beaf-43c4-b1d5-34448c9fc3cc",
      "UpdatedAt": "2026-06-12T17:32:19.515543Z",
      "Version": 2,
      "WhereTrigger": "SpaceID = '9f6c723f-beaf-43c4-b1d5-34448c9fc3cc'"
    },
    "Unit": {
      "ApprovedBy": null,
      "CreatedAt": "0001-01-01T00:00:00Z",
      "DataHash": "6692ee29b0df291e1da88455e2efc39b45de8b2bb2ba0059773e6e05b8bb6354",
      "EntityType": "Unit",
      "FromLinkID": null,
      "HeadRevisionNum": 2,
      "MutationSources": null,
      "OrganizationID": "12c33fa8-00b1-4011-ad3e-19d56458b29c",
      "Slug": "clusterrole-ceph-csi-nvmeof-nodeplugin-cr",
      "SpaceID": "9f6c723f-beaf-43c4-b1d5-34448c9fc3cc",
      "ToolchainType": "Kubernetes/YAML",
      "UnitID": "eccbe5bd-759d-4366-9b4f-153dadc8cf56",
      "UpdatedAt": "0001-01-01T00:00:00Z",
      "Version": 7
    },
    "UnitStatus": {
      "Action": "N/A",
      "ActionResult": "None",
      "ActionStartedAt": "0001-01-01T00:00:00Z",
      "ActionTerminatedAt": "0001-01-01T00:00:00Z",
      "Drift": "N/A",
      "Status": "NotLive",
      "SyncStatus": "NotLive"
    }
  },
  {
    "Space": {
      "CreatedAt": "2026-06-12T17:32:19.005919Z",
      "CursorID": 4709,
      "DisplayName": "helm-rook-ceph-default-confighub-proof",
      "EntityType": "Space",
      "Labels": {
        "Component": "RookCeph",
        "Environment": "Demo",
        "Layer": "App",
        "Owner": "ConfigHubHelm",
        "Variant": "default"
      },
      "OrganizationID": "12c33fa8-00b1-4011-ad3e-19d56458b29c",
      "Permissions": {
        "Manage": {
          "UserIDs": {
            "c5818f81-ae4b-4d17-987f-743f19bdb0ca": true
          }
        },
        "ManageChildren": {
          "UserIDs": {
            "c5818f81-ae4b-4d17-987f-743f19bdb0ca": true
          }
        }
      },
      "Slug": "helm-rook-ceph-default-confighub-proof",
      "SpaceID": "9f6c723f-beaf-43c4-b1d5-34448c9fc3cc",
      "UpdatedAt": "2026-06-12T17:32:19.515543Z",
      "Version": 2,
      "WhereTrigger": "SpaceID = '9f6c723f-beaf-43c4-b1d5-34448c9fc3cc'"
    },
    "Unit": {
      "ApprovedBy": null,
      "CreatedAt": "0001-01-01T00:00:00Z",
      "DataHash": "89f1811548ad1e645f7a05fd9fd29b7b4c97cd276fe965a3152561e1264049db",
      "EntityType": "Unit",
      "FromLinkID": null,
      "HeadRevisionNum": 2,
      "MutationSources": null,
      "OrganizationID": "12c33fa8-00b1-4011-ad3e-19d56458b29c",
      "Slug": "role-default-rook-ceph-purge-osd",
      "SpaceID": "9f6c723f-beaf-43c4-b1d5-34448c9fc3cc",
      "ToolchainType": "Kubernetes/YAML",
      "UnitID": "0ed2a707-722d-4a58-9e14-7df322a19f95",
      "UpdatedAt": "0001-01-01T00:00:00Z",
      "Version": 10
    },
    "UnitStatus": {
      "Action": "N/A",
      "ActionResult": "None",
      "ActionStartedAt": "0001-01-01T00:00:00Z",
      "ActionTerminatedAt": "0001-01-01T00:00:00Z",
      "Drift": "N/A",
      "Status": "NotLive",
      "SyncStatus": "NotLive"
    }
  },
  {
    "Space": {
      "CreatedAt": "2026-06-12T17:32:19.005919Z",
      "CursorID": 4709,
      "DisplayName": "helm-rook-ceph-default-confighub-proof",
      "EntityType": "Space",
      "Labels": {
        "Component": "RookCeph",
        "Environment": "Demo",
        "Layer": "App",
        "Owner": "ConfigHubHelm",
        "Variant": "default"
      },
      "OrganizationID": "12c33fa8-00b1-4011-ad3e-19d56458b29c",
      "Permissions": {
        "Manage": {
          "UserIDs": {
            "c5818f81-ae4b-4d17-987f-743f19bdb0ca": true
          }
        },
        "ManageChildren": {
          "UserIDs": {
            "c5818f81-ae4b-4d17-987f-743f19bdb0ca": true
          }
        }
      },
      "Slug": "helm-rook-ceph-default-confighub-proof",
      "SpaceID": "9f6c723f-beaf-43c4-b1d5-34448c9fc3cc",
      "UpdatedAt": "2026-06-12T17:32:19.515543Z",
      "Version": 2,
      "WhereTrigger": "SpaceID = '9f6c723f-beaf-43c4-b1d5-34448c9fc3cc'"
    },
    "Unit": {
      "ApprovedBy": null,
      "CreatedAt": "0001-01-01T00:00:00Z",
      "DataHash": "eef114cbc11d5514d6f20e203e746f3f9f0605e1f8188d7339c3b8e27a30cbed",
      "EntityType": "Unit",
      "FromLinkID": null,
      "HeadRevisionNum": 2,
      "MutationSources": null,
      "OrganizationID": "12c33fa8-00b1-4011-ad3e-19d56458b29c",
      "Slug": "clusterrole-ceph-csi-operatorconfig-viewer-role",
      "SpaceID": "9f6c723f-beaf-43c4-b1d5-34448c9fc3cc",
      "ToolchainType": "Kubernetes/YAML",
      "UnitID": "50ca4baa-bb84-441a-8b86-a3d5e336fce9",
      "UpdatedAt": "0001-01-01T00:00:00Z",
      "Version": 7
    },
    "UnitStatus": {
      "Action": "N/A",
      "ActionResult": "None",
      "ActionStartedAt": "0001-01-01T00:00:00Z",
      "ActionTerminatedAt": "0001-01-01T00:00:00Z",
      "Drift": "N/A",
      "Status": "NotLive",
      "SyncStatus": "NotLive"
    }
  },
  {
    "Space": {
      "CreatedAt": "2026-06-12T17:32:19.005919Z",
      "CursorID": 4709,
      "DisplayName": "helm-rook-ceph-default-confighub-proof",
      "EntityType": "Space",
      "Labels": {
        "Component": "RookCeph",
        "Environment": "Demo",
        "Layer": "App",
        "Owner": "ConfigHubHelm",
        "Variant": "default"
      },
      "OrganizationID": "12c33fa8-00b1-4011-ad3e-19d56458b29c",
      "Permissions": {
        "Manage": {
          "UserIDs": {
            "c5818f81-ae4b-4d17-987f-743f19bdb0ca": true
          }
        },
        "ManageChildren": {
          "UserIDs": {
            "c5818f81-ae4b-4d17-987f-743f19bdb0ca": true
          }
        }
      },
      "Slug": "helm-rook-ceph-default-confighub-proof",
      "SpaceID": "9f6c723f-beaf-43c4-b1d5-34448c9fc3cc",
      "UpdatedAt": "2026-06-12T17:32:19.515543Z",
      "Version": 2,
      "WhereTrigger": "SpaceID = '9f6c723f-beaf-43c4-b1d5-34448c9fc3cc'"
    },
    "Unit": {
      "ApprovedBy": null,
      "CreatedAt": "0001-01-01T00:00:00Z",
      "DataHash": "c0b33e97cbc66a01c872aa488f219d9834b41c7a94897251a986d933a219b6d6",
      "EntityType": "Unit",
      "FromLinkID": null,
      "HeadRevisionNum": 2,
      "MutationSources": null,
      "OrganizationID": "12c33fa8-00b1-4011-ad3e-19d56458b29c",
      "Slug": "clusterrole-ceph-csi-operatorconfig-editor-role",
      "SpaceID": "9f6c723f-beaf-43c4-b1d5-34448c9fc3cc",
      "ToolchainType": "Kubernetes/YAML",
      "UnitID": "4f7b163d-8122-43a2-8f0c-5bce526b2a1b",
      "UpdatedAt": "0001-01-01T00:00:00Z",
      "Version": 7
    },
    "UnitStatus": {
      "Action": "N/A",
      "ActionResult": "None",
      "ActionStartedAt": "0001-01-01T00:00:00Z",
      "ActionTerminatedAt": "0001-01-01T00:00:00Z",
      "Drift": "N/A",
      "Status": "NotLive",
      "SyncStatus": "NotLive"
    }
  },
  {
    "Space": {
      "CreatedAt": "2026-06-12T17:32:19.005919Z",
      "CursorID": 4709,
      "DisplayName": "helm-rook-ceph-default-confighub-proof",
      "EntityType": "Space",
      "Labels": {
        "Component": "RookCeph",
        "Environment": "Demo",
        "Layer": "App",
        "Owner": "ConfigHubHelm",
        "Variant": "default"
      },
      "OrganizationID": "12c33fa8-00b1-4011-ad3e-19d56458b29c",
      "Permissions": {
        "Manage": {
          "UserIDs": {
            "c5818f81-ae4b-4d17-987f-743f19bdb0ca": true
          }
        },
        "ManageChildren": {
          "UserIDs": {
            "c5818f81-ae4b-4d17-987f-743f19bdb0ca": true
          }
        }
      },
      "Slug": "helm-rook-ceph-default-confighub-proof",
      "SpaceID": "9f6c723f-beaf-43c4-b1d5-34448c9fc3cc",
      "UpdatedAt": "2026-06-12T17:32:19.515543Z",
      "Version": 2,
      "WhereTrigger": "SpaceID = '9f6c723f-beaf-43c4-b1d5-34448c9fc3cc'"
    },
    "Unit": {
      "ApprovedBy": null,
      "CreatedAt": "0001-01-01T00:00:00Z",
      "DataHash": "f1c0e9b8000f43b1d12ab5e5b3319f310ddfc9d9fd82cce6f33a7ba7c330b24b",
      "EntityType": "Unit",
      "FromLinkID": null,
      "HeadRevisionNum": 2,
      "MutationSources": null,
      "OrganizationID": "12c33fa8-00b1-4011-ad3e-19d56458b29c",
      "Slug": "clusterrole-ceph-csi-rbd-nodeplugin-cr",
      "SpaceID": "9f6c723f-beaf-43c4-b1d5-34448c9fc3cc",
      "ToolchainType": "Kubernetes/YAML",
      "UnitID": "1ee40ce9-abcb-4c4a-8d54-f757033e9cab",
      "UpdatedAt": "0001-01-01T00:00:00Z",
      "Version": 7
    },
    "UnitStatus": {
      "Action": "N/A",
      "ActionResult": "None",
      "ActionStartedAt": "0001-01-01T00:00:00Z",
      "ActionTerminatedAt": "0001-01-01T00:00:00Z",
      "Drift": "N/A",
      "Status": "NotLive",
      "SyncStatus": "NotLive"
    }
  },
  {
    "Space": {
      "CreatedAt": "2026-06-12T17:32:19.005919Z",
      "CursorID": 4709,
      "DisplayName": "helm-rook-ceph-default-confighub-proof",
      "EntityType": "Space",
      "Labels": {
        "Component": "RookCeph",
        "Environment": "Demo",
        "Layer": "App",
        "Owner": "ConfigHubHelm",
        "Variant": "default"
      },
      "OrganizationID": "12c33fa8-00b1-4011-ad3e-19d56458b29c",
      "Permissions": {
        "Manage": {
          "UserIDs": {
            "c5818f81-ae4b-4d17-987f-743f19bdb0ca": true
          }
        },
        "ManageChildren": {
          "UserIDs": {
            "c5818f81-ae4b-4d17-987f-743f19bdb0ca": true
          }
        }
      },
      "Slug": "helm-rook-ceph-default-confighub-proof",
      "SpaceID": "9f6c723f-beaf-43c4-b1d5-34448c9fc3cc",
      "UpdatedAt": "2026-06-12T17:32:19.515543Z",
      "Version": 2,
      "WhereTrigger": "SpaceID = '9f6c723f-beaf-43c4-b1d5-34448c9fc3cc'"
    },
    "Unit": {
      "ApprovedBy": null,
      "CreatedAt": "0001-01-01T00:00:00Z",
      "DataHash": "fe9d55df49d9da383a03ff6cfe9c4cb6d2f4cf34b892bdf6ee7d26d487a5aaf2",
      "EntityType": "Unit",
      "FromLinkID": null,
      "HeadRevisionNum": 2,
      "MutationSources": null,
      "OrganizationID": "12c33fa8-00b1-4011-ad3e-19d56458b29c",
      "Slug": "role-default-ceph-csi-nvmeof-ctrlplugin-r",
      "SpaceID": "9f6c723f-beaf-43c4-b1d5-34448c9fc3cc",
      "ToolchainType": "Kubernetes/YAML",
      "UnitID": "9642e280-e952-44d0-8cd4-681cc6e9a006",
      "UpdatedAt": "0001-01-01T00:00:00Z",
      "Version": 10
    },
    "UnitStatus": {
      "Action": "N/A",
      "ActionResult": "None",
      "ActionStartedAt": "0001-01-01T00:00:00Z",
      "ActionTerminatedAt": "0001-01-01T00:00:00Z",
      "Drift": "N/A",
      "Status": "NotLive",
      "SyncStatus": "NotLive"
    }
  },
  {
    "Space": {
      "CreatedAt": "2026-06-12T17:32:19.005919Z",
      "CursorID": 4709,
      "DisplayName": "helm-rook-ceph-default-confighub-proof",
      "EntityType": "Space",
      "Labels": {
        "Component": "RookCeph",
        "Environment": "Demo",
        "Layer": "App",
        "Owner": "ConfigHubHelm",
        "Variant": "default"
      },
      "OrganizationID": "12c33fa8-00b1-4011-ad3e-19d56458b29c",
      "Permissions": {
        "Manage": {
          "UserIDs": {
            "c5818f81-ae4b-4d17-987f-743f19bdb0ca": true
          }
        },
        "ManageChildren": {
          "UserIDs": {
            "c5818f81-ae4b-4d17-987f-743f19bdb0ca": true
          }
        }
      },
      "Slug": "helm-rook-ceph-default-confighub-proof",
      "SpaceID": "9f6c723f-beaf-43c4-b1d5-34448c9fc3cc",
      "UpdatedAt": "2026-06-12T17:32:19.515543Z",
      "Version": 2,
      "WhereTrigger": "SpaceID = '9f6c723f-beaf-43c4-b1d5-34448c9fc3cc'"
    },
    "Unit": {
      "ApprovedBy": null,
      "CreatedAt": "0001-01-01T00:00:00Z",
      "DataHash": "254fe8526f0a10d4cef9248670c0a044db2e5fb1cf3ad5026300ae809698095c",
      "EntityType": "Unit",
      "FromLinkID": null,
      "HeadRevisionNum": 2,
      "MutationSources": null,
      "OrganizationID": "12c33fa8-00b1-4011-ad3e-19d56458b29c",
      "Slug": "clusterrole-objectstorage-provisioner-role",
      "SpaceID": "9f6c723f-beaf-43c4-b1d5-34448c9fc3cc",
      "ToolchainType": "Kubernetes/YAML",
      "UnitID": "e685d807-b7a3-4d8f-94d8-84a0af61b220",
      "UpdatedAt": "0001-01-01T00:00:00Z",
      "Version": 7
    },
    "UnitStatus": {
      "Action": "N/A",
      "ActionResult": "None",
      "ActionStartedAt": "0001-01-01T00:00:00Z",
      "ActionTerminatedAt": "0001-01-01T00:00:00Z",
      "Drift": "N/A",
      "Status": "NotLive",
      "SyncStatus": "NotLive"
    }
  },
  {
    "Space": {
      "CreatedAt": "2026-06-12T17:32:19.005919Z",
      "CursorID": 4709,
      "DisplayName": "helm-rook-ceph-default-confighub-proof",
      "EntityType": "Space",
      "Labels": {
        "Component": "RookCeph",
        "Environment": "Demo",
        "Layer": "App",
        "Owner": "ConfigHubHelm",
        "Variant": "default"
      },
      "OrganizationID": "12c33fa8-00b1-4011-ad3e-19d56458b29c",
      "Permissions": {
        "Manage": {
          "UserIDs": {
            "c5818f81-ae4b-4d17-987f-743f19bdb0ca": true
          }
        },
        "ManageChildren": {
          "UserIDs": {
            "c5818f81-ae4b-4d17-987f-743f19bdb0ca": true
          }
        }
      },
      "Slug": "helm-rook-ceph-default-confighub-proof",
      "SpaceID": "9f6c723f-beaf-43c4-b1d5-34448c9fc3cc",
      "UpdatedAt": "2026-06-12T17:32:19.515543Z",
      "Version": 2,
      "WhereTrigger": "SpaceID = '9f6c723f-beaf-43c4-b1d5-34448c9fc3cc'"
    },
    "Unit": {
      "ApprovedBy": null,
      "CreatedAt": "0001-01-01T00:00:00Z",
      "DataHash": "90b40748d32fa7d96900a814bf8a661c602a26807545e9e0fd07b58a5214ebba",
      "EntityType": "Unit",
      "FromLinkID": null,
      "HeadRevisionNum": 2,
      "MutationSources": null,
      "OrganizationID": "12c33fa8-00b1-4011-ad3e-19d56458b29c",
      "Slug": "role-default-ceph-csi-nvmeof-nodeplugin-r",
      "SpaceID": "9f6c723f-beaf-43c4-b1d5-34448c9fc3cc",
      "ToolchainType": "Kubernetes/YAML",
      "UnitID": "64b17220-b24a-453d-b15d-5e2a7966a621",
      "UpdatedAt": "0001-01-01T00:00:00Z",
      "Version": 10
    },
    "UnitStatus": {
      "Action": "N/A",
      "ActionResult": "None",
      "ActionStartedAt": "0001-01-01T00:00:00Z",
      "ActionTerminatedAt": "0001-01-01T00:00:00Z",
      "Drift": "N/A",
      "Status": "NotLive",
      "SyncStatus": "NotLive"
    }
  },
  {
    "Space": {
      "CreatedAt": "2026-06-12T17:32:19.005919Z",
      "CursorID": 4709,
      "DisplayName": "helm-rook-ceph-default-confighub-proof",
      "EntityType": "Space",
      "Labels": {
        "Component": "RookCeph",
        "Environment": "Demo",
        "Layer": "App",
        "Owner": "ConfigHubHelm",
        "Variant": "default"
      },
      "OrganizationID": "12c33fa8-00b1-4011-ad3e-19d56458b29c",
      "Permissions": {
        "Manage": {
          "UserIDs": {
            "c5818f81-ae4b-4d17-987f-743f19bdb0ca": true
          }
        },
        "ManageChildren": {
          "UserIDs": {
            "c5818f81-ae4b-4d17-987f-743f19bdb0ca": true
          }
        }
      },
      "Slug": "helm-rook-ceph-default-confighub-proof",
      "SpaceID": "9f6c723f-beaf-43c4-b1d5-34448c9fc3cc",
      "UpdatedAt": "2026-06-12T17:32:19.515543Z",
      "Version": 2,
      "WhereTrigger": "SpaceID = '9f6c723f-beaf-43c4-b1d5-34448c9fc3cc'"
    },
    "Unit": {
      "ApprovedBy": null,
      "CreatedAt": "0001-01-01T00:00:00Z",
      "DataHash": "3b067f3c6c918e224fca2f5ea2f76b9e6e657db3a757e25a95cb98c8fb9bd3a4",
      "EntityType": "Unit",
      "FromLinkID": null,
      "HeadRevisionNum": 2,
      "MutationSources": null,
      "OrganizationID": "12c33fa8-00b1-4011-ad3e-19d56458b29c",
      "Slug": "clusterrole-cephfs-external-provisioner-runner",
      "SpaceID": "9f6c723f-beaf-43c4-b1d5-34448c9fc3cc",
      "ToolchainType": "Kubernetes/YAML",
      "UnitID": "aa1e5d0b-b4ed-457d-873a-6e7c921f4b2f",
      "UpdatedAt": "0001-01-01T00:00:00Z",
      "Version": 7
    },
    "UnitStatus": {
      "Action": "N/A",
      "ActionResult": "None",
      "ActionStartedAt": "0001-01-01T00:00:00Z",
      "ActionTerminatedAt": "0001-01-01T00:00:00Z",
      "Drift": "N/A",
      "Status": "NotLive",
      "SyncStatus": "NotLive"
    }
  },
  {
    "Space": {
      "CreatedAt": "2026-06-12T17:32:19.005919Z",
      "CursorID": 4709,
      "DisplayName": "helm-rook-ceph-default-confighub-proof",
      "EntityType": "Space",
      "Labels": {
        "Component": "RookCeph",
        "Environment": "Demo",
        "Layer": "App",
        "Owner": "ConfigHubHelm",
        "Variant": "default"
      },
      "OrganizationID": "12c33fa8-00b1-4011-ad3e-19d56458b29c",
      "Permissions": {
        "Manage": {
          "UserIDs": {
            "c5818f81-ae4b-4d17-987f-743f19bdb0ca": true
          }
        },
        "ManageChildren": {
          "UserIDs": {
            "c5818f81-ae4b-4d17-987f-743f19bdb0ca": true
          }
        }
      },
      "Slug": "helm-rook-ceph-default-confighub-proof",
      "SpaceID": "9f6c723f-beaf-43c4-b1d5-34448c9fc3cc",
      "UpdatedAt": "2026-06-12T17:32:19.515543Z",
      "Version": 2,
      "WhereTrigger": "SpaceID = '9f6c723f-beaf-43c4-b1d5-34448c9fc3cc'"
    },
    "Unit": {
      "ApprovedBy": null,
      "CreatedAt": "0001-01-01T00:00:00Z",
      "DataHash": "a79c77ec7a32a912b8bf553b200606bca6da7c3afaf7f2e49636e7220d832d26",
      "EntityType": "Unit",
      "FromLinkID": null,
      "HeadRevisionNum": 2,
      "MutationSources": null,
      "OrganizationID": "12c33fa8-00b1-4011-ad3e-19d56458b29c",
      "Slug": "role-default-ceph-csi-rbd-ctrlplugin-r",
      "SpaceID": "9f6c723f-beaf-43c4-b1d5-34448c9fc3cc",
      "ToolchainType": "Kubernetes/YAML",
      "UnitID": "aa9a4feb-256c-4a49-a07e-32c1d6714660",
      "UpdatedAt": "0001-01-01T00:00:00Z",
      "Version": 10
    },
    "UnitStatus": {
      "Action": "N/A",
      "ActionResult": "None",
      "ActionStartedAt": "0001-01-01T00:00:00Z",
      "ActionTerminatedAt": "0001-01-01T00:00:00Z",
      "Drift": "N/A",
      "Status": "NotLive",
      "SyncStatus": "NotLive"
    }
  },
  {
    "Space": {
      "CreatedAt": "2026-06-12T17:32:19.005919Z",
      "CursorID": 4709,
      "DisplayName": "helm-rook-ceph-default-confighub-proof",
      "EntityType": "Space",
      "Labels": {
        "Component": "RookCeph",
        "Environment": "Demo",
        "Layer": "App",
        "Owner": "ConfigHubHelm",
        "Variant": "default"
      },
      "OrganizationID": "12c33fa8-00b1-4011-ad3e-19d56458b29c",
      "Permissions": {
        "Manage": {
          "UserIDs": {
            "c5818f81-ae4b-4d17-987f-743f19bdb0ca": true
          }
        },
        "ManageChildren": {
          "UserIDs": {
            "c5818f81-ae4b-4d17-987f-743f19bdb0ca": true
          }
        }
      },
      "Slug": "helm-rook-ceph-default-confighub-proof",
      "SpaceID": "9f6c723f-beaf-43c4-b1d5-34448c9fc3cc",
      "UpdatedAt": "2026-06-12T17:32:19.515543Z",
      "Version": 2,
      "WhereTrigger": "SpaceID = '9f6c723f-beaf-43c4-b1d5-34448c9fc3cc'"
    },
    "Unit": {
      "ApprovedBy": null,
      "CreatedAt": "0001-01-01T00:00:00Z",
      "DataHash": "e77500825a998f5c3e9940b19d01105e10b8550d02bb6012a2eeae63268ef6ec",
      "EntityType": "Unit",
      "FromLinkID": null,
      "HeadRevisionNum": 2,
      "MutationSources": null,
      "OrganizationID": "12c33fa8-00b1-4011-ad3e-19d56458b29c",
      "Slug": "role-default-ceph-csi-rbd-nodeplugin-r",
      "SpaceID": "9f6c723f-beaf-43c4-b1d5-34448c9fc3cc",
      "ToolchainType": "Kubernetes/YAML",
      "UnitID": "c0507c83-1b08-4c34-aa7c-75941d7f0fb5",
      "UpdatedAt": "0001-01-01T00:00:00Z",
      "Version": 10
    },
    "UnitStatus": {
      "Action": "N/A",
      "ActionResult": "None",
      "ActionStartedAt": "0001-01-01T00:00:00Z",
      "ActionTerminatedAt": "0001-01-01T00:00:00Z",
      "Drift": "N/A",
      "Status": "NotLive",
      "SyncStatus": "NotLive"
    }
  },
  {
    "Space": {
      "CreatedAt": "2026-06-12T17:32:19.005919Z",
      "CursorID": 4709,
      "DisplayName": "helm-rook-ceph-default-confighub-proof",
      "EntityType": "Space",
      "Labels": {
        "Component": "RookCeph",
        "Environment": "Demo",
        "Layer": "App",
        "Owner": "ConfigHubHelm",
        "Variant": "default"
      },
      "OrganizationID": "12c33fa8-00b1-4011-ad3e-19d56458b29c",
      "Permissions": {
        "Manage": {
          "UserIDs": {
            "c5818f81-ae4b-4d17-987f-743f19bdb0ca": true
          }
        },
        "ManageChildren": {
          "UserIDs": {
            "c5818f81-ae4b-4d17-987f-743f19bdb0ca": true
          }
        }
      },
      "Slug": "helm-rook-ceph-default-confighub-proof",
      "SpaceID": "9f6c723f-beaf-43c4-b1d5-34448c9fc3cc",
      "UpdatedAt": "2026-06-12T17:32:19.515543Z",
      "Version": 2,
      "WhereTrigger": "SpaceID = '9f6c723f-beaf-43c4-b1d5-34448c9fc3cc'"
    },
    "Unit": {
      "ApprovedBy": null,
      "CreatedAt": "0001-01-01T00:00:00Z",
      "DataHash": "6059eafd32f23ad09a1f76006b406751df016b8b00d18766c9aa63d270e7d17e",
      "EntityType": "Unit",
      "FromLinkID": null,
      "HeadRevisionNum": 2,
      "MutationSources": null,
      "OrganizationID": "12c33fa8-00b1-4011-ad3e-19d56458b29c",
      "Slug": "role-default-rbd-external-provisioner-cfg",
      "SpaceID": "9f6c723f-beaf-43c4-b1d5-34448c9fc3cc",
      "ToolchainType": "Kubernetes/YAML",
      "UnitID": "9fc8ed0e-4a59-4100-bfa1-e73829f89001",
      "UpdatedAt": "0001-01-01T00:00:00Z",
      "Version": 10
    },
    "UnitStatus": {
      "Action": "N/A",
      "ActionResult": "None",
      "ActionStartedAt": "0001-01-01T00:00:00Z",
      "ActionTerminatedAt": "0001-01-01T00:00:00Z",
      "Drift": "N/A",
      "Status": "NotLive",
      "SyncStatus": "NotLive"
    }
  },
  {
    "Space": {
      "CreatedAt": "2026-06-12T17:32:19.005919Z",
      "CursorID": 4709,
      "DisplayName": "helm-rook-ceph-default-confighub-proof",
      "EntityType": "Space",
      "Labels": {
        "Component": "RookCeph",
        "Environment": "Demo",
        "Layer": "App",
        "Owner": "ConfigHubHelm",
        "Variant": "default"
      },
      "OrganizationID": "12c33fa8-00b1-4011-ad3e-19d56458b29c",
      "Permissions": {
        "Manage": {
          "UserIDs": {
            "c5818f81-ae4b-4d17-987f-743f19bdb0ca": true
          }
        },
        "ManageChildren": {
          "UserIDs": {
            "c5818f81-ae4b-4d17-987f-743f19bdb0ca": true
          }
        }
      },
      "Slug": "helm-rook-ceph-default-confighub-proof",
      "SpaceID": "9f6c723f-beaf-43c4-b1d5-34448c9fc3cc",
      "UpdatedAt": "2026-06-12T17:32:19.515543Z",
      "Version": 2,
      "WhereTrigger": "SpaceID = '9f6c723f-beaf-43c4-b1d5-34448c9fc3cc'"
    },
    "Unit": {
      "ApprovedBy": null,
      "CreatedAt": "0001-01-01T00:00:00Z",
      "DataHash": "08f065ff2e5faa69fecadff4a2596b12b732481b5046ce72e2982200f7aa744c",
      "EntityType": "Unit",
      "FromLinkID": null,
      "HeadRevisionNum": 2,
      "MutationSources": null,
      "OrganizationID": "12c33fa8-00b1-4011-ad3e-19d56458b29c",
      "Slug": "role-default-rook-ceph-cmd-reporter",
      "SpaceID": "9f6c723f-beaf-43c4-b1d5-34448c9fc3cc",
      "ToolchainType": "Kubernetes/YAML",
      "UnitID": "e647222c-42af-4de9-b120-1f39bbd0b81c",
      "UpdatedAt": "0001-01-01T00:00:00Z",
      "Version": 10
    },
    "UnitStatus": {
      "Action": "N/A",
      "ActionResult": "None",
      "ActionStartedAt": "0001-01-01T00:00:00Z",
      "ActionTerminatedAt": "0001-01-01T00:00:00Z",
      "Drift": "N/A",
      "Status": "NotLive",
      "SyncStatus": "NotLive"
    }
  },
  {
    "Space": {
      "CreatedAt": "2026-06-12T17:32:19.005919Z",
      "CursorID": 4709,
      "DisplayName": "helm-rook-ceph-default-confighub-proof",
      "EntityType": "Space",
      "Labels": {
        "Component": "RookCeph",
        "Environment": "Demo",
        "Layer": "App",
        "Owner": "ConfigHubHelm",
        "Variant": "default"
      },
      "OrganizationID": "12c33fa8-00b1-4011-ad3e-19d56458b29c",
      "Permissions": {
        "Manage": {
          "UserIDs": {
            "c5818f81-ae4b-4d17-987f-743f19bdb0ca": true
          }
        },
        "ManageChildren": {
          "UserIDs": {
            "c5818f81-ae4b-4d17-987f-743f19bdb0ca": true
          }
        }
      },
      "Slug": "helm-rook-ceph-default-confighub-proof",
      "SpaceID": "9f6c723f-beaf-43c4-b1d5-34448c9fc3cc",
      "UpdatedAt": "2026-06-12T17:32:19.515543Z",
      "Version": 2,
      "WhereTrigger": "SpaceID = '9f6c723f-beaf-43c4-b1d5-34448c9fc3cc'"
    },
    "Unit": {
      "ApprovedBy": null,
      "CreatedAt": "0001-01-01T00:00:00Z",
      "DataHash": "75976202732db2bdb8c1e9212c8c609d6590afecf493a36084b1a5e883bb2482",
      "EntityType": "Unit",
      "FromLinkID": null,
      "HeadRevisionNum": 2,
      "MutationSources": null,
      "OrganizationID": "12c33fa8-00b1-4011-ad3e-19d56458b29c",
      "Slug": "clusterrole-ceph-csi-rbd-ctrlplugin-cr",
      "SpaceID": "9f6c723f-beaf-43c4-b1d5-34448c9fc3cc",
      "ToolchainType": "Kubernetes/YAML",
      "UnitID": "5af779be-ecea-4c2d-baf5-f731bc42fa42",
      "UpdatedAt": "0001-01-01T00:00:00Z",
      "Version": 7
    },
    "UnitStatus": {
      "Action": "N/A",
      "ActionResult": "None",
      "ActionStartedAt": "0001-01-01T00:00:00Z",
      "ActionTerminatedAt": "0001-01-01T00:00:00Z",
      "Drift": "N/A",
      "Status": "NotLive",
      "SyncStatus": "NotLive"
    }
  },
  {
    "Space": {
      "CreatedAt": "2026-06-12T17:32:19.005919Z",
      "CursorID": 4709,
      "DisplayName": "helm-rook-ceph-default-confighub-proof",
      "EntityType": "Space",
      "Labels": {
        "Component": "RookCeph",
        "Environment": "Demo",
        "Layer": "App",
        "Owner": "ConfigHubHelm",
        "Variant": "default"
      },
      "OrganizationID": "12c33fa8-00b1-4011-ad3e-19d56458b29c",
      "Permissions": {
        "Manage": {
          "UserIDs": {
            "c5818f81-ae4b-4d17-987f-743f19bdb0ca": true
          }
        },
        "ManageChildren": {
          "UserIDs": {
            "c5818f81-ae4b-4d17-987f-743f19bdb0ca": true
          }
        }
      },
      "Slug": "helm-rook-ceph-default-confighub-proof",
      "SpaceID": "9f6c723f-beaf-43c4-b1d5-34448c9fc3cc",
      "UpdatedAt": "2026-06-12T17:32:19.515543Z",
      "Version": 2,
      "WhereTrigger": "SpaceID = '9f6c723f-beaf-43c4-b1d5-34448c9fc3cc'"
    },
    "Unit": {
      "ApprovedBy": null,
      "CreatedAt": "0001-01-01T00:00:00Z",
      "DataHash": "e88139aeacdc826881f271857581e929330468d09b773c906b4e5d3c93a87936",
      "EntityType": "Unit",
      "FromLinkID": null,
      "HeadRevisionNum": 2,
      "MutationSources": null,
      "OrganizationID": "12c33fa8-00b1-4011-ad3e-19d56458b29c",
      "Slug": "clusterrole-cephfs-csi-nodeplugin",
      "SpaceID": "9f6c723f-beaf-43c4-b1d5-34448c9fc3cc",
      "ToolchainType": "Kubernetes/YAML",
      "UnitID": "9aec309b-2286-415d-ab46-5c7ec1103333",
      "UpdatedAt": "0001-01-01T00:00:00Z",
      "Version": 7
    },
    "UnitStatus": {
      "Action": "N/A",
      "ActionResult": "None",
      "ActionStartedAt": "0001-01-01T00:00:00Z",
      "ActionTerminatedAt": "0001-01-01T00:00:00Z",
      "Drift": "N/A",
      "Status": "NotLive",
      "SyncStatus": "NotLive"
    }
  },
  {
    "Space": {
      "CreatedAt": "2026-06-12T17:32:19.005919Z",
      "CursorID": 4709,
      "DisplayName": "helm-rook-ceph-default-confighub-proof",
      "EntityType": "Space",
      "Labels": {
        "Component": "RookCeph",
        "Environment": "Demo",
        "Layer": "App",
        "Owner": "ConfigHubHelm",
        "Variant": "default"
      },
      "OrganizationID": "12c33fa8-00b1-4011-ad3e-19d56458b29c",
      "Permissions": {
        "Manage": {
          "UserIDs": {
            "c5818f81-ae4b-4d17-987f-743f19bdb0ca": true
          }
        },
        "ManageChildren": {
          "UserIDs": {
            "c5818f81-ae4b-4d17-987f-743f19bdb0ca": true
          }
        }
      },
      "Slug": "helm-rook-ceph-default-confighub-proof",
      "SpaceID": "9f6c723f-beaf-43c4-b1d5-34448c9fc3cc",
      "UpdatedAt": "2026-06-12T17:32:19.515543Z",
      "Version": 2,
      "WhereTrigger": "SpaceID = '9f6c723f-beaf-43c4-b1d5-34448c9fc3cc'"
    },
    "Unit": {
      "ApprovedBy": null,
      "CreatedAt": "0001-01-01T00:00:00Z",
      "DataHash": "721d62c9601aeb5bea6a2136581a6069e9c5185ef29c2cb6f13effdbbdb9dab1",
      "EntityType": "Unit",
      "FromLinkID": null,
      "HeadRevisionNum": 2,
      "MutationSources": null,
      "OrganizationID": "12c33fa8-00b1-4011-ad3e-19d56458b29c",
      "Slug": "clusterrole-rbd-csi-nodeplugin",
      "SpaceID": "9f6c723f-beaf-43c4-b1d5-34448c9fc3cc",
      "ToolchainType": "Kubernetes/YAML",
      "UnitID": "62976fac-cc57-4892-bf85-7d135c73e16f",
      "UpdatedAt": "0001-01-01T00:00:00Z",
      "Version": 7
    },
    "UnitStatus": {
      "Action": "N/A",
      "ActionResult": "None",
      "ActionStartedAt": "0001-01-01T00:00:00Z",
      "ActionTerminatedAt": "0001-01-01T00:00:00Z",
      "Drift": "N/A",
      "Status": "NotLive",
      "SyncStatus": "NotLive"
    }
  },
  {
    "Space": {
      "CreatedAt": "2026-06-12T17:32:19.005919Z",
      "CursorID": 4709,
      "DisplayName": "helm-rook-ceph-default-confighub-proof",
      "EntityType": "Space",
      "Labels": {
        "Component": "RookCeph",
        "Environment": "Demo",
        "Layer": "App",
        "Owner": "ConfigHubHelm",
        "Variant": "default"
      },
      "OrganizationID": "12c33fa8-00b1-4011-ad3e-19d56458b29c",
      "Permissions": {
        "Manage": {
          "UserIDs": {
            "c5818f81-ae4b-4d17-987f-743f19bdb0ca": true
          }
        },
        "ManageChildren": {
          "UserIDs": {
            "c5818f81-ae4b-4d17-987f-743f19bdb0ca": true
          }
        }
      },
      "Slug": "helm-rook-ceph-default-confighub-proof",
      "SpaceID": "9f6c723f-beaf-43c4-b1d5-34448c9fc3cc",
      "UpdatedAt": "2026-06-12T17:32:19.515543Z",
      "Version": 2,
      "WhereTrigger": "SpaceID = '9f6c723f-beaf-43c4-b1d5-34448c9fc3cc'"
    },
    "Unit": {
      "ApprovedBy": null,
      "CreatedAt": "0001-01-01T00:00:00Z",
      "DataHash": "0f58dab8120a23fc33449bd333748041b5d280d1a099866216bc6cb051df52f4",
      "EntityType": "Unit",
      "FromLinkID": null,
      "HeadRevisionNum": 2,
      "MutationSources": null,
      "OrganizationID": "12c33fa8-00b1-4011-ad3e-19d56458b29c",
      "Slug": "role-default-rook-ceph-osd",
      "SpaceID": "9f6c723f-beaf-43c4-b1d5-34448c9fc3cc",
      "ToolchainType": "Kubernetes/YAML",
      "UnitID": "72b3ff9e-79bd-4f69-8bc6-a06670fe84e2",
      "UpdatedAt": "0001-01-01T00:00:00Z",
      "Version": 10
    },
    "UnitStatus": {
      "Action": "N/A",
      "ActionResult": "None",
      "ActionStartedAt": "0001-01-01T00:00:00Z",
      "ActionTerminatedAt": "0001-01-01T00:00:00Z",
      "Drift": "N/A",
      "Status": "NotLive",
      "SyncStatus": "NotLive"
    }
  },
  {
    "Space": {
      "CreatedAt": "2026-06-12T17:32:19.005919Z",
      "CursorID": 4709,
      "DisplayName": "helm-rook-ceph-default-confighub-proof",
      "EntityType": "Space",
      "Labels": {
        "Component": "RookCeph",
        "Environment": "Demo",
        "Layer": "App",
        "Owner": "ConfigHubHelm",
        "Variant": "default"
      },
      "OrganizationID": "12c33fa8-00b1-4011-ad3e-19d56458b29c",
      "Permissions": {
        "Manage": {
          "UserIDs": {
            "c5818f81-ae4b-4d17-987f-743f19bdb0ca": true
          }
        },
        "ManageChildren": {
          "UserIDs": {
            "c5818f81-ae4b-4d17-987f-743f19bdb0ca": true
          }
        }
      },
      "Slug": "helm-rook-ceph-default-confighub-proof",
      "SpaceID": "9f6c723f-beaf-43c4-b1d5-34448c9fc3cc",
      "UpdatedAt": "2026-06-12T17:32:19.515543Z",
      "Version": 2,
      "WhereTrigger": "SpaceID = '9f6c723f-beaf-43c4-b1d5-34448c9fc3cc'"
    },
    "Unit": {
      "ApprovedBy": null,
      "CreatedAt": "0001-01-01T00:00:00Z",
      "DataHash": "e63afe851f311c8abe5471fccbdd7a7ce522e059f798396e94b82f3a54af40cc",
      "EntityType": "Unit",
      "FromLinkID": null,
      "HeadRevisionNum": 2,
      "MutationSources": null,
      "OrganizationID": "12c33fa8-00b1-4011-ad3e-19d56458b29c",
      "Slug": "clusterrolebinding-objectstorage-provisioner-role-binding",
      "SpaceID": "9f6c723f-beaf-43c4-b1d5-34448c9fc3cc",
      "ToolchainType": "Kubernetes/YAML",
      "UnitID": "f120494f-4c01-462c-adde-f128c7b8dfde",
      "UpdatedAt": "0001-01-01T00:00:00Z",
      "Version": 15
    },
    "UnitStatus": {
      "Action": "N/A",
      "ActionResult": "None",
      "ActionStartedAt": "0001-01-01T00:00:00Z",
      "ActionTerminatedAt": "0001-01-01T00:00:00Z",
      "Drift": "N/A",
      "Status": "NotLive",
      "SyncStatus": "NotLive"
    }
  },
  {
    "Space": {
      "CreatedAt": "2026-06-12T17:32:19.005919Z",
      "CursorID": 4709,
      "DisplayName": "helm-rook-ceph-default-confighub-proof",
      "EntityType": "Space",
      "Labels": {
        "Component": "RookCeph",
        "Environment": "Demo",
        "Layer": "App",
        "Owner": "ConfigHubHelm",
        "Variant": "default"
      },
      "OrganizationID": "12c33fa8-00b1-4011-ad3e-19d56458b29c",
      "Permissions": {
        "Manage": {
          "UserIDs": {
            "c5818f81-ae4b-4d17-987f-743f19bdb0ca": true
          }
        },
        "ManageChildren": {
          "UserIDs": {
            "c5818f81-ae4b-4d17-987f-743f19bdb0ca": true
          }
        }
      },
      "Slug": "helm-rook-ceph-default-confighub-proof",
      "SpaceID": "9f6c723f-beaf-43c4-b1d5-34448c9fc3cc",
      "UpdatedAt": "2026-06-12T17:32:19.515543Z",
      "Version": 2,
      "WhereTrigger": "SpaceID = '9f6c723f-beaf-43c4-b1d5-34448c9fc3cc'"
    },
    "Unit": {
      "ApprovedBy": null,
      "CreatedAt": "0001-01-01T00:00:00Z",
      "DataHash": "c168a136ec68478f88f5132869bca7f2be1f3ecc71a1f03c0f41b7c3f4de09a6",
      "EntityType": "Unit",
      "FromLinkID": null,
      "HeadRevisionNum": 2,
      "MutationSources": null,
      "OrganizationID": "12c33fa8-00b1-4011-ad3e-19d56458b29c",
      "Slug": "role-default-rook-ceph-system",
      "SpaceID": "9f6c723f-beaf-43c4-b1d5-34448c9fc3cc",
      "ToolchainType": "Kubernetes/YAML",
      "UnitID": "39681cc7-4615-49b3-876b-05e56ad8958d",
      "UpdatedAt": "0001-01-01T00:00:00Z",
      "Version": 10
    },
    "UnitStatus": {
      "Action": "N/A",
      "ActionResult": "None",
      "ActionStartedAt": "0001-01-01T00:00:00Z",
      "ActionTerminatedAt": "0001-01-01T00:00:00Z",
      "Drift": "N/A",
      "Status": "NotLive",
      "SyncStatus": "NotLive"
    }
  },
  {
    "Space": {
      "CreatedAt": "2026-06-12T17:32:19.005919Z",
      "CursorID": 4709,
      "DisplayName": "helm-rook-ceph-default-confighub-proof",
      "EntityType": "Space",
      "Labels": {
        "Component": "RookCeph",
        "Environment": "Demo",
        "Layer": "App",
        "Owner": "ConfigHubHelm",
        "Variant": "default"
      },
      "OrganizationID": "12c33fa8-00b1-4011-ad3e-19d56458b29c",
      "Permissions": {
        "Manage": {
          "UserIDs": {
            "c5818f81-ae4b-4d17-987f-743f19bdb0ca": true
          }
        },
        "ManageChildren": {
          "UserIDs": {
            "c5818f81-ae4b-4d17-987f-743f19bdb0ca": true
          }
        }
      },
      "Slug": "helm-rook-ceph-default-confighub-proof",
      "SpaceID": "9f6c723f-beaf-43c4-b1d5-34448c9fc3cc",
      "UpdatedAt": "2026-06-12T17:32:19.515543Z",
      "Version": 2,
      "WhereTrigger": "SpaceID = '9f6c723f-beaf-43c4-b1d5-34448c9fc3cc'"
    },
    "Unit": {
      "ApprovedBy": null,
      "CreatedAt": "0001-01-01T00:00:00Z",
      "DataHash": "11f1e49cb270c8c0a0219487cf4af87c6c83bda560a69b6b9663a9afc66373ef",
      "EntityType": "Unit",
      "FromLinkID": null,
      "HeadRevisionNum": 2,
      "MutationSources": null,
      "OrganizationID": "12c33fa8-00b1-4011-ad3e-19d56458b29c",
      "Slug": "clusterrole-rbd-external-provisioner-runner",
      "SpaceID": "9f6c723f-beaf-43c4-b1d5-34448c9fc3cc",
      "ToolchainType": "Kubernetes/YAML",
      "UnitID": "1364b2e0-6aa8-4abb-8e05-186a88a6f4ce",
      "UpdatedAt": "0001-01-01T00:00:00Z",
      "Version": 7
    },
    "UnitStatus": {
      "Action": "N/A",
      "ActionResult": "None",
      "ActionStartedAt": "0001-01-01T00:00:00Z",
      "ActionTerminatedAt": "0001-01-01T00:00:00Z",
      "Drift": "N/A",
      "Status": "NotLive",
      "SyncStatus": "NotLive"
    }
  },
  {
    "Space": {
      "CreatedAt": "2026-06-12T17:32:19.005919Z",
      "CursorID": 4709,
      "DisplayName": "helm-rook-ceph-default-confighub-proof",
      "EntityType": "Space",
      "Labels": {
        "Component": "RookCeph",
        "Environment": "Demo",
        "Layer": "App",
        "Owner": "ConfigHubHelm",
        "Variant": "default"
      },
      "OrganizationID": "12c33fa8-00b1-4011-ad3e-19d56458b29c",
      "Permissions": {
        "Manage": {
          "UserIDs": {
            "c5818f81-ae4b-4d17-987f-743f19bdb0ca": true
          }
        },
        "ManageChildren": {
          "UserIDs": {
            "c5818f81-ae4b-4d17-987f-743f19bdb0ca": true
          }
        }
      },
      "Slug": "helm-rook-ceph-default-confighub-proof",
      "SpaceID": "9f6c723f-beaf-43c4-b1d5-34448c9fc3cc",
      "UpdatedAt": "2026-06-12T17:32:19.515543Z",
      "Version": 2,
      "WhereTrigger": "SpaceID = '9f6c723f-beaf-43c4-b1d5-34448c9fc3cc'"
    },
    "Unit": {
      "ApprovedBy": null,
      "CreatedAt": "0001-01-01T00:00:00Z",
      "DataHash": "69a8605c0966f417d4a077d9872e366c3f220911250eb73ecc89e8c15d124606",
      "EntityType": "Unit",
      "FromLinkID": null,
      "HeadRevisionNum": 2,
      "MutationSources": null,
      "OrganizationID": "12c33fa8-00b1-4011-ad3e-19d56458b29c",
      "Slug": "clusterrole-rook-ceph-cluster-mgmt",
      "SpaceID": "9f6c723f-beaf-43c4-b1d5-34448c9fc3cc",
      "ToolchainType": "Kubernetes/YAML",
      "UnitID": "90a06981-5bf4-433b-8767-1ce009789a11",
      "UpdatedAt": "0001-01-01T00:00:00Z",
      "Version": 7
    },
    "UnitStatus": {
      "Action": "N/A",
      "ActionResult": "None",
      "ActionStartedAt": "0001-01-01T00:00:00Z",
      "ActionTerminatedAt": "0001-01-01T00:00:00Z",
      "Drift": "N/A",
      "Status": "NotLive",
      "SyncStatus": "NotLive"
    }
  },
  {
    "Space": {
      "CreatedAt": "2026-06-12T17:32:19.005919Z",
      "CursorID": 4709,
      "DisplayName": "helm-rook-ceph-default-confighub-proof",
      "EntityType": "Space",
      "Labels": {
        "Component": "RookCeph",
        "Environment": "Demo",
        "Layer": "App",
        "Owner": "ConfigHubHelm",
        "Variant": "default"
      },
      "OrganizationID": "12c33fa8-00b1-4011-ad3e-19d56458b29c",
      "Permissions": {
        "Manage": {
          "UserIDs": {
            "c5818f81-ae4b-4d17-987f-743f19bdb0ca": true
          }
        },
        "ManageChildren": {
          "UserIDs": {
            "c5818f81-ae4b-4d17-987f-743f19bdb0ca": true
          }
        }
      },
      "Slug": "helm-rook-ceph-default-confighub-proof",
      "SpaceID": "9f6c723f-beaf-43c4-b1d5-34448c9fc3cc",
      "UpdatedAt": "2026-06-12T17:32:19.515543Z",
      "Version": 2,
      "WhereTrigger": "SpaceID = '9f6c723f-beaf-43c4-b1d5-34448c9fc3cc'"
    },
    "Unit": {
      "ApprovedBy": null,
      "CreatedAt": "0001-01-01T00:00:00Z",
      "DataHash": "3d7514878523bb3b563b200797a49c008fd2a462757a619f157e1c0a210cd641",
      "EntityType": "Unit",
      "FromLinkID": null,
      "HeadRevisionNum": 1,
      "MutationSources": null,
      "OrganizationID": "12c33fa8-00b1-4011-ad3e-19d56458b29c",
      "Slug": "configmap-default-rook-ceph-operator-config",
      "SpaceID": "9f6c723f-beaf-43c4-b1d5-34448c9fc3cc",
      "ToolchainType": "Kubernetes/YAML",
      "UnitID": "560c338c-479f-4594-bf40-eb735f00039d",
      "UpdatedAt": "0001-01-01T00:00:00Z",
      "Version": 6
    },
    "UnitStatus": {
      "Action": "N/A",
      "ActionResult": "None",
      "ActionStartedAt": "0001-01-01T00:00:00Z",
      "ActionTerminatedAt": "0001-01-01T00:00:00Z",
      "Drift": "N/A",
      "Status": "NotLive",
      "SyncStatus": "NotLive"
    }
  },
  {
    "Space": {
      "CreatedAt": "2026-06-12T17:32:19.005919Z",
      "CursorID": 4709,
      "DisplayName": "helm-rook-ceph-default-confighub-proof",
      "EntityType": "Space",
      "Labels": {
        "Component": "RookCeph",
        "Environment": "Demo",
        "Layer": "App",
        "Owner": "ConfigHubHelm",
        "Variant": "default"
      },
      "OrganizationID": "12c33fa8-00b1-4011-ad3e-19d56458b29c",
      "Permissions": {
        "Manage": {
          "UserIDs": {
            "c5818f81-ae4b-4d17-987f-743f19bdb0ca": true
          }
        },
        "ManageChildren": {
          "UserIDs": {
            "c5818f81-ae4b-4d17-987f-743f19bdb0ca": true
          }
        }
      },
      "Slug": "helm-rook-ceph-default-confighub-proof",
      "SpaceID": "9f6c723f-beaf-43c4-b1d5-34448c9fc3cc",
      "UpdatedAt": "2026-06-12T17:32:19.515543Z",
      "Version": 2,
      "WhereTrigger": "SpaceID = '9f6c723f-beaf-43c4-b1d5-34448c9fc3cc'"
    },
    "Unit": {
      "ApprovedBy": null,
      "CreatedAt": "0001-01-01T00:00:00Z",
      "DataHash": "e1421586963f7273ce45a3ec9bd0ad406b0372eec9675bb24b5724a8c7ce3a8e",
      "EntityType": "Unit",
      "FromLinkID": null,
      "HeadRevisionNum": 2,
      "MutationSources": null,
      "OrganizationID": "12c33fa8-00b1-4011-ad3e-19d56458b29c",
      "Slug": "customresourcedefinition-cephblockpoolradosnamespaces-ceph-rook-io",
      "SpaceID": "9f6c723f-beaf-43c4-b1d5-34448c9fc3cc",
      "ToolchainType": "Kubernetes/YAML",
      "UnitID": "c6559497-8e37-453d-8007-75e711da7269",
      "UpdatedAt": "0001-01-01T00:00:00Z",
      "Version": 6
    },
    "UnitStatus": {
      "Action": "N/A",
      "ActionResult": "None",
      "ActionStartedAt": "0001-01-01T00:00:00Z",
      "ActionTerminatedAt": "0001-01-01T00:00:00Z",
      "Drift": "N/A",
      "Status": "NotLive",
      "SyncStatus": "NotLive"
    }
  },
  {
    "Space": {
      "CreatedAt": "2026-06-12T17:32:19.005919Z",
      "CursorID": 4709,
      "DisplayName": "helm-rook-ceph-default-confighub-proof",
      "EntityType": "Space",
      "Labels": {
        "Component": "RookCeph",
        "Environment": "Demo",
        "Layer": "App",
        "Owner": "ConfigHubHelm",
        "Variant": "default"
      },
      "OrganizationID": "12c33fa8-00b1-4011-ad3e-19d56458b29c",
      "Permissions": {
        "Manage": {
          "UserIDs": {
            "c5818f81-ae4b-4d17-987f-743f19bdb0ca": true
          }
        },
        "ManageChildren": {
          "UserIDs": {
            "c5818f81-ae4b-4d17-987f-743f19bdb0ca": true
          }
        }
      },
      "Slug": "helm-rook-ceph-default-confighub-proof",
      "SpaceID": "9f6c723f-beaf-43c4-b1d5-34448c9fc3cc",
      "UpdatedAt": "2026-06-12T17:32:19.515543Z",
      "Version": 2,
      "WhereTrigger": "SpaceID = '9f6c723f-beaf-43c4-b1d5-34448c9fc3cc'"
    },
    "Unit": {
      "ApprovedBy": null,
      "CreatedAt": "0001-01-01T00:00:00Z",
      "DataHash": "22aab18f24b1ecbb27c8316e1ee3fda139dd66a436f7df38533e958981a1c087",
      "EntityType": "Unit",
      "FromLinkID": null,
      "HeadRevisionNum": 2,
      "MutationSources": null,
      "OrganizationID": "12c33fa8-00b1-4011-ad3e-19d56458b29c",
      "Slug": "customresourcedefinition-cephblockpools-ceph-rook-io",
      "SpaceID": "9f6c723f-beaf-43c4-b1d5-34448c9fc3cc",
      "ToolchainType": "Kubernetes/YAML",
      "UnitID": "6635203a-e667-4da3-9497-09158c13669b",
      "UpdatedAt": "0001-01-01T00:00:00Z",
      "Version": 6
    },
    "UnitStatus": {
      "Action": "N/A",
      "ActionResult": "None",
      "ActionStartedAt": "0001-01-01T00:00:00Z",
      "ActionTerminatedAt": "0001-01-01T00:00:00Z",
      "Drift": "N/A",
      "Status": "NotLive",
      "SyncStatus": "NotLive"
    }
  },
  {
    "Space": {
      "CreatedAt": "2026-06-12T17:32:19.005919Z",
      "CursorID": 4709,
      "DisplayName": "helm-rook-ceph-default-confighub-proof",
      "EntityType": "Space",
      "Labels": {
        "Component": "RookCeph",
        "Environment": "Demo",
        "Layer": "App",
        "Owner": "ConfigHubHelm",
        "Variant": "default"
      },
      "OrganizationID": "12c33fa8-00b1-4011-ad3e-19d56458b29c",
      "Permissions": {
        "Manage": {
          "UserIDs": {
            "c5818f81-ae4b-4d17-987f-743f19bdb0ca": true
          }
        },
        "ManageChildren": {
          "UserIDs": {
            "c5818f81-ae4b-4d17-987f-743f19bdb0ca": true
          }
        }
      },
      "Slug": "helm-rook-ceph-default-confighub-proof",
      "SpaceID": "9f6c723f-beaf-43c4-b1d5-34448c9fc3cc",
      "UpdatedAt": "2026-06-12T17:32:19.515543Z",
      "Version": 2,
      "WhereTrigger": "SpaceID = '9f6c723f-beaf-43c4-b1d5-34448c9fc3cc'"
    },
    "Unit": {
      "ApprovedBy": null,
      "CreatedAt": "0001-01-01T00:00:00Z",
      "DataHash": "b67f8689712e32139fcbf6bc3c2f70f933634a57f73f418e25690c9b19749922",
      "EntityType": "Unit",
      "FromLinkID": null,
      "HeadRevisionNum": 2,
      "MutationSources": null,
      "OrganizationID": "12c33fa8-00b1-4011-ad3e-19d56458b29c",
      "Slug": "customresourcedefinition-cephbucketnotifications-ceph-rook-io",
      "SpaceID": "9f6c723f-beaf-43c4-b1d5-34448c9fc3cc",
      "ToolchainType": "Kubernetes/YAML",
      "UnitID": "df79944b-f894-4cea-9a26-033d447e8c1a",
      "UpdatedAt": "0001-01-01T00:00:00Z",
      "Version": 6
    },
    "UnitStatus": {
      "Action": "N/A",
      "ActionResult": "None",
      "ActionStartedAt": "0001-01-01T00:00:00Z",
      "ActionTerminatedAt": "0001-01-01T00:00:00Z",
      "Drift": "N/A",
      "Status": "NotLive",
      "SyncStatus": "NotLive"
    }
  },
  {
    "Space": {
      "CreatedAt": "2026-06-12T17:32:19.005919Z",
      "CursorID": 4709,
      "DisplayName": "helm-rook-ceph-default-confighub-proof",
      "EntityType": "Space",
      "Labels": {
        "Component": "RookCeph",
        "Environment": "Demo",
        "Layer": "App",
        "Owner": "ConfigHubHelm",
        "Variant": "default"
      },
      "OrganizationID": "12c33fa8-00b1-4011-ad3e-19d56458b29c",
      "Permissions": {
        "Manage": {
          "UserIDs": {
            "c5818f81-ae4b-4d17-987f-743f19bdb0ca": true
          }
        },
        "ManageChildren": {
          "UserIDs": {
            "c5818f81-ae4b-4d17-987f-743f19bdb0ca": true
          }
        }
      },
      "Slug": "helm-rook-ceph-default-confighub-proof",
      "SpaceID": "9f6c723f-beaf-43c4-b1d5-34448c9fc3cc",
      "UpdatedAt": "2026-06-12T17:32:19.515543Z",
      "Version": 2,
      "WhereTrigger": "SpaceID = '9f6c723f-beaf-43c4-b1d5-34448c9fc3cc'"
    },
    "Unit": {
      "ApprovedBy": null,
      "CreatedAt": "0001-01-01T00:00:00Z",
      "DataHash": "7d9038c2ce622956004e2d1224a08dbb9e20c0269d6c4d9c6737e2b53d1e1fcd",
      "EntityType": "Unit",
      "FromLinkID": null,
      "HeadRevisionNum": 2,
      "MutationSources": null,
      "OrganizationID": "12c33fa8-00b1-4011-ad3e-19d56458b29c",
      "Slug": "clusterrole-rook-ceph-mgr-cluster",
      "SpaceID": "9f6c723f-beaf-43c4-b1d5-34448c9fc3cc",
      "ToolchainType": "Kubernetes/YAML",
      "UnitID": "9971dba4-4085-4e79-bfe5-85683f6a0edd",
      "UpdatedAt": "0001-01-01T00:00:00Z",
      "Version": 7
    },
    "UnitStatus": {
      "Action": "N/A",
      "ActionResult": "None",
      "ActionStartedAt": "0001-01-01T00:00:00Z",
      "ActionTerminatedAt": "0001-01-01T00:00:00Z",
      "Drift": "N/A",
      "Status": "NotLive",
      "SyncStatus": "NotLive"
    }
  },
  {
    "Space": {
      "CreatedAt": "2026-06-12T17:32:19.005919Z",
      "CursorID": 4709,
      "DisplayName": "helm-rook-ceph-default-confighub-proof",
      "EntityType": "Space",
      "Labels": {
        "Component": "RookCeph",
        "Environment": "Demo",
        "Layer": "App",
        "Owner": "ConfigHubHelm",
        "Variant": "default"
      },
      "OrganizationID": "12c33fa8-00b1-4011-ad3e-19d56458b29c",
      "Permissions": {
        "Manage": {
          "UserIDs": {
            "c5818f81-ae4b-4d17-987f-743f19bdb0ca": true
          }
        },
        "ManageChildren": {
          "UserIDs": {
            "c5818f81-ae4b-4d17-987f-743f19bdb0ca": true
          }
        }
      },
      "Slug": "helm-rook-ceph-default-confighub-proof",
      "SpaceID": "9f6c723f-beaf-43c4-b1d5-34448c9fc3cc",
      "UpdatedAt": "2026-06-12T17:32:19.515543Z",
      "Version": 2,
      "WhereTrigger": "SpaceID = '9f6c723f-beaf-43c4-b1d5-34448c9fc3cc'"
    },
    "Unit": {
      "ApprovedBy": null,
      "CreatedAt": "0001-01-01T00:00:00Z",
      "DataHash": "114e0e3acc85b4a05770ca5049d9bef63129221141ffd8bd125a6c727af895ad",
      "EntityType": "Unit",
      "FromLinkID": null,
      "HeadRevisionNum": 2,
      "MutationSources": null,
      "OrganizationID": "12c33fa8-00b1-4011-ad3e-19d56458b29c",
      "Slug": "customresourcedefinition-cephbuckettopics-ceph-rook-io",
      "SpaceID": "9f6c723f-beaf-43c4-b1d5-34448c9fc3cc",
      "ToolchainType": "Kubernetes/YAML",
      "UnitID": "24f0f66c-ca9c-494c-ade7-365c72f0be53",
      "UpdatedAt": "0001-01-01T00:00:00Z",
      "Version": 6
    },
    "UnitStatus": {
      "Action": "N/A",
      "ActionResult": "None",
      "ActionStartedAt": "0001-01-01T00:00:00Z",
      "ActionTerminatedAt": "0001-01-01T00:00:00Z",
      "Drift": "N/A",
      "Status": "NotLive",
      "SyncStatus": "NotLive"
    }
  },
  {
    "Space": {
      "CreatedAt": "2026-06-12T17:32:19.005919Z",
      "CursorID": 4709,
      "DisplayName": "helm-rook-ceph-default-confighub-proof",
      "EntityType": "Space",
      "Labels": {
        "Component": "RookCeph",
        "Environment": "Demo",
        "Layer": "App",
        "Owner": "ConfigHubHelm",
        "Variant": "default"
      },
      "OrganizationID": "12c33fa8-00b1-4011-ad3e-19d56458b29c",
      "Permissions": {
        "Manage": {
          "UserIDs": {
            "c5818f81-ae4b-4d17-987f-743f19bdb0ca": true
          }
        },
        "ManageChildren": {
          "UserIDs": {
            "c5818f81-ae4b-4d17-987f-743f19bdb0ca": true
          }
        }
      },
      "Slug": "helm-rook-ceph-default-confighub-proof",
      "SpaceID": "9f6c723f-beaf-43c4-b1d5-34448c9fc3cc",
      "UpdatedAt": "2026-06-12T17:32:19.515543Z",
      "Version": 2,
      "WhereTrigger": "SpaceID = '9f6c723f-beaf-43c4-b1d5-34448c9fc3cc'"
    },
    "Unit": {
      "ApprovedBy": null,
      "CreatedAt": "0001-01-01T00:00:00Z",
      "DataHash": "e7ccfb2672c72a9c290ef4eb8d5b77f5b3ee913bafaee14e0d0d95c9d8fcecea",
      "EntityType": "Unit",
      "FromLinkID": null,
      "HeadRevisionNum": 2,
      "MutationSources": null,
      "OrganizationID": "12c33fa8-00b1-4011-ad3e-19d56458b29c",
      "Slug": "customresourcedefinition-cephclients-ceph-rook-io",
      "SpaceID": "9f6c723f-beaf-43c4-b1d5-34448c9fc3cc",
      "ToolchainType": "Kubernetes/YAML",
      "UnitID": "746ca014-54af-4f09-8bb4-d7b886f6a662",
      "UpdatedAt": "0001-01-01T00:00:00Z",
      "Version": 6
    },
    "UnitStatus": {
      "Action": "N/A",
      "ActionResult": "None",
      "ActionStartedAt": "0001-01-01T00:00:00Z",
      "ActionTerminatedAt": "0001-01-01T00:00:00Z",
      "Drift": "N/A",
      "Status": "NotLive",
      "SyncStatus": "NotLive"
    }
  },
  {
    "Space": {
      "CreatedAt": "2026-06-12T17:32:19.005919Z",
      "CursorID": 4709,
      "DisplayName": "helm-rook-ceph-default-confighub-proof",
      "EntityType": "Space",
      "Labels": {
        "Component": "RookCeph",
        "Environment": "Demo",
        "Layer": "App",
        "Owner": "ConfigHubHelm",
        "Variant": "default"
      },
      "OrganizationID": "12c33fa8-00b1-4011-ad3e-19d56458b29c",
      "Permissions": {
        "Manage": {
          "UserIDs": {
            "c5818f81-ae4b-4d17-987f-743f19bdb0ca": true
          }
        },
        "ManageChildren": {
          "UserIDs": {
            "c5818f81-ae4b-4d17-987f-743f19bdb0ca": true
          }
        }
      },
      "Slug": "helm-rook-ceph-default-confighub-proof",
      "SpaceID": "9f6c723f-beaf-43c4-b1d5-34448c9fc3cc",
      "UpdatedAt": "2026-06-12T17:32:19.515543Z",
      "Version": 2,
      "WhereTrigger": "SpaceID = '9f6c723f-beaf-43c4-b1d5-34448c9fc3cc'"
    },
    "Unit": {
      "ApprovedBy": null,
      "CreatedAt": "0001-01-01T00:00:00Z",
      "DataHash": "9af029157f9d49421f4410aa9ef70421e652dbadb19db89f0fd08151fc3a94b6",
      "EntityType": "Unit",
      "FromLinkID": null,
      "HeadRevisionNum": 2,
      "MutationSources": null,
      "OrganizationID": "12c33fa8-00b1-4011-ad3e-19d56458b29c",
      "Slug": "clusterrole-rook-ceph-osd",
      "SpaceID": "9f6c723f-beaf-43c4-b1d5-34448c9fc3cc",
      "ToolchainType": "Kubernetes/YAML",
      "UnitID": "7354beb8-8c4f-4320-855b-d4ad592f160c",
      "UpdatedAt": "0001-01-01T00:00:00Z",
      "Version": 7
    },
    "UnitStatus": {
      "Action": "N/A",
      "ActionResult": "None",
      "ActionStartedAt": "0001-01-01T00:00:00Z",
      "ActionTerminatedAt": "0001-01-01T00:00:00Z",
      "Drift": "N/A",
      "Status": "NotLive",
      "SyncStatus": "NotLive"
    }
  },
  {
    "Space": {
      "CreatedAt": "2026-06-12T17:32:19.005919Z",
      "CursorID": 4709,
      "DisplayName": "helm-rook-ceph-default-confighub-proof",
      "EntityType": "Space",
      "Labels": {
        "Component": "RookCeph",
        "Environment": "Demo",
        "Layer": "App",
        "Owner": "ConfigHubHelm",
        "Variant": "default"
      },
      "OrganizationID": "12c33fa8-00b1-4011-ad3e-19d56458b29c",
      "Permissions": {
        "Manage": {
          "UserIDs": {
            "c5818f81-ae4b-4d17-987f-743f19bdb0ca": true
          }
        },
        "ManageChildren": {
          "UserIDs": {
            "c5818f81-ae4b-4d17-987f-743f19bdb0ca": true
          }
        }
      },
      "Slug": "helm-rook-ceph-default-confighub-proof",
      "SpaceID": "9f6c723f-beaf-43c4-b1d5-34448c9fc3cc",
      "UpdatedAt": "2026-06-12T17:32:19.515543Z",
      "Version": 2,
      "WhereTrigger": "SpaceID = '9f6c723f-beaf-43c4-b1d5-34448c9fc3cc'"
    },
    "Unit": {
      "ApprovedBy": null,
      "CreatedAt": "0001-01-01T00:00:00Z",
      "DataHash": "fa038f49d096a7ff5c77de504b5ac7af85e2d53f3b19c09ccffbffebe9407965",
      "EntityType": "Unit",
      "FromLinkID": null,
      "HeadRevisionNum": 2,
      "MutationSources": null,
      "OrganizationID": "12c33fa8-00b1-4011-ad3e-19d56458b29c",
      "Slug": "customresourcedefinition-cephclusters-ceph-rook-io",
      "SpaceID": "9f6c723f-beaf-43c4-b1d5-34448c9fc3cc",
      "ToolchainType": "Kubernetes/YAML",
      "UnitID": "62f349fe-0acc-46ff-b228-96ae4a35b4da",
      "UpdatedAt": "0001-01-01T00:00:00Z",
      "Version": 6
    },
    "UnitStatus": {
      "Action": "N/A",
      "ActionResult": "None",
      "ActionStartedAt": "0001-01-01T00:00:00Z",
      "ActionTerminatedAt": "0001-01-01T00:00:00Z",
      "Drift": "N/A",
      "Status": "NotLive",
      "SyncStatus": "NotLive"
    }
  },
  {
    "Space": {
      "CreatedAt": "2026-06-12T17:32:19.005919Z",
      "CursorID": 4709,
      "DisplayName": "helm-rook-ceph-default-confighub-proof",
      "EntityType": "Space",
      "Labels": {
        "Component": "RookCeph",
        "Environment": "Demo",
        "Layer": "App",
        "Owner": "ConfigHubHelm",
        "Variant": "default"
      },
      "OrganizationID": "12c33fa8-00b1-4011-ad3e-19d56458b29c",
      "Permissions": {
        "Manage": {
          "UserIDs": {
            "c5818f81-ae4b-4d17-987f-743f19bdb0ca": true
          }
        },
        "ManageChildren": {
          "UserIDs": {
            "c5818f81-ae4b-4d17-987f-743f19bdb0ca": true
          }
        }
      },
      "Slug": "helm-rook-ceph-default-confighub-proof",
      "SpaceID": "9f6c723f-beaf-43c4-b1d5-34448c9fc3cc",
      "UpdatedAt": "2026-06-12T17:32:19.515543Z",
      "Version": 2,
      "WhereTrigger": "SpaceID = '9f6c723f-beaf-43c4-b1d5-34448c9fc3cc'"
    },
    "Unit": {
      "ApprovedBy": null,
      "CreatedAt": "0001-01-01T00:00:00Z",
      "DataHash": "f8ed7a15abe23380e747c9b1af77a618a50d29e34efd06024748bd06786133c8",
      "EntityType": "Unit",
      "FromLinkID": null,
      "HeadRevisionNum": 2,
      "MutationSources": null,
      "OrganizationID": "12c33fa8-00b1-4011-ad3e-19d56458b29c",
      "Slug": "clusterrole-rook-ceph-mgr-system",
      "SpaceID": "9f6c723f-beaf-43c4-b1d5-34448c9fc3cc",
      "ToolchainType": "Kubernetes/YAML",
      "UnitID": "40cc4a64-8fba-40d5-a808-60931d1cf78b",
      "UpdatedAt": "0001-01-01T00:00:00Z",
      "Version": 7
    },
    "UnitStatus": {
      "Action": "N/A",
      "ActionResult": "None",
      "ActionStartedAt": "0001-01-01T00:00:00Z",
      "ActionTerminatedAt": "0001-01-01T00:00:00Z",
      "Drift": "N/A",
      "Status": "NotLive",
      "SyncStatus": "NotLive"
    }
  },
  {
    "Space": {
      "CreatedAt": "2026-06-12T17:32:19.005919Z",
      "CursorID": 4709,
      "DisplayName": "helm-rook-ceph-default-confighub-proof",
      "EntityType": "Space",
      "Labels": {
        "Component": "RookCeph",
        "Environment": "Demo",
        "Layer": "App",
        "Owner": "ConfigHubHelm",
        "Variant": "default"
      },
      "OrganizationID": "12c33fa8-00b1-4011-ad3e-19d56458b29c",
      "Permissions": {
        "Manage": {
          "UserIDs": {
            "c5818f81-ae4b-4d17-987f-743f19bdb0ca": true
          }
        },
        "ManageChildren": {
          "UserIDs": {
            "c5818f81-ae4b-4d17-987f-743f19bdb0ca": true
          }
        }
      },
      "Slug": "helm-rook-ceph-default-confighub-proof",
      "SpaceID": "9f6c723f-beaf-43c4-b1d5-34448c9fc3cc",
      "UpdatedAt": "2026-06-12T17:32:19.515543Z",
      "Version": 2,
      "WhereTrigger": "SpaceID = '9f6c723f-beaf-43c4-b1d5-34448c9fc3cc'"
    },
    "Unit": {
      "ApprovedBy": null,
      "CreatedAt": "0001-01-01T00:00:00Z",
      "DataHash": "1bdfbe8f9bfcf97d0dd555ca2385c71b7a3142e3ec4652bec5d8eadc18d51fbd",
      "EntityType": "Unit",
      "FromLinkID": null,
      "HeadRevisionNum": 2,
      "MutationSources": null,
      "OrganizationID": "12c33fa8-00b1-4011-ad3e-19d56458b29c",
      "Slug": "customresourcedefinition-cephconnections-csi-ceph-io",
      "SpaceID": "9f6c723f-beaf-43c4-b1d5-34448c9fc3cc",
      "ToolchainType": "Kubernetes/YAML",
      "UnitID": "183ce3b6-9b4d-4cd0-8c57-0784ca932d87",
      "UpdatedAt": "0001-01-01T00:00:00Z",
      "Version": 6
    },
    "UnitStatus": {
      "Action": "N/A",
      "ActionResult": "None",
      "ActionStartedAt": "0001-01-01T00:00:00Z",
      "ActionTerminatedAt": "0001-01-01T00:00:00Z",
      "Drift": "N/A",
      "Status": "NotLive",
      "SyncStatus": "NotLive"
    }
  },
  {
    "Space": {
      "CreatedAt": "2026-06-12T17:32:19.005919Z",
      "CursorID": 4709,
      "DisplayName": "helm-rook-ceph-default-confighub-proof",
      "EntityType": "Space",
      "Labels": {
        "Component": "RookCeph",
        "Environment": "Demo",
        "Layer": "App",
        "Owner": "ConfigHubHelm",
        "Variant": "default"
      },
      "OrganizationID": "12c33fa8-00b1-4011-ad3e-19d56458b29c",
      "Permissions": {
        "Manage": {
          "UserIDs": {
            "c5818f81-ae4b-4d17-987f-743f19bdb0ca": true
          }
        },
        "ManageChildren": {
          "UserIDs": {
            "c5818f81-ae4b-4d17-987f-743f19bdb0ca": true
          }
        }
      },
      "Slug": "helm-rook-ceph-default-confighub-proof",
      "SpaceID": "9f6c723f-beaf-43c4-b1d5-34448c9fc3cc",
      "UpdatedAt": "2026-06-12T17:32:19.515543Z",
      "Version": 2,
      "WhereTrigger": "SpaceID = '9f6c723f-beaf-43c4-b1d5-34448c9fc3cc'"
    },
    "Unit": {
      "ApprovedBy": null,
      "CreatedAt": "0001-01-01T00:00:00Z",
      "DataHash": "d88573130512a3de40bf0d4c6e4966b91160947ace7ed1eb54f36ff8a298f6b4",
      "EntityType": "Unit",
      "FromLinkID": null,
      "HeadRevisionNum": 2,
      "MutationSources": null,
      "OrganizationID": "12c33fa8-00b1-4011-ad3e-19d56458b29c",
      "Slug": "clusterrole-rook-ceph-global",
      "SpaceID": "9f6c723f-beaf-43c4-b1d5-34448c9fc3cc",
      "ToolchainType": "Kubernetes/YAML",
      "UnitID": "c17d1369-1820-4013-8c49-338c9dd7c509",
      "UpdatedAt": "0001-01-01T00:00:00Z",
      "Version": 7
    },
    "UnitStatus": {
      "Action": "N/A",
      "ActionResult": "None",
      "ActionStartedAt": "0001-01-01T00:00:00Z",
      "ActionTerminatedAt": "0001-01-01T00:00:00Z",
      "Drift": "N/A",
      "Status": "NotLive",
      "SyncStatus": "NotLive"
    }
  },
  {
    "Space": {
      "CreatedAt": "2026-06-12T17:32:19.005919Z",
      "CursorID": 4709,
      "DisplayName": "helm-rook-ceph-default-confighub-proof",
      "EntityType": "Space",
      "Labels": {
        "Component": "RookCeph",
        "Environment": "Demo",
        "Layer": "App",
        "Owner": "ConfigHubHelm",
        "Variant": "default"
      },
      "OrganizationID": "12c33fa8-00b1-4011-ad3e-19d56458b29c",
      "Permissions": {
        "Manage": {
          "UserIDs": {
            "c5818f81-ae4b-4d17-987f-743f19bdb0ca": true
          }
        },
        "ManageChildren": {
          "UserIDs": {
            "c5818f81-ae4b-4d17-987f-743f19bdb0ca": true
          }
        }
      },
      "Slug": "helm-rook-ceph-default-confighub-proof",
      "SpaceID": "9f6c723f-beaf-43c4-b1d5-34448c9fc3cc",
      "UpdatedAt": "2026-06-12T17:32:19.515543Z",
      "Version": 2,
      "WhereTrigger": "SpaceID = '9f6c723f-beaf-43c4-b1d5-34448c9fc3cc'"
    },
    "Unit": {
      "ApprovedBy": null,
      "CreatedAt": "0001-01-01T00:00:00Z",
      "DataHash": "ad3dae5fc17f71c31164ad984119c135663962c4eb5fc335f6cd646da6ce1e4c",
      "EntityType": "Unit",
      "FromLinkID": null,
      "HeadRevisionNum": 2,
      "MutationSources": null,
      "OrganizationID": "12c33fa8-00b1-4011-ad3e-19d56458b29c",
      "Slug": "clusterrole-rook-ceph-object-bucket",
      "SpaceID": "9f6c723f-beaf-43c4-b1d5-34448c9fc3cc",
      "ToolchainType": "Kubernetes/YAML",
      "UnitID": "5d557719-9d7c-4a0e-8e0b-1fe6552757ff",
      "UpdatedAt": "0001-01-01T00:00:00Z",
      "Version": 7
    },
    "UnitStatus": {
      "Action": "N/A",
      "ActionResult": "None",
      "ActionStartedAt": "0001-01-01T00:00:00Z",
      "ActionTerminatedAt": "0001-01-01T00:00:00Z",
      "Drift": "N/A",
      "Status": "NotLive",
      "SyncStatus": "NotLive"
    }
  },
  {
    "Space": {
      "CreatedAt": "2026-06-12T17:32:19.005919Z",
      "CursorID": 4709,
      "DisplayName": "helm-rook-ceph-default-confighub-proof",
      "EntityType": "Space",
      "Labels": {
        "Component": "RookCeph",
        "Environment": "Demo",
        "Layer": "App",
        "Owner": "ConfigHubHelm",
        "Variant": "default"
      },
      "OrganizationID": "12c33fa8-00b1-4011-ad3e-19d56458b29c",
      "Permissions": {
        "Manage": {
          "UserIDs": {
            "c5818f81-ae4b-4d17-987f-743f19bdb0ca": true
          }
        },
        "ManageChildren": {
          "UserIDs": {
            "c5818f81-ae4b-4d17-987f-743f19bdb0ca": true
          }
        }
      },
      "Slug": "helm-rook-ceph-default-confighub-proof",
      "SpaceID": "9f6c723f-beaf-43c4-b1d5-34448c9fc3cc",
      "UpdatedAt": "2026-06-12T17:32:19.515543Z",
      "Version": 2,
      "WhereTrigger": "SpaceID = '9f6c723f-beaf-43c4-b1d5-34448c9fc3cc'"
    },
    "Unit": {
      "ApprovedBy": null,
      "CreatedAt": "0001-01-01T00:00:00Z",
      "DataHash": "1e7ff9c6ae1b1e1ac505ce38be26ea4733a4e00f37541540582691dc25cbfa72",
      "EntityType": "Unit",
      "FromLinkID": null,
      "HeadRevisionNum": 2,
      "MutationSources": null,
      "OrganizationID": "12c33fa8-00b1-4011-ad3e-19d56458b29c",
      "Slug": "customresourcedefinition-cephfilesystems-ceph-rook-io",
      "SpaceID": "9f6c723f-beaf-43c4-b1d5-34448c9fc3cc",
      "ToolchainType": "Kubernetes/YAML",
      "UnitID": "d314ed2c-08d6-46ec-8eaf-1818a3f07f77",
      "UpdatedAt": "0001-01-01T00:00:00Z",
      "Version": 6
    },
    "UnitStatus": {
      "Action": "N/A",
      "ActionResult": "None",
      "ActionStartedAt": "0001-01-01T00:00:00Z",
      "ActionTerminatedAt": "0001-01-01T00:00:00Z",
      "Drift": "N/A",
      "Status": "NotLive",
      "SyncStatus": "NotLive"
    }
  },
  {
    "Space": {
      "CreatedAt": "2026-06-12T17:32:19.005919Z",
      "CursorID": 4709,
      "DisplayName": "helm-rook-ceph-default-confighub-proof",
      "EntityType": "Space",
      "Labels": {
        "Component": "RookCeph",
        "Environment": "Demo",
        "Layer": "App",
        "Owner": "ConfigHubHelm",
        "Variant": "default"
      },
      "OrganizationID": "12c33fa8-00b1-4011-ad3e-19d56458b29c",
      "Permissions": {
        "Manage": {
          "UserIDs": {
            "c5818f81-ae4b-4d17-987f-743f19bdb0ca": true
          }
        },
        "ManageChildren": {
          "UserIDs": {
            "c5818f81-ae4b-4d17-987f-743f19bdb0ca": true
          }
        }
      },
      "Slug": "helm-rook-ceph-default-confighub-proof",
      "SpaceID": "9f6c723f-beaf-43c4-b1d5-34448c9fc3cc",
      "UpdatedAt": "2026-06-12T17:32:19.515543Z",
      "Version": 2,
      "WhereTrigger": "SpaceID = '9f6c723f-beaf-43c4-b1d5-34448c9fc3cc'"
    },
    "Unit": {
      "ApprovedBy": null,
      "CreatedAt": "0001-01-01T00:00:00Z",
      "DataHash": "4dc0be78003b6bfd5c2d3cc9f449e7d358ea2557d21449113c9313dbcc2e1ae6",
      "EntityType": "Unit",
      "FromLinkID": null,
      "HeadRevisionNum": 2,
      "MutationSources": null,
      "OrganizationID": "12c33fa8-00b1-4011-ad3e-19d56458b29c",
      "Slug": "customresourcedefinition-cephfilesystemsubvolumegroups-ceph-rook-io",
      "SpaceID": "9f6c723f-beaf-43c4-b1d5-34448c9fc3cc",
      "ToolchainType": "Kubernetes/YAML",
      "UnitID": "cdabec9b-0ed1-4da7-bbaf-259c4cea38fe",
      "UpdatedAt": "0001-01-01T00:00:00Z",
      "Version": 6
    },
    "UnitStatus": {
      "Action": "N/A",
      "ActionResult": "None",
      "ActionStartedAt": "0001-01-01T00:00:00Z",
      "ActionTerminatedAt": "0001-01-01T00:00:00Z",
      "Drift": "N/A",
      "Status": "NotLive",
      "SyncStatus": "NotLive"
    }
  },
  {
    "Space": {
      "CreatedAt": "2026-06-12T17:32:19.005919Z",
      "CursorID": 4709,
      "DisplayName": "helm-rook-ceph-default-confighub-proof",
      "EntityType": "Space",
      "Labels": {
        "Component": "RookCeph",
        "Environment": "Demo",
        "Layer": "App",
        "Owner": "ConfigHubHelm",
        "Variant": "default"
      },
      "OrganizationID": "12c33fa8-00b1-4011-ad3e-19d56458b29c",
      "Permissions": {
        "Manage": {
          "UserIDs": {
            "c5818f81-ae4b-4d17-987f-743f19bdb0ca": true
          }
        },
        "ManageChildren": {
          "UserIDs": {
            "c5818f81-ae4b-4d17-987f-743f19bdb0ca": true
          }
        }
      },
      "Slug": "helm-rook-ceph-default-confighub-proof",
      "SpaceID": "9f6c723f-beaf-43c4-b1d5-34448c9fc3cc",
      "UpdatedAt": "2026-06-12T17:32:19.515543Z",
      "Version": 2,
      "WhereTrigger": "SpaceID = '9f6c723f-beaf-43c4-b1d5-34448c9fc3cc'"
    },
    "Unit": {
      "ApprovedBy": null,
      "CreatedAt": "0001-01-01T00:00:00Z",
      "DataHash": "2eb5d2cd2e6752f12e7d0dd017573ab81e758c6456d5d1453ba5831c3409d62a",
      "EntityType": "Unit",
      "FromLinkID": null,
      "HeadRevisionNum": 2,
      "MutationSources": null,
      "OrganizationID": "12c33fa8-00b1-4011-ad3e-19d56458b29c",
      "Slug": "customresourcedefinition-cephnfses-ceph-rook-io",
      "SpaceID": "9f6c723f-beaf-43c4-b1d5-34448c9fc3cc",
      "ToolchainType": "Kubernetes/YAML",
      "UnitID": "f0a04372-b2bf-42ed-ab51-464454760e0c",
      "UpdatedAt": "0001-01-01T00:00:00Z",
      "Version": 6
    },
    "UnitStatus": {
      "Action": "N/A",
      "ActionResult": "None",
      "ActionStartedAt": "0001-01-01T00:00:00Z",
      "ActionTerminatedAt": "0001-01-01T00:00:00Z",
      "Drift": "N/A",
      "Status": "NotLive",
      "SyncStatus": "NotLive"
    }
  },
  {
    "Space": {
      "CreatedAt": "2026-06-12T17:32:19.005919Z",
      "CursorID": 4709,
      "DisplayName": "helm-rook-ceph-default-confighub-proof",
      "EntityType": "Space",
      "Labels": {
        "Component": "RookCeph",
        "Environment": "Demo",
        "Layer": "App",
        "Owner": "ConfigHubHelm",
        "Variant": "default"
      },
      "OrganizationID": "12c33fa8-00b1-4011-ad3e-19d56458b29c",
      "Permissions": {
        "Manage": {
          "UserIDs": {
            "c5818f81-ae4b-4d17-987f-743f19bdb0ca": true
          }
        },
        "ManageChildren": {
          "UserIDs": {
            "c5818f81-ae4b-4d17-987f-743f19bdb0ca": true
          }
        }
      },
      "Slug": "helm-rook-ceph-default-confighub-proof",
      "SpaceID": "9f6c723f-beaf-43c4-b1d5-34448c9fc3cc",
      "UpdatedAt": "2026-06-12T17:32:19.515543Z",
      "Version": 2,
      "WhereTrigger": "SpaceID = '9f6c723f-beaf-43c4-b1d5-34448c9fc3cc'"
    },
    "Unit": {
      "ApprovedBy": null,
      "CreatedAt": "0001-01-01T00:00:00Z",
      "DataHash": "69926ed058bd1e53075e6cba9eecee757d7f90f5335eb7823fe08b765319f4b0",
      "EntityType": "Unit",
      "FromLinkID": null,
      "HeadRevisionNum": 2,
      "MutationSources": null,
      "OrganizationID": "12c33fa8-00b1-4011-ad3e-19d56458b29c",
      "Slug": "customresourcedefinition-cephnvmeofgateways-ceph-rook-io",
      "SpaceID": "9f6c723f-beaf-43c4-b1d5-34448c9fc3cc",
      "ToolchainType": "Kubernetes/YAML",
      "UnitID": "b53cdd92-5875-4376-a15a-c8f15a8e0adc",
      "UpdatedAt": "0001-01-01T00:00:00Z",
      "Version": 6
    },
    "UnitStatus": {
      "Action": "N/A",
      "ActionResult": "None",
      "ActionStartedAt": "0001-01-01T00:00:00Z",
      "ActionTerminatedAt": "0001-01-01T00:00:00Z",
      "Drift": "N/A",
      "Status": "NotLive",
      "SyncStatus": "NotLive"
    }
  },
  {
    "Space": {
      "CreatedAt": "2026-06-12T17:32:19.005919Z",
      "CursorID": 4709,
      "DisplayName": "helm-rook-ceph-default-confighub-proof",
      "EntityType": "Space",
      "Labels": {
        "Component": "RookCeph",
        "Environment": "Demo",
        "Layer": "App",
        "Owner": "ConfigHubHelm",
        "Variant": "default"
      },
      "OrganizationID": "12c33fa8-00b1-4011-ad3e-19d56458b29c",
      "Permissions": {
        "Manage": {
          "UserIDs": {
            "c5818f81-ae4b-4d17-987f-743f19bdb0ca": true
          }
        },
        "ManageChildren": {
          "UserIDs": {
            "c5818f81-ae4b-4d17-987f-743f19bdb0ca": true
          }
        }
      },
      "Slug": "helm-rook-ceph-default-confighub-proof",
      "SpaceID": "9f6c723f-beaf-43c4-b1d5-34448c9fc3cc",
      "UpdatedAt": "2026-06-12T17:32:19.515543Z",
      "Version": 2,
      "WhereTrigger": "SpaceID = '9f6c723f-beaf-43c4-b1d5-34448c9fc3cc'"
    },
    "Unit": {
      "ApprovedBy": null,
      "CreatedAt": "0001-01-01T00:00:00Z",
      "DataHash": "95c79aced542a5f5f440003e612c5b399c67c379dce87667e3489404e68e20c2",
      "EntityType": "Unit",
      "FromLinkID": null,
      "HeadRevisionNum": 2,
      "MutationSources": null,
      "OrganizationID": "12c33fa8-00b1-4011-ad3e-19d56458b29c",
      "Slug": "rolebinding-default-ceph-csi-cephfs-nodeplugin-rb",
      "SpaceID": "9f6c723f-beaf-43c4-b1d5-34448c9fc3cc",
      "ToolchainType": "Kubernetes/YAML",
      "UnitID": "5c5dfba5-2434-49fd-b849-9bdb1682b068",
      "UpdatedAt": "0001-01-01T00:00:00Z",
      "Version": 15
    },
    "UnitStatus": {
      "Action": "N/A",
      "ActionResult": "None",
      "ActionStartedAt": "0001-01-01T00:00:00Z",
      "ActionTerminatedAt": "0001-01-01T00:00:00Z",
      "Drift": "N/A",
      "Status": "NotLive",
      "SyncStatus": "NotLive"
    }
  },
  {
    "Space": {
      "CreatedAt": "2026-06-12T17:32:19.005919Z",
      "CursorID": 4709,
      "DisplayName": "helm-rook-ceph-default-confighub-proof",
      "EntityType": "Space",
      "Labels": {
        "Component": "RookCeph",
        "Environment": "Demo",
        "Layer": "App",
        "Owner": "ConfigHubHelm",
        "Variant": "default"
      },
      "OrganizationID": "12c33fa8-00b1-4011-ad3e-19d56458b29c",
      "Permissions": {
        "Manage": {
          "UserIDs": {
            "c5818f81-ae4b-4d17-987f-743f19bdb0ca": true
          }
        },
        "ManageChildren": {
          "UserIDs": {
            "c5818f81-ae4b-4d17-987f-743f19bdb0ca": true
          }
        }
      },
      "Slug": "helm-rook-ceph-default-confighub-proof",
      "SpaceID": "9f6c723f-beaf-43c4-b1d5-34448c9fc3cc",
      "UpdatedAt": "2026-06-12T17:32:19.515543Z",
      "Version": 2,
      "WhereTrigger": "SpaceID = '9f6c723f-beaf-43c4-b1d5-34448c9fc3cc'"
    },
    "Unit": {
      "ApprovedBy": null,
      "CreatedAt": "0001-01-01T00:00:00Z",
      "DataHash": "3bcc11243bcb0a7bfd79ec796af8f9b55ac560a5c3262e979ca1dc6f2e8031ca",
      "EntityType": "Unit",
      "FromLinkID": null,
      "HeadRevisionNum": 2,
      "MutationSources": null,
      "OrganizationID": "12c33fa8-00b1-4011-ad3e-19d56458b29c",
      "Slug": "customresourcedefinition-cephobjectrealms-ceph-rook-io",
      "SpaceID": "9f6c723f-beaf-43c4-b1d5-34448c9fc3cc",
      "ToolchainType": "Kubernetes/YAML",
      "UnitID": "42476c3a-971b-4026-af04-54dd53ab8cc1",
      "UpdatedAt": "0001-01-01T00:00:00Z",
      "Version": 6
    },
    "UnitStatus": {
      "Action": "N/A",
      "ActionResult": "None",
      "ActionStartedAt": "0001-01-01T00:00:00Z",
      "ActionTerminatedAt": "0001-01-01T00:00:00Z",
      "Drift": "N/A",
      "Status": "NotLive",
      "SyncStatus": "NotLive"
    }
  },
  {
    "Space": {
      "CreatedAt": "2026-06-12T17:32:19.005919Z",
      "CursorID": 4709,
      "DisplayName": "helm-rook-ceph-default-confighub-proof",
      "EntityType": "Space",
      "Labels": {
        "Component": "RookCeph",
        "Environment": "Demo",
        "Layer": "App",
        "Owner": "ConfigHubHelm",
        "Variant": "default"
      },
      "OrganizationID": "12c33fa8-00b1-4011-ad3e-19d56458b29c",
      "Permissions": {
        "Manage": {
          "UserIDs": {
            "c5818f81-ae4b-4d17-987f-743f19bdb0ca": true
          }
        },
        "ManageChildren": {
          "UserIDs": {
            "c5818f81-ae4b-4d17-987f-743f19bdb0ca": true
          }
        }
      },
      "Slug": "helm-rook-ceph-default-confighub-proof",
      "SpaceID": "9f6c723f-beaf-43c4-b1d5-34448c9fc3cc",
      "UpdatedAt": "2026-06-12T17:32:19.515543Z",
      "Version": 2,
      "WhereTrigger": "SpaceID = '9f6c723f-beaf-43c4-b1d5-34448c9fc3cc'"
    },
    "Unit": {
      "ApprovedBy": null,
      "CreatedAt": "0001-01-01T00:00:00Z",
      "DataHash": "7c90c88ded8ee41d6657539da4c18e7be17bce6caf909c2017e0bb4ab74c51ce",
      "EntityType": "Unit",
      "FromLinkID": null,
      "HeadRevisionNum": 2,
      "MutationSources": null,
      "OrganizationID": "12c33fa8-00b1-4011-ad3e-19d56458b29c",
      "Slug": "clusterrole-rook-ceph-system",
      "SpaceID": "9f6c723f-beaf-43c4-b1d5-34448c9fc3cc",
      "ToolchainType": "Kubernetes/YAML",
      "UnitID": "bc971d7e-1e75-4dbc-9093-8f90a2c4ba99",
      "UpdatedAt": "0001-01-01T00:00:00Z",
      "Version": 7
    },
    "UnitStatus": {
      "Action": "N/A",
      "ActionResult": "None",
      "ActionStartedAt": "0001-01-01T00:00:00Z",
      "ActionTerminatedAt": "0001-01-01T00:00:00Z",
      "Drift": "N/A",
      "Status": "NotLive",
      "SyncStatus": "NotLive"
    }
  },
  {
    "Space": {
      "CreatedAt": "2026-06-12T17:32:19.005919Z",
      "CursorID": 4709,
      "DisplayName": "helm-rook-ceph-default-confighub-proof",
      "EntityType": "Space",
      "Labels": {
        "Component": "RookCeph",
        "Environment": "Demo",
        "Layer": "App",
        "Owner": "ConfigHubHelm",
        "Variant": "default"
      },
      "OrganizationID": "12c33fa8-00b1-4011-ad3e-19d56458b29c",
      "Permissions": {
        "Manage": {
          "UserIDs": {
            "c5818f81-ae4b-4d17-987f-743f19bdb0ca": true
          }
        },
        "ManageChildren": {
          "UserIDs": {
            "c5818f81-ae4b-4d17-987f-743f19bdb0ca": true
          }
        }
      },
      "Slug": "helm-rook-ceph-default-confighub-proof",
      "SpaceID": "9f6c723f-beaf-43c4-b1d5-34448c9fc3cc",
      "UpdatedAt": "2026-06-12T17:32:19.515543Z",
      "Version": 2,
      "WhereTrigger": "SpaceID = '9f6c723f-beaf-43c4-b1d5-34448c9fc3cc'"
    },
    "Unit": {
      "ApprovedBy": null,
      "CreatedAt": "0001-01-01T00:00:00Z",
      "DataHash": "c269f8c4dc5daf7409e371696d1fa99ef53e68fd2ec0344d59a2c438ccfe7d27",
      "EntityType": "Unit",
      "FromLinkID": null,
      "HeadRevisionNum": 2,
      "MutationSources": null,
      "OrganizationID": "12c33fa8-00b1-4011-ad3e-19d56458b29c",
      "Slug": "customresourcedefinition-cephobjectstores-ceph-rook-io",
      "SpaceID": "9f6c723f-beaf-43c4-b1d5-34448c9fc3cc",
      "ToolchainType": "Kubernetes/YAML",
      "UnitID": "41f6f698-1986-4854-96de-49baeddcb685",
      "UpdatedAt": "0001-01-01T00:00:00Z",
      "Version": 6
    },
    "UnitStatus": {
      "Action": "N/A",
      "ActionResult": "None",
      "ActionStartedAt": "0001-01-01T00:00:00Z",
      "ActionTerminatedAt": "0001-01-01T00:00:00Z",
      "Drift": "N/A",
      "Status": "NotLive",
      "SyncStatus": "NotLive"
    }
  },
  {
    "Space": {
      "CreatedAt": "2026-06-12T17:32:19.005919Z",
      "CursorID": 4709,
      "DisplayName": "helm-rook-ceph-default-confighub-proof",
      "EntityType": "Space",
      "Labels": {
        "Component": "RookCeph",
        "Environment": "Demo",
        "Layer": "App",
        "Owner": "ConfigHubHelm",
        "Variant": "default"
      },
      "OrganizationID": "12c33fa8-00b1-4011-ad3e-19d56458b29c",
      "Permissions": {
        "Manage": {
          "UserIDs": {
            "c5818f81-ae4b-4d17-987f-743f19bdb0ca": true
          }
        },
        "ManageChildren": {
          "UserIDs": {
            "c5818f81-ae4b-4d17-987f-743f19bdb0ca": true
          }
        }
      },
      "Slug": "helm-rook-ceph-default-confighub-proof",
      "SpaceID": "9f6c723f-beaf-43c4-b1d5-34448c9fc3cc",
      "UpdatedAt": "2026-06-12T17:32:19.515543Z",
      "Version": 2,
      "WhereTrigger": "SpaceID = '9f6c723f-beaf-43c4-b1d5-34448c9fc3cc'"
    },
    "Unit": {
      "ApprovedBy": null,
      "CreatedAt": "0001-01-01T00:00:00Z",
      "DataHash": "50908ea662b09b522d8d6d860826956d448dbdceecddf1eb763a82d6bb4105c3",
      "EntityType": "Unit",
      "FromLinkID": null,
      "HeadRevisionNum": 2,
      "MutationSources": null,
      "OrganizationID": "12c33fa8-00b1-4011-ad3e-19d56458b29c",
      "Slug": "customresourcedefinition-cephobjectstoreusers-ceph-rook-io",
      "SpaceID": "9f6c723f-beaf-43c4-b1d5-34448c9fc3cc",
      "ToolchainType": "Kubernetes/YAML",
      "UnitID": "3067fb90-adc3-4d35-a191-c48faa816d72",
      "UpdatedAt": "0001-01-01T00:00:00Z",
      "Version": 6
    },
    "UnitStatus": {
      "Action": "N/A",
      "ActionResult": "None",
      "ActionStartedAt": "0001-01-01T00:00:00Z",
      "ActionTerminatedAt": "0001-01-01T00:00:00Z",
      "Drift": "N/A",
      "Status": "NotLive",
      "SyncStatus": "NotLive"
    }
  },
  {
    "Space": {
      "CreatedAt": "2026-06-12T17:32:19.005919Z",
      "CursorID": 4709,
      "DisplayName": "helm-rook-ceph-default-confighub-proof",
      "EntityType": "Space",
      "Labels": {
        "Component": "RookCeph",
        "Environment": "Demo",
        "Layer": "App",
        "Owner": "ConfigHubHelm",
        "Variant": "default"
      },
      "OrganizationID": "12c33fa8-00b1-4011-ad3e-19d56458b29c",
      "Permissions": {
        "Manage": {
          "UserIDs": {
            "c5818f81-ae4b-4d17-987f-743f19bdb0ca": true
          }
        },
        "ManageChildren": {
          "UserIDs": {
            "c5818f81-ae4b-4d17-987f-743f19bdb0ca": true
          }
        }
      },
      "Slug": "helm-rook-ceph-default-confighub-proof",
      "SpaceID": "9f6c723f-beaf-43c4-b1d5-34448c9fc3cc",
      "UpdatedAt": "2026-06-12T17:32:19.515543Z",
      "Version": 2,
      "WhereTrigger": "SpaceID = '9f6c723f-beaf-43c4-b1d5-34448c9fc3cc'"
    },
    "Unit": {
      "ApprovedBy": null,
      "CreatedAt": "0001-01-01T00:00:00Z",
      "DataHash": "87ac0f0a308c1a42f1dca89c4a44e566461012a001cf2b9ce53831f9de59aad7",
      "EntityType": "Unit",
      "FromLinkID": null,
      "HeadRevisionNum": 2,
      "MutationSources": null,
      "OrganizationID": "12c33fa8-00b1-4011-ad3e-19d56458b29c",
      "Slug": "customresourcedefinition-cephobjectzonegroups-ceph-rook-io",
      "SpaceID": "9f6c723f-beaf-43c4-b1d5-34448c9fc3cc",
      "ToolchainType": "Kubernetes/YAML",
      "UnitID": "927b8515-4bdf-4afc-9410-de5161b8b26e",
      "UpdatedAt": "0001-01-01T00:00:00Z",
      "Version": 6
    },
    "UnitStatus": {
      "Action": "N/A",
      "ActionResult": "None",
      "ActionStartedAt": "0001-01-01T00:00:00Z",
      "ActionTerminatedAt": "0001-01-01T00:00:00Z",
      "Drift": "N/A",
      "Status": "NotLive",
      "SyncStatus": "NotLive"
    }
  },
  {
    "Space": {
      "CreatedAt": "2026-06-12T17:32:19.005919Z",
      "CursorID": 4709,
      "DisplayName": "helm-rook-ceph-default-confighub-proof",
      "EntityType": "Space",
      "Labels": {
        "Component": "RookCeph",
        "Environment": "Demo",
        "Layer": "App",
        "Owner": "ConfigHubHelm",
        "Variant": "default"
      },
      "OrganizationID": "12c33fa8-00b1-4011-ad3e-19d56458b29c",
      "Permissions": {
        "Manage": {
          "UserIDs": {
            "c5818f81-ae4b-4d17-987f-743f19bdb0ca": true
          }
        },
        "ManageChildren": {
          "UserIDs": {
            "c5818f81-ae4b-4d17-987f-743f19bdb0ca": true
          }
        }
      },
      "Slug": "helm-rook-ceph-default-confighub-proof",
      "SpaceID": "9f6c723f-beaf-43c4-b1d5-34448c9fc3cc",
      "UpdatedAt": "2026-06-12T17:32:19.515543Z",
      "Version": 2,
      "WhereTrigger": "SpaceID = '9f6c723f-beaf-43c4-b1d5-34448c9fc3cc'"
    },
    "Unit": {
      "ApprovedBy": null,
      "CreatedAt": "0001-01-01T00:00:00Z",
      "DataHash": "b53dc4ea8e8dbc342ee15130618f2f986965fddff03c7431bdaf1510b204c0f8",
      "EntityType": "Unit",
      "FromLinkID": null,
      "HeadRevisionNum": 2,
      "MutationSources": null,
      "OrganizationID": "12c33fa8-00b1-4011-ad3e-19d56458b29c",
      "Slug": "customresourcedefinition-cephrbdmirrors-ceph-rook-io",
      "SpaceID": "9f6c723f-beaf-43c4-b1d5-34448c9fc3cc",
      "ToolchainType": "Kubernetes/YAML",
      "UnitID": "ab13f0e4-db99-4d7c-be4d-aa22b9f50831",
      "UpdatedAt": "0001-01-01T00:00:00Z",
      "Version": 6
    },
    "UnitStatus": {
      "Action": "N/A",
      "ActionResult": "None",
      "ActionStartedAt": "0001-01-01T00:00:00Z",
      "ActionTerminatedAt": "0001-01-01T00:00:00Z",
      "Drift": "N/A",
      "Status": "NotLive",
      "SyncStatus": "NotLive"
    }
  },
  {
    "Space": {
      "CreatedAt": "2026-06-12T17:32:19.005919Z",
      "CursorID": 4709,
      "DisplayName": "helm-rook-ceph-default-confighub-proof",
      "EntityType": "Space",
      "Labels": {
        "Component": "RookCeph",
        "Environment": "Demo",
        "Layer": "App",
        "Owner": "ConfigHubHelm",
        "Variant": "default"
      },
      "OrganizationID": "12c33fa8-00b1-4011-ad3e-19d56458b29c",
      "Permissions": {
        "Manage": {
          "UserIDs": {
            "c5818f81-ae4b-4d17-987f-743f19bdb0ca": true
          }
        },
        "ManageChildren": {
          "UserIDs": {
            "c5818f81-ae4b-4d17-987f-743f19bdb0ca": true
          }
        }
      },
      "Slug": "helm-rook-ceph-default-confighub-proof",
      "SpaceID": "9f6c723f-beaf-43c4-b1d5-34448c9fc3cc",
      "UpdatedAt": "2026-06-12T17:32:19.515543Z",
      "Version": 2,
      "WhereTrigger": "SpaceID = '9f6c723f-beaf-43c4-b1d5-34448c9fc3cc'"
    },
    "Unit": {
      "ApprovedBy": null,
      "CreatedAt": "0001-01-01T00:00:00Z",
      "DataHash": "34891b7d64e3aaeab3709cc0d2906211ee402779eb34b45d720680f52f1b12cf",
      "EntityType": "Unit",
      "FromLinkID": null,
      "HeadRevisionNum": 2,
      "MutationSources": null,
      "OrganizationID": "12c33fa8-00b1-4011-ad3e-19d56458b29c",
      "Slug": "customresourcedefinition-cephobjectzones-ceph-rook-io",
      "SpaceID": "9f6c723f-beaf-43c4-b1d5-34448c9fc3cc",
      "ToolchainType": "Kubernetes/YAML",
      "UnitID": "7b7c0436-a6be-48b6-9be4-02e3a3dbff71",
      "UpdatedAt": "0001-01-01T00:00:00Z",
      "Version": 6
    },
    "UnitStatus": {
      "Action": "N/A",
      "ActionResult": "None",
      "ActionStartedAt": "0001-01-01T00:00:00Z",
      "ActionTerminatedAt": "0001-01-01T00:00:00Z",
      "Drift": "N/A",
      "Status": "NotLive",
      "SyncStatus": "NotLive"
    }
  },
  {
    "Space": {
      "CreatedAt": "2026-06-12T17:32:19.005919Z",
      "CursorID": 4709,
      "DisplayName": "helm-rook-ceph-default-confighub-proof",
      "EntityType": "Space",
      "Labels": {
        "Component": "RookCeph",
        "Environment": "Demo",
        "Layer": "App",
        "Owner": "ConfigHubHelm",
        "Variant": "default"
      },
      "OrganizationID": "12c33fa8-00b1-4011-ad3e-19d56458b29c",
      "Permissions": {
        "Manage": {
          "UserIDs": {
            "c5818f81-ae4b-4d17-987f-743f19bdb0ca": true
          }
        },
        "ManageChildren": {
          "UserIDs": {
            "c5818f81-ae4b-4d17-987f-743f19bdb0ca": true
          }
        }
      },
      "Slug": "helm-rook-ceph-default-confighub-proof",
      "SpaceID": "9f6c723f-beaf-43c4-b1d5-34448c9fc3cc",
      "UpdatedAt": "2026-06-12T17:32:19.515543Z",
      "Version": 2,
      "WhereTrigger": "SpaceID = '9f6c723f-beaf-43c4-b1d5-34448c9fc3cc'"
    },
    "Unit": {
      "ApprovedBy": null,
      "CreatedAt": "0001-01-01T00:00:00Z",
      "DataHash": "3ab2022e37dea8896a8880806174edbd4bdc004236f1e10ac6c3cdf789a7d23d",
      "EntityType": "Unit",
      "FromLinkID": null,
      "HeadRevisionNum": 2,
      "MutationSources": null,
      "OrganizationID": "12c33fa8-00b1-4011-ad3e-19d56458b29c",
      "Slug": "customresourcedefinition-clientprofilemappings-csi-ceph-io",
      "SpaceID": "9f6c723f-beaf-43c4-b1d5-34448c9fc3cc",
      "ToolchainType": "Kubernetes/YAML",
      "UnitID": "7733a4d1-bbc1-45a9-b589-7e37ca0774d6",
      "UpdatedAt": "0001-01-01T00:00:00Z",
      "Version": 6
    },
    "UnitStatus": {
      "Action": "N/A",
      "ActionResult": "None",
      "ActionStartedAt": "0001-01-01T00:00:00Z",
      "ActionTerminatedAt": "0001-01-01T00:00:00Z",
      "Drift": "N/A",
      "Status": "NotLive",
      "SyncStatus": "NotLive"
    }
  },
  {
    "Space": {
      "CreatedAt": "2026-06-12T17:32:19.005919Z",
      "CursorID": 4709,
      "DisplayName": "helm-rook-ceph-default-confighub-proof",
      "EntityType": "Space",
      "Labels": {
        "Component": "RookCeph",
        "Environment": "Demo",
        "Layer": "App",
        "Owner": "ConfigHubHelm",
        "Variant": "default"
      },
      "OrganizationID": "12c33fa8-00b1-4011-ad3e-19d56458b29c",
      "Permissions": {
        "Manage": {
          "UserIDs": {
            "c5818f81-ae4b-4d17-987f-743f19bdb0ca": true
          }
        },
        "ManageChildren": {
          "UserIDs": {
            "c5818f81-ae4b-4d17-987f-743f19bdb0ca": true
          }
        }
      },
      "Slug": "helm-rook-ceph-default-confighub-proof",
      "SpaceID": "9f6c723f-beaf-43c4-b1d5-34448c9fc3cc",
      "UpdatedAt": "2026-06-12T17:32:19.515543Z",
      "Version": 2,
      "WhereTrigger": "SpaceID = '9f6c723f-beaf-43c4-b1d5-34448c9fc3cc'"
    },
    "Unit": {
      "ApprovedBy": null,
      "CreatedAt": "0001-01-01T00:00:00Z",
      "DataHash": "09ece41783d50a7d5a637e8858a762bcef5b99881eec7abb3f3274120dc82e45",
      "EntityType": "Unit",
      "FromLinkID": null,
      "HeadRevisionNum": 2,
      "MutationSources": null,
      "OrganizationID": "12c33fa8-00b1-4011-ad3e-19d56458b29c",
      "Slug": "customresourcedefinition-clientprofiles-csi-ceph-io",
      "SpaceID": "9f6c723f-beaf-43c4-b1d5-34448c9fc3cc",
      "ToolchainType": "Kubernetes/YAML",
      "UnitID": "fb935e2c-c2bf-4ca5-aa11-e3ae5f685374",
      "UpdatedAt": "0001-01-01T00:00:00Z",
      "Version": 6
    },
    "UnitStatus": {
      "Action": "N/A",
      "ActionResult": "None",
      "ActionStartedAt": "0001-01-01T00:00:00Z",
      "ActionTerminatedAt": "0001-01-01T00:00:00Z",
      "Drift": "N/A",
      "Status": "NotLive",
      "SyncStatus": "NotLive"
    }
  },
  {
    "Space": {
      "CreatedAt": "2026-06-12T17:32:19.005919Z",
      "CursorID": 4709,
      "DisplayName": "helm-rook-ceph-default-confighub-proof",
      "EntityType": "Space",
      "Labels": {
        "Component": "RookCeph",
        "Environment": "Demo",
        "Layer": "App",
        "Owner": "ConfigHubHelm",
        "Variant": "default"
      },
      "OrganizationID": "12c33fa8-00b1-4011-ad3e-19d56458b29c",
      "Permissions": {
        "Manage": {
          "UserIDs": {
            "c5818f81-ae4b-4d17-987f-743f19bdb0ca": true
          }
        },
        "ManageChildren": {
          "UserIDs": {
            "c5818f81-ae4b-4d17-987f-743f19bdb0ca": true
          }
        }
      },
      "Slug": "helm-rook-ceph-default-confighub-proof",
      "SpaceID": "9f6c723f-beaf-43c4-b1d5-34448c9fc3cc",
      "UpdatedAt": "2026-06-12T17:32:19.515543Z",
      "Version": 2,
      "WhereTrigger": "SpaceID = '9f6c723f-beaf-43c4-b1d5-34448c9fc3cc'"
    },
    "Unit": {
      "ApprovedBy": null,
      "CreatedAt": "0001-01-01T00:00:00Z",
      "DataHash": "13b0d9dca37397d49a87a70b626351f71ef439a1724651030fb8929ab8b51c03",
      "EntityType": "Unit",
      "FromLinkID": null,
      "HeadRevisionNum": 2,
      "MutationSources": null,
      "OrganizationID": "12c33fa8-00b1-4011-ad3e-19d56458b29c",
      "Slug": "customresourcedefinition-drivers-csi-ceph-io",
      "SpaceID": "9f6c723f-beaf-43c4-b1d5-34448c9fc3cc",
      "ToolchainType": "Kubernetes/YAML",
      "UnitID": "aaec00e8-f8fe-42ad-9534-2035695b8c55",
      "UpdatedAt": "0001-01-01T00:00:00Z",
      "Version": 6
    },
    "UnitStatus": {
      "Action": "N/A",
      "ActionResult": "None",
      "ActionStartedAt": "0001-01-01T00:00:00Z",
      "ActionTerminatedAt": "0001-01-01T00:00:00Z",
      "Drift": "N/A",
      "Status": "NotLive",
      "SyncStatus": "NotLive"
    }
  },
  {
    "Space": {
      "CreatedAt": "2026-06-12T17:32:19.005919Z",
      "CursorID": 4709,
      "DisplayName": "helm-rook-ceph-default-confighub-proof",
      "EntityType": "Space",
      "Labels": {
        "Component": "RookCeph",
        "Environment": "Demo",
        "Layer": "App",
        "Owner": "ConfigHubHelm",
        "Variant": "default"
      },
      "OrganizationID": "12c33fa8-00b1-4011-ad3e-19d56458b29c",
      "Permissions": {
        "Manage": {
          "UserIDs": {
            "c5818f81-ae4b-4d17-987f-743f19bdb0ca": true
          }
        },
        "ManageChildren": {
          "UserIDs": {
            "c5818f81-ae4b-4d17-987f-743f19bdb0ca": true
          }
        }
      },
      "Slug": "helm-rook-ceph-default-confighub-proof",
      "SpaceID": "9f6c723f-beaf-43c4-b1d5-34448c9fc3cc",
      "UpdatedAt": "2026-06-12T17:32:19.515543Z",
      "Version": 2,
      "WhereTrigger": "SpaceID = '9f6c723f-beaf-43c4-b1d5-34448c9fc3cc'"
    },
    "Unit": {
      "ApprovedBy": null,
      "CreatedAt": "0001-01-01T00:00:00Z",
      "DataHash": "7a15e5fb36f2dcb1eafa4221177d1e4b8669f9a11864f41c7038190cd6bb6b9f",
      "EntityType": "Unit",
      "FromLinkID": null,
      "HeadRevisionNum": 2,
      "MutationSources": null,
      "OrganizationID": "12c33fa8-00b1-4011-ad3e-19d56458b29c",
      "Slug": "clusterrolebinding-ceph-csi-cephfs-nodeplugin-crb",
      "SpaceID": "9f6c723f-beaf-43c4-b1d5-34448c9fc3cc",
      "ToolchainType": "Kubernetes/YAML",
      "UnitID": "2a229acb-5000-4fd3-8d68-d8fe188feb15",
      "UpdatedAt": "0001-01-01T00:00:00Z",
      "Version": 15
    },
    "UnitStatus": {
      "Action": "N/A",
      "ActionResult": "None",
      "ActionStartedAt": "0001-01-01T00:00:00Z",
      "ActionTerminatedAt": "0001-01-01T00:00:00Z",
      "Drift": "N/A",
      "Status": "NotLive",
      "SyncStatus": "NotLive"
    }
  },
  {
    "Space": {
      "CreatedAt": "2026-06-12T17:32:19.005919Z",
      "CursorID": 4709,
      "DisplayName": "helm-rook-ceph-default-confighub-proof",
      "EntityType": "Space",
      "Labels": {
        "Component": "RookCeph",
        "Environment": "Demo",
        "Layer": "App",
        "Owner": "ConfigHubHelm",
        "Variant": "default"
      },
      "OrganizationID": "12c33fa8-00b1-4011-ad3e-19d56458b29c",
      "Permissions": {
        "Manage": {
          "UserIDs": {
            "c5818f81-ae4b-4d17-987f-743f19bdb0ca": true
          }
        },
        "ManageChildren": {
          "UserIDs": {
            "c5818f81-ae4b-4d17-987f-743f19bdb0ca": true
          }
        }
      },
      "Slug": "helm-rook-ceph-default-confighub-proof",
      "SpaceID": "9f6c723f-beaf-43c4-b1d5-34448c9fc3cc",
      "UpdatedAt": "2026-06-12T17:32:19.515543Z",
      "Version": 2,
      "WhereTrigger": "SpaceID = '9f6c723f-beaf-43c4-b1d5-34448c9fc3cc'"
    },
    "Unit": {
      "ApprovedBy": null,
      "CreatedAt": "0001-01-01T00:00:00Z",
      "DataHash": "8225d4fdbdfa82827af1042a9977328d1e360d1deac79eec78970a54d7ac922f",
      "EntityType": "Unit",
      "FromLinkID": null,
      "HeadRevisionNum": 2,
      "MutationSources": null,
      "OrganizationID": "12c33fa8-00b1-4011-ad3e-19d56458b29c",
      "Slug": "customresourcedefinition-objectbucketclaims-objectbucket-io",
      "SpaceID": "9f6c723f-beaf-43c4-b1d5-34448c9fc3cc",
      "ToolchainType": "Kubernetes/YAML",
      "UnitID": "ec2b131e-1f75-455a-824f-a1c3a151976a",
      "UpdatedAt": "0001-01-01T00:00:00Z",
      "Version": 6
    },
    "UnitStatus": {
      "Action": "N/A",
      "ActionResult": "None",
      "ActionStartedAt": "0001-01-01T00:00:00Z",
      "ActionTerminatedAt": "0001-01-01T00:00:00Z",
      "Drift": "N/A",
      "Status": "NotLive",
      "SyncStatus": "NotLive"
    }
  },
  {
    "Space": {
      "CreatedAt": "2026-06-12T17:32:19.005919Z",
      "CursorID": 4709,
      "DisplayName": "helm-rook-ceph-default-confighub-proof",
      "EntityType": "Space",
      "Labels": {
        "Component": "RookCeph",
        "Environment": "Demo",
        "Layer": "App",
        "Owner": "ConfigHubHelm",
        "Variant": "default"
      },
      "OrganizationID": "12c33fa8-00b1-4011-ad3e-19d56458b29c",
      "Permissions": {
        "Manage": {
          "UserIDs": {
            "c5818f81-ae4b-4d17-987f-743f19bdb0ca": true
          }
        },
        "ManageChildren": {
          "UserIDs": {
            "c5818f81-ae4b-4d17-987f-743f19bdb0ca": true
          }
        }
      },
      "Slug": "helm-rook-ceph-default-confighub-proof",
      "SpaceID": "9f6c723f-beaf-43c4-b1d5-34448c9fc3cc",
      "UpdatedAt": "2026-06-12T17:32:19.515543Z",
      "Version": 2,
      "WhereTrigger": "SpaceID = '9f6c723f-beaf-43c4-b1d5-34448c9fc3cc'"
    },
    "Unit": {
      "ApprovedBy": null,
      "CreatedAt": "0001-01-01T00:00:00Z",
      "DataHash": "adff02cd128c678a21893769d428b8ade8827e9b85638b7334a57c5627dc8d19",
      "EntityType": "Unit",
      "FromLinkID": null,
      "HeadRevisionNum": 2,
      "MutationSources": null,
      "OrganizationID": "12c33fa8-00b1-4011-ad3e-19d56458b29c",
      "Slug": "rolebinding-default-rook-ceph-cluster-mgmt",
      "SpaceID": "9f6c723f-beaf-43c4-b1d5-34448c9fc3cc",
      "ToolchainType": "Kubernetes/YAML",
      "UnitID": "f7567bc4-f73b-47de-ab3e-e2966d1c0098",
      "UpdatedAt": "0001-01-01T00:00:00Z",
      "Version": 15
    },
    "UnitStatus": {
      "Action": "N/A",
      "ActionResult": "None",
      "ActionStartedAt": "0001-01-01T00:00:00Z",
      "ActionTerminatedAt": "0001-01-01T00:00:00Z",
      "Drift": "N/A",
      "Status": "NotLive",
      "SyncStatus": "NotLive"
    }
  },
  {
    "Space": {
      "CreatedAt": "2026-06-12T17:32:19.005919Z",
      "CursorID": 4709,
      "DisplayName": "helm-rook-ceph-default-confighub-proof",
      "EntityType": "Space",
      "Labels": {
        "Component": "RookCeph",
        "Environment": "Demo",
        "Layer": "App",
        "Owner": "ConfigHubHelm",
        "Variant": "default"
      },
      "OrganizationID": "12c33fa8-00b1-4011-ad3e-19d56458b29c",
      "Permissions": {
        "Manage": {
          "UserIDs": {
            "c5818f81-ae4b-4d17-987f-743f19bdb0ca": true
          }
        },
        "ManageChildren": {
          "UserIDs": {
            "c5818f81-ae4b-4d17-987f-743f19bdb0ca": true
          }
        }
      },
      "Slug": "helm-rook-ceph-default-confighub-proof",
      "SpaceID": "9f6c723f-beaf-43c4-b1d5-34448c9fc3cc",
      "UpdatedAt": "2026-06-12T17:32:19.515543Z",
      "Version": 2,
      "WhereTrigger": "SpaceID = '9f6c723f-beaf-43c4-b1d5-34448c9fc3cc'"
    },
    "Unit": {
      "ApprovedBy": null,
      "CreatedAt": "0001-01-01T00:00:00Z",
      "DataHash": "0e2cdca41937f00e78c3f2d7934285f0f855454c4c65e941bbacf085e3cd70cf",
      "EntityType": "Unit",
      "FromLinkID": null,
      "HeadRevisionNum": 2,
      "MutationSources": null,
      "OrganizationID": "12c33fa8-00b1-4011-ad3e-19d56458b29c",
      "Slug": "customresourcedefinition-operatorconfigs-csi-ceph-io",
      "SpaceID": "9f6c723f-beaf-43c4-b1d5-34448c9fc3cc",
      "ToolchainType": "Kubernetes/YAML",
      "UnitID": "398f541a-33c5-4b75-bbcd-0f7a3fd9f1a5",
      "UpdatedAt": "0001-01-01T00:00:00Z",
      "Version": 6
    },
    "UnitStatus": {
      "Action": "N/A",
      "ActionResult": "None",
      "ActionStartedAt": "0001-01-01T00:00:00Z",
      "ActionTerminatedAt": "0001-01-01T00:00:00Z",
      "Drift": "N/A",
      "Status": "NotLive",
      "SyncStatus": "NotLive"
    }
  },
  {
    "Space": {
      "CreatedAt": "2026-06-12T17:32:19.005919Z",
      "CursorID": 4709,
      "DisplayName": "helm-rook-ceph-default-confighub-proof",
      "EntityType": "Space",
      "Labels": {
        "Component": "RookCeph",
        "Environment": "Demo",
        "Layer": "App",
        "Owner": "ConfigHubHelm",
        "Variant": "default"
      },
      "OrganizationID": "12c33fa8-00b1-4011-ad3e-19d56458b29c",
      "Permissions": {
        "Manage": {
          "UserIDs": {
            "c5818f81-ae4b-4d17-987f-743f19bdb0ca": true
          }
        },
        "ManageChildren": {
          "UserIDs": {
            "c5818f81-ae4b-4d17-987f-743f19bdb0ca": true
          }
        }
      },
      "Slug": "helm-rook-ceph-default-confighub-proof",
      "SpaceID": "9f6c723f-beaf-43c4-b1d5-34448c9fc3cc",
      "UpdatedAt": "2026-06-12T17:32:19.515543Z",
      "Version": 2,
      "WhereTrigger": "SpaceID = '9f6c723f-beaf-43c4-b1d5-34448c9fc3cc'"
    },
    "Unit": {
      "ApprovedBy": null,
      "CreatedAt": "0001-01-01T00:00:00Z",
      "DataHash": "3a1d5d0386317f3d24680584bc253b629faa04ad29ae8e7e4a25f470fee48edb",
      "EntityType": "Unit",
      "FromLinkID": null,
      "HeadRevisionNum": 2,
      "MutationSources": null,
      "OrganizationID": "12c33fa8-00b1-4011-ad3e-19d56458b29c",
      "Slug": "deployment-default-ceph-csi-controller-manager",
      "SpaceID": "9f6c723f-beaf-43c4-b1d5-34448c9fc3cc",
      "ToolchainType": "Kubernetes/YAML",
      "UnitID": "d97fa39f-c5e3-4b24-81e0-7270a33809b3",
      "UpdatedAt": "0001-01-01T00:00:00Z",
      "Version": 13
    },
    "UnitStatus": {
      "Action": "N/A",
      "ActionResult": "None",
      "ActionStartedAt": "0001-01-01T00:00:00Z",
      "ActionTerminatedAt": "0001-01-01T00:00:00Z",
      "Drift": "N/A",
      "Status": "NotLive",
      "SyncStatus": "NotLive"
    }
  },
  {
    "Space": {
      "CreatedAt": "2026-06-12T17:32:19.005919Z",
      "CursorID": 4709,
      "DisplayName": "helm-rook-ceph-default-confighub-proof",
      "EntityType": "Space",
      "Labels": {
        "Component": "RookCeph",
        "Environment": "Demo",
        "Layer": "App",
        "Owner": "ConfigHubHelm",
        "Variant": "default"
      },
      "OrganizationID": "12c33fa8-00b1-4011-ad3e-19d56458b29c",
      "Permissions": {
        "Manage": {
          "UserIDs": {
            "c5818f81-ae4b-4d17-987f-743f19bdb0ca": true
          }
        },
        "ManageChildren": {
          "UserIDs": {
            "c5818f81-ae4b-4d17-987f-743f19bdb0ca": true
          }
        }
      },
      "Slug": "helm-rook-ceph-default-confighub-proof",
      "SpaceID": "9f6c723f-beaf-43c4-b1d5-34448c9fc3cc",
      "UpdatedAt": "2026-06-12T17:32:19.515543Z",
      "Version": 2,
      "WhereTrigger": "SpaceID = '9f6c723f-beaf-43c4-b1d5-34448c9fc3cc'"
    },
    "Unit": {
      "ApprovedBy": null,
      "CreatedAt": "0001-01-01T00:00:00Z",
      "DataHash": "933b135fc165c49bab289ed9fb14eec1492f82344b8cc2354251311fc791289c",
      "EntityType": "Unit",
      "FromLinkID": null,
      "HeadRevisionNum": 1,
      "MutationSources": null,
      "OrganizationID": "12c33fa8-00b1-4011-ad3e-19d56458b29c",
      "Slug": "namespace-default",
      "SpaceID": "9f6c723f-beaf-43c4-b1d5-34448c9fc3cc",
      "ToolchainType": "Kubernetes/YAML",
      "UnitID": "86984c3b-fa21-44cc-87f2-e800cb6f089b",
      "UpdatedAt": "0001-01-01T00:00:00Z",
      "Version": 3
    },
    "UnitStatus": {
      "Action": "N/A",
      "ActionResult": "None",
      "ActionStartedAt": "0001-01-01T00:00:00Z",
      "ActionTerminatedAt": "0001-01-01T00:00:00Z",
      "Drift": "N/A",
      "Status": "NotLive",
      "SyncStatus": "NotLive"
    }
  },
  {
    "Space": {
      "CreatedAt": "2026-06-12T17:32:19.005919Z",
      "CursorID": 4709,
      "DisplayName": "helm-rook-ceph-default-confighub-proof",
      "EntityType": "Space",
      "Labels": {
        "Component": "RookCeph",
        "Environment": "Demo",
        "Layer": "App",
        "Owner": "ConfigHubHelm",
        "Variant": "default"
      },
      "OrganizationID": "12c33fa8-00b1-4011-ad3e-19d56458b29c",
      "Permissions": {
        "Manage": {
          "UserIDs": {
            "c5818f81-ae4b-4d17-987f-743f19bdb0ca": true
          }
        },
        "ManageChildren": {
          "UserIDs": {
            "c5818f81-ae4b-4d17-987f-743f19bdb0ca": true
          }
        }
      },
      "Slug": "helm-rook-ceph-default-confighub-proof",
      "SpaceID": "9f6c723f-beaf-43c4-b1d5-34448c9fc3cc",
      "UpdatedAt": "2026-06-12T17:32:19.515543Z",
      "Version": 2,
      "WhereTrigger": "SpaceID = '9f6c723f-beaf-43c4-b1d5-34448c9fc3cc'"
    },
    "Unit": {
      "ApprovedBy": null,
      "CreatedAt": "0001-01-01T00:00:00Z",
      "DataHash": "d788d88165a44bfa26faba37bba47f564469f3f9d4481749989384c6af6c6dc6",
      "EntityType": "Unit",
      "FromLinkID": null,
      "HeadRevisionNum": 2,
      "MutationSources": null,
      "OrganizationID": "12c33fa8-00b1-4011-ad3e-19d56458b29c",
      "Slug": "role-default-ceph-csi-cephfs-nodeplugin-r",
      "SpaceID": "9f6c723f-beaf-43c4-b1d5-34448c9fc3cc",
      "ToolchainType": "Kubernetes/YAML",
      "UnitID": "97a900af-189c-4cfc-acdd-348ef0305e76",
      "UpdatedAt": "0001-01-01T00:00:00Z",
      "Version": 10
    },
    "UnitStatus": {
      "Action": "N/A",
      "ActionResult": "None",
      "ActionStartedAt": "0001-01-01T00:00:00Z",
      "ActionTerminatedAt": "0001-01-01T00:00:00Z",
      "Drift": "N/A",
      "Status": "NotLive",
      "SyncStatus": "NotLive"
    }
  },
  {
    "Space": {
      "CreatedAt": "2026-06-12T17:32:19.005919Z",
      "CursorID": 4709,
      "DisplayName": "helm-rook-ceph-default-confighub-proof",
      "EntityType": "Space",
      "Labels": {
        "Component": "RookCeph",
        "Environment": "Demo",
        "Layer": "App",
        "Owner": "ConfigHubHelm",
        "Variant": "default"
      },
      "OrganizationID": "12c33fa8-00b1-4011-ad3e-19d56458b29c",
      "Permissions": {
        "Manage": {
          "UserIDs": {
            "c5818f81-ae4b-4d17-987f-743f19bdb0ca": true
          }
        },
        "ManageChildren": {
          "UserIDs": {
            "c5818f81-ae4b-4d17-987f-743f19bdb0ca": true
          }
        }
      },
      "Slug": "helm-rook-ceph-default-confighub-proof",
      "SpaceID": "9f6c723f-beaf-43c4-b1d5-34448c9fc3cc",
      "UpdatedAt": "2026-06-12T17:32:19.515543Z",
      "Version": 2,
      "WhereTrigger": "SpaceID = '9f6c723f-beaf-43c4-b1d5-34448c9fc3cc'"
    },
    "Unit": {
      "ApprovedBy": null,
      "CreatedAt": "0001-01-01T00:00:00Z",
      "DataHash": "213dacd3e90373038cead7d847db9dd4d7b366623ea0c76b7cec82cfa934cff0",
      "EntityType": "Unit",
      "FromLinkID": null,
      "HeadRevisionNum": 2,
      "MutationSources": null,
      "OrganizationID": "12c33fa8-00b1-4011-ad3e-19d56458b29c",
      "Slug": "role-default-cephfs-external-provisioner-cfg",
      "SpaceID": "9f6c723f-beaf-43c4-b1d5-34448c9fc3cc",
      "ToolchainType": "Kubernetes/YAML",
      "UnitID": "f3e5a836-9abf-471c-8c98-8ce0ba9a579c",
      "UpdatedAt": "0001-01-01T00:00:00Z",
      "Version": 10
    },
    "UnitStatus": {
      "Action": "N/A",
      "ActionResult": "None",
      "ActionStartedAt": "0001-01-01T00:00:00Z",
      "ActionTerminatedAt": "0001-01-01T00:00:00Z",
      "Drift": "N/A",
      "Status": "NotLive",
      "SyncStatus": "NotLive"
    }
  },
  {
    "Space": {
      "CreatedAt": "2026-06-12T17:32:19.005919Z",
      "CursorID": 4709,
      "DisplayName": "helm-rook-ceph-default-confighub-proof",
      "EntityType": "Space",
      "Labels": {
        "Component": "RookCeph",
        "Environment": "Demo",
        "Layer": "App",
        "Owner": "ConfigHubHelm",
        "Variant": "default"
      },
      "OrganizationID": "12c33fa8-00b1-4011-ad3e-19d56458b29c",
      "Permissions": {
        "Manage": {
          "UserIDs": {
            "c5818f81-ae4b-4d17-987f-743f19bdb0ca": true
          }
        },
        "ManageChildren": {
          "UserIDs": {
            "c5818f81-ae4b-4d17-987f-743f19bdb0ca": true
          }
        }
      },
      "Slug": "helm-rook-ceph-default-confighub-proof",
      "SpaceID": "9f6c723f-beaf-43c4-b1d5-34448c9fc3cc",
      "UpdatedAt": "2026-06-12T17:32:19.515543Z",
      "Version": 2,
      "WhereTrigger": "SpaceID = '9f6c723f-beaf-43c4-b1d5-34448c9fc3cc'"
    },
    "Unit": {
      "ApprovedBy": null,
      "CreatedAt": "0001-01-01T00:00:00Z",
      "DataHash": "ce697468b744c58275707ce328c133f62de1f1c0fa8daa3b279152c36a7b5132",
      "EntityType": "Unit",
      "FromLinkID": null,
      "HeadRevisionNum": 2,
      "MutationSources": null,
      "OrganizationID": "12c33fa8-00b1-4011-ad3e-19d56458b29c",
      "Slug": "rolebinding-default-cephfs-csi-provisioner-role-cfg",
      "SpaceID": "9f6c723f-beaf-43c4-b1d5-34448c9fc3cc",
      "ToolchainType": "Kubernetes/YAML",
      "UnitID": "97f68c8f-a48e-4a90-96b0-78f8dc454463",
      "UpdatedAt": "0001-01-01T00:00:00Z",
      "Version": 12
    },
    "UnitStatus": {
      "Action": "N/A",
      "ActionResult": "None",
      "ActionStartedAt": "0001-01-01T00:00:00Z",
      "ActionTerminatedAt": "0001-01-01T00:00:00Z",
      "Drift": "N/A",
      "Status": "NotLive",
      "SyncStatus": "NotLive"
    }
  },
  {
    "Space": {
      "CreatedAt": "2026-06-12T17:32:19.005919Z",
      "CursorID": 4709,
      "DisplayName": "helm-rook-ceph-default-confighub-proof",
      "EntityType": "Space",
      "Labels": {
        "Component": "RookCeph",
        "Environment": "Demo",
        "Layer": "App",
        "Owner": "ConfigHubHelm",
        "Variant": "default"
      },
      "OrganizationID": "12c33fa8-00b1-4011-ad3e-19d56458b29c",
      "Permissions": {
        "Manage": {
          "UserIDs": {
            "c5818f81-ae4b-4d17-987f-743f19bdb0ca": true
          }
        },
        "ManageChildren": {
          "UserIDs": {
            "c5818f81-ae4b-4d17-987f-743f19bdb0ca": true
          }
        }
      },
      "Slug": "helm-rook-ceph-default-confighub-proof",
      "SpaceID": "9f6c723f-beaf-43c4-b1d5-34448c9fc3cc",
      "UpdatedAt": "2026-06-12T17:32:19.515543Z",
      "Version": 2,
      "WhereTrigger": "SpaceID = '9f6c723f-beaf-43c4-b1d5-34448c9fc3cc'"
    },
    "Unit": {
      "ApprovedBy": null,
      "CreatedAt": "0001-01-01T00:00:00Z",
      "DataHash": "e0c098e3081af1121a52dbbc483d2b572719f56f483cfbede8b91520fcccaad4",
      "EntityType": "Unit",
      "FromLinkID": null,
      "HeadRevisionNum": 2,
      "MutationSources": null,
      "OrganizationID": "12c33fa8-00b1-4011-ad3e-19d56458b29c",
      "Slug": "clusterrolebinding-cephfs-csi-nodeplugin-role",
      "SpaceID": "9f6c723f-beaf-43c4-b1d5-34448c9fc3cc",
      "ToolchainType": "Kubernetes/YAML",
      "UnitID": "00a0859c-14a9-4e89-9779-71ce8ade45ce",
      "UpdatedAt": "0001-01-01T00:00:00Z",
      "Version": 15
    },
    "UnitStatus": {
      "Action": "N/A",
      "ActionResult": "None",
      "ActionStartedAt": "0001-01-01T00:00:00Z",
      "ActionTerminatedAt": "0001-01-01T00:00:00Z",
      "Drift": "N/A",
      "Status": "NotLive",
      "SyncStatus": "NotLive"
    }
  },
  {
    "Space": {
      "CreatedAt": "2026-06-12T17:32:19.005919Z",
      "CursorID": 4709,
      "DisplayName": "helm-rook-ceph-default-confighub-proof",
      "EntityType": "Space",
      "Labels": {
        "Component": "RookCeph",
        "Environment": "Demo",
        "Layer": "App",
        "Owner": "ConfigHubHelm",
        "Variant": "default"
      },
      "OrganizationID": "12c33fa8-00b1-4011-ad3e-19d56458b29c",
      "Permissions": {
        "Manage": {
          "UserIDs": {
            "c5818f81-ae4b-4d17-987f-743f19bdb0ca": true
          }
        },
        "ManageChildren": {
          "UserIDs": {
            "c5818f81-ae4b-4d17-987f-743f19bdb0ca": true
          }
        }
      },
      "Slug": "helm-rook-ceph-default-confighub-proof",
      "SpaceID": "9f6c723f-beaf-43c4-b1d5-34448c9fc3cc",
      "UpdatedAt": "2026-06-12T17:32:19.515543Z",
      "Version": 2,
      "WhereTrigger": "SpaceID = '9f6c723f-beaf-43c4-b1d5-34448c9fc3cc'"
    },
    "Unit": {
      "ApprovedBy": null,
      "CreatedAt": "0001-01-01T00:00:00Z",
      "DataHash": "d6061ec0539e1af198acb79e1e261256ce4d00b341532b34baa3d5ed03f443c8",
      "EntityType": "Unit",
      "FromLinkID": null,
      "HeadRevisionNum": 2,
      "MutationSources": null,
      "OrganizationID": "12c33fa8-00b1-4011-ad3e-19d56458b29c",
      "Slug": "rolebinding-default-rook-ceph-osd",
      "SpaceID": "9f6c723f-beaf-43c4-b1d5-34448c9fc3cc",
      "ToolchainType": "Kubernetes/YAML",
      "UnitID": "896bad3c-3bdf-451b-a92e-597f3cddcd51",
      "UpdatedAt": "0001-01-01T00:00:00Z",
      "Version": 15
    },
    "UnitStatus": {
      "Action": "N/A",
      "ActionResult": "None",
      "ActionStartedAt": "0001-01-01T00:00:00Z",
      "ActionTerminatedAt": "0001-01-01T00:00:00Z",
      "Drift": "N/A",
      "Status": "NotLive",
      "SyncStatus": "NotLive"
    }
  },
  {
    "Space": {
      "CreatedAt": "2026-06-12T17:32:19.005919Z",
      "CursorID": 4709,
      "DisplayName": "helm-rook-ceph-default-confighub-proof",
      "EntityType": "Space",
      "Labels": {
        "Component": "RookCeph",
        "Environment": "Demo",
        "Layer": "App",
        "Owner": "ConfigHubHelm",
        "Variant": "default"
      },
      "OrganizationID": "12c33fa8-00b1-4011-ad3e-19d56458b29c",
      "Permissions": {
        "Manage": {
          "UserIDs": {
            "c5818f81-ae4b-4d17-987f-743f19bdb0ca": true
          }
        },
        "ManageChildren": {
          "UserIDs": {
            "c5818f81-ae4b-4d17-987f-743f19bdb0ca": true
          }
        }
      },
      "Slug": "helm-rook-ceph-default-confighub-proof",
      "SpaceID": "9f6c723f-beaf-43c4-b1d5-34448c9fc3cc",
      "UpdatedAt": "2026-06-12T17:32:19.515543Z",
      "Version": 2,
      "WhereTrigger": "SpaceID = '9f6c723f-beaf-43c4-b1d5-34448c9fc3cc'"
    },
    "Unit": {
      "ApprovedBy": null,
      "CreatedAt": "0001-01-01T00:00:00Z",
      "DataHash": "1aed630086e743e486c941961abc4c8f899dcb344a7a66a8cf22311a9da49077",
      "EntityType": "Unit",
      "FromLinkID": null,
      "HeadRevisionNum": 2,
      "MutationSources": null,
      "OrganizationID": "12c33fa8-00b1-4011-ad3e-19d56458b29c",
      "Slug": "clusterrolebinding-rbd-csi-nodeplugin",
      "SpaceID": "9f6c723f-beaf-43c4-b1d5-34448c9fc3cc",
      "ToolchainType": "Kubernetes/YAML",
      "UnitID": "45323b21-9941-49e6-99d7-d2826760b2b1",
      "UpdatedAt": "0001-01-01T00:00:00Z",
      "Version": 15
    },
    "UnitStatus": {
      "Action": "N/A",
      "ActionResult": "None",
      "ActionStartedAt": "0001-01-01T00:00:00Z",
      "ActionTerminatedAt": "0001-01-01T00:00:00Z",
      "Drift": "N/A",
      "Status": "NotLive",
      "SyncStatus": "NotLive"
    }
  },
  {
    "Space": {
      "CreatedAt": "2026-06-12T17:32:19.005919Z",
      "CursorID": 4709,
      "DisplayName": "helm-rook-ceph-default-confighub-proof",
      "EntityType": "Space",
      "Labels": {
        "Component": "RookCeph",
        "Environment": "Demo",
        "Layer": "App",
        "Owner": "ConfigHubHelm",
        "Variant": "default"
      },
      "OrganizationID": "12c33fa8-00b1-4011-ad3e-19d56458b29c",
      "Permissions": {
        "Manage": {
          "UserIDs": {
            "c5818f81-ae4b-4d17-987f-743f19bdb0ca": true
          }
        },
        "ManageChildren": {
          "UserIDs": {
            "c5818f81-ae4b-4d17-987f-743f19bdb0ca": true
          }
        }
      },
      "Slug": "helm-rook-ceph-default-confighub-proof",
      "SpaceID": "9f6c723f-beaf-43c4-b1d5-34448c9fc3cc",
      "UpdatedAt": "2026-06-12T17:32:19.515543Z",
      "Version": 2,
      "WhereTrigger": "SpaceID = '9f6c723f-beaf-43c4-b1d5-34448c9fc3cc'"
    },
    "Unit": {
      "ApprovedBy": null,
      "CreatedAt": "0001-01-01T00:00:00Z",
      "DataHash": "c183da3f51f04857bf3e11cda4978aa821f9cd40c8f5f47aa16eda56a6d48f12",
      "EntityType": "Unit",
      "FromLinkID": null,
      "HeadRevisionNum": 1,
      "MutationSources": null,
      "OrganizationID": "12c33fa8-00b1-4011-ad3e-19d56458b29c",
      "Slug": "serviceaccount-default-ceph-csi-controller-manager",
      "SpaceID": "9f6c723f-beaf-43c4-b1d5-34448c9fc3cc",
      "ToolchainType": "Kubernetes/YAML",
      "UnitID": "318923e3-8f3f-4a9f-b868-7c482c32b239",
      "UpdatedAt": "0001-01-01T00:00:00Z",
      "Version": 6
    },
    "UnitStatus": {
      "Action": "N/A",
      "ActionResult": "None",
      "ActionStartedAt": "0001-01-01T00:00:00Z",
      "ActionTerminatedAt": "0001-01-01T00:00:00Z",
      "Drift": "N/A",
      "Status": "NotLive",
      "SyncStatus": "NotLive"
    }
  },
  {
    "Space": {
      "CreatedAt": "2026-06-12T17:32:19.005919Z",
      "CursorID": 4709,
      "DisplayName": "helm-rook-ceph-default-confighub-proof",
      "EntityType": "Space",
      "Labels": {
        "Component": "RookCeph",
        "Environment": "Demo",
        "Layer": "App",
        "Owner": "ConfigHubHelm",
        "Variant": "default"
      },
      "OrganizationID": "12c33fa8-00b1-4011-ad3e-19d56458b29c",
      "Permissions": {
        "Manage": {
          "UserIDs": {
            "c5818f81-ae4b-4d17-987f-743f19bdb0ca": true
          }
        },
        "ManageChildren": {
          "UserIDs": {
            "c5818f81-ae4b-4d17-987f-743f19bdb0ca": true
          }
        }
      },
      "Slug": "helm-rook-ceph-default-confighub-proof",
      "SpaceID": "9f6c723f-beaf-43c4-b1d5-34448c9fc3cc",
      "UpdatedAt": "2026-06-12T17:32:19.515543Z",
      "Version": 2,
      "WhereTrigger": "SpaceID = '9f6c723f-beaf-43c4-b1d5-34448c9fc3cc'"
    },
    "Unit": {
      "ApprovedBy": null,
      "CreatedAt": "0001-01-01T00:00:00Z",
      "DataHash": "d9e23c7eff7f954fbb18c6c49edd8ee8034b4f39a191b717ce97e31a0f51776a",
      "EntityType": "Unit",
      "FromLinkID": null,
      "HeadRevisionNum": 1,
      "MutationSources": null,
      "OrganizationID": "12c33fa8-00b1-4011-ad3e-19d56458b29c",
      "Slug": "serviceaccount-default-ceph-csi-nfs-nodeplugin-sa",
      "SpaceID": "9f6c723f-beaf-43c4-b1d5-34448c9fc3cc",
      "ToolchainType": "Kubernetes/YAML",
      "UnitID": "ac7deb9d-9ed7-482f-9bb0-83d58e091d2f",
      "UpdatedAt": "0001-01-01T00:00:00Z",
      "Version": 6
    },
    "UnitStatus": {
      "Action": "N/A",
      "ActionResult": "None",
      "ActionStartedAt": "0001-01-01T00:00:00Z",
      "ActionTerminatedAt": "0001-01-01T00:00:00Z",
      "Drift": "N/A",
      "Status": "NotLive",
      "SyncStatus": "NotLive"
    }
  },
  {
    "Space": {
      "CreatedAt": "2026-06-12T17:32:19.005919Z",
      "CursorID": 4709,
      "DisplayName": "helm-rook-ceph-default-confighub-proof",
      "EntityType": "Space",
      "Labels": {
        "Component": "RookCeph",
        "Environment": "Demo",
        "Layer": "App",
        "Owner": "ConfigHubHelm",
        "Variant": "default"
      },
      "OrganizationID": "12c33fa8-00b1-4011-ad3e-19d56458b29c",
      "Permissions": {
        "Manage": {
          "UserIDs": {
            "c5818f81-ae4b-4d17-987f-743f19bdb0ca": true
          }
        },
        "ManageChildren": {
          "UserIDs": {
            "c5818f81-ae4b-4d17-987f-743f19bdb0ca": true
          }
        }
      },
      "Slug": "helm-rook-ceph-default-confighub-proof",
      "SpaceID": "9f6c723f-beaf-43c4-b1d5-34448c9fc3cc",
      "UpdatedAt": "2026-06-12T17:32:19.515543Z",
      "Version": 2,
      "WhereTrigger": "SpaceID = '9f6c723f-beaf-43c4-b1d5-34448c9fc3cc'"
    },
    "Unit": {
      "ApprovedBy": null,
      "CreatedAt": "0001-01-01T00:00:00Z",
      "DataHash": "725dacbed122f262f4992ecdc8acc276eb615b45213542c0f485f1418106af0e",
      "EntityType": "Unit",
      "FromLinkID": null,
      "HeadRevisionNum": 1,
      "MutationSources": null,
      "OrganizationID": "12c33fa8-00b1-4011-ad3e-19d56458b29c",
      "Slug": "serviceaccount-default-ceph-csi-nvmeof-ctrlplugin-sa",
      "SpaceID": "9f6c723f-beaf-43c4-b1d5-34448c9fc3cc",
      "ToolchainType": "Kubernetes/YAML",
      "UnitID": "805d7bfd-1bf1-46ee-809d-436911ee0610",
      "UpdatedAt": "0001-01-01T00:00:00Z",
      "Version": 6
    },
    "UnitStatus": {
      "Action": "N/A",
      "ActionResult": "None",
      "ActionStartedAt": "0001-01-01T00:00:00Z",
      "ActionTerminatedAt": "0001-01-01T00:00:00Z",
      "Drift": "N/A",
      "Status": "NotLive",
      "SyncStatus": "NotLive"
    }
  },
  {
    "Space": {
      "CreatedAt": "2026-06-12T17:32:19.005919Z",
      "CursorID": 4709,
      "DisplayName": "helm-rook-ceph-default-confighub-proof",
      "EntityType": "Space",
      "Labels": {
        "Component": "RookCeph",
        "Environment": "Demo",
        "Layer": "App",
        "Owner": "ConfigHubHelm",
        "Variant": "default"
      },
      "OrganizationID": "12c33fa8-00b1-4011-ad3e-19d56458b29c",
      "Permissions": {
        "Manage": {
          "UserIDs": {
            "c5818f81-ae4b-4d17-987f-743f19bdb0ca": true
          }
        },
        "ManageChildren": {
          "UserIDs": {
            "c5818f81-ae4b-4d17-987f-743f19bdb0ca": true
          }
        }
      },
      "Slug": "helm-rook-ceph-default-confighub-proof",
      "SpaceID": "9f6c723f-beaf-43c4-b1d5-34448c9fc3cc",
      "UpdatedAt": "2026-06-12T17:32:19.515543Z",
      "Version": 2,
      "WhereTrigger": "SpaceID = '9f6c723f-beaf-43c4-b1d5-34448c9fc3cc'"
    },
    "Unit": {
      "ApprovedBy": null,
      "CreatedAt": "0001-01-01T00:00:00Z",
      "DataHash": "cd46c9dd65b1caeddddfae352155942344a0132ded5ee0326fa712c9d61a20e8",
      "EntityType": "Unit",
      "FromLinkID": null,
      "HeadRevisionNum": 1,
      "MutationSources": null,
      "OrganizationID": "12c33fa8-00b1-4011-ad3e-19d56458b29c",
      "Slug": "serviceaccount-default-ceph-csi-rbd-nodeplugin-sa",
      "SpaceID": "9f6c723f-beaf-43c4-b1d5-34448c9fc3cc",
      "ToolchainType": "Kubernetes/YAML",
      "UnitID": "bac17450-77a2-481d-b504-842626ae426b",
      "UpdatedAt": "0001-01-01T00:00:00Z",
      "Version": 6
    },
    "UnitStatus": {
      "Action": "N/A",
      "ActionResult": "None",
      "ActionStartedAt": "0001-01-01T00:00:00Z",
      "ActionTerminatedAt": "0001-01-01T00:00:00Z",
      "Drift": "N/A",
      "Status": "NotLive",
      "SyncStatus": "NotLive"
    }
  },
  {
    "Space": {
      "CreatedAt": "2026-06-12T17:32:19.005919Z",
      "CursorID": 4709,
      "DisplayName": "helm-rook-ceph-default-confighub-proof",
      "EntityType": "Space",
      "Labels": {
        "Component": "RookCeph",
        "Environment": "Demo",
        "Layer": "App",
        "Owner": "ConfigHubHelm",
        "Variant": "default"
      },
      "OrganizationID": "12c33fa8-00b1-4011-ad3e-19d56458b29c",
      "Permissions": {
        "Manage": {
          "UserIDs": {
            "c5818f81-ae4b-4d17-987f-743f19bdb0ca": true
          }
        },
        "ManageChildren": {
          "UserIDs": {
            "c5818f81-ae4b-4d17-987f-743f19bdb0ca": true
          }
        }
      },
      "Slug": "helm-rook-ceph-default-confighub-proof",
      "SpaceID": "9f6c723f-beaf-43c4-b1d5-34448c9fc3cc",
      "UpdatedAt": "2026-06-12T17:32:19.515543Z",
      "Version": 2,
      "WhereTrigger": "SpaceID = '9f6c723f-beaf-43c4-b1d5-34448c9fc3cc'"
    },
    "Unit": {
      "ApprovedBy": null,
      "CreatedAt": "0001-01-01T00:00:00Z",
      "DataHash": "2cb0e9ceb27ce8e8c68c222e2b87241b8b14fd84145c408a7ca4fa37c5b83d21",
      "EntityType": "Unit",
      "FromLinkID": null,
      "HeadRevisionNum": 2,
      "MutationSources": null,
      "OrganizationID": "12c33fa8-00b1-4011-ad3e-19d56458b29c",
      "Slug": "clusterrolebinding-rook-ceph-mgr-cluster",
      "SpaceID": "9f6c723f-beaf-43c4-b1d5-34448c9fc3cc",
      "ToolchainType": "Kubernetes/YAML",
      "UnitID": "64c92ddc-e654-41c7-a95f-a419a8ff6b9d",
      "UpdatedAt": "0001-01-01T00:00:00Z",
      "Version": 15
    },
    "UnitStatus": {
      "Action": "N/A",
      "ActionResult": "None",
      "ActionStartedAt": "0001-01-01T00:00:00Z",
      "ActionTerminatedAt": "0001-01-01T00:00:00Z",
      "Drift": "N/A",
      "Status": "NotLive",
      "SyncStatus": "NotLive"
    }
  },
  {
    "Space": {
      "CreatedAt": "2026-06-12T17:32:19.005919Z",
      "CursorID": 4709,
      "DisplayName": "helm-rook-ceph-default-confighub-proof",
      "EntityType": "Space",
      "Labels": {
        "Component": "RookCeph",
        "Environment": "Demo",
        "Layer": "App",
        "Owner": "ConfigHubHelm",
        "Variant": "default"
      },
      "OrganizationID": "12c33fa8-00b1-4011-ad3e-19d56458b29c",
      "Permissions": {
        "Manage": {
          "UserIDs": {
            "c5818f81-ae4b-4d17-987f-743f19bdb0ca": true
          }
        },
        "ManageChildren": {
          "UserIDs": {
            "c5818f81-ae4b-4d17-987f-743f19bdb0ca": true
          }
        }
      },
      "Slug": "helm-rook-ceph-default-confighub-proof",
      "SpaceID": "9f6c723f-beaf-43c4-b1d5-34448c9fc3cc",
      "UpdatedAt": "2026-06-12T17:32:19.515543Z",
      "Version": 2,
      "WhereTrigger": "SpaceID = '9f6c723f-beaf-43c4-b1d5-34448c9fc3cc'"
    },
    "Unit": {
      "ApprovedBy": null,
      "CreatedAt": "0001-01-01T00:00:00Z",
      "DataHash": "55d75be2750a21d4df489018c472af15fde3b9db8c69e4d442400d11c7b98053",
      "EntityType": "Unit",
      "FromLinkID": null,
      "HeadRevisionNum": 1,
      "MutationSources": null,
      "OrganizationID": "12c33fa8-00b1-4011-ad3e-19d56458b29c",
      "Slug": "serviceaccount-default-objectstorage-provisioner",
      "SpaceID": "9f6c723f-beaf-43c4-b1d5-34448c9fc3cc",
      "ToolchainType": "Kubernetes/YAML",
      "UnitID": "b457c654-717f-4b3e-aa41-392345b1a9f7",
      "UpdatedAt": "0001-01-01T00:00:00Z",
      "Version": 6
    },
    "UnitStatus": {
      "Action": "N/A",
      "ActionResult": "None",
      "ActionStartedAt": "0001-01-01T00:00:00Z",
      "ActionTerminatedAt": "0001-01-01T00:00:00Z",
      "Drift": "N/A",
      "Status": "NotLive",
      "SyncStatus": "NotLive"
    }
  },
  {
    "Space": {
      "CreatedAt": "2026-06-12T17:32:19.005919Z",
      "CursorID": 4709,
      "DisplayName": "helm-rook-ceph-default-confighub-proof",
      "EntityType": "Space",
      "Labels": {
        "Component": "RookCeph",
        "Environment": "Demo",
        "Layer": "App",
        "Owner": "ConfigHubHelm",
        "Variant": "default"
      },
      "OrganizationID": "12c33fa8-00b1-4011-ad3e-19d56458b29c",
      "Permissions": {
        "Manage": {
          "UserIDs": {
            "c5818f81-ae4b-4d17-987f-743f19bdb0ca": true
          }
        },
        "ManageChildren": {
          "UserIDs": {
            "c5818f81-ae4b-4d17-987f-743f19bdb0ca": true
          }
        }
      },
      "Slug": "helm-rook-ceph-default-confighub-proof",
      "SpaceID": "9f6c723f-beaf-43c4-b1d5-34448c9fc3cc",
      "UpdatedAt": "2026-06-12T17:32:19.515543Z",
      "Version": 2,
      "WhereTrigger": "SpaceID = '9f6c723f-beaf-43c4-b1d5-34448c9fc3cc'"
    },
    "Unit": {
      "ApprovedBy": null,
      "CreatedAt": "0001-01-01T00:00:00Z",
      "DataHash": "c191362f075e08d7f1d7439ab676e564552cd305caf323cb4c1308faf3885aa6",
      "EntityType": "Unit",
      "FromLinkID": null,
      "HeadRevisionNum": 1,
      "MutationSources": null,
      "OrganizationID": "12c33fa8-00b1-4011-ad3e-19d56458b29c",
      "Slug": "serviceaccount-default-rook-ceph-default",
      "SpaceID": "9f6c723f-beaf-43c4-b1d5-34448c9fc3cc",
      "ToolchainType": "Kubernetes/YAML",
      "UnitID": "054b2dcc-5753-4756-8f79-7e6acb3ff4e6",
      "UpdatedAt": "0001-01-01T00:00:00Z",
      "Version": 6
    },
    "UnitStatus": {
      "Action": "N/A",
      "ActionResult": "None",
      "ActionStartedAt": "0001-01-01T00:00:00Z",
      "ActionTerminatedAt": "0001-01-01T00:00:00Z",
      "Drift": "N/A",
      "Status": "NotLive",
      "SyncStatus": "NotLive"
    }
  },
  {
    "Space": {
      "CreatedAt": "2026-06-12T17:32:19.005919Z",
      "CursorID": 4709,
      "DisplayName": "helm-rook-ceph-default-confighub-proof",
      "EntityType": "Space",
      "Labels": {
        "Component": "RookCeph",
        "Environment": "Demo",
        "Layer": "App",
        "Owner": "ConfigHubHelm",
        "Variant": "default"
      },
      "OrganizationID": "12c33fa8-00b1-4011-ad3e-19d56458b29c",
      "Permissions": {
        "Manage": {
          "UserIDs": {
            "c5818f81-ae4b-4d17-987f-743f19bdb0ca": true
          }
        },
        "ManageChildren": {
          "UserIDs": {
            "c5818f81-ae4b-4d17-987f-743f19bdb0ca": true
          }
        }
      },
      "Slug": "helm-rook-ceph-default-confighub-proof",
      "SpaceID": "9f6c723f-beaf-43c4-b1d5-34448c9fc3cc",
      "UpdatedAt": "2026-06-12T17:32:19.515543Z",
      "Version": 2,
      "WhereTrigger": "SpaceID = '9f6c723f-beaf-43c4-b1d5-34448c9fc3cc'"
    },
    "Unit": {
      "ApprovedBy": null,
      "CreatedAt": "0001-01-01T00:00:00Z",
      "DataHash": "fc24e586a12d2163f8a677bc8b9b0d479037101ff2bd5b7ef79866197ff5a3a4",
      "EntityType": "Unit",
      "FromLinkID": null,
      "HeadRevisionNum": 1,
      "MutationSources": null,
      "OrganizationID": "12c33fa8-00b1-4011-ad3e-19d56458b29c",
      "Slug": "serviceaccount-default-rook-ceph-mgr",
      "SpaceID": "9f6c723f-beaf-43c4-b1d5-34448c9fc3cc",
      "ToolchainType": "Kubernetes/YAML",
      "UnitID": "105cbe3e-d968-4c22-b308-f4fab6e592e7",
      "UpdatedAt": "0001-01-01T00:00:00Z",
      "Version": 6
    },
    "UnitStatus": {
      "Action": "N/A",
      "ActionResult": "None",
      "ActionStartedAt": "0001-01-01T00:00:00Z",
      "ActionTerminatedAt": "0001-01-01T00:00:00Z",
      "Drift": "N/A",
      "Status": "NotLive",
      "SyncStatus": "NotLive"
    }
  },
  {
    "Space": {
      "CreatedAt": "2026-06-12T17:32:19.005919Z",
      "CursorID": 4709,
      "DisplayName": "helm-rook-ceph-default-confighub-proof",
      "EntityType": "Space",
      "Labels": {
        "Component": "RookCeph",
        "Environment": "Demo",
        "Layer": "App",
        "Owner": "ConfigHubHelm",
        "Variant": "default"
      },
      "OrganizationID": "12c33fa8-00b1-4011-ad3e-19d56458b29c",
      "Permissions": {
        "Manage": {
          "UserIDs": {
            "c5818f81-ae4b-4d17-987f-743f19bdb0ca": true
          }
        },
        "ManageChildren": {
          "UserIDs": {
            "c5818f81-ae4b-4d17-987f-743f19bdb0ca": true
          }
        }
      },
      "Slug": "helm-rook-ceph-default-confighub-proof",
      "SpaceID": "9f6c723f-beaf-43c4-b1d5-34448c9fc3cc",
      "UpdatedAt": "2026-06-12T17:32:19.515543Z",
      "Version": 2,
      "WhereTrigger": "SpaceID = '9f6c723f-beaf-43c4-b1d5-34448c9fc3cc'"
    },
    "Unit": {
      "ApprovedBy": null,
      "CreatedAt": "0001-01-01T00:00:00Z",
      "DataHash": "9ce40943f4b6b2cd673efa9b3afbca0f4589b8a217541f509188bb7278560e45",
      "EntityType": "Unit",
      "FromLinkID": null,
      "HeadRevisionNum": 1,
      "MutationSources": null,
      "OrganizationID": "12c33fa8-00b1-4011-ad3e-19d56458b29c",
      "Slug": "serviceaccount-default-rook-ceph-nvmeof",
      "SpaceID": "9f6c723f-beaf-43c4-b1d5-34448c9fc3cc",
      "ToolchainType": "Kubernetes/YAML",
      "UnitID": "b1668173-186f-4e05-9fe1-d133c2e93262",
      "UpdatedAt": "0001-01-01T00:00:00Z",
      "Version": 6
    },
    "UnitStatus": {
      "Action": "N/A",
      "ActionResult": "None",
      "ActionStartedAt": "0001-01-01T00:00:00Z",
      "ActionTerminatedAt": "0001-01-01T00:00:00Z",
      "Drift": "N/A",
      "Status": "NotLive",
      "SyncStatus": "NotLive"
    }
  },
  {
    "Space": {
      "CreatedAt": "2026-06-12T17:32:19.005919Z",
      "CursorID": 4709,
      "DisplayName": "helm-rook-ceph-default-confighub-proof",
      "EntityType": "Space",
      "Labels": {
        "Component": "RookCeph",
        "Environment": "Demo",
        "Layer": "App",
        "Owner": "ConfigHubHelm",
        "Variant": "default"
      },
      "OrganizationID": "12c33fa8-00b1-4011-ad3e-19d56458b29c",
      "Permissions": {
        "Manage": {
          "UserIDs": {
            "c5818f81-ae4b-4d17-987f-743f19bdb0ca": true
          }
        },
        "ManageChildren": {
          "UserIDs": {
            "c5818f81-ae4b-4d17-987f-743f19bdb0ca": true
          }
        }
      },
      "Slug": "helm-rook-ceph-default-confighub-proof",
      "SpaceID": "9f6c723f-beaf-43c4-b1d5-34448c9fc3cc",
      "UpdatedAt": "2026-06-12T17:32:19.515543Z",
      "Version": 2,
      "WhereTrigger": "SpaceID = '9f6c723f-beaf-43c4-b1d5-34448c9fc3cc'"
    },
    "Unit": {
      "ApprovedBy": null,
      "CreatedAt": "0001-01-01T00:00:00Z",
      "DataHash": "63d8779d1eef03d20625611836cc791974617792c13bb415762ab396ed24c1b2",
      "EntityType": "Unit",
      "FromLinkID": null,
      "HeadRevisionNum": 1,
      "MutationSources": null,
      "OrganizationID": "12c33fa8-00b1-4011-ad3e-19d56458b29c",
      "Slug": "serviceaccount-default-rook-ceph-purge-osd",
      "SpaceID": "9f6c723f-beaf-43c4-b1d5-34448c9fc3cc",
      "ToolchainType": "Kubernetes/YAML",
      "UnitID": "b8ef5188-e050-4b0f-b5d0-59bddd174e01",
      "UpdatedAt": "0001-01-01T00:00:00Z",
      "Version": 6
    },
    "UnitStatus": {
      "Action": "N/A",
      "ActionResult": "None",
      "ActionStartedAt": "0001-01-01T00:00:00Z",
      "ActionTerminatedAt": "0001-01-01T00:00:00Z",
      "Drift": "N/A",
      "Status": "NotLive",
      "SyncStatus": "NotLive"
    }
  },
  {
    "Space": {
      "CreatedAt": "2026-06-12T17:32:19.005919Z",
      "CursorID": 4709,
      "DisplayName": "helm-rook-ceph-default-confighub-proof",
      "EntityType": "Space",
      "Labels": {
        "Component": "RookCeph",
        "Environment": "Demo",
        "Layer": "App",
        "Owner": "ConfigHubHelm",
        "Variant": "default"
      },
      "OrganizationID": "12c33fa8-00b1-4011-ad3e-19d56458b29c",
      "Permissions": {
        "Manage": {
          "UserIDs": {
            "c5818f81-ae4b-4d17-987f-743f19bdb0ca": true
          }
        },
        "ManageChildren": {
          "UserIDs": {
            "c5818f81-ae4b-4d17-987f-743f19bdb0ca": true
          }
        }
      },
      "Slug": "helm-rook-ceph-default-confighub-proof",
      "SpaceID": "9f6c723f-beaf-43c4-b1d5-34448c9fc3cc",
      "UpdatedAt": "2026-06-12T17:32:19.515543Z",
      "Version": 2,
      "WhereTrigger": "SpaceID = '9f6c723f-beaf-43c4-b1d5-34448c9fc3cc'"
    },
    "Unit": {
      "ApprovedBy": null,
      "CreatedAt": "0001-01-01T00:00:00Z",
      "DataHash": "7aa2907ac1c94d3c60ca694b80ab41aa4bf71e4e7fa824584c7cc6b0146226a2",
      "EntityType": "Unit",
      "FromLinkID": null,
      "HeadRevisionNum": 1,
      "MutationSources": null,
      "OrganizationID": "12c33fa8-00b1-4011-ad3e-19d56458b29c",
      "Slug": "serviceaccount-default-rook-ceph-rgw",
      "SpaceID": "9f6c723f-beaf-43c4-b1d5-34448c9fc3cc",
      "ToolchainType": "Kubernetes/YAML",
      "UnitID": "2c56261b-3bb4-49da-9015-85ad52388307",
      "UpdatedAt": "0001-01-01T00:00:00Z",
      "Version": 6
    },
    "UnitStatus": {
      "Action": "N/A",
      "ActionResult": "None",
      "ActionStartedAt": "0001-01-01T00:00:00Z",
      "ActionTerminatedAt": "0001-01-01T00:00:00Z",
      "Drift": "N/A",
      "Status": "NotLive",
      "SyncStatus": "NotLive"
    }
  },
  {
    "Space": {
      "CreatedAt": "2026-06-12T17:32:19.005919Z",
      "CursorID": 4709,
      "DisplayName": "helm-rook-ceph-default-confighub-proof",
      "EntityType": "Space",
      "Labels": {
        "Component": "RookCeph",
        "Environment": "Demo",
        "Layer": "App",
        "Owner": "ConfigHubHelm",
        "Variant": "default"
      },
      "OrganizationID": "12c33fa8-00b1-4011-ad3e-19d56458b29c",
      "Permissions": {
        "Manage": {
          "UserIDs": {
            "c5818f81-ae4b-4d17-987f-743f19bdb0ca": true
          }
        },
        "ManageChildren": {
          "UserIDs": {
            "c5818f81-ae4b-4d17-987f-743f19bdb0ca": true
          }
        }
      },
      "Slug": "helm-rook-ceph-default-confighub-proof",
      "SpaceID": "9f6c723f-beaf-43c4-b1d5-34448c9fc3cc",
      "UpdatedAt": "2026-06-12T17:32:19.515543Z",
      "Version": 2,
      "WhereTrigger": "SpaceID = '9f6c723f-beaf-43c4-b1d5-34448c9fc3cc'"
    },
    "Unit": {
      "ApprovedBy": null,
      "CreatedAt": "0001-01-01T00:00:00Z",
      "DataHash": "19196d0c04cebc500bd7ec2e237358934de6bf215a57e59389a1f32e55c163bd",
      "EntityType": "Unit",
      "FromLinkID": null,
      "HeadRevisionNum": 1,
      "MutationSources": null,
      "OrganizationID": "12c33fa8-00b1-4011-ad3e-19d56458b29c",
      "Slug": "serviceaccount-default-rook-ceph-system",
      "SpaceID": "9f6c723f-beaf-43c4-b1d5-34448c9fc3cc",
      "ToolchainType": "Kubernetes/YAML",
      "UnitID": "1077a015-1ba4-410c-aec2-28d8c4a2556c",
      "UpdatedAt": "0001-01-01T00:00:00Z",
      "Version": 6
    },
    "UnitStatus": {
      "Action": "N/A",
      "ActionResult": "None",
      "ActionStartedAt": "0001-01-01T00:00:00Z",
      "ActionTerminatedAt": "0001-01-01T00:00:00Z",
      "Drift": "N/A",
      "Status": "NotLive",
      "SyncStatus": "NotLive"
    }
  },
  {
    "Space": {
      "CreatedAt": "2026-06-12T17:32:19.005919Z",
      "CursorID": 4709,
      "DisplayName": "helm-rook-ceph-default-confighub-proof",
      "EntityType": "Space",
      "Labels": {
        "Component": "RookCeph",
        "Environment": "Demo",
        "Layer": "App",
        "Owner": "ConfigHubHelm",
        "Variant": "default"
      },
      "OrganizationID": "12c33fa8-00b1-4011-ad3e-19d56458b29c",
      "Permissions": {
        "Manage": {
          "UserIDs": {
            "c5818f81-ae4b-4d17-987f-743f19bdb0ca": true
          }
        },
        "ManageChildren": {
          "UserIDs": {
            "c5818f81-ae4b-4d17-987f-743f19bdb0ca": true
          }
        }
      },
      "Slug": "helm-rook-ceph-default-confighub-proof",
      "SpaceID": "9f6c723f-beaf-43c4-b1d5-34448c9fc3cc",
      "UpdatedAt": "2026-06-12T17:32:19.515543Z",
      "Version": 2,
      "WhereTrigger": "SpaceID = '9f6c723f-beaf-43c4-b1d5-34448c9fc3cc'"
    },
    "Unit": {
      "ApprovedBy": null,
      "CreatedAt": "0001-01-01T00:00:00Z",
      "DataHash": "13350fbc2ba98d9827903d4bc217c9c1da5dd76809611e96d72a8397026b6d31",
      "EntityType": "Unit",
      "FromLinkID": null,
      "HeadRevisionNum": 1,
      "MutationSources": null,
      "OrganizationID": "12c33fa8-00b1-4011-ad3e-19d56458b29c",
      "Slug": "serviceaccount-default-rook-csi-cephfs-plugin-sa",
      "SpaceID": "9f6c723f-beaf-43c4-b1d5-34448c9fc3cc",
      "ToolchainType": "Kubernetes/YAML",
      "UnitID": "3b62b1f8-c62f-4521-8ec7-a7841545cc39",
      "UpdatedAt": "0001-01-01T00:00:00Z",
      "Version": 6
    },
    "UnitStatus": {
      "Action": "N/A",
      "ActionResult": "None",
      "ActionStartedAt": "0001-01-01T00:00:00Z",
      "ActionTerminatedAt": "0001-01-01T00:00:00Z",
      "Drift": "N/A",
      "Status": "NotLive",
      "SyncStatus": "NotLive"
    }
  },
  {
    "Space": {
      "CreatedAt": "2026-06-12T17:32:19.005919Z",
      "CursorID": 4709,
      "DisplayName": "helm-rook-ceph-default-confighub-proof",
      "EntityType": "Space",
      "Labels": {
        "Component": "RookCeph",
        "Environment": "Demo",
        "Layer": "App",
        "Owner": "ConfigHubHelm",
        "Variant": "default"
      },
      "OrganizationID": "12c33fa8-00b1-4011-ad3e-19d56458b29c",
      "Permissions": {
        "Manage": {
          "UserIDs": {
            "c5818f81-ae4b-4d17-987f-743f19bdb0ca": true
          }
        },
        "ManageChildren": {
          "UserIDs": {
            "c5818f81-ae4b-4d17-987f-743f19bdb0ca": true
          }
        }
      },
      "Slug": "helm-rook-ceph-default-confighub-proof",
      "SpaceID": "9f6c723f-beaf-43c4-b1d5-34448c9fc3cc",
      "UpdatedAt": "2026-06-12T17:32:19.515543Z",
      "Version": 2,
      "WhereTrigger": "SpaceID = '9f6c723f-beaf-43c4-b1d5-34448c9fc3cc'"
    },
    "Unit": {
      "ApprovedBy": null,
      "CreatedAt": "0001-01-01T00:00:00Z",
      "DataHash": "b849995e6845945f627ccfb2a7a754789e1ceb82625b2766c35faf20216998e5",
      "EntityType": "Unit",
      "FromLinkID": null,
      "HeadRevisionNum": 2,
      "MutationSources": null,
      "OrganizationID": "12c33fa8-00b1-4011-ad3e-19d56458b29c",
      "Slug": "deployment-default-rook-ceph-operator",
      "SpaceID": "9f6c723f-beaf-43c4-b1d5-34448c9fc3cc",
      "ToolchainType": "Kubernetes/YAML",
      "UnitID": "f6ef5b4d-068e-4fb5-9511-09dde12f3757",
      "UpdatedAt": "0001-01-01T00:00:00Z",
      "Version": 13
    },
    "UnitStatus": {
      "Action": "N/A",
      "ActionResult": "None",
      "ActionStartedAt": "0001-01-01T00:00:00Z",
      "ActionTerminatedAt": "0001-01-01T00:00:00Z",
      "Drift": "N/A",
      "Status": "NotLive",
      "SyncStatus": "NotLive"
    }
  },
  {
    "Space": {
      "CreatedAt": "2026-06-12T17:32:19.005919Z",
      "CursorID": 4709,
      "DisplayName": "helm-rook-ceph-default-confighub-proof",
      "EntityType": "Space",
      "Labels": {
        "Component": "RookCeph",
        "Environment": "Demo",
        "Layer": "App",
        "Owner": "ConfigHubHelm",
        "Variant": "default"
      },
      "OrganizationID": "12c33fa8-00b1-4011-ad3e-19d56458b29c",
      "Permissions": {
        "Manage": {
          "UserIDs": {
            "c5818f81-ae4b-4d17-987f-743f19bdb0ca": true
          }
        },
        "ManageChildren": {
          "UserIDs": {
            "c5818f81-ae4b-4d17-987f-743f19bdb0ca": true
          }
        }
      },
      "Slug": "helm-rook-ceph-default-confighub-proof",
      "SpaceID": "9f6c723f-beaf-43c4-b1d5-34448c9fc3cc",
      "UpdatedAt": "2026-06-12T17:32:19.515543Z",
      "Version": 2,
      "WhereTrigger": "SpaceID = '9f6c723f-beaf-43c4-b1d5-34448c9fc3cc'"
    },
    "Unit": {
      "ApprovedBy": null,
      "CreatedAt": "0001-01-01T00:00:00Z",
      "DataHash": "a26377b5183ee980672b348afbf3ed291077a32b00e523d67b6d8a819368edff",
      "EntityType": "Unit",
      "FromLinkID": null,
      "HeadRevisionNum": 1,
      "MutationSources": null,
      "OrganizationID": "12c33fa8-00b1-4011-ad3e-19d56458b29c",
      "Slug": "serviceaccount-default-rook-csi-rbd-plugin-sa",
      "SpaceID": "9f6c723f-beaf-43c4-b1d5-34448c9fc3cc",
      "ToolchainType": "Kubernetes/YAML",
      "UnitID": "23952746-dea7-4cd0-a489-d1f28c0b7b94",
      "UpdatedAt": "0001-01-01T00:00:00Z",
      "Version": 6
    },
    "UnitStatus": {
      "Action": "N/A",
      "ActionResult": "None",
      "ActionStartedAt": "0001-01-01T00:00:00Z",
      "ActionTerminatedAt": "0001-01-01T00:00:00Z",
      "Drift": "N/A",
      "Status": "NotLive",
      "SyncStatus": "NotLive"
    }
  },
  {
    "Space": {
      "CreatedAt": "2026-06-12T17:32:19.005919Z",
      "CursorID": 4709,
      "DisplayName": "helm-rook-ceph-default-confighub-proof",
      "EntityType": "Space",
      "Labels": {
        "Component": "RookCeph",
        "Environment": "Demo",
        "Layer": "App",
        "Owner": "ConfigHubHelm",
        "Variant": "default"
      },
      "OrganizationID": "12c33fa8-00b1-4011-ad3e-19d56458b29c",
      "Permissions": {
        "Manage": {
          "UserIDs": {
            "c5818f81-ae4b-4d17-987f-743f19bdb0ca": true
          }
        },
        "ManageChildren": {
          "UserIDs": {
            "c5818f81-ae4b-4d17-987f-743f19bdb0ca": true
          }
        }
      },
      "Slug": "helm-rook-ceph-default-confighub-proof",
      "SpaceID": "9f6c723f-beaf-43c4-b1d5-34448c9fc3cc",
      "UpdatedAt": "2026-06-12T17:32:19.515543Z",
      "Version": 2,
      "WhereTrigger": "SpaceID = '9f6c723f-beaf-43c4-b1d5-34448c9fc3cc'"
    },
    "Unit": {
      "ApprovedBy": null,
      "CreatedAt": "0001-01-01T00:00:00Z",
      "DataHash": "4751b33f4b8b1f535da72a38b72dcb422188966b313de0de17b957cad26cf401",
      "EntityType": "Unit",
      "FromLinkID": null,
      "HeadRevisionNum": 2,
      "MutationSources": null,
      "OrganizationID": "12c33fa8-00b1-4011-ad3e-19d56458b29c",
      "Slug": "clusterrolebinding-rook-ceph-system",
      "SpaceID": "9f6c723f-beaf-43c4-b1d5-34448c9fc3cc",
      "ToolchainType": "Kubernetes/YAML",
      "UnitID": "c6e5d6e3-29b3-4705-8926-c594dc23e8ec",
      "UpdatedAt": "0001-01-01T00:00:00Z",
      "Version": 15
    },
    "UnitStatus": {
      "Action": "N/A",
      "ActionResult": "None",
      "ActionStartedAt": "0001-01-01T00:00:00Z",
      "ActionTerminatedAt": "0001-01-01T00:00:00Z",
      "Drift": "N/A",
      "Status": "NotLive",
      "SyncStatus": "NotLive"
    }
  },
  {
    "Space": {
      "CreatedAt": "2026-06-12T17:32:19.005919Z",
      "CursorID": 4709,
      "DisplayName": "helm-rook-ceph-default-confighub-proof",
      "EntityType": "Space",
      "Labels": {
        "Component": "RookCeph",
        "Environment": "Demo",
        "Layer": "App",
        "Owner": "ConfigHubHelm",
        "Variant": "default"
      },
      "OrganizationID": "12c33fa8-00b1-4011-ad3e-19d56458b29c",
      "Permissions": {
        "Manage": {
          "UserIDs": {
            "c5818f81-ae4b-4d17-987f-743f19bdb0ca": true
          }
        },
        "ManageChildren": {
          "UserIDs": {
            "c5818f81-ae4b-4d17-987f-743f19bdb0ca": true
          }
        }
      },
      "Slug": "helm-rook-ceph-default-confighub-proof",
      "SpaceID": "9f6c723f-beaf-43c4-b1d5-34448c9fc3cc",
      "UpdatedAt": "2026-06-12T17:32:19.515543Z",
      "Version": 2,
      "WhereTrigger": "SpaceID = '9f6c723f-beaf-43c4-b1d5-34448c9fc3cc'"
    },
    "Unit": {
      "ApprovedBy": null,
      "CreatedAt": "0001-01-01T00:00:00Z",
      "DataHash": "5eea0cbcf97c307602f8a5ef9938e3b67c85f03cd1b7a87d25b415e5b3e62fae",
      "EntityType": "Unit",
      "FromLinkID": null,
      "HeadRevisionNum": 2,
      "MutationSources": null,
      "OrganizationID": "12c33fa8-00b1-4011-ad3e-19d56458b29c",
      "Slug": "installer-record",
      "SpaceID": "9f6c723f-beaf-43c4-b1d5-34448c9fc3cc",
      "ToolchainType": "Kubernetes/YAML",
      "UnitID": "d7c4c5aa-efee-44f8-ae24-bf9667da7e67",
      "UpdatedAt": "0001-01-01T00:00:00Z",
      "Version": 6
    },
    "UnitStatus": {
      "Action": "N/A",
      "ActionResult": "None",
      "ActionStartedAt": "0001-01-01T00:00:00Z",
      "ActionTerminatedAt": "0001-01-01T00:00:00Z",
      "Drift": "N/A",
      "Status": "NotLive",
      "SyncStatus": "NotLive"
    }
  },
  {
    "Space": {
      "CreatedAt": "2026-06-12T17:32:19.005919Z",
      "CursorID": 4709,
      "DisplayName": "helm-rook-ceph-default-confighub-proof",
      "EntityType": "Space",
      "Labels": {
        "Component": "RookCeph",
        "Environment": "Demo",
        "Layer": "App",
        "Owner": "ConfigHubHelm",
        "Variant": "default"
      },
      "OrganizationID": "12c33fa8-00b1-4011-ad3e-19d56458b29c",
      "Permissions": {
        "Manage": {
          "UserIDs": {
            "c5818f81-ae4b-4d17-987f-743f19bdb0ca": true
          }
        },
        "ManageChildren": {
          "UserIDs": {
            "c5818f81-ae4b-4d17-987f-743f19bdb0ca": true
          }
        }
      },
      "Slug": "helm-rook-ceph-default-confighub-proof",
      "SpaceID": "9f6c723f-beaf-43c4-b1d5-34448c9fc3cc",
      "UpdatedAt": "2026-06-12T17:32:19.515543Z",
      "Version": 2,
      "WhereTrigger": "SpaceID = '9f6c723f-beaf-43c4-b1d5-34448c9fc3cc'"
    },
    "Unit": {
      "ApprovedBy": null,
      "CreatedAt": "0001-01-01T00:00:00Z",
      "DataHash": "69b8d9c120b116fbc47b100b48b7c41bfbc5f3846236ef7805a6b775f5bd72e3",
      "EntityType": "Unit",
      "FromLinkID": null,
      "HeadRevisionNum": 2,
      "MutationSources": null,
      "OrganizationID": "12c33fa8-00b1-4011-ad3e-19d56458b29c",
      "Slug": "customresourcedefinition-cephcosidrivers-ceph-rook-io",
      "SpaceID": "9f6c723f-beaf-43c4-b1d5-34448c9fc3cc",
      "ToolchainType": "Kubernetes/YAML",
      "UnitID": "6f72d1f6-da8e-4c0d-99f9-8537af5f3bdf",
      "UpdatedAt": "0001-01-01T00:00:00Z",
      "Version": 6
    },
    "UnitStatus": {
      "Action": "N/A",
      "ActionResult": "None",
      "ActionStartedAt": "0001-01-01T00:00:00Z",
      "ActionTerminatedAt": "0001-01-01T00:00:00Z",
      "Drift": "N/A",
      "Status": "NotLive",
      "SyncStatus": "NotLive"
    }
  },
  {
    "Space": {
      "CreatedAt": "2026-06-12T17:32:19.005919Z",
      "CursorID": 4709,
      "DisplayName": "helm-rook-ceph-default-confighub-proof",
      "EntityType": "Space",
      "Labels": {
        "Component": "RookCeph",
        "Environment": "Demo",
        "Layer": "App",
        "Owner": "ConfigHubHelm",
        "Variant": "default"
      },
      "OrganizationID": "12c33fa8-00b1-4011-ad3e-19d56458b29c",
      "Permissions": {
        "Manage": {
          "UserIDs": {
            "c5818f81-ae4b-4d17-987f-743f19bdb0ca": true
          }
        },
        "ManageChildren": {
          "UserIDs": {
            "c5818f81-ae4b-4d17-987f-743f19bdb0ca": true
          }
        }
      },
      "Slug": "helm-rook-ceph-default-confighub-proof",
      "SpaceID": "9f6c723f-beaf-43c4-b1d5-34448c9fc3cc",
      "UpdatedAt": "2026-06-12T17:32:19.515543Z",
      "Version": 2,
      "WhereTrigger": "SpaceID = '9f6c723f-beaf-43c4-b1d5-34448c9fc3cc'"
    },
    "Unit": {
      "ApprovedBy": null,
      "CreatedAt": "0001-01-01T00:00:00Z",
      "DataHash": "58b4a609ff59543d28851a89741c7a805c03b34701a765eba73f409480e7eade",
      "EntityType": "Unit",
      "FromLinkID": null,
      "HeadRevisionNum": 2,
      "MutationSources": null,
      "OrganizationID": "12c33fa8-00b1-4011-ad3e-19d56458b29c",
      "Slug": "customresourcedefinition-cephfilesystemmirrors-ceph-rook-io",
      "SpaceID": "9f6c723f-beaf-43c4-b1d5-34448c9fc3cc",
      "ToolchainType": "Kubernetes/YAML",
      "UnitID": "82eab273-9a90-4522-8de7-d633495c60d0",
      "UpdatedAt": "0001-01-01T00:00:00Z",
      "Version": 6
    },
    "UnitStatus": {
      "Action": "N/A",
      "ActionResult": "None",
      "ActionStartedAt": "0001-01-01T00:00:00Z",
      "ActionTerminatedAt": "0001-01-01T00:00:00Z",
      "Drift": "N/A",
      "Status": "NotLive",
      "SyncStatus": "NotLive"
    }
  },
  {
    "Space": {
      "CreatedAt": "2026-06-12T17:32:19.005919Z",
      "CursorID": 4709,
      "DisplayName": "helm-rook-ceph-default-confighub-proof",
      "EntityType": "Space",
      "Labels": {
        "Component": "RookCeph",
        "Environment": "Demo",
        "Layer": "App",
        "Owner": "ConfigHubHelm",
        "Variant": "default"
      },
      "OrganizationID": "12c33fa8-00b1-4011-ad3e-19d56458b29c",
      "Permissions": {
        "Manage": {
          "UserIDs": {
            "c5818f81-ae4b-4d17-987f-743f19bdb0ca": true
          }
        },
        "ManageChildren": {
          "UserIDs": {
            "c5818f81-ae4b-4d17-987f-743f19bdb0ca": true
          }
        }
      },
      "Slug": "helm-rook-ceph-default-confighub-proof",
      "SpaceID": "9f6c723f-beaf-43c4-b1d5-34448c9fc3cc",
      "UpdatedAt": "2026-06-12T17:32:19.515543Z",
      "Version": 2,
      "WhereTrigger": "SpaceID = '9f6c723f-beaf-43c4-b1d5-34448c9fc3cc'"
    },
    "Unit": {
      "ApprovedBy": null,
      "CreatedAt": "0001-01-01T00:00:00Z",
      "DataHash": "ca380ecab4a680acb8759030db541d47c9a8a874fcd75a6d272a90575234bf61",
      "EntityType": "Unit",
      "FromLinkID": null,
      "HeadRevisionNum": 2,
      "MutationSources": null,
      "OrganizationID": "12c33fa8-00b1-4011-ad3e-19d56458b29c",
      "Slug": "clusterrole-ceph-csi-cephfs-ctrlplugin-cr",
      "SpaceID": "9f6c723f-beaf-43c4-b1d5-34448c9fc3cc",
      "ToolchainType": "Kubernetes/YAML",
      "UnitID": "3bd686c4-5335-46d5-bf40-b5d65a5ae5bb",
      "UpdatedAt": "0001-01-01T00:00:00Z",
      "Version": 7
    },
    "UnitStatus": {
      "Action": "N/A",
      "ActionResult": "None",
      "ActionStartedAt": "0001-01-01T00:00:00Z",
      "ActionTerminatedAt": "0001-01-01T00:00:00Z",
      "Drift": "N/A",
      "Status": "NotLive",
      "SyncStatus": "NotLive"
    }
  },
  {
    "Space": {
      "CreatedAt": "2026-06-12T17:32:19.005919Z",
      "CursorID": 4709,
      "DisplayName": "helm-rook-ceph-default-confighub-proof",
      "EntityType": "Space",
      "Labels": {
        "Component": "RookCeph",
        "Environment": "Demo",
        "Layer": "App",
        "Owner": "ConfigHubHelm",
        "Variant": "default"
      },
      "OrganizationID": "12c33fa8-00b1-4011-ad3e-19d56458b29c",
      "Permissions": {
        "Manage": {
          "UserIDs": {
            "c5818f81-ae4b-4d17-987f-743f19bdb0ca": true
          }
        },
        "ManageChildren": {
          "UserIDs": {
            "c5818f81-ae4b-4d17-987f-743f19bdb0ca": true
          }
        }
      },
      "Slug": "helm-rook-ceph-default-confighub-proof",
      "SpaceID": "9f6c723f-beaf-43c4-b1d5-34448c9fc3cc",
      "UpdatedAt": "2026-06-12T17:32:19.515543Z",
      "Version": 2,
      "WhereTrigger": "SpaceID = '9f6c723f-beaf-43c4-b1d5-34448c9fc3cc'"
    },
    "Unit": {
      "ApprovedBy": null,
      "CreatedAt": "0001-01-01T00:00:00Z",
      "DataHash": "b9013a1910ae591b1c2a8af187323d850e78d72acb74c4190ec88545319a22fb",
      "EntityType": "Unit",
      "FromLinkID": null,
      "HeadRevisionNum": 2,
      "MutationSources": null,
      "OrganizationID": "12c33fa8-00b1-4011-ad3e-19d56458b29c",
      "Slug": "clusterrole-ceph-csi-cephconnections-editor-role",
      "SpaceID": "9f6c723f-beaf-43c4-b1d5-34448c9fc3cc",
      "ToolchainType": "Kubernetes/YAML",
      "UnitID": "8c2aa2f3-30f7-4320-a9e1-c874bdb4bcd9",
      "UpdatedAt": "0001-01-01T00:00:00Z",
      "Version": 7
    },
    "UnitStatus": {
      "Action": "N/A",
      "ActionResult": "None",
      "ActionStartedAt": "0001-01-01T00:00:00Z",
      "ActionTerminatedAt": "0001-01-01T00:00:00Z",
      "Drift": "N/A",
      "Status": "NotLive",
      "SyncStatus": "NotLive"
    }
  },
  {
    "Space": {
      "CreatedAt": "2026-06-12T17:32:19.005919Z",
      "CursorID": 4709,
      "DisplayName": "helm-rook-ceph-default-confighub-proof",
      "EntityType": "Space",
      "Labels": {
        "Component": "RookCeph",
        "Environment": "Demo",
        "Layer": "App",
        "Owner": "ConfigHubHelm",
        "Variant": "default"
      },
      "OrganizationID": "12c33fa8-00b1-4011-ad3e-19d56458b29c",
      "Permissions": {
        "Manage": {
          "UserIDs": {
            "c5818f81-ae4b-4d17-987f-743f19bdb0ca": true
          }
        },
        "ManageChildren": {
          "UserIDs": {
            "c5818f81-ae4b-4d17-987f-743f19bdb0ca": true
          }
        }
      },
      "Slug": "helm-rook-ceph-default-confighub-proof",
      "SpaceID": "9f6c723f-beaf-43c4-b1d5-34448c9fc3cc",
      "UpdatedAt": "2026-06-12T17:32:19.515543Z",
      "Version": 2,
      "WhereTrigger": "SpaceID = '9f6c723f-beaf-43c4-b1d5-34448c9fc3cc'"
    },
    "Unit": {
      "ApprovedBy": null,
      "CreatedAt": "0001-01-01T00:00:00Z",
      "DataHash": "f195e0438b52856bad28fc2cc4f61586871ea87e7bf6fe10d35c038ba8ef1c9b",
      "EntityType": "Unit",
      "FromLinkID": null,
      "HeadRevisionNum": 2,
      "MutationSources": null,
      "OrganizationID": "12c33fa8-00b1-4011-ad3e-19d56458b29c",
      "Slug": "clusterrole-ceph-csi-clientprofile-viewer-role",
      "SpaceID": "9f6c723f-beaf-43c4-b1d5-34448c9fc3cc",
      "ToolchainType": "Kubernetes/YAML",
      "UnitID": "4fc27744-fc39-4b51-b7c7-b1d28bdc5775",
      "UpdatedAt": "0001-01-01T00:00:00Z",
      "Version": 7
    },
    "UnitStatus": {
      "Action": "N/A",
      "ActionResult": "None",
      "ActionStartedAt": "0001-01-01T00:00:00Z",
      "ActionTerminatedAt": "0001-01-01T00:00:00Z",
      "Drift": "N/A",
      "Status": "NotLive",
      "SyncStatus": "NotLive"
    }
  },
  {
    "Space": {
      "CreatedAt": "2026-06-12T17:32:19.005919Z",
      "CursorID": 4709,
      "DisplayName": "helm-rook-ceph-default-confighub-proof",
      "EntityType": "Space",
      "Labels": {
        "Component": "RookCeph",
        "Environment": "Demo",
        "Layer": "App",
        "Owner": "ConfigHubHelm",
        "Variant": "default"
      },
      "OrganizationID": "12c33fa8-00b1-4011-ad3e-19d56458b29c",
      "Permissions": {
        "Manage": {
          "UserIDs": {
            "c5818f81-ae4b-4d17-987f-743f19bdb0ca": true
          }
        },
        "ManageChildren": {
          "UserIDs": {
            "c5818f81-ae4b-4d17-987f-743f19bdb0ca": true
          }
        }
      },
      "Slug": "helm-rook-ceph-default-confighub-proof",
      "SpaceID": "9f6c723f-beaf-43c4-b1d5-34448c9fc3cc",
      "UpdatedAt": "2026-06-12T17:32:19.515543Z",
      "Version": 2,
      "WhereTrigger": "SpaceID = '9f6c723f-beaf-43c4-b1d5-34448c9fc3cc'"
    },
    "Unit": {
      "ApprovedBy": null,
      "CreatedAt": "0001-01-01T00:00:00Z",
      "DataHash": "d39687d77e22c506e251daee2aeaf352996984ae8a430ce0acab9af02929fe4d",
      "EntityType": "Unit",
      "FromLinkID": null,
      "HeadRevisionNum": 2,
      "MutationSources": null,
      "OrganizationID": "12c33fa8-00b1-4011-ad3e-19d56458b29c",
      "Slug": "rolebinding-default-ceph-csi-leader-election-rolebinding",
      "SpaceID": "9f6c723f-beaf-43c4-b1d5-34448c9fc3cc",
      "ToolchainType": "Kubernetes/YAML",
      "UnitID": "4be1d7aa-cf38-4fbd-8950-dbdd24b3baf4",
      "UpdatedAt": "0001-01-01T00:00:00Z",
      "Version": 12
    },
    "UnitStatus": {
      "Action": "N/A",
      "ActionResult": "None",
      "ActionStartedAt": "0001-01-01T00:00:00Z",
      "ActionTerminatedAt": "0001-01-01T00:00:00Z",
      "Drift": "N/A",
      "Status": "NotLive",
      "SyncStatus": "NotLive"
    }
  },
  {
    "Space": {
      "CreatedAt": "2026-06-12T17:32:19.005919Z",
      "CursorID": 4709,
      "DisplayName": "helm-rook-ceph-default-confighub-proof",
      "EntityType": "Space",
      "Labels": {
        "Component": "RookCeph",
        "Environment": "Demo",
        "Layer": "App",
        "Owner": "ConfigHubHelm",
        "Variant": "default"
      },
      "OrganizationID": "12c33fa8-00b1-4011-ad3e-19d56458b29c",
      "Permissions": {
        "Manage": {
          "UserIDs": {
            "c5818f81-ae4b-4d17-987f-743f19bdb0ca": true
          }
        },
        "ManageChildren": {
          "UserIDs": {
            "c5818f81-ae4b-4d17-987f-743f19bdb0ca": true
          }
        }
      },
      "Slug": "helm-rook-ceph-default-confighub-proof",
      "SpaceID": "9f6c723f-beaf-43c4-b1d5-34448c9fc3cc",
      "UpdatedAt": "2026-06-12T17:32:19.515543Z",
      "Version": 2,
      "WhereTrigger": "SpaceID = '9f6c723f-beaf-43c4-b1d5-34448c9fc3cc'"
    },
    "Unit": {
      "ApprovedBy": null,
      "CreatedAt": "0001-01-01T00:00:00Z",
      "DataHash": "24f999e724446824b27c330629210b34c31f0693b0ad74742694b4630ea30643",
      "EntityType": "Unit",
      "FromLinkID": null,
      "HeadRevisionNum": 2,
      "MutationSources": null,
      "OrganizationID": "12c33fa8-00b1-4011-ad3e-19d56458b29c",
      "Slug": "rolebinding-default-ceph-csi-nvmeof-nodeplugin-rb",
      "SpaceID": "9f6c723f-beaf-43c4-b1d5-34448c9fc3cc",
      "ToolchainType": "Kubernetes/YAML",
      "UnitID": "ca868952-d376-4433-b581-992c43e47dda",
      "UpdatedAt": "0001-01-01T00:00:00Z",
      "Version": 12
    },
    "UnitStatus": {
      "Action": "N/A",
      "ActionResult": "None",
      "ActionStartedAt": "0001-01-01T00:00:00Z",
      "ActionTerminatedAt": "0001-01-01T00:00:00Z",
      "Drift": "N/A",
      "Status": "NotLive",
      "SyncStatus": "NotLive"
    }
  },
  {
    "Space": {
      "CreatedAt": "2026-06-12T17:32:19.005919Z",
      "CursorID": 4709,
      "DisplayName": "helm-rook-ceph-default-confighub-proof",
      "EntityType": "Space",
      "Labels": {
        "Component": "RookCeph",
        "Environment": "Demo",
        "Layer": "App",
        "Owner": "ConfigHubHelm",
        "Variant": "default"
      },
      "OrganizationID": "12c33fa8-00b1-4011-ad3e-19d56458b29c",
      "Permissions": {
        "Manage": {
          "UserIDs": {
            "c5818f81-ae4b-4d17-987f-743f19bdb0ca": true
          }
        },
        "ManageChildren": {
          "UserIDs": {
            "c5818f81-ae4b-4d17-987f-743f19bdb0ca": true
          }
        }
      },
      "Slug": "helm-rook-ceph-default-confighub-proof",
      "SpaceID": "9f6c723f-beaf-43c4-b1d5-34448c9fc3cc",
      "UpdatedAt": "2026-06-12T17:32:19.515543Z",
      "Version": 2,
      "WhereTrigger": "SpaceID = '9f6c723f-beaf-43c4-b1d5-34448c9fc3cc'"
    },
    "Unit": {
      "ApprovedBy": null,
      "CreatedAt": "0001-01-01T00:00:00Z",
      "DataHash": "f225852fe59dad4bc6502dd5f63cd895bbda9c37bb118b2b2445a0e166a6698f",
      "EntityType": "Unit",
      "FromLinkID": null,
      "HeadRevisionNum": 2,
      "MutationSources": null,
      "OrganizationID": "12c33fa8-00b1-4011-ad3e-19d56458b29c",
      "Slug": "rolebinding-default-ceph-csi-rbd-ctrlplugin-rb",
      "SpaceID": "9f6c723f-beaf-43c4-b1d5-34448c9fc3cc",
      "ToolchainType": "Kubernetes/YAML",
      "UnitID": "9deac417-1366-49db-be2f-2e4046d708a4",
      "UpdatedAt": "0001-01-01T00:00:00Z",
      "Version": 15
    },
    "UnitStatus": {
      "Action": "N/A",
      "ActionResult": "None",
      "ActionStartedAt": "0001-01-01T00:00:00Z",
      "ActionTerminatedAt": "0001-01-01T00:00:00Z",
      "Drift": "N/A",
      "Status": "NotLive",
      "SyncStatus": "NotLive"
    }
  },
  {
    "Space": {
      "CreatedAt": "2026-06-12T17:32:19.005919Z",
      "CursorID": 4709,
      "DisplayName": "helm-rook-ceph-default-confighub-proof",
      "EntityType": "Space",
      "Labels": {
        "Component": "RookCeph",
        "Environment": "Demo",
        "Layer": "App",
        "Owner": "ConfigHubHelm",
        "Variant": "default"
      },
      "OrganizationID": "12c33fa8-00b1-4011-ad3e-19d56458b29c",
      "Permissions": {
        "Manage": {
          "UserIDs": {
            "c5818f81-ae4b-4d17-987f-743f19bdb0ca": true
          }
        },
        "ManageChildren": {
          "UserIDs": {
            "c5818f81-ae4b-4d17-987f-743f19bdb0ca": true
          }
        }
      },
      "Slug": "helm-rook-ceph-default-confighub-proof",
      "SpaceID": "9f6c723f-beaf-43c4-b1d5-34448c9fc3cc",
      "UpdatedAt": "2026-06-12T17:32:19.515543Z",
      "Version": 2,
      "WhereTrigger": "SpaceID = '9f6c723f-beaf-43c4-b1d5-34448c9fc3cc'"
    },
    "Unit": {
      "ApprovedBy": null,
      "CreatedAt": "0001-01-01T00:00:00Z",
      "DataHash": "8e423cf2c58abd257a1971c904e90b73a238109347934873e2fdc89197428665",
      "EntityType": "Unit",
      "FromLinkID": null,
      "HeadRevisionNum": 2,
      "MutationSources": null,
      "OrganizationID": "12c33fa8-00b1-4011-ad3e-19d56458b29c",
      "Slug": "rolebinding-default-ceph-csi-rbd-nodeplugin-rb",
      "SpaceID": "9f6c723f-beaf-43c4-b1d5-34448c9fc3cc",
      "ToolchainType": "Kubernetes/YAML",
      "UnitID": "72bf4951-3be5-40d9-a4d5-c7208193f615",
      "UpdatedAt": "0001-01-01T00:00:00Z",
      "Version": 12
    },
    "UnitStatus": {
      "Action": "N/A",
      "ActionResult": "None",
      "ActionStartedAt": "0001-01-01T00:00:00Z",
      "ActionTerminatedAt": "0001-01-01T00:00:00Z",
      "Drift": "N/A",
      "Status": "NotLive",
      "SyncStatus": "NotLive"
    }
  },
  {
    "Space": {
      "CreatedAt": "2026-06-12T17:32:19.005919Z",
      "CursorID": 4709,
      "DisplayName": "helm-rook-ceph-default-confighub-proof",
      "EntityType": "Space",
      "Labels": {
        "Component": "RookCeph",
        "Environment": "Demo",
        "Layer": "App",
        "Owner": "ConfigHubHelm",
        "Variant": "default"
      },
      "OrganizationID": "12c33fa8-00b1-4011-ad3e-19d56458b29c",
      "Permissions": {
        "Manage": {
          "UserIDs": {
            "c5818f81-ae4b-4d17-987f-743f19bdb0ca": true
          }
        },
        "ManageChildren": {
          "UserIDs": {
            "c5818f81-ae4b-4d17-987f-743f19bdb0ca": true
          }
        }
      },
      "Slug": "helm-rook-ceph-default-confighub-proof",
      "SpaceID": "9f6c723f-beaf-43c4-b1d5-34448c9fc3cc",
      "UpdatedAt": "2026-06-12T17:32:19.515543Z",
      "Version": 2,
      "WhereTrigger": "SpaceID = '9f6c723f-beaf-43c4-b1d5-34448c9fc3cc'"
    },
    "Unit": {
      "ApprovedBy": null,
      "CreatedAt": "0001-01-01T00:00:00Z",
      "DataHash": "7ca1809d4bb6b8482416407bac5ff931bd839ac7f4c9c90e03b361e32fededdb",
      "EntityType": "Unit",
      "FromLinkID": null,
      "HeadRevisionNum": 2,
      "MutationSources": null,
      "OrganizationID": "12c33fa8-00b1-4011-ad3e-19d56458b29c",
      "Slug": "rolebinding-default-rook-ceph-cmd-reporter",
      "SpaceID": "9f6c723f-beaf-43c4-b1d5-34448c9fc3cc",
      "ToolchainType": "Kubernetes/YAML",
      "UnitID": "fb5f5777-779d-4cef-aec8-1f986bba96cd",
      "UpdatedAt": "0001-01-01T00:00:00Z",
      "Version": 15
    },
    "UnitStatus": {
      "Action": "N/A",
      "ActionResult": "None",
      "ActionStartedAt": "0001-01-01T00:00:00Z",
      "ActionTerminatedAt": "0001-01-01T00:00:00Z",
      "Drift": "N/A",
      "Status": "NotLive",
      "SyncStatus": "NotLive"
    }
  },
  {
    "Space": {
      "CreatedAt": "2026-06-12T17:32:19.005919Z",
      "CursorID": 4709,
      "DisplayName": "helm-rook-ceph-default-confighub-proof",
      "EntityType": "Space",
      "Labels": {
        "Component": "RookCeph",
        "Environment": "Demo",
        "Layer": "App",
        "Owner": "ConfigHubHelm",
        "Variant": "default"
      },
      "OrganizationID": "12c33fa8-00b1-4011-ad3e-19d56458b29c",
      "Permissions": {
        "Manage": {
          "UserIDs": {
            "c5818f81-ae4b-4d17-987f-743f19bdb0ca": true
          }
        },
        "ManageChildren": {
          "UserIDs": {
            "c5818f81-ae4b-4d17-987f-743f19bdb0ca": true
          }
        }
      },
      "Slug": "helm-rook-ceph-default-confighub-proof",
      "SpaceID": "9f6c723f-beaf-43c4-b1d5-34448c9fc3cc",
      "UpdatedAt": "2026-06-12T17:32:19.515543Z",
      "Version": 2,
      "WhereTrigger": "SpaceID = '9f6c723f-beaf-43c4-b1d5-34448c9fc3cc'"
    },
    "Unit": {
      "ApprovedBy": null,
      "CreatedAt": "0001-01-01T00:00:00Z",
      "DataHash": "ade27e5b6a1184a91316cf8f58735e9dc86c4217b763a026108d27110e498565",
      "EntityType": "Unit",
      "FromLinkID": null,
      "HeadRevisionNum": 2,
      "MutationSources": null,
      "OrganizationID": "12c33fa8-00b1-4011-ad3e-19d56458b29c",
      "Slug": "rolebinding-default-rook-ceph-mgr",
      "SpaceID": "9f6c723f-beaf-43c4-b1d5-34448c9fc3cc",
      "ToolchainType": "Kubernetes/YAML",
      "UnitID": "1aefcfba-7a95-40cf-b46a-2d0a0bec952b",
      "UpdatedAt": "0001-01-01T00:00:00Z",
      "Version": 12
    },
    "UnitStatus": {
      "Action": "N/A",
      "ActionResult": "None",
      "ActionStartedAt": "0001-01-01T00:00:00Z",
      "ActionTerminatedAt": "0001-01-01T00:00:00Z",
      "Drift": "N/A",
      "Status": "NotLive",
      "SyncStatus": "NotLive"
    }
  },
  {
    "Space": {
      "CreatedAt": "2026-06-12T17:32:19.005919Z",
      "CursorID": 4709,
      "DisplayName": "helm-rook-ceph-default-confighub-proof",
      "EntityType": "Space",
      "Labels": {
        "Component": "RookCeph",
        "Environment": "Demo",
        "Layer": "App",
        "Owner": "ConfigHubHelm",
        "Variant": "default"
      },
      "OrganizationID": "12c33fa8-00b1-4011-ad3e-19d56458b29c",
      "Permissions": {
        "Manage": {
          "UserIDs": {
            "c5818f81-ae4b-4d17-987f-743f19bdb0ca": true
          }
        },
        "ManageChildren": {
          "UserIDs": {
            "c5818f81-ae4b-4d17-987f-743f19bdb0ca": true
          }
        }
      },
      "Slug": "helm-rook-ceph-default-confighub-proof",
      "SpaceID": "9f6c723f-beaf-43c4-b1d5-34448c9fc3cc",
      "UpdatedAt": "2026-06-12T17:32:19.515543Z",
      "Version": 2,
      "WhereTrigger": "SpaceID = '9f6c723f-beaf-43c4-b1d5-34448c9fc3cc'"
    },
    "Unit": {
      "ApprovedBy": null,
      "CreatedAt": "0001-01-01T00:00:00Z",
      "DataHash": "a8aaf2c5f9dab94ce17eb0d0ebac268590f2366336a0121b0e2dbd0cd8680b38",
      "EntityType": "Unit",
      "FromLinkID": null,
      "HeadRevisionNum": 2,
      "MutationSources": null,
      "OrganizationID": "12c33fa8-00b1-4011-ad3e-19d56458b29c",
      "Slug": "rolebinding-default-rook-ceph-purge-osd",
      "SpaceID": "9f6c723f-beaf-43c4-b1d5-34448c9fc3cc",
      "ToolchainType": "Kubernetes/YAML",
      "UnitID": "fa23b284-275f-4f0e-a68b-ad4013b13818",
      "UpdatedAt": "0001-01-01T00:00:00Z",
      "Version": 15
    },
    "UnitStatus": {
      "Action": "N/A",
      "ActionResult": "None",
      "ActionStartedAt": "0001-01-01T00:00:00Z",
      "ActionTerminatedAt": "0001-01-01T00:00:00Z",
      "Drift": "N/A",
      "Status": "NotLive",
      "SyncStatus": "NotLive"
    }
  },
  {
    "Space": {
      "CreatedAt": "2026-06-12T17:32:19.005919Z",
      "CursorID": 4709,
      "DisplayName": "helm-rook-ceph-default-confighub-proof",
      "EntityType": "Space",
      "Labels": {
        "Component": "RookCeph",
        "Environment": "Demo",
        "Layer": "App",
        "Owner": "ConfigHubHelm",
        "Variant": "default"
      },
      "OrganizationID": "12c33fa8-00b1-4011-ad3e-19d56458b29c",
      "Permissions": {
        "Manage": {
          "UserIDs": {
            "c5818f81-ae4b-4d17-987f-743f19bdb0ca": true
          }
        },
        "ManageChildren": {
          "UserIDs": {
            "c5818f81-ae4b-4d17-987f-743f19bdb0ca": true
          }
        }
      },
      "Slug": "helm-rook-ceph-default-confighub-proof",
      "SpaceID": "9f6c723f-beaf-43c4-b1d5-34448c9fc3cc",
      "UpdatedAt": "2026-06-12T17:32:19.515543Z",
      "Version": 2,
      "WhereTrigger": "SpaceID = '9f6c723f-beaf-43c4-b1d5-34448c9fc3cc'"
    },
    "Unit": {
      "ApprovedBy": null,
      "CreatedAt": "0001-01-01T00:00:00Z",
      "DataHash": "ffda5fab7bdb934def52159f583fda1c4046fa14d1af7fc423d0a57b6c748d2b",
      "EntityType": "Unit",
      "FromLinkID": null,
      "HeadRevisionNum": 2,
      "MutationSources": null,
      "OrganizationID": "12c33fa8-00b1-4011-ad3e-19d56458b29c",
      "Slug": "rolebinding-default-rook-ceph-mgr-system",
      "SpaceID": "9f6c723f-beaf-43c4-b1d5-34448c9fc3cc",
      "ToolchainType": "Kubernetes/YAML",
      "UnitID": "9c87202b-d41a-40f0-9cab-1dbff2e33fa9",
      "UpdatedAt": "0001-01-01T00:00:00Z",
      "Version": 12
    },
    "UnitStatus": {
      "Action": "N/A",
      "ActionResult": "None",
      "ActionStartedAt": "0001-01-01T00:00:00Z",
      "ActionTerminatedAt": "0001-01-01T00:00:00Z",
      "Drift": "N/A",
      "Status": "NotLive",
      "SyncStatus": "NotLive"
    }
  },
  {
    "Space": {
      "CreatedAt": "2026-06-12T17:32:19.005919Z",
      "CursorID": 4709,
      "DisplayName": "helm-rook-ceph-default-confighub-proof",
      "EntityType": "Space",
      "Labels": {
        "Component": "RookCeph",
        "Environment": "Demo",
        "Layer": "App",
        "Owner": "ConfigHubHelm",
        "Variant": "default"
      },
      "OrganizationID": "12c33fa8-00b1-4011-ad3e-19d56458b29c",
      "Permissions": {
        "Manage": {
          "UserIDs": {
            "c5818f81-ae4b-4d17-987f-743f19bdb0ca": true
          }
        },
        "ManageChildren": {
          "UserIDs": {
            "c5818f81-ae4b-4d17-987f-743f19bdb0ca": true
          }
        }
      },
      "Slug": "helm-rook-ceph-default-confighub-proof",
      "SpaceID": "9f6c723f-beaf-43c4-b1d5-34448c9fc3cc",
      "UpdatedAt": "2026-06-12T17:32:19.515543Z",
      "Version": 2,
      "WhereTrigger": "SpaceID = '9f6c723f-beaf-43c4-b1d5-34448c9fc3cc'"
    },
    "Unit": {
      "ApprovedBy": null,
      "CreatedAt": "0001-01-01T00:00:00Z",
      "DataHash": "35efa320eb45d331d2c168287bf6b59b76543af6d983ee51159ccbc5a8d5271d",
      "EntityType": "Unit",
      "FromLinkID": null,
      "HeadRevisionNum": 2,
      "MutationSources": null,
      "OrganizationID": "12c33fa8-00b1-4011-ad3e-19d56458b29c",
      "Slug": "rolebinding-default-rook-ceph-system",
      "SpaceID": "9f6c723f-beaf-43c4-b1d5-34448c9fc3cc",
      "ToolchainType": "Kubernetes/YAML",
      "UnitID": "c36760da-7f85-4b9b-8524-216691170ad0",
      "UpdatedAt": "0001-01-01T00:00:00Z",
      "Version": 15
    },
    "UnitStatus": {
      "Action": "N/A",
      "ActionResult": "None",
      "ActionStartedAt": "0001-01-01T00:00:00Z",
      "ActionTerminatedAt": "0001-01-01T00:00:00Z",
      "Drift": "N/A",
      "Status": "NotLive",
      "SyncStatus": "NotLive"
    }
  },
  {
    "Space": {
      "CreatedAt": "2026-06-12T17:32:19.005919Z",
      "CursorID": 4709,
      "DisplayName": "helm-rook-ceph-default-confighub-proof",
      "EntityType": "Space",
      "Labels": {
        "Component": "RookCeph",
        "Environment": "Demo",
        "Layer": "App",
        "Owner": "ConfigHubHelm",
        "Variant": "default"
      },
      "OrganizationID": "12c33fa8-00b1-4011-ad3e-19d56458b29c",
      "Permissions": {
        "Manage": {
          "UserIDs": {
            "c5818f81-ae4b-4d17-987f-743f19bdb0ca": true
          }
        },
        "ManageChildren": {
          "UserIDs": {
            "c5818f81-ae4b-4d17-987f-743f19bdb0ca": true
          }
        }
      },
      "Slug": "helm-rook-ceph-default-confighub-proof",
      "SpaceID": "9f6c723f-beaf-43c4-b1d5-34448c9fc3cc",
      "UpdatedAt": "2026-06-12T17:32:19.515543Z",
      "Version": 2,
      "WhereTrigger": "SpaceID = '9f6c723f-beaf-43c4-b1d5-34448c9fc3cc'"
    },
    "Unit": {
      "ApprovedBy": null,
      "CreatedAt": "0001-01-01T00:00:00Z",
      "DataHash": "5d56af2957f99da3764b54a92bd3d3d5a08624305904b217fbdae3d6c4382d03",
      "EntityType": "Unit",
      "FromLinkID": null,
      "HeadRevisionNum": 2,
      "MutationSources": null,
      "OrganizationID": "12c33fa8-00b1-4011-ad3e-19d56458b29c",
      "Slug": "clusterrolebinding-ceph-csi-cephfs-ctrlplugin-crb",
      "SpaceID": "9f6c723f-beaf-43c4-b1d5-34448c9fc3cc",
      "ToolchainType": "Kubernetes/YAML",
      "UnitID": "92428e45-501d-4002-9af7-4d2d01c8e043",
      "UpdatedAt": "0001-01-01T00:00:00Z",
      "Version": 15
    },
    "UnitStatus": {
      "Action": "N/A",
      "ActionResult": "None",
      "ActionStartedAt": "0001-01-01T00:00:00Z",
      "ActionTerminatedAt": "0001-01-01T00:00:00Z",
      "Drift": "N/A",
      "Status": "NotLive",
      "SyncStatus": "NotLive"
    }
  },
  {
    "Space": {
      "CreatedAt": "2026-06-12T17:32:19.005919Z",
      "CursorID": 4709,
      "DisplayName": "helm-rook-ceph-default-confighub-proof",
      "EntityType": "Space",
      "Labels": {
        "Component": "RookCeph",
        "Environment": "Demo",
        "Layer": "App",
        "Owner": "ConfigHubHelm",
        "Variant": "default"
      },
      "OrganizationID": "12c33fa8-00b1-4011-ad3e-19d56458b29c",
      "Permissions": {
        "Manage": {
          "UserIDs": {
            "c5818f81-ae4b-4d17-987f-743f19bdb0ca": true
          }
        },
        "ManageChildren": {
          "UserIDs": {
            "c5818f81-ae4b-4d17-987f-743f19bdb0ca": true
          }
        }
      },
      "Slug": "helm-rook-ceph-default-confighub-proof",
      "SpaceID": "9f6c723f-beaf-43c4-b1d5-34448c9fc3cc",
      "UpdatedAt": "2026-06-12T17:32:19.515543Z",
      "Version": 2,
      "WhereTrigger": "SpaceID = '9f6c723f-beaf-43c4-b1d5-34448c9fc3cc'"
    },
    "Unit": {
      "ApprovedBy": null,
      "CreatedAt": "0001-01-01T00:00:00Z",
      "DataHash": "afdd0a5f5772bc1018da1a3cb8113cf18679ad22841104d1e5a898cf799a4276",
      "EntityType": "Unit",
      "FromLinkID": null,
      "HeadRevisionNum": 2,
      "MutationSources": null,
      "OrganizationID": "12c33fa8-00b1-4011-ad3e-19d56458b29c",
      "Slug": "clusterrolebinding-ceph-csi-manager-rolebinding",
      "SpaceID": "9f6c723f-beaf-43c4-b1d5-34448c9fc3cc",
      "ToolchainType": "Kubernetes/YAML",
      "UnitID": "6f21f828-8546-4025-bfcc-5c080f7c0fe9",
      "UpdatedAt": "0001-01-01T00:00:00Z",
      "Version": 15
    },
    "UnitStatus": {
      "Action": "N/A",
      "ActionResult": "None",
      "ActionStartedAt": "0001-01-01T00:00:00Z",
      "ActionTerminatedAt": "0001-01-01T00:00:00Z",
      "Drift": "N/A",
      "Status": "NotLive",
      "SyncStatus": "NotLive"
    }
  },
  {
    "Space": {
      "CreatedAt": "2026-06-12T17:32:19.005919Z",
      "CursorID": 4709,
      "DisplayName": "helm-rook-ceph-default-confighub-proof",
      "EntityType": "Space",
      "Labels": {
        "Component": "RookCeph",
        "Environment": "Demo",
        "Layer": "App",
        "Owner": "ConfigHubHelm",
        "Variant": "default"
      },
      "OrganizationID": "12c33fa8-00b1-4011-ad3e-19d56458b29c",
      "Permissions": {
        "Manage": {
          "UserIDs": {
            "c5818f81-ae4b-4d17-987f-743f19bdb0ca": true
          }
        },
        "ManageChildren": {
          "UserIDs": {
            "c5818f81-ae4b-4d17-987f-743f19bdb0ca": true
          }
        }
      },
      "Slug": "helm-rook-ceph-default-confighub-proof",
      "SpaceID": "9f6c723f-beaf-43c4-b1d5-34448c9fc3cc",
      "UpdatedAt": "2026-06-12T17:32:19.515543Z",
      "Version": 2,
      "WhereTrigger": "SpaceID = '9f6c723f-beaf-43c4-b1d5-34448c9fc3cc'"
    },
    "Unit": {
      "ApprovedBy": null,
      "CreatedAt": "0001-01-01T00:00:00Z",
      "DataHash": "021e35cf6284da872d2070e051831446c9f4df76b120be1025227c7e210d06fb",
      "EntityType": "Unit",
      "FromLinkID": null,
      "HeadRevisionNum": 2,
      "MutationSources": null,
      "OrganizationID": "12c33fa8-00b1-4011-ad3e-19d56458b29c",
      "Slug": "clusterrolebinding-ceph-csi-metrics-auth-rolebinding",
      "SpaceID": "9f6c723f-beaf-43c4-b1d5-34448c9fc3cc",
      "ToolchainType": "Kubernetes/YAML",
      "UnitID": "64a87bad-c280-477c-9b29-f11ce6734a22",
      "UpdatedAt": "0001-01-01T00:00:00Z",
      "Version": 15
    },
    "UnitStatus": {
      "Action": "N/A",
      "ActionResult": "None",
      "ActionStartedAt": "0001-01-01T00:00:00Z",
      "ActionTerminatedAt": "0001-01-01T00:00:00Z",
      "Drift": "N/A",
      "Status": "NotLive",
      "SyncStatus": "NotLive"
    }
  },
  {
    "Space": {
      "CreatedAt": "2026-06-12T17:32:19.005919Z",
      "CursorID": 4709,
      "DisplayName": "helm-rook-ceph-default-confighub-proof",
      "EntityType": "Space",
      "Labels": {
        "Component": "RookCeph",
        "Environment": "Demo",
        "Layer": "App",
        "Owner": "ConfigHubHelm",
        "Variant": "default"
      },
      "OrganizationID": "12c33fa8-00b1-4011-ad3e-19d56458b29c",
      "Permissions": {
        "Manage": {
          "UserIDs": {
            "c5818f81-ae4b-4d17-987f-743f19bdb0ca": true
          }
        },
        "ManageChildren": {
          "UserIDs": {
            "c5818f81-ae4b-4d17-987f-743f19bdb0ca": true
          }
        }
      },
      "Slug": "helm-rook-ceph-default-confighub-proof",
      "SpaceID": "9f6c723f-beaf-43c4-b1d5-34448c9fc3cc",
      "UpdatedAt": "2026-06-12T17:32:19.515543Z",
      "Version": 2,
      "WhereTrigger": "SpaceID = '9f6c723f-beaf-43c4-b1d5-34448c9fc3cc'"
    },
    "Unit": {
      "ApprovedBy": null,
      "CreatedAt": "0001-01-01T00:00:00Z",
      "DataHash": "785e4a53db825bb1e0860a39a8934e03f62e132d46060f2e280a621e9611f815",
      "EntityType": "Unit",
      "FromLinkID": null,
      "HeadRevisionNum": 2,
      "MutationSources": null,
      "OrganizationID": "12c33fa8-00b1-4011-ad3e-19d56458b29c",
      "Slug": "clusterrolebinding-ceph-csi-nfs-ctrlplugin-crb",
      "SpaceID": "9f6c723f-beaf-43c4-b1d5-34448c9fc3cc",
      "ToolchainType": "Kubernetes/YAML",
      "UnitID": "0bd7367f-7b73-4fcf-bcc4-537b8a641aa6",
      "UpdatedAt": "0001-01-01T00:00:00Z",
      "Version": 15
    },
    "UnitStatus": {
      "Action": "N/A",
      "ActionResult": "None",
      "ActionStartedAt": "0001-01-01T00:00:00Z",
      "ActionTerminatedAt": "0001-01-01T00:00:00Z",
      "Drift": "N/A",
      "Status": "NotLive",
      "SyncStatus": "NotLive"
    }
  },
  {
    "Space": {
      "CreatedAt": "2026-06-12T17:32:19.005919Z",
      "CursorID": 4709,
      "DisplayName": "helm-rook-ceph-default-confighub-proof",
      "EntityType": "Space",
      "Labels": {
        "Component": "RookCeph",
        "Environment": "Demo",
        "Layer": "App",
        "Owner": "ConfigHubHelm",
        "Variant": "default"
      },
      "OrganizationID": "12c33fa8-00b1-4011-ad3e-19d56458b29c",
      "Permissions": {
        "Manage": {
          "UserIDs": {
            "c5818f81-ae4b-4d17-987f-743f19bdb0ca": true
          }
        },
        "ManageChildren": {
          "UserIDs": {
            "c5818f81-ae4b-4d17-987f-743f19bdb0ca": true
          }
        }
      },
      "Slug": "helm-rook-ceph-default-confighub-proof",
      "SpaceID": "9f6c723f-beaf-43c4-b1d5-34448c9fc3cc",
      "UpdatedAt": "2026-06-12T17:32:19.515543Z",
      "Version": 2,
      "WhereTrigger": "SpaceID = '9f6c723f-beaf-43c4-b1d5-34448c9fc3cc'"
    },
    "Unit": {
      "ApprovedBy": null,
      "CreatedAt": "0001-01-01T00:00:00Z",
      "DataHash": "5008d70f8337c64729108a6debd56a1fc67b2796e3e78fe534c23dd285d7c198",
      "EntityType": "Unit",
      "FromLinkID": null,
      "HeadRevisionNum": 2,
      "MutationSources": null,
      "OrganizationID": "12c33fa8-00b1-4011-ad3e-19d56458b29c",
      "Slug": "clusterrolebinding-ceph-csi-nfs-nodeplugin-crb",
      "SpaceID": "9f6c723f-beaf-43c4-b1d5-34448c9fc3cc",
      "ToolchainType": "Kubernetes/YAML",
      "UnitID": "b90d8431-2097-4b30-8aab-141020613b09",
      "UpdatedAt": "0001-01-01T00:00:00Z",
      "Version": 15
    },
    "UnitStatus": {
      "Action": "N/A",
      "ActionResult": "None",
      "ActionStartedAt": "0001-01-01T00:00:00Z",
      "ActionTerminatedAt": "0001-01-01T00:00:00Z",
      "Drift": "N/A",
      "Status": "NotLive",
      "SyncStatus": "NotLive"
    }
  },
  {
    "Space": {
      "CreatedAt": "2026-06-12T17:32:19.005919Z",
      "CursorID": 4709,
      "DisplayName": "helm-rook-ceph-default-confighub-proof",
      "EntityType": "Space",
      "Labels": {
        "Component": "RookCeph",
        "Environment": "Demo",
        "Layer": "App",
        "Owner": "ConfigHubHelm",
        "Variant": "default"
      },
      "OrganizationID": "12c33fa8-00b1-4011-ad3e-19d56458b29c",
      "Permissions": {
        "Manage": {
          "UserIDs": {
            "c5818f81-ae4b-4d17-987f-743f19bdb0ca": true
          }
        },
        "ManageChildren": {
          "UserIDs": {
            "c5818f81-ae4b-4d17-987f-743f19bdb0ca": true
          }
        }
      },
      "Slug": "helm-rook-ceph-default-confighub-proof",
      "SpaceID": "9f6c723f-beaf-43c4-b1d5-34448c9fc3cc",
      "UpdatedAt": "2026-06-12T17:32:19.515543Z",
      "Version": 2,
      "WhereTrigger": "SpaceID = '9f6c723f-beaf-43c4-b1d5-34448c9fc3cc'"
    },
    "Unit": {
      "ApprovedBy": null,
      "CreatedAt": "0001-01-01T00:00:00Z",
      "DataHash": "89a710b30b7b3dfbb486a47ea7519c45cd1971cdb4c992117d7073a0d99103ff",
      "EntityType": "Unit",
      "FromLinkID": null,
      "HeadRevisionNum": 2,
      "MutationSources": null,
      "OrganizationID": "12c33fa8-00b1-4011-ad3e-19d56458b29c",
      "Slug": "clusterrolebinding-ceph-csi-nvmeof-ctrlplugin-crb",
      "SpaceID": "9f6c723f-beaf-43c4-b1d5-34448c9fc3cc",
      "ToolchainType": "Kubernetes/YAML",
      "UnitID": "ac6d97d9-cc83-448c-a69b-26901e7c2831",
      "UpdatedAt": "0001-01-01T00:00:00Z",
      "Version": 15
    },
    "UnitStatus": {
      "Action": "N/A",
      "ActionResult": "None",
      "ActionStartedAt": "0001-01-01T00:00:00Z",
      "ActionTerminatedAt": "0001-01-01T00:00:00Z",
      "Drift": "N/A",
      "Status": "NotLive",
      "SyncStatus": "NotLive"
    }
  },
  {
    "Space": {
      "CreatedAt": "2026-06-12T17:32:19.005919Z",
      "CursorID": 4709,
      "DisplayName": "helm-rook-ceph-default-confighub-proof",
      "EntityType": "Space",
      "Labels": {
        "Component": "RookCeph",
        "Environment": "Demo",
        "Layer": "App",
        "Owner": "ConfigHubHelm",
        "Variant": "default"
      },
      "OrganizationID": "12c33fa8-00b1-4011-ad3e-19d56458b29c",
      "Permissions": {
        "Manage": {
          "UserIDs": {
            "c5818f81-ae4b-4d17-987f-743f19bdb0ca": true
          }
        },
        "ManageChildren": {
          "UserIDs": {
            "c5818f81-ae4b-4d17-987f-743f19bdb0ca": true
          }
        }
      },
      "Slug": "helm-rook-ceph-default-confighub-proof",
      "SpaceID": "9f6c723f-beaf-43c4-b1d5-34448c9fc3cc",
      "UpdatedAt": "2026-06-12T17:32:19.515543Z",
      "Version": 2,
      "WhereTrigger": "SpaceID = '9f6c723f-beaf-43c4-b1d5-34448c9fc3cc'"
    },
    "Unit": {
      "ApprovedBy": null,
      "CreatedAt": "0001-01-01T00:00:00Z",
      "DataHash": "7741d7b26338f097739af4259e8451b177e16e2dff4249edcf564c4f8734d34a",
      "EntityType": "Unit",
      "FromLinkID": null,
      "HeadRevisionNum": 2,
      "MutationSources": null,
      "OrganizationID": "12c33fa8-00b1-4011-ad3e-19d56458b29c",
      "Slug": "clusterrolebinding-ceph-csi-nvmeof-nodeplugin-crb",
      "SpaceID": "9f6c723f-beaf-43c4-b1d5-34448c9fc3cc",
      "ToolchainType": "Kubernetes/YAML",
      "UnitID": "14c6e139-37e7-4bab-9fa5-75c0ca0d0efb",
      "UpdatedAt": "0001-01-01T00:00:00Z",
      "Version": 15
    },
    "UnitStatus": {
      "Action": "N/A",
      "ActionResult": "None",
      "ActionStartedAt": "0001-01-01T00:00:00Z",
      "ActionTerminatedAt": "0001-01-01T00:00:00Z",
      "Drift": "N/A",
      "Status": "NotLive",
      "SyncStatus": "NotLive"
    }
  },
  {
    "Space": {
      "CreatedAt": "2026-06-12T17:32:19.005919Z",
      "CursorID": 4709,
      "DisplayName": "helm-rook-ceph-default-confighub-proof",
      "EntityType": "Space",
      "Labels": {
        "Component": "RookCeph",
        "Environment": "Demo",
        "Layer": "App",
        "Owner": "ConfigHubHelm",
        "Variant": "default"
      },
      "OrganizationID": "12c33fa8-00b1-4011-ad3e-19d56458b29c",
      "Permissions": {
        "Manage": {
          "UserIDs": {
            "c5818f81-ae4b-4d17-987f-743f19bdb0ca": true
          }
        },
        "ManageChildren": {
          "UserIDs": {
            "c5818f81-ae4b-4d17-987f-743f19bdb0ca": true
          }
        }
      },
      "Slug": "helm-rook-ceph-default-confighub-proof",
      "SpaceID": "9f6c723f-beaf-43c4-b1d5-34448c9fc3cc",
      "UpdatedAt": "2026-06-12T17:32:19.515543Z",
      "Version": 2,
      "WhereTrigger": "SpaceID = '9f6c723f-beaf-43c4-b1d5-34448c9fc3cc'"
    },
    "Unit": {
      "ApprovedBy": null,
      "CreatedAt": "0001-01-01T00:00:00Z",
      "DataHash": "b081f20b8298f8beeacfd6c0d9a30c4d7a189f2f5bd226745386e470aa60e7cc",
      "EntityType": "Unit",
      "FromLinkID": null,
      "HeadRevisionNum": 2,
      "MutationSources": null,
      "OrganizationID": "12c33fa8-00b1-4011-ad3e-19d56458b29c",
      "Slug": "clusterrolebinding-ceph-csi-rbd-ctrlplugin-crb",
      "SpaceID": "9f6c723f-beaf-43c4-b1d5-34448c9fc3cc",
      "ToolchainType": "Kubernetes/YAML",
      "UnitID": "2103bc21-fd72-48f2-8b13-b4771c2a5385",
      "UpdatedAt": "0001-01-01T00:00:00Z",
      "Version": 15
    },
    "UnitStatus": {
      "Action": "N/A",
      "ActionResult": "None",
      "ActionStartedAt": "0001-01-01T00:00:00Z",
      "ActionTerminatedAt": "0001-01-01T00:00:00Z",
      "Drift": "N/A",
      "Status": "NotLive",
      "SyncStatus": "NotLive"
    }
  },
  {
    "Space": {
      "CreatedAt": "2026-06-12T17:32:19.005919Z",
      "CursorID": 4709,
      "DisplayName": "helm-rook-ceph-default-confighub-proof",
      "EntityType": "Space",
      "Labels": {
        "Component": "RookCeph",
        "Environment": "Demo",
        "Layer": "App",
        "Owner": "ConfigHubHelm",
        "Variant": "default"
      },
      "OrganizationID": "12c33fa8-00b1-4011-ad3e-19d56458b29c",
      "Permissions": {
        "Manage": {
          "UserIDs": {
            "c5818f81-ae4b-4d17-987f-743f19bdb0ca": true
          }
        },
        "ManageChildren": {
          "UserIDs": {
            "c5818f81-ae4b-4d17-987f-743f19bdb0ca": true
          }
        }
      },
      "Slug": "helm-rook-ceph-default-confighub-proof",
      "SpaceID": "9f6c723f-beaf-43c4-b1d5-34448c9fc3cc",
      "UpdatedAt": "2026-06-12T17:32:19.515543Z",
      "Version": 2,
      "WhereTrigger": "SpaceID = '9f6c723f-beaf-43c4-b1d5-34448c9fc3cc'"
    },
    "Unit": {
      "ApprovedBy": null,
      "CreatedAt": "0001-01-01T00:00:00Z",
      "DataHash": "2d1c7e55d587a011b9d608eb7b35a2c07e1420dec821557a2693aeaba2bbfdc2",
      "EntityType": "Unit",
      "FromLinkID": null,
      "HeadRevisionNum": 2,
      "MutationSources": null,
      "OrganizationID": "12c33fa8-00b1-4011-ad3e-19d56458b29c",
      "Slug": "clusterrolebinding-ceph-csi-rbd-nodeplugin-crb",
      "SpaceID": "9f6c723f-beaf-43c4-b1d5-34448c9fc3cc",
      "ToolchainType": "Kubernetes/YAML",
      "UnitID": "251c9757-8803-4dd8-bf62-9ed33bdd0537",
      "UpdatedAt": "0001-01-01T00:00:00Z",
      "Version": 15
    },
    "UnitStatus": {
      "Action": "N/A",
      "ActionResult": "None",
      "ActionStartedAt": "0001-01-01T00:00:00Z",
      "ActionTerminatedAt": "0001-01-01T00:00:00Z",
      "Drift": "N/A",
      "Status": "NotLive",
      "SyncStatus": "NotLive"
    }
  },
  {
    "Space": {
      "CreatedAt": "2026-06-12T17:32:19.005919Z",
      "CursorID": 4709,
      "DisplayName": "helm-rook-ceph-default-confighub-proof",
      "EntityType": "Space",
      "Labels": {
        "Component": "RookCeph",
        "Environment": "Demo",
        "Layer": "App",
        "Owner": "ConfigHubHelm",
        "Variant": "default"
      },
      "OrganizationID": "12c33fa8-00b1-4011-ad3e-19d56458b29c",
      "Permissions": {
        "Manage": {
          "UserIDs": {
            "c5818f81-ae4b-4d17-987f-743f19bdb0ca": true
          }
        },
        "ManageChildren": {
          "UserIDs": {
            "c5818f81-ae4b-4d17-987f-743f19bdb0ca": true
          }
        }
      },
      "Slug": "helm-rook-ceph-default-confighub-proof",
      "SpaceID": "9f6c723f-beaf-43c4-b1d5-34448c9fc3cc",
      "UpdatedAt": "2026-06-12T17:32:19.515543Z",
      "Version": 2,
      "WhereTrigger": "SpaceID = '9f6c723f-beaf-43c4-b1d5-34448c9fc3cc'"
    },
    "Unit": {
      "ApprovedBy": null,
      "CreatedAt": "0001-01-01T00:00:00Z",
      "DataHash": "b1211063292909c8e65359100f75dc5f3f705de97cd3d0483e5bc5561b76bd24",
      "EntityType": "Unit",
      "FromLinkID": null,
      "HeadRevisionNum": 2,
      "MutationSources": null,
      "OrganizationID": "12c33fa8-00b1-4011-ad3e-19d56458b29c",
      "Slug": "clusterrolebinding-cephfs-csi-provisioner-role",
      "SpaceID": "9f6c723f-beaf-43c4-b1d5-34448c9fc3cc",
      "ToolchainType": "Kubernetes/YAML",
      "UnitID": "3d245a2e-f3fd-40c3-bab8-4b788c840c38",
      "UpdatedAt": "0001-01-01T00:00:00Z",
      "Version": 15
    },
    "UnitStatus": {
      "Action": "N/A",
      "ActionResult": "None",
      "ActionStartedAt": "0001-01-01T00:00:00Z",
      "ActionTerminatedAt": "0001-01-01T00:00:00Z",
      "Drift": "N/A",
      "Status": "NotLive",
      "SyncStatus": "NotLive"
    }
  },
  {
    "Space": {
      "CreatedAt": "2026-06-12T17:32:19.005919Z",
      "CursorID": 4709,
      "DisplayName": "helm-rook-ceph-default-confighub-proof",
      "EntityType": "Space",
      "Labels": {
        "Component": "RookCeph",
        "Environment": "Demo",
        "Layer": "App",
        "Owner": "ConfigHubHelm",
        "Variant": "default"
      },
      "OrganizationID": "12c33fa8-00b1-4011-ad3e-19d56458b29c",
      "Permissions": {
        "Manage": {
          "UserIDs": {
            "c5818f81-ae4b-4d17-987f-743f19bdb0ca": true
          }
        },
        "ManageChildren": {
          "UserIDs": {
            "c5818f81-ae4b-4d17-987f-743f19bdb0ca": true
          }
        }
      },
      "Slug": "helm-rook-ceph-default-confighub-proof",
      "SpaceID": "9f6c723f-beaf-43c4-b1d5-34448c9fc3cc",
      "UpdatedAt": "2026-06-12T17:32:19.515543Z",
      "Version": 2,
      "WhereTrigger": "SpaceID = '9f6c723f-beaf-43c4-b1d5-34448c9fc3cc'"
    },
    "Unit": {
      "ApprovedBy": null,
      "CreatedAt": "0001-01-01T00:00:00Z",
      "DataHash": "dcb8e998ec5182badbb4a01877498b3d63c060a64956315efeeb140e08859550",
      "EntityType": "Unit",
      "FromLinkID": null,
      "HeadRevisionNum": 2,
      "MutationSources": null,
      "OrganizationID": "12c33fa8-00b1-4011-ad3e-19d56458b29c",
      "Slug": "clusterrolebinding-rbd-csi-provisioner-role",
      "SpaceID": "9f6c723f-beaf-43c4-b1d5-34448c9fc3cc",
      "ToolchainType": "Kubernetes/YAML",
      "UnitID": "df88a163-f680-40ac-9ac3-00b87c68f50f",
      "UpdatedAt": "0001-01-01T00:00:00Z",
      "Version": 15
    },
    "UnitStatus": {
      "Action": "N/A",
      "ActionResult": "None",
      "ActionStartedAt": "0001-01-01T00:00:00Z",
      "ActionTerminatedAt": "0001-01-01T00:00:00Z",
      "Drift": "N/A",
      "Status": "NotLive",
      "SyncStatus": "NotLive"
    }
  },
  {
    "Space": {
      "CreatedAt": "2026-06-12T17:32:19.005919Z",
      "CursorID": 4709,
      "DisplayName": "helm-rook-ceph-default-confighub-proof",
      "EntityType": "Space",
      "Labels": {
        "Component": "RookCeph",
        "Environment": "Demo",
        "Layer": "App",
        "Owner": "ConfigHubHelm",
        "Variant": "default"
      },
      "OrganizationID": "12c33fa8-00b1-4011-ad3e-19d56458b29c",
      "Permissions": {
        "Manage": {
          "UserIDs": {
            "c5818f81-ae4b-4d17-987f-743f19bdb0ca": true
          }
        },
        "ManageChildren": {
          "UserIDs": {
            "c5818f81-ae4b-4d17-987f-743f19bdb0ca": true
          }
        }
      },
      "Slug": "helm-rook-ceph-default-confighub-proof",
      "SpaceID": "9f6c723f-beaf-43c4-b1d5-34448c9fc3cc",
      "UpdatedAt": "2026-06-12T17:32:19.515543Z",
      "Version": 2,
      "WhereTrigger": "SpaceID = '9f6c723f-beaf-43c4-b1d5-34448c9fc3cc'"
    },
    "Unit": {
      "ApprovedBy": null,
      "CreatedAt": "0001-01-01T00:00:00Z",
      "DataHash": "fab6a81ed1d314352f98b5f5fc00b748b1d90b1ec66019d98a59dcafca3c07d7",
      "EntityType": "Unit",
      "FromLinkID": null,
      "HeadRevisionNum": 2,
      "MutationSources": null,
      "OrganizationID": "12c33fa8-00b1-4011-ad3e-19d56458b29c",
      "Slug": "clusterrolebinding-rook-ceph-global",
      "SpaceID": "9f6c723f-beaf-43c4-b1d5-34448c9fc3cc",
      "ToolchainType": "Kubernetes/YAML",
      "UnitID": "ea8ccdaf-4f95-4927-b37e-1021055338f4",
      "UpdatedAt": "0001-01-01T00:00:00Z",
      "Version": 15
    },
    "UnitStatus": {
      "Action": "N/A",
      "ActionResult": "None",
      "ActionStartedAt": "0001-01-01T00:00:00Z",
      "ActionTerminatedAt": "0001-01-01T00:00:00Z",
      "Drift": "N/A",
      "Status": "NotLive",
      "SyncStatus": "NotLive"
    }
  },
  {
    "Space": {
      "CreatedAt": "2026-06-12T17:32:19.005919Z",
      "CursorID": 4709,
      "DisplayName": "helm-rook-ceph-default-confighub-proof",
      "EntityType": "Space",
      "Labels": {
        "Component": "RookCeph",
        "Environment": "Demo",
        "Layer": "App",
        "Owner": "ConfigHubHelm",
        "Variant": "default"
      },
      "OrganizationID": "12c33fa8-00b1-4011-ad3e-19d56458b29c",
      "Permissions": {
        "Manage": {
          "UserIDs": {
            "c5818f81-ae4b-4d17-987f-743f19bdb0ca": true
          }
        },
        "ManageChildren": {
          "UserIDs": {
            "c5818f81-ae4b-4d17-987f-743f19bdb0ca": true
          }
        }
      },
      "Slug": "helm-rook-ceph-default-confighub-proof",
      "SpaceID": "9f6c723f-beaf-43c4-b1d5-34448c9fc3cc",
      "UpdatedAt": "2026-06-12T17:32:19.515543Z",
      "Version": 2,
      "WhereTrigger": "SpaceID = '9f6c723f-beaf-43c4-b1d5-34448c9fc3cc'"
    },
    "Unit": {
      "ApprovedBy": null,
      "CreatedAt": "0001-01-01T00:00:00Z",
      "DataHash": "4b8f7df3a74799f60b25795b5ed6ffebf2518ebae103505a403f5c536fe6929e",
      "EntityType": "Unit",
      "FromLinkID": null,
      "HeadRevisionNum": 2,
      "MutationSources": null,
      "OrganizationID": "12c33fa8-00b1-4011-ad3e-19d56458b29c",
      "Slug": "clusterrolebinding-rook-ceph-object-bucket",
      "SpaceID": "9f6c723f-beaf-43c4-b1d5-34448c9fc3cc",
      "ToolchainType": "Kubernetes/YAML",
      "UnitID": "db666ce5-beaf-4ad0-b5dd-79c9a8bd8c50",
      "UpdatedAt": "0001-01-01T00:00:00Z",
      "Version": 15
    },
    "UnitStatus": {
      "Action": "N/A",
      "ActionResult": "None",
      "ActionStartedAt": "0001-01-01T00:00:00Z",
      "ActionTerminatedAt": "0001-01-01T00:00:00Z",
      "Drift": "N/A",
      "Status": "NotLive",
      "SyncStatus": "NotLive"
    }
  },
  {
    "Space": {
      "CreatedAt": "2026-06-12T17:32:19.005919Z",
      "CursorID": 4709,
      "DisplayName": "helm-rook-ceph-default-confighub-proof",
      "EntityType": "Space",
      "Labels": {
        "Component": "RookCeph",
        "Environment": "Demo",
        "Layer": "App",
        "Owner": "ConfigHubHelm",
        "Variant": "default"
      },
      "OrganizationID": "12c33fa8-00b1-4011-ad3e-19d56458b29c",
      "Permissions": {
        "Manage": {
          "UserIDs": {
            "c5818f81-ae4b-4d17-987f-743f19bdb0ca": true
          }
        },
        "ManageChildren": {
          "UserIDs": {
            "c5818f81-ae4b-4d17-987f-743f19bdb0ca": true
          }
        }
      },
      "Slug": "helm-rook-ceph-default-confighub-proof",
      "SpaceID": "9f6c723f-beaf-43c4-b1d5-34448c9fc3cc",
      "UpdatedAt": "2026-06-12T17:32:19.515543Z",
      "Version": 2,
      "WhereTrigger": "SpaceID = '9f6c723f-beaf-43c4-b1d5-34448c9fc3cc'"
    },
    "Unit": {
      "ApprovedBy": null,
      "CreatedAt": "0001-01-01T00:00:00Z",
      "DataHash": "9c76d55809f834008c1800bc139941885694a13c0edc4ac68dae65883fe14bb9",
      "EntityType": "Unit",
      "FromLinkID": null,
      "HeadRevisionNum": 2,
      "MutationSources": null,
      "OrganizationID": "12c33fa8-00b1-4011-ad3e-19d56458b29c",
      "Slug": "clusterrolebinding-rook-ceph-osd",
      "SpaceID": "9f6c723f-beaf-43c4-b1d5-34448c9fc3cc",
      "ToolchainType": "Kubernetes/YAML",
      "UnitID": "5c979458-a802-45f0-af5e-dd686990376d",
      "UpdatedAt": "0001-01-01T00:00:00Z",
      "Version": 15
    },
    "UnitStatus": {
      "Action": "N/A",
      "ActionResult": "None",
      "ActionStartedAt": "0001-01-01T00:00:00Z",
      "ActionTerminatedAt": "0001-01-01T00:00:00Z",
      "Drift": "N/A",
      "Status": "NotLive",
      "SyncStatus": "NotLive"
    }
  },
  {
    "Space": {
      "CreatedAt": "2026-06-12T17:32:19.005919Z",
      "CursorID": 4709,
      "DisplayName": "helm-rook-ceph-default-confighub-proof",
      "EntityType": "Space",
      "Labels": {
        "Component": "RookCeph",
        "Environment": "Demo",
        "Layer": "App",
        "Owner": "ConfigHubHelm",
        "Variant": "default"
      },
      "OrganizationID": "12c33fa8-00b1-4011-ad3e-19d56458b29c",
      "Permissions": {
        "Manage": {
          "UserIDs": {
            "c5818f81-ae4b-4d17-987f-743f19bdb0ca": true
          }
        },
        "ManageChildren": {
          "UserIDs": {
            "c5818f81-ae4b-4d17-987f-743f19bdb0ca": true
          }
        }
      },
      "Slug": "helm-rook-ceph-default-confighub-proof",
      "SpaceID": "9f6c723f-beaf-43c4-b1d5-34448c9fc3cc",
      "UpdatedAt": "2026-06-12T17:32:19.515543Z",
      "Version": 2,
      "WhereTrigger": "SpaceID = '9f6c723f-beaf-43c4-b1d5-34448c9fc3cc'"
    },
    "Unit": {
      "ApprovedBy": null,
      "CreatedAt": "0001-01-01T00:00:00Z",
      "DataHash": "c94c7d747d7f2c02933323851928675f735770b8add182dcca988e9dfc1ca533",
      "EntityType": "Unit",
      "FromLinkID": null,
      "HeadRevisionNum": 2,
      "MutationSources": null,
      "OrganizationID": "12c33fa8-00b1-4011-ad3e-19d56458b29c",
      "Slug": "role-default-rook-ceph-mgr",
      "SpaceID": "9f6c723f-beaf-43c4-b1d5-34448c9fc3cc",
      "ToolchainType": "Kubernetes/YAML",
      "UnitID": "7100c914-db53-4f36-947f-ca89c2c7c429",
      "UpdatedAt": "0001-01-01T00:00:00Z",
      "Version": 10
    },
    "UnitStatus": {
      "Action": "N/A",
      "ActionResult": "None",
      "ActionStartedAt": "0001-01-01T00:00:00Z",
      "ActionTerminatedAt": "0001-01-01T00:00:00Z",
      "Drift": "N/A",
      "Status": "NotLive",
      "SyncStatus": "NotLive"
    }
  },
  {
    "Space": {
      "CreatedAt": "2026-06-12T17:32:19.005919Z",
      "CursorID": 4709,
      "DisplayName": "helm-rook-ceph-default-confighub-proof",
      "EntityType": "Space",
      "Labels": {
        "Component": "RookCeph",
        "Environment": "Demo",
        "Layer": "App",
        "Owner": "ConfigHubHelm",
        "Variant": "default"
      },
      "OrganizationID": "12c33fa8-00b1-4011-ad3e-19d56458b29c",
      "Permissions": {
        "Manage": {
          "UserIDs": {
            "c5818f81-ae4b-4d17-987f-743f19bdb0ca": true
          }
        },
        "ManageChildren": {
          "UserIDs": {
            "c5818f81-ae4b-4d17-987f-743f19bdb0ca": true
          }
        }
      },
      "Slug": "helm-rook-ceph-default-confighub-proof",
      "SpaceID": "9f6c723f-beaf-43c4-b1d5-34448c9fc3cc",
      "UpdatedAt": "2026-06-12T17:32:19.515543Z",
      "Version": 2,
      "WhereTrigger": "SpaceID = '9f6c723f-beaf-43c4-b1d5-34448c9fc3cc'"
    },
    "Unit": {
      "ApprovedBy": null,
      "CreatedAt": "0001-01-01T00:00:00Z",
      "DataHash": "1eba67ceb272af58e5245cc701e507ce2f368e162b28dc9beefd2eaedb6b3ebc",
      "EntityType": "Unit",
      "FromLinkID": null,
      "HeadRevisionNum": 2,
      "MutationSources": null,
      "OrganizationID": "12c33fa8-00b1-4011-ad3e-19d56458b29c",
      "Slug": "rolebinding-default-ceph-csi-cephfs-ctrlplugin-rb",
      "SpaceID": "9f6c723f-beaf-43c4-b1d5-34448c9fc3cc",
      "ToolchainType": "Kubernetes/YAML",
      "UnitID": "8a1405ef-0fdd-427b-9f0b-bd9f0d579b71",
      "UpdatedAt": "0001-01-01T00:00:00Z",
      "Version": 12
    },
    "UnitStatus": {
      "Action": "N/A",
      "ActionResult": "None",
      "ActionStartedAt": "0001-01-01T00:00:00Z",
      "ActionTerminatedAt": "0001-01-01T00:00:00Z",
      "Drift": "N/A",
      "Status": "NotLive",
      "SyncStatus": "NotLive"
    }
  },
  {
    "Space": {
      "CreatedAt": "2026-06-12T17:32:19.005919Z",
      "CursorID": 4709,
      "DisplayName": "helm-rook-ceph-default-confighub-proof",
      "EntityType": "Space",
      "Labels": {
        "Component": "RookCeph",
        "Environment": "Demo",
        "Layer": "App",
        "Owner": "ConfigHubHelm",
        "Variant": "default"
      },
      "OrganizationID": "12c33fa8-00b1-4011-ad3e-19d56458b29c",
      "Permissions": {
        "Manage": {
          "UserIDs": {
            "c5818f81-ae4b-4d17-987f-743f19bdb0ca": true
          }
        },
        "ManageChildren": {
          "UserIDs": {
            "c5818f81-ae4b-4d17-987f-743f19bdb0ca": true
          }
        }
      },
      "Slug": "helm-rook-ceph-default-confighub-proof",
      "SpaceID": "9f6c723f-beaf-43c4-b1d5-34448c9fc3cc",
      "UpdatedAt": "2026-06-12T17:32:19.515543Z",
      "Version": 2,
      "WhereTrigger": "SpaceID = '9f6c723f-beaf-43c4-b1d5-34448c9fc3cc'"
    },
    "Unit": {
      "ApprovedBy": null,
      "CreatedAt": "0001-01-01T00:00:00Z",
      "DataHash": "ddfa4324676da993b2c9a5d78a95256aa44a7b7ebc83235b4aa9388863e093c8",
      "EntityType": "Unit",
      "FromLinkID": null,
      "HeadRevisionNum": 2,
      "MutationSources": null,
      "OrganizationID": "12c33fa8-00b1-4011-ad3e-19d56458b29c",
      "Slug": "rolebinding-default-ceph-csi-nvmeof-ctrlplugin-rb",
      "SpaceID": "9f6c723f-beaf-43c4-b1d5-34448c9fc3cc",
      "ToolchainType": "Kubernetes/YAML",
      "UnitID": "d26d1041-7c33-4879-b042-fdbe9be3ce67",
      "UpdatedAt": "0001-01-01T00:00:00Z",
      "Version": 15
    },
    "UnitStatus": {
      "Action": "N/A",
      "ActionResult": "None",
      "ActionStartedAt": "0001-01-01T00:00:00Z",
      "ActionTerminatedAt": "0001-01-01T00:00:00Z",
      "Drift": "N/A",
      "Status": "NotLive",
      "SyncStatus": "NotLive"
    }
  },
  {
    "Space": {
      "CreatedAt": "2026-06-12T17:32:19.005919Z",
      "CursorID": 4709,
      "DisplayName": "helm-rook-ceph-default-confighub-proof",
      "EntityType": "Space",
      "Labels": {
        "Component": "RookCeph",
        "Environment": "Demo",
        "Layer": "App",
        "Owner": "ConfigHubHelm",
        "Variant": "default"
      },
      "OrganizationID": "12c33fa8-00b1-4011-ad3e-19d56458b29c",
      "Permissions": {
        "Manage": {
          "UserIDs": {
            "c5818f81-ae4b-4d17-987f-743f19bdb0ca": true
          }
        },
        "ManageChildren": {
          "UserIDs": {
            "c5818f81-ae4b-4d17-987f-743f19bdb0ca": true
          }
        }
      },
      "Slug": "helm-rook-ceph-default-confighub-proof",
      "SpaceID": "9f6c723f-beaf-43c4-b1d5-34448c9fc3cc",
      "UpdatedAt": "2026-06-12T17:32:19.515543Z",
      "Version": 2,
      "WhereTrigger": "SpaceID = '9f6c723f-beaf-43c4-b1d5-34448c9fc3cc'"
    },
    "Unit": {
      "ApprovedBy": null,
      "CreatedAt": "0001-01-01T00:00:00Z",
      "DataHash": "a7a0c67a110030f6e6d43484e1a74cf118af7d5e281c809cf5a5b7860cf485c7",
      "EntityType": "Unit",
      "FromLinkID": null,
      "HeadRevisionNum": 2,
      "MutationSources": null,
      "OrganizationID": "12c33fa8-00b1-4011-ad3e-19d56458b29c",
      "Slug": "rolebinding-default-rbd-csi-provisioner-role-cfg",
      "SpaceID": "9f6c723f-beaf-43c4-b1d5-34448c9fc3cc",
      "ToolchainType": "Kubernetes/YAML",
      "UnitID": "a16a2cf8-1503-49fc-bc8b-c1abc136a007",
      "UpdatedAt": "0001-01-01T00:00:00Z",
      "Version": 15
    },
    "UnitStatus": {
      "Action": "N/A",
      "ActionResult": "None",
      "ActionStartedAt": "0001-01-01T00:00:00Z",
      "ActionTerminatedAt": "0001-01-01T00:00:00Z",
      "Drift": "N/A",
      "Status": "NotLive",
      "SyncStatus": "NotLive"
    }
  },
  {
    "Space": {
      "CreatedAt": "2026-06-12T17:32:19.005919Z",
      "CursorID": 4709,
      "DisplayName": "helm-rook-ceph-default-confighub-proof",
      "EntityType": "Space",
      "Labels": {
        "Component": "RookCeph",
        "Environment": "Demo",
        "Layer": "App",
        "Owner": "ConfigHubHelm",
        "Variant": "default"
      },
      "OrganizationID": "12c33fa8-00b1-4011-ad3e-19d56458b29c",
      "Permissions": {
        "Manage": {
          "UserIDs": {
            "c5818f81-ae4b-4d17-987f-743f19bdb0ca": true
          }
        },
        "ManageChildren": {
          "UserIDs": {
            "c5818f81-ae4b-4d17-987f-743f19bdb0ca": true
          }
        }
      },
      "Slug": "helm-rook-ceph-default-confighub-proof",
      "SpaceID": "9f6c723f-beaf-43c4-b1d5-34448c9fc3cc",
      "UpdatedAt": "2026-06-12T17:32:19.515543Z",
      "Version": 2,
      "WhereTrigger": "SpaceID = '9f6c723f-beaf-43c4-b1d5-34448c9fc3cc'"
    },
    "Unit": {
      "ApprovedBy": null,
      "CreatedAt": "0001-01-01T00:00:00Z",
      "DataHash": "29d07f4c301dc9af188909153a899ff2d63d7027c812f50bbb16da17e7f446f6",
      "EntityType": "Unit",
      "FromLinkID": null,
      "HeadRevisionNum": 1,
      "MutationSources": null,
      "OrganizationID": "12c33fa8-00b1-4011-ad3e-19d56458b29c",
      "Slug": "serviceaccount-default-ceph-csi-cephfs-ctrlplugin-sa",
      "SpaceID": "9f6c723f-beaf-43c4-b1d5-34448c9fc3cc",
      "ToolchainType": "Kubernetes/YAML",
      "UnitID": "41ebd322-6b18-4bf8-8617-0b7e34ac4657",
      "UpdatedAt": "0001-01-01T00:00:00Z",
      "Version": 6
    },
    "UnitStatus": {
      "Action": "N/A",
      "ActionResult": "None",
      "ActionStartedAt": "0001-01-01T00:00:00Z",
      "ActionTerminatedAt": "0001-01-01T00:00:00Z",
      "Drift": "N/A",
      "Status": "NotLive",
      "SyncStatus": "NotLive"
    }
  },
  {
    "Space": {
      "CreatedAt": "2026-06-12T17:32:19.005919Z",
      "CursorID": 4709,
      "DisplayName": "helm-rook-ceph-default-confighub-proof",
      "EntityType": "Space",
      "Labels": {
        "Component": "RookCeph",
        "Environment": "Demo",
        "Layer": "App",
        "Owner": "ConfigHubHelm",
        "Variant": "default"
      },
      "OrganizationID": "12c33fa8-00b1-4011-ad3e-19d56458b29c",
      "Permissions": {
        "Manage": {
          "UserIDs": {
            "c5818f81-ae4b-4d17-987f-743f19bdb0ca": true
          }
        },
        "ManageChildren": {
          "UserIDs": {
            "c5818f81-ae4b-4d17-987f-743f19bdb0ca": true
          }
        }
      },
      "Slug": "helm-rook-ceph-default-confighub-proof",
      "SpaceID": "9f6c723f-beaf-43c4-b1d5-34448c9fc3cc",
      "UpdatedAt": "2026-06-12T17:32:19.515543Z",
      "Version": 2,
      "WhereTrigger": "SpaceID = '9f6c723f-beaf-43c4-b1d5-34448c9fc3cc'"
    },
    "Unit": {
      "ApprovedBy": null,
      "CreatedAt": "0001-01-01T00:00:00Z",
      "DataHash": "0cbdc1efe3ccb7a8c3e432b8f1ff2319129b74b8e1f7d9e37dc6b7a5f65431f2",
      "EntityType": "Unit",
      "FromLinkID": null,
      "HeadRevisionNum": 1,
      "MutationSources": null,
      "OrganizationID": "12c33fa8-00b1-4011-ad3e-19d56458b29c",
      "Slug": "serviceaccount-default-ceph-csi-cephfs-nodeplugin-sa",
      "SpaceID": "9f6c723f-beaf-43c4-b1d5-34448c9fc3cc",
      "ToolchainType": "Kubernetes/YAML",
      "UnitID": "497f6a47-5f56-4a69-85c1-bba539c168f6",
      "UpdatedAt": "0001-01-01T00:00:00Z",
      "Version": 6
    },
    "UnitStatus": {
      "Action": "N/A",
      "ActionResult": "None",
      "ActionStartedAt": "0001-01-01T00:00:00Z",
      "ActionTerminatedAt": "0001-01-01T00:00:00Z",
      "Drift": "N/A",
      "Status": "NotLive",
      "SyncStatus": "NotLive"
    }
  },
  {
    "Space": {
      "CreatedAt": "2026-06-12T17:32:19.005919Z",
      "CursorID": 4709,
      "DisplayName": "helm-rook-ceph-default-confighub-proof",
      "EntityType": "Space",
      "Labels": {
        "Component": "RookCeph",
        "Environment": "Demo",
        "Layer": "App",
        "Owner": "ConfigHubHelm",
        "Variant": "default"
      },
      "OrganizationID": "12c33fa8-00b1-4011-ad3e-19d56458b29c",
      "Permissions": {
        "Manage": {
          "UserIDs": {
            "c5818f81-ae4b-4d17-987f-743f19bdb0ca": true
          }
        },
        "ManageChildren": {
          "UserIDs": {
            "c5818f81-ae4b-4d17-987f-743f19bdb0ca": true
          }
        }
      },
      "Slug": "helm-rook-ceph-default-confighub-proof",
      "SpaceID": "9f6c723f-beaf-43c4-b1d5-34448c9fc3cc",
      "UpdatedAt": "2026-06-12T17:32:19.515543Z",
      "Version": 2,
      "WhereTrigger": "SpaceID = '9f6c723f-beaf-43c4-b1d5-34448c9fc3cc'"
    },
    "Unit": {
      "ApprovedBy": null,
      "CreatedAt": "0001-01-01T00:00:00Z",
      "DataHash": "2b3cd3397dae849b045e6bd9935b6d827e610d1cca7e37f6d9261fae3e612f42",
      "EntityType": "Unit",
      "FromLinkID": null,
      "HeadRevisionNum": 1,
      "MutationSources": null,
      "OrganizationID": "12c33fa8-00b1-4011-ad3e-19d56458b29c",
      "Slug": "serviceaccount-default-ceph-csi-nfs-ctrlplugin-sa",
      "SpaceID": "9f6c723f-beaf-43c4-b1d5-34448c9fc3cc",
      "ToolchainType": "Kubernetes/YAML",
      "UnitID": "7ea0b7ec-3815-4ee0-8d39-ec74dd527f29",
      "UpdatedAt": "0001-01-01T00:00:00Z",
      "Version": 6
    },
    "UnitStatus": {
      "Action": "N/A",
      "ActionResult": "None",
      "ActionStartedAt": "0001-01-01T00:00:00Z",
      "ActionTerminatedAt": "0001-01-01T00:00:00Z",
      "Drift": "N/A",
      "Status": "NotLive",
      "SyncStatus": "NotLive"
    }
  },
  {
    "Space": {
      "CreatedAt": "2026-06-12T17:32:19.005919Z",
      "CursorID": 4709,
      "DisplayName": "helm-rook-ceph-default-confighub-proof",
      "EntityType": "Space",
      "Labels": {
        "Component": "RookCeph",
        "Environment": "Demo",
        "Layer": "App",
        "Owner": "ConfigHubHelm",
        "Variant": "default"
      },
      "OrganizationID": "12c33fa8-00b1-4011-ad3e-19d56458b29c",
      "Permissions": {
        "Manage": {
          "UserIDs": {
            "c5818f81-ae4b-4d17-987f-743f19bdb0ca": true
          }
        },
        "ManageChildren": {
          "UserIDs": {
            "c5818f81-ae4b-4d17-987f-743f19bdb0ca": true
          }
        }
      },
      "Slug": "helm-rook-ceph-default-confighub-proof",
      "SpaceID": "9f6c723f-beaf-43c4-b1d5-34448c9fc3cc",
      "UpdatedAt": "2026-06-12T17:32:19.515543Z",
      "Version": 2,
      "WhereTrigger": "SpaceID = '9f6c723f-beaf-43c4-b1d5-34448c9fc3cc'"
    },
    "Unit": {
      "ApprovedBy": null,
      "CreatedAt": "0001-01-01T00:00:00Z",
      "DataHash": "e46b6341a4248859896c89eefc953a6bb682a7539797e56262486fd4ceb828b5",
      "EntityType": "Unit",
      "FromLinkID": null,
      "HeadRevisionNum": 1,
      "MutationSources": null,
      "OrganizationID": "12c33fa8-00b1-4011-ad3e-19d56458b29c",
      "Slug": "serviceaccount-default-ceph-csi-nvmeof-nodeplugin-sa",
      "SpaceID": "9f6c723f-beaf-43c4-b1d5-34448c9fc3cc",
      "ToolchainType": "Kubernetes/YAML",
      "UnitID": "327e7e9e-6a93-4d0c-825c-76c3bc3bb356",
      "UpdatedAt": "0001-01-01T00:00:00Z",
      "Version": 6
    },
    "UnitStatus": {
      "Action": "N/A",
      "ActionResult": "None",
      "ActionStartedAt": "0001-01-01T00:00:00Z",
      "ActionTerminatedAt": "0001-01-01T00:00:00Z",
      "Drift": "N/A",
      "Status": "NotLive",
      "SyncStatus": "NotLive"
    }
  },
  {
    "Space": {
      "CreatedAt": "2026-06-12T17:32:19.005919Z",
      "CursorID": 4709,
      "DisplayName": "helm-rook-ceph-default-confighub-proof",
      "EntityType": "Space",
      "Labels": {
        "Component": "RookCeph",
        "Environment": "Demo",
        "Layer": "App",
        "Owner": "ConfigHubHelm",
        "Variant": "default"
      },
      "OrganizationID": "12c33fa8-00b1-4011-ad3e-19d56458b29c",
      "Permissions": {
        "Manage": {
          "UserIDs": {
            "c5818f81-ae4b-4d17-987f-743f19bdb0ca": true
          }
        },
        "ManageChildren": {
          "UserIDs": {
            "c5818f81-ae4b-4d17-987f-743f19bdb0ca": true
          }
        }
      },
      "Slug": "helm-rook-ceph-default-confighub-proof",
      "SpaceID": "9f6c723f-beaf-43c4-b1d5-34448c9fc3cc",
      "UpdatedAt": "2026-06-12T17:32:19.515543Z",
      "Version": 2,
      "WhereTrigger": "SpaceID = '9f6c723f-beaf-43c4-b1d5-34448c9fc3cc'"
    },
    "Unit": {
      "ApprovedBy": null,
      "CreatedAt": "0001-01-01T00:00:00Z",
      "DataHash": "711e72a4003c4d01183467da262e8d14cc7fd55920943ff16aca956e73f6750d",
      "EntityType": "Unit",
      "FromLinkID": null,
      "HeadRevisionNum": 1,
      "MutationSources": null,
      "OrganizationID": "12c33fa8-00b1-4011-ad3e-19d56458b29c",
      "Slug": "serviceaccount-default-ceph-csi-rbd-ctrlplugin-sa",
      "SpaceID": "9f6c723f-beaf-43c4-b1d5-34448c9fc3cc",
      "ToolchainType": "Kubernetes/YAML",
      "UnitID": "7d24ee3e-3c88-43b5-89e9-d7545ba5e167",
      "UpdatedAt": "0001-01-01T00:00:00Z",
      "Version": 6
    },
    "UnitStatus": {
      "Action": "N/A",
      "ActionResult": "None",
      "ActionStartedAt": "0001-01-01T00:00:00Z",
      "ActionTerminatedAt": "0001-01-01T00:00:00Z",
      "Drift": "N/A",
      "Status": "NotLive",
      "SyncStatus": "NotLive"
    }
  }
]
