name,chart,version,base,catalog_layer,recipe_path,variant_path,values_profile,namespace,release_name,rendered_objects_path,package_base_path,installer_package_oci_ref,intent_path,render_parity,confighub_scan_ops,local_kind,gitops_oci_live,live_dual_parity,two_cluster_kind,variant_promotion,lifecycle_route_contract,lifecycle_route_count,gitops_route_count,lifecycle_contract_state,lifecycle_contract_reason,lifecycle_contract_next_action,declared_target_fact_count,target_requirement_count,target_fact_action_count,target_fact_review_status,target_fact_review_decision,target_fact_review_scope,target_fact_review_evidence,target_fact_contract_state,target_fact_contract_reason,target_fact_contract_next_action,confighub_change_state,setting_overlap_policy,source_repository_url
aqua-trivy-operator-0-32-1-default,aqua/trivy-operator,0.32.1,default,F2a,recipes/aqua/trivy-operator/0.32.1,recipes/aqua/trivy-operator/0.32.1/variants/default/variant.yaml,recipes/aqua/trivy-operator/0.32.1/effective-values.yaml,default,trivy-operator,recipes/aqua/trivy-operator/0.32.1/revisions/default/r001/rendered/release-objects.yaml,packages/aqua/trivy-operator/0.32.1/bases/default,oci://europe-west1-docker.pkg.dev/nth-fort-499605-q5/helm-expt/aqua-trivy-operator:0.32.1@sha256:473c9b5a9803e80f6554db0cb7cd7f5c64c1ffdd1b04dd0216fdb4a657552ed0,data/helm-render-intents/intents/aqua-trivy-operator-0-32-1-default.yaml,yes,yes,yes,yes,yes,yes,proven,n/a,0,0,no-route-required,The current catalog record has no source hook or separate lifecycle step for this base.,,0,0,0,not-recorded,not-reviewed,,,actionable-gap,"This base has not recorded whether it needs a Secret, CRD, namespace, value, storage service, external API, or target topology.","Review the base and record its target prerequisites. When none are required, add an explicit no-prerequisite decision with its checked scope and evidence.",none-in-catalog-base,review-required,https://aquasecurity.github.io/helm-charts/
aqua-trivy-operator-0-32-1-no-crds,aqua/trivy-operator,0.32.1,no-crds,F2b,recipes/aqua/trivy-operator/0.32.1,recipes/aqua/trivy-operator/0.32.1/variants/no-crds/variant.yaml,recipes/aqua/trivy-operator/0.32.1/effective-values-no-crds.yaml,default,trivy-operator,recipes/aqua/trivy-operator/0.32.1/revisions/no-crds/r001/rendered/release-objects.yaml,packages/aqua/trivy-operator/0.32.1/bases/no-crds,oci://europe-west1-docker.pkg.dev/nth-fort-499605-q5/helm-expt/aqua-trivy-operator:0.32.1@sha256:473c9b5a9803e80f6554db0cb7cd7f5c64c1ffdd1b04dd0216fdb4a657552ed0,data/helm-render-intents/intents/aqua-trivy-operator-0-32-1-no-crds.yaml,yes,yes,yes,yes,yes,yes,proven,n/a,0,0,no-route-required,The current catalog record has no source hook or separate lifecycle step for this base.,,12,12,0,not-recorded,not-reviewed,,,attached,12 target prerequisites declared by this base.,,none-in-catalog-base,review-required,https://aquasecurity.github.io/helm-charts/
argo-cd-argo-cd-10-1-3-default,argo-cd/argo-cd,10.1.3,default,F2a,recipes/argo-cd/argo-cd/10.1.3,recipes/argo-cd/argo-cd/10.1.3/variants/default/variant.yaml,recipes/argo-cd/argo-cd/10.1.3/effective-values.yaml,argocd,argo-cd,recipes/argo-cd/argo-cd/10.1.3/revisions/default/r001/rendered/release-objects.yaml,packages/argo-cd/argo-cd/10.1.3/bases/default,oci://europe-west1-docker.pkg.dev/nth-fort-499605-q5/helm-expt/argo-cd-argo-cd:10.1.3@sha256:33eee3ec734e11dad3a95f8a4cba5999106a54b0dcc51a477b5cebe7e0d45a4e,data/helm-render-intents/intents/argo-cd-argo-cd-10-1-3-default.yaml,yes,todo,todo,todo,todo,todo,missing-confighub-proof,n/a,0,0,no-route-required,The current catalog record has no source hook or separate lifecycle step for this base.,,1,1,0,not-recorded,not-reviewed,,,attached,1 target prerequisite declared by this base.,,none-in-catalog-base,review-required,https://argoproj.github.io/argo-helm
argo-cd-argo-cd-10-1-3-no-crds,argo-cd/argo-cd,10.1.3,no-crds,F2b,recipes/argo-cd/argo-cd/10.1.3,recipes/argo-cd/argo-cd/10.1.3/variants/no-crds/variant.yaml,recipes/argo-cd/argo-cd/10.1.3/effective-values-no-crds.yaml,argocd,argo-cd,recipes/argo-cd/argo-cd/10.1.3/revisions/no-crds/r001/rendered/release-objects.yaml,packages/argo-cd/argo-cd/10.1.3/bases/no-crds,oci://europe-west1-docker.pkg.dev/nth-fort-499605-q5/helm-expt/argo-cd-argo-cd:10.1.3@sha256:33eee3ec734e11dad3a95f8a4cba5999106a54b0dcc51a477b5cebe7e0d45a4e,data/helm-render-intents/intents/argo-cd-argo-cd-10-1-3-no-crds.yaml,yes,todo,todo,no,todo,todo,missing-confighub-proof,n/a,0,0,no-route-required,The current catalog record has no source hook or separate lifecycle step for this base.,,4,4,0,not-recorded,not-reviewed,,,attached,4 target prerequisites declared by this base.,,none-in-catalog-base,review-required,https://argoproj.github.io/argo-helm
argo-cd-argo-cd-10-2-1-default,argo-cd/argo-cd,10.2.1,default,F2a,recipes/argo-cd/argo-cd/10.2.1,recipes/argo-cd/argo-cd/10.2.1/variants/default/variant.yaml,recipes/argo-cd/argo-cd/10.2.1/effective-values.yaml,argocd,argo-cd,recipes/argo-cd/argo-cd/10.2.1/revisions/default/r001/rendered/release-objects.yaml,packages/argo-cd/argo-cd/10.2.1/bases/default,oci://europe-west1-docker.pkg.dev/nth-fort-499605-q5/helm-expt/argo-cd-argo-cd:10.2.1@sha256:b933436ed879e10c1b684a2d5f89670a35e759264849ec7bfd7c2f2cec1dd5f8,data/helm-render-intents/intents/argo-cd-argo-cd-10-2-1-default.yaml,yes,todo,todo,todo,todo,todo,missing-confighub-proof,n/a,0,0,no-route-required,The current catalog record has no source hook or separate lifecycle step for this base.,,1,1,0,not-recorded,not-reviewed,,,attached,1 target prerequisite declared by this base.,,none-in-catalog-base,review-required,https://argoproj.github.io/argo-helm
argo-cd-argo-cd-10-2-1-no-crds,argo-cd/argo-cd,10.2.1,no-crds,F2b,recipes/argo-cd/argo-cd/10.2.1,recipes/argo-cd/argo-cd/10.2.1/variants/no-crds/variant.yaml,recipes/argo-cd/argo-cd/10.2.1/effective-values-no-crds.yaml,argocd,argo-cd,recipes/argo-cd/argo-cd/10.2.1/revisions/no-crds/r001/rendered/release-objects.yaml,packages/argo-cd/argo-cd/10.2.1/bases/no-crds,oci://europe-west1-docker.pkg.dev/nth-fort-499605-q5/helm-expt/argo-cd-argo-cd:10.2.1@sha256:b933436ed879e10c1b684a2d5f89670a35e759264849ec7bfd7c2f2cec1dd5f8,data/helm-render-intents/intents/argo-cd-argo-cd-10-2-1-no-crds.yaml,yes,todo,todo,no,todo,todo,missing-confighub-proof,n/a,0,0,no-route-required,The current catalog record has no source hook or separate lifecycle step for this base.,,4,4,0,not-recorded,not-reviewed,,,attached,4 target prerequisites declared by this base.,,none-in-catalog-base,review-required,https://argoproj.github.io/argo-helm
argo-cd-argo-cd-9-5-15-default,argo-cd/argo-cd,9.5.15,default,F2a,recipes/argo-cd/argo-cd/9.5.15,recipes/argo-cd/argo-cd/9.5.15/variants/default/variant.yaml,recipes/argo-cd/argo-cd/9.5.15/effective-values.yaml,argocd,argo-cd,recipes/argo-cd/argo-cd/9.5.15/revisions/default/r001/rendered/release-objects.yaml,packages/argo-cd/argo-cd/9.5.15/bases/default,oci://europe-west1-docker.pkg.dev/nth-fort-499605-q5/helm-expt/argo-cd-argo-cd:9.5.15@sha256:9ec6bd1950e4b8b300ac61a62b85943a462dd7fc80d64e5bc79995f054c2ce4d,data/helm-render-intents/intents/argo-cd-argo-cd-9-5-15-default.yaml,yes,yes,yes,yes,yes,yes,proven,n/a,0,0,no-route-required,The current catalog record has no source hook or separate lifecycle step for this base.,,1,1,0,not-recorded,not-reviewed,,,attached,1 target prerequisite declared by this base.,,none-in-catalog-base,review-required,https://argoproj.github.io/argo-helm
argo-cd-argo-cd-9-5-15-no-crds,argo-cd/argo-cd,9.5.15,no-crds,F2b,recipes/argo-cd/argo-cd/9.5.15,recipes/argo-cd/argo-cd/9.5.15/variants/no-crds/variant.yaml,recipes/argo-cd/argo-cd/9.5.15/effective-values-no-crds.yaml,argocd,argo-cd,recipes/argo-cd/argo-cd/9.5.15/revisions/no-crds/r001/rendered/release-objects.yaml,packages/argo-cd/argo-cd/9.5.15/bases/no-crds,oci://europe-west1-docker.pkg.dev/nth-fort-499605-q5/helm-expt/argo-cd-argo-cd:9.5.15@sha256:9ec6bd1950e4b8b300ac61a62b85943a462dd7fc80d64e5bc79995f054c2ce4d,data/helm-render-intents/intents/argo-cd-argo-cd-9-5-15-no-crds.yaml,yes,yes,no,no,yes,todo,proven,n/a,0,0,no-route-required,The current catalog record has no source hook or separate lifecycle step for this base.,,4,4,0,not-recorded,not-reviewed,,,attached,4 target prerequisites declared by this base.,,none-in-catalog-base,review-required,https://argoproj.github.io/argo-helm
argo-cd-argo-cd-9-5-17-default,argo-cd/argo-cd,9.5.17,default,F2a,recipes/argo-cd/argo-cd/9.5.17,recipes/argo-cd/argo-cd/9.5.17/variants/default/variant.yaml,recipes/argo-cd/argo-cd/9.5.17/effective-values.yaml,argocd,argo-cd,recipes/argo-cd/argo-cd/9.5.17/revisions/default/r001/rendered/release-objects.yaml,packages/argo-cd/argo-cd/9.5.17/bases/default,oci://europe-west1-docker.pkg.dev/nth-fort-499605-q5/helm-expt/argo-cd-argo-cd:9.5.17@sha256:e32948e407f2003dd6a97ba3d6a0e362514bca13c51cbb16b7338c570fdde40f,data/helm-render-intents/intents/argo-cd-argo-cd-9-5-17-default.yaml,yes,yes,yes,watch,watch,todo,proven,n/a,0,0,no-route-required,The current catalog record has no source hook or separate lifecycle step for this base.,,1,1,0,not-recorded,not-reviewed,,,attached,1 target prerequisite declared by this base.,,none-in-catalog-base,review-required,https://argoproj.github.io/argo-helm
argo-cd-argo-cd-9-5-17-no-crds,argo-cd/argo-cd,9.5.17,no-crds,F2b,recipes/argo-cd/argo-cd/9.5.17,recipes/argo-cd/argo-cd/9.5.17/variants/no-crds/variant.yaml,recipes/argo-cd/argo-cd/9.5.17/effective-values-no-crds.yaml,argocd,argo-cd,recipes/argo-cd/argo-cd/9.5.17/revisions/no-crds/r001/rendered/release-objects.yaml,packages/argo-cd/argo-cd/9.5.17/bases/no-crds,oci://europe-west1-docker.pkg.dev/nth-fort-499605-q5/helm-expt/argo-cd-argo-cd:9.5.17@sha256:e32948e407f2003dd6a97ba3d6a0e362514bca13c51cbb16b7338c570fdde40f,data/helm-render-intents/intents/argo-cd-argo-cd-9-5-17-no-crds.yaml,yes,todo,yes,no,yes,yes,missing-confighub-proof,n/a,0,0,no-route-required,The current catalog record has no source hook or separate lifecycle step for this base.,,4,4,0,not-recorded,not-reviewed,,,attached,4 target prerequisites declared by this base.,,none-in-catalog-base,review-required,https://argoproj.github.io/argo-helm
argo-cd-argo-events-2-4-21-default,argo-cd/argo-events,2.4.21,default,F2a,recipes/argo-cd/argo-events/2.4.21,recipes/argo-cd/argo-events/2.4.21/variants/default/variant.yaml,recipes/argo-cd/argo-events/2.4.21/effective-values.yaml,default,argo-events,recipes/argo-cd/argo-events/2.4.21/revisions/default/r001/rendered/release-objects.yaml,packages/argo-cd/argo-events/2.4.21/bases/default,oci://europe-west1-docker.pkg.dev/nth-fort-499605-q5/helm-expt/argo-cd-argo-events:2.4.21@sha256:d17322319fd2884cdd914aa580ab94aed8ce7b948af51325a4d9973f7c001b47,data/helm-render-intents/intents/argo-cd-argo-events-2-4-21-default.yaml,yes,yes,yes,yes,yes,yes,proven,n/a,0,0,no-route-required,The current catalog record has no source hook or separate lifecycle step for this base.,,0,0,0,not-recorded,not-reviewed,,,actionable-gap,"This base has not recorded whether it needs a Secret, CRD, namespace, value, storage service, external API, or target topology.","Review the base and record its target prerequisites. When none are required, add an explicit no-prerequisite decision with its checked scope and evidence.",none-in-catalog-base,review-required,https://argoproj.github.io/argo-helm
argo-cd-argo-events-2-4-21-no-crds,argo-cd/argo-events,2.4.21,no-crds,F2b,recipes/argo-cd/argo-events/2.4.21,recipes/argo-cd/argo-events/2.4.21/variants/no-crds/variant.yaml,recipes/argo-cd/argo-events/2.4.21/effective-values-no-crds.yaml,default,argo-events,recipes/argo-cd/argo-events/2.4.21/revisions/no-crds/r001/rendered/release-objects.yaml,packages/argo-cd/argo-events/2.4.21/bases/no-crds,oci://europe-west1-docker.pkg.dev/nth-fort-499605-q5/helm-expt/argo-cd-argo-events:2.4.21@sha256:d17322319fd2884cdd914aa580ab94aed8ce7b948af51325a4d9973f7c001b47,data/helm-render-intents/intents/argo-cd-argo-events-2-4-21-no-crds.yaml,yes,yes,yes,yes,yes,yes,proven,n/a,0,0,no-route-required,The current catalog record has no source hook or separate lifecycle step for this base.,,0,0,0,not-recorded,not-reviewed,,,actionable-gap,"This base has not recorded whether it needs a Secret, CRD, namespace, value, storage service, external API, or target topology.","Review the base and record its target prerequisites. When none are required, add an explicit no-prerequisite decision with its checked scope and evidence.",none-in-catalog-base,review-required,https://argoproj.github.io/argo-helm
argo-cd-argo-rollouts-2-40-9-default,argo-cd/argo-rollouts,2.40.9,default,F2a,recipes/argo-cd/argo-rollouts/2.40.9,recipes/argo-cd/argo-rollouts/2.40.9/variants/default/variant.yaml,recipes/argo-cd/argo-rollouts/2.40.9/effective-values.yaml,default,argo-rollouts,recipes/argo-cd/argo-rollouts/2.40.9/revisions/default/r001/rendered/release-objects.yaml,packages/argo-cd/argo-rollouts/2.40.9/bases/default,oci://europe-west1-docker.pkg.dev/nth-fort-499605-q5/helm-expt/argo-cd-argo-rollouts:2.40.9@sha256:e77d2622b0c73818226779e719ecd8841bc282c710b5cc193940ff5cb8ee00ab,data/helm-render-intents/intents/argo-cd-argo-rollouts-2-40-9-default.yaml,yes,yes,yes,yes,yes,yes,proven,n/a,0,0,no-route-required,The current catalog record has no source hook or separate lifecycle step for this base.,,0,0,0,not-recorded,not-reviewed,,,actionable-gap,"This base has not recorded whether it needs a Secret, CRD, namespace, value, storage service, external API, or target topology.","Review the base and record its target prerequisites. When none are required, add an explicit no-prerequisite decision with its checked scope and evidence.",none-in-catalog-base,review-required,https://argoproj.github.io/argo-helm
argo-cd-argo-rollouts-2-40-9-no-crds,argo-cd/argo-rollouts,2.40.9,no-crds,F2b,recipes/argo-cd/argo-rollouts/2.40.9,recipes/argo-cd/argo-rollouts/2.40.9/variants/no-crds/variant.yaml,recipes/argo-cd/argo-rollouts/2.40.9/effective-values-no-crds.yaml,default,argo-rollouts,recipes/argo-cd/argo-rollouts/2.40.9/revisions/no-crds/r001/rendered/release-objects.yaml,packages/argo-cd/argo-rollouts/2.40.9/bases/no-crds,oci://europe-west1-docker.pkg.dev/nth-fort-499605-q5/helm-expt/argo-cd-argo-rollouts:2.40.9@sha256:e77d2622b0c73818226779e719ecd8841bc282c710b5cc193940ff5cb8ee00ab,data/helm-render-intents/intents/argo-cd-argo-rollouts-2-40-9-no-crds.yaml,yes,yes,yes,yes,yes,yes,proven,n/a,0,0,no-route-required,The current catalog record has no source hook or separate lifecycle step for this base.,,0,0,0,not-recorded,not-reviewed,,,actionable-gap,"This base has not recorded whether it needs a Secret, CRD, namespace, value, storage service, external API, or target topology.","Review the base and record its target prerequisites. When none are required, add an explicit no-prerequisite decision with its checked scope and evidence.",none-in-catalog-base,review-required,https://argoproj.github.io/argo-helm
argo-cd-argo-workflows-1-0-14-controller-default-reviewed,argo-cd/argo-workflows,1.0.14,controller-default-reviewed,F2b,recipes/argo-cd/argo-workflows/1.0.14,recipes/argo-cd/argo-workflows/1.0.14/variants/controller-default-reviewed/variant.yaml,recipes/argo-cd/argo-workflows/1.0.14/effective-values.yaml,default,argo-workflows,recipes/argo-cd/argo-workflows/1.0.14/revisions/controller-default-reviewed/r001/rendered/release-objects.yaml,packages/argo-cd/argo-workflows/1.0.14/bases/controller-default-reviewed,oci://europe-west1-docker.pkg.dev/nth-fort-499605-q5/helm-expt/argo-cd-argo-workflows:1.0.14@sha256:abbebaeccc07e0583c7ccc5ad0c9d315057e6b4c0a766bd72c167ee92d3f160f,data/helm-render-intents/intents/argo-cd-argo-workflows-1-0-14-controller-default-reviewed.yaml,yes,yes,no,yes,yes,yes,proven,yes,1,1,attached,1 lifecycle route attached for this exact chart version and base.,,8,8,0,not-recorded,not-reviewed,,,attached,8 target prerequisites declared by this base.,,none-in-catalog-base,review-required,https://argoproj.github.io/argo-helm
argo-cd-argo-workflows-1-0-14-default,argo-cd/argo-workflows,1.0.14,default,F2a,recipes/argo-cd/argo-workflows/1.0.14,recipes/argo-cd/argo-workflows/1.0.14/variants/default/variant.yaml,recipes/argo-cd/argo-workflows/1.0.14/effective-values.yaml,default,argo-workflows,recipes/argo-cd/argo-workflows/1.0.14/revisions/default/r001/rendered/release-objects.yaml,packages/argo-cd/argo-workflows/1.0.14/bases/default,oci://europe-west1-docker.pkg.dev/nth-fort-499605-q5/helm-expt/argo-cd-argo-workflows:1.0.14@sha256:abbebaeccc07e0583c7ccc5ad0c9d315057e6b4c0a766bd72c167ee92d3f160f,data/helm-render-intents/intents/argo-cd-argo-workflows-1-0-14-default.yaml,yes,yes,no,yes,yes,yes,proven,yes,1,1,attached,1 lifecycle route attached for this exact chart version and base.,,8,8,0,not-recorded,not-reviewed,,,attached,8 target prerequisites declared by this base.,,none-in-catalog-base,review-required,https://argoproj.github.io/argo-helm
argo-cd-argo-workflows-1-0-14-minimal-crds,argo-cd/argo-workflows,1.0.14,minimal-crds,F2b,recipes/argo-cd/argo-workflows/1.0.14,recipes/argo-cd/argo-workflows/1.0.14/variants/minimal-crds/variant.yaml,recipes/argo-cd/argo-workflows/1.0.14/effective-values-minimal-crds.yaml,default,argo-workflows,recipes/argo-cd/argo-workflows/1.0.14/revisions/minimal-crds/r001/rendered/release-objects.yaml,packages/argo-cd/argo-workflows/1.0.14/bases/minimal-crds,oci://europe-west1-docker.pkg.dev/nth-fort-499605-q5/helm-expt/argo-cd-argo-workflows:1.0.14@sha256:abbebaeccc07e0583c7ccc5ad0c9d315057e6b4c0a766bd72c167ee92d3f160f,data/helm-render-intents/intents/argo-cd-argo-workflows-1-0-14-minimal-crds.yaml,yes,yes,yes,yes,yes,yes,proven,yes,1,1,attached,1 lifecycle route attached for this exact chart version and base.,,0,0,0,not-recorded,not-reviewed,,,actionable-gap,"This base has not recorded whether it needs a Secret, CRD, namespace, value, storage service, external API, or target topology.","Review the base and record its target prerequisites. When none are required, add an explicit no-prerequisite decision with its checked scope and evidence.",none-in-catalog-base,review-required,https://argoproj.github.io/argo-helm
argo-cd-argocd-image-updater-1-2-2-default,argo-cd/argocd-image-updater,1.2.2,default,F2a,recipes/argo-cd/argocd-image-updater/1.2.2,recipes/argo-cd/argocd-image-updater/1.2.2/variants/default/variant.yaml,recipes/argo-cd/argocd-image-updater/1.2.2/effective-values.yaml,default,argocd-image-updater,recipes/argo-cd/argocd-image-updater/1.2.2/revisions/default/r001/rendered/release-objects.yaml,packages/argo-cd/argocd-image-updater/1.2.2/bases/default,oci://europe-west1-docker.pkg.dev/nth-fort-499605-q5/helm-expt/argo-cd-argocd-image-updater:1.2.2@sha256:525b479c83d1f34cb049de230d2925bb494437ca0a0aa20c782b29a6baa382fa,data/helm-render-intents/intents/argo-cd-argocd-image-updater-1-2-2-default.yaml,yes,yes,yes,yes,yes,yes,proven,n/a,0,0,no-route-required,The current catalog record has no source hook or separate lifecycle step for this base.,,0,0,0,not-recorded,not-reviewed,,,actionable-gap,"This base has not recorded whether it needs a Secret, CRD, namespace, value, storage service, external API, or target topology.","Review the base and record its target prerequisites. When none are required, add an explicit no-prerequisite decision with its checked scope and evidence.",none-in-catalog-base,review-required,https://argoproj.github.io/argo-helm
autoscaler-cluster-autoscaler-9-57-0-controller-default-reviewed,autoscaler/cluster-autoscaler,9.57.0,controller-default-reviewed,F2b,recipes/autoscaler/cluster-autoscaler/9.57.0,recipes/autoscaler/cluster-autoscaler/9.57.0/variants/controller-default-reviewed/variant.yaml,recipes/autoscaler/cluster-autoscaler/9.57.0/effective-values-controller-default-reviewed.yaml,default,cluster-autoscaler,recipes/autoscaler/cluster-autoscaler/9.57.0/revisions/controller-default-reviewed/r001/rendered/release-objects.yaml,packages/autoscaler/cluster-autoscaler/9.57.0/bases/controller-default-reviewed,oci://europe-west1-docker.pkg.dev/nth-fort-499605-q5/helm-expt/autoscaler-cluster-autoscaler:9.57.0@sha256:5eb03d4a705cb819281555c6618a61a42e73cbbacebb0d0604d2c88dfc996fd8,data/helm-render-intents/intents/autoscaler-cluster-autoscaler-9-57-0-controller-default-reviewed.yaml,yes,yes,yes,yes,yes,no,proven,n/a,0,0,no-route-required,The current catalog record has no source hook or separate lifecycle step for this base.,,2,2,0,not-recorded,not-reviewed,,,attached,2 target prerequisites declared by this base.,,none-in-catalog-base,review-required,https://kubernetes.github.io/autoscaler
autoscaler-cluster-autoscaler-9-57-0-default,autoscaler/cluster-autoscaler,9.57.0,default,F2a,recipes/autoscaler/cluster-autoscaler/9.57.0,recipes/autoscaler/cluster-autoscaler/9.57.0/variants/default/variant.yaml,recipes/autoscaler/cluster-autoscaler/9.57.0/effective-values.yaml,default,cluster-autoscaler,recipes/autoscaler/cluster-autoscaler/9.57.0/revisions/default/r001/rendered/release-objects.yaml,packages/autoscaler/cluster-autoscaler/9.57.0/bases/default,oci://europe-west1-docker.pkg.dev/nth-fort-499605-q5/helm-expt/autoscaler-cluster-autoscaler:9.57.0@sha256:5eb03d4a705cb819281555c6618a61a42e73cbbacebb0d0604d2c88dfc996fd8,data/helm-render-intents/intents/autoscaler-cluster-autoscaler-9-57-0-default.yaml,yes,yes,yes,yes,yes,watch,proven,n/a,0,0,no-route-required,The current catalog record has no source hook or separate lifecycle step for this base.,,0,0,1,not-recorded,not-reviewed,,,actionable-gap,"1 observed prerequisite action record exists, but the base does not declare the prerequisite.","Add the observed prerequisite to spec.targetFacts in the base variant, then rerun its proof.",none-in-catalog-base,review-required,https://kubernetes.github.io/autoscaler
autoscaler-vertical-pod-autoscaler-0-9-0-default,autoscaler/vertical-pod-autoscaler,0.9.0,default,F2a,recipes/autoscaler/vertical-pod-autoscaler/0.9.0,recipes/autoscaler/vertical-pod-autoscaler/0.9.0/variants/default/variant.yaml,recipes/autoscaler/vertical-pod-autoscaler/0.9.0/effective-values.yaml,default,vertical-pod-autoscaler,recipes/autoscaler/vertical-pod-autoscaler/0.9.0/revisions/default/r001/rendered/release-objects.yaml,packages/autoscaler/vertical-pod-autoscaler/0.9.0/bases/default,oci://europe-west1-docker.pkg.dev/nth-fort-499605-q5/helm-expt/autoscaler-vertical-pod-autoscaler:0.9.0@sha256:1ee72dbefe5df3af05372c9e565302b3dfbdd4f6e91e8f116b2b6042764267e7,data/helm-render-intents/intents/autoscaler-vertical-pod-autoscaler-0-9-0-default.yaml,yes,yes,yes,yes,yes,yes,proven,n/a,0,0,no-route-required,The current catalog record has no source hook or separate lifecycle step for this base.,,1,1,0,not-recorded,not-reviewed,,,attached,1 target prerequisite declared by this base.,,none-in-catalog-base,review-required,https://kubernetes.github.io/autoscaler
autoscaler-vertical-pod-autoscaler-0-9-0-no-crds,autoscaler/vertical-pod-autoscaler,0.9.0,no-crds,F2b,recipes/autoscaler/vertical-pod-autoscaler/0.9.0,recipes/autoscaler/vertical-pod-autoscaler/0.9.0/variants/no-crds/variant.yaml,recipes/autoscaler/vertical-pod-autoscaler/0.9.0/effective-values-no-crds.yaml,default,vertical-pod-autoscaler,recipes/autoscaler/vertical-pod-autoscaler/0.9.0/revisions/no-crds/r001/rendered/release-objects.yaml,packages/autoscaler/vertical-pod-autoscaler/0.9.0/bases/no-crds,oci://europe-west1-docker.pkg.dev/nth-fort-499605-q5/helm-expt/autoscaler-vertical-pod-autoscaler:0.9.0@sha256:1ee72dbefe5df3af05372c9e565302b3dfbdd4f6e91e8f116b2b6042764267e7,data/helm-render-intents/intents/autoscaler-vertical-pod-autoscaler-0-9-0-no-crds.yaml,yes,yes,yes,yes,yes,yes,proven,n/a,0,0,no-route-required,The current catalog record has no source hook or separate lifecycle step for this base.,,1,1,0,not-recorded,not-reviewed,,,attached,1 target prerequisite declared by this base.,,none-in-catalog-base,review-required,https://kubernetes.github.io/autoscaler
aws-controllers-k8s-ec2-chart-1-18-4-default,aws-controllers-k8s/ec2-chart,1.18.4,default,F2a,recipes/aws-controllers-k8s/ec2-chart/1.18.4,recipes/aws-controllers-k8s/ec2-chart/1.18.4/variants/default/variant.yaml,recipes/aws-controllers-k8s/ec2-chart/1.18.4/effective-values.yaml,ack-system,ack-ec2,recipes/aws-controllers-k8s/ec2-chart/1.18.4/revisions/default/r001/rendered/release-objects.yaml,packages/aws-controllers-k8s/ec2-chart/1.18.4/bases/default,oci://europe-west1-docker.pkg.dev/nth-fort-499605-q5/helm-expt/aws-controllers-k8s-ec2-chart:1.18.4@sha256:40806df17d8ff6732613c13d151c5eff9c1e9551389718a9f3d3dac68d9f3721,data/helm-render-intents/intents/aws-controllers-k8s-ec2-chart-1-18-4-default.yaml,yes,todo,todo,todo,todo,todo,missing-confighub-proof,n/a,0,0,no-route-required,The current catalog record has no source hook or separate lifecycle step for this base.,,0,0,0,not-recorded,not-reviewed,,,actionable-gap,"This base has not recorded whether it needs a Secret, CRD, namespace, value, storage service, external API, or target topology.","Review the base and record its target prerequisites. When none are required, add an explicit no-prerequisite decision with its checked scope and evidence.",none-in-catalog-base,review-required,oci://public.ecr.aws/aws-controllers-k8s
aws-controllers-k8s-ec2-chart-1-18-4-eks-inference,aws-controllers-k8s/ec2-chart,1.18.4,eks-inference,F2b,recipes/aws-controllers-k8s/ec2-chart/1.18.4,recipes/aws-controllers-k8s/ec2-chart/1.18.4/variants/eks-inference/variant.yaml,recipes/aws-controllers-k8s/ec2-chart/1.18.4/effective-values-eks-inference.yaml,ack-system,ack-ec2,recipes/aws-controllers-k8s/ec2-chart/1.18.4/revisions/eks-inference/r001/rendered/release-objects.yaml,packages/aws-controllers-k8s/ec2-chart/1.18.4/bases/eks-inference,oci://europe-west1-docker.pkg.dev/nth-fort-499605-q5/helm-expt/aws-controllers-k8s-ec2-chart:1.18.4@sha256:40806df17d8ff6732613c13d151c5eff9c1e9551389718a9f3d3dac68d9f3721,data/helm-render-intents/intents/aws-controllers-k8s-ec2-chart-1-18-4-eks-inference.yaml,yes,todo,todo,todo,todo,todo,missing-confighub-proof,n/a,0,0,no-route-required,The current catalog record has no source hook or separate lifecycle step for this base.,,2,2,0,not-recorded,not-reviewed,,,attached,2 target prerequisites declared by this base.,,none-in-catalog-base,review-required,oci://public.ecr.aws/aws-controllers-k8s
aws-controllers-k8s-eks-chart-1-16-3-default,aws-controllers-k8s/eks-chart,1.16.3,default,F2a,recipes/aws-controllers-k8s/eks-chart/1.16.3,recipes/aws-controllers-k8s/eks-chart/1.16.3/variants/default/variant.yaml,recipes/aws-controllers-k8s/eks-chart/1.16.3/effective-values.yaml,ack-system,ack-eks,recipes/aws-controllers-k8s/eks-chart/1.16.3/revisions/default/r001/rendered/release-objects.yaml,packages/aws-controllers-k8s/eks-chart/1.16.3/bases/default,oci://europe-west1-docker.pkg.dev/nth-fort-499605-q5/helm-expt/aws-controllers-k8s-eks-chart:1.16.3@sha256:eb94b9abf66765bdab5f22a07d826f4ef60de76ce241e052d633fc9a512775a4,data/helm-render-intents/intents/aws-controllers-k8s-eks-chart-1-16-3-default.yaml,yes,todo,todo,todo,todo,todo,missing-confighub-proof,n/a,0,0,no-route-required,The current catalog record has no source hook or separate lifecycle step for this base.,,0,0,0,not-recorded,not-reviewed,,,actionable-gap,"This base has not recorded whether it needs a Secret, CRD, namespace, value, storage service, external API, or target topology.","Review the base and record its target prerequisites. When none are required, add an explicit no-prerequisite decision with its checked scope and evidence.",none-in-catalog-base,review-required,oci://public.ecr.aws/aws-controllers-k8s
aws-controllers-k8s-eks-chart-1-16-3-eks-inference,aws-controllers-k8s/eks-chart,1.16.3,eks-inference,F2b,recipes/aws-controllers-k8s/eks-chart/1.16.3,recipes/aws-controllers-k8s/eks-chart/1.16.3/variants/eks-inference/variant.yaml,recipes/aws-controllers-k8s/eks-chart/1.16.3/effective-values-eks-inference.yaml,ack-system,ack-eks,recipes/aws-controllers-k8s/eks-chart/1.16.3/revisions/eks-inference/r001/rendered/release-objects.yaml,packages/aws-controllers-k8s/eks-chart/1.16.3/bases/eks-inference,oci://europe-west1-docker.pkg.dev/nth-fort-499605-q5/helm-expt/aws-controllers-k8s-eks-chart:1.16.3@sha256:eb94b9abf66765bdab5f22a07d826f4ef60de76ce241e052d633fc9a512775a4,data/helm-render-intents/intents/aws-controllers-k8s-eks-chart-1-16-3-eks-inference.yaml,yes,todo,todo,todo,todo,todo,missing-confighub-proof,n/a,0,0,no-route-required,The current catalog record has no source hook or separate lifecycle step for this base.,,2,2,0,not-recorded,not-reviewed,,,attached,2 target prerequisites declared by this base.,,none-in-catalog-base,review-required,oci://public.ecr.aws/aws-controllers-k8s
aws-controllers-k8s-iam-chart-1-7-3-default,aws-controllers-k8s/iam-chart,1.7.3,default,F2a,recipes/aws-controllers-k8s/iam-chart/1.7.3,recipes/aws-controllers-k8s/iam-chart/1.7.3/variants/default/variant.yaml,recipes/aws-controllers-k8s/iam-chart/1.7.3/effective-values.yaml,ack-system,ack-iam,recipes/aws-controllers-k8s/iam-chart/1.7.3/revisions/default/r001/rendered/release-objects.yaml,packages/aws-controllers-k8s/iam-chart/1.7.3/bases/default,oci://europe-west1-docker.pkg.dev/nth-fort-499605-q5/helm-expt/aws-controllers-k8s-iam-chart:1.7.3@sha256:bc64855b8024441acf8626c2d586f19661b8750db07eb69064cec52220907aac,data/helm-render-intents/intents/aws-controllers-k8s-iam-chart-1-7-3-default.yaml,yes,todo,todo,todo,todo,todo,missing-confighub-proof,n/a,0,0,no-route-required,The current catalog record has no source hook or separate lifecycle step for this base.,,0,0,0,not-recorded,not-reviewed,,,actionable-gap,"This base has not recorded whether it needs a Secret, CRD, namespace, value, storage service, external API, or target topology.","Review the base and record its target prerequisites. When none are required, add an explicit no-prerequisite decision with its checked scope and evidence.",none-in-catalog-base,review-required,oci://public.ecr.aws/aws-controllers-k8s
aws-controllers-k8s-iam-chart-1-7-3-eks-inference,aws-controllers-k8s/iam-chart,1.7.3,eks-inference,F2b,recipes/aws-controllers-k8s/iam-chart/1.7.3,recipes/aws-controllers-k8s/iam-chart/1.7.3/variants/eks-inference/variant.yaml,recipes/aws-controllers-k8s/iam-chart/1.7.3/effective-values-eks-inference.yaml,ack-system,ack-iam,recipes/aws-controllers-k8s/iam-chart/1.7.3/revisions/eks-inference/r001/rendered/release-objects.yaml,packages/aws-controllers-k8s/iam-chart/1.7.3/bases/eks-inference,oci://europe-west1-docker.pkg.dev/nth-fort-499605-q5/helm-expt/aws-controllers-k8s-iam-chart:1.7.3@sha256:bc64855b8024441acf8626c2d586f19661b8750db07eb69064cec52220907aac,data/helm-render-intents/intents/aws-controllers-k8s-iam-chart-1-7-3-eks-inference.yaml,yes,todo,todo,todo,todo,todo,missing-confighub-proof,n/a,0,0,no-route-required,The current catalog record has no source hook or separate lifecycle step for this base.,,2,2,0,not-recorded,not-reviewed,,,attached,2 target prerequisites declared by this base.,,none-in-catalog-base,review-required,oci://public.ecr.aws/aws-controllers-k8s
aws-ebs-csi-driver-aws-ebs-csi-driver-2-60-1-default,aws-ebs-csi-driver/aws-ebs-csi-driver,2.60.1,default,F2a,recipes/aws-ebs-csi-driver/aws-ebs-csi-driver/2.60.1,recipes/aws-ebs-csi-driver/aws-ebs-csi-driver/2.60.1/variants/default/variant.yaml,recipes/aws-ebs-csi-driver/aws-ebs-csi-driver/2.60.1/effective-values.yaml,default,aws-ebs-csi-driver,recipes/aws-ebs-csi-driver/aws-ebs-csi-driver/2.60.1/revisions/default/r001/rendered/release-objects.yaml,packages/aws-ebs-csi-driver/aws-ebs-csi-driver/2.60.1/bases/default,oci://europe-west1-docker.pkg.dev/nth-fort-499605-q5/helm-expt/aws-ebs-csi-driver-aws-ebs-csi-driver:2.60.1@sha256:aa07d92ad91345ba7401a70b82dfdf9d2c9ca22ade4de23db3b370c77a3b88a0,data/helm-render-intents/intents/aws-ebs-csi-driver-aws-ebs-csi-driver-2-60-1-default.yaml,yes,yes,no,watch,watch,no,proven,n/a,0,0,no-route-required,The current catalog record has no source hook or separate lifecycle step for this base.,,0,0,1,not-recorded,not-reviewed,,,actionable-gap,"1 observed prerequisite action record exists, but the base does not declare the prerequisite.","Add the observed prerequisite to spec.targetFacts in the base variant, then rerun its proof.",none-in-catalog-base,review-required,https://kubernetes-sigs.github.io/aws-ebs-csi-driver
bitnami-apache-11-4-29-default,bitnami/apache,11.4.29,default,F2a,recipes/bitnami/apache/11.4.29,recipes/bitnami/apache/11.4.29/variants/default/variant.yaml,recipes/bitnami/apache/11.4.29/effective-values.yaml,default,apache,recipes/bitnami/apache/11.4.29/revisions/default/r001/rendered/release-objects.yaml,packages/bitnami/apache/11.4.29/bases/default,oci://europe-west1-docker.pkg.dev/nth-fort-499605-q5/helm-expt/bitnami-apache:11.4.29@sha256:077fe56b8b4cc5eb310e9aaa48c5a33ce34c10d8ec54801840e3b965d1bb3f59,data/helm-render-intents/intents/bitnami-apache-11-4-29-default.yaml,yes,yes,no,watch,watch,no,proven,n/a,0,0,no-route-required,The current catalog record has no source hook or separate lifecycle step for this base.,,0,0,0,not-recorded,not-reviewed,,,actionable-gap,"This base has not recorded whether it needs a Secret, CRD, namespace, value, storage service, external API, or target topology.","Review the base and record its target prerequisites. When none are required, add an explicit no-prerequisite decision with its checked scope and evidence.",none-in-catalog-base,review-required,https://charts.bitnami.com/bitnami
bitnami-apache-11-4-29-legacy,bitnami/apache,11.4.29,legacy,F2b,recipes/bitnami/apache/11.4.29,recipes/bitnami/apache/11.4.29/variants/legacy/variant.yaml,recipes/bitnami/apache/11.4.29/effective-values.yaml,default,apache,recipes/bitnami/apache/11.4.29/revisions/legacy/r001/rendered/release-objects.yaml,packages/bitnami/apache/11.4.29/bases/legacy,oci://europe-west1-docker.pkg.dev/nth-fort-499605-q5/helm-expt/bitnami-apache:11.4.29@sha256:077fe56b8b4cc5eb310e9aaa48c5a33ce34c10d8ec54801840e3b965d1bb3f59,data/helm-render-intents/intents/bitnami-apache-11-4-29-legacy.yaml,yes,yes,yes,watch,watch,no,proven,n/a,0,0,no-route-required,The current catalog record has no source hook or separate lifecycle step for this base.,,0,0,0,not-recorded,not-reviewed,,,actionable-gap,"This base has not recorded whether it needs a Secret, CRD, namespace, value, storage service, external API, or target topology.","Review the base and record its target prerequisites. When none are required, add an explicit no-prerequisite decision with its checked scope and evidence.",none-in-catalog-base,review-required,https://charts.bitnami.com/bitnami
bitnami-contour-21-1-4-default,bitnami/contour,21.1.4,default,F2a,recipes/bitnami/contour/21.1.4,recipes/bitnami/contour/21.1.4/variants/default/variant.yaml,recipes/bitnami/contour/21.1.4/effective-values.yaml,default,contour,recipes/bitnami/contour/21.1.4/revisions/default/r001/rendered/release-objects.yaml,packages/bitnami/contour/21.1.4/bases/default,oci://europe-west1-docker.pkg.dev/nth-fort-499605-q5/helm-expt/bitnami-contour:21.1.4@sha256:3afcba580f100c30273c3cc718ce0fe51aa1c0dd351a94cdb449a080be89ba2e,data/helm-render-intents/intents/bitnami-contour-21-1-4-default.yaml,yes,yes,no,watch,watch,no,proven,n/a,0,0,no-route-required,The current catalog record has no source hook or separate lifecycle step for this base.,,2,2,0,not-recorded,not-reviewed,,,attached,2 target prerequisites declared by this base.,,none-in-catalog-base,review-required,https://charts.bitnami.com/bitnami
bitnami-contour-21-1-4-legacy,bitnami/contour,21.1.4,legacy,F2b,recipes/bitnami/contour/21.1.4,recipes/bitnami/contour/21.1.4/variants/legacy/variant.yaml,recipes/bitnami/contour/21.1.4/effective-values-legacy.yaml,default,contour,recipes/bitnami/contour/21.1.4/revisions/legacy/r001/rendered/release-objects.yaml,packages/bitnami/contour/21.1.4/bases/legacy,oci://europe-west1-docker.pkg.dev/nth-fort-499605-q5/helm-expt/bitnami-contour:21.1.4@sha256:3afcba580f100c30273c3cc718ce0fe51aa1c0dd351a94cdb449a080be89ba2e,data/helm-render-intents/intents/bitnami-contour-21-1-4-legacy.yaml,yes,yes,no,watch,watch,yes,proven,yes,1,1,attached,1 lifecycle route attached for this exact chart version and base.,,2,2,1,not-recorded,not-reviewed,,,attached-with-observed-actions,2 prerequisite declarations and 1 follow-up action record are attached.,,none-in-catalog-base,review-required,https://charts.bitnami.com/bitnami
bitnami-contour-21-1-4-no-crds,bitnami/contour,21.1.4,no-crds,F2b,recipes/bitnami/contour/21.1.4,recipes/bitnami/contour/21.1.4/variants/no-crds/variant.yaml,recipes/bitnami/contour/21.1.4/effective-values-no-crds.yaml,default,contour,recipes/bitnami/contour/21.1.4/revisions/no-crds/r001/rendered/release-objects.yaml,packages/bitnami/contour/21.1.4/bases/no-crds,oci://europe-west1-docker.pkg.dev/nth-fort-499605-q5/helm-expt/bitnami-contour:21.1.4@sha256:3afcba580f100c30273c3cc718ce0fe51aa1c0dd351a94cdb449a080be89ba2e,data/helm-render-intents/intents/bitnami-contour-21-1-4-no-crds.yaml,yes,yes,no,watch,watch,no,proven,n/a,0,0,no-route-required,The current catalog record has no source hook or separate lifecycle step for this base.,,2,2,0,not-recorded,not-reviewed,,,attached,2 target prerequisites declared by this base.,,none-in-catalog-base,review-required,https://charts.bitnami.com/bitnami
bitnami-elasticsearch-22-1-6-default,bitnami/elasticsearch,22.1.6,default,F2a,recipes/bitnami/elasticsearch/22.1.6,recipes/bitnami/elasticsearch/22.1.6/variants/default/variant.yaml,recipes/bitnami/elasticsearch/22.1.6/effective-values.yaml,default,elasticsearch,recipes/bitnami/elasticsearch/22.1.6/revisions/default/r001/rendered/release-objects.yaml,packages/bitnami/elasticsearch/22.1.6/bases/default,oci://europe-west1-docker.pkg.dev/nth-fort-499605-q5/helm-expt/bitnami-elasticsearch:22.1.6@sha256:8732b35275c000b5df0e1a57907a46ffa6c15c3ecbc081cdbc12e12d321e3719,data/helm-render-intents/intents/bitnami-elasticsearch-22-1-6-default.yaml,yes,yes,no,watch,watch,no,proven,n/a,0,0,no-route-required,The current catalog record has no source hook or separate lifecycle step for this base.,,0,0,0,not-recorded,not-reviewed,,,actionable-gap,"This base has not recorded whether it needs a Secret, CRD, namespace, value, storage service, external API, or target topology.","Review the base and record its target prerequisites. When none are required, add an explicit no-prerequisite decision with its checked scope and evidence.",none-in-catalog-base,review-required,https://charts.bitnami.com/bitnami
bitnami-elasticsearch-22-1-6-ha,bitnami/elasticsearch,22.1.6,ha,F2b,recipes/bitnami/elasticsearch/22.1.6,recipes/bitnami/elasticsearch/22.1.6/variants/ha/variant.yaml,recipes/bitnami/elasticsearch/22.1.6/effective-values-ha.yaml,default,elasticsearch,recipes/bitnami/elasticsearch/22.1.6/revisions/ha/r001/rendered/release-objects.yaml,packages/bitnami/elasticsearch/22.1.6/bases/ha,oci://europe-west1-docker.pkg.dev/nth-fort-499605-q5/helm-expt/bitnami-elasticsearch:22.1.6@sha256:8732b35275c000b5df0e1a57907a46ffa6c15c3ecbc081cdbc12e12d321e3719,data/helm-render-intents/intents/bitnami-elasticsearch-22-1-6-ha.yaml,yes,yes,no,watch,watch,no,proven,n/a,0,0,no-route-required,The current catalog record has no source hook or separate lifecycle step for this base.,,0,0,0,not-recorded,not-reviewed,,,actionable-gap,"This base has not recorded whether it needs a Secret, CRD, namespace, value, storage service, external API, or target topology.","Review the base and record its target prerequisites. When none are required, add an explicit no-prerequisite decision with its checked scope and evidence.",none-in-catalog-base,review-required,https://charts.bitnami.com/bitnami
bitnami-elasticsearch-22-1-6-legacy,bitnami/elasticsearch,22.1.6,legacy,F2b,recipes/bitnami/elasticsearch/22.1.6,recipes/bitnami/elasticsearch/22.1.6/variants/legacy/variant.yaml,recipes/bitnami/elasticsearch/22.1.6/effective-values.yaml,default,elasticsearch,recipes/bitnami/elasticsearch/22.1.6/revisions/legacy/r001/rendered/release-objects.yaml,packages/bitnami/elasticsearch/22.1.6/bases/legacy,oci://europe-west1-docker.pkg.dev/nth-fort-499605-q5/helm-expt/bitnami-elasticsearch:22.1.6@sha256:8732b35275c000b5df0e1a57907a46ffa6c15c3ecbc081cdbc12e12d321e3719,data/helm-render-intents/intents/bitnami-elasticsearch-22-1-6-legacy.yaml,yes,yes,yes,watch,watch,no,proven,n/a,0,0,no-route-required,The current catalog record has no source hook or separate lifecycle step for this base.,,0,0,0,not-recorded,not-reviewed,,,actionable-gap,"This base has not recorded whether it needs a Secret, CRD, namespace, value, storage service, external API, or target topology.","Review the base and record its target prerequisites. When none are required, add an explicit no-prerequisite decision with its checked scope and evidence.",none-in-catalog-base,review-required,https://charts.bitnami.com/bitnami
bitnami-memcached-8-5-5-default,bitnami/memcached,8.5.5,default,F2a,recipes/bitnami/memcached/8.5.5,recipes/bitnami/memcached/8.5.5/variants/default/variant.yaml,recipes/bitnami/memcached/8.5.5/effective-values.yaml,default,memcached,recipes/bitnami/memcached/8.5.5/revisions/default/r001/rendered/release-objects.yaml,packages/bitnami/memcached/8.5.5/bases/default,oci://europe-west1-docker.pkg.dev/nth-fort-499605-q5/helm-expt/bitnami-memcached:8.5.5@sha256:52e3841ddc88cb3b0577c50d7f87bb8b6727c3193d5da524472732df205476b4,data/helm-render-intents/intents/bitnami-memcached-8-5-5-default.yaml,yes,yes,yes,yes,yes,yes,proven,n/a,0,0,no-route-required,The current catalog record has no source hook or separate lifecycle step for this base.,,0,0,0,not-recorded,not-reviewed,,,actionable-gap,"This base has not recorded whether it needs a Secret, CRD, namespace, value, storage service, external API, or target topology.","Review the base and record its target prerequisites. When none are required, add an explicit no-prerequisite decision with its checked scope and evidence.",none-in-catalog-base,review-required,https://charts.bitnami.com/bitnami
bitnami-mongodb-19-0-7-existing-secret-replicaset,bitnami/mongodb,19.0.7,existing-secret-replicaset,F2b,recipes/bitnami/mongodb/19.0.7,recipes/bitnami/mongodb/19.0.7/variants/existing-secret-replicaset/variant.yaml,recipes/bitnami/mongodb/19.0.7/effective-values-existing-secret-replicaset.yaml,mongodb,mongodb,recipes/bitnami/mongodb/19.0.7/revisions/existing-secret-replicaset/r001/rendered/release-objects.yaml,packages/bitnami/mongodb/19.0.7/bases/existing-secret-replicaset,oci://europe-west1-docker.pkg.dev/nth-fort-499605-q5/helm-expt/bitnami-mongodb:19.0.7@sha256:1cf506fe86a28ec2fe06badacd29ee69e35747d2a228f040af432ea3c6f65c35,data/helm-render-intents/intents/bitnami-mongodb-19-0-7-existing-secret-replicaset.yaml,yes,yes,yes,yes,yes,todo,proven,n/a,0,0,no-route-required,The current catalog record has no source hook or separate lifecycle step for this base.,,1,1,0,not-recorded,not-reviewed,,,attached,1 target prerequisite declared by this base.,,none-in-catalog-base,review-required,https://charts.bitnami.com/bitnami
bitnami-mongodb-19-0-7-static-passwords,bitnami/mongodb,19.0.7,static-passwords,F2b,recipes/bitnami/mongodb/19.0.7,recipes/bitnami/mongodb/19.0.7/variants/static-passwords/variant.yaml,recipes/bitnami/mongodb/19.0.7/effective-values.yaml,mongodb,mongodb,recipes/bitnami/mongodb/19.0.7/revisions/static-passwords/r001/rendered/release-objects.yaml,packages/bitnami/mongodb/19.0.7/bases/static-passwords,oci://europe-west1-docker.pkg.dev/nth-fort-499605-q5/helm-expt/bitnami-mongodb:19.0.7@sha256:1cf506fe86a28ec2fe06badacd29ee69e35747d2a228f040af432ea3c6f65c35,data/helm-render-intents/intents/bitnami-mongodb-19-0-7-static-passwords.yaml,yes,yes,yes,yes,yes,todo,proven-with-watch,n/a,0,0,no-route-required,The current catalog record has no source hook or separate lifecycle step for this base.,,0,0,0,reviewed,no-separate-target-prerequisites,"the supported static-passwords base for the recorded cub-lk-kind-vanilla test target in namespace mongodb, delivered from ConfigHub OCI through Argo CD.",data/production-support-decisions/bitnami-mongodb/support-decision.yaml;data/production-support-decisions/bitnami-mongodb/fresh-target-evidence-2026-06-05.yaml,no-target-facts-required,"The prerequisite review found no separate target prerequisite in this scope: the supported static-passwords base for the recorded cub-lk-kind-vanilla test target in namespace mongodb, delivered from ConfigHub OCI through Argo CD.",,none-in-catalog-base,review-required,https://charts.bitnami.com/bitnami
bitnami-mongodb-19-0-9-existing-secret-replicaset,bitnami/mongodb,19.0.9,existing-secret-replicaset,F2b,recipes/bitnami/mongodb/19.0.9,recipes/bitnami/mongodb/19.0.9/variants/existing-secret-replicaset/variant.yaml,recipes/bitnami/mongodb/19.0.9/effective-values-existing-secret-replicaset.yaml,mongodb,mongodb,recipes/bitnami/mongodb/19.0.9/revisions/existing-secret-replicaset/r001/rendered/release-objects.yaml,packages/bitnami/mongodb/19.0.9/bases/existing-secret-replicaset,oci://europe-west1-docker.pkg.dev/nth-fort-499605-q5/helm-expt/bitnami-mongodb:19.0.9@sha256:37930a411e8fbd975677a68a10a1790bacfbd20d4661848d4cbbec3d728061a1,data/helm-render-intents/intents/bitnami-mongodb-19-0-9-existing-secret-replicaset.yaml,yes,yes,yes,watch,watch,todo,proven-with-watch,n/a,0,0,no-route-required,The current catalog record has no source hook or separate lifecycle step for this base.,,1,1,0,not-recorded,not-reviewed,,,attached,1 target prerequisite declared by this base.,,none-in-catalog-base,review-required,https://charts.bitnami.com/bitnami
bitnami-mongodb-19-0-9-static-passwords,bitnami/mongodb,19.0.9,static-passwords,F2b,recipes/bitnami/mongodb/19.0.9,recipes/bitnami/mongodb/19.0.9/variants/static-passwords/variant.yaml,recipes/bitnami/mongodb/19.0.9/effective-values.yaml,mongodb,mongodb,recipes/bitnami/mongodb/19.0.9/revisions/static-passwords/r001/rendered/release-objects.yaml,packages/bitnami/mongodb/19.0.9/bases/static-passwords,oci://europe-west1-docker.pkg.dev/nth-fort-499605-q5/helm-expt/bitnami-mongodb:19.0.9@sha256:37930a411e8fbd975677a68a10a1790bacfbd20d4661848d4cbbec3d728061a1,data/helm-render-intents/intents/bitnami-mongodb-19-0-9-static-passwords.yaml,yes,yes,yes,yes,yes,todo,proven,n/a,0,0,no-route-required,The current catalog record has no source hook or separate lifecycle step for this base.,,0,0,0,not-recorded,not-reviewed,,,actionable-gap,"This base has not recorded whether it needs a Secret, CRD, namespace, value, storage service, external API, or target topology.","Review the base and record its target prerequisites. When none are required, add an explicit no-prerequisite decision with its checked scope and evidence.",none-in-catalog-base,review-required,https://charts.bitnami.com/bitnami
bitnami-mongodb-19-1-0-existing-secret-replicaset,bitnami/mongodb,19.1.0,existing-secret-replicaset,F2b,recipes/bitnami/mongodb/19.1.0,recipes/bitnami/mongodb/19.1.0/variants/existing-secret-replicaset/variant.yaml,recipes/bitnami/mongodb/19.1.0/effective-values-existing-secret-replicaset.yaml,mongodb,mongodb,recipes/bitnami/mongodb/19.1.0/revisions/existing-secret-replicaset/r001/rendered/release-objects.yaml,packages/bitnami/mongodb/19.1.0/bases/existing-secret-replicaset,oci://europe-west1-docker.pkg.dev/nth-fort-499605-q5/helm-expt/bitnami-mongodb:19.1.0@sha256:1804b3a7dbfcdb7879564e9961eddc7c5e15e6020358332f20be9927ea7f8406,data/helm-render-intents/intents/bitnami-mongodb-19-1-0-existing-secret-replicaset.yaml,yes,yes,yes,watch,watch,yes,proven-with-watch,n/a,0,0,no-route-required,The current catalog record has no source hook or separate lifecycle step for this base.,,1,1,0,not-recorded,not-reviewed,,,attached,1 target prerequisite declared by this base.,,none-in-catalog-base,review-required,https://charts.bitnami.com/bitnami
bitnami-mongodb-19-1-0-static-passwords,bitnami/mongodb,19.1.0,static-passwords,F2b,recipes/bitnami/mongodb/19.1.0,recipes/bitnami/mongodb/19.1.0/variants/static-passwords/variant.yaml,recipes/bitnami/mongodb/19.1.0/effective-values.yaml,mongodb,mongodb,recipes/bitnami/mongodb/19.1.0/revisions/static-passwords/r001/rendered/release-objects.yaml,packages/bitnami/mongodb/19.1.0/bases/static-passwords,oci://europe-west1-docker.pkg.dev/nth-fort-499605-q5/helm-expt/bitnami-mongodb:19.1.0@sha256:1804b3a7dbfcdb7879564e9961eddc7c5e15e6020358332f20be9927ea7f8406,data/helm-render-intents/intents/bitnami-mongodb-19-1-0-static-passwords.yaml,yes,yes,yes,yes,yes,yes,proven-with-watch,n/a,0,0,no-route-required,The current catalog record has no source hook or separate lifecycle step for this base.,,0,0,0,not-recorded,not-reviewed,,,actionable-gap,"This base has not recorded whether it needs a Secret, CRD, namespace, value, storage service, external API, or target topology.","Review the base and record its target prerequisites. When none are required, add an explicit no-prerequisite decision with its checked scope and evidence.",none-in-catalog-base,review-required,https://charts.bitnami.com/bitnami
bitnami-mysql-14-0-3-existing-secret,bitnami/mysql,14.0.3,existing-secret,F2b,recipes/bitnami/mysql/14.0.3,recipes/bitnami/mysql/14.0.3/variants/existing-secret/variant.yaml,recipes/bitnami/mysql/14.0.3/effective-values-existing-secret.yaml,mysql,mysql,recipes/bitnami/mysql/14.0.3/revisions/existing-secret/r001/rendered/release-objects.yaml,packages/bitnami/mysql/14.0.3/bases/existing-secret,oci://europe-west1-docker.pkg.dev/nth-fort-499605-q5/helm-expt/bitnami-mysql:14.0.3@sha256:d6f28a53019fe3768773ec9e58210ed5ba160f3338cb9ae746343cf47dc1c884,data/helm-render-intents/intents/bitnami-mysql-14-0-3-existing-secret.yaml,yes,yes,yes,yes,yes,yes,proven,n/a,0,0,no-route-required,The current catalog record has no source hook or separate lifecycle step for this base.,,1,1,0,not-recorded,not-reviewed,,,attached,1 target prerequisite declared by this base.,,none-in-catalog-base,review-required,https://charts.bitnami.com/bitnami
bitnami-mysql-14-0-3-static-passwords,bitnami/mysql,14.0.3,static-passwords,F2b,recipes/bitnami/mysql/14.0.3,recipes/bitnami/mysql/14.0.3/variants/static-passwords/variant.yaml,recipes/bitnami/mysql/14.0.3/effective-values.yaml,mysql,mysql,recipes/bitnami/mysql/14.0.3/revisions/static-passwords/r001/rendered/release-objects.yaml,packages/bitnami/mysql/14.0.3/bases/static-passwords,oci://europe-west1-docker.pkg.dev/nth-fort-499605-q5/helm-expt/bitnami-mysql:14.0.3@sha256:d6f28a53019fe3768773ec9e58210ed5ba160f3338cb9ae746343cf47dc1c884,data/helm-render-intents/intents/bitnami-mysql-14-0-3-static-passwords.yaml,yes,yes,yes,yes,yes,yes,proven-with-watch,n/a,0,0,no-route-required,The current catalog record has no source hook or separate lifecycle step for this base.,,0,0,0,reviewed,no-separate-target-prerequisites,"the supported static-passwords base for the recorded cub-lk-kind-vanilla test target in namespace mysql, delivered from ConfigHub OCI through Argo CD.",data/production-support-decisions/bitnami-mysql/support-decision.yaml;data/production-support-decisions/bitnami-mysql/fresh-target-evidence-2026-06-08.yaml,no-target-facts-required,"The prerequisite review found no separate target prerequisite in this scope: the supported static-passwords base for the recorded cub-lk-kind-vanilla test target in namespace mysql, delivered from ConfigHub OCI through Argo CD.",,none-in-catalog-base,review-required,https://charts.bitnami.com/bitnami
bitnami-nginx-24-0-2-existing-tls-ingress,bitnami/nginx,24.0.2,existing-tls-ingress,F2b,recipes/bitnami/nginx/24.0.2,recipes/bitnami/nginx/24.0.2/variants/existing-tls-ingress/variant.yaml,recipes/bitnami/nginx/24.0.2/effective-values-existing-tls-ingress.yaml,nginx,nginx,recipes/bitnami/nginx/24.0.2/revisions/existing-tls-ingress/r001/rendered/release-objects.yaml,packages/bitnami/nginx/24.0.2/bases/existing-tls-ingress,oci://europe-west1-docker.pkg.dev/nth-fort-499605-q5/helm-expt/bitnami-nginx:24.0.2@sha256:7cf08c0348a32d577ffa0e16069ec6c2510ce773b372008d25b938f9546c5f67,data/helm-render-intents/intents/bitnami-nginx-24-0-2-existing-tls-ingress.yaml,yes,yes,yes,yes,yes,todo,proven,n/a,0,0,no-route-required,The current catalog record has no source hook or separate lifecycle step for this base.,,2,2,0,not-recorded,not-reviewed,,,attached,2 target prerequisites declared by this base.,,none-in-catalog-base,review-required,https://charts.bitnami.com/bitnami
bitnami-nginx-24-0-2-http-clusterip,bitnami/nginx,24.0.2,http-clusterip,F2b,recipes/bitnami/nginx/24.0.2,recipes/bitnami/nginx/24.0.2/variants/http-clusterip/variant.yaml,recipes/bitnami/nginx/24.0.2/effective-values.yaml,nginx,nginx,recipes/bitnami/nginx/24.0.2/revisions/http-clusterip/r001/rendered/release-objects.yaml,packages/bitnami/nginx/24.0.2/bases/http-clusterip,oci://europe-west1-docker.pkg.dev/nth-fort-499605-q5/helm-expt/bitnami-nginx:24.0.2@sha256:7cf08c0348a32d577ffa0e16069ec6c2510ce773b372008d25b938f9546c5f67,data/helm-render-intents/intents/bitnami-nginx-24-0-2-http-clusterip.yaml,yes,yes,yes,yes,yes,todo,proven,n/a,0,0,no-route-required,The current catalog record has no source hook or separate lifecycle step for this base.,,0,0,0,not-recorded,not-reviewed,,,actionable-gap,"This base has not recorded whether it needs a Secret, CRD, namespace, value, storage service, external API, or target topology.","Review the base and record its target prerequisites. When none are required, add an explicit no-prerequisite decision with its checked scope and evidence.",none-in-catalog-base,review-required,https://charts.bitnami.com/bitnami
bitnami-nginx-24-0-4-existing-tls-ingress,bitnami/nginx,24.0.4,existing-tls-ingress,F2b,recipes/bitnami/nginx/24.0.4,recipes/bitnami/nginx/24.0.4/variants/existing-tls-ingress/variant.yaml,recipes/bitnami/nginx/24.0.4/effective-values-existing-tls-ingress.yaml,nginx,nginx,recipes/bitnami/nginx/24.0.4/revisions/existing-tls-ingress/r001/rendered/release-objects.yaml,packages/bitnami/nginx/24.0.4/bases/existing-tls-ingress,oci://europe-west1-docker.pkg.dev/nth-fort-499605-q5/helm-expt/bitnami-nginx:24.0.4@sha256:ec8972b525425bdcd5f2ecdff2a6e6e23ddd219d2736a2cff0b5bacdb54a498b,data/helm-render-intents/intents/bitnami-nginx-24-0-4-existing-tls-ingress.yaml,yes,yes,yes,watch,watch,todo,proven-with-watch,n/a,0,0,no-route-required,The current catalog record has no source hook or separate lifecycle step for this base.,,2,2,0,not-recorded,not-reviewed,,,attached,2 target prerequisites declared by this base.,,none-in-catalog-base,review-required,https://charts.bitnami.com/bitnami
bitnami-nginx-24-0-4-http-clusterip,bitnami/nginx,24.0.4,http-clusterip,F2b,recipes/bitnami/nginx/24.0.4,recipes/bitnami/nginx/24.0.4/variants/http-clusterip/variant.yaml,recipes/bitnami/nginx/24.0.4/effective-values.yaml,nginx,nginx,recipes/bitnami/nginx/24.0.4/revisions/http-clusterip/r001/rendered/release-objects.yaml,packages/bitnami/nginx/24.0.4/bases/http-clusterip,oci://europe-west1-docker.pkg.dev/nth-fort-499605-q5/helm-expt/bitnami-nginx:24.0.4@sha256:ec8972b525425bdcd5f2ecdff2a6e6e23ddd219d2736a2cff0b5bacdb54a498b,data/helm-render-intents/intents/bitnami-nginx-24-0-4-http-clusterip.yaml,yes,yes,yes,yes,yes,todo,proven-with-watch,n/a,0,0,no-route-required,The current catalog record has no source hook or separate lifecycle step for this base.,,0,0,0,not-recorded,not-reviewed,,,actionable-gap,"This base has not recorded whether it needs a Secret, CRD, namespace, value, storage service, external API, or target topology.","Review the base and record its target prerequisites. When none are required, add an explicit no-prerequisite decision with its checked scope and evidence.",none-in-catalog-base,review-required,https://charts.bitnami.com/bitnami
bitnami-nginx-25-0-0-existing-tls-ingress,bitnami/nginx,25.0.0,existing-tls-ingress,F2b,recipes/bitnami/nginx/25.0.0,recipes/bitnami/nginx/25.0.0/variants/existing-tls-ingress/variant.yaml,recipes/bitnami/nginx/25.0.0/effective-values-existing-tls-ingress.yaml,nginx,nginx,recipes/bitnami/nginx/25.0.0/revisions/existing-tls-ingress/r001/rendered/release-objects.yaml,packages/bitnami/nginx/25.0.0/bases/existing-tls-ingress,oci://europe-west1-docker.pkg.dev/nth-fort-499605-q5/helm-expt/bitnami-nginx:25.0.0@sha256:69f2ad1adc8f92a5453bebb34bd5bfec6673d944447114879efb52a12d11fb70,data/helm-render-intents/intents/bitnami-nginx-25-0-0-existing-tls-ingress.yaml,yes,yes,yes,watch,watch,yes,proven-with-watch,n/a,0,0,no-route-required,The current catalog record has no source hook or separate lifecycle step for this base.,,2,2,0,not-recorded,not-reviewed,,,attached,2 target prerequisites declared by this base.,,none-in-catalog-base,review-required,https://charts.bitnami.com/bitnami
bitnami-nginx-25-0-0-http-clusterip,bitnami/nginx,25.0.0,http-clusterip,F2b,recipes/bitnami/nginx/25.0.0,recipes/bitnami/nginx/25.0.0/variants/http-clusterip/variant.yaml,recipes/bitnami/nginx/25.0.0/effective-values.yaml,nginx,nginx,recipes/bitnami/nginx/25.0.0/revisions/http-clusterip/r001/rendered/release-objects.yaml,packages/bitnami/nginx/25.0.0/bases/http-clusterip,oci://europe-west1-docker.pkg.dev/nth-fort-499605-q5/helm-expt/bitnami-nginx:25.0.0@sha256:69f2ad1adc8f92a5453bebb34bd5bfec6673d944447114879efb52a12d11fb70,data/helm-render-intents/intents/bitnami-nginx-25-0-0-http-clusterip.yaml,yes,yes,yes,yes,yes,yes,proven-with-watch,n/a,0,0,no-route-required,The current catalog record has no source hook or separate lifecycle step for this base.,,0,0,0,not-recorded,not-reviewed,,,actionable-gap,"This base has not recorded whether it needs a Secret, CRD, namespace, value, storage service, external API, or target topology.","Review the base and record its target prerequisites. When none are required, add an explicit no-prerequisite decision with its checked scope and evidence.",none-in-catalog-base,review-required,https://charts.bitnami.com/bitnami
bitnami-opensearch-2-0-10-default,bitnami/opensearch,2.0.10,default,F2a,recipes/bitnami/opensearch/2.0.10,recipes/bitnami/opensearch/2.0.10/variants/default/variant.yaml,recipes/bitnami/opensearch/2.0.10/effective-values.yaml,default,opensearch,recipes/bitnami/opensearch/2.0.10/revisions/default/r001/rendered/release-objects.yaml,packages/bitnami/opensearch/2.0.10/bases/default,oci://europe-west1-docker.pkg.dev/nth-fort-499605-q5/helm-expt/bitnami-opensearch:2.0.10@sha256:3334c0f8f9ec8db8de4c35b946912dfd9a0822e8b640b62f60da6b8714be79d0,data/helm-render-intents/intents/bitnami-opensearch-2-0-10-default.yaml,yes,yes,no,watch,watch,no,proven,n/a,0,0,no-route-required,The current catalog record has no source hook or separate lifecycle step for this base.,,0,0,0,not-recorded,not-reviewed,,,actionable-gap,"This base has not recorded whether it needs a Secret, CRD, namespace, value, storage service, external API, or target topology.","Review the base and record its target prerequisites. When none are required, add an explicit no-prerequisite decision with its checked scope and evidence.",none-in-catalog-base,review-required,https://charts.bitnami.com/bitnami
bitnami-opensearch-2-0-10-ha,bitnami/opensearch,2.0.10,ha,F2b,recipes/bitnami/opensearch/2.0.10,recipes/bitnami/opensearch/2.0.10/variants/ha/variant.yaml,recipes/bitnami/opensearch/2.0.10/effective-values-ha.yaml,default,opensearch,recipes/bitnami/opensearch/2.0.10/revisions/ha/r001/rendered/release-objects.yaml,packages/bitnami/opensearch/2.0.10/bases/ha,oci://europe-west1-docker.pkg.dev/nth-fort-499605-q5/helm-expt/bitnami-opensearch:2.0.10@sha256:3334c0f8f9ec8db8de4c35b946912dfd9a0822e8b640b62f60da6b8714be79d0,data/helm-render-intents/intents/bitnami-opensearch-2-0-10-ha.yaml,yes,yes,no,watch,watch,no,proven,n/a,0,0,no-route-required,The current catalog record has no source hook or separate lifecycle step for this base.,,0,0,0,not-recorded,not-reviewed,,,actionable-gap,"This base has not recorded whether it needs a Secret, CRD, namespace, value, storage service, external API, or target topology.","Review the base and record its target prerequisites. When none are required, add an explicit no-prerequisite decision with its checked scope and evidence.",none-in-catalog-base,review-required,https://charts.bitnami.com/bitnami
bitnami-opensearch-2-0-10-legacy,bitnami/opensearch,2.0.10,legacy,F2b,recipes/bitnami/opensearch/2.0.10,recipes/bitnami/opensearch/2.0.10/variants/legacy/variant.yaml,recipes/bitnami/opensearch/2.0.10/effective-values.yaml,default,opensearch,recipes/bitnami/opensearch/2.0.10/revisions/legacy/r001/rendered/release-objects.yaml,packages/bitnami/opensearch/2.0.10/bases/legacy,oci://europe-west1-docker.pkg.dev/nth-fort-499605-q5/helm-expt/bitnami-opensearch:2.0.10@sha256:3334c0f8f9ec8db8de4c35b946912dfd9a0822e8b640b62f60da6b8714be79d0,data/helm-render-intents/intents/bitnami-opensearch-2-0-10-legacy.yaml,yes,yes,yes,watch,watch,no,proven,n/a,0,0,no-route-required,The current catalog record has no source hook or separate lifecycle step for this base.,,0,0,0,not-recorded,not-reviewed,,,actionable-gap,"This base has not recorded whether it needs a Secret, CRD, namespace, value, storage service, external API, or target topology.","Review the base and record its target prerequisites. When none are required, add an explicit no-prerequisite decision with its checked scope and evidence.",none-in-catalog-base,review-required,https://charts.bitnami.com/bitnami
bitnami-phpmyadmin-20-0-0-default,bitnami/phpmyadmin,20.0.0,default,F2a,recipes/bitnami/phpmyadmin/20.0.0,recipes/bitnami/phpmyadmin/20.0.0/variants/default/variant.yaml,recipes/bitnami/phpmyadmin/20.0.0/effective-values.yaml,default,phpmyadmin,recipes/bitnami/phpmyadmin/20.0.0/revisions/default/r001/rendered/release-objects.yaml,packages/bitnami/phpmyadmin/20.0.0/bases/default,oci://europe-west1-docker.pkg.dev/nth-fort-499605-q5/helm-expt/bitnami-phpmyadmin:20.0.0@sha256:920d98ee4cb958782095688f69a573134ae55cdef731b3c8fa96e859fd59c06b,data/helm-render-intents/intents/bitnami-phpmyadmin-20-0-0-default.yaml,yes,yes,no,watch,watch,no,proven,n/a,0,0,no-route-required,The current catalog record has no source hook or separate lifecycle step for this base.,,0,0,0,not-recorded,not-reviewed,,,actionable-gap,"This base has not recorded whether it needs a Secret, CRD, namespace, value, storage service, external API, or target topology.","Review the base and record its target prerequisites. When none are required, add an explicit no-prerequisite decision with its checked scope and evidence.",none-in-catalog-base,review-required,https://charts.bitnami.com/bitnami
bitnami-phpmyadmin-20-0-0-legacy,bitnami/phpmyadmin,20.0.0,legacy,F2b,recipes/bitnami/phpmyadmin/20.0.0,recipes/bitnami/phpmyadmin/20.0.0/variants/legacy/variant.yaml,recipes/bitnami/phpmyadmin/20.0.0/effective-values.yaml,default,phpmyadmin,recipes/bitnami/phpmyadmin/20.0.0/revisions/legacy/r001/rendered/release-objects.yaml,packages/bitnami/phpmyadmin/20.0.0/bases/legacy,oci://europe-west1-docker.pkg.dev/nth-fort-499605-q5/helm-expt/bitnami-phpmyadmin:20.0.0@sha256:920d98ee4cb958782095688f69a573134ae55cdef731b3c8fa96e859fd59c06b,data/helm-render-intents/intents/bitnami-phpmyadmin-20-0-0-legacy.yaml,yes,yes,yes,watch,watch,no,proven,n/a,0,0,no-route-required,The current catalog record has no source hook or separate lifecycle step for this base.,,0,0,0,not-recorded,not-reviewed,,,actionable-gap,"This base has not recorded whether it needs a Secret, CRD, namespace, value, storage service, external API, or target topology.","Review the base and record its target prerequisites. When none are required, add an explicit no-prerequisite decision with its checked scope and evidence.",none-in-catalog-base,review-required,https://charts.bitnami.com/bitnami
bitnami-postgresql-18-6-10-existing-secret,bitnami/postgresql,18.6.10,existing-secret,F2b,recipes/bitnami/postgresql/18.6.10,recipes/bitnami/postgresql/18.6.10/variants/existing-secret/variant.yaml,recipes/bitnami/postgresql/18.6.10/effective-values-existing-secret.yaml,postgresql,postgresql,recipes/bitnami/postgresql/18.6.10/revisions/existing-secret/r001/rendered/release-objects.yaml,packages/bitnami/postgresql/18.6.10/bases/existing-secret,oci://europe-west1-docker.pkg.dev/nth-fort-499605-q5/helm-expt/bitnami-postgresql:18.6.10@sha256:5ae84bf8515f296f114547dc6e66c326593b7bdb93b0bafc77bdeb278831129c,data/helm-render-intents/intents/bitnami-postgresql-18-6-10-existing-secret.yaml,yes,yes,yes,yes,yes,todo,proven-with-watch,n/a,0,0,no-route-required,The current catalog record has no source hook or separate lifecycle step for this base.,,1,1,0,not-recorded,not-reviewed,,,attached,1 target prerequisite declared by this base.,,none-in-catalog-base,review-required,https://charts.bitnami.com/bitnami
bitnami-postgresql-18-6-10-static-passwords,bitnami/postgresql,18.6.10,static-passwords,F2b,recipes/bitnami/postgresql/18.6.10,recipes/bitnami/postgresql/18.6.10/variants/static-passwords/variant.yaml,recipes/bitnami/postgresql/18.6.10/effective-values.yaml,postgresql,postgresql,recipes/bitnami/postgresql/18.6.10/revisions/static-passwords/r001/rendered/release-objects.yaml,packages/bitnami/postgresql/18.6.10/bases/static-passwords,oci://europe-west1-docker.pkg.dev/nth-fort-499605-q5/helm-expt/bitnami-postgresql:18.6.10@sha256:5ae84bf8515f296f114547dc6e66c326593b7bdb93b0bafc77bdeb278831129c,data/helm-render-intents/intents/bitnami-postgresql-18-6-10-static-passwords.yaml,yes,yes,yes,yes,yes,todo,proven,n/a,0,0,no-route-required,The current catalog record has no source hook or separate lifecycle step for this base.,,0,0,0,not-recorded,not-reviewed,,,actionable-gap,"This base has not recorded whether it needs a Secret, CRD, namespace, value, storage service, external API, or target topology.","Review the base and record its target prerequisites. When none are required, add an explicit no-prerequisite decision with its checked scope and evidence.",none-in-catalog-base,review-required,https://charts.bitnami.com/bitnami
bitnami-postgresql-18-6-7-existing-secret,bitnami/postgresql,18.6.7,existing-secret,F2b,recipes/bitnami/postgresql/18.6.7,recipes/bitnami/postgresql/18.6.7/variants/existing-secret/variant.yaml,recipes/bitnami/postgresql/18.6.7/effective-values-existing-secret.yaml,postgresql,postgresql,recipes/bitnami/postgresql/18.6.7/revisions/existing-secret/r001/rendered/release-objects.yaml,packages/bitnami/postgresql/18.6.7/bases/existing-secret,oci://europe-west1-docker.pkg.dev/nth-fort-499605-q5/helm-expt/bitnami-postgresql:18.6.7@sha256:fccd0da443cb3d0360e6a15f6ada67162f04261da38a071eaad2e97786b307d8,data/helm-render-intents/intents/bitnami-postgresql-18-6-7-existing-secret.yaml,yes,yes,yes,yes,yes,todo,proven,n/a,0,0,no-route-required,The current catalog record has no source hook or separate lifecycle step for this base.,,1,1,0,not-recorded,not-reviewed,,,attached,1 target prerequisite declared by this base.,,none-in-catalog-base,review-required,https://charts.bitnami.com/bitnami
bitnami-postgresql-18-6-7-static-passwords,bitnami/postgresql,18.6.7,static-passwords,F2b,recipes/bitnami/postgresql/18.6.7,recipes/bitnami/postgresql/18.6.7/variants/static-passwords/variant.yaml,recipes/bitnami/postgresql/18.6.7/effective-values.yaml,postgresql,postgresql,recipes/bitnami/postgresql/18.6.7/revisions/static-passwords/r001/rendered/release-objects.yaml,packages/bitnami/postgresql/18.6.7/bases/static-passwords,oci://europe-west1-docker.pkg.dev/nth-fort-499605-q5/helm-expt/bitnami-postgresql:18.6.7@sha256:fccd0da443cb3d0360e6a15f6ada67162f04261da38a071eaad2e97786b307d8,data/helm-render-intents/intents/bitnami-postgresql-18-6-7-static-passwords.yaml,yes,yes,yes,yes,yes,todo,proven-with-watch,n/a,0,0,no-route-required,The current catalog record has no source hook or separate lifecycle step for this base.,,0,0,0,reviewed,no-separate-target-prerequisites,"the supported static-passwords base for the recorded cub-lk-kind-vanilla test target in namespace postgresql, delivered from ConfigHub OCI through Argo CD.",data/production-support-decisions/bitnami-postgresql/support-decision.yaml;data/production-support-decisions/bitnami-postgresql/fresh-target-evidence-2026-06-05.yaml,no-target-facts-required,"The prerequisite review found no separate target prerequisite in this scope: the supported static-passwords base for the recorded cub-lk-kind-vanilla test target in namespace postgresql, delivered from ConfigHub OCI through Argo CD.",,none-in-catalog-base,review-required,https://charts.bitnami.com/bitnami
bitnami-postgresql-18-7-0-existing-secret,bitnami/postgresql,18.7.0,existing-secret,F2b,recipes/bitnami/postgresql/18.7.0,recipes/bitnami/postgresql/18.7.0/variants/existing-secret/variant.yaml,recipes/bitnami/postgresql/18.7.0/effective-values-existing-secret.yaml,postgresql,postgresql,recipes/bitnami/postgresql/18.7.0/revisions/existing-secret/r001/rendered/release-objects.yaml,packages/bitnami/postgresql/18.7.0/bases/existing-secret,oci://europe-west1-docker.pkg.dev/nth-fort-499605-q5/helm-expt/bitnami-postgresql:18.7.0@sha256:cf2cfeae128c4ede5cfa9ac65bdf241b557d59a1badacdd107e044caadb0d353,data/helm-render-intents/intents/bitnami-postgresql-18-7-0-existing-secret.yaml,yes,yes,yes,yes,yes,yes,proven-with-watch,n/a,0,0,no-route-required,The current catalog record has no source hook or separate lifecycle step for this base.,,1,1,0,not-recorded,not-reviewed,,,attached,1 target prerequisite declared by this base.,,none-in-catalog-base,review-required,https://charts.bitnami.com/bitnami
bitnami-postgresql-18-7-0-static-passwords,bitnami/postgresql,18.7.0,static-passwords,F2b,recipes/bitnami/postgresql/18.7.0,recipes/bitnami/postgresql/18.7.0/variants/static-passwords/variant.yaml,recipes/bitnami/postgresql/18.7.0/effective-values.yaml,postgresql,postgresql,recipes/bitnami/postgresql/18.7.0/revisions/static-passwords/r001/rendered/release-objects.yaml,packages/bitnami/postgresql/18.7.0/bases/static-passwords,oci://europe-west1-docker.pkg.dev/nth-fort-499605-q5/helm-expt/bitnami-postgresql:18.7.0@sha256:cf2cfeae128c4ede5cfa9ac65bdf241b557d59a1badacdd107e044caadb0d353,data/helm-render-intents/intents/bitnami-postgresql-18-7-0-static-passwords.yaml,yes,yes,yes,yes,yes,yes,proven-with-watch,n/a,0,0,no-route-required,The current catalog record has no source hook or separate lifecycle step for this base.,,0,0,0,not-recorded,not-reviewed,,,actionable-gap,"This base has not recorded whether it needs a Secret, CRD, namespace, value, storage service, external API, or target topology.","Review the base and record its target prerequisites. When none are required, add an explicit no-prerequisite decision with its checked scope and evidence.",none-in-catalog-base,review-required,https://charts.bitnami.com/bitnami
bitnami-rabbitmq-16-0-14-existing-secret,bitnami/rabbitmq,16.0.14,existing-secret,F2b,recipes/bitnami/rabbitmq/16.0.14,recipes/bitnami/rabbitmq/16.0.14/variants/existing-secret/variant.yaml,recipes/bitnami/rabbitmq/16.0.14/effective-values-existing-secret.yaml,rabbitmq,rabbitmq,recipes/bitnami/rabbitmq/16.0.14/revisions/existing-secret/r001/rendered/release-objects.yaml,packages/bitnami/rabbitmq/16.0.14/bases/existing-secret,oci://europe-west1-docker.pkg.dev/nth-fort-499605-q5/helm-expt/bitnami-rabbitmq:16.0.14@sha256:fbdec937aa01df18d8cedc10a9dbd9b76f78cb209de1e6133f2118e92930fba9,data/helm-render-intents/intents/bitnami-rabbitmq-16-0-14-existing-secret.yaml,yes,yes,yes,yes,yes,yes,proven,n/a,0,0,no-route-required,The current catalog record has no source hook or separate lifecycle step for this base.,,2,2,0,not-recorded,not-reviewed,,,attached,2 target prerequisites declared by this base.,,none-in-catalog-base,review-required,https://charts.bitnami.com/bitnami
bitnami-rabbitmq-16-0-14-static-passwords,bitnami/rabbitmq,16.0.14,static-passwords,F2b,recipes/bitnami/rabbitmq/16.0.14,recipes/bitnami/rabbitmq/16.0.14/variants/static-passwords/variant.yaml,recipes/bitnami/rabbitmq/16.0.14/effective-values.yaml,rabbitmq,rabbitmq,recipes/bitnami/rabbitmq/16.0.14/revisions/static-passwords/r001/rendered/release-objects.yaml,packages/bitnami/rabbitmq/16.0.14/bases/static-passwords,oci://europe-west1-docker.pkg.dev/nth-fort-499605-q5/helm-expt/bitnami-rabbitmq:16.0.14@sha256:fbdec937aa01df18d8cedc10a9dbd9b76f78cb209de1e6133f2118e92930fba9,data/helm-render-intents/intents/bitnami-rabbitmq-16-0-14-static-passwords.yaml,yes,yes,yes,yes,yes,yes,proven-with-watch,n/a,0,0,no-route-required,The current catalog record has no source hook or separate lifecycle step for this base.,,0,0,0,reviewed,no-separate-target-prerequisites,"the supported static-passwords base for the recorded cub-lk-kind-vanilla test target in namespace rabbitmq, delivered from ConfigHub OCI through Argo CD.",data/production-support-decisions/bitnami-rabbitmq/support-decision.yaml;data/production-support-decisions/bitnami-rabbitmq/fresh-target-evidence-2026-06-05.yaml,no-target-facts-required,"The prerequisite review found no separate target prerequisite in this scope: the supported static-passwords base for the recorded cub-lk-kind-vanilla test target in namespace rabbitmq, delivered from ConfigHub OCI through Argo CD.",,none-in-catalog-base,review-required,https://charts.bitnami.com/bitnami
bitnami-redis-25-5-3-default,bitnami/redis,25.5.3,default,F2a,recipes/bitnami/redis/25.5.3,recipes/bitnami/redis/25.5.3/variants/default/variant.yaml,recipes/bitnami/redis/25.5.3/effective-values.yaml,redis,redis,recipes/bitnami/redis/25.5.3/revisions/default/r001/rendered/release-objects.yaml,packages/bitnami/redis/25.5.3/bases/default,oci://europe-west1-docker.pkg.dev/nth-fort-499605-q5/helm-expt/bitnami-redis:25.5.3@sha256:a216ce212424e05b341ef5000f1798e6014b72b8bc3dce9f315285871037af2a,data/helm-render-intents/intents/bitnami-redis-25-5-3-default.yaml,yes,yes,yes,yes,yes,todo,proven,n/a,0,0,no-route-required,The current catalog record has no source hook or separate lifecycle step for this base.,,0,0,0,reviewed,no-separate-target-prerequisites,"the supported default base for the recorded cub-lk-kind-vanilla test target in namespace redis, delivered from ConfigHub OCI through Argo CD.",data/production-support-decisions/bitnami-redis/support-decision.yaml;data/production-support-decisions/bitnami-redis/fresh-target-evidence-2026-06-05.yaml,no-target-facts-required,"The prerequisite review found no separate target prerequisite in this scope: the supported default base for the recorded cub-lk-kind-vanilla test target in namespace redis, delivered from ConfigHub OCI through Argo CD.",,none-in-catalog-base,review-required,https://charts.bitnami.com/bitnami
bitnami-redis-25-5-3-reuse-existing-secret,bitnami/redis,25.5.3,reuse-existing-secret,F2b,recipes/bitnami/redis/25.5.3,recipes/bitnami/redis/25.5.3/variants/reuse-existing-secret/variant.yaml,recipes/bitnami/redis/25.5.3/effective-values-reuse-existing-secret.yaml,redis,redis,recipes/bitnami/redis/25.5.3/revisions/reuse-existing-secret/r001/rendered/release-objects.yaml,packages/bitnami/redis/25.5.3/bases/reuse-existing-secret,oci://europe-west1-docker.pkg.dev/nth-fort-499605-q5/helm-expt/bitnami-redis:25.5.3@sha256:a216ce212424e05b341ef5000f1798e6014b72b8bc3dce9f315285871037af2a,data/helm-render-intents/intents/bitnami-redis-25-5-3-reuse-existing-secret.yaml,yes,yes,yes,yes,yes,todo,proven,n/a,0,0,no-route-required,The current catalog record has no source hook or separate lifecycle step for this base.,,1,1,0,not-recorded,not-reviewed,,,attached,1 target prerequisite declared by this base.,,none-in-catalog-base,review-required,https://charts.bitnami.com/bitnami
bitnami-redis-27-0-0-default,bitnami/redis,27.0.0,default,F2a,recipes/bitnami/redis/27.0.0,recipes/bitnami/redis/27.0.0/variants/default/variant.yaml,recipes/bitnami/redis/27.0.0/effective-values.yaml,redis,redis,recipes/bitnami/redis/27.0.0/revisions/default/r001/rendered/release-objects.yaml,packages/bitnami/redis/27.0.0/bases/default,oci://europe-west1-docker.pkg.dev/nth-fort-499605-q5/helm-expt/bitnami-redis:27.0.0@sha256:d38f3fecadcc4c4cb26d9fb6c1fc58402c7dfa1cf08673afe7b00041c7614ae6,data/helm-render-intents/intents/bitnami-redis-27-0-0-default.yaml,yes,yes,yes,yes,yes,yes,proven-with-watch,n/a,0,0,no-route-required,The current catalog record has no source hook or separate lifecycle step for this base.,,0,0,0,not-recorded,not-reviewed,,,actionable-gap,"This base has not recorded whether it needs a Secret, CRD, namespace, value, storage service, external API, or target topology.","Review the base and record its target prerequisites. When none are required, add an explicit no-prerequisite decision with its checked scope and evidence.",none-in-catalog-base,review-required,https://charts.bitnami.com/bitnami
bitnami-redis-27-0-0-reuse-existing-secret,bitnami/redis,27.0.0,reuse-existing-secret,F2b,recipes/bitnami/redis/27.0.0,recipes/bitnami/redis/27.0.0/variants/reuse-existing-secret/variant.yaml,recipes/bitnami/redis/27.0.0/effective-values-reuse-existing-secret.yaml,redis,redis,recipes/bitnami/redis/27.0.0/revisions/reuse-existing-secret/r001/rendered/release-objects.yaml,packages/bitnami/redis/27.0.0/bases/reuse-existing-secret,oci://europe-west1-docker.pkg.dev/nth-fort-499605-q5/helm-expt/bitnami-redis:27.0.0@sha256:d38f3fecadcc4c4cb26d9fb6c1fc58402c7dfa1cf08673afe7b00041c7614ae6,data/helm-render-intents/intents/bitnami-redis-27-0-0-reuse-existing-secret.yaml,yes,yes,yes,yes,yes,yes,proven-with-watch,n/a,0,0,no-route-required,The current catalog record has no source hook or separate lifecycle step for this base.,,1,1,0,not-recorded,not-reviewed,,,attached,1 target prerequisite declared by this base.,,none-in-catalog-base,review-required,https://charts.bitnami.com/bitnami
bitnami-spark-10-0-3-default,bitnami/spark,10.0.3,default,F2a,recipes/bitnami/spark/10.0.3,recipes/bitnami/spark/10.0.3/variants/default/variant.yaml,recipes/bitnami/spark/10.0.3/effective-values.yaml,default,spark,recipes/bitnami/spark/10.0.3/revisions/default/r001/rendered/release-objects.yaml,packages/bitnami/spark/10.0.3/bases/default,oci://europe-west1-docker.pkg.dev/nth-fort-499605-q5/helm-expt/bitnami-spark:10.0.3@sha256:2a4082e995d3f9a1573a9db34b55487982a621afbdf6c45bc58ab12666a6b0a8,data/helm-render-intents/intents/bitnami-spark-10-0-3-default.yaml,yes,yes,no,watch,watch,no,proven,n/a,0,0,no-route-required,The current catalog record has no source hook or separate lifecycle step for this base.,,0,0,0,not-recorded,not-reviewed,,,actionable-gap,"This base has not recorded whether it needs a Secret, CRD, namespace, value, storage service, external API, or target topology.","Review the base and record its target prerequisites. When none are required, add an explicit no-prerequisite decision with its checked scope and evidence.",none-in-catalog-base,review-required,https://charts.bitnami.com/bitnami
bitnami-spark-10-0-3-ha,bitnami/spark,10.0.3,ha,F2b,recipes/bitnami/spark/10.0.3,recipes/bitnami/spark/10.0.3/variants/ha/variant.yaml,recipes/bitnami/spark/10.0.3/effective-values-ha.yaml,default,spark,recipes/bitnami/spark/10.0.3/revisions/ha/r001/rendered/release-objects.yaml,packages/bitnami/spark/10.0.3/bases/ha,oci://europe-west1-docker.pkg.dev/nth-fort-499605-q5/helm-expt/bitnami-spark:10.0.3@sha256:2a4082e995d3f9a1573a9db34b55487982a621afbdf6c45bc58ab12666a6b0a8,data/helm-render-intents/intents/bitnami-spark-10-0-3-ha.yaml,yes,yes,no,watch,watch,no,proven,n/a,0,0,no-route-required,The current catalog record has no source hook or separate lifecycle step for this base.,,0,0,0,not-recorded,not-reviewed,,,actionable-gap,"This base has not recorded whether it needs a Secret, CRD, namespace, value, storage service, external API, or target topology.","Review the base and record its target prerequisites. When none are required, add an explicit no-prerequisite decision with its checked scope and evidence.",none-in-catalog-base,review-required,https://charts.bitnami.com/bitnami
bitnami-spark-10-0-3-legacy,bitnami/spark,10.0.3,legacy,F2b,recipes/bitnami/spark/10.0.3,recipes/bitnami/spark/10.0.3/variants/legacy/variant.yaml,recipes/bitnami/spark/10.0.3/effective-values.yaml,default,spark,recipes/bitnami/spark/10.0.3/revisions/legacy/r001/rendered/release-objects.yaml,packages/bitnami/spark/10.0.3/bases/legacy,oci://europe-west1-docker.pkg.dev/nth-fort-499605-q5/helm-expt/bitnami-spark:10.0.3@sha256:2a4082e995d3f9a1573a9db34b55487982a621afbdf6c45bc58ab12666a6b0a8,data/helm-render-intents/intents/bitnami-spark-10-0-3-legacy.yaml,yes,yes,yes,watch,watch,no,proven,n/a,0,0,no-route-required,The current catalog record has no source hook or separate lifecycle step for this base.,,0,0,0,not-recorded,not-reviewed,,,actionable-gap,"This base has not recorded whether it needs a Secret, CRD, namespace, value, storage service, external API, or target topology.","Review the base and record its target prerequisites. When none are required, add an explicit no-prerequisite decision with its checked scope and evidence.",none-in-catalog-base,review-required,https://charts.bitnami.com/bitnami
bitnami-zookeeper-13-8-7-default,bitnami/zookeeper,13.8.7,default,F2a,recipes/bitnami/zookeeper/13.8.7,recipes/bitnami/zookeeper/13.8.7/variants/default/variant.yaml,recipes/bitnami/zookeeper/13.8.7/effective-values.yaml,default,zookeeper,recipes/bitnami/zookeeper/13.8.7/revisions/default/r001/rendered/release-objects.yaml,packages/bitnami/zookeeper/13.8.7/bases/default,oci://europe-west1-docker.pkg.dev/nth-fort-499605-q5/helm-expt/bitnami-zookeeper:13.8.7@sha256:bdae202754e9af6bf276216c3002b4bae869988024ef8db33e792b90fa7bb5c0,data/helm-render-intents/intents/bitnami-zookeeper-13-8-7-default.yaml,yes,yes,no,watch,watch,no,proven,n/a,0,0,no-route-required,The current catalog record has no source hook or separate lifecycle step for this base.,,0,0,0,not-recorded,not-reviewed,,,actionable-gap,"This base has not recorded whether it needs a Secret, CRD, namespace, value, storage service, external API, or target topology.","Review the base and record its target prerequisites. When none are required, add an explicit no-prerequisite decision with its checked scope and evidence.",none-in-catalog-base,review-required,https://charts.bitnami.com/bitnami
bitnami-zookeeper-13-8-7-ha,bitnami/zookeeper,13.8.7,ha,F2b,recipes/bitnami/zookeeper/13.8.7,recipes/bitnami/zookeeper/13.8.7/variants/ha/variant.yaml,recipes/bitnami/zookeeper/13.8.7/effective-values-ha.yaml,default,zookeeper,recipes/bitnami/zookeeper/13.8.7/revisions/ha/r001/rendered/release-objects.yaml,packages/bitnami/zookeeper/13.8.7/bases/ha,oci://europe-west1-docker.pkg.dev/nth-fort-499605-q5/helm-expt/bitnami-zookeeper:13.8.7@sha256:bdae202754e9af6bf276216c3002b4bae869988024ef8db33e792b90fa7bb5c0,data/helm-render-intents/intents/bitnami-zookeeper-13-8-7-ha.yaml,yes,yes,no,watch,watch,no,proven,n/a,0,0,no-route-required,The current catalog record has no source hook or separate lifecycle step for this base.,,0,0,0,not-recorded,not-reviewed,,,actionable-gap,"This base has not recorded whether it needs a Secret, CRD, namespace, value, storage service, external API, or target topology.","Review the base and record its target prerequisites. When none are required, add an explicit no-prerequisite decision with its checked scope and evidence.",none-in-catalog-base,review-required,https://charts.bitnami.com/bitnami
bitnami-zookeeper-13-8-7-legacy,bitnami/zookeeper,13.8.7,legacy,F2b,recipes/bitnami/zookeeper/13.8.7,recipes/bitnami/zookeeper/13.8.7/variants/legacy/variant.yaml,recipes/bitnami/zookeeper/13.8.7/effective-values.yaml,default,zookeeper,recipes/bitnami/zookeeper/13.8.7/revisions/legacy/r001/rendered/release-objects.yaml,packages/bitnami/zookeeper/13.8.7/bases/legacy,oci://europe-west1-docker.pkg.dev/nth-fort-499605-q5/helm-expt/bitnami-zookeeper:13.8.7@sha256:bdae202754e9af6bf276216c3002b4bae869988024ef8db33e792b90fa7bb5c0,data/helm-render-intents/intents/bitnami-zookeeper-13-8-7-legacy.yaml,yes,yes,yes,watch,watch,no,proven,n/a,0,0,no-route-required,The current catalog record has no source hook or separate lifecycle step for this base.,,0,0,0,not-recorded,not-reviewed,,,actionable-gap,"This base has not recorded whether it needs a Secret, CRD, namespace, value, storage service, external API, or target topology.","Review the base and record its target prerequisites. When none are required, add an explicit no-prerequisite decision with its checked scope and evidence.",none-in-catalog-base,review-required,https://charts.bitnami.com/bitnami
cloudnative-pg-cloudnative-pg-0-28-2-default,cloudnative-pg/cloudnative-pg,0.28.2,default,F2a,recipes/cloudnative-pg/cloudnative-pg/0.28.2,recipes/cloudnative-pg/cloudnative-pg/0.28.2/variants/default/variant.yaml,recipes/cloudnative-pg/cloudnative-pg/0.28.2/effective-values.yaml,default,cloudnative-pg,recipes/cloudnative-pg/cloudnative-pg/0.28.2/revisions/default/r001/rendered/release-objects.yaml,packages/cloudnative-pg/cloudnative-pg/0.28.2/bases/default,oci://europe-west1-docker.pkg.dev/nth-fort-499605-q5/helm-expt/cloudnative-pg-cloudnative-pg:0.28.2@sha256:30cfcee4ff1d5467c4df45d8223d2b98e9a8d316fa5ec9978533d9ffdcff8dc2,data/helm-render-intents/intents/cloudnative-pg-cloudnative-pg-0-28-2-default.yaml,yes,yes,yes,yes,yes,yes,proven,n/a,0,0,no-route-required,The current catalog record has no source hook or separate lifecycle step for this base.,,0,0,0,not-recorded,not-reviewed,,,actionable-gap,"This base has not recorded whether it needs a Secret, CRD, namespace, value, storage service, external API, or target topology.","Review the base and record its target prerequisites. When none are required, add an explicit no-prerequisite decision with its checked scope and evidence.",none-in-catalog-base,review-required,https://cloudnative-pg.github.io/charts
cloudnative-pg-cloudnative-pg-0-28-2-no-crds,cloudnative-pg/cloudnative-pg,0.28.2,no-crds,F2b,recipes/cloudnative-pg/cloudnative-pg/0.28.2,recipes/cloudnative-pg/cloudnative-pg/0.28.2/variants/no-crds/variant.yaml,recipes/cloudnative-pg/cloudnative-pg/0.28.2/effective-values-no-crds.yaml,default,cloudnative-pg,recipes/cloudnative-pg/cloudnative-pg/0.28.2/revisions/no-crds/r001/rendered/release-objects.yaml,packages/cloudnative-pg/cloudnative-pg/0.28.2/bases/no-crds,oci://europe-west1-docker.pkg.dev/nth-fort-499605-q5/helm-expt/cloudnative-pg-cloudnative-pg:0.28.2@sha256:30cfcee4ff1d5467c4df45d8223d2b98e9a8d316fa5ec9978533d9ffdcff8dc2,data/helm-render-intents/intents/cloudnative-pg-cloudnative-pg-0-28-2-no-crds.yaml,yes,yes,no,yes,yes,yes,proven,n/a,0,0,no-route-required,The current catalog record has no source hook or separate lifecycle step for this base.,,11,11,0,not-recorded,not-reviewed,,,attached,11 target prerequisites declared by this base.,,none-in-catalog-base,review-required,https://cloudnative-pg.github.io/charts
cloudpirates-nginx-0-16-1-default,cloudpirates/nginx,0.16.1,default,F2a,recipes/cloudpirates/nginx/0.16.1,recipes/cloudpirates/nginx/0.16.1/variants/default/variant.yaml,recipes/cloudpirates/nginx/0.16.1/effective-values.yaml,default,nginx,recipes/cloudpirates/nginx/0.16.1/revisions/default/r001/rendered/release-objects.yaml,packages/cloudpirates/nginx/0.16.1/bases/default,oci://europe-west1-docker.pkg.dev/nth-fort-499605-q5/helm-expt/cloudpirates-nginx:0.16.1@sha256:1a036db1dcd66cd0a75e8496bd0310d853b98b4e5c16103956de5e620909b183,data/helm-render-intents/intents/cloudpirates-nginx-0-16-1-default.yaml,yes,todo,todo,todo,todo,todo,missing-confighub-proof,n/a,0,0,no-route-required,The current catalog record has no source hook or separate lifecycle step for this base.,,0,0,0,not-recorded,not-reviewed,,,actionable-gap,"This base has not recorded whether it needs a Secret, CRD, namespace, value, storage service, external API, or target topology.","Review the base and record its target prerequisites. When none are required, add an explicit no-prerequisite decision with its checked scope and evidence.",none-in-catalog-base,review-required,oci://registry-1.docker.io/cloudpirates/nginx
cloudpirates-rabbitmq-0-21-13-default,cloudpirates/rabbitmq,0.21.13,default,F2a,recipes/cloudpirates/rabbitmq/0.21.13,recipes/cloudpirates/rabbitmq/0.21.13/variants/default/variant.yaml,recipes/cloudpirates/rabbitmq/0.21.13/effective-values.yaml,default,rabbitmq,recipes/cloudpirates/rabbitmq/0.21.13/revisions/default/r001/rendered/release-objects.yaml,packages/cloudpirates/rabbitmq/0.21.13/bases/default,oci://europe-west1-docker.pkg.dev/nth-fort-499605-q5/helm-expt/cloudpirates-rabbitmq:0.21.13@sha256:76f078d77d8b5b713c03d7515504dae9f24c2b5679a9b755fe85ef22920a119f,data/helm-render-intents/intents/cloudpirates-rabbitmq-0-21-13-default.yaml,yes,todo,todo,todo,todo,todo,missing-confighub-proof,n/a,0,0,no-route-required,The current catalog record has no source hook or separate lifecycle step for this base.,,0,0,0,not-recorded,not-reviewed,,,actionable-gap,"This base has not recorded whether it needs a Secret, CRD, namespace, value, storage service, external API, or target topology.","Review the base and record its target prerequisites. When none are required, add an explicit no-prerequisite decision with its checked scope and evidence.",none-in-catalog-base,review-required,oci://registry-1.docker.io/cloudpirates/rabbitmq
cloudpirates-redis-0-34-11-default,cloudpirates/redis,0.34.11,default,F2a,recipes/cloudpirates/redis/0.34.11,recipes/cloudpirates/redis/0.34.11/variants/default/variant.yaml,recipes/cloudpirates/redis/0.34.11/effective-values.yaml,default,redis,recipes/cloudpirates/redis/0.34.11/revisions/default/r001/rendered/release-objects.yaml,packages/cloudpirates/redis/0.34.11/bases/default,oci://europe-west1-docker.pkg.dev/nth-fort-499605-q5/helm-expt/cloudpirates-redis:0.34.11@sha256:29a96a9f6b3e2cedfe30cefe20c51e46cbcb1e363c69c45c58f9118530099333,data/helm-render-intents/intents/cloudpirates-redis-0-34-11-default.yaml,yes,todo,todo,todo,todo,todo,missing-confighub-proof,n/a,0,0,no-route-required,The current catalog record has no source hook or separate lifecycle step for this base.,,0,0,0,not-recorded,not-reviewed,,,actionable-gap,"This base has not recorded whether it needs a Secret, CRD, namespace, value, storage service, external API, or target topology.","Review the base and record its target prerequisites. When none are required, add an explicit no-prerequisite decision with its checked scope and evidence.",none-in-catalog-base,review-required,oci://registry-1.docker.io/cloudpirates/redis
coredns-coredns-1-45-2-default,coredns/coredns,1.45.2,default,F2a,recipes/coredns/coredns/1.45.2,recipes/coredns/coredns/1.45.2/variants/default/variant.yaml,recipes/coredns/coredns/1.45.2/effective-values.yaml,default,coredns,recipes/coredns/coredns/1.45.2/revisions/default/r001/rendered/release-objects.yaml,packages/coredns/coredns/1.45.2/bases/default,oci://europe-west1-docker.pkg.dev/nth-fort-499605-q5/helm-expt/coredns-coredns:1.45.2@sha256:2e99a7e9923a5365c803e3ffaede5b97731ac209423d8572f4d373274f4b31bc,data/helm-render-intents/intents/coredns-coredns-1-45-2-default.yaml,yes,yes,yes,yes,yes,yes,proven,n/a,0,0,no-route-required,The current catalog record has no source hook or separate lifecycle step for this base.,,0,0,0,not-recorded,not-reviewed,,,actionable-gap,"This base has not recorded whether it needs a Secret, CRD, namespace, value, storage service, external API, or target topology.","Review the base and record its target prerequisites. When none are required, add an explicit no-prerequisite decision with its checked scope and evidence.",none-in-catalog-base,review-required,https://coredns.github.io/helm
crossplane-stable-crossplane-2-3-1-default,crossplane-stable/crossplane,2.3.1,default,F2a,recipes/crossplane-stable/crossplane/2.3.1,recipes/crossplane-stable/crossplane/2.3.1/variants/default/variant.yaml,recipes/crossplane-stable/crossplane/2.3.1/effective-values.yaml,default,crossplane,recipes/crossplane-stable/crossplane/2.3.1/revisions/default/r001/rendered/release-objects.yaml,packages/crossplane-stable/crossplane/2.3.1/bases/default,oci://europe-west1-docker.pkg.dev/nth-fort-499605-q5/helm-expt/crossplane-stable-crossplane:2.3.1@sha256:fe65a685251072dfacd02537aaea511371f70117324c5c6151bceb919756a616,data/helm-render-intents/intents/crossplane-stable-crossplane-2-3-1-default.yaml,yes,yes,yes,yes,yes,yes,proven,n/a,0,0,no-route-required,The current catalog record has no source hook or separate lifecycle step for this base.,,0,0,0,not-recorded,not-reviewed,,,actionable-gap,"This base has not recorded whether it needs a Secret, CRD, namespace, value, storage service, external API, or target topology.","Review the base and record its target prerequisites. When none are required, add an explicit no-prerequisite decision with its checked scope and evidence.",none-in-catalog-base,review-required,https://charts.crossplane.io/stable
descheduler-descheduler-0-36-0-default,descheduler/descheduler,0.36.0,default,F2a,recipes/descheduler/descheduler/0.36.0,recipes/descheduler/descheduler/0.36.0/variants/default/variant.yaml,recipes/descheduler/descheduler/0.36.0/effective-values.yaml,default,descheduler,recipes/descheduler/descheduler/0.36.0/revisions/default/r001/rendered/release-objects.yaml,packages/descheduler/descheduler/0.36.0/bases/default,oci://europe-west1-docker.pkg.dev/nth-fort-499605-q5/helm-expt/descheduler-descheduler:0.36.0@sha256:3d1b7443b1e8ea2d011c2d1791a7ab984f848c70157aed1ef15b2562a11416d2,data/helm-render-intents/intents/descheduler-descheduler-0-36-0-default.yaml,yes,yes,yes,yes,yes,yes,proven,n/a,0,0,no-route-required,The current catalog record has no source hook or separate lifecycle step for this base.,,0,0,0,not-recorded,not-reviewed,,,actionable-gap,"This base has not recorded whether it needs a Secret, CRD, namespace, value, storage service, external API, or target topology.","Review the base and record its target prerequisites. When none are required, add an explicit no-prerequisite decision with its checked scope and evidence.",none-in-catalog-base,review-required,https://kubernetes-sigs.github.io/descheduler/
dex-dex-0-24-0-default,dex/dex,0.24.0,default,F2a,recipes/dex/dex/0.24.0,recipes/dex/dex/0.24.0/variants/default/variant.yaml,recipes/dex/dex/0.24.0/effective-values.yaml,default,dex,recipes/dex/dex/0.24.0/revisions/default/r001/rendered/release-objects.yaml,packages/dex/dex/0.24.0/bases/default,oci://europe-west1-docker.pkg.dev/nth-fort-499605-q5/helm-expt/dex-dex:0.24.0@sha256:0e2e1b873d9ce8f43b51023f3fe28131b3a021b7718e57d6250462421245793f,data/helm-render-intents/intents/dex-dex-0-24-0-default.yaml,yes,yes,no,watch,watch,no,proven,n/a,0,0,no-route-required,The current catalog record has no source hook or separate lifecycle step for this base.,,0,0,2,not-recorded,not-reviewed,,,actionable-gap,"2 observed prerequisite action records exist, but the base does not declare the prerequisite.","Add the observed prerequisite to spec.targetFacts in the base variant, then rerun its proof.",none-in-catalog-base,review-required,https://charts.dexidp.io
elastic-eck-operator-3-4-0-default,elastic/eck-operator,3.4.0,default,F2a,recipes/elastic/eck-operator/3.4.0,recipes/elastic/eck-operator/3.4.0/variants/default/variant.yaml,recipes/elastic/eck-operator/3.4.0/effective-values.yaml,default,eck-operator,recipes/elastic/eck-operator/3.4.0/revisions/default/r001/rendered/release-objects.yaml,packages/elastic/eck-operator/3.4.0/bases/default,oci://europe-west1-docker.pkg.dev/nth-fort-499605-q5/helm-expt/elastic-eck-operator:3.4.0@sha256:267c9f2d73b62188edc6f1ef32891327bd3d69a6386d997309c3b5dcccacba0a,data/helm-render-intents/intents/elastic-eck-operator-3-4-0-default.yaml,yes,yes,yes,yes,yes,yes,proven,n/a,0,0,no-route-required,The current catalog record has no source hook or separate lifecycle step for this base.,,0,0,0,not-recorded,not-reviewed,,,actionable-gap,"This base has not recorded whether it needs a Secret, CRD, namespace, value, storage service, external API, or target topology.","Review the base and record its target prerequisites. When none are required, add an explicit no-prerequisite decision with its checked scope and evidence.",none-in-catalog-base,review-required,https://helm.elastic.co
elastic-eck-operator-3-4-0-ha,elastic/eck-operator,3.4.0,ha,F2b,recipes/elastic/eck-operator/3.4.0,recipes/elastic/eck-operator/3.4.0/variants/ha/variant.yaml,recipes/elastic/eck-operator/3.4.0/effective-values-ha.yaml,default,eck-operator,recipes/elastic/eck-operator/3.4.0/revisions/ha/r001/rendered/release-objects.yaml,packages/elastic/eck-operator/3.4.0/bases/ha,oci://europe-west1-docker.pkg.dev/nth-fort-499605-q5/helm-expt/elastic-eck-operator:3.4.0@sha256:267c9f2d73b62188edc6f1ef32891327bd3d69a6386d997309c3b5dcccacba0a,data/helm-render-intents/intents/elastic-eck-operator-3-4-0-ha.yaml,yes,yes,yes,yes,yes,yes,proven,n/a,0,0,no-route-required,The current catalog record has no source hook or separate lifecycle step for this base.,,0,0,0,not-recorded,not-reviewed,,,actionable-gap,"This base has not recorded whether it needs a Secret, CRD, namespace, value, storage service, external API, or target topology.","Review the base and record its target prerequisites. When none are required, add an explicit no-prerequisite decision with its checked scope and evidence.",none-in-catalog-base,review-required,https://helm.elastic.co
elastic-eck-operator-3-4-0-no-crds,elastic/eck-operator,3.4.0,no-crds,F2b,recipes/elastic/eck-operator/3.4.0,recipes/elastic/eck-operator/3.4.0/variants/no-crds/variant.yaml,recipes/elastic/eck-operator/3.4.0/effective-values-no-crds.yaml,default,eck-operator,recipes/elastic/eck-operator/3.4.0/revisions/no-crds/r001/rendered/release-objects.yaml,packages/elastic/eck-operator/3.4.0/bases/no-crds,oci://europe-west1-docker.pkg.dev/nth-fort-499605-q5/helm-expt/elastic-eck-operator:3.4.0@sha256:267c9f2d73b62188edc6f1ef32891327bd3d69a6386d997309c3b5dcccacba0a,data/helm-render-intents/intents/elastic-eck-operator-3-4-0-no-crds.yaml,yes,yes,yes,yes,yes,yes,proven,n/a,0,0,no-route-required,The current catalog record has no source hook or separate lifecycle step for this base.,,0,0,0,not-recorded,not-reviewed,,,actionable-gap,"This base has not recorded whether it needs a Secret, CRD, namespace, value, storage service, external API, or target topology.","Review the base and record its target prerequisites. When none are required, add an explicit no-prerequisite decision with its checked scope and evidence.",none-in-catalog-base,review-required,https://helm.elastic.co
elastic-filebeat-8-5-1-default,elastic/filebeat,8.5.1,default,F2a,recipes/elastic/filebeat/8.5.1,recipes/elastic/filebeat/8.5.1/variants/default/variant.yaml,recipes/elastic/filebeat/8.5.1/effective-values.yaml,default,filebeat,recipes/elastic/filebeat/8.5.1/revisions/default/r001/rendered/release-objects.yaml,packages/elastic/filebeat/8.5.1/bases/default,oci://europe-west1-docker.pkg.dev/nth-fort-499605-q5/helm-expt/elastic-filebeat:8.5.1@sha256:16db362566c51934e9807a7f2f2f57dfc20df88318658f5e7106d0f45bca2e47,data/helm-render-intents/intents/elastic-filebeat-8-5-1-default.yaml,yes,yes,no,watch,watch,no,proven,n/a,0,0,no-route-required,The current catalog record has no source hook or separate lifecycle step for this base.,,2,2,2,not-recorded,not-reviewed,,,attached-with-observed-actions,2 prerequisite declarations and 2 follow-up action records are attached.,,none-in-catalog-base,review-required,https://helm.elastic.co
elastic-filebeat-8-5-1-node-or-cluster-collector,elastic/filebeat,8.5.1,node-or-cluster-collector,F2b,recipes/elastic/filebeat/8.5.1,recipes/elastic/filebeat/8.5.1/variants/node-or-cluster-collector/variant.yaml,recipes/elastic/filebeat/8.5.1/effective-values.yaml,default,filebeat,recipes/elastic/filebeat/8.5.1/revisions/node-or-cluster-collector/r001/rendered/release-objects.yaml,packages/elastic/filebeat/8.5.1/bases/node-or-cluster-collector,oci://europe-west1-docker.pkg.dev/nth-fort-499605-q5/helm-expt/elastic-filebeat:8.5.1@sha256:16db362566c51934e9807a7f2f2f57dfc20df88318658f5e7106d0f45bca2e47,data/helm-render-intents/intents/elastic-filebeat-8-5-1-node-or-cluster-collector.yaml,yes,yes,no,watch,watch,no,proven,n/a,0,0,no-route-required,The current catalog record has no source hook or separate lifecycle step for this base.,,2,2,2,not-recorded,not-reviewed,,,attached-with-observed-actions,2 prerequisite declarations and 2 follow-up action records are attached.,,none-in-catalog-base,review-required,https://helm.elastic.co
elastic-kibana-8-5-1-default,elastic/kibana,8.5.1,default,F2a,recipes/elastic/kibana/8.5.1,recipes/elastic/kibana/8.5.1/variants/default/variant.yaml,recipes/elastic/kibana/8.5.1/effective-values.yaml,default,kibana,recipes/elastic/kibana/8.5.1/revisions/default/r001/rendered/release-objects.yaml,packages/elastic/kibana/8.5.1/bases/default,oci://europe-west1-docker.pkg.dev/nth-fort-499605-q5/helm-expt/elastic-kibana:8.5.1@sha256:ad45602eaac23f5e9ec2ebef4c00f9cf7a99dee5173755234f598b22df30c9a6,data/helm-render-intents/intents/elastic-kibana-8-5-1-default.yaml,yes,yes,no,watch,watch,no,proven,n/a,0,0,no-route-required,The current catalog record has no source hook or separate lifecycle step for this base.,,0,0,2,not-recorded,not-reviewed,,,actionable-gap,"2 observed prerequisite action records exist, but the base does not declare the prerequisite.","Add the observed prerequisite to spec.targetFacts in the base variant, then rerun its proof.",none-in-catalog-base,review-required,https://helm.elastic.co
elastic-logstash-8-5-1-default,elastic/logstash,8.5.1,default,F2a,recipes/elastic/logstash/8.5.1,recipes/elastic/logstash/8.5.1/variants/default/variant.yaml,recipes/elastic/logstash/8.5.1/effective-values.yaml,default,logstash,recipes/elastic/logstash/8.5.1/revisions/default/r001/rendered/release-objects.yaml,packages/elastic/logstash/8.5.1/bases/default,oci://europe-west1-docker.pkg.dev/nth-fort-499605-q5/helm-expt/elastic-logstash:8.5.1@sha256:fd909b18b84b947213f291f209e93f75dcd94dc25324a28211b2afd8960895b3,data/helm-render-intents/intents/elastic-logstash-8-5-1-default.yaml,yes,yes,yes,yes,yes,yes,proven,n/a,0,0,no-route-required,The current catalog record has no source hook or separate lifecycle step for this base.,,0,0,0,not-recorded,not-reviewed,,,actionable-gap,"This base has not recorded whether it needs a Secret, CRD, namespace, value, storage service, external API, or target topology.","Review the base and record its target prerequisites. When none are required, add an explicit no-prerequisite decision with its checked scope and evidence.",none-in-catalog-base,review-required,https://helm.elastic.co
elastic-logstash-8-5-1-ha,elastic/logstash,8.5.1,ha,F2b,recipes/elastic/logstash/8.5.1,recipes/elastic/logstash/8.5.1/variants/ha/variant.yaml,recipes/elastic/logstash/8.5.1/effective-values-ha.yaml,default,logstash,recipes/elastic/logstash/8.5.1/revisions/ha/r001/rendered/release-objects.yaml,packages/elastic/logstash/8.5.1/bases/ha,oci://europe-west1-docker.pkg.dev/nth-fort-499605-q5/helm-expt/elastic-logstash:8.5.1@sha256:fd909b18b84b947213f291f209e93f75dcd94dc25324a28211b2afd8960895b3,data/helm-render-intents/intents/elastic-logstash-8-5-1-ha.yaml,yes,yes,no,yes,yes,yes,proven,n/a,0,0,no-route-required,The current catalog record has no source hook or separate lifecycle step for this base.,,1,1,0,not-recorded,not-reviewed,,,attached,1 target prerequisite declared by this base.,,none-in-catalog-base,review-required,https://helm.elastic.co
elastic-metricbeat-8-5-1-default,elastic/metricbeat,8.5.1,default,F2a,recipes/elastic/metricbeat/8.5.1,recipes/elastic/metricbeat/8.5.1/variants/default/variant.yaml,recipes/elastic/metricbeat/8.5.1/effective-values.yaml,default,metricbeat,recipes/elastic/metricbeat/8.5.1/revisions/default/r001/rendered/release-objects.yaml,packages/elastic/metricbeat/8.5.1/bases/default,oci://europe-west1-docker.pkg.dev/nth-fort-499605-q5/helm-expt/elastic-metricbeat:8.5.1@sha256:228176a6c17e791d85afb63c678068aa3b284f6c3515b4c2512c23ebfbd67d9c,data/helm-render-intents/intents/elastic-metricbeat-8-5-1-default.yaml,yes,yes,no,watch,watch,no,proven,n/a,0,0,no-route-required,The current catalog record has no source hook or separate lifecycle step for this base.,,2,2,2,not-recorded,not-reviewed,,,attached-with-observed-actions,2 prerequisite declarations and 2 follow-up action records are attached.,,none-in-catalog-base,review-required,https://helm.elastic.co
external-dns-external-dns-1-21-1-default,external-dns/external-dns,1.21.1,default,F2a,recipes/external-dns/external-dns/1.21.1,recipes/external-dns/external-dns/1.21.1/variants/default/variant.yaml,recipes/external-dns/external-dns/1.21.1/effective-values.yaml,default,external-dns,recipes/external-dns/external-dns/1.21.1/revisions/default/r001/rendered/release-objects.yaml,packages/external-dns/external-dns/1.21.1/bases/default,oci://europe-west1-docker.pkg.dev/nth-fort-499605-q5/helm-expt/external-dns-external-dns:1.21.1@sha256:7683722340b073403d7fbb313f139f44d7e01e03f1fbb1606283758876d33bf9,data/helm-render-intents/intents/external-dns-external-dns-1-21-1-default.yaml,yes,yes,yes,yes,yes,yes,proven,n/a,0,0,no-route-required,The current catalog record has no source hook or separate lifecycle step for this base.,,0,0,0,not-recorded,not-reviewed,,,actionable-gap,"This base has not recorded whether it needs a Secret, CRD, namespace, value, storage service, external API, or target topology.","Review the base and record its target prerequisites. When none are required, add an explicit no-prerequisite decision with its checked scope and evidence.",none-in-catalog-base,review-required,https://kubernetes-sigs.github.io/external-dns/
external-dns-external-dns-1-21-1-dry-run-txt-registry,external-dns/external-dns,1.21.1,dry-run-txt-registry,F2b,recipes/external-dns/external-dns/1.21.1,recipes/external-dns/external-dns/1.21.1/variants/dry-run-txt-registry/variant.yaml,recipes/external-dns/external-dns/1.21.1/effective-values-dry-run-txt-registry.yaml,default,external-dns,recipes/external-dns/external-dns/1.21.1/revisions/dry-run-txt-registry/r001/rendered/release-objects.yaml,packages/external-dns/external-dns/1.21.1/bases/dry-run-txt-registry,oci://europe-west1-docker.pkg.dev/nth-fort-499605-q5/helm-expt/external-dns-external-dns:1.21.1@sha256:7683722340b073403d7fbb313f139f44d7e01e03f1fbb1606283758876d33bf9,data/helm-render-intents/intents/external-dns-external-dns-1-21-1-dry-run-txt-registry.yaml,yes,yes,yes,yes,yes,yes,proven,n/a,0,0,no-route-required,The current catalog record has no source hook or separate lifecycle step for this base.,,0,0,0,not-recorded,not-reviewed,,,actionable-gap,"This base has not recorded whether it needs a Secret, CRD, namespace, value, storage service, external API, or target topology.","Review the base and record its target prerequisites. When none are required, add an explicit no-prerequisite decision with its checked scope and evidence.",none-in-catalog-base,review-required,https://kubernetes-sigs.github.io/external-dns/
external-dns-external-dns-1-21-1-no-crds,external-dns/external-dns,1.21.1,no-crds,F2b,recipes/external-dns/external-dns/1.21.1,recipes/external-dns/external-dns/1.21.1/variants/no-crds/variant.yaml,recipes/external-dns/external-dns/1.21.1/effective-values-no-crds.yaml,default,external-dns,recipes/external-dns/external-dns/1.21.1/revisions/no-crds/r001/rendered/release-objects.yaml,packages/external-dns/external-dns/1.21.1/bases/no-crds,oci://europe-west1-docker.pkg.dev/nth-fort-499605-q5/helm-expt/external-dns-external-dns:1.21.1@sha256:7683722340b073403d7fbb313f139f44d7e01e03f1fbb1606283758876d33bf9,data/helm-render-intents/intents/external-dns-external-dns-1-21-1-no-crds.yaml,yes,yes,yes,yes,yes,yes,proven,n/a,0,0,no-route-required,The current catalog record has no source hook or separate lifecycle step for this base.,,0,0,0,not-recorded,not-reviewed,,,actionable-gap,"This base has not recorded whether it needs a Secret, CRD, namespace, value, storage service, external API, or target topology.","Review the base and record its target prerequisites. When none are required, add an explicit no-prerequisite decision with its checked scope and evidence.",none-in-catalog-base,review-required,https://kubernetes-sigs.github.io/external-dns/
external-secrets-external-secrets-2-5-0-default,external-secrets/external-secrets,2.5.0,default,F2a,recipes/external-secrets/external-secrets/2.5.0,recipes/external-secrets/external-secrets/2.5.0/variants/default/variant.yaml,recipes/external-secrets/external-secrets/2.5.0/effective-values.yaml,external-secrets,external-secrets,recipes/external-secrets/external-secrets/2.5.0/revisions/default/r001/rendered/release-objects.yaml,packages/external-secrets/external-secrets/2.5.0/bases/default,oci://europe-west1-docker.pkg.dev/nth-fort-499605-q5/helm-expt/external-secrets-external-secrets:2.5.0@sha256:3360d8a7d2d83748808b0f4a66969feaa33b305312dcb8bbe956fec08407b001,data/helm-render-intents/intents/external-secrets-external-secrets-2-5-0-default.yaml,yes,yes,yes,no,yes,yes,proven,n/a,0,0,no-route-required,The current catalog record has no source hook or separate lifecycle step for this base.,,1,1,0,not-recorded,not-reviewed,,,attached,1 target prerequisite declared by this base.,,none-in-catalog-base,review-required,https://charts.external-secrets.io
external-secrets-external-secrets-2-5-0-no-crds,external-secrets/external-secrets,2.5.0,no-crds,F2b,recipes/external-secrets/external-secrets/2.5.0,recipes/external-secrets/external-secrets/2.5.0/variants/no-crds/variant.yaml,recipes/external-secrets/external-secrets/2.5.0/effective-values-no-crds.yaml,external-secrets,external-secrets,recipes/external-secrets/external-secrets/2.5.0/revisions/no-crds/r001/rendered/release-objects.yaml,packages/external-secrets/external-secrets/2.5.0/bases/no-crds,oci://europe-west1-docker.pkg.dev/nth-fort-499605-q5/helm-expt/external-secrets-external-secrets:2.5.0@sha256:3360d8a7d2d83748808b0f4a66969feaa33b305312dcb8bbe956fec08407b001,data/helm-render-intents/intents/external-secrets-external-secrets-2-5-0-no-crds.yaml,yes,yes,yes,no,yes,yes,proven,n/a,0,0,no-route-required,The current catalog record has no source hook or separate lifecycle step for this base.,,24,24,0,not-recorded,not-reviewed,,,attached,24 target prerequisites declared by this base.,,none-in-catalog-base,review-required,https://charts.external-secrets.io
external-secrets-external-secrets-2-7-0-default,external-secrets/external-secrets,2.7.0,default,F2a,recipes/external-secrets/external-secrets/2.7.0,recipes/external-secrets/external-secrets/2.7.0/variants/default/variant.yaml,recipes/external-secrets/external-secrets/2.7.0/effective-values.yaml,external-secrets,external-secrets,recipes/external-secrets/external-secrets/2.7.0/revisions/default/r001/rendered/release-objects.yaml,packages/external-secrets/external-secrets/2.7.0/bases/default,oci://europe-west1-docker.pkg.dev/nth-fort-499605-q5/helm-expt/external-secrets-external-secrets:2.7.0@sha256:053f6e17323888a20473408f9310168abdbce7b19682d3b9ed7ddb6cc5097a34,data/helm-render-intents/intents/external-secrets-external-secrets-2-7-0-default.yaml,yes,todo,todo,no,todo,todo,missing-confighub-proof,n/a,0,0,no-route-required,The current catalog record has no source hook or separate lifecycle step for this base.,,1,1,0,not-recorded,not-reviewed,,,attached,1 target prerequisite declared by this base.,,none-in-catalog-base,review-required,https://charts.external-secrets.io
external-secrets-external-secrets-2-7-0-no-crds,external-secrets/external-secrets,2.7.0,no-crds,F2b,recipes/external-secrets/external-secrets/2.7.0,recipes/external-secrets/external-secrets/2.7.0/variants/no-crds/variant.yaml,recipes/external-secrets/external-secrets/2.7.0/effective-values-no-crds.yaml,external-secrets,external-secrets,recipes/external-secrets/external-secrets/2.7.0/revisions/no-crds/r001/rendered/release-objects.yaml,packages/external-secrets/external-secrets/2.7.0/bases/no-crds,oci://europe-west1-docker.pkg.dev/nth-fort-499605-q5/helm-expt/external-secrets-external-secrets:2.7.0@sha256:053f6e17323888a20473408f9310168abdbce7b19682d3b9ed7ddb6cc5097a34,data/helm-render-intents/intents/external-secrets-external-secrets-2-7-0-no-crds.yaml,yes,todo,todo,no,todo,todo,missing-confighub-proof,n/a,0,0,no-route-required,The current catalog record has no source hook or separate lifecycle step for this base.,,25,25,0,not-recorded,not-reviewed,,,attached,25 target prerequisites declared by this base.,,none-in-catalog-base,review-required,https://charts.external-secrets.io
external-secrets-external-secrets-2-8-0-default,external-secrets/external-secrets,2.8.0,default,F2a,recipes/external-secrets/external-secrets/2.8.0,recipes/external-secrets/external-secrets/2.8.0/variants/default/variant.yaml,recipes/external-secrets/external-secrets/2.8.0/effective-values.yaml,external-secrets,external-secrets,recipes/external-secrets/external-secrets/2.8.0/revisions/default/r001/rendered/release-objects.yaml,packages/external-secrets/external-secrets/2.8.0/bases/default,oci://europe-west1-docker.pkg.dev/nth-fort-499605-q5/helm-expt/external-secrets-external-secrets:2.8.0@sha256:3d807ceebf3de0146dddfa1de3b024139f5fac3869877a2a57ddd1d9550f228c,data/helm-render-intents/intents/external-secrets-external-secrets-2-8-0-default.yaml,yes,todo,todo,no,todo,todo,missing-confighub-proof,n/a,0,0,no-route-required,The current catalog record has no source hook or separate lifecycle step for this base.,,1,1,0,not-recorded,not-reviewed,,,attached,1 target prerequisite declared by this base.,,none-in-catalog-base,review-required,https://charts.external-secrets.io
external-secrets-external-secrets-2-8-0-no-crds,external-secrets/external-secrets,2.8.0,no-crds,F2b,recipes/external-secrets/external-secrets/2.8.0,recipes/external-secrets/external-secrets/2.8.0/variants/no-crds/variant.yaml,recipes/external-secrets/external-secrets/2.8.0/effective-values-no-crds.yaml,external-secrets,external-secrets,recipes/external-secrets/external-secrets/2.8.0/revisions/no-crds/r001/rendered/release-objects.yaml,packages/external-secrets/external-secrets/2.8.0/bases/no-crds,oci://europe-west1-docker.pkg.dev/nth-fort-499605-q5/helm-expt/external-secrets-external-secrets:2.8.0@sha256:3d807ceebf3de0146dddfa1de3b024139f5fac3869877a2a57ddd1d9550f228c,data/helm-render-intents/intents/external-secrets-external-secrets-2-8-0-no-crds.yaml,yes,todo,todo,no,todo,todo,missing-confighub-proof,n/a,0,0,no-route-required,The current catalog record has no source hook or separate lifecycle step for this base.,,26,26,0,not-recorded,not-reviewed,,,attached,26 target prerequisites declared by this base.,,none-in-catalog-base,review-required,https://charts.external-secrets.io
fairwinds-stable-goldilocks-10-3-0-default,fairwinds-stable/goldilocks,10.3.0,default,F2a,recipes/fairwinds-stable/goldilocks/10.3.0,recipes/fairwinds-stable/goldilocks/10.3.0/variants/default/variant.yaml,recipes/fairwinds-stable/goldilocks/10.3.0/effective-values.yaml,default,goldilocks,recipes/fairwinds-stable/goldilocks/10.3.0/revisions/default/r001/rendered/release-objects.yaml,packages/fairwinds-stable/goldilocks/10.3.0/bases/default,oci://europe-west1-docker.pkg.dev/nth-fort-499605-q5/helm-expt/fairwinds-stable-goldilocks:10.3.0@sha256:b16c4fca4bf8fa04db89891d03a0e4122715e3cfdc9356ef4bed6cd191199852,data/helm-render-intents/intents/fairwinds-stable-goldilocks-10-3-0-default.yaml,yes,yes,yes,yes,yes,yes,proven,n/a,0,0,no-route-required,The current catalog record has no source hook or separate lifecycle step for this base.,,0,0,0,not-recorded,not-reviewed,,,actionable-gap,"This base has not recorded whether it needs a Secret, CRD, namespace, value, storage service, external API, or target topology.","Review the base and record its target prerequisites. When none are required, add an explicit no-prerequisite decision with its checked scope and evidence.",none-in-catalog-base,review-required,https://charts.fairwinds.com/stable
fairwinds-stable-vpa-4-11-0-default,fairwinds-stable/vpa,4.11.0,default,F2a,recipes/fairwinds-stable/vpa/4.11.0,recipes/fairwinds-stable/vpa/4.11.0/variants/default/variant.yaml,recipes/fairwinds-stable/vpa/4.11.0/effective-values.yaml,default,vpa,recipes/fairwinds-stable/vpa/4.11.0/revisions/default/r001/rendered/release-objects.yaml,packages/fairwinds-stable/vpa/4.11.0/bases/default,oci://europe-west1-docker.pkg.dev/nth-fort-499605-q5/helm-expt/fairwinds-stable-vpa:4.11.0@sha256:449c4a96412aaf799622daab235efd8800f9700c0bd5b36c9523d95756e9fc8f,data/helm-render-intents/intents/fairwinds-stable-vpa-4-11-0-default.yaml,yes,yes,yes,yes,yes,yes,proven,n/a,0,0,no-route-required,The current catalog record has no source hook or separate lifecycle step for this base.,,1,1,0,not-recorded,not-reviewed,,,attached,1 target prerequisite declared by this base.,,none-in-catalog-base,review-required,https://charts.fairwinds.com/stable
fairwinds-stable-vpa-4-11-0-no-crds,fairwinds-stable/vpa,4.11.0,no-crds,F2b,recipes/fairwinds-stable/vpa/4.11.0,recipes/fairwinds-stable/vpa/4.11.0/variants/no-crds/variant.yaml,recipes/fairwinds-stable/vpa/4.11.0/effective-values-no-crds.yaml,default,vpa,recipes/fairwinds-stable/vpa/4.11.0/revisions/no-crds/r001/rendered/release-objects.yaml,packages/fairwinds-stable/vpa/4.11.0/bases/no-crds,oci://europe-west1-docker.pkg.dev/nth-fort-499605-q5/helm-expt/fairwinds-stable-vpa:4.11.0@sha256:449c4a96412aaf799622daab235efd8800f9700c0bd5b36c9523d95756e9fc8f,data/helm-render-intents/intents/fairwinds-stable-vpa-4-11-0-no-crds.yaml,yes,yes,yes,yes,yes,yes,proven,n/a,0,0,no-route-required,The current catalog record has no source hook or separate lifecycle step for this base.,,3,3,0,not-recorded,not-reviewed,,,attached,3 target prerequisites declared by this base.,,none-in-catalog-base,review-required,https://charts.fairwinds.com/stable
falcosecurity-falco-9-0-0-default,falcosecurity/falco,9.0.0,default,F2a,recipes/falcosecurity/falco/9.0.0,recipes/falcosecurity/falco/9.0.0/variants/default/variant.yaml,recipes/falcosecurity/falco/9.0.0/effective-values.yaml,default,falco,recipes/falcosecurity/falco/9.0.0/revisions/default/r001/rendered/release-objects.yaml,packages/falcosecurity/falco/9.0.0/bases/default,oci://europe-west1-docker.pkg.dev/nth-fort-499605-q5/helm-expt/falcosecurity-falco:9.0.0@sha256:0a17c36c302c5e5fb8cd13ced42c8c72f6ed5c59fa06ab78b63c5e9a9fb32bcf,data/helm-render-intents/intents/falcosecurity-falco-9-0-0-default.yaml,yes,yes,yes,yes,yes,yes,proven,n/a,0,0,no-route-required,The current catalog record has no source hook or separate lifecycle step for this base.,,0,0,0,not-recorded,not-reviewed,,,actionable-gap,"This base has not recorded whether it needs a Secret, CRD, namespace, value, storage service, external API, or target topology.","Review the base and record its target prerequisites. When none are required, add an explicit no-prerequisite decision with its checked scope and evidence.",none-in-catalog-base,review-required,https://falcosecurity.github.io/charts
falcosecurity-falcosidekick-0-13-1-default,falcosecurity/falcosidekick,0.13.1,default,F2a,recipes/falcosecurity/falcosidekick/0.13.1,recipes/falcosecurity/falcosidekick/0.13.1/variants/default/variant.yaml,recipes/falcosecurity/falcosidekick/0.13.1/effective-values.yaml,default,falcosidekick,recipes/falcosecurity/falcosidekick/0.13.1/revisions/default/r001/rendered/release-objects.yaml,packages/falcosecurity/falcosidekick/0.13.1/bases/default,oci://europe-west1-docker.pkg.dev/nth-fort-499605-q5/helm-expt/falcosecurity-falcosidekick:0.13.1@sha256:7fb6d41ff5721ca4df26959bda2c80022a2a3cc70b0e4e4cc8f8f878f7cc11d5,data/helm-render-intents/intents/falcosecurity-falcosidekick-0-13-1-default.yaml,yes,yes,yes,yes,yes,yes,proven,n/a,0,0,no-route-required,The current catalog record has no source hook or separate lifecycle step for this base.,,0,0,0,not-recorded,not-reviewed,,,actionable-gap,"This base has not recorded whether it needs a Secret, CRD, namespace, value, storage service, external API, or target topology.","Review the base and record its target prerequisites. When none are required, add an explicit no-prerequisite decision with its checked scope and evidence.",none-in-catalog-base,review-required,https://falcosecurity.github.io/charts
fluent-fluent-bit-0-57-6-default,fluent/fluent-bit,0.57.6,default,F2a,recipes/fluent/fluent-bit/0.57.6,recipes/fluent/fluent-bit/0.57.6/variants/default/variant.yaml,recipes/fluent/fluent-bit/0.57.6/effective-values.yaml,default,fluent-bit,recipes/fluent/fluent-bit/0.57.6/revisions/default/r001/rendered/release-objects.yaml,packages/fluent/fluent-bit/0.57.6/bases/default,oci://europe-west1-docker.pkg.dev/nth-fort-499605-q5/helm-expt/fluent-fluent-bit:0.57.6@sha256:f16e4d5c2df83b3ccd8629fbcab340b84a499303d5308eedac009ed8b40ef634,data/helm-render-intents/intents/fluent-fluent-bit-0-57-6-default.yaml,yes,yes,yes,yes,yes,yes,proven,yes,2,2,attached,2 lifecycle routes attached for this exact chart version and base.,,0,0,0,not-recorded,not-reviewed,,,actionable-gap,"This base has not recorded whether it needs a Secret, CRD, namespace, value, storage service, external API, or target topology.","Review the base and record its target prerequisites. When none are required, add an explicit no-prerequisite decision with its checked scope and evidence.",none-in-catalog-base,review-required,https://fluent.github.io/helm-charts
fluent-fluentd-0-5-3-default,fluent/fluentd,0.5.3,default,F2a,recipes/fluent/fluentd/0.5.3,recipes/fluent/fluentd/0.5.3/variants/default/variant.yaml,recipes/fluent/fluentd/0.5.3/effective-values.yaml,default,fluentd,recipes/fluent/fluentd/0.5.3/revisions/default/r001/rendered/release-objects.yaml,packages/fluent/fluentd/0.5.3/bases/default,oci://europe-west1-docker.pkg.dev/nth-fort-499605-q5/helm-expt/fluent-fluentd:0.5.3@sha256:62d68890785b4a34ec81787fc8fb1e4d093fb0a86b7482404e91e3d44cf3513b,data/helm-render-intents/intents/fluent-fluentd-0-5-3-default.yaml,yes,yes,yes,watch,watch,yes,proven,n/a,0,0,no-route-required,The current catalog record has no source hook or separate lifecycle step for this base.,,0,0,1,not-recorded,not-reviewed,,,actionable-gap,"1 observed prerequisite action record exists, but the base does not declare the prerequisite.","Add the observed prerequisite to spec.targetFacts in the base variant, then rerun its proof.",none-in-catalog-base,review-required,https://fluent.github.io/helm-charts
gatekeeper-gatekeeper-3-22-2-default,gatekeeper/gatekeeper,3.22.2,default,F2a,recipes/gatekeeper/gatekeeper/3.22.2,recipes/gatekeeper/gatekeeper/3.22.2/variants/default/variant.yaml,recipes/gatekeeper/gatekeeper/3.22.2/effective-values.yaml,default,gatekeeper,recipes/gatekeeper/gatekeeper/3.22.2/revisions/default/r001/rendered/release-objects.yaml,packages/gatekeeper/gatekeeper/3.22.2/bases/default,oci://europe-west1-docker.pkg.dev/nth-fort-499605-q5/helm-expt/gatekeeper-gatekeeper:3.22.2@sha256:ce4877c260225419e22d820f9d15652ad48ed5f205117099e88abb3f590241a5,data/helm-render-intents/intents/gatekeeper-gatekeeper-3-22-2-default.yaml,yes,yes,yes,yes,yes,yes,proven,yes,2,2,attached,2 lifecycle routes attached for this exact chart version and base.,,0,0,0,not-recorded,not-reviewed,,,actionable-gap,"This base has not recorded whether it needs a Secret, CRD, namespace, value, storage service, external API, or target topology.","Review the base and record its target prerequisites. When none are required, add an explicit no-prerequisite decision with its checked scope and evidence.",none-in-catalog-base,review-required,https://open-policy-agent.github.io/gatekeeper/charts
gatekeeper-gatekeeper-3-22-2-no-crds,gatekeeper/gatekeeper,3.22.2,no-crds,F2b,recipes/gatekeeper/gatekeeper/3.22.2,recipes/gatekeeper/gatekeeper/3.22.2/variants/no-crds/variant.yaml,recipes/gatekeeper/gatekeeper/3.22.2/effective-values-no-crds.yaml,default,gatekeeper,recipes/gatekeeper/gatekeeper/3.22.2/revisions/no-crds/r001/rendered/release-objects.yaml,packages/gatekeeper/gatekeeper/3.22.2/bases/no-crds,oci://europe-west1-docker.pkg.dev/nth-fort-499605-q5/helm-expt/gatekeeper-gatekeeper:3.22.2@sha256:ce4877c260225419e22d820f9d15652ad48ed5f205117099e88abb3f590241a5,data/helm-render-intents/intents/gatekeeper-gatekeeper-3-22-2-no-crds.yaml,yes,yes,yes,yes,yes,yes,proven,n/a,0,0,actionable-gap,"4 source hooks are recorded, but this base has no attached lifecycle route.","Choose how each source hook runs for direct apply, Argo CD, and Flux; attach the route records and version-matched receipts.",17,17,0,not-recorded,not-reviewed,,,attached,17 target prerequisites declared by this base.,,none-in-catalog-base,review-required,https://open-policy-agent.github.io/gatekeeper/charts
gitlab-gitlab-runner-0-89-0-default,gitlab/gitlab-runner,0.89.0,default,F2a,recipes/gitlab/gitlab-runner/0.89.0,recipes/gitlab/gitlab-runner/0.89.0/variants/default/variant.yaml,recipes/gitlab/gitlab-runner/0.89.0/effective-values.yaml,default,gitlab-runner,recipes/gitlab/gitlab-runner/0.89.0/revisions/default/r001/rendered/release-objects.yaml,packages/gitlab/gitlab-runner/0.89.0/bases/default,oci://europe-west1-docker.pkg.dev/nth-fort-499605-q5/helm-expt/gitlab-gitlab-runner:0.89.0@sha256:859e448412141120ea26e90c4d80fb772755dd6bc5f579a70ddd3c321da5fa7a,data/helm-render-intents/intents/gitlab-gitlab-runner-0-89-0-default.yaml,yes,yes,no,watch,watch,watch,proven,n/a,0,0,no-route-required,The current catalog record has no source hook or separate lifecycle step for this base.,,0,0,2,not-recorded,not-reviewed,,,actionable-gap,"2 observed prerequisite action records exist, but the base does not declare the prerequisite.","Add the observed prerequisite to spec.targetFacts in the base variant, then rerun its proof.",none-in-catalog-base,review-required,https://charts.gitlab.io
grafana-alloy-1-11-0-default,grafana/alloy,1.11.0,default,F2a,recipes/grafana/alloy/1.11.0,recipes/grafana/alloy/1.11.0/variants/default/variant.yaml,recipes/grafana/alloy/1.11.0/effective-values.yaml,alloy,alloy,recipes/grafana/alloy/1.11.0/revisions/default/r001/rendered/release-objects.yaml,packages/grafana/alloy/1.11.0/bases/default,oci://europe-west1-docker.pkg.dev/nth-fort-499605-q5/helm-expt/grafana-alloy:1.11.0@sha256:01110b6ce36bc7f75b9c638d85b49ffc86fe7989016966092b19f3bd04ae8808,data/helm-render-intents/intents/grafana-alloy-1-11-0-default.yaml,yes,todo,todo,todo,todo,todo,missing-confighub-proof,n/a,0,0,no-route-required,The current catalog record has no source hook or separate lifecycle step for this base.,,0,0,0,not-recorded,not-reviewed,,,actionable-gap,"This base has not recorded whether it needs a Secret, CRD, namespace, value, storage service, external API, or target topology.","Review the base and record its target prerequisites. When none are required, add an explicit no-prerequisite decision with its checked scope and evidence.",none-in-catalog-base,review-required,https://grafana.github.io/helm-charts
grafana-alloy-1-8-2-default,grafana/alloy,1.8.2,default,F2a,recipes/grafana/alloy/1.8.2,recipes/grafana/alloy/1.8.2/variants/default/variant.yaml,recipes/grafana/alloy/1.8.2/effective-values.yaml,default,alloy,recipes/grafana/alloy/1.8.2/revisions/default/r001/rendered/release-objects.yaml,packages/grafana/alloy/1.8.2/bases/default,oci://europe-west1-docker.pkg.dev/nth-fort-499605-q5/helm-expt/grafana-alloy:1.8.2@sha256:cc9dcba1e9400579cac0968b166baf86e98b80d3394993171616ea8374eeb314,data/helm-render-intents/intents/grafana-alloy-1-8-2-default.yaml,yes,yes,yes,yes,yes,yes,blocked,n/a,0,0,no-route-required,The current catalog record has no source hook or separate lifecycle step for this base.,,0,0,0,not-recorded,not-reviewed,,,actionable-gap,"This base has not recorded whether it needs a Secret, CRD, namespace, value, storage service, external API, or target topology.","Review the base and record its target prerequisites. When none are required, add an explicit no-prerequisite decision with its checked scope and evidence.",none-in-catalog-base,review-required,https://grafana.github.io/helm-charts
grafana-alloy-1-8-2-no-crds,grafana/alloy,1.8.2,no-crds,F2b,recipes/grafana/alloy/1.8.2,recipes/grafana/alloy/1.8.2/variants/no-crds/variant.yaml,recipes/grafana/alloy/1.8.2/effective-values-no-crds.yaml,default,alloy,recipes/grafana/alloy/1.8.2/revisions/no-crds/r001/rendered/release-objects.yaml,packages/grafana/alloy/1.8.2/bases/no-crds,oci://europe-west1-docker.pkg.dev/nth-fort-499605-q5/helm-expt/grafana-alloy:1.8.2@sha256:cc9dcba1e9400579cac0968b166baf86e98b80d3394993171616ea8374eeb314,data/helm-render-intents/intents/grafana-alloy-1-8-2-no-crds.yaml,yes,yes,yes,yes,yes,yes,blocked,n/a,0,0,no-route-required,The current catalog record has no source hook or separate lifecycle step for this base.,,0,0,0,not-recorded,not-reviewed,,,actionable-gap,"This base has not recorded whether it needs a Secret, CRD, namespace, value, storage service, external API, or target topology.","Review the base and record its target prerequisites. When none are required, add an explicit no-prerequisite decision with its checked scope and evidence.",none-in-catalog-base,review-required,https://grafana.github.io/helm-charts
grafana-grafana-10-5-15-existing-secret-ingress,grafana/grafana,10.5.15,existing-secret-ingress,F2b,recipes/grafana/grafana/10.5.15,recipes/grafana/grafana/10.5.15/variants/existing-secret-ingress/variant.yaml,recipes/grafana/grafana/10.5.15/effective-values-existing-secret-ingress.yaml,grafana,grafana,recipes/grafana/grafana/10.5.15/revisions/existing-secret-ingress/r001/rendered/release-objects.yaml,packages/grafana/grafana/10.5.15/bases/existing-secret-ingress,oci://europe-west1-docker.pkg.dev/nth-fort-499605-q5/helm-expt/grafana-grafana:10.5.15@sha256:fc038da08ab8544cdf8d3c08fd981e542de4d5e0f8ae61e21f163a9eb9956cc3,data/helm-render-intents/intents/grafana-grafana-10-5-15-existing-secret-ingress.yaml,yes,yes,yes,yes,yes,yes,proven,n/a,0,0,no-route-required,The current catalog record has no source hook or separate lifecycle step for this base.,,1,1,0,not-recorded,not-reviewed,,,attached,1 target prerequisite declared by this base.,,none-in-catalog-base,review-required,https://grafana.github.io/helm-charts
grafana-grafana-10-5-15-static-passwords,grafana/grafana,10.5.15,static-passwords,F2b,recipes/grafana/grafana/10.5.15,recipes/grafana/grafana/10.5.15/variants/static-passwords/variant.yaml,recipes/grafana/grafana/10.5.15/effective-values.yaml,grafana,grafana,recipes/grafana/grafana/10.5.15/revisions/static-passwords/r001/rendered/release-objects.yaml,packages/grafana/grafana/10.5.15/bases/static-passwords,oci://europe-west1-docker.pkg.dev/nth-fort-499605-q5/helm-expt/grafana-grafana:10.5.15@sha256:fc038da08ab8544cdf8d3c08fd981e542de4d5e0f8ae61e21f163a9eb9956cc3,data/helm-render-intents/intents/grafana-grafana-10-5-15-static-passwords.yaml,yes,yes,yes,yes,yes,yes,proven-with-watch,n/a,0,0,no-route-required,The current catalog record has no source hook or separate lifecycle step for this base.,,0,0,0,not-recorded,not-reviewed,,,actionable-gap,"This base has not recorded whether it needs a Secret, CRD, namespace, value, storage service, external API, or target topology.","Review the base and record its target prerequisites. When none are required, add an explicit no-prerequisite decision with its checked scope and evidence.",none-in-catalog-base,review-required,https://grafana.github.io/helm-charts
grafana-loki-7-0-0-simple-scalable-minio,grafana/loki,7.0.0,simple-scalable-minio,F2b,recipes/grafana/loki/7.0.0,recipes/grafana/loki/7.0.0/variants/simple-scalable-minio/variant.yaml,recipes/grafana/loki/7.0.0/effective-values-simple-scalable-minio.yaml,loki,loki,recipes/grafana/loki/7.0.0/revisions/simple-scalable-minio/r001/rendered/release-objects.yaml,packages/grafana/loki/7.0.0/bases/simple-scalable-minio,oci://europe-west1-docker.pkg.dev/nth-fort-499605-q5/helm-expt/grafana-loki:7.0.0@sha256:c89f127344879cdb6c7e4033735bcde8eaca3257d5c16bdcca89aad2a0f602da,data/helm-render-intents/intents/grafana-loki-7-0-0-simple-scalable-minio.yaml,yes,yes,yes,yes,yes,yes,proven,n/a,0,0,no-route-required,The current catalog record has no source hook or separate lifecycle step for this base.,,0,0,0,not-recorded,not-reviewed,,,actionable-gap,"This base has not recorded whether it needs a Secret, CRD, namespace, value, storage service, external API, or target topology.","Review the base and record its target prerequisites. When none are required, add an explicit no-prerequisite decision with its checked scope and evidence.",none-in-catalog-base,review-required,https://grafana.github.io/helm-charts
grafana-loki-7-0-0-single-binary-filesystem,grafana/loki,7.0.0,single-binary-filesystem,F2b,recipes/grafana/loki/7.0.0,recipes/grafana/loki/7.0.0/variants/single-binary-filesystem/variant.yaml,recipes/grafana/loki/7.0.0/effective-values.yaml,loki,loki,recipes/grafana/loki/7.0.0/revisions/single-binary-filesystem/r001/rendered/release-objects.yaml,packages/grafana/loki/7.0.0/bases/single-binary-filesystem,oci://europe-west1-docker.pkg.dev/nth-fort-499605-q5/helm-expt/grafana-loki:7.0.0@sha256:c89f127344879cdb6c7e4033735bcde8eaca3257d5c16bdcca89aad2a0f602da,data/helm-render-intents/intents/grafana-loki-7-0-0-single-binary-filesystem.yaml,yes,yes,yes,yes,yes,yes,proven,n/a,0,0,no-route-required,The current catalog record has no source hook or separate lifecycle step for this base.,,0,0,0,reviewed,no-separate-target-prerequisites,"the supported single-binary-filesystem base for the recorded cub-lk-kind-vanilla test target in namespace loki, delivered from ConfigHub OCI through Argo CD.",data/production-support-decisions/grafana-loki/support-decision.yaml;data/production-support-decisions/grafana-loki/fresh-target-evidence-2026-06-08.yaml,no-target-facts-required,"The prerequisite review found no separate target prerequisite in this scope: the supported single-binary-filesystem base for the recorded cub-lk-kind-vanilla test target in namespace loki, delivered from ConfigHub OCI through Argo CD.",,none-in-catalog-base,review-required,https://grafana.github.io/helm-charts
grafana-loki-7-1-0-default,grafana/loki,7.1.0,default,F2a,recipes/grafana/loki/7.1.0,recipes/grafana/loki/7.1.0/variants/default/variant.yaml,recipes/grafana/loki/7.1.0/effective-values-single-binary-filesystem.yaml,loki,loki,recipes/grafana/loki/7.1.0/revisions/default/r001/rendered/release-objects.yaml,packages/grafana/loki/7.1.0/bases/default,oci://europe-west1-docker.pkg.dev/nth-fort-499605-q5/helm-expt/grafana-loki:7.1.0@sha256:339ccdc3af897709b0749b5d5e197dec640081870b4f369fd3a5ca0617bd7ce6,data/helm-render-intents/intents/grafana-loki-7-1-0-default.yaml,yes,todo,todo,todo,todo,todo,missing-confighub-proof,n/a,0,0,no-route-required,The current catalog record has no source hook or separate lifecycle step for this base.,,0,0,0,not-recorded,not-reviewed,,,actionable-gap,"This base has not recorded whether it needs a Secret, CRD, namespace, value, storage service, external API, or target topology.","Review the base and record its target prerequisites. When none are required, add an explicit no-prerequisite decision with its checked scope and evidence.",none-in-catalog-base,review-required,https://grafana.github.io/helm-charts
grafana-promtail-6-17-1-default,grafana/promtail,6.17.1,default,F2a,recipes/grafana/promtail/6.17.1,recipes/grafana/promtail/6.17.1/variants/default/variant.yaml,recipes/grafana/promtail/6.17.1/effective-values.yaml,default,promtail,recipes/grafana/promtail/6.17.1/revisions/default/r001/rendered/release-objects.yaml,packages/grafana/promtail/6.17.1/bases/default,oci://europe-west1-docker.pkg.dev/nth-fort-499605-q5/helm-expt/grafana-promtail:6.17.1@sha256:94c1d1c38ab69b006974816eded3380ec3e3a6a042398f8214615d42fb79f647,data/helm-render-intents/intents/grafana-promtail-6-17-1-default.yaml,yes,yes,yes,yes,yes,yes,proven,n/a,0,0,no-route-required,The current catalog record has no source hook or separate lifecycle step for this base.,,0,0,0,not-recorded,not-reviewed,,,actionable-gap,"This base has not recorded whether it needs a Secret, CRD, namespace, value, storage service, external API, or target topology.","Review the base and record its target prerequisites. When none are required, add an explicit no-prerequisite decision with its checked scope and evidence.",none-in-catalog-base,review-required,https://grafana.github.io/helm-charts
grafana-pyroscope-2-0-2-default,grafana/pyroscope,2.0.2,default,F2a,recipes/grafana/pyroscope/2.0.2,recipes/grafana/pyroscope/2.0.2/variants/default/variant.yaml,recipes/grafana/pyroscope/2.0.2/effective-values.yaml,default,pyroscope,recipes/grafana/pyroscope/2.0.2/revisions/default/r001/rendered/release-objects.yaml,packages/grafana/pyroscope/2.0.2/bases/default,oci://europe-west1-docker.pkg.dev/nth-fort-499605-q5/helm-expt/grafana-pyroscope:2.0.2@sha256:e62d4337c210afe39b013694e528b68cc15b98e9cd3735dbcf40535b11874fab,data/helm-render-intents/intents/grafana-pyroscope-2-0-2-default.yaml,yes,yes,yes,watch,watch,yes,proven,n/a,0,0,no-route-required,The current catalog record has no source hook or separate lifecycle step for this base.,,0,0,1,not-recorded,not-reviewed,,,actionable-gap,"1 observed prerequisite action record exists, but the base does not declare the prerequisite.","Add the observed prerequisite to spec.targetFacts in the base variant, then rerun its proof.",none-in-catalog-base,review-required,https://grafana.github.io/helm-charts
grafana-pyroscope-2-0-2-ha,grafana/pyroscope,2.0.2,ha,F2b,recipes/grafana/pyroscope/2.0.2,recipes/grafana/pyroscope/2.0.2/variants/ha/variant.yaml,recipes/grafana/pyroscope/2.0.2/effective-values-ha.yaml,default,pyroscope,recipes/grafana/pyroscope/2.0.2/revisions/ha/r001/rendered/release-objects.yaml,packages/grafana/pyroscope/2.0.2/bases/ha,oci://europe-west1-docker.pkg.dev/nth-fort-499605-q5/helm-expt/grafana-pyroscope:2.0.2@sha256:e62d4337c210afe39b013694e528b68cc15b98e9cd3735dbcf40535b11874fab,data/helm-render-intents/intents/grafana-pyroscope-2-0-2-ha.yaml,yes,yes,no,watch,watch,no,proven,n/a,0,0,no-route-required,The current catalog record has no source hook or separate lifecycle step for this base.,,0,0,1,not-recorded,not-reviewed,,,actionable-gap,"1 observed prerequisite action record exists, but the base does not declare the prerequisite.","Add the observed prerequisite to spec.targetFacts in the base variant, then rerun its proof.",none-in-catalog-base,review-required,https://grafana.github.io/helm-charts
grafana-pyroscope-2-0-2-no-crds,grafana/pyroscope,2.0.2,no-crds,F2b,recipes/grafana/pyroscope/2.0.2,recipes/grafana/pyroscope/2.0.2/variants/no-crds/variant.yaml,recipes/grafana/pyroscope/2.0.2/effective-values-no-crds.yaml,default,pyroscope,recipes/grafana/pyroscope/2.0.2/revisions/no-crds/r001/rendered/release-objects.yaml,packages/grafana/pyroscope/2.0.2/bases/no-crds,oci://europe-west1-docker.pkg.dev/nth-fort-499605-q5/helm-expt/grafana-pyroscope:2.0.2@sha256:e62d4337c210afe39b013694e528b68cc15b98e9cd3735dbcf40535b11874fab,data/helm-render-intents/intents/grafana-pyroscope-2-0-2-no-crds.yaml,yes,yes,yes,watch,watch,yes,proven,n/a,0,0,no-route-required,The current catalog record has no source hook or separate lifecycle step for this base.,,0,0,1,not-recorded,not-reviewed,,,actionable-gap,"1 observed prerequisite action record exists, but the base does not declare the prerequisite.","Add the observed prerequisite to spec.targetFacts in the base variant, then rerun its proof.",none-in-catalog-base,review-required,https://grafana.github.io/helm-charts
grafana-rollout-operator-0-49-0-default,grafana/rollout-operator,0.49.0,default,F2a,recipes/grafana/rollout-operator/0.49.0,recipes/grafana/rollout-operator/0.49.0/variants/default/variant.yaml,recipes/grafana/rollout-operator/0.49.0/effective-values.yaml,default,rollout-operator,recipes/grafana/rollout-operator/0.49.0/revisions/default/r001/rendered/release-objects.yaml,packages/grafana/rollout-operator/0.49.0/bases/default,oci://europe-west1-docker.pkg.dev/nth-fort-499605-q5/helm-expt/grafana-rollout-operator:0.49.0@sha256:c52e103a893728c2d18971206a6452034d3b8f2c820f94942c0b54240214fa6d,data/helm-render-intents/intents/grafana-rollout-operator-0-49-0-default.yaml,yes,yes,yes,yes,yes,yes,proven,n/a,0,0,no-route-required,The current catalog record has no source hook or separate lifecycle step for this base.,,0,0,0,not-recorded,not-reviewed,,,actionable-gap,"This base has not recorded whether it needs a Secret, CRD, namespace, value, storage service, external API, or target topology.","Review the base and record its target prerequisites. When none are required, add an explicit no-prerequisite decision with its checked scope and evidence.",none-in-catalog-base,review-required,https://grafana.github.io/helm-charts
grafana-rollout-operator-0-49-0-no-crds,grafana/rollout-operator,0.49.0,no-crds,F2b,recipes/grafana/rollout-operator/0.49.0,recipes/grafana/rollout-operator/0.49.0/variants/no-crds/variant.yaml,recipes/grafana/rollout-operator/0.49.0/effective-values-no-crds.yaml,default,rollout-operator,recipes/grafana/rollout-operator/0.49.0/revisions/no-crds/r001/rendered/release-objects.yaml,packages/grafana/rollout-operator/0.49.0/bases/no-crds,oci://europe-west1-docker.pkg.dev/nth-fort-499605-q5/helm-expt/grafana-rollout-operator:0.49.0@sha256:c52e103a893728c2d18971206a6452034d3b8f2c820f94942c0b54240214fa6d,data/helm-render-intents/intents/grafana-rollout-operator-0-49-0-no-crds.yaml,yes,yes,no,yes,yes,yes,proven,n/a,0,0,no-route-required,The current catalog record has no source hook or separate lifecycle step for this base.,,2,2,0,not-recorded,not-reviewed,,,attached,2 target prerequisites declared by this base.,,none-in-catalog-base,review-required,https://grafana.github.io/helm-charts
grafana-tempo-1-24-4-local-persistent,grafana/tempo,1.24.4,local-persistent,F2b,recipes/grafana/tempo/1.24.4,recipes/grafana/tempo/1.24.4/variants/local-persistent/variant.yaml,recipes/grafana/tempo/1.24.4/effective-values.yaml,tempo,tempo,recipes/grafana/tempo/1.24.4/revisions/local-persistent/r001/rendered/release-objects.yaml,packages/grafana/tempo/1.24.4/bases/local-persistent,oci://europe-west1-docker.pkg.dev/nth-fort-499605-q5/helm-expt/grafana-tempo:1.24.4@sha256:bdeba9d642d10538e41f72eb96bd59f62428a6d0bc395111c74a7bcb8c1e7e12,data/helm-render-intents/intents/grafana-tempo-1-24-4-local-persistent.yaml,yes,yes,yes,yes,yes,yes,proven,n/a,0,0,no-route-required,The current catalog record has no source hook or separate lifecycle step for this base.,,0,0,0,not-recorded,not-reviewed,,,actionable-gap,"This base has not recorded whether it needs a Secret, CRD, namespace, value, storage service, external API, or target topology.","Review the base and record its target prerequisites. When none are required, add an explicit no-prerequisite decision with its checked scope and evidence.",none-in-catalog-base,review-required,https://grafana.github.io/helm-charts
grafana-tempo-1-24-4-s3-query-observability,grafana/tempo,1.24.4,s3-query-observability,F2b,recipes/grafana/tempo/1.24.4,recipes/grafana/tempo/1.24.4/variants/s3-query-observability/variant.yaml,recipes/grafana/tempo/1.24.4/effective-values-s3-query-observability.yaml,tempo,tempo,recipes/grafana/tempo/1.24.4/revisions/s3-query-observability/r001/rendered/release-objects.yaml,packages/grafana/tempo/1.24.4/bases/s3-query-observability,oci://europe-west1-docker.pkg.dev/nth-fort-499605-q5/helm-expt/grafana-tempo:1.24.4@sha256:bdeba9d642d10538e41f72eb96bd59f62428a6d0bc395111c74a7bcb8c1e7e12,data/helm-render-intents/intents/grafana-tempo-1-24-4-s3-query-observability.yaml,yes,yes,no,watch,watch,yes,proven,n/a,0,0,no-route-required,The current catalog record has no source hook or separate lifecycle step for this base.,,6,6,0,not-recorded,not-reviewed,,,attached,6 target prerequisites declared by this base.,,none-in-catalog-base,review-required,https://grafana.github.io/helm-charts
haproxytech-kubernetes-ingress-1-52-0-default,haproxytech/kubernetes-ingress,1.52.0,default,F2a,recipes/haproxytech/kubernetes-ingress/1.52.0,recipes/haproxytech/kubernetes-ingress/1.52.0/variants/default/variant.yaml,recipes/haproxytech/kubernetes-ingress/1.52.0/effective-values.yaml,default,kubernetes-ingress,recipes/haproxytech/kubernetes-ingress/1.52.0/revisions/default/r001/rendered/release-objects.yaml,packages/haproxytech/kubernetes-ingress/1.52.0/bases/default,oci://europe-west1-docker.pkg.dev/nth-fort-499605-q5/helm-expt/haproxytech-kubernetes-ingress:1.52.0@sha256:11f127344006f2e249cac8f7e4aa58d844246322b2e48f90343221eb20118a38,data/helm-render-intents/intents/haproxytech-kubernetes-ingress-1-52-0-default.yaml,yes,yes,yes,yes,yes,yes,proven,n/a,0,0,no-route-required,The current catalog record has no source hook or separate lifecycle step for this base.,,0,0,0,not-recorded,not-reviewed,,,actionable-gap,"This base has not recorded whether it needs a Secret, CRD, namespace, value, storage service, external API, or target topology.","Review the base and record its target prerequisites. When none are required, add an explicit no-prerequisite decision with its checked scope and evidence.",none-in-catalog-base,review-required,https://haproxytech.github.io/helm-charts
hashicorp-consul-2-0-0-default-control-plane,hashicorp/consul,2.0.0,default-control-plane,F2b,recipes/hashicorp/consul/2.0.0,recipes/hashicorp/consul/2.0.0/variants/default-control-plane/variant.yaml,recipes/hashicorp/consul/2.0.0/effective-values.yaml,consul,consul,recipes/hashicorp/consul/2.0.0/revisions/default-control-plane/r001/rendered/release-objects.yaml,packages/hashicorp/consul/2.0.0/bases/default-control-plane,oci://europe-west1-docker.pkg.dev/nth-fort-499605-q5/helm-expt/hashicorp-consul:2.0.0@sha256:eec0c002730d44e10c1c807aaf9f02fe8d1454e54e3ec6024956e2e079b5a2a5,data/helm-render-intents/intents/hashicorp-consul-2-0-0-default-control-plane.yaml,yes,yes,yes,yes,yes,yes,proven,n/a,0,0,no-route-required,The current catalog record has no source hook or separate lifecycle step for this base.,,0,0,0,reviewed,no-separate-target-prerequisites,"the supported default-control-plane base for the recorded cub-lk-kind-vanilla test target in namespace consul, delivered from ConfigHub OCI through Argo CD.",data/production-support-decisions/hashicorp-consul/support-decision.yaml;data/production-support-decisions/hashicorp-consul/fresh-target-evidence-2026-06-08.yaml,no-target-facts-required,"The prerequisite review found no separate target prerequisite in this scope: the supported default-control-plane base for the recorded cub-lk-kind-vanilla test target in namespace consul, delivered from ConfigHub OCI through Argo CD.",,none-in-catalog-base,review-required,https://helm.releases.hashicorp.com
hashicorp-consul-2-0-0-secure-mesh-existing-secrets,hashicorp/consul,2.0.0,secure-mesh-existing-secrets,F2b,recipes/hashicorp/consul/2.0.0,recipes/hashicorp/consul/2.0.0/variants/secure-mesh-existing-secrets/variant.yaml,recipes/hashicorp/consul/2.0.0/effective-values-secure-mesh-existing-secrets.yaml,consul,consul,recipes/hashicorp/consul/2.0.0/revisions/secure-mesh-existing-secrets/r001/rendered/release-objects.yaml,packages/hashicorp/consul/2.0.0/bases/secure-mesh-existing-secrets,oci://europe-west1-docker.pkg.dev/nth-fort-499605-q5/helm-expt/hashicorp-consul:2.0.0@sha256:eec0c002730d44e10c1c807aaf9f02fe8d1454e54e3ec6024956e2e079b5a2a5,data/helm-render-intents/intents/hashicorp-consul-2-0-0-secure-mesh-existing-secrets.yaml,yes,yes,no,no,watch,yes,proven,n/a,0,0,no-route-required,The current catalog record has no source hook or separate lifecycle step for this base.,,5,5,0,not-recorded,not-reviewed,,,attached,5 target prerequisites declared by this base.,,none-in-catalog-base,review-required,https://helm.releases.hashicorp.com
hashicorp-terraform-1-1-2-default,hashicorp/terraform,1.1.2,default,F2a,recipes/hashicorp/terraform/1.1.2,recipes/hashicorp/terraform/1.1.2/variants/default/variant.yaml,recipes/hashicorp/terraform/1.1.2/effective-values.yaml,default,terraform,recipes/hashicorp/terraform/1.1.2/revisions/default/r001/rendered/release-objects.yaml,packages/hashicorp/terraform/1.1.2/bases/default,oci://europe-west1-docker.pkg.dev/nth-fort-499605-q5/helm-expt/hashicorp-terraform:1.1.2@sha256:0e51444dda2d64c54e8d09b63fbb8076e1da39681f996968f90d8c7145d778b9,data/helm-render-intents/intents/hashicorp-terraform-1-1-2-default.yaml,yes,yes,no,watch,watch,no,proven,n/a,0,0,no-route-required,The current catalog record has no source hook or separate lifecycle step for this base.,,2,2,1,not-recorded,not-reviewed,,,attached-with-observed-actions,2 prerequisite declarations and 1 follow-up action record are attached.,,none-in-catalog-base,review-required,https://helm.releases.hashicorp.com
hashicorp-terraform-1-1-2-no-crds,hashicorp/terraform,1.1.2,no-crds,F2b,recipes/hashicorp/terraform/1.1.2,recipes/hashicorp/terraform/1.1.2/variants/no-crds/variant.yaml,recipes/hashicorp/terraform/1.1.2/effective-values-no-crds.yaml,default,terraform,recipes/hashicorp/terraform/1.1.2/revisions/no-crds/r001/rendered/release-objects.yaml,packages/hashicorp/terraform/1.1.2/bases/no-crds,oci://europe-west1-docker.pkg.dev/nth-fort-499605-q5/helm-expt/hashicorp-terraform:1.1.2@sha256:0e51444dda2d64c54e8d09b63fbb8076e1da39681f996968f90d8c7145d778b9,data/helm-render-intents/intents/hashicorp-terraform-1-1-2-no-crds.yaml,yes,yes,no,watch,watch,no,proven,n/a,0,0,no-route-required,The current catalog record has no source hook or separate lifecycle step for this base.,,3,3,2,not-recorded,not-reviewed,,,attached-with-observed-actions,3 prerequisite declarations and 2 follow-up action records are attached.,,none-in-catalog-base,review-required,https://helm.releases.hashicorp.com
hashicorp-vault-0-32-0-default,hashicorp/vault,0.32.0,default,F2a,recipes/hashicorp/vault/0.32.0,recipes/hashicorp/vault/0.32.0/variants/default/variant.yaml,recipes/hashicorp/vault/0.32.0/effective-values.yaml,vault,vault,recipes/hashicorp/vault/0.32.0/revisions/default/r001/rendered/release-objects.yaml,packages/hashicorp/vault/0.32.0/bases/default,oci://europe-west1-docker.pkg.dev/nth-fort-499605-q5/helm-expt/hashicorp-vault:0.32.0@sha256:7216f8cbbb3e2dafe3ed987f1e4b6fa962de60b2bf5ba7d2d0b7eb45eb138292,data/helm-render-intents/intents/hashicorp-vault-0-32-0-default.yaml,yes,yes,yes,yes,yes,yes,proven,n/a,0,0,no-route-required,The current catalog record has no source hook or separate lifecycle step for this base.,,0,0,0,not-recorded,not-reviewed,,,actionable-gap,"This base has not recorded whether it needs a Secret, CRD, namespace, value, storage service, external API, or target topology.","Review the base and record its target prerequisites. When none are required, add an explicit no-prerequisite decision with its checked scope and evidence.",none-in-catalog-base,review-required,https://helm.releases.hashicorp.com
hashicorp-vault-0-32-0-dev-mode,hashicorp/vault,0.32.0,dev-mode,F2b,recipes/hashicorp/vault/0.32.0,recipes/hashicorp/vault/0.32.0/variants/dev-mode/variant.yaml,recipes/hashicorp/vault/0.32.0/effective-values-dev-mode.yaml,vault,vault,recipes/hashicorp/vault/0.32.0/revisions/dev-mode/r001/rendered/release-objects.yaml,packages/hashicorp/vault/0.32.0/bases/dev-mode,oci://europe-west1-docker.pkg.dev/nth-fort-499605-q5/helm-expt/hashicorp-vault:0.32.0@sha256:7216f8cbbb3e2dafe3ed987f1e4b6fa962de60b2bf5ba7d2d0b7eb45eb138292,data/helm-render-intents/intents/hashicorp-vault-0-32-0-dev-mode.yaml,yes,yes,yes,yes,yes,yes,proven,n/a,0,0,no-route-required,The current catalog record has no source hook or separate lifecycle step for this base.,,0,0,0,not-recorded,not-reviewed,,,actionable-gap,"This base has not recorded whether it needs a Secret, CRD, namespace, value, storage service, external API, or target topology.","Review the base and record its target prerequisites. When none are required, add an explicit no-prerequisite decision with its checked scope and evidence.",none-in-catalog-base,review-required,https://helm.releases.hashicorp.com
hashicorp-vault-0-32-0-ha-raft-ui,hashicorp/vault,0.32.0,ha-raft-ui,F2b,recipes/hashicorp/vault/0.32.0,recipes/hashicorp/vault/0.32.0/variants/ha-raft-ui/variant.yaml,recipes/hashicorp/vault/0.32.0/effective-values-ha-raft-ui.yaml,vault,vault,recipes/hashicorp/vault/0.32.0/revisions/ha-raft-ui/r001/rendered/release-objects.yaml,packages/hashicorp/vault/0.32.0/bases/ha-raft-ui,oci://europe-west1-docker.pkg.dev/nth-fort-499605-q5/helm-expt/hashicorp-vault:0.32.0@sha256:7216f8cbbb3e2dafe3ed987f1e4b6fa962de60b2bf5ba7d2d0b7eb45eb138292,data/helm-render-intents/intents/hashicorp-vault-0-32-0-ha-raft-ui.yaml,yes,yes,no,watch,watch,yes,proven,n/a,0,0,no-route-required,The current catalog record has no source hook or separate lifecycle step for this base.,,1,1,1,not-recorded,not-reviewed,,,attached-with-observed-actions,1 prerequisite declaration and 1 follow-up action record are attached.,,none-in-catalog-base,review-required,https://helm.releases.hashicorp.com
ingress-nginx-ingress-nginx-4-15-1-admission-disabled,ingress-nginx/ingress-nginx,4.15.1,admission-disabled,F2b,recipes/ingress-nginx/ingress-nginx/4.15.1,recipes/ingress-nginx/ingress-nginx/4.15.1/variants/admission-disabled/variant.yaml,recipes/ingress-nginx/ingress-nginx/4.15.1/effective-values-admission-disabled.yaml,ingress-nginx,ingress-nginx,recipes/ingress-nginx/ingress-nginx/4.15.1/revisions/admission-disabled/r001/rendered/release-objects.yaml,packages/ingress-nginx/ingress-nginx/4.15.1/bases/admission-disabled,oci://europe-west1-docker.pkg.dev/nth-fort-499605-q5/helm-expt/ingress-nginx-ingress-nginx:4.15.1@sha256:dc0f6c1a8158230957c1cae1b26073339b009b220c79cff0e3df31e9f21c73e4,data/helm-render-intents/intents/ingress-nginx-ingress-nginx-4-15-1-admission-disabled.yaml,yes,yes,yes,watch,yes,yes,proven,n/a,0,0,no-route-required,The current catalog record has no source hook or separate lifecycle step for this base.,,0,0,0,not-recorded,not-reviewed,,,actionable-gap,"This base has not recorded whether it needs a Secret, CRD, namespace, value, storage service, external API, or target topology.","Review the base and record its target prerequisites. When none are required, add an explicit no-prerequisite decision with its checked scope and evidence.",none-in-catalog-base,review-required,https://kubernetes.github.io/ingress-nginx
ingress-nginx-ingress-nginx-4-15-1-default,ingress-nginx/ingress-nginx,4.15.1,default,F2a,recipes/ingress-nginx/ingress-nginx/4.15.1,recipes/ingress-nginx/ingress-nginx/4.15.1/variants/default/variant.yaml,recipes/ingress-nginx/ingress-nginx/4.15.1/effective-values.yaml,ingress-nginx,ingress-nginx,recipes/ingress-nginx/ingress-nginx/4.15.1/revisions/default/r001/rendered/release-objects.yaml,packages/ingress-nginx/ingress-nginx/4.15.1/bases/default,oci://europe-west1-docker.pkg.dev/nth-fort-499605-q5/helm-expt/ingress-nginx-ingress-nginx:4.15.1@sha256:dc0f6c1a8158230957c1cae1b26073339b009b220c79cff0e3df31e9f21c73e4,data/helm-render-intents/intents/ingress-nginx-ingress-nginx-4-15-1-default.yaml,yes,yes,yes,yes,yes,yes,proven,n/a,0,0,no-route-required,The current catalog record has no source hook or separate lifecycle step for this base.,,1,1,0,not-recorded,not-reviewed,,,attached,1 target prerequisite declared by this base.,,none-in-catalog-base,review-required,https://kubernetes.github.io/ingress-nginx
ingress-nginx-ingress-nginx-4-15-1-internal-clusterip,ingress-nginx/ingress-nginx,4.15.1,internal-clusterip,F2b,recipes/ingress-nginx/ingress-nginx/4.15.1,recipes/ingress-nginx/ingress-nginx/4.15.1/variants/internal-clusterip/variant.yaml,recipes/ingress-nginx/ingress-nginx/4.15.1/effective-values-internal-clusterip.yaml,ingress-nginx,ingress-nginx,recipes/ingress-nginx/ingress-nginx/4.15.1/revisions/internal-clusterip/r001/rendered/release-objects.yaml,packages/ingress-nginx/ingress-nginx/4.15.1/bases/internal-clusterip,oci://europe-west1-docker.pkg.dev/nth-fort-499605-q5/helm-expt/ingress-nginx-ingress-nginx:4.15.1@sha256:dc0f6c1a8158230957c1cae1b26073339b009b220c79cff0e3df31e9f21c73e4,data/helm-render-intents/intents/ingress-nginx-ingress-nginx-4-15-1-internal-clusterip.yaml,yes,yes,yes,yes,yes,yes,proven,n/a,0,0,no-route-required,The current catalog record has no source hook or separate lifecycle step for this base.,,0,0,0,not-recorded,not-reviewed,,,actionable-gap,"This base has not recorded whether it needs a Secret, CRD, namespace, value, storage service, external API, or target topology.","Review the base and record its target prerequisites. When none are required, add an explicit no-prerequisite decision with its checked scope and evidence.",none-in-catalog-base,review-required,https://kubernetes.github.io/ingress-nginx
istio-gateway-1-30-0-controller-default-reviewed,istio/gateway,1.30.0,controller-default-reviewed,F2b,recipes/istio/gateway/1.30.0,recipes/istio/gateway/1.30.0/variants/controller-default-reviewed/variant.yaml,recipes/istio/gateway/1.30.0/effective-values.yaml,default,gateway,recipes/istio/gateway/1.30.0/revisions/controller-default-reviewed/r001/rendered/release-objects.yaml,packages/istio/gateway/1.30.0/bases/controller-default-reviewed,oci://europe-west1-docker.pkg.dev/nth-fort-499605-q5/helm-expt/istio-gateway:1.30.0@sha256:1c26ebf6dc73c2c3952755668886b33606cdbd62494776e4237e5e8402803b69,data/helm-render-intents/intents/istio-gateway-1-30-0-controller-default-reviewed.yaml,yes,yes,no,watch,watch,no,proven,n/a,0,0,no-route-required,The current catalog record has no source hook or separate lifecycle step for this base.,,0,0,0,not-recorded,not-reviewed,,,actionable-gap,"This base has not recorded whether it needs a Secret, CRD, namespace, value, storage service, external API, or target topology.","Review the base and record its target prerequisites. When none are required, add an explicit no-prerequisite decision with its checked scope and evidence.",none-in-catalog-base,review-required,https://istio-release.storage.googleapis.com/charts
istio-gateway-1-30-0-default,istio/gateway,1.30.0,default,F2a,recipes/istio/gateway/1.30.0,recipes/istio/gateway/1.30.0/variants/default/variant.yaml,recipes/istio/gateway/1.30.0/effective-values.yaml,default,gateway,recipes/istio/gateway/1.30.0/revisions/default/r001/rendered/release-objects.yaml,packages/istio/gateway/1.30.0/bases/default,oci://europe-west1-docker.pkg.dev/nth-fort-499605-q5/helm-expt/istio-gateway:1.30.0@sha256:1c26ebf6dc73c2c3952755668886b33606cdbd62494776e4237e5e8402803b69,data/helm-render-intents/intents/istio-gateway-1-30-0-default.yaml,yes,yes,no,watch,watch,no,proven,n/a,0,0,no-route-required,The current catalog record has no source hook or separate lifecycle step for this base.,,0,0,0,not-recorded,not-reviewed,,,actionable-gap,"This base has not recorded whether it needs a Secret, CRD, namespace, value, storage service, external API, or target topology.","Review the base and record its target prerequisites. When none are required, add an explicit no-prerequisite decision with its checked scope and evidence.",none-in-catalog-base,review-required,https://istio-release.storage.googleapis.com/charts
istio-istiod-1-30-0-default,istio/istiod,1.30.0,default,F2a,recipes/istio/istiod/1.30.0,recipes/istio/istiod/1.30.0/variants/default/variant.yaml,recipes/istio/istiod/1.30.0/effective-values.yaml,default,istiod,recipes/istio/istiod/1.30.0/revisions/default/r001/rendered/release-objects.yaml,packages/istio/istiod/1.30.0/bases/default,oci://europe-west1-docker.pkg.dev/nth-fort-499605-q5/helm-expt/istio-istiod:1.30.0@sha256:ecb9f9cbd9dc89bb7707cdc98c61797f51ddf08c155f43955d3f4372ac2e5476,data/helm-render-intents/intents/istio-istiod-1-30-0-default.yaml,yes,yes,no,no,no,no,proven,n/a,0,0,no-route-required,The current catalog record has no source hook or separate lifecycle step for this base.,,1,1,2,not-recorded,not-reviewed,,,attached-with-observed-actions,1 prerequisite declaration and 2 follow-up action records are attached.,,none-in-catalog-base,review-required,https://istio-release.storage.googleapis.com/charts
jaegertracing-jaeger-4-8-0-default,jaegertracing/jaeger,4.8.0,default,F2a,recipes/jaegertracing/jaeger/4.8.0,recipes/jaegertracing/jaeger/4.8.0/variants/default/variant.yaml,recipes/jaegertracing/jaeger/4.8.0/effective-values.yaml,default,jaeger,recipes/jaegertracing/jaeger/4.8.0/revisions/default/r001/rendered/release-objects.yaml,packages/jaegertracing/jaeger/4.8.0/bases/default,oci://europe-west1-docker.pkg.dev/nth-fort-499605-q5/helm-expt/jaegertracing-jaeger:4.8.0@sha256:d4646d2cd4c0e3d64842737a0d8434b2663e65314a40ffeecb5f9943c19438a9,data/helm-render-intents/intents/jaegertracing-jaeger-4-8-0-default.yaml,yes,yes,yes,yes,yes,yes,proven,n/a,0,0,no-route-required,The current catalog record has no source hook or separate lifecycle step for this base.,,0,0,0,not-recorded,not-reviewed,,,actionable-gap,"This base has not recorded whether it needs a Secret, CRD, namespace, value, storage service, external API, or target topology.","Review the base and record its target prerequisites. When none are required, add an explicit no-prerequisite decision with its checked scope and evidence.",none-in-catalog-base,review-required,https://jaegertracing.github.io/helm-charts
jaegertracing-jaeger-operator-2-57-0-default,jaegertracing/jaeger-operator,2.57.0,default,F2a,recipes/jaegertracing/jaeger-operator/2.57.0,recipes/jaegertracing/jaeger-operator/2.57.0/variants/default/variant.yaml,recipes/jaegertracing/jaeger-operator/2.57.0/effective-values.yaml,default,jaeger-operator,recipes/jaegertracing/jaeger-operator/2.57.0/revisions/default/r001/rendered/release-objects.yaml,packages/jaegertracing/jaeger-operator/2.57.0/bases/default,oci://europe-west1-docker.pkg.dev/nth-fort-499605-q5/helm-expt/jaegertracing-jaeger-operator:2.57.0@sha256:bb116910eabb89bdf97436c27d495e5dd80d36840847594b284e28a0fe36f3db,data/helm-render-intents/intents/jaegertracing-jaeger-operator-2-57-0-default.yaml,yes,yes,yes,no,no,no,proven,n/a,0,0,no-route-required,The current catalog record has no source hook or separate lifecycle step for this base.,,2,2,2,not-recorded,not-reviewed,,,attached-with-observed-actions,2 prerequisite declarations and 2 follow-up action records are attached.,,none-in-catalog-base,review-required,https://jaegertracing.github.io/helm-charts
jaegertracing-jaeger-operator-2-57-0-no-crds,jaegertracing/jaeger-operator,2.57.0,no-crds,F2b,recipes/jaegertracing/jaeger-operator/2.57.0,recipes/jaegertracing/jaeger-operator/2.57.0/variants/no-crds/variant.yaml,recipes/jaegertracing/jaeger-operator/2.57.0/effective-values-no-crds.yaml,default,jaeger-operator,recipes/jaegertracing/jaeger-operator/2.57.0/revisions/no-crds/r001/rendered/release-objects.yaml,packages/jaegertracing/jaeger-operator/2.57.0/bases/no-crds,oci://europe-west1-docker.pkg.dev/nth-fort-499605-q5/helm-expt/jaegertracing-jaeger-operator:2.57.0@sha256:bb116910eabb89bdf97436c27d495e5dd80d36840847594b284e28a0fe36f3db,data/helm-render-intents/intents/jaegertracing-jaeger-operator-2-57-0-no-crds.yaml,yes,yes,no,yes,yes,no,proven,n/a,0,0,no-route-required,The current catalog record has no source hook or separate lifecycle step for this base.,,3,3,1,not-recorded,not-reviewed,,,attached-with-observed-actions,3 prerequisite declarations and 1 follow-up action record are attached.,,none-in-catalog-base,review-required,https://jaegertracing.github.io/helm-charts
jetstack-cert-manager-csi-driver-v0-14-0-default,jetstack/cert-manager-csi-driver,v0.14.0,default,F2a,recipes/jetstack/cert-manager-csi-driver/v0.14.0,recipes/jetstack/cert-manager-csi-driver/v0.14.0/variants/default/variant.yaml,recipes/jetstack/cert-manager-csi-driver/v0.14.0/effective-values.yaml,default,cert-manager-csi-driver,recipes/jetstack/cert-manager-csi-driver/v0.14.0/revisions/default/r001/rendered/release-objects.yaml,packages/jetstack/cert-manager-csi-driver/v0.14.0/bases/default,oci://europe-west1-docker.pkg.dev/nth-fort-499605-q5/helm-expt/jetstack-cert-manager-csi-driver:v0.14.0@sha256:d9ced09488420f77b3a073f2457a81dfdd498453f0597656c6d27713b0ad7999,data/helm-render-intents/intents/jetstack-cert-manager-csi-driver-v0-14-0-default.yaml,yes,yes,yes,yes,yes,yes,proven,n/a,0,0,no-route-required,The current catalog record has no source hook or separate lifecycle step for this base.,,0,0,0,not-recorded,not-reviewed,,,actionable-gap,"This base has not recorded whether it needs a Secret, CRD, namespace, value, storage service, external API, or target topology.","Review the base and record its target prerequisites. When none are required, add an explicit no-prerequisite decision with its checked scope and evidence.",none-in-catalog-base,review-required,https://charts.jetstack.io
jetstack-cert-manager-v1-20-2-crds-enabled,jetstack/cert-manager,v1.20.2,crds-enabled,F2b,recipes/jetstack/cert-manager/v1.20.2,recipes/jetstack/cert-manager/v1.20.2/variants/crds-enabled/variant.yaml,recipes/jetstack/cert-manager/v1.20.2/effective-values-crds-enabled.yaml,cert-manager,cert-manager,recipes/jetstack/cert-manager/v1.20.2/revisions/crds-enabled/r001/rendered/release-objects.yaml,packages/jetstack/cert-manager/v1.20.2/bases/crds-enabled,oci://europe-west1-docker.pkg.dev/nth-fort-499605-q5/helm-expt/jetstack-cert-manager:v1.20.2@sha256:b688d5ef7ae759bd73d2970528a7192e14058bc593a8601b6af12157270c6d2c,data/helm-render-intents/intents/jetstack-cert-manager-v1-20-2-crds-enabled.yaml,yes,yes,yes,yes,yes,yes,proven,n/a,0,0,no-route-required,The current catalog record has no source hook or separate lifecycle step for this base.,,0,0,0,reviewed,no-separate-target-prerequisites,"the supported crds-enabled base for the recorded cub-lk-kind-vanilla test target in namespace cert-manager, delivered from ConfigHub OCI through Argo CD.",data/production-support-decisions/jetstack-cert-manager/support-decision.yaml;data/production-support-decisions/jetstack-cert-manager/fresh-target-evidence-2026-06-05.yaml,no-target-facts-required,"The prerequisite review found no separate target prerequisite in this scope: the supported crds-enabled base for the recorded cub-lk-kind-vanilla test target in namespace cert-manager, delivered from ConfigHub OCI through Argo CD.",,none-in-catalog-base,review-required,https://charts.jetstack.io
jetstack-cert-manager-v1-20-2-default,jetstack/cert-manager,v1.20.2,default,F2a,recipes/jetstack/cert-manager/v1.20.2,recipes/jetstack/cert-manager/v1.20.2/variants/default/variant.yaml,recipes/jetstack/cert-manager/v1.20.2/effective-values.yaml,cert-manager,cert-manager,recipes/jetstack/cert-manager/v1.20.2/revisions/default/r001/rendered/release-objects.yaml,packages/jetstack/cert-manager/v1.20.2/bases/default,oci://europe-west1-docker.pkg.dev/nth-fort-499605-q5/helm-expt/jetstack-cert-manager:v1.20.2@sha256:b688d5ef7ae759bd73d2970528a7192e14058bc593a8601b6af12157270c6d2c,data/helm-render-intents/intents/jetstack-cert-manager-v1-20-2-default.yaml,yes,yes,yes,yes,yes,yes,proven,n/a,0,0,no-route-required,The current catalog record has no source hook or separate lifecycle step for this base.,,6,6,0,not-recorded,not-reviewed,,,attached,6 target prerequisites declared by this base.,,none-in-catalog-base,review-required,https://charts.jetstack.io
jetstack-cert-manager-v1-21-0-crds-enabled,jetstack/cert-manager,v1.21.0,crds-enabled,F2b,recipes/jetstack/cert-manager/v1.21.0,recipes/jetstack/cert-manager/v1.21.0/variants/crds-enabled/variant.yaml,recipes/jetstack/cert-manager/v1.21.0/effective-values-crds-enabled.yaml,cert-manager,cert-manager,recipes/jetstack/cert-manager/v1.21.0/revisions/crds-enabled/r001/rendered/release-objects.yaml,packages/jetstack/cert-manager/v1.21.0/bases/crds-enabled,oci://europe-west1-docker.pkg.dev/nth-fort-499605-q5/helm-expt/jetstack-cert-manager:v1.21.0@sha256:c6ebd798984a15a6bf3e856b02cc1f3806c48cb2ee714d655ea3dd312c939ecc,data/helm-render-intents/intents/jetstack-cert-manager-v1-21-0-crds-enabled.yaml,yes,todo,todo,todo,todo,todo,missing-confighub-proof,n/a,0,0,no-route-required,The current catalog record has no source hook or separate lifecycle step for this base.,,0,0,0,not-recorded,not-reviewed,,,actionable-gap,"This base has not recorded whether it needs a Secret, CRD, namespace, value, storage service, external API, or target topology.","Review the base and record its target prerequisites. When none are required, add an explicit no-prerequisite decision with its checked scope and evidence.",none-in-catalog-base,review-required,https://charts.jetstack.io
jetstack-cert-manager-v1-21-0-default,jetstack/cert-manager,v1.21.0,default,F2a,recipes/jetstack/cert-manager/v1.21.0,recipes/jetstack/cert-manager/v1.21.0/variants/default/variant.yaml,recipes/jetstack/cert-manager/v1.21.0/effective-values.yaml,cert-manager,cert-manager,recipes/jetstack/cert-manager/v1.21.0/revisions/default/r001/rendered/release-objects.yaml,packages/jetstack/cert-manager/v1.21.0/bases/default,oci://europe-west1-docker.pkg.dev/nth-fort-499605-q5/helm-expt/jetstack-cert-manager:v1.21.0@sha256:c6ebd798984a15a6bf3e856b02cc1f3806c48cb2ee714d655ea3dd312c939ecc,data/helm-render-intents/intents/jetstack-cert-manager-v1-21-0-default.yaml,yes,todo,todo,todo,todo,todo,missing-confighub-proof,n/a,0,0,no-route-required,The current catalog record has no source hook or separate lifecycle step for this base.,,6,6,0,not-recorded,not-reviewed,,,attached,6 target prerequisites declared by this base.,,none-in-catalog-base,review-required,https://charts.jetstack.io
jetstack-trust-manager-v0-22-1-default,jetstack/trust-manager,v0.22.1,default,F2a,recipes/jetstack/trust-manager/v0.22.1,recipes/jetstack/trust-manager/v0.22.1/variants/default/variant.yaml,recipes/jetstack/trust-manager/v0.22.1/effective-values.yaml,default,trust-manager,recipes/jetstack/trust-manager/v0.22.1/revisions/default/r001/rendered/release-objects.yaml,packages/jetstack/trust-manager/v0.22.1/bases/default,oci://europe-west1-docker.pkg.dev/nth-fort-499605-q5/helm-expt/jetstack-trust-manager:v0.22.1@sha256:dbdd2e3fbce82f520467f23eb6e0f10d745fd608b3f3a1e117f3238ea41f104e,data/helm-render-intents/intents/jetstack-trust-manager-v0-22-1-default.yaml,yes,yes,no,watch,watch,yes,proven,n/a,0,0,no-route-required,The current catalog record has no source hook or separate lifecycle step for this base.,,4,4,0,not-recorded,not-reviewed,,,attached,4 target prerequisites declared by this base.,,none-in-catalog-base,review-required,https://charts.jetstack.io
jetstack-trust-manager-v0-22-1-no-crds,jetstack/trust-manager,v0.22.1,no-crds,F2b,recipes/jetstack/trust-manager/v0.22.1,recipes/jetstack/trust-manager/v0.22.1/variants/no-crds/variant.yaml,recipes/jetstack/trust-manager/v0.22.1/effective-values-no-crds.yaml,default,trust-manager,recipes/jetstack/trust-manager/v0.22.1/revisions/no-crds/r001/rendered/release-objects.yaml,packages/jetstack/trust-manager/v0.22.1/bases/no-crds,oci://europe-west1-docker.pkg.dev/nth-fort-499605-q5/helm-expt/jetstack-trust-manager:v0.22.1@sha256:dbdd2e3fbce82f520467f23eb6e0f10d745fd608b3f3a1e117f3238ea41f104e,data/helm-render-intents/intents/jetstack-trust-manager-v0-22-1-no-crds.yaml,yes,yes,no,yes,yes,yes,proven,n/a,0,0,no-route-required,The current catalog record has no source hook or separate lifecycle step for this base.,,5,5,0,not-recorded,not-reviewed,,,attached,5 target prerequisites declared by this base.,,none-in-catalog-base,review-required,https://charts.jetstack.io
karpenter-karpenter-1-14-0-crds-managed,karpenter/karpenter,1.14.0,crds-managed,F2b,recipes/karpenter/karpenter/1.14.0,recipes/karpenter/karpenter/1.14.0/variants/crds-managed/variant.yaml,recipes/karpenter/karpenter/1.14.0/effective-values-crds-managed.yaml,kube-system,karpenter,recipes/karpenter/karpenter/1.14.0/revisions/crds-managed/r001/rendered/release-objects.yaml,packages/karpenter/karpenter/1.14.0/bases/crds-managed,oci://europe-west1-docker.pkg.dev/nth-fort-499605-q5/helm-expt/karpenter-karpenter:1.14.0@sha256:9df71774cdd0dec1b03d8f417d28176833a14f1bb3d094e01502f46101e777cc,data/helm-render-intents/intents/karpenter-karpenter-1-14-0-crds-managed.yaml,yes,todo,todo,todo,todo,todo,missing-confighub-proof,n/a,0,0,no-route-required,The current catalog record has no source hook or separate lifecycle step for this base.,,7,7,0,not-recorded,not-reviewed,,,attached,7 target prerequisites declared by this base.,,none-in-catalog-base,review-required,oci://public.ecr.aws/karpenter
karpenter-karpenter-1-14-0-default,karpenter/karpenter,1.14.0,default,F2a,recipes/karpenter/karpenter/1.14.0,recipes/karpenter/karpenter/1.14.0/variants/default/variant.yaml,recipes/karpenter/karpenter/1.14.0/effective-values.yaml,kube-system,karpenter,recipes/karpenter/karpenter/1.14.0/revisions/default/r001/rendered/release-objects.yaml,packages/karpenter/karpenter/1.14.0/bases/default,oci://europe-west1-docker.pkg.dev/nth-fort-499605-q5/helm-expt/karpenter-karpenter:1.14.0@sha256:9df71774cdd0dec1b03d8f417d28176833a14f1bb3d094e01502f46101e777cc,data/helm-render-intents/intents/karpenter-karpenter-1-14-0-default.yaml,yes,todo,todo,todo,todo,todo,missing-confighub-proof,n/a,0,0,no-route-required,The current catalog record has no source hook or separate lifecycle step for this base.,,2,2,0,not-recorded,not-reviewed,,,attached,2 target prerequisites declared by this base.,,none-in-catalog-base,review-required,oci://public.ecr.aws/karpenter
karpenter-karpenter-1-14-0-eks-inference,karpenter/karpenter,1.14.0,eks-inference,F2b,recipes/karpenter/karpenter/1.14.0,recipes/karpenter/karpenter/1.14.0/variants/eks-inference/variant.yaml,recipes/karpenter/karpenter/1.14.0/effective-values-eks-inference.yaml,kube-system,karpenter,recipes/karpenter/karpenter/1.14.0/revisions/eks-inference/r001/rendered/release-objects.yaml,packages/karpenter/karpenter/1.14.0/bases/eks-inference,oci://europe-west1-docker.pkg.dev/nth-fort-499605-q5/helm-expt/karpenter-karpenter:1.14.0@sha256:9df71774cdd0dec1b03d8f417d28176833a14f1bb3d094e01502f46101e777cc,data/helm-render-intents/intents/karpenter-karpenter-1-14-0-eks-inference.yaml,yes,todo,todo,todo,todo,todo,missing-confighub-proof,n/a,0,0,no-route-required,The current catalog record has no source hook or separate lifecycle step for this base.,,2,2,0,not-recorded,not-reviewed,,,attached,2 target prerequisites declared by this base.,,none-in-catalog-base,review-required,oci://public.ecr.aws/karpenter
kedacore-keda-2-19-0-default,kedacore/keda,2.19.0,default,F2a,recipes/kedacore/keda/2.19.0,recipes/kedacore/keda/2.19.0/variants/default/variant.yaml,recipes/kedacore/keda/2.19.0/effective-values.yaml,default,keda,recipes/kedacore/keda/2.19.0/revisions/default/r001/rendered/release-objects.yaml,packages/kedacore/keda/2.19.0/bases/default,oci://europe-west1-docker.pkg.dev/nth-fort-499605-q5/helm-expt/kedacore-keda:2.19.0@sha256:69335ae19106baebe131e86d2e409df6965f8f855927396d5079622d01ab7ba9,data/helm-render-intents/intents/kedacore-keda-2-19-0-default.yaml,yes,yes,yes,yes,yes,yes,proven,n/a,0,0,no-route-required,The current catalog record has no source hook or separate lifecycle step for this base.,,0,0,0,not-recorded,not-reviewed,,,actionable-gap,"This base has not recorded whether it needs a Secret, CRD, namespace, value, storage service, external API, or target topology.","Review the base and record its target prerequisites. When none are required, add an explicit no-prerequisite decision with its checked scope and evidence.",none-in-catalog-base,review-required,https://kedacore.github.io/charts
kedacore-keda-2-19-0-no-crds,kedacore/keda,2.19.0,no-crds,F2b,recipes/kedacore/keda/2.19.0,recipes/kedacore/keda/2.19.0/variants/no-crds/variant.yaml,recipes/kedacore/keda/2.19.0/effective-values-no-crds.yaml,default,keda,recipes/kedacore/keda/2.19.0/revisions/no-crds/r001/rendered/release-objects.yaml,packages/kedacore/keda/2.19.0/bases/no-crds,oci://europe-west1-docker.pkg.dev/nth-fort-499605-q5/helm-expt/kedacore-keda:2.19.0@sha256:69335ae19106baebe131e86d2e409df6965f8f855927396d5079622d01ab7ba9,data/helm-render-intents/intents/kedacore-keda-2-19-0-no-crds.yaml,yes,yes,yes,yes,yes,yes,proven,yes,1,1,attached,1 lifecycle route attached for this exact chart version and base.,,6,6,0,not-recorded,not-reviewed,,,attached,6 target prerequisites declared by this base.,,none-in-catalog-base,review-required,https://kedacore.github.io/charts
kyverno-kyverno-3-8-1-default,kyverno/kyverno,3.8.1,default,F2a,recipes/kyverno/kyverno/3.8.1,recipes/kyverno/kyverno/3.8.1/variants/default/variant.yaml,recipes/kyverno/kyverno/3.8.1/effective-values.yaml,default,kyverno,recipes/kyverno/kyverno/3.8.1/revisions/default/r001/rendered/release-objects.yaml,packages/kyverno/kyverno/3.8.1/bases/default,oci://europe-west1-docker.pkg.dev/nth-fort-499605-q5/helm-expt/kyverno-kyverno:3.8.1@sha256:3c7560e8038b74ed7f5dd6257a11656f3e94ea4dee92768b726e50580ef3cea3,data/helm-render-intents/intents/kyverno-kyverno-3-8-1-default.yaml,yes,yes,yes,yes,yes,yes,proven,yes,5,5,attached,5 lifecycle routes attached for this exact chart version and base.,,0,0,0,not-recorded,not-reviewed,,,actionable-gap,"This base has not recorded whether it needs a Secret, CRD, namespace, value, storage service, external API, or target topology.","Review the base and record its target prerequisites. When none are required, add an explicit no-prerequisite decision with its checked scope and evidence.",none-in-catalog-base,review-required,https://kyverno.github.io/kyverno/
kyverno-kyverno-3-8-1-no-crds,kyverno/kyverno,3.8.1,no-crds,F2b,recipes/kyverno/kyverno/3.8.1,recipes/kyverno/kyverno/3.8.1/variants/no-crds/variant.yaml,recipes/kyverno/kyverno/3.8.1/effective-values-no-crds.yaml,default,kyverno,recipes/kyverno/kyverno/3.8.1/revisions/no-crds/r001/rendered/release-objects.yaml,packages/kyverno/kyverno/3.8.1/bases/no-crds,oci://europe-west1-docker.pkg.dev/nth-fort-499605-q5/helm-expt/kyverno-kyverno:3.8.1@sha256:3c7560e8038b74ed7f5dd6257a11656f3e94ea4dee92768b726e50580ef3cea3,data/helm-render-intents/intents/kyverno-kyverno-3-8-1-no-crds.yaml,yes,yes,yes,yes,yes,yes,proven,yes,6,6,attached,6 lifecycle routes attached for this exact chart version and base.,,22,22,0,not-recorded,not-reviewed,,,attached,22 target prerequisites declared by this base.,,none-in-catalog-base,review-required,https://kyverno.github.io/kyverno/
kyverno-kyverno-3-8-2-default,kyverno/kyverno,3.8.2,default,F2a,recipes/kyverno/kyverno/3.8.2,recipes/kyverno/kyverno/3.8.2/variants/default/variant.yaml,recipes/kyverno/kyverno/3.8.2/effective-values.yaml,kyverno,kyverno,recipes/kyverno/kyverno/3.8.2/revisions/default/r001/rendered/release-objects.yaml,packages/kyverno/kyverno/3.8.2/bases/default,oci://europe-west1-docker.pkg.dev/nth-fort-499605-q5/helm-expt/kyverno-kyverno:3.8.2@sha256:cfaeb6df459e3b61b8c28ac9a81e63fbc38dcc17fcccb3b7c48f3e8d411266dc,data/helm-render-intents/intents/kyverno-kyverno-3-8-2-default.yaml,yes,todo,todo,todo,todo,todo,missing-confighub-proof,yes,5,5,actionable-gap,"5 lifecycle route mappings are attached, but 5 still use evidence from 3.8.1 instead of 3.8.2.","Run the lifecycle proof for 3.8.2, then update the route source version and receipt.",0,0,0,not-recorded,not-reviewed,,,actionable-gap,"This base has not recorded whether it needs a Secret, CRD, namespace, value, storage service, external API, or target topology.","Review the base and record its target prerequisites. When none are required, add an explicit no-prerequisite decision with its checked scope and evidence.",none-in-catalog-base,review-required,https://kyverno.github.io/kyverno
kyverno-kyverno-policies-3-8-0-default,kyverno/kyverno-policies,3.8.0,default,F2a,recipes/kyverno/kyverno-policies/3.8.0,recipes/kyverno/kyverno-policies/3.8.0/variants/default/variant.yaml,recipes/kyverno/kyverno-policies/3.8.0/effective-values.yaml,default,kyverno-policies,recipes/kyverno/kyverno-policies/3.8.0/revisions/default/r001/rendered/release-objects.yaml,packages/kyverno/kyverno-policies/3.8.0/bases/default,oci://europe-west1-docker.pkg.dev/nth-fort-499605-q5/helm-expt/kyverno-kyverno-policies:3.8.0@sha256:0c781c6839fbfa001648593f415386716ce425483b491593b2338196c93988b4,data/helm-render-intents/intents/kyverno-kyverno-policies-3-8-0-default.yaml,yes,yes,yes,watch,watch,watch,proven,n/a,0,0,no-route-required,The current catalog record has no source hook or separate lifecycle step for this base.,,1,1,0,not-recorded,not-reviewed,,,attached,1 target prerequisite declared by this base.,,none-in-catalog-base,review-required,https://kyverno.github.io/kyverno/
kyverno-kyverno-policies-3-8-2-default,kyverno/kyverno-policies,3.8.2,default,F2a,recipes/kyverno/kyverno-policies/3.8.2,recipes/kyverno/kyverno-policies/3.8.2/variants/default/variant.yaml,recipes/kyverno/kyverno-policies/3.8.2/effective-values.yaml,kyverno,kyverno-policies,recipes/kyverno/kyverno-policies/3.8.2/revisions/default/r001/rendered/release-objects.yaml,packages/kyverno/kyverno-policies/3.8.2/bases/default,oci://europe-west1-docker.pkg.dev/nth-fort-499605-q5/helm-expt/kyverno-kyverno-policies:3.8.2@sha256:4a26a388203645a841908db9bd558183fe169764033f5042d56bd5d598ba49d3,data/helm-render-intents/intents/kyverno-kyverno-policies-3-8-2-default.yaml,yes,todo,todo,todo,todo,todo,missing-confighub-proof,n/a,0,0,no-route-required,The current catalog record has no source hook or separate lifecycle step for this base.,,0,0,0,not-recorded,not-reviewed,,,actionable-gap,"This base has not recorded whether it needs a Secret, CRD, namespace, value, storage service, external API, or target topology.","Review the base and record its target prerequisites. When none are required, add an explicit no-prerequisite decision with its checked scope and evidence.",none-in-catalog-base,review-required,https://kyverno.github.io/kyverno
linkerd-linkerd-crds-1-8-0-default,linkerd/linkerd-crds,1.8.0,default,F2a,recipes/linkerd/linkerd-crds/1.8.0,recipes/linkerd/linkerd-crds/1.8.0/variants/default/variant.yaml,recipes/linkerd/linkerd-crds/1.8.0/effective-values.yaml,default,linkerd-crds,recipes/linkerd/linkerd-crds/1.8.0/revisions/default/r001/rendered/release-objects.yaml,packages/linkerd/linkerd-crds/1.8.0/bases/default,oci://europe-west1-docker.pkg.dev/nth-fort-499605-q5/helm-expt/linkerd-linkerd-crds:1.8.0@sha256:344c86888edbd4ef9b4dba594415ed4210a52fd69cdb33efef2f302d1129989c,data/helm-render-intents/intents/linkerd-linkerd-crds-1-8-0-default.yaml,yes,yes,yes,watch,watch,yes,proven,n/a,0,0,no-route-required,The current catalog record has no source hook or separate lifecycle step for this base.,,0,0,0,not-recorded,not-reviewed,,,actionable-gap,"This base has not recorded whether it needs a Secret, CRD, namespace, value, storage service, external API, or target topology.","Review the base and record its target prerequisites. When none are required, add an explicit no-prerequisite decision with its checked scope and evidence.",none-in-catalog-base,review-required,https://helm.linkerd.io/stable
longhorn-longhorn-1-11-2-default,longhorn/longhorn,1.11.2,default,F2a,recipes/longhorn/longhorn/1.11.2,recipes/longhorn/longhorn/1.11.2/variants/default/variant.yaml,recipes/longhorn/longhorn/1.11.2/effective-values.yaml,longhorn-system,longhorn,recipes/longhorn/longhorn/1.11.2/revisions/default/r001/rendered/release-objects.yaml,packages/longhorn/longhorn/1.11.2/bases/default,oci://europe-west1-docker.pkg.dev/nth-fort-499605-q5/helm-expt/longhorn-longhorn:1.11.2@sha256:0617a692620540d997f515cba0ffc86c9cccd3b2b254d0a56698667cfc957b7f,data/helm-render-intents/intents/longhorn-longhorn-1-11-2-default.yaml,yes,yes,yes,yes,yes,yes,proven,n/a,0,0,no-route-required,The current catalog record has no source hook or separate lifecycle step for this base.,,0,0,0,reviewed,no-separate-target-prerequisites,"the supported default base for the recorded cub-lk-kind-vanilla test target in namespace longhorn-system, delivered from ConfigHub OCI through Argo CD.",data/production-support-decisions/longhorn-longhorn/support-decision.yaml;data/production-support-decisions/longhorn-longhorn/fresh-target-evidence-2026-06-08.yaml,no-target-facts-required,"The prerequisite review found no separate target prerequisite in this scope: the supported default base for the recorded cub-lk-kind-vanilla test target in namespace longhorn-system, delivered from ConfigHub OCI through Argo CD.",,none-in-catalog-base,review-required,https://charts.longhorn.io
longhorn-longhorn-1-11-2-ui-ingress,longhorn/longhorn,1.11.2,ui-ingress,F2b,recipes/longhorn/longhorn/1.11.2,recipes/longhorn/longhorn/1.11.2/variants/ui-ingress/variant.yaml,recipes/longhorn/longhorn/1.11.2/effective-values-ui-ingress.yaml,longhorn-system,longhorn,recipes/longhorn/longhorn/1.11.2/revisions/ui-ingress/r001/rendered/release-objects.yaml,packages/longhorn/longhorn/1.11.2/bases/ui-ingress,oci://europe-west1-docker.pkg.dev/nth-fort-499605-q5/helm-expt/longhorn-longhorn:1.11.2@sha256:0617a692620540d997f515cba0ffc86c9cccd3b2b254d0a56698667cfc957b7f,data/helm-render-intents/intents/longhorn-longhorn-1-11-2-ui-ingress.yaml,yes,yes,yes,yes,yes,yes,proven,n/a,0,0,no-route-required,The current catalog record has no source hook or separate lifecycle step for this base.,,0,0,0,not-recorded,not-reviewed,,,actionable-gap,"This base has not recorded whether it needs a Secret, CRD, namespace, value, storage service, external API, or target topology.","Review the base and record its target prerequisites. When none are required, add an explicit no-prerequisite decision with its checked scope and evidence.",none-in-catalog-base,review-required,https://charts.longhorn.io
longhorn-longhorn-1-12-0-default,longhorn/longhorn,1.12.0,default,F2a,recipes/longhorn/longhorn/1.12.0,recipes/longhorn/longhorn/1.12.0/variants/default/variant.yaml,recipes/longhorn/longhorn/1.12.0/effective-values.yaml,longhorn-system,longhorn,recipes/longhorn/longhorn/1.12.0/revisions/default/r001/rendered/release-objects.yaml,packages/longhorn/longhorn/1.12.0/bases/default,oci://europe-west1-docker.pkg.dev/nth-fort-499605-q5/helm-expt/longhorn-longhorn:1.12.0@sha256:f0ca4ef7a625739a763933ede5edd882e26c9ff6ebb0dd0ef6e500adfd4ed717,data/helm-render-intents/intents/longhorn-longhorn-1-12-0-default.yaml,yes,todo,todo,todo,todo,todo,missing-confighub-proof,n/a,0,0,no-route-required,The current catalog record has no source hook or separate lifecycle step for this base.,,0,0,0,not-recorded,not-reviewed,,,actionable-gap,"This base has not recorded whether it needs a Secret, CRD, namespace, value, storage service, external API, or target topology.","Review the base and record its target prerequisites. When none are required, add an explicit no-prerequisite decision with its checked scope and evidence.",none-in-catalog-base,review-required,https://charts.longhorn.io
metallb-metallb-0-16-1-default,metallb/metallb,0.16.1,default,F2a,recipes/metallb/metallb/0.16.1,recipes/metallb/metallb/0.16.1/variants/default/variant.yaml,recipes/metallb/metallb/0.16.1/effective-values.yaml,metallb-system,metallb,recipes/metallb/metallb/0.16.1/revisions/default/r001/rendered/release-objects.yaml,packages/metallb/metallb/0.16.1/bases/default,oci://europe-west1-docker.pkg.dev/nth-fort-499605-q5/helm-expt/metallb-metallb:0.16.1@sha256:79b8a8a87f82e56caed0a630e46b84caf688cf50f5b18b7a7a930c7c31ba4bee,data/helm-render-intents/intents/metallb-metallb-0-16-1-default.yaml,yes,todo,todo,todo,todo,todo,missing-confighub-proof,n/a,0,0,no-route-required,The current catalog record has no source hook or separate lifecycle step for this base.,,0,0,0,not-recorded,not-reviewed,,,actionable-gap,"This base has not recorded whether it needs a Secret, CRD, namespace, value, storage service, external API, or target topology.","Review the base and record its target prerequisites. When none are required, add an explicit no-prerequisite decision with its checked scope and evidence.",none-in-catalog-base,review-required,https://metallb.github.io/metallb
metrics-server-metrics-server-3-13-0-default,metrics-server/metrics-server,3.13.0,default,F2a,recipes/metrics-server/metrics-server/3.13.0,recipes/metrics-server/metrics-server/3.13.0/variants/default/variant.yaml,recipes/metrics-server/metrics-server/3.13.0/effective-values.yaml,kube-system,metrics-server,recipes/metrics-server/metrics-server/3.13.0/revisions/default/r001/rendered/release-objects.yaml,packages/metrics-server/metrics-server/3.13.0/bases/default,oci://europe-west1-docker.pkg.dev/nth-fort-499605-q5/helm-expt/metrics-server-metrics-server:3.13.0@sha256:682e4610d70e6ad31dfc87c1a04ec2172cd2e5446ae3ff1e2ecaa8c6c2356127,data/helm-render-intents/intents/metrics-server-metrics-server-3-13-0-default.yaml,yes,yes,yes,yes,yes,yes,proven,n/a,0,0,no-route-required,The current catalog record has no source hook or separate lifecycle step for this base.,,0,0,0,reviewed,no-separate-target-prerequisites,"the supported default base for the recorded cub-lk-kind-vanilla test target in namespace kube-system, delivered from ConfigHub OCI through Argo CD.",data/production-support-decisions/metrics-server-metrics-server/support-decision.yaml;data/production-support-decisions/metrics-server-metrics-server/fresh-target-evidence-2026-06-05.yaml,no-target-facts-required,"The prerequisite review found no separate target prerequisite in this scope: the supported default base for the recorded cub-lk-kind-vanilla test target in namespace kube-system, delivered from ConfigHub OCI through Argo CD.",,none-in-catalog-base,review-required,https://kubernetes-sigs.github.io/metrics-server/
metrics-server-metrics-server-3-13-0-external-tls-ca,metrics-server/metrics-server,3.13.0,external-tls-ca,F2b,recipes/metrics-server/metrics-server/3.13.0,recipes/metrics-server/metrics-server/3.13.0/variants/external-tls-ca/variant.yaml,recipes/metrics-server/metrics-server/3.13.0/effective-values-external-tls-ca.yaml,kube-system,metrics-server,recipes/metrics-server/metrics-server/3.13.0/revisions/external-tls-ca/r001/rendered/release-objects.yaml,packages/metrics-server/metrics-server/3.13.0/bases/external-tls-ca,oci://europe-west1-docker.pkg.dev/nth-fort-499605-q5/helm-expt/metrics-server-metrics-server:3.13.0@sha256:682e4610d70e6ad31dfc87c1a04ec2172cd2e5446ae3ff1e2ecaa8c6c2356127,data/helm-render-intents/intents/metrics-server-metrics-server-3-13-0-external-tls-ca.yaml,yes,yes,yes,yes,yes,yes,proven,n/a,0,0,no-route-required,The current catalog record has no source hook or separate lifecycle step for this base.,,2,2,0,not-recorded,not-reviewed,,,attached,2 target prerequisites declared by this base.,,none-in-catalog-base,review-required,https://kubernetes-sigs.github.io/metrics-server/
metrics-server-metrics-server-3-13-1-default,metrics-server/metrics-server,3.13.1,default,F2a,recipes/metrics-server/metrics-server/3.13.1,recipes/metrics-server/metrics-server/3.13.1/variants/default/variant.yaml,recipes/metrics-server/metrics-server/3.13.1/effective-values.yaml,kube-system,metrics-server,recipes/metrics-server/metrics-server/3.13.1/revisions/default/r001/rendered/release-objects.yaml,packages/metrics-server/metrics-server/3.13.1/bases/default,oci://europe-west1-docker.pkg.dev/nth-fort-499605-q5/helm-expt/metrics-server-metrics-server:3.13.1@sha256:ae2c7fad50add92edd4864cfe08ec92c46eb041d9e8f7014a4504a77297b409f,data/helm-render-intents/intents/metrics-server-metrics-server-3-13-1-default.yaml,yes,todo,todo,yes,todo,todo,missing-confighub-proof,n/a,0,0,no-route-required,The current catalog record has no source hook or separate lifecycle step for this base.,,0,0,0,not-recorded,not-reviewed,,,actionable-gap,"This base has not recorded whether it needs a Secret, CRD, namespace, value, storage service, external API, or target topology.","Review the base and record its target prerequisites. When none are required, add an explicit no-prerequisite decision with its checked scope and evidence.",none-in-catalog-base,review-required,https://kubernetes-sigs.github.io/metrics-server/
metrics-server-metrics-server-3-13-1-external-tls-ca,metrics-server/metrics-server,3.13.1,external-tls-ca,F2b,recipes/metrics-server/metrics-server/3.13.1,recipes/metrics-server/metrics-server/3.13.1/variants/external-tls-ca/variant.yaml,recipes/metrics-server/metrics-server/3.13.1/effective-values-external-tls-ca.yaml,kube-system,metrics-server,recipes/metrics-server/metrics-server/3.13.1/revisions/external-tls-ca/r001/rendered/release-objects.yaml,packages/metrics-server/metrics-server/3.13.1/bases/external-tls-ca,oci://europe-west1-docker.pkg.dev/nth-fort-499605-q5/helm-expt/metrics-server-metrics-server:3.13.1@sha256:ae2c7fad50add92edd4864cfe08ec92c46eb041d9e8f7014a4504a77297b409f,data/helm-render-intents/intents/metrics-server-metrics-server-3-13-1-external-tls-ca.yaml,yes,todo,todo,todo,todo,todo,missing-confighub-proof,n/a,0,0,no-route-required,The current catalog record has no source hook or separate lifecycle step for this base.,,2,2,0,not-recorded,not-reviewed,,,attached,2 target prerequisites declared by this base.,,none-in-catalog-base,review-required,https://kubernetes-sigs.github.io/metrics-server/
minio-operator-operator-7-1-1-default,minio-operator/operator,7.1.1,default,F2a,recipes/minio-operator/operator/7.1.1,recipes/minio-operator/operator/7.1.1/variants/default/variant.yaml,recipes/minio-operator/operator/7.1.1/effective-values.yaml,default,operator,recipes/minio-operator/operator/7.1.1/revisions/default/r001/rendered/release-objects.yaml,packages/minio-operator/operator/7.1.1/bases/default,oci://europe-west1-docker.pkg.dev/nth-fort-499605-q5/helm-expt/minio-operator-operator:7.1.1@sha256:0847bb9ea8043ac6ba896416514decef6a007d9f5fbd7ecbe99bc1594377823a,data/helm-render-intents/intents/minio-operator-operator-7-1-1-default.yaml,yes,yes,yes,yes,yes,yes,proven,n/a,0,0,no-route-required,The current catalog record has no source hook or separate lifecycle step for this base.,,0,0,0,not-recorded,not-reviewed,,,actionable-gap,"This base has not recorded whether it needs a Secret, CRD, namespace, value, storage service, external API, or target topology.","Review the base and record its target prerequisites. When none are required, add an explicit no-prerequisite decision with its checked scope and evidence.",none-in-catalog-base,review-required,https://operator.min.io
minio-operator-tenant-7-1-1-default,minio-operator/tenant,7.1.1,default,F2a,recipes/minio-operator/tenant/7.1.1,recipes/minio-operator/tenant/7.1.1/variants/default/variant.yaml,recipes/minio-operator/tenant/7.1.1/effective-values.yaml,default,tenant,recipes/minio-operator/tenant/7.1.1/revisions/default/r001/rendered/release-objects.yaml,packages/minio-operator/tenant/7.1.1/bases/default,oci://europe-west1-docker.pkg.dev/nth-fort-499605-q5/helm-expt/minio-operator-tenant:7.1.1@sha256:361029cb96cff90bd11dbda2f31e357a3df9287f2f7eb6f461322b36e8e7da7a,data/helm-render-intents/intents/minio-operator-tenant-7-1-1-default.yaml,yes,yes,yes,watch,watch,yes,proven,n/a,0,0,no-route-required,The current catalog record has no source hook or separate lifecycle step for this base.,,1,1,0,not-recorded,not-reviewed,,,attached,1 target prerequisite declared by this base.,,none-in-catalog-base,review-required,https://operator.min.io
nats-nack-0-34-0-default,nats/nack,0.34.0,default,F2a,recipes/nats/nack/0.34.0,recipes/nats/nack/0.34.0/variants/default/variant.yaml,recipes/nats/nack/0.34.0/effective-values.yaml,default,nack,recipes/nats/nack/0.34.0/revisions/default/r001/rendered/release-objects.yaml,packages/nats/nack/0.34.0/bases/default,oci://europe-west1-docker.pkg.dev/nth-fort-499605-q5/helm-expt/nats-nack:0.34.0@sha256:0deaa253cfd253e37f1611bceb58425c20ec02f374ea285736b3d31be394028a,data/helm-render-intents/intents/nats-nack-0-34-0-default.yaml,yes,yes,yes,yes,yes,no,proven,n/a,0,0,no-route-required,The current catalog record has no source hook or separate lifecycle step for this base.,,0,0,0,not-recorded,not-reviewed,,,actionable-gap,"This base has not recorded whether it needs a Secret, CRD, namespace, value, storage service, external API, or target topology.","Review the base and record its target prerequisites. When none are required, add an explicit no-prerequisite decision with its checked scope and evidence.",none-in-catalog-base,review-required,https://nats-io.github.io/k8s/helm/charts/
nats-nack-0-34-0-no-crds,nats/nack,0.34.0,no-crds,F2b,recipes/nats/nack/0.34.0,recipes/nats/nack/0.34.0/variants/no-crds/variant.yaml,recipes/nats/nack/0.34.0/effective-values-no-crds.yaml,default,nack,recipes/nats/nack/0.34.0/revisions/no-crds/r001/rendered/release-objects.yaml,packages/nats/nack/0.34.0/bases/no-crds,oci://europe-west1-docker.pkg.dev/nth-fort-499605-q5/helm-expt/nats-nack:0.34.0@sha256:0deaa253cfd253e37f1611bceb58425c20ec02f374ea285736b3d31be394028a,data/helm-render-intents/intents/nats-nack-0-34-0-no-crds.yaml,yes,yes,yes,yes,yes,yes,proven,n/a,0,0,no-route-required,The current catalog record has no source hook or separate lifecycle step for this base.,,0,0,0,not-recorded,not-reviewed,,,actionable-gap,"This base has not recorded whether it needs a Secret, CRD, namespace, value, storage service, external API, or target topology.","Review the base and record its target prerequisites. When none are required, add an explicit no-prerequisite decision with its checked scope and evidence.",none-in-catalog-base,review-required,https://nats-io.github.io/k8s/helm/charts/
nats-nats-2-14-0-default,nats/nats,2.14.0,default,F2a,recipes/nats/nats/2.14.0,recipes/nats/nats/2.14.0/variants/default/variant.yaml,recipes/nats/nats/2.14.0/effective-values.yaml,default,nats,recipes/nats/nats/2.14.0/revisions/default/r001/rendered/release-objects.yaml,packages/nats/nats/2.14.0/bases/default,oci://europe-west1-docker.pkg.dev/nth-fort-499605-q5/helm-expt/nats-nats:2.14.0@sha256:bf8546bb6289a3c325e6396b2da6c03f6cac3961652aefbed116063d588e745b,data/helm-render-intents/intents/nats-nats-2-14-0-default.yaml,yes,yes,yes,yes,yes,yes,proven,n/a,0,0,no-route-required,The current catalog record has no source hook or separate lifecycle step for this base.,,0,0,0,not-recorded,not-reviewed,,,actionable-gap,"This base has not recorded whether it needs a Secret, CRD, namespace, value, storage service, external API, or target topology.","Review the base and record its target prerequisites. When none are required, add an explicit no-prerequisite decision with its checked scope and evidence.",none-in-catalog-base,review-required,https://nats-io.github.io/k8s/helm/charts/
nats-nats-2-14-0-ha,nats/nats,2.14.0,ha,F2b,recipes/nats/nats/2.14.0,recipes/nats/nats/2.14.0/variants/ha/variant.yaml,recipes/nats/nats/2.14.0/effective-values-ha.yaml,default,nats,recipes/nats/nats/2.14.0/revisions/ha/r001/rendered/release-objects.yaml,packages/nats/nats/2.14.0/bases/ha,oci://europe-west1-docker.pkg.dev/nth-fort-499605-q5/helm-expt/nats-nats:2.14.0@sha256:bf8546bb6289a3c325e6396b2da6c03f6cac3961652aefbed116063d588e745b,data/helm-render-intents/intents/nats-nats-2-14-0-ha.yaml,yes,yes,yes,yes,yes,no,proven,n/a,0,0,no-route-required,The current catalog record has no source hook or separate lifecycle step for this base.,,0,0,0,not-recorded,not-reviewed,,,actionable-gap,"This base has not recorded whether it needs a Secret, CRD, namespace, value, storage service, external API, or target topology.","Review the base and record its target prerequisites. When none are required, add an explicit no-prerequisite decision with its checked scope and evidence.",none-in-catalog-base,review-required,https://nats-io.github.io/k8s/helm/charts/
nats-surveyor-0-20-9-default,nats/surveyor,0.20.9,default,F2a,recipes/nats/surveyor/0.20.9,recipes/nats/surveyor/0.20.9/variants/default/variant.yaml,recipes/nats/surveyor/0.20.9/effective-values.yaml,default,surveyor,recipes/nats/surveyor/0.20.9/revisions/default/r001/rendered/release-objects.yaml,packages/nats/surveyor/0.20.9/bases/default,oci://europe-west1-docker.pkg.dev/nth-fort-499605-q5/helm-expt/nats-surveyor:0.20.9@sha256:7d989d267c54979f5cfdc133ac9f83ea6fd520a649aa584651c60c46bc29ca4d,data/helm-render-intents/intents/nats-surveyor-0-20-9-default.yaml,yes,yes,no,watch,watch,no,proven,n/a,0,0,no-route-required,The current catalog record has no source hook or separate lifecycle step for this base.,,0,0,2,not-recorded,not-reviewed,,,actionable-gap,"2 observed prerequisite action records exist, but the base does not declare the prerequisite.","Add the observed prerequisite to spec.targetFacts in the base variant, then rerun its proof.",none-in-catalog-base,review-required,https://nats-io.github.io/k8s/helm/charts/
nats-surveyor-0-20-9-default-reviewed,nats/surveyor,0.20.9,default-reviewed,F2b,recipes/nats/surveyor/0.20.9,recipes/nats/surveyor/0.20.9/variants/default-reviewed/variant.yaml,recipes/nats/surveyor/0.20.9/effective-values.yaml,default,surveyor,recipes/nats/surveyor/0.20.9/revisions/default-reviewed/r001/rendered/release-objects.yaml,packages/nats/surveyor/0.20.9/bases/default-reviewed,oci://europe-west1-docker.pkg.dev/nth-fort-499605-q5/helm-expt/nats-surveyor:0.20.9@sha256:7d989d267c54979f5cfdc133ac9f83ea6fd520a649aa584651c60c46bc29ca4d,data/helm-render-intents/intents/nats-surveyor-0-20-9-default-reviewed.yaml,yes,yes,no,watch,watch,no,proven,n/a,0,0,no-route-required,The current catalog record has no source hook or separate lifecycle step for this base.,,0,0,2,not-recorded,not-reviewed,,,actionable-gap,"2 observed prerequisite action records exist, but the base does not declare the prerequisite.","Add the observed prerequisite to spec.targetFacts in the base variant, then rerun its proof.",none-in-catalog-base,review-required,https://nats-io.github.io/k8s/helm/charts/
nfs-subdir-external-provisioner-nfs-subdir-external-provisioner-4-0-18-default,nfs-subdir-external-provisioner/nfs-subdir-external-provisioner,4.0.18,default,F2a,recipes/nfs-subdir-external-provisioner/nfs-subdir-external-provisioner/4.0.18,recipes/nfs-subdir-external-provisioner/nfs-subdir-external-provisioner/4.0.18/variants/default/variant.yaml,recipes/nfs-subdir-external-provisioner/nfs-subdir-external-provisioner/4.0.18/effective-values.yaml,default,nfs-subdir-external-provisioner,recipes/nfs-subdir-external-provisioner/nfs-subdir-external-provisioner/4.0.18/revisions/default/r001/rendered/release-objects.yaml,packages/nfs-subdir-external-provisioner/nfs-subdir-external-provisioner/4.0.18/bases/default,oci://europe-west1-docker.pkg.dev/nth-fort-499605-q5/helm-expt/nfs-subdir-external-provisioner-nfs-subdir-external-provisioner:4.0.18@sha256:83561964324fb9e4bc9befa65c3d130df1cd17fd8211390203e461ee3852aa9a,data/helm-render-intents/intents/nfs-subdir-external-provisioner-nfs-subdir-external-provisioner-4-0-18-default.yaml,yes,yes,no,no,no,no,proven,n/a,0,0,no-route-required,The current catalog record has no source hook or separate lifecycle step for this base.,,0,0,1,not-recorded,not-reviewed,,,actionable-gap,"1 observed prerequisite action record exists, but the base does not declare the prerequisite.","Add the observed prerequisite to spec.targetFacts in the base variant, then rerun its proof.",none-in-catalog-base,review-required,https://kubernetes-sigs.github.io/nfs-subdir-external-provisioner/
nvidia-nvidia-device-plugin-0-19-3-default,nvidia/nvidia-device-plugin,0.19.3,default,F2a,recipes/nvidia/nvidia-device-plugin/0.19.3,recipes/nvidia/nvidia-device-plugin/0.19.3/variants/default/variant.yaml,recipes/nvidia/nvidia-device-plugin/0.19.3/effective-values.yaml,gpu-operator,nvidia-device-plugin,recipes/nvidia/nvidia-device-plugin/0.19.3/revisions/default/r001/rendered/release-objects.yaml,packages/nvidia/nvidia-device-plugin/0.19.3/bases/default,oci://europe-west1-docker.pkg.dev/nth-fort-499605-q5/helm-expt/nvidia-nvidia-device-plugin:0.19.3@sha256:9a4be497da7d3a34faff8bded3a878fb09528138fd3ee94539c97222b7610e07,data/helm-render-intents/intents/nvidia-nvidia-device-plugin-0-19-3-default.yaml,yes,todo,todo,todo,todo,todo,missing-confighub-proof,n/a,0,0,no-route-required,The current catalog record has no source hook or separate lifecycle step for this base.,,0,0,0,not-recorded,not-reviewed,,,actionable-gap,"This base has not recorded whether it needs a Secret, CRD, namespace, value, storage service, external API, or target topology.","Review the base and record its target prerequisites. When none are required, add an explicit no-prerequisite decision with its checked scope and evidence.",none-in-catalog-base,review-required,https://nvidia.github.io/k8s-device-plugin
nvidia-nvidia-device-plugin-0-19-3-eks-inference,nvidia/nvidia-device-plugin,0.19.3,eks-inference,F2b,recipes/nvidia/nvidia-device-plugin/0.19.3,recipes/nvidia/nvidia-device-plugin/0.19.3/variants/eks-inference/variant.yaml,recipes/nvidia/nvidia-device-plugin/0.19.3/effective-values-eks-inference.yaml,gpu-operator,nvidia-device-plugin,recipes/nvidia/nvidia-device-plugin/0.19.3/revisions/eks-inference/r001/rendered/release-objects.yaml,packages/nvidia/nvidia-device-plugin/0.19.3/bases/eks-inference,oci://europe-west1-docker.pkg.dev/nth-fort-499605-q5/helm-expt/nvidia-nvidia-device-plugin:0.19.3@sha256:9a4be497da7d3a34faff8bded3a878fb09528138fd3ee94539c97222b7610e07,data/helm-render-intents/intents/nvidia-nvidia-device-plugin-0-19-3-eks-inference.yaml,yes,todo,todo,todo,todo,todo,missing-confighub-proof,n/a,0,0,no-route-required,The current catalog record has no source hook or separate lifecycle step for this base.,,0,0,0,not-recorded,not-reviewed,,,actionable-gap,"This base has not recorded whether it needs a Secret, CRD, namespace, value, storage service, external API, or target topology.","Review the base and record its target prerequisites. When none are required, add an explicit no-prerequisite decision with its checked scope and evidence.",none-in-catalog-base,review-required,https://nvidia.github.io/k8s-device-plugin
nvidia-nvidia-device-plugin-0-19-3-nfd-enabled,nvidia/nvidia-device-plugin,0.19.3,nfd-enabled,F2b,recipes/nvidia/nvidia-device-plugin/0.19.3,recipes/nvidia/nvidia-device-plugin/0.19.3/variants/nfd-enabled/variant.yaml,recipes/nvidia/nvidia-device-plugin/0.19.3/effective-values-nfd-enabled.yaml,gpu-operator,nvidia-device-plugin,recipes/nvidia/nvidia-device-plugin/0.19.3/revisions/nfd-enabled/r001/rendered/release-objects.yaml,packages/nvidia/nvidia-device-plugin/0.19.3/bases/nfd-enabled,oci://europe-west1-docker.pkg.dev/nth-fort-499605-q5/helm-expt/nvidia-nvidia-device-plugin:0.19.3@sha256:9a4be497da7d3a34faff8bded3a878fb09528138fd3ee94539c97222b7610e07,data/helm-render-intents/intents/nvidia-nvidia-device-plugin-0-19-3-nfd-enabled.yaml,yes,todo,todo,todo,todo,todo,missing-confighub-proof,n/a,0,0,no-route-required,The current catalog record has no source hook or separate lifecycle step for this base.,,0,0,0,not-recorded,not-reviewed,,,actionable-gap,"This base has not recorded whether it needs a Secret, CRD, namespace, value, storage service, external API, or target topology.","Review the base and record its target prerequisites. When none are required, add an explicit no-prerequisite decision with its checked scope and evidence.",none-in-catalog-base,review-required,https://nvidia.github.io/k8s-device-plugin
oauth2-proxy-oauth2-proxy-10-7-0-default,oauth2-proxy/oauth2-proxy,10.7.0,default,F2a,recipes/oauth2-proxy/oauth2-proxy/10.7.0,recipes/oauth2-proxy/oauth2-proxy/10.7.0/variants/default/variant.yaml,recipes/oauth2-proxy/oauth2-proxy/10.7.0/effective-values.yaml,oauth2-proxy,oauth2-proxy,recipes/oauth2-proxy/oauth2-proxy/10.7.0/revisions/default/r001/rendered/release-objects.yaml,packages/oauth2-proxy/oauth2-proxy/10.7.0/bases/default,oci://europe-west1-docker.pkg.dev/nth-fort-499605-q5/helm-expt/oauth2-proxy-oauth2-proxy:10.7.0@sha256:92ea38dd0996d278b9d403259d5690c567c3fd9c374214544ad6b6159b2b9384,data/helm-render-intents/intents/oauth2-proxy-oauth2-proxy-10-7-0-default.yaml,yes,todo,todo,todo,todo,todo,missing-confighub-proof,n/a,0,0,no-route-required,The current catalog record has no source hook or separate lifecycle step for this base.,,0,0,0,not-recorded,not-reviewed,,,actionable-gap,"This base has not recorded whether it needs a Secret, CRD, namespace, value, storage service, external API, or target topology.","Review the base and record its target prerequisites. When none are required, add an explicit no-prerequisite decision with its checked scope and evidence.",none-in-catalog-base,review-required,https://oauth2-proxy.github.io/manifests
open-telemetry-opentelemetry-operator-0-114-0-default,open-telemetry/opentelemetry-operator,0.114.0,default,F2a,recipes/open-telemetry/opentelemetry-operator/0.114.0,recipes/open-telemetry/opentelemetry-operator/0.114.0/variants/default/variant.yaml,recipes/open-telemetry/opentelemetry-operator/0.114.0/effective-values.yaml,default,opentelemetry-operator,recipes/open-telemetry/opentelemetry-operator/0.114.0/revisions/default/r001/rendered/release-objects.yaml,packages/open-telemetry/opentelemetry-operator/0.114.0/bases/default,oci://europe-west1-docker.pkg.dev/nth-fort-499605-q5/helm-expt/open-telemetry-opentelemetry-operator:0.114.0@sha256:b6e1298c04526648e5e182fffb70d7fefe40d7809dc400699acb3e3f73abaa24,data/helm-render-intents/intents/open-telemetry-opentelemetry-operator-0-114-0-default.yaml,yes,yes,no,watch,watch,yes,proven,n/a,0,0,no-route-required,The current catalog record has no source hook or separate lifecycle step for this base.,,3,3,0,not-recorded,not-reviewed,,,attached,3 target prerequisites declared by this base.,,none-in-catalog-base,review-required,https://open-telemetry.github.io/opentelemetry-helm-charts
open-telemetry-opentelemetry-operator-0-114-0-no-crds,open-telemetry/opentelemetry-operator,0.114.0,no-crds,F2b,recipes/open-telemetry/opentelemetry-operator/0.114.0,recipes/open-telemetry/opentelemetry-operator/0.114.0/variants/no-crds/variant.yaml,recipes/open-telemetry/opentelemetry-operator/0.114.0/effective-values-no-crds.yaml,default,opentelemetry-operator,recipes/open-telemetry/opentelemetry-operator/0.114.0/revisions/no-crds/r001/rendered/release-objects.yaml,packages/open-telemetry/opentelemetry-operator/0.114.0/bases/no-crds,oci://europe-west1-docker.pkg.dev/nth-fort-499605-q5/helm-expt/open-telemetry-opentelemetry-operator:0.114.0@sha256:b6e1298c04526648e5e182fffb70d7fefe40d7809dc400699acb3e3f73abaa24,data/helm-render-intents/intents/open-telemetry-opentelemetry-operator-0-114-0-no-crds.yaml,yes,yes,no,yes,yes,yes,proven,n/a,0,0,no-route-required,The current catalog record has no source hook or separate lifecycle step for this base.,,7,7,0,not-recorded,not-reviewed,,,attached,7 target prerequisites declared by this base.,,none-in-catalog-base,review-required,https://open-telemetry.github.io/opentelemetry-helm-charts
opencost-opencost-2-5-21-default,opencost/opencost,2.5.21,default,F2a,recipes/opencost/opencost/2.5.21,recipes/opencost/opencost/2.5.21/variants/default/variant.yaml,recipes/opencost/opencost/2.5.21/effective-values.yaml,default,opencost,recipes/opencost/opencost/2.5.21/revisions/default/r001/rendered/release-objects.yaml,packages/opencost/opencost/2.5.21/bases/default,oci://europe-west1-docker.pkg.dev/nth-fort-499605-q5/helm-expt/opencost-opencost:2.5.21@sha256:fe20f3373efbf0a04f374fa580de65ffb9401b0f471c41391c887edfb3859b75,data/helm-render-intents/intents/opencost-opencost-2-5-21-default.yaml,yes,yes,no,watch,watch,no,proven,n/a,0,0,no-route-required,The current catalog record has no source hook or separate lifecycle step for this base.,,0,0,2,not-recorded,not-reviewed,,,actionable-gap,"2 observed prerequisite action records exist, but the base does not declare the prerequisite.","Add the observed prerequisite to spec.targetFacts in the base variant, then rerun its proof.",none-in-catalog-base,review-required,https://opencost.github.io/opencost-helm-chart
percona-pg-operator-3-0-0-default,percona/pg-operator,3.0.0,default,F2a,recipes/percona/pg-operator/3.0.0,recipes/percona/pg-operator/3.0.0/variants/default/variant.yaml,recipes/percona/pg-operator/3.0.0/effective-values.yaml,default,pg-operator,recipes/percona/pg-operator/3.0.0/revisions/default/r001/rendered/release-objects.yaml,packages/percona/pg-operator/3.0.0/bases/default,oci://europe-west1-docker.pkg.dev/nth-fort-499605-q5/helm-expt/percona-pg-operator:3.0.0@sha256:c3afc463cdf2fe0d978fd0f2513dab3e03279dafbd1827bcb8013cd692173db1,data/helm-render-intents/intents/percona-pg-operator-3-0-0-default.yaml,yes,yes,yes,yes,yes,yes,proven,n/a,0,0,no-route-required,The current catalog record has no source hook or separate lifecycle step for this base.,,0,0,0,not-recorded,not-reviewed,,,actionable-gap,"This base has not recorded whether it needs a Secret, CRD, namespace, value, storage service, external API, or target topology.","Review the base and record its target prerequisites. When none are required, add an explicit no-prerequisite decision with its checked scope and evidence.",none-in-catalog-base,review-required,https://percona.github.io/percona-helm-charts/
percona-pg-operator-3-0-0-no-crds,percona/pg-operator,3.0.0,no-crds,F2b,recipes/percona/pg-operator/3.0.0,recipes/percona/pg-operator/3.0.0/variants/no-crds/variant.yaml,recipes/percona/pg-operator/3.0.0/effective-values-no-crds.yaml,default,pg-operator,recipes/percona/pg-operator/3.0.0/revisions/no-crds/r001/rendered/release-objects.yaml,packages/percona/pg-operator/3.0.0/bases/no-crds,oci://europe-west1-docker.pkg.dev/nth-fort-499605-q5/helm-expt/percona-pg-operator:3.0.0@sha256:c3afc463cdf2fe0d978fd0f2513dab3e03279dafbd1827bcb8013cd692173db1,data/helm-render-intents/intents/percona-pg-operator-3-0-0-no-crds.yaml,yes,yes,yes,yes,yes,yes,proven,n/a,0,0,no-route-required,The current catalog record has no source hook or separate lifecycle step for this base.,,8,8,0,not-recorded,not-reviewed,,,attached,8 target prerequisites declared by this base.,,none-in-catalog-base,review-required,https://percona.github.io/percona-helm-charts/
percona-psmdb-operator-1-22-0-default,percona/psmdb-operator,1.22.0,default,F2a,recipes/percona/psmdb-operator/1.22.0,recipes/percona/psmdb-operator/1.22.0/variants/default/variant.yaml,recipes/percona/psmdb-operator/1.22.0/effective-values.yaml,default,psmdb-operator,recipes/percona/psmdb-operator/1.22.0/revisions/default/r001/rendered/release-objects.yaml,packages/percona/psmdb-operator/1.22.0/bases/default,oci://europe-west1-docker.pkg.dev/nth-fort-499605-q5/helm-expt/percona-psmdb-operator:1.22.0@sha256:9a90a52074a6eef6c5a25f4bfc52b25a56441d73f5d980482a34709194f7cb30,data/helm-render-intents/intents/percona-psmdb-operator-1-22-0-default.yaml,yes,yes,yes,yes,yes,yes,proven,n/a,0,0,no-route-required,The current catalog record has no source hook or separate lifecycle step for this base.,,0,0,0,not-recorded,not-reviewed,,,actionable-gap,"This base has not recorded whether it needs a Secret, CRD, namespace, value, storage service, external API, or target topology.","Review the base and record its target prerequisites. When none are required, add an explicit no-prerequisite decision with its checked scope and evidence.",none-in-catalog-base,review-required,https://percona.github.io/percona-helm-charts/
percona-psmdb-operator-1-22-0-no-crds,percona/psmdb-operator,1.22.0,no-crds,F2b,recipes/percona/psmdb-operator/1.22.0,recipes/percona/psmdb-operator/1.22.0/variants/no-crds/variant.yaml,recipes/percona/psmdb-operator/1.22.0/effective-values-no-crds.yaml,default,psmdb-operator,recipes/percona/psmdb-operator/1.22.0/revisions/no-crds/r001/rendered/release-objects.yaml,packages/percona/psmdb-operator/1.22.0/bases/no-crds,oci://europe-west1-docker.pkg.dev/nth-fort-499605-q5/helm-expt/percona-psmdb-operator:1.22.0@sha256:9a90a52074a6eef6c5a25f4bfc52b25a56441d73f5d980482a34709194f7cb30,data/helm-render-intents/intents/percona-psmdb-operator-1-22-0-no-crds.yaml,yes,yes,yes,yes,yes,yes,proven,n/a,0,0,no-route-required,The current catalog record has no source hook or separate lifecycle step for this base.,,0,0,0,not-recorded,not-reviewed,,,actionable-gap,"This base has not recorded whether it needs a Secret, CRD, namespace, value, storage service, external API, or target topology.","Review the base and record its target prerequisites. When none are required, add an explicit no-prerequisite decision with its checked scope and evidence.",none-in-catalog-base,review-required,https://percona.github.io/percona-helm-charts/
percona-pxc-operator-1-19-1-default,percona/pxc-operator,1.19.1,default,F2a,recipes/percona/pxc-operator/1.19.1,recipes/percona/pxc-operator/1.19.1/variants/default/variant.yaml,recipes/percona/pxc-operator/1.19.1/effective-values.yaml,default,pxc-operator,recipes/percona/pxc-operator/1.19.1/revisions/default/r001/rendered/release-objects.yaml,packages/percona/pxc-operator/1.19.1/bases/default,oci://europe-west1-docker.pkg.dev/nth-fort-499605-q5/helm-expt/percona-pxc-operator:1.19.1@sha256:bb1357840683c3f15451aa40c5af978395ed31cf45aa18ac71c1f44c3e4a7597,data/helm-render-intents/intents/percona-pxc-operator-1-19-1-default.yaml,yes,yes,yes,yes,yes,yes,proven,n/a,0,0,no-route-required,The current catalog record has no source hook or separate lifecycle step for this base.,,0,0,0,not-recorded,not-reviewed,,,actionable-gap,"This base has not recorded whether it needs a Secret, CRD, namespace, value, storage service, external API, or target topology.","Review the base and record its target prerequisites. When none are required, add an explicit no-prerequisite decision with its checked scope and evidence.",none-in-catalog-base,review-required,https://percona.github.io/percona-helm-charts/
percona-pxc-operator-1-19-1-no-crds,percona/pxc-operator,1.19.1,no-crds,F2b,recipes/percona/pxc-operator/1.19.1,recipes/percona/pxc-operator/1.19.1/variants/no-crds/variant.yaml,recipes/percona/pxc-operator/1.19.1/effective-values-no-crds.yaml,default,pxc-operator,recipes/percona/pxc-operator/1.19.1/revisions/no-crds/r001/rendered/release-objects.yaml,packages/percona/pxc-operator/1.19.1/bases/no-crds,oci://europe-west1-docker.pkg.dev/nth-fort-499605-q5/helm-expt/percona-pxc-operator:1.19.1@sha256:bb1357840683c3f15451aa40c5af978395ed31cf45aa18ac71c1f44c3e4a7597,data/helm-render-intents/intents/percona-pxc-operator-1-19-1-no-crds.yaml,yes,yes,no,yes,yes,yes,proven,n/a,0,0,no-route-required,The current catalog record has no source hook or separate lifecycle step for this base.,,3,3,0,not-recorded,not-reviewed,,,attached,3 target prerequisites declared by this base.,,none-in-catalog-base,review-required,https://percona.github.io/percona-helm-charts/
policy-reporter-policy-reporter-3-9-1-default,policy-reporter/policy-reporter,3.9.1,default,F2a,recipes/policy-reporter/policy-reporter/3.9.1,recipes/policy-reporter/policy-reporter/3.9.1/variants/default/variant.yaml,recipes/policy-reporter/policy-reporter/3.9.1/effective-values.yaml,policy-reporter,policy-reporter,recipes/policy-reporter/policy-reporter/3.9.1/revisions/default/r001/rendered/release-objects.yaml,packages/policy-reporter/policy-reporter/3.9.1/bases/default,oci://europe-west1-docker.pkg.dev/nth-fort-499605-q5/helm-expt/policy-reporter-policy-reporter:3.9.1@sha256:b23e9c4e3b73724a1f08b413937e1596aac5d21b23ccf3ddce5a67f7774e0fef,data/helm-render-intents/intents/policy-reporter-policy-reporter-3-9-1-default.yaml,yes,todo,todo,todo,todo,todo,missing-confighub-proof,n/a,0,0,no-route-required,The current catalog record has no source hook or separate lifecycle step for this base.,,0,0,0,not-recorded,not-reviewed,,,actionable-gap,"This base has not recorded whether it needs a Secret, CRD, namespace, value, storage service, external API, or target topology.","Review the base and record its target prerequisites. When none are required, add an explicit no-prerequisite decision with its checked scope and evidence.",none-in-catalog-base,review-required,https://kyverno.github.io/policy-reporter
projectcalico-tigera-operator-v3-32-0-default,projectcalico/tigera-operator,v3.32.0,default,F2a,recipes/projectcalico/tigera-operator/v3.32.0,recipes/projectcalico/tigera-operator/v3.32.0/variants/default/variant.yaml,recipes/projectcalico/tigera-operator/v3.32.0/effective-values.yaml,default,tigera-operator,recipes/projectcalico/tigera-operator/v3.32.0/revisions/default/r001/rendered/release-objects.yaml,packages/projectcalico/tigera-operator/v3.32.0/bases/default,oci://europe-west1-docker.pkg.dev/nth-fort-499605-q5/helm-expt/projectcalico-tigera-operator:v3.32.0@sha256:c349b9f235ee64ae4743b81d2cb2d01eb5a36e765d3c634b912323ce6c7a135a,data/helm-render-intents/intents/projectcalico-tigera-operator-v3-32-0-default.yaml,yes,yes,no,yes,yes,yes,proven,yes,2,2,attached,2 lifecycle routes attached for this exact chart version and base.,,4,4,0,not-recorded,not-reviewed,,,attached,4 target prerequisites declared by this base.,,none-in-catalog-base,review-required,https://docs.tigera.io/calico/charts
prometheus-community-alertmanager-1-37-0-default,prometheus-community/alertmanager,1.37.0,default,F2a,recipes/prometheus-community/alertmanager/1.37.0,recipes/prometheus-community/alertmanager/1.37.0/variants/default/variant.yaml,recipes/prometheus-community/alertmanager/1.37.0/effective-values.yaml,default,alertmanager,recipes/prometheus-community/alertmanager/1.37.0/revisions/default/r001/rendered/release-objects.yaml,packages/prometheus-community/alertmanager/1.37.0/bases/default,oci://europe-west1-docker.pkg.dev/nth-fort-499605-q5/helm-expt/prometheus-community-alertmanager:1.37.0@sha256:f499807405ceea0ca49d34c4978dd905cfb5fcce36b53fbcb0f521260e78f04e,data/helm-render-intents/intents/prometheus-community-alertmanager-1-37-0-default.yaml,yes,yes,yes,yes,yes,yes,proven,n/a,0,0,no-route-required,The current catalog record has no source hook or separate lifecycle step for this base.,,0,0,0,not-recorded,not-reviewed,,,actionable-gap,"This base has not recorded whether it needs a Secret, CRD, namespace, value, storage service, external API, or target topology.","Review the base and record its target prerequisites. When none are required, add an explicit no-prerequisite decision with its checked scope and evidence.",none-in-catalog-base,review-required,https://prometheus-community.github.io/helm-charts
prometheus-community-alertmanager-1-37-0-ha,prometheus-community/alertmanager,1.37.0,ha,F2b,recipes/prometheus-community/alertmanager/1.37.0,recipes/prometheus-community/alertmanager/1.37.0/variants/ha/variant.yaml,recipes/prometheus-community/alertmanager/1.37.0/effective-values-ha.yaml,default,alertmanager,recipes/prometheus-community/alertmanager/1.37.0/revisions/ha/r001/rendered/release-objects.yaml,packages/prometheus-community/alertmanager/1.37.0/bases/ha,oci://europe-west1-docker.pkg.dev/nth-fort-499605-q5/helm-expt/prometheus-community-alertmanager:1.37.0@sha256:f499807405ceea0ca49d34c4978dd905cfb5fcce36b53fbcb0f521260e78f04e,data/helm-render-intents/intents/prometheus-community-alertmanager-1-37-0-ha.yaml,yes,yes,yes,yes,yes,yes,proven,n/a,0,0,no-route-required,The current catalog record has no source hook or separate lifecycle step for this base.,,0,0,0,not-recorded,not-reviewed,,,actionable-gap,"This base has not recorded whether it needs a Secret, CRD, namespace, value, storage service, external API, or target topology.","Review the base and record its target prerequisites. When none are required, add an explicit no-prerequisite decision with its checked scope and evidence.",none-in-catalog-base,review-required,https://prometheus-community.github.io/helm-charts
prometheus-community-kube-prometheus-stack-85-3-3-default,prometheus-community/kube-prometheus-stack,85.3.3,default,F2a,recipes/prometheus-community/kube-prometheus-stack/85.3.3,recipes/prometheus-community/kube-prometheus-stack/85.3.3/variants/default/variant.yaml,recipes/prometheus-community/kube-prometheus-stack/85.3.3/effective-values.yaml,monitoring,kube-prometheus-stack,recipes/prometheus-community/kube-prometheus-stack/85.3.3/revisions/default/r001/rendered/release-objects.yaml,packages/prometheus-community/kube-prometheus-stack/85.3.3/bases/default,oci://europe-west1-docker.pkg.dev/nth-fort-499605-q5/helm-expt/prometheus-community-kube-prometheus-stack:85.3.3@sha256:d2da5e6ee7bb7cebe256d494b67a05911b940d1a1c69793886a9e99e60112b85,data/helm-render-intents/intents/prometheus-community-kube-prometheus-stack-85-3-3-default.yaml,yes,yes,yes,yes,yes,todo,proven,yes,8,8,attached,8 lifecycle routes attached for this exact chart version and base.,,11,11,0,not-recorded,not-reviewed,,,attached,11 target prerequisites declared by this base.,,none-in-catalog-base,review-required,https://prometheus-community.github.io/helm-charts
prometheus-community-kube-prometheus-stack-85-3-3-no-crds,prometheus-community/kube-prometheus-stack,85.3.3,no-crds,F2b,recipes/prometheus-community/kube-prometheus-stack/85.3.3,recipes/prometheus-community/kube-prometheus-stack/85.3.3/variants/no-crds/variant.yaml,recipes/prometheus-community/kube-prometheus-stack/85.3.3/effective-values-no-crds.yaml,monitoring,kube-prometheus-stack,recipes/prometheus-community/kube-prometheus-stack/85.3.3/revisions/no-crds/r001/rendered/release-objects.yaml,packages/prometheus-community/kube-prometheus-stack/85.3.3/bases/no-crds,oci://europe-west1-docker.pkg.dev/nth-fort-499605-q5/helm-expt/prometheus-community-kube-prometheus-stack:85.3.3@sha256:d2da5e6ee7bb7cebe256d494b67a05911b940d1a1c69793886a9e99e60112b85,data/helm-render-intents/intents/prometheus-community-kube-prometheus-stack-85-3-3-no-crds.yaml,yes,yes,yes,yes,yes,todo,proven,yes,8,8,attached,8 lifecycle routes attached for this exact chart version and base.,,11,11,0,not-recorded,not-reviewed,,,attached,11 target prerequisites declared by this base.,,none-in-catalog-base,review-required,https://prometheus-community.github.io/helm-charts
prometheus-community-kube-prometheus-stack-86-1-0-default,prometheus-community/kube-prometheus-stack,86.1.0,default,F2a,recipes/prometheus-community/kube-prometheus-stack/86.1.0,recipes/prometheus-community/kube-prometheus-stack/86.1.0/variants/default/variant.yaml,recipes/prometheus-community/kube-prometheus-stack/86.1.0/effective-values.yaml,monitoring,kube-prometheus-stack,recipes/prometheus-community/kube-prometheus-stack/86.1.0/revisions/default/r001/rendered/release-objects.yaml,packages/prometheus-community/kube-prometheus-stack/86.1.0/bases/default,oci://europe-west1-docker.pkg.dev/nth-fort-499605-q5/helm-expt/prometheus-community-kube-prometheus-stack:86.1.0@sha256:8ed23f666f651c0acaddb55713c582dbc154730470b23c107a01ce86250d9e56,data/helm-render-intents/intents/prometheus-community-kube-prometheus-stack-86-1-0-default.yaml,yes,yes,yes,yes,yes,no,proven,yes,8,8,actionable-gap,"8 lifecycle route mappings are attached, but 8 still use evidence from 85.3.3 instead of 86.1.0.","Run the lifecycle proof for 86.1.0, then update the route source version and receipt.",11,11,0,not-recorded,not-reviewed,,,attached,11 target prerequisites declared by this base.,,none-in-catalog-base,review-required,https://prometheus-community.github.io/helm-charts
prometheus-community-kube-prometheus-stack-86-1-0-no-crds,prometheus-community/kube-prometheus-stack,86.1.0,no-crds,F2b,recipes/prometheus-community/kube-prometheus-stack/86.1.0,recipes/prometheus-community/kube-prometheus-stack/86.1.0/variants/no-crds/variant.yaml,recipes/prometheus-community/kube-prometheus-stack/86.1.0/effective-values-no-crds.yaml,monitoring,kube-prometheus-stack,recipes/prometheus-community/kube-prometheus-stack/86.1.0/revisions/no-crds/r001/rendered/release-objects.yaml,packages/prometheus-community/kube-prometheus-stack/86.1.0/bases/no-crds,oci://europe-west1-docker.pkg.dev/nth-fort-499605-q5/helm-expt/prometheus-community-kube-prometheus-stack:86.1.0@sha256:8ed23f666f651c0acaddb55713c582dbc154730470b23c107a01ce86250d9e56,data/helm-render-intents/intents/prometheus-community-kube-prometheus-stack-86-1-0-no-crds.yaml,yes,yes,yes,yes,yes,yes,proven,yes,8,8,actionable-gap,"8 lifecycle route mappings are attached, but 8 still use evidence from 85.3.3 instead of 86.1.0.","Run the lifecycle proof for 86.1.0, then update the route source version and receipt.",11,11,0,not-recorded,not-reviewed,,,attached,11 target prerequisites declared by this base.,,none-in-catalog-base,review-required,https://prometheus-community.github.io/helm-charts
prometheus-community-kube-prometheus-stack-87-15-1-default,prometheus-community/kube-prometheus-stack,87.15.1,default,F2a,recipes/prometheus-community/kube-prometheus-stack/87.15.1,recipes/prometheus-community/kube-prometheus-stack/87.15.1/variants/default/variant.yaml,recipes/prometheus-community/kube-prometheus-stack/87.15.1/effective-values.yaml,monitoring,kube-prometheus-stack,recipes/prometheus-community/kube-prometheus-stack/87.15.1/revisions/default/r001/rendered/release-objects.yaml,packages/prometheus-community/kube-prometheus-stack/87.15.1/bases/default,oci://europe-west1-docker.pkg.dev/nth-fort-499605-q5/helm-expt/prometheus-community-kube-prometheus-stack:87.15.1@sha256:94a97814a7b82f12ab6294b51d8d70d9fbb176ee8cbd951be2e275dd63cd9858,data/helm-render-intents/intents/prometheus-community-kube-prometheus-stack-87-15-1-default.yaml,yes,todo,todo,yes,todo,todo,missing-confighub-proof,yes,8,8,actionable-gap,"8 lifecycle route mappings are attached, but 8 still use evidence from 85.3.3 instead of 87.15.1.","Run the lifecycle proof for 87.15.1, then update the route source version and receipt.",11,11,0,not-recorded,not-reviewed,,,attached,11 target prerequisites declared by this base.,,none-in-catalog-base,review-required,https://prometheus-community.github.io/helm-charts
prometheus-community-kube-prometheus-stack-87-15-1-existing-secret,prometheus-community/kube-prometheus-stack,87.15.1,existing-secret,F2b,recipes/prometheus-community/kube-prometheus-stack/87.15.1,recipes/prometheus-community/kube-prometheus-stack/87.15.1/variants/existing-secret/variant.yaml,recipes/prometheus-community/kube-prometheus-stack/87.15.1/effective-values-existing-secret.yaml,monitoring,kube-prometheus-stack,recipes/prometheus-community/kube-prometheus-stack/87.15.1/revisions/existing-secret/r001/rendered/release-objects.yaml,packages/prometheus-community/kube-prometheus-stack/87.15.1/bases/existing-secret,oci://europe-west1-docker.pkg.dev/nth-fort-499605-q5/helm-expt/prometheus-community-kube-prometheus-stack:87.15.1@sha256:94a97814a7b82f12ab6294b51d8d70d9fbb176ee8cbd951be2e275dd63cd9858,data/helm-render-intents/intents/prometheus-community-kube-prometheus-stack-87-15-1-existing-secret.yaml,yes,todo,todo,todo,todo,todo,missing-confighub-proof,yes,7,7,actionable-gap,"7 lifecycle route mappings are attached, but 7 still use evidence from 85.3.0 instead of 87.15.1.","Run the lifecycle proof for 87.15.1, then update the route source version and receipt.",12,12,0,not-recorded,not-reviewed,,,attached,12 target prerequisites declared by this base.,,none-in-catalog-base,review-required,https://prometheus-community.github.io/helm-charts
prometheus-community-kube-prometheus-stack-87-15-1-no-crds,prometheus-community/kube-prometheus-stack,87.15.1,no-crds,F2b,recipes/prometheus-community/kube-prometheus-stack/87.15.1,recipes/prometheus-community/kube-prometheus-stack/87.15.1/variants/no-crds/variant.yaml,recipes/prometheus-community/kube-prometheus-stack/87.15.1/effective-values-no-crds.yaml,monitoring,kube-prometheus-stack,recipes/prometheus-community/kube-prometheus-stack/87.15.1/revisions/no-crds/r001/rendered/release-objects.yaml,packages/prometheus-community/kube-prometheus-stack/87.15.1/bases/no-crds,oci://europe-west1-docker.pkg.dev/nth-fort-499605-q5/helm-expt/prometheus-community-kube-prometheus-stack:87.15.1@sha256:94a97814a7b82f12ab6294b51d8d70d9fbb176ee8cbd951be2e275dd63cd9858,data/helm-render-intents/intents/prometheus-community-kube-prometheus-stack-87-15-1-no-crds.yaml,yes,todo,todo,yes,todo,todo,missing-confighub-proof,yes,8,8,actionable-gap,"8 lifecycle route mappings are attached, but 8 still use evidence from 85.3.3 instead of 87.15.1.","Run the lifecycle proof for 87.15.1, then update the route source version and receipt.",11,11,0,not-recorded,not-reviewed,,,attached,11 target prerequisites declared by this base.,,none-in-catalog-base,review-required,https://prometheus-community.github.io/helm-charts
prometheus-community-kube-prometheus-stack-87-19-2-default,prometheus-community/kube-prometheus-stack,87.19.2,default,F2a,recipes/prometheus-community/kube-prometheus-stack/87.19.2,recipes/prometheus-community/kube-prometheus-stack/87.19.2/variants/default/variant.yaml,recipes/prometheus-community/kube-prometheus-stack/87.19.2/effective-values.yaml,monitoring,kube-prometheus-stack,recipes/prometheus-community/kube-prometheus-stack/87.19.2/revisions/default/r001/rendered/release-objects.yaml,packages/prometheus-community/kube-prometheus-stack/87.19.2/bases/default,oci://europe-west1-docker.pkg.dev/nth-fort-499605-q5/helm-expt/prometheus-community-kube-prometheus-stack:87.19.2@sha256:df91aefaac87edd2bcd625ec9a87f7142d49fc2d7ffc70878dfb1d92bc885987,data/helm-render-intents/intents/prometheus-community-kube-prometheus-stack-87-19-2-default.yaml,yes,todo,todo,yes,todo,todo,missing-confighub-proof,yes,8,8,actionable-gap,"8 lifecycle route mappings are attached, but 8 still use evidence from 85.3.3 instead of 87.19.2.","Run the lifecycle proof for 87.19.2, then update the route source version and receipt.",11,11,0,not-recorded,not-reviewed,,,attached,11 target prerequisites declared by this base.,,none-in-catalog-base,review-required,https://prometheus-community.github.io/helm-charts
prometheus-community-kube-prometheus-stack-87-19-2-existing-secret,prometheus-community/kube-prometheus-stack,87.19.2,existing-secret,F2b,recipes/prometheus-community/kube-prometheus-stack/87.19.2,recipes/prometheus-community/kube-prometheus-stack/87.19.2/variants/existing-secret/variant.yaml,recipes/prometheus-community/kube-prometheus-stack/87.19.2/effective-values-existing-secret.yaml,monitoring,kube-prometheus-stack,recipes/prometheus-community/kube-prometheus-stack/87.19.2/revisions/existing-secret/r001/rendered/release-objects.yaml,packages/prometheus-community/kube-prometheus-stack/87.19.2/bases/existing-secret,oci://europe-west1-docker.pkg.dev/nth-fort-499605-q5/helm-expt/prometheus-community-kube-prometheus-stack:87.19.2@sha256:df91aefaac87edd2bcd625ec9a87f7142d49fc2d7ffc70878dfb1d92bc885987,data/helm-render-intents/intents/prometheus-community-kube-prometheus-stack-87-19-2-existing-secret.yaml,yes,todo,todo,todo,todo,todo,missing-confighub-proof,yes,7,7,actionable-gap,"7 lifecycle route mappings are attached, but 7 still use evidence from 85.3.0 instead of 87.19.2.","Run the lifecycle proof for 87.19.2, then update the route source version and receipt.",12,12,0,not-recorded,not-reviewed,,,attached,12 target prerequisites declared by this base.,,none-in-catalog-base,review-required,https://prometheus-community.github.io/helm-charts
prometheus-community-kube-prometheus-stack-87-19-2-no-crds,prometheus-community/kube-prometheus-stack,87.19.2,no-crds,F2b,recipes/prometheus-community/kube-prometheus-stack/87.19.2,recipes/prometheus-community/kube-prometheus-stack/87.19.2/variants/no-crds/variant.yaml,recipes/prometheus-community/kube-prometheus-stack/87.19.2/effective-values-no-crds.yaml,monitoring,kube-prometheus-stack,recipes/prometheus-community/kube-prometheus-stack/87.19.2/revisions/no-crds/r001/rendered/release-objects.yaml,packages/prometheus-community/kube-prometheus-stack/87.19.2/bases/no-crds,oci://europe-west1-docker.pkg.dev/nth-fort-499605-q5/helm-expt/prometheus-community-kube-prometheus-stack:87.19.2@sha256:df91aefaac87edd2bcd625ec9a87f7142d49fc2d7ffc70878dfb1d92bc885987,data/helm-render-intents/intents/prometheus-community-kube-prometheus-stack-87-19-2-no-crds.yaml,yes,todo,todo,yes,todo,todo,missing-confighub-proof,yes,8,8,actionable-gap,"8 lifecycle route mappings are attached, but 8 still use evidence from 85.3.3 instead of 87.19.2.","Run the lifecycle proof for 87.19.2, then update the route source version and receipt.",11,11,0,not-recorded,not-reviewed,,,attached,11 target prerequisites declared by this base.,,none-in-catalog-base,review-required,https://prometheus-community.github.io/helm-charts
prometheus-community-kube-state-metrics-7-4-0-cluster-metrics-readonly,prometheus-community/kube-state-metrics,7.4.0,cluster-metrics-readonly,F2b,recipes/prometheus-community/kube-state-metrics/7.4.0,recipes/prometheus-community/kube-state-metrics/7.4.0/variants/cluster-metrics-readonly/variant.yaml,recipes/prometheus-community/kube-state-metrics/7.4.0/effective-values.yaml,default,kube-state-metrics,recipes/prometheus-community/kube-state-metrics/7.4.0/revisions/cluster-metrics-readonly/r001/rendered/release-objects.yaml,packages/prometheus-community/kube-state-metrics/7.4.0/bases/cluster-metrics-readonly,oci://europe-west1-docker.pkg.dev/nth-fort-499605-q5/helm-expt/prometheus-community-kube-state-metrics:7.4.0@sha256:85624ed1be4b2eab3e3316b1fe23242f4007a06abde190351f939c9ae915c251,data/helm-render-intents/intents/prometheus-community-kube-state-metrics-7-4-0-cluster-metrics-readonly.yaml,yes,yes,yes,yes,yes,yes,proven,n/a,0,0,no-route-required,The current catalog record has no source hook or separate lifecycle step for this base.,,0,0,0,not-recorded,not-reviewed,,,actionable-gap,"This base has not recorded whether it needs a Secret, CRD, namespace, value, storage service, external API, or target topology.","Review the base and record its target prerequisites. When none are required, add an explicit no-prerequisite decision with its checked scope and evidence.",none-in-catalog-base,review-required,https://prometheus-community.github.io/helm-charts
prometheus-community-kube-state-metrics-7-4-0-default,prometheus-community/kube-state-metrics,7.4.0,default,F2a,recipes/prometheus-community/kube-state-metrics/7.4.0,recipes/prometheus-community/kube-state-metrics/7.4.0/variants/default/variant.yaml,recipes/prometheus-community/kube-state-metrics/7.4.0/effective-values.yaml,default,kube-state-metrics,recipes/prometheus-community/kube-state-metrics/7.4.0/revisions/default/r001/rendered/release-objects.yaml,packages/prometheus-community/kube-state-metrics/7.4.0/bases/default,oci://europe-west1-docker.pkg.dev/nth-fort-499605-q5/helm-expt/prometheus-community-kube-state-metrics:7.4.0@sha256:85624ed1be4b2eab3e3316b1fe23242f4007a06abde190351f939c9ae915c251,data/helm-render-intents/intents/prometheus-community-kube-state-metrics-7-4-0-default.yaml,yes,yes,yes,yes,yes,yes,proven,n/a,0,0,no-route-required,The current catalog record has no source hook or separate lifecycle step for this base.,,0,0,0,not-recorded,not-reviewed,,,actionable-gap,"This base has not recorded whether it needs a Secret, CRD, namespace, value, storage service, external API, or target topology.","Review the base and record its target prerequisites. When none are required, add an explicit no-prerequisite decision with its checked scope and evidence.",none-in-catalog-base,review-required,https://prometheus-community.github.io/helm-charts
prometheus-community-prometheus-29-8-0-default,prometheus-community/prometheus,29.8.0,default,F2a,recipes/prometheus-community/prometheus/29.8.0,recipes/prometheus-community/prometheus/29.8.0/variants/default/variant.yaml,recipes/prometheus-community/prometheus/29.8.0/effective-values.yaml,monitoring,prometheus,recipes/prometheus-community/prometheus/29.8.0/revisions/default/r001/rendered/release-objects.yaml,packages/prometheus-community/prometheus/29.8.0/bases/default,oci://europe-west1-docker.pkg.dev/nth-fort-499605-q5/helm-expt/prometheus-community-prometheus:29.8.0@sha256:2e329a09d75c78f2b078df4314a18a7ef1259082bc7f0cca9a62642e62113af3,data/helm-render-intents/intents/prometheus-community-prometheus-29-8-0-default.yaml,yes,yes,yes,yes,yes,todo,proven,n/a,0,0,no-route-required,The current catalog record has no source hook or separate lifecycle step for this base.,,0,0,0,not-recorded,not-reviewed,,,actionable-gap,"This base has not recorded whether it needs a Secret, CRD, namespace, value, storage service, external API, or target topology.","Review the base and record its target prerequisites. When none are required, add an explicit no-prerequisite decision with its checked scope and evidence.",none-in-catalog-base,review-required,https://prometheus-community.github.io/helm-charts
prometheus-community-prometheus-29-8-0-server-only-ephemeral,prometheus-community/prometheus,29.8.0,server-only-ephemeral,F2b,recipes/prometheus-community/prometheus/29.8.0,recipes/prometheus-community/prometheus/29.8.0/variants/server-only-ephemeral/variant.yaml,recipes/prometheus-community/prometheus/29.8.0/effective-values-server-only-ephemeral.yaml,monitoring,prometheus,recipes/prometheus-community/prometheus/29.8.0/revisions/server-only-ephemeral/r001/rendered/release-objects.yaml,packages/prometheus-community/prometheus/29.8.0/bases/server-only-ephemeral,oci://europe-west1-docker.pkg.dev/nth-fort-499605-q5/helm-expt/prometheus-community-prometheus:29.8.0@sha256:2e329a09d75c78f2b078df4314a18a7ef1259082bc7f0cca9a62642e62113af3,data/helm-render-intents/intents/prometheus-community-prometheus-29-8-0-server-only-ephemeral.yaml,yes,yes,yes,yes,yes,todo,proven,n/a,0,0,no-route-required,The current catalog record has no source hook or separate lifecycle step for this base.,,0,0,0,reviewed,no-separate-target-prerequisites,"the supported server-only-ephemeral base for the recorded cub-lk-kind-vanilla test target in namespace monitoring, delivered from ConfigHub OCI through Argo CD.",data/production-support-decisions/prometheus-community-prometheus/support-decision.yaml;data/production-support-decisions/prometheus-community-prometheus/fresh-target-evidence-2026-06-05.yaml,no-target-facts-required,"The prerequisite review found no separate target prerequisite in this scope: the supported server-only-ephemeral base for the recorded cub-lk-kind-vanilla test target in namespace monitoring, delivered from ConfigHub OCI through Argo CD.",,none-in-catalog-base,review-required,https://prometheus-community.github.io/helm-charts
prometheus-community-prometheus-29-9-0-default,prometheus-community/prometheus,29.9.0,default,F2a,recipes/prometheus-community/prometheus/29.9.0,recipes/prometheus-community/prometheus/29.9.0/variants/default/variant.yaml,recipes/prometheus-community/prometheus/29.9.0/effective-values.yaml,monitoring,prometheus,recipes/prometheus-community/prometheus/29.9.0/revisions/default/r001/rendered/release-objects.yaml,packages/prometheus-community/prometheus/29.9.0/bases/default,oci://europe-west1-docker.pkg.dev/nth-fort-499605-q5/helm-expt/prometheus-community-prometheus:29.9.0@sha256:0be296fd83670ed5469a2ef2abca19cb515546daf7bcb262f6d0142f9269310c,data/helm-render-intents/intents/prometheus-community-prometheus-29-9-0-default.yaml,yes,yes,yes,watch,watch,yes,proven,n/a,0,0,no-route-required,The current catalog record has no source hook or separate lifecycle step for this base.,,0,0,0,not-recorded,not-reviewed,,,actionable-gap,"This base has not recorded whether it needs a Secret, CRD, namespace, value, storage service, external API, or target topology.","Review the base and record its target prerequisites. When none are required, add an explicit no-prerequisite decision with its checked scope and evidence.",none-in-catalog-base,review-required,https://prometheus-community.github.io/helm-charts
prometheus-community-prometheus-29-9-0-server-only-ephemeral,prometheus-community/prometheus,29.9.0,server-only-ephemeral,F2b,recipes/prometheus-community/prometheus/29.9.0,recipes/prometheus-community/prometheus/29.9.0/variants/server-only-ephemeral/variant.yaml,recipes/prometheus-community/prometheus/29.9.0/effective-values-server-only-ephemeral.yaml,monitoring,prometheus,recipes/prometheus-community/prometheus/29.9.0/revisions/server-only-ephemeral/r001/rendered/release-objects.yaml,packages/prometheus-community/prometheus/29.9.0/bases/server-only-ephemeral,oci://europe-west1-docker.pkg.dev/nth-fort-499605-q5/helm-expt/prometheus-community-prometheus:29.9.0@sha256:0be296fd83670ed5469a2ef2abca19cb515546daf7bcb262f6d0142f9269310c,data/helm-render-intents/intents/prometheus-community-prometheus-29-9-0-server-only-ephemeral.yaml,yes,yes,yes,yes,yes,yes,proven,n/a,0,0,no-route-required,The current catalog record has no source hook or separate lifecycle step for this base.,,0,0,0,not-recorded,not-reviewed,,,actionable-gap,"This base has not recorded whether it needs a Secret, CRD, namespace, value, storage service, external API, or target topology.","Review the base and record its target prerequisites. When none are required, add an explicit no-prerequisite decision with its checked scope and evidence.",none-in-catalog-base,review-required,https://prometheus-community.github.io/helm-charts
prometheus-community-prometheus-adapter-5-3-0-apiservice-v1-capability,prometheus-community/prometheus-adapter,5.3.0,apiservice-v1-capability,F2b,recipes/prometheus-community/prometheus-adapter/5.3.0,recipes/prometheus-community/prometheus-adapter/5.3.0/variants/apiservice-v1-capability/variant.yaml,recipes/prometheus-community/prometheus-adapter/5.3.0/effective-values.yaml,default,prometheus-adapter,recipes/prometheus-community/prometheus-adapter/5.3.0/revisions/apiservice-v1-capability/r001/rendered/release-objects.yaml,packages/prometheus-community/prometheus-adapter/5.3.0/bases/apiservice-v1-capability,oci://europe-west1-docker.pkg.dev/nth-fort-499605-q5/helm-expt/prometheus-community-prometheus-adapter:5.3.0@sha256:75c59e28e1813899bb3be664effb72a52b7e61b066998854e9cce718e045020d,data/helm-render-intents/intents/prometheus-community-prometheus-adapter-5-3-0-apiservice-v1-capability.yaml,yes,yes,yes,yes,yes,yes,proven,n/a,0,0,no-route-required,The current catalog record has no source hook or separate lifecycle step for this base.,,0,0,0,not-recorded,not-reviewed,,,actionable-gap,"This base has not recorded whether it needs a Secret, CRD, namespace, value, storage service, external API, or target topology.","Review the base and record its target prerequisites. When none are required, add an explicit no-prerequisite decision with its checked scope and evidence.",none-in-catalog-base,review-required,https://prometheus-community.github.io/helm-charts
prometheus-community-prometheus-adapter-5-3-0-cluster-metrics-readonly,prometheus-community/prometheus-adapter,5.3.0,cluster-metrics-readonly,F2b,recipes/prometheus-community/prometheus-adapter/5.3.0,recipes/prometheus-community/prometheus-adapter/5.3.0/variants/cluster-metrics-readonly/variant.yaml,recipes/prometheus-community/prometheus-adapter/5.3.0/effective-values.yaml,default,prometheus-adapter,recipes/prometheus-community/prometheus-adapter/5.3.0/revisions/cluster-metrics-readonly/r001/rendered/release-objects.yaml,packages/prometheus-community/prometheus-adapter/5.3.0/bases/cluster-metrics-readonly,oci://europe-west1-docker.pkg.dev/nth-fort-499605-q5/helm-expt/prometheus-community-prometheus-adapter:5.3.0@sha256:75c59e28e1813899bb3be664effb72a52b7e61b066998854e9cce718e045020d,data/helm-render-intents/intents/prometheus-community-prometheus-adapter-5-3-0-cluster-metrics-readonly.yaml,yes,yes,no,no,no,no,proven,n/a,0,0,no-route-required,The current catalog record has no source hook or separate lifecycle step for this base.,,0,0,1,not-recorded,not-reviewed,,,actionable-gap,"1 observed prerequisite action record exists, but the base does not declare the prerequisite.","Add the observed prerequisite to spec.targetFacts in the base variant, then rerun its proof.",none-in-catalog-base,review-required,https://prometheus-community.github.io/helm-charts
prometheus-community-prometheus-adapter-5-3-0-default,prometheus-community/prometheus-adapter,5.3.0,default,F2a,recipes/prometheus-community/prometheus-adapter/5.3.0,recipes/prometheus-community/prometheus-adapter/5.3.0/variants/default/variant.yaml,recipes/prometheus-community/prometheus-adapter/5.3.0/effective-values.yaml,default,prometheus-adapter,recipes/prometheus-community/prometheus-adapter/5.3.0/revisions/default/r001/rendered/release-objects.yaml,packages/prometheus-community/prometheus-adapter/5.3.0/bases/default,oci://europe-west1-docker.pkg.dev/nth-fort-499605-q5/helm-expt/prometheus-community-prometheus-adapter:5.3.0@sha256:75c59e28e1813899bb3be664effb72a52b7e61b066998854e9cce718e045020d,data/helm-render-intents/intents/prometheus-community-prometheus-adapter-5-3-0-default.yaml,yes,yes,no,no,no,no,proven,n/a,0,0,no-route-required,The current catalog record has no source hook or separate lifecycle step for this base.,,0,0,1,not-recorded,not-reviewed,,,actionable-gap,"1 observed prerequisite action record exists, but the base does not declare the prerequisite.","Add the observed prerequisite to spec.targetFacts in the base variant, then rerun its proof.",none-in-catalog-base,review-required,https://prometheus-community.github.io/helm-charts
prometheus-community-prometheus-blackbox-exporter-11-10-0-cluster-metrics-readonly,prometheus-community/prometheus-blackbox-exporter,11.10.0,cluster-metrics-readonly,F2b,recipes/prometheus-community/prometheus-blackbox-exporter/11.10.0,recipes/prometheus-community/prometheus-blackbox-exporter/11.10.0/variants/cluster-metrics-readonly/variant.yaml,recipes/prometheus-community/prometheus-blackbox-exporter/11.10.0/effective-values.yaml,default,prometheus-blackbox-exporter,recipes/prometheus-community/prometheus-blackbox-exporter/11.10.0/revisions/cluster-metrics-readonly/r001/rendered/release-objects.yaml,packages/prometheus-community/prometheus-blackbox-exporter/11.10.0/bases/cluster-metrics-readonly,oci://europe-west1-docker.pkg.dev/nth-fort-499605-q5/helm-expt/prometheus-community-prometheus-blackbox-exporter:11.10.0@sha256:7e8bd0d4ad90ebf5cea264686245c4e486f2721aa72fb172e28735f85fa35559,data/helm-render-intents/intents/prometheus-community-prometheus-blackbox-exporter-11-10-0-cluster-metrics-readonly.yaml,yes,yes,yes,yes,yes,yes,proven,n/a,0,0,no-route-required,The current catalog record has no source hook or separate lifecycle step for this base.,,0,0,0,not-recorded,not-reviewed,,,actionable-gap,"This base has not recorded whether it needs a Secret, CRD, namespace, value, storage service, external API, or target topology.","Review the base and record its target prerequisites. When none are required, add an explicit no-prerequisite decision with its checked scope and evidence.",none-in-catalog-base,review-required,https://prometheus-community.github.io/helm-charts
prometheus-community-prometheus-blackbox-exporter-11-10-0-default,prometheus-community/prometheus-blackbox-exporter,11.10.0,default,F2a,recipes/prometheus-community/prometheus-blackbox-exporter/11.10.0,recipes/prometheus-community/prometheus-blackbox-exporter/11.10.0/variants/default/variant.yaml,recipes/prometheus-community/prometheus-blackbox-exporter/11.10.0/effective-values.yaml,default,prometheus-blackbox-exporter,recipes/prometheus-community/prometheus-blackbox-exporter/11.10.0/revisions/default/r001/rendered/release-objects.yaml,packages/prometheus-community/prometheus-blackbox-exporter/11.10.0/bases/default,oci://europe-west1-docker.pkg.dev/nth-fort-499605-q5/helm-expt/prometheus-community-prometheus-blackbox-exporter:11.10.0@sha256:7e8bd0d4ad90ebf5cea264686245c4e486f2721aa72fb172e28735f85fa35559,data/helm-render-intents/intents/prometheus-community-prometheus-blackbox-exporter-11-10-0-default.yaml,yes,yes,yes,yes,yes,yes,proven,n/a,0,0,no-route-required,The current catalog record has no source hook or separate lifecycle step for this base.,,0,0,0,not-recorded,not-reviewed,,,actionable-gap,"This base has not recorded whether it needs a Secret, CRD, namespace, value, storage service, external API, or target topology.","Review the base and record its target prerequisites. When none are required, add an explicit no-prerequisite decision with its checked scope and evidence.",none-in-catalog-base,review-required,https://prometheus-community.github.io/helm-charts
prometheus-community-prometheus-blackbox-exporter-11-15-1-default,prometheus-community/prometheus-blackbox-exporter,11.15.1,default,F2a,recipes/prometheus-community/prometheus-blackbox-exporter/11.15.1,recipes/prometheus-community/prometheus-blackbox-exporter/11.15.1/variants/default/variant.yaml,recipes/prometheus-community/prometheus-blackbox-exporter/11.15.1/effective-values.yaml,monitoring,prometheus-blackbox-exporter,recipes/prometheus-community/prometheus-blackbox-exporter/11.15.1/revisions/default/r001/rendered/release-objects.yaml,packages/prometheus-community/prometheus-blackbox-exporter/11.15.1/bases/default,oci://europe-west1-docker.pkg.dev/nth-fort-499605-q5/helm-expt/prometheus-community-prometheus-blackbox-exporter:11.15.1@sha256:d6f157912a513718a387c822a21ab9b9b7bd45b595fe35ee257586a2661c4189,data/helm-render-intents/intents/prometheus-community-prometheus-blackbox-exporter-11-15-1-default.yaml,yes,todo,todo,todo,todo,todo,missing-confighub-proof,n/a,0,0,no-route-required,The current catalog record has no source hook or separate lifecycle step for this base.,,0,0,0,not-recorded,not-reviewed,,,actionable-gap,"This base has not recorded whether it needs a Secret, CRD, namespace, value, storage service, external API, or target topology.","Review the base and record its target prerequisites. When none are required, add an explicit no-prerequisite decision with its checked scope and evidence.",none-in-catalog-base,review-required,https://prometheus-community.github.io/helm-charts
prometheus-community-prometheus-node-exporter-4-55-0-cluster-metrics-readonly,prometheus-community/prometheus-node-exporter,4.55.0,cluster-metrics-readonly,F2b,recipes/prometheus-community/prometheus-node-exporter/4.55.0,recipes/prometheus-community/prometheus-node-exporter/4.55.0/variants/cluster-metrics-readonly/variant.yaml,recipes/prometheus-community/prometheus-node-exporter/4.55.0/effective-values-cluster-metrics-readonly.yaml,default,prometheus-node-exporter,recipes/prometheus-community/prometheus-node-exporter/4.55.0/revisions/cluster-metrics-readonly/r001/rendered/release-objects.yaml,packages/prometheus-community/prometheus-node-exporter/4.55.0/bases/cluster-metrics-readonly,oci://europe-west1-docker.pkg.dev/nth-fort-499605-q5/helm-expt/prometheus-community-prometheus-node-exporter:4.55.0@sha256:b5365489a899714904a438a5a3ccb2f7a7814f1b41bc16cf8fa41638e4ffa9cd,data/helm-render-intents/intents/prometheus-community-prometheus-node-exporter-4-55-0-cluster-metrics-readonly.yaml,yes,yes,yes,yes,yes,yes,proven,n/a,0,0,no-route-required,The current catalog record has no source hook or separate lifecycle step for this base.,,1,1,0,not-recorded,not-reviewed,,,attached,1 target prerequisite declared by this base.,,none-in-catalog-base,review-required,https://prometheus-community.github.io/helm-charts
prometheus-community-prometheus-node-exporter-4-55-0-default,prometheus-community/prometheus-node-exporter,4.55.0,default,F2a,recipes/prometheus-community/prometheus-node-exporter/4.55.0,recipes/prometheus-community/prometheus-node-exporter/4.55.0/variants/default/variant.yaml,recipes/prometheus-community/prometheus-node-exporter/4.55.0/effective-values.yaml,default,prometheus-node-exporter,recipes/prometheus-community/prometheus-node-exporter/4.55.0/revisions/default/r001/rendered/release-objects.yaml,packages/prometheus-community/prometheus-node-exporter/4.55.0/bases/default,oci://europe-west1-docker.pkg.dev/nth-fort-499605-q5/helm-expt/prometheus-community-prometheus-node-exporter:4.55.0@sha256:b5365489a899714904a438a5a3ccb2f7a7814f1b41bc16cf8fa41638e4ffa9cd,data/helm-render-intents/intents/prometheus-community-prometheus-node-exporter-4-55-0-default.yaml,yes,yes,yes,yes,yes,yes,proven,n/a,0,0,no-route-required,The current catalog record has no source hook or separate lifecycle step for this base.,,0,0,0,not-recorded,not-reviewed,,,actionable-gap,"This base has not recorded whether it needs a Secret, CRD, namespace, value, storage service, external API, or target topology.","Review the base and record its target prerequisites. When none are required, add an explicit no-prerequisite decision with its checked scope and evidence.",none-in-catalog-base,review-required,https://prometheus-community.github.io/helm-charts
prometheus-community-prometheus-operator-crds-29-0-0-default,prometheus-community/prometheus-operator-crds,29.0.0,default,F2a,recipes/prometheus-community/prometheus-operator-crds/29.0.0,recipes/prometheus-community/prometheus-operator-crds/29.0.0/variants/default/variant.yaml,recipes/prometheus-community/prometheus-operator-crds/29.0.0/effective-values.yaml,default,prometheus-operator-crds,recipes/prometheus-community/prometheus-operator-crds/29.0.0/revisions/default/r001/rendered/release-objects.yaml,packages/prometheus-community/prometheus-operator-crds/29.0.0/bases/default,oci://europe-west1-docker.pkg.dev/nth-fort-499605-q5/helm-expt/prometheus-community-prometheus-operator-crds:29.0.0@sha256:923b79c94ab4d966ae66cc7b6e2ddc199d042ebe5ea16942d197dc2a12fdec42,data/helm-render-intents/intents/prometheus-community-prometheus-operator-crds-29-0-0-default.yaml,yes,yes,yes,yes,yes,yes,proven,n/a,0,0,no-route-required,The current catalog record has no source hook or separate lifecycle step for this base.,,0,0,0,not-recorded,not-reviewed,,,actionable-gap,"This base has not recorded whether it needs a Secret, CRD, namespace, value, storage service, external API, or target topology.","Review the base and record its target prerequisites. When none are required, add an explicit no-prerequisite decision with its checked scope and evidence.",none-in-catalog-base,review-required,https://prometheus-community.github.io/helm-charts
prometheus-community-prometheus-pushgateway-3-6-0-default,prometheus-community/prometheus-pushgateway,3.6.0,default,F2a,recipes/prometheus-community/prometheus-pushgateway/3.6.0,recipes/prometheus-community/prometheus-pushgateway/3.6.0/variants/default/variant.yaml,recipes/prometheus-community/prometheus-pushgateway/3.6.0/effective-values.yaml,default,prometheus-pushgateway,recipes/prometheus-community/prometheus-pushgateway/3.6.0/revisions/default/r001/rendered/release-objects.yaml,packages/prometheus-community/prometheus-pushgateway/3.6.0/bases/default,oci://europe-west1-docker.pkg.dev/nth-fort-499605-q5/helm-expt/prometheus-community-prometheus-pushgateway:3.6.0@sha256:0018337ac8b9d81ccce8b98c7bbcf09fac81b9e5706b3c59113d8748492b719b,data/helm-render-intents/intents/prometheus-community-prometheus-pushgateway-3-6-0-default.yaml,yes,yes,yes,yes,yes,yes,proven,n/a,0,0,no-route-required,The current catalog record has no source hook or separate lifecycle step for this base.,,0,0,0,not-recorded,not-reviewed,,,actionable-gap,"This base has not recorded whether it needs a Secret, CRD, namespace, value, storage service, external API, or target topology.","Review the base and record its target prerequisites. When none are required, add an explicit no-prerequisite decision with its checked scope and evidence.",none-in-catalog-base,review-required,https://prometheus-community.github.io/helm-charts
rook-release-rook-ceph-cluster-v1-19-5-default,rook-release/rook-ceph-cluster,v1.19.5,default,F2a,recipes/rook-release/rook-ceph-cluster/v1.19.5,recipes/rook-release/rook-ceph-cluster/v1.19.5/variants/default/variant.yaml,recipes/rook-release/rook-ceph-cluster/v1.19.5/effective-values.yaml,default,rook-ceph-cluster,recipes/rook-release/rook-ceph-cluster/v1.19.5/revisions/default/r001/rendered/release-objects.yaml,packages/rook-release/rook-ceph-cluster/v1.19.5/bases/default,oci://europe-west1-docker.pkg.dev/nth-fort-499605-q5/helm-expt/rook-release-rook-ceph-cluster:v1.19.5@sha256:a85479c01667c8c575223e2f68de07b51cd8b84de24776b12553f2f23583728a,data/helm-render-intents/intents/rook-release-rook-ceph-cluster-v1-19-5-default.yaml,yes,yes,yes,no,no,no,proven,n/a,0,0,no-route-required,The current catalog record has no source hook or separate lifecycle step for this base.,,6,6,2,not-recorded,not-reviewed,,,attached-with-observed-actions,6 prerequisite declarations and 2 follow-up action records are attached.,,none-in-catalog-base,review-required,https://charts.rook.io/release
rook-release-rook-ceph-v1-19-5-default,rook-release/rook-ceph,v1.19.5,default,F2a,recipes/rook-release/rook-ceph/v1.19.5,recipes/rook-release/rook-ceph/v1.19.5/variants/default/variant.yaml,recipes/rook-release/rook-ceph/v1.19.5/effective-values.yaml,default,rook-ceph,recipes/rook-release/rook-ceph/v1.19.5/revisions/default/r001/rendered/release-objects.yaml,packages/rook-release/rook-ceph/v1.19.5/bases/default,oci://europe-west1-docker.pkg.dev/nth-fort-499605-q5/helm-expt/rook-release-rook-ceph:v1.19.5@sha256:b996f273c1777c2ac07fae823ad3932d8295072cd03e5384c0f1eb6afcaf32d7,data/helm-render-intents/intents/rook-release-rook-ceph-v1-19-5-default.yaml,yes,yes,yes,yes,yes,yes,proven,n/a,0,0,no-route-required,The current catalog record has no source hook or separate lifecycle step for this base.,,0,0,0,not-recorded,not-reviewed,,,actionable-gap,"This base has not recorded whether it needs a Secret, CRD, namespace, value, storage service, external API, or target topology.","Review the base and record its target prerequisites. When none are required, add an explicit no-prerequisite decision with its checked scope and evidence.",none-in-catalog-base,review-required,https://charts.rook.io/release
runix-pgadmin4-1-62-0-default,runix/pgadmin4,1.62.0,default,F2a,recipes/runix/pgadmin4/1.62.0,recipes/runix/pgadmin4/1.62.0/variants/default/variant.yaml,recipes/runix/pgadmin4/1.62.0/effective-values.yaml,default,pgadmin4,recipes/runix/pgadmin4/1.62.0/revisions/default/r001/rendered/release-objects.yaml,packages/runix/pgadmin4/1.62.0/bases/default,oci://europe-west1-docker.pkg.dev/nth-fort-499605-q5/helm-expt/runix-pgadmin4:1.62.0@sha256:1cd9dc2c01444724376921ec8f500ecd7791282ac0dfe50e51e041bf13c8c0fd,data/helm-render-intents/intents/runix-pgadmin4-1-62-0-default.yaml,yes,yes,yes,yes,yes,yes,proven,n/a,0,0,no-route-required,The current catalog record has no source hook or separate lifecycle step for this base.,,0,0,0,not-recorded,not-reviewed,,,actionable-gap,"This base has not recorded whether it needs a Secret, CRD, namespace, value, storage service, external API, or target topology.","Review the base and record its target prerequisites. When none are required, add an explicit no-prerequisite decision with its checked scope and evidence.",none-in-catalog-base,review-required,https://helm.runix.net
sealed-secrets-sealed-secrets-2-18-6-default,sealed-secrets/sealed-secrets,2.18.6,default,F2a,recipes/sealed-secrets/sealed-secrets/2.18.6,recipes/sealed-secrets/sealed-secrets/2.18.6/variants/default/variant.yaml,recipes/sealed-secrets/sealed-secrets/2.18.6/effective-values.yaml,default,sealed-secrets,recipes/sealed-secrets/sealed-secrets/2.18.6/revisions/default/r001/rendered/release-objects.yaml,packages/sealed-secrets/sealed-secrets/2.18.6/bases/default,oci://europe-west1-docker.pkg.dev/nth-fort-499605-q5/helm-expt/sealed-secrets-sealed-secrets:2.18.6@sha256:15945be88b50c3b451a86f077258621434e78768b7655be0f758504849af8aa6,data/helm-render-intents/intents/sealed-secrets-sealed-secrets-2-18-6-default.yaml,yes,yes,yes,yes,yes,yes,proven,n/a,0,0,no-route-required,The current catalog record has no source hook or separate lifecycle step for this base.,,0,0,0,not-recorded,not-reviewed,,,actionable-gap,"This base has not recorded whether it needs a Secret, CRD, namespace, value, storage service, external API, or target topology.","Review the base and record its target prerequisites. When none are required, add an explicit no-prerequisite decision with its checked scope and evidence.",none-in-catalog-base,review-required,https://bitnami-labs.github.io/sealed-secrets
sealed-secrets-sealed-secrets-2-18-6-no-crds,sealed-secrets/sealed-secrets,2.18.6,no-crds,F2b,recipes/sealed-secrets/sealed-secrets/2.18.6,recipes/sealed-secrets/sealed-secrets/2.18.6/variants/no-crds/variant.yaml,recipes/sealed-secrets/sealed-secrets/2.18.6/effective-values-no-crds.yaml,default,sealed-secrets,recipes/sealed-secrets/sealed-secrets/2.18.6/revisions/no-crds/r001/rendered/release-objects.yaml,packages/sealed-secrets/sealed-secrets/2.18.6/bases/no-crds,oci://europe-west1-docker.pkg.dev/nth-fort-499605-q5/helm-expt/sealed-secrets-sealed-secrets:2.18.6@sha256:15945be88b50c3b451a86f077258621434e78768b7655be0f758504849af8aa6,data/helm-render-intents/intents/sealed-secrets-sealed-secrets-2-18-6-no-crds.yaml,yes,yes,yes,yes,yes,yes,proven,n/a,0,0,no-route-required,The current catalog record has no source hook or separate lifecycle step for this base.,,0,0,0,not-recorded,not-reviewed,,,actionable-gap,"This base has not recorded whether it needs a Secret, CRD, namespace, value, storage service, external API, or target topology.","Review the base and record its target prerequisites. When none are required, add an explicit no-prerequisite decision with its checked scope and evidence.",none-in-catalog-base,review-required,https://bitnami-labs.github.io/sealed-secrets
secrets-store-csi-driver-secrets-store-csi-driver-1-6-0-default,secrets-store-csi-driver/secrets-store-csi-driver,1.6.0,default,F2a,recipes/secrets-store-csi-driver/secrets-store-csi-driver/1.6.0,recipes/secrets-store-csi-driver/secrets-store-csi-driver/1.6.0/variants/default/variant.yaml,recipes/secrets-store-csi-driver/secrets-store-csi-driver/1.6.0/effective-values.yaml,kube-system,secrets-store-csi-driver,recipes/secrets-store-csi-driver/secrets-store-csi-driver/1.6.0/revisions/default/r001/rendered/release-objects.yaml,packages/secrets-store-csi-driver/secrets-store-csi-driver/1.6.0/bases/default,oci://europe-west1-docker.pkg.dev/nth-fort-499605-q5/helm-expt/secrets-store-csi-driver-secrets-store-csi-driver:1.6.0@sha256:82d30ba796f0dc7cee0fcc6e385fa42fb151d3de62604a1639160bbab4ee7791,data/helm-render-intents/intents/secrets-store-csi-driver-secrets-store-csi-driver-1-6-0-default.yaml,yes,yes,yes,yes,yes,yes,proven,n/a,0,0,no-route-required,The current catalog record has no source hook or separate lifecycle step for this base.,,0,0,0,reviewed,no-separate-target-prerequisites,"the supported default base for the recorded cub-lk-kind-vanilla test target in namespace kube-system, delivered from ConfigHub OCI through Argo CD.",data/production-support-decisions/secrets-store-csi-driver-secrets-store-csi-driver/support-decision.yaml;data/production-support-decisions/secrets-store-csi-driver-secrets-store-csi-driver/fresh-target-evidence-2026-06-05.yaml,no-target-facts-required,"The prerequisite review found no separate target prerequisite in this scope: the supported default base for the recorded cub-lk-kind-vanilla test target in namespace kube-system, delivered from ConfigHub OCI through Argo CD.",,none-in-catalog-base,review-required,https://kubernetes-sigs.github.io/secrets-store-csi-driver/charts
secrets-store-csi-driver-secrets-store-csi-driver-1-6-0-sync-secret-rotation,secrets-store-csi-driver/secrets-store-csi-driver,1.6.0,sync-secret-rotation,F2b,recipes/secrets-store-csi-driver/secrets-store-csi-driver/1.6.0,recipes/secrets-store-csi-driver/secrets-store-csi-driver/1.6.0/variants/sync-secret-rotation/variant.yaml,recipes/secrets-store-csi-driver/secrets-store-csi-driver/1.6.0/effective-values-sync-secret-rotation.yaml,kube-system,secrets-store-csi-driver,recipes/secrets-store-csi-driver/secrets-store-csi-driver/1.6.0/revisions/sync-secret-rotation/r001/rendered/release-objects.yaml,packages/secrets-store-csi-driver/secrets-store-csi-driver/1.6.0/bases/sync-secret-rotation,oci://europe-west1-docker.pkg.dev/nth-fort-499605-q5/helm-expt/secrets-store-csi-driver-secrets-store-csi-driver:1.6.0@sha256:82d30ba796f0dc7cee0fcc6e385fa42fb151d3de62604a1639160bbab4ee7791,data/helm-render-intents/intents/secrets-store-csi-driver-secrets-store-csi-driver-1-6-0-sync-secret-rotation.yaml,yes,yes,yes,yes,yes,yes,proven,n/a,0,0,no-route-required,The current catalog record has no source hook or separate lifecycle step for this base.,,0,0,0,not-recorded,not-reviewed,,,actionable-gap,"This base has not recorded whether it needs a Secret, CRD, namespace, value, storage service, external API, or target topology.","Review the base and record its target prerequisites. When none are required, add an explicit no-prerequisite decision with its checked scope and evidence.",none-in-catalog-base,review-required,https://kubernetes-sigs.github.io/secrets-store-csi-driver/charts
stakater-reloader-2-2-12-controller-default-reviewed,stakater/reloader,2.2.12,controller-default-reviewed,F2b,recipes/stakater/reloader/2.2.12,recipes/stakater/reloader/2.2.12/variants/controller-default-reviewed/variant.yaml,recipes/stakater/reloader/2.2.12/effective-values.yaml,default,reloader,recipes/stakater/reloader/2.2.12/revisions/controller-default-reviewed/r001/rendered/release-objects.yaml,packages/stakater/reloader/2.2.12/bases/controller-default-reviewed,oci://europe-west1-docker.pkg.dev/nth-fort-499605-q5/helm-expt/stakater-reloader:2.2.12@sha256:323738c02d856ca2fdcb958802e14af4b13ed2cfd3b5e863549d4ad1bf257ffb,data/helm-render-intents/intents/stakater-reloader-2-2-12-controller-default-reviewed.yaml,yes,yes,yes,yes,yes,yes,proven,n/a,0,0,no-route-required,The current catalog record has no source hook or separate lifecycle step for this base.,,0,0,0,not-recorded,not-reviewed,,,actionable-gap,"This base has not recorded whether it needs a Secret, CRD, namespace, value, storage service, external API, or target topology.","Review the base and record its target prerequisites. When none are required, add an explicit no-prerequisite decision with its checked scope and evidence.",none-in-catalog-base,review-required,https://stakater.github.io/stakater-charts
stakater-reloader-2-2-12-default,stakater/reloader,2.2.12,default,F2a,recipes/stakater/reloader/2.2.12,recipes/stakater/reloader/2.2.12/variants/default/variant.yaml,recipes/stakater/reloader/2.2.12/effective-values.yaml,default,reloader,recipes/stakater/reloader/2.2.12/revisions/default/r001/rendered/release-objects.yaml,packages/stakater/reloader/2.2.12/bases/default,oci://europe-west1-docker.pkg.dev/nth-fort-499605-q5/helm-expt/stakater-reloader:2.2.12@sha256:323738c02d856ca2fdcb958802e14af4b13ed2cfd3b5e863549d4ad1bf257ffb,data/helm-render-intents/intents/stakater-reloader-2-2-12-default.yaml,yes,yes,yes,yes,yes,yes,proven,n/a,0,0,no-route-required,The current catalog record has no source hook or separate lifecycle step for this base.,,0,0,0,not-recorded,not-reviewed,,,actionable-gap,"This base has not recorded whether it needs a Secret, CRD, namespace, value, storage service, external API, or target topology.","Review the base and record its target prerequisites. When none are required, add an explicit no-prerequisite decision with its checked scope and evidence.",none-in-catalog-base,review-required,https://stakater.github.io/stakater-charts
stakater-reloader-2-2-14-default,stakater/reloader,2.2.14,default,F2a,recipes/stakater/reloader/2.2.14,recipes/stakater/reloader/2.2.14/variants/default/variant.yaml,recipes/stakater/reloader/2.2.14/effective-values.yaml,reloader,reloader,recipes/stakater/reloader/2.2.14/revisions/default/r001/rendered/release-objects.yaml,packages/stakater/reloader/2.2.14/bases/default,oci://europe-west1-docker.pkg.dev/nth-fort-499605-q5/helm-expt/stakater-reloader:2.2.14@sha256:8be0cb9b152ba3e0e80b81c9e19b1f5d2e4d05091e8d0577356fc94a495e74d4,data/helm-render-intents/intents/stakater-reloader-2-2-14-default.yaml,yes,todo,todo,todo,todo,todo,missing-confighub-proof,n/a,0,0,no-route-required,The current catalog record has no source hook or separate lifecycle step for this base.,,0,0,0,not-recorded,not-reviewed,,,actionable-gap,"This base has not recorded whether it needs a Secret, CRD, namespace, value, storage service, external API, or target topology.","Review the base and record its target prerequisites. When none are required, add an explicit no-prerequisite decision with its checked scope and evidence.",none-in-catalog-base,review-required,https://stakater.github.io/stakater-charts
strimzi-strimzi-kafka-operator-1-0-0-default,strimzi/strimzi-kafka-operator,1.0.0,default,F2a,recipes/strimzi/strimzi-kafka-operator/1.0.0,recipes/strimzi/strimzi-kafka-operator/1.0.0/variants/default/variant.yaml,recipes/strimzi/strimzi-kafka-operator/1.0.0/effective-values.yaml,default,strimzi-kafka-operator,recipes/strimzi/strimzi-kafka-operator/1.0.0/revisions/default/r001/rendered/release-objects.yaml,packages/strimzi/strimzi-kafka-operator/1.0.0/bases/default,oci://europe-west1-docker.pkg.dev/nth-fort-499605-q5/helm-expt/strimzi-strimzi-kafka-operator:1.0.0@sha256:40ed335861aea2a9559c150936ea3eb2eeca59c4015bda3b40160890a0632848,data/helm-render-intents/intents/strimzi-strimzi-kafka-operator-1-0-0-default.yaml,yes,yes,yes,yes,yes,yes,proven,n/a,0,0,no-route-required,The current catalog record has no source hook or separate lifecycle step for this base.,,0,0,0,not-recorded,not-reviewed,,,actionable-gap,"This base has not recorded whether it needs a Secret, CRD, namespace, value, storage service, external API, or target topology.","Review the base and record its target prerequisites. When none are required, add an explicit no-prerequisite decision with its checked scope and evidence.",none-in-catalog-base,review-required,https://strimzi.io/charts/
strimzi-strimzi-kafka-operator-1-0-0-no-crds,strimzi/strimzi-kafka-operator,1.0.0,no-crds,F2b,recipes/strimzi/strimzi-kafka-operator/1.0.0,recipes/strimzi/strimzi-kafka-operator/1.0.0/variants/no-crds/variant.yaml,recipes/strimzi/strimzi-kafka-operator/1.0.0/effective-values-no-crds.yaml,default,strimzi-kafka-operator,recipes/strimzi/strimzi-kafka-operator/1.0.0/revisions/no-crds/r001/rendered/release-objects.yaml,packages/strimzi/strimzi-kafka-operator/1.0.0/bases/no-crds,oci://europe-west1-docker.pkg.dev/nth-fort-499605-q5/helm-expt/strimzi-strimzi-kafka-operator:1.0.0@sha256:40ed335861aea2a9559c150936ea3eb2eeca59c4015bda3b40160890a0632848,data/helm-render-intents/intents/strimzi-strimzi-kafka-operator-1-0-0-no-crds.yaml,yes,yes,no,yes,yes,yes,proven,n/a,0,0,no-route-required,The current catalog record has no source hook or separate lifecycle step for this base.,,10,10,0,not-recorded,not-reviewed,,,attached,10 target prerequisites declared by this base.,,none-in-catalog-base,review-required,https://strimzi.io/charts/
traefik-traefik-40-2-0-default,traefik/traefik,40.2.0,default,F2a,recipes/traefik/traefik/40.2.0,recipes/traefik/traefik/40.2.0/variants/default/variant.yaml,recipes/traefik/traefik/40.2.0/effective-values.yaml,default,traefik,recipes/traefik/traefik/40.2.0/revisions/default/r001/rendered/release-objects.yaml,packages/traefik/traefik/40.2.0/bases/default,oci://europe-west1-docker.pkg.dev/nth-fort-499605-q5/helm-expt/traefik-traefik:40.2.0@sha256:b127b8df699116a6e6252bcf5a1199c2a32640b7e99de2e45fd507dd29022535,data/helm-render-intents/intents/traefik-traefik-40-2-0-default.yaml,yes,yes,yes,yes,yes,no,proven,n/a,0,0,no-route-required,The current catalog record has no source hook or separate lifecycle step for this base.,,0,0,0,not-recorded,not-reviewed,,,actionable-gap,"This base has not recorded whether it needs a Secret, CRD, namespace, value, storage service, external API, or target topology.","Review the base and record its target prerequisites. When none are required, add an explicit no-prerequisite decision with its checked scope and evidence.",none-in-catalog-base,review-required,https://traefik.github.io/charts
traefik-traefik-40-2-0-no-crds,traefik/traefik,40.2.0,no-crds,F2b,recipes/traefik/traefik/40.2.0,recipes/traefik/traefik/40.2.0/variants/no-crds/variant.yaml,recipes/traefik/traefik/40.2.0/effective-values-no-crds.yaml,default,traefik,recipes/traefik/traefik/40.2.0/revisions/no-crds/r001/rendered/release-objects.yaml,packages/traefik/traefik/40.2.0/bases/no-crds,oci://europe-west1-docker.pkg.dev/nth-fort-499605-q5/helm-expt/traefik-traefik:40.2.0@sha256:b127b8df699116a6e6252bcf5a1199c2a32640b7e99de2e45fd507dd29022535,data/helm-render-intents/intents/traefik-traefik-40-2-0-no-crds.yaml,yes,yes,yes,watch,watch,yes,proven,n/a,0,0,no-route-required,The current catalog record has no source hook or separate lifecycle step for this base.,,0,0,0,not-recorded,not-reviewed,,,actionable-gap,"This base has not recorded whether it needs a Secret, CRD, namespace, value, storage service, external API, or target topology.","Review the base and record its target prerequisites. When none are required, add an explicit no-prerequisite decision with its checked scope and evidence.",none-in-catalog-base,review-required,https://traefik.github.io/charts
traefik-traefik-41-0-2-default,traefik/traefik,41.0.2,default,F2a,recipes/traefik/traefik/41.0.2,recipes/traefik/traefik/41.0.2/variants/default/variant.yaml,recipes/traefik/traefik/41.0.2/effective-values.yaml,traefik,traefik,recipes/traefik/traefik/41.0.2/revisions/default/r001/rendered/release-objects.yaml,packages/traefik/traefik/41.0.2/bases/default,oci://europe-west1-docker.pkg.dev/nth-fort-499605-q5/helm-expt/traefik-traefik:41.0.2@sha256:1eaa111b935f026954acd370b50b9d560c546c992ce14babb581650c295a7cd9,data/helm-render-intents/intents/traefik-traefik-41-0-2-default.yaml,yes,todo,todo,todo,todo,todo,missing-confighub-proof,n/a,0,0,no-route-required,The current catalog record has no source hook or separate lifecycle step for this base.,,0,0,0,not-recorded,not-reviewed,,,actionable-gap,"This base has not recorded whether it needs a Secret, CRD, namespace, value, storage service, external API, or target topology.","Review the base and record its target prerequisites. When none are required, add an explicit no-prerequisite decision with its checked scope and evidence.",none-in-catalog-base,review-required,oci://ghcr.io/traefik/helm
valkey-valkey-0-11-0-default,valkey/valkey,0.11.0,default,F2a,recipes/valkey/valkey/0.11.0,recipes/valkey/valkey/0.11.0/variants/default/variant.yaml,recipes/valkey/valkey/0.11.0/effective-values.yaml,default,valkey,recipes/valkey/valkey/0.11.0/revisions/default/r001/rendered/release-objects.yaml,packages/valkey/valkey/0.11.0/bases/default,oci://europe-west1-docker.pkg.dev/nth-fort-499605-q5/helm-expt/valkey-valkey:0.11.0@sha256:79a341b9ba34bf1de694eb2094ef19be67454f3783c6eea3792f651501b4808f,data/helm-render-intents/intents/valkey-valkey-0-11-0-default.yaml,yes,todo,todo,todo,todo,todo,missing-confighub-proof,n/a,0,0,no-route-required,The current catalog record has no source hook or separate lifecycle step for this base.,,0,0,0,not-recorded,not-reviewed,,,actionable-gap,"This base has not recorded whether it needs a Secret, CRD, namespace, value, storage service, external API, or target topology.","Review the base and record its target prerequisites. When none are required, add an explicit no-prerequisite decision with its checked scope and evidence.",none-in-catalog-base,review-required,https://valkey.io/valkey-helm/
velero-velero-12-0-1-default,velero/velero,12.0.1,default,F2a,recipes/velero/velero/12.0.1,recipes/velero/velero/12.0.1/variants/default/variant.yaml,recipes/velero/velero/12.0.1/effective-values.yaml,default,velero,recipes/velero/velero/12.0.1/revisions/default/r001/rendered/release-objects.yaml,packages/velero/velero/12.0.1/bases/default,oci://europe-west1-docker.pkg.dev/nth-fort-499605-q5/helm-expt/velero-velero:12.0.1@sha256:8ef67eb54e2a8457c08fdaa97ad41edea5b85c5f7e0b600fa157f3e64f19017e,data/helm-render-intents/intents/velero-velero-12-0-1-default.yaml,yes,yes,no,no,no,no,proven,n/a,0,0,no-route-required,The current catalog record has no source hook or separate lifecycle step for this base.,,0,0,0,not-recorded,not-reviewed,,,actionable-gap,"This base has not recorded whether it needs a Secret, CRD, namespace, value, storage service, external API, or target topology.","Review the base and record its target prerequisites. When none are required, add an explicit no-prerequisite decision with its checked scope and evidence.",none-in-catalog-base,review-required,https://vmware-tanzu.github.io/helm-charts
velero-velero-12-0-1-no-crds,velero/velero,12.0.1,no-crds,F2b,recipes/velero/velero/12.0.1,recipes/velero/velero/12.0.1/variants/no-crds/variant.yaml,recipes/velero/velero/12.0.1/effective-values-no-crds.yaml,default,velero,recipes/velero/velero/12.0.1/revisions/no-crds/r001/rendered/release-objects.yaml,packages/velero/velero/12.0.1/bases/no-crds,oci://europe-west1-docker.pkg.dev/nth-fort-499605-q5/helm-expt/velero-velero:12.0.1@sha256:8ef67eb54e2a8457c08fdaa97ad41edea5b85c5f7e0b600fa157f3e64f19017e,data/helm-render-intents/intents/velero-velero-12-0-1-no-crds.yaml,yes,yes,no,no,no,no,proven,n/a,0,0,no-route-required,The current catalog record has no source hook or separate lifecycle step for this base.,,0,0,1,not-recorded,not-reviewed,,,actionable-gap,"1 observed prerequisite action record exists, but the base does not declare the prerequisite.","Add the observed prerequisite to spec.targetFacts in the base variant, then rerun its proof.",none-in-catalog-base,review-required,https://vmware-tanzu.github.io/helm-charts
velero-velero-12-1-0-default,velero/velero,12.1.0,default,F2a,recipes/velero/velero/12.1.0,recipes/velero/velero/12.1.0/variants/default/variant.yaml,recipes/velero/velero/12.1.0/effective-values.yaml,velero,velero,recipes/velero/velero/12.1.0/revisions/default/r001/rendered/release-objects.yaml,packages/velero/velero/12.1.0/bases/default,oci://europe-west1-docker.pkg.dev/nth-fort-499605-q5/helm-expt/velero-velero:12.1.0@sha256:4f79e7fbd3e4a3564746dcfdc45091f43cb8faeb1a569e5cd6825576fcdd3882,data/helm-render-intents/intents/velero-velero-12-1-0-default.yaml,yes,todo,todo,todo,todo,todo,missing-confighub-proof,n/a,0,0,no-route-required,The current catalog record has no source hook or separate lifecycle step for this base.,,0,0,0,not-recorded,not-reviewed,,,actionable-gap,"This base has not recorded whether it needs a Secret, CRD, namespace, value, storage service, external API, or target topology.","Review the base and record its target prerequisites. When none are required, add an explicit no-prerequisite decision with its checked scope and evidence.",none-in-catalog-base,review-required,https://vmware-tanzu.github.io/helm-charts
vm-victoria-logs-single-0-12-5-default,vm/victoria-logs-single,0.12.5,default,F2a,recipes/vm/victoria-logs-single/0.12.5,recipes/vm/victoria-logs-single/0.12.5/variants/default/variant.yaml,recipes/vm/victoria-logs-single/0.12.5/effective-values.yaml,default,victoria-logs-single,recipes/vm/victoria-logs-single/0.12.5/revisions/default/r001/rendered/release-objects.yaml,packages/vm/victoria-logs-single/0.12.5/bases/default,oci://europe-west1-docker.pkg.dev/nth-fort-499605-q5/helm-expt/vm-victoria-logs-single:0.12.5@sha256:600a3ea933d9ffa94358d653ab77560ad1356d48c4b3b3f06cbbfb0845438686,data/helm-render-intents/intents/vm-victoria-logs-single-0-12-5-default.yaml,yes,yes,yes,yes,yes,yes,proven,n/a,0,0,no-route-required,The current catalog record has no source hook or separate lifecycle step for this base.,,0,0,0,not-recorded,not-reviewed,,,actionable-gap,"This base has not recorded whether it needs a Secret, CRD, namespace, value, storage service, external API, or target topology.","Review the base and record its target prerequisites. When none are required, add an explicit no-prerequisite decision with its checked scope and evidence.",none-in-catalog-base,review-required,https://victoriametrics.github.io/helm-charts
vm-victoria-metrics-single-0-39-0-default,vm/victoria-metrics-single,0.39.0,default,F2a,recipes/vm/victoria-metrics-single/0.39.0,recipes/vm/victoria-metrics-single/0.39.0/variants/default/variant.yaml,recipes/vm/victoria-metrics-single/0.39.0/effective-values.yaml,default,victoria-metrics-single,recipes/vm/victoria-metrics-single/0.39.0/revisions/default/r001/rendered/release-objects.yaml,packages/vm/victoria-metrics-single/0.39.0/bases/default,oci://europe-west1-docker.pkg.dev/nth-fort-499605-q5/helm-expt/vm-victoria-metrics-single:0.39.0@sha256:b90babd40294c989155732abdc1848634c2478d0496e14a3eaec08d5a91f9195,data/helm-render-intents/intents/vm-victoria-metrics-single-0-39-0-default.yaml,yes,yes,yes,yes,yes,yes,proven,n/a,0,0,no-route-required,The current catalog record has no source hook or separate lifecycle step for this base.,,0,0,0,not-recorded,not-reviewed,,,actionable-gap,"This base has not recorded whether it needs a Secret, CRD, namespace, value, storage service, external API, or target topology.","Review the base and record its target prerequisites. When none are required, add an explicit no-prerequisite decision with its checked scope and evidence.",none-in-catalog-base,review-required,https://victoriametrics.github.io/helm-charts
vm-victoria-metrics-single-0-39-0-default-reviewed,vm/victoria-metrics-single,0.39.0,default-reviewed,F2b,recipes/vm/victoria-metrics-single/0.39.0,recipes/vm/victoria-metrics-single/0.39.0/variants/default-reviewed/variant.yaml,recipes/vm/victoria-metrics-single/0.39.0/effective-values.yaml,default,victoria-metrics-single,recipes/vm/victoria-metrics-single/0.39.0/revisions/default-reviewed/r001/rendered/release-objects.yaml,packages/vm/victoria-metrics-single/0.39.0/bases/default-reviewed,oci://europe-west1-docker.pkg.dev/nth-fort-499605-q5/helm-expt/vm-victoria-metrics-single:0.39.0@sha256:b90babd40294c989155732abdc1848634c2478d0496e14a3eaec08d5a91f9195,data/helm-render-intents/intents/vm-victoria-metrics-single-0-39-0-default-reviewed.yaml,yes,yes,yes,yes,yes,yes,proven,n/a,0,0,no-route-required,The current catalog record has no source hook or separate lifecycle step for this base.,,0,0,0,not-recorded,not-reviewed,,,actionable-gap,"This base has not recorded whether it needs a Secret, CRD, namespace, value, storage service, external API, or target topology.","Review the base and record its target prerequisites. When none are required, add an explicit no-prerequisite decision with its checked scope and evidence.",none-in-catalog-base,review-required,https://victoriametrics.github.io/helm-charts
