"persona","run_id","max_clicks","category","format","goal_code","goal","start_url","outcome","clicks","elapsed_ms","start_complete","start_matched_groups","first_click_accurate","matched_groups","total_groups","actionable","next_action_clear","disposition","evidence_url","evidence_title","evidence_excerpt","path"
"developer","developer-001","5","comprehension","mixed","D-C1","understand what this site does","https://confighub.github.io/helm-expt/site/index.html","success","0","192","yes","2","no","2","2","yes","yes","continue","https://confighub.github.io/helm-expt/site/index.html","Config Workshop · Understand and test your configuration","figuration Config Workshop AN EXPERIMENTAL TEST SITE FOR CONFIG TOOLS Catalog Platforms and stacks Operate Why trust it Docs ConfigHub Helm first · AICR, Timoni, OCI and YAML examples See what your configuration will do Bring t","https://confighub.github.io/helm-expt/site/index.html"
"developer","developer-002","5","comprehension","mixed","D-C1","understand what this site does","https://confighub.github.io/helm-expt/site/ai.html","success","0","151","yes","2","no","2","2","yes","yes","continue","https://confighub.github.io/helm-expt/site/ai.html","AI with review and evidence · Config Workshop","g Workshop Config Workshop AN EXPERIMENTAL TEST SITE FOR CONFIG TOOLS Catalog Platforms and stacks Operate Why trust it Docs ConfigHub Catalog Find a configuration Is my configuration right? Try it: Redis in ten minutes Detaile","https://confighub.github.io/helm-expt/site/ai.html"
"developer","developer-003","5","comprehension","mixed","D-C1","understand what this site does","https://confighub.github.io/helm-expt/site/ask.html","success","0","162","yes","2","no","2","2","yes","yes","continue","https://confighub.github.io/helm-expt/site/ask.html","Check my config · Config Workshop","g Workshop Config Workshop AN EXPERIMENTAL TEST SITE FOR CONFIG TOOLS Catalog Platforms and stacks Operate Why trust it Docs ConfigHub Catalog Find a configuration Is my configuration right? Try it: Redis in ten minutes Detaile","https://confighub.github.io/helm-expt/site/ask.html"
"developer","developer-004","5","comprehension","mixed","D-C1","understand what this site does","https://confighub.github.io/helm-expt/site/promote.html","success","0","156","yes","2","no","2","2","yes","yes","continue","https://confighub.github.io/helm-expt/site/promote.html","Promote my config · Config Workshop","g Workshop Config Workshop AN EXPERIMENTAL TEST SITE FOR CONFIG TOOLS Catalog Platforms and stacks Operate Why trust it Docs ConfigHub Catalog Find a configuration Is my configuration right? Try it: Redis in ten minutes Detaile","https://confighub.github.io/helm-expt/site/promote.html"
"developer","developer-005","5","comprehension","mixed","D-C1","understand what this site does","https://confighub.github.io/helm-expt/site/charts/index.html","success","0","198","yes","2","no","2","2","yes","yes","continue","https://confighub.github.io/helm-expt/site/charts/index.html","Component Catalog · Config Workshop","Component Catalog · Config Workshop Config Workshop AN EXPERIMENTAL TEST SITE FOR CONFIG TOOLS Catalog Platforms and stacks Operate Why trust it Docs ConfigHub Catalog","https://confighub.github.io/helm-expt/site/charts/index.html"
"developer","developer-006","5","comprehension","mixed","D-C1","understand what this site does","https://confighub.github.io/helm-expt/site/try.html","success","0","158","yes","2","no","2","2","yes","yes","continue","https://confighub.github.io/helm-expt/site/try.html","Try it: Redis in ten minutes · Config Workshop","g Workshop Config Workshop AN EXPERIMENTAL TEST SITE FOR CONFIG TOOLS Catalog Platforms and stacks Operate Why trust it Docs ConfigHub Catalog Find a configuration Is my configuration right? Try it: Redis in ten minutes Detaile","https://confighub.github.io/helm-expt/site/try.html"
"developer","developer-007","5","comprehension","mixed","D-C1","understand what this site does","https://confighub.github.io/helm-expt/site/testing.html","success","0","169","yes","2","no","2","2","yes","yes","continue","https://confighub.github.io/helm-expt/site/testing.html","Worked Examples · Config Workshop","g Workshop Config Workshop AN EXPERIMENTAL TEST SITE FOR CONFIG TOOLS Catalog Platforms and stacks Operate Why trust it Docs ConfigHub Catalog Find a configuration Is my configuration right? Try it: Redis in ten minutes Detaile","https://confighub.github.io/helm-expt/site/testing.html"
"developer","developer-008","5","comprehension","mixed","D-C1","understand what this site does","https://confighub.github.io/helm-expt/site/how-it-works.html","success","0","170","yes","2","no","2","2","yes","yes","continue","https://confighub.github.io/helm-expt/site/how-it-works.html","Operate · Config Workshop","g Workshop Config Workshop AN EXPERIMENTAL TEST SITE FOR CONFIG TOOLS Catalog Platforms and stacks Operate Why trust it Docs ConfigHub Catalog Find a configuration Is my configuration right? Try it: Redis in ten minutes Detaile","https://confighub.github.io/helm-expt/site/how-it-works.html"
"developer","developer-009","5","comprehension","mixed","D-C1","understand what this site does","https://confighub.github.io/helm-expt/site/docs.html","success","0","134","yes","2","no","2","2","yes","yes","continue","https://confighub.github.io/helm-expt/site/docs.html","Docs · Config Workshop","g Workshop Config Workshop AN EXPERIMENTAL TEST SITE FOR CONFIG TOOLS Catalog Platforms and stacks Operate Why trust it Docs ConfigHub Catalog Find a configuration Is my configuration right? Try it: Redis in ten minutes Detaile","https://confighub.github.io/helm-expt/site/docs.html"
"developer","developer-010","5","comprehension","mixed","D-C1","understand what this site does","https://confighub.github.io/helm-expt/site/confighub.html","success","0","110","yes","2","no","2","2","yes","yes","continue","https://confighub.github.io/helm-expt/site/confighub.html","Use ConfigHub · Config Workshop","g Workshop Config Workshop AN EXPERIMENTAL TEST SITE FOR CONFIG TOOLS Catalog Platforms and stacks Operate Why trust it Docs ConfigHub Catalog Find a configuration Is my configuration right? Try it: Redis in ten minutes Detaile","https://confighub.github.io/helm-expt/site/confighub.html"
"developer","developer-011","5","comprehension","mixed","D-C2","understand Catalog versus my own case","https://confighub.github.io/helm-expt/site/index.html","partial","5","180","no","1","no","1","2","yes","no","bookmark","https://confighub.github.io/helm-expt/site/index.html","Config Workshop · Understand and test your configuration","figuration Config Workshop AN EXPERIMENTAL TEST SITE FOR CONFIG TOOLS Catalog Platforms and stacks Operate Why trust it Docs ConfigHub Helm first · AICR, Timoni, OCI and YAML examples See what your configuration will do Bring t","https://confighub.github.io/helm-expt/site/index.html -> https://confighub.github.io/helm-expt/site/charts/index.html -> https://confighub.github.io/helm-expt/site/d/docs/reference/how-the-catalog-is-built.html -> https://confighub.github.io/helm-expt/site/d/docs/reference/how-the-catalog-is-built.html#retained-versions -> https://confighub.github.io/helm-expt/site/d/docs/reference/how-the-catalog-is-built.html#the-matrix-taxonomy -> https://confighub.github.io/helm-expt/site/d/docs/reference/how-the-catalog-is-built.html#what-a-passing-verifier-means"
"developer","developer-012","5","comprehension","mixed","D-C2","understand Catalog versus my own case","https://confighub.github.io/helm-expt/site/ai.html","partial","5","391","no","1","no","1","2","yes","no","bookmark","https://confighub.github.io/helm-expt/site/ai.html","AI with review and evidence · Config Workshop","g Workshop Config Workshop AN EXPERIMENTAL TEST SITE FOR CONFIG TOOLS Catalog Platforms and stacks Operate Why trust it Docs ConfigHub Catalog Find a configuration Is my configuration right? Try it: Redis in ten minutes Detaile","https://confighub.github.io/helm-expt/site/ai.html -> https://confighub.github.io/helm-expt/site/charts/index.html -> https://confighub.github.io/helm-expt/site/d/docs/reference/how-the-catalog-is-built.html -> https://confighub.github.io/helm-expt/site/d/docs/reference/how-the-catalog-is-built.html#retained-versions -> https://confighub.github.io/helm-expt/site/d/docs/reference/how-the-catalog-is-built.html#the-matrix-taxonomy -> https://confighub.github.io/helm-expt/site/d/docs/reference/how-the-catalog-is-built.html#what-a-passing-verifier-means"
"developer","developer-013","5","comprehension","mixed","D-C2","understand Catalog versus my own case","https://confighub.github.io/helm-expt/site/ask.html","success","0","21","yes","2","no","2","2","yes","yes","continue","https://confighub.github.io/helm-expt/site/ask.html","Check my config · Config Workshop","g Workshop Config Workshop AN EXPERIMENTAL TEST SITE FOR CONFIG TOOLS Catalog Platforms and stacks Operate Why trust it Docs ConfigHub Catalog Find a configuration Is my configuration right? Try it: Redis in ten minutes Detaile","https://confighub.github.io/helm-expt/site/ask.html"
"developer","developer-014","5","comprehension","mixed","D-C2","understand Catalog versus my own case","https://confighub.github.io/helm-expt/site/promote.html","partial","5","185","no","1","no","1","2","yes","no","bookmark","https://confighub.github.io/helm-expt/site/promote.html","Promote my config · Config Workshop","g Workshop Config Workshop AN EXPERIMENTAL TEST SITE FOR CONFIG TOOLS Catalog Platforms and stacks Operate Why trust it Docs ConfigHub Catalog Find a configuration Is my configuration right? Try it: Redis in ten minutes Detaile","https://confighub.github.io/helm-expt/site/promote.html -> https://confighub.github.io/helm-expt/site/charts/index.html -> https://confighub.github.io/helm-expt/site/d/docs/reference/how-the-catalog-is-built.html -> https://confighub.github.io/helm-expt/site/d/docs/reference/how-the-catalog-is-built.html#retained-versions -> https://confighub.github.io/helm-expt/site/d/docs/reference/how-the-catalog-is-built.html#the-matrix-taxonomy -> https://confighub.github.io/helm-expt/site/d/docs/reference/how-the-catalog-is-built.html#what-a-passing-verifier-means"
"developer","developer-015","5","comprehension","mixed","D-C2","understand Catalog versus my own case","https://confighub.github.io/helm-expt/site/charts/index.html","partial","5","298","no","1","no","1","2","yes","no","bookmark","https://confighub.github.io/helm-expt/site/charts/index.html","Component Catalog · Config Workshop","Component Catalog · Config Workshop Config Workshop AN EXPERIMENTAL TEST SITE FOR CONFIG TOOLS Catalog Platforms and stacks Operate Why trust it Docs ConfigHub Catalog","https://confighub.github.io/helm-expt/site/charts/index.html -> https://confighub.github.io/helm-expt/site/d/docs/reference/how-the-catalog-is-built.html -> https://confighub.github.io/helm-expt/site/d/docs/reference/how-the-catalog-is-built.html#retained-versions -> https://confighub.github.io/helm-expt/site/d/docs/reference/how-the-catalog-is-built.html#the-matrix-taxonomy -> https://confighub.github.io/helm-expt/site/d/docs/reference/how-the-catalog-is-built.html#what-a-passing-verifier-means -> https://confighub.github.io/helm-expt/site/known-gaps.html"
"developer","developer-016","5","comprehension","mixed","D-C2","understand Catalog versus my own case","https://confighub.github.io/helm-expt/site/try.html","success","0","19","yes","2","no","2","2","yes","yes","continue","https://confighub.github.io/helm-expt/site/try.html","Try it: Redis in ten minutes · Config Workshop","g Workshop Config Workshop AN EXPERIMENTAL TEST SITE FOR CONFIG TOOLS Catalog Platforms and stacks Operate Why trust it Docs ConfigHub Catalog Find a configuration Is my configuration right? Try it: Redis in ten minutes Detaile","https://confighub.github.io/helm-expt/site/try.html"
"developer","developer-017","5","comprehension","mixed","D-C2","understand Catalog versus my own case","https://confighub.github.io/helm-expt/site/testing.html","partial","5","199","no","1","no","1","2","yes","no","bookmark","https://confighub.github.io/helm-expt/site/testing.html","Worked Examples · Config Workshop","g Workshop Config Workshop AN EXPERIMENTAL TEST SITE FOR CONFIG TOOLS Catalog Platforms and stacks Operate Why trust it Docs ConfigHub Catalog Find a configuration Is my configuration right? Try it: Redis in ten minutes Detaile","https://confighub.github.io/helm-expt/site/testing.html -> https://confighub.github.io/helm-expt/site/d/data/helm-catalog-readmes/spaces/byo-nginx-ai-values-24-0-2-reviewed/README.html -> https://confighub.github.io/helm-expt/site/d/data/helm-catalog-readmes/spaces/byo-nginx-ai-values-24-0-2-reviewed/README.html#why-this-example-exists -> https://confighub.github.io/helm-expt/site/d/data/helm-catalog-readmes/spaces/byo-nginx-ai-values-24-0-2-reviewed/README.html#what-this-example-shows -> https://confighub.github.io/helm-expt/site/charts/index.html -> https://confighub.github.io/helm-expt/site/d/docs/reference/how-the-catalog-is-built.html"
"developer","developer-018","5","comprehension","mixed","D-C2","understand Catalog versus my own case","https://confighub.github.io/helm-expt/site/how-it-works.html","partial","5","201","no","1","no","1","2","yes","no","bookmark","https://confighub.github.io/helm-expt/site/how-it-works.html","Operate · Config Workshop","g Workshop Config Workshop AN EXPERIMENTAL TEST SITE FOR CONFIG TOOLS Catalog Platforms and stacks Operate Why trust it Docs ConfigHub Catalog Find a configuration Is my configuration right? Try it: Redis in ten minutes Detaile","https://confighub.github.io/helm-expt/site/how-it-works.html -> https://confighub.github.io/helm-expt/site/charts/index.html -> https://confighub.github.io/helm-expt/site/d/docs/reference/how-the-catalog-is-built.html -> https://confighub.github.io/helm-expt/site/d/docs/reference/how-the-catalog-is-built.html#retained-versions -> https://confighub.github.io/helm-expt/site/d/docs/reference/how-the-catalog-is-built.html#the-matrix-taxonomy -> https://confighub.github.io/helm-expt/site/d/docs/reference/how-the-catalog-is-built.html#what-a-passing-verifier-means"
"developer","developer-019","5","comprehension","mixed","D-C2","understand Catalog versus my own case","https://confighub.github.io/helm-expt/site/docs.html","partial","5","208","no","1","no","1","2","yes","no","bookmark","https://confighub.github.io/helm-expt/site/docs.html","Docs · Config Workshop","g Workshop Config Workshop AN EXPERIMENTAL TEST SITE FOR CONFIG TOOLS Catalog Platforms and stacks Operate Why trust it Docs ConfigHub Catalog Find a configuration Is my configuration right? Try it: Redis in ten minutes Detaile","https://confighub.github.io/helm-expt/site/docs.html -> https://confighub.github.io/helm-expt/site/d/data/helm-catalog-readmes/summary.html -> https://confighub.github.io/helm-expt/site/charts/index.html -> https://confighub.github.io/helm-expt/site/d/docs/reference/how-the-catalog-is-built.html -> https://confighub.github.io/helm-expt/site/d/docs/reference/how-the-catalog-is-built.html#retained-versions -> https://confighub.github.io/helm-expt/site/d/docs/reference/how-the-catalog-is-built.html#the-matrix-taxonomy"
"developer","developer-020","5","comprehension","mixed","D-C2","understand Catalog versus my own case","https://confighub.github.io/helm-expt/site/confighub.html","success","0","107","yes","2","no","2","2","yes","yes","continue","https://confighub.github.io/helm-expt/site/confighub.html","Use ConfigHub · Config Workshop","g Workshop Config Workshop AN EXPERIMENTAL TEST SITE FOR CONFIG TOOLS Catalog Platforms and stacks Operate Why trust it Docs ConfigHub Catalog Find a configuration Is my configuration right? Try it: Redis in ten minutes Detaile","https://confighub.github.io/helm-expt/site/confighub.html"
"developer","developer-021","5","comprehension","Helm","D-C3","understand cub installer","https://confighub.github.io/helm-expt/site/index.html","success","0","18","yes","3","no","3","3","yes","yes","continue","https://confighub.github.io/helm-expt/site/index.html","Config Workshop · Understand and test your configuration","with a receipt behind every run shown here. Underneath, the released cub installer does the packaging: it renders a catalog package and writes the files locally, and it does not apply anything to a cluster. See Deployment . Add --ou","https://confighub.github.io/helm-expt/site/index.html"
"developer","developer-022","5","comprehension","Helm","D-C3","understand cub installer","https://confighub.github.io/helm-expt/site/ai.html","partial","5","191","no","2","no","2","3","yes","no","bookmark","https://confighub.github.io/helm-expt/site/ai.html","AI with review and evidence · Config Workshop","ced. Compare them with the defaults and tell me what matters. A local render, normalized comparison, findings, and a reviewed result you can keep. Review a promotion Can I move this staging configuration to production? Current","https://confighub.github.io/helm-expt/site/ai.html -> https://confighub.github.io/helm-expt/site/try.html#install-cub -> https://confighub.github.io/helm-expt/site/try.html#render-package -> https://confighub.github.io/helm-expt/site/try.html#finished -> https://confighub.github.io/helm-expt/site/try.html -> https://confighub.github.io/helm-expt/site/try-aicr.html"
"developer","developer-023","5","comprehension","Helm","D-C3","understand cub installer","https://confighub.github.io/helm-expt/site/ask.html","partial","5","112","no","2","no","2","3","yes","no","bookmark","https://confighub.github.io/helm-expt/site/ask.html","Check my config · Config Workshop","the command line: render or extract the same objects with cub helm , cub installer , or the source tool named by the example. Run cub check on those files for the shared local configuration checks. The page gives you copyable comman","https://confighub.github.io/helm-expt/site/ask.html -> https://confighub.github.io/helm-expt/site/ask.html#ignored-values -> https://confighub.github.io/helm-expt/site/try.html#install-cub -> https://confighub.github.io/helm-expt/site/try.html#render-package -> https://confighub.github.io/helm-expt/site/try.html#finished -> https://confighub.github.io/helm-expt/site/try.html"
"developer","developer-024","5","comprehension","Helm","D-C3","understand cub installer","https://confighub.github.io/helm-expt/site/promote.html","partial","5","191","no","2","no","2","3","yes","no","bookmark","https://confighub.github.io/helm-expt/site/promote.html","Promote my config · Config Workshop","s to two. This comparison contains the chart's 13 Kubernetes objects; cub installer adds the explicit Namespace as the fourteenth deployable object. What changes What stays the same Before this reaches the destination Where the chang","https://confighub.github.io/helm-expt/site/promote.html -> https://confighub.github.io/helm-expt/site/try.html#install-cub -> https://confighub.github.io/helm-expt/site/try.html#render-package -> https://confighub.github.io/helm-expt/site/try.html#finished -> https://confighub.github.io/helm-expt/site/try.html -> https://confighub.github.io/helm-expt/site/try-aicr.html"
"developer","developer-025","5","comprehension","Helm","D-C3","understand cub installer","https://confighub.github.io/helm-expt/site/charts/index.html","partial","5","114","no","1","yes","2","3","yes","no","bookmark","https://confighub.github.io/helm-expt/site/how-it-works.html#setting-sources","Operate · Config Workshop",". They may have come from Helm, an AICR recipe for AI infrastructure, cub installer, OCI, or plain YAML. This is the third of the three things Config Workshop is : operating apps, platforms, and stacks correctly. You can stop with lo","https://confighub.github.io/helm-expt/site/charts/index.html -> https://confighub.github.io/helm-expt/site/how-it-works.html#setting-sources -> https://confighub.github.io/helm-expt/site/try.html#install-cub -> https://confighub.github.io/helm-expt/site/try.html#render-package -> https://confighub.github.io/helm-expt/site/try.html#finished -> https://confighub.github.io/helm-expt/site/try.html"
"developer","developer-026","5","comprehension","Helm","D-C3","understand cub installer","https://confighub.github.io/helm-expt/site/try.html","partial","5","185","no","2","no","2","3","yes","no","bookmark","https://confighub.github.io/helm-expt/site/try.html","Try it: Redis in ten minutes · Config Workshop","H=""$HOME/.confighub/bin:$PATH"" cub plugin install confighub/installer cub installer version kustomize version The plugin release contains the program for your operating system. You do not need Go. If cub is already installed, run cub","https://confighub.github.io/helm-expt/site/try.html -> https://confighub.github.io/helm-expt/site/try.html#render-package -> https://confighub.github.io/helm-expt/site/try.html#install-cub -> https://confighub.github.io/helm-expt/site/try.html#finished -> https://confighub.github.io/helm-expt/site/try-aicr.html -> https://confighub.github.io/helm-expt/site/try-aicr.html#install-oras"
"developer","developer-027","5","comprehension","Helm","D-C3","understand cub installer","https://confighub.github.io/helm-expt/site/testing.html","success","0","22","yes","3","no","3","3","yes","yes","continue","https://confighub.github.io/helm-expt/site/testing.html","Worked Examples · Config Workshop","ce a command saves or changes ConfigHub data. What this command does. cub installer is an open-source plugin for the cub CLI. cub installer setup pulls a catalog package and writes its Kubernetes files locally, leaving delivery to ku","https://confighub.github.io/helm-expt/site/testing.html"
"developer","developer-028","5","comprehension","Helm","D-C3","understand cub installer","https://confighub.github.io/helm-expt/site/how-it-works.html","partial","5","105","no","2","no","2","3","yes","no","bookmark","https://confighub.github.io/helm-expt/site/how-it-works.html","Operate · Config Workshop",". They may have come from Helm, an AICR recipe for AI infrastructure, cub installer, OCI, or plain YAML. This is the third of the three things Config Workshop is : operating apps, platforms, and stacks correctly. You can stop with lo","https://confighub.github.io/helm-expt/site/how-it-works.html -> https://confighub.github.io/helm-expt/site/try.html#install-cub -> https://confighub.github.io/helm-expt/site/try.html#render-package -> https://confighub.github.io/helm-expt/site/try.html#finished -> https://confighub.github.io/helm-expt/site/try.html -> https://confighub.github.io/helm-expt/site/try-aicr.html"
"developer","developer-029","5","comprehension","Helm","D-C3","understand cub installer","https://confighub.github.io/helm-expt/site/docs.html","partial","5","115","no","2","no","2","3","yes","no","bookmark","https://confighub.github.io/helm-expt/site/docs.html","Docs · Config Workshop","nt Config catalog demonstrations The maintained paths for Helm, AICR, cub installer, public OCI work, Kubara, and Sveltos, followed by variants, promotions, policy, and five ConfigHub Apps. Config catalog demonstrations Config catalo","https://confighub.github.io/helm-expt/site/docs.html -> https://confighub.github.io/helm-expt/site/try.html#install-cub -> https://confighub.github.io/helm-expt/site/try.html#render-package -> https://confighub.github.io/helm-expt/site/try.html#finished -> https://confighub.github.io/helm-expt/site/try.html -> https://confighub.github.io/helm-expt/site/try-aicr.html"
"developer","developer-030","5","comprehension","Helm","D-C3","understand cub installer","https://confighub.github.io/helm-expt/site/confighub.html","partial","5","115","no","1","yes","2","3","yes","no","bookmark","https://confighub.github.io/helm-expt/site/try.html#install-cub","Try it: Redis in ten minutes · Config Workshop","H=""$HOME/.confighub/bin:$PATH"" cub plugin install confighub/installer cub installer version kustomize version The plugin release contains the program for your operating system. You do not need Go. If cub is already installed, run cub","https://confighub.github.io/helm-expt/site/confighub.html -> https://confighub.github.io/helm-expt/site/try.html#install-cub -> https://confighub.github.io/helm-expt/site/try.html#render-package -> https://confighub.github.io/helm-expt/site/try.html#finished -> https://confighub.github.io/helm-expt/site/try.html -> https://confighub.github.io/helm-expt/site/try-aicr.html"
"developer","developer-031","5","comprehension","mixed","D-C4","understand what ConfigHub adds","https://confighub.github.io/helm-expt/site/index.html","success","0","17","yes","3","no","3","3","yes","yes","continue","https://confighub.github.io/helm-expt/site/index.html","Config Workshop · Understand and test your configuration","R CONFIG TOOLS Catalog Platforms and stacks Operate Why trust it Docs ConfigHub Helm first · AICR, Timoni, OCI and YAML examples See what your configuration will do Bring the configuration you or your AI just created. Config Work","https://confighub.github.io/helm-expt/site/index.html"
"developer","developer-032","5","comprehension","mixed","D-C4","understand what ConfigHub adds","https://confighub.github.io/helm-expt/site/ai.html","success","0","21","yes","3","no","3","3","yes","yes","continue","https://confighub.github.io/helm-expt/site/ai.html","AI with review and evidence · Config Workshop","R CONFIG TOOLS Catalog Platforms and stacks Operate Why trust it Docs ConfigHub Catalog Find a configuration Is my configuration right? Try it: Redis in ten minutes Detailed Redis walkthrough Run it with Flux, Argo CD, or kubectl","https://confighub.github.io/helm-expt/site/ai.html"
"developer","developer-033","5","comprehension","mixed","D-C4","understand what ConfigHub adds","https://confighub.github.io/helm-expt/site/ask.html","success","0","23","yes","3","no","3","3","yes","yes","continue","https://confighub.github.io/helm-expt/site/ask.html","Check my config · Config Workshop","R CONFIG TOOLS Catalog Platforms and stacks Operate Why trust it Docs ConfigHub Catalog Find a configuration Is my configuration right? Try it: Redis in ten minutes Detailed Redis walkthrough Run it with Flux, Argo CD, or kubectl","https://confighub.github.io/helm-expt/site/ask.html"
"developer","developer-034","5","comprehension","mixed","D-C4","understand what ConfigHub adds","https://confighub.github.io/helm-expt/site/promote.html","success","0","104","yes","3","no","3","3","yes","yes","continue","https://confighub.github.io/helm-expt/site/promote.html","Promote my config · Config Workshop","R CONFIG TOOLS Catalog Platforms and stacks Operate Why trust it Docs ConfigHub Catalog Find a configuration Is my configuration right? Try it: Redis in ten minutes Detailed Redis walkthrough Run it with Flux, Argo CD, or kubectl","https://confighub.github.io/helm-expt/site/promote.html"
"developer","developer-035","5","comprehension","mixed","D-C4","understand what ConfigHub adds","https://confighub.github.io/helm-expt/site/charts/index.html","success","0","24","yes","3","no","3","3","yes","yes","continue","https://confighub.github.io/helm-expt/site/charts/index.html","Component Catalog · Config Workshop","R CONFIG TOOLS Catalog Platforms and stacks Operate Why trust it Docs ConfigHub Catalog Find a configuration Is my configuration right? Try it: Redis in ten minutes Detailed Redis walkthrough Run it with Flux, Argo CD, or kubectl","https://confighub.github.io/helm-expt/site/charts/index.html"
"developer","developer-036","5","comprehension","mixed","D-C4","understand what ConfigHub adds","https://confighub.github.io/helm-expt/site/try.html","success","0","20","yes","3","no","3","3","yes","yes","continue","https://confighub.github.io/helm-expt/site/try.html","Try it: Redis in ten minutes · Config Workshop","R CONFIG TOOLS Catalog Platforms and stacks Operate Why trust it Docs ConfigHub Catalog Find a configuration Is my configuration right? Try it: Redis in ten minutes Detailed Redis walkthrough Run it with Flux, Argo CD, or kubectl","https://confighub.github.io/helm-expt/site/try.html"
"developer","developer-037","5","comprehension","mixed","D-C4","understand what ConfigHub adds","https://confighub.github.io/helm-expt/site/testing.html","success","0","21","yes","3","no","3","3","yes","yes","continue","https://confighub.github.io/helm-expt/site/testing.html","Worked Examples · Config Workshop","R CONFIG TOOLS Catalog Platforms and stacks Operate Why trust it Docs ConfigHub Catalog Find a configuration Is my configuration right? Try it: Redis in ten minutes Detailed Redis walkthrough Run it with Flux, Argo CD, or kubectl","https://confighub.github.io/helm-expt/site/testing.html"
"developer","developer-038","5","comprehension","mixed","D-C4","understand what ConfigHub adds","https://confighub.github.io/helm-expt/site/how-it-works.html","success","0","20","yes","3","no","3","3","yes","yes","continue","https://confighub.github.io/helm-expt/site/how-it-works.html","Operate · Config Workshop","R CONFIG TOOLS Catalog Platforms and stacks Operate Why trust it Docs ConfigHub Catalog Find a configuration Is my configuration right? Try it: Redis in ten minutes Detailed Redis walkthrough Run it with Flux, Argo CD, or kubectl","https://confighub.github.io/helm-expt/site/how-it-works.html"
"developer","developer-039","5","comprehension","mixed","D-C4","understand what ConfigHub adds","https://confighub.github.io/helm-expt/site/docs.html","success","0","22","yes","3","no","3","3","yes","yes","continue","https://confighub.github.io/helm-expt/site/docs.html","Docs · Config Workshop","R CONFIG TOOLS Catalog Platforms and stacks Operate Why trust it Docs ConfigHub Catalog Find a configuration Is my configuration right? Try it: Redis in ten minutes Detailed Redis walkthrough Run it with Flux, Argo CD, or kubectl","https://confighub.github.io/helm-expt/site/docs.html"
"developer","developer-040","5","comprehension","mixed","D-C4","understand what ConfigHub adds","https://confighub.github.io/helm-expt/site/confighub.html","success","0","20","yes","3","no","3","3","yes","yes","continue","https://confighub.github.io/helm-expt/site/confighub.html","Use ConfigHub · Config Workshop","Use ConfigHub · Config Workshop Config Workshop AN EXPERIMENTAL TEST SITE FOR CONFIG TOOLS Catalog Platforms and stacks Operate Why trust it Docs ConfigHub Catalog","https://confighub.github.io/helm-expt/site/confighub.html"
"developer","developer-041","5","navigation","Helm","D-N1","find a checked Redis configuration","https://confighub.github.io/helm-expt/site/index.html","success","0","18","yes","2","no","2","2","yes","yes","continue","https://confighub.github.io/helm-expt/site/index.html","Config Workshop · Understand and test your configuration","rned release # free: what will this chart install? $ cub config check redis 14 objects: 3 ConfigMap, 1 NetworkPolicy, 2 PodDisruptionBudget, 1 Secret, 3 Service, 2 ServiceAccount, 2 StatefulSet # free: certify and render a wh","https://confighub.github.io/helm-expt/site/index.html"
"developer","developer-042","5","navigation","Helm","D-N1","find a checked Redis configuration","https://confighub.github.io/helm-expt/site/ai.html","success","0","18","yes","2","no","2","2","yes","yes","continue","https://confighub.github.io/helm-expt/site/ai.html","AI with review and evidence · Config Workshop","igHub Catalog Find a configuration Is my configuration right? Try it: Redis in ten minutes Detailed Redis walkthrough Run it with Flux, Argo CD, or kubectl What charts hide Did a version change? Did a chart stop pulling? Why","https://confighub.github.io/helm-expt/site/ai.html"
"developer","developer-043","5","navigation","Helm","D-N1","find a checked Redis configuration","https://confighub.github.io/helm-expt/site/ask.html","success","0","19","yes","2","no","2","2","yes","yes","continue","https://confighub.github.io/helm-expt/site/ask.html","Check my config · Config Workshop","igHub Catalog Find a configuration Is my configuration right? Try it: Redis in ten minutes Detailed Redis walkthrough Run it with Flux, Argo CD, or kubectl What charts hide Did a version change? Did a chart stop pulling? Why","https://confighub.github.io/helm-expt/site/ask.html"
"developer","developer-044","5","navigation","Helm","D-N1","find a checked Redis configuration","https://confighub.github.io/helm-expt/site/promote.html","success","0","22","yes","2","no","2","2","yes","yes","continue","https://confighub.github.io/helm-expt/site/promote.html","Promote my config · Config Workshop","igHub Catalog Find a configuration Is my configuration right? Try it: Redis in ten minutes Detailed Redis walkthrough Run it with Flux, Argo CD, or kubectl What charts hide Did a version change? Did a chart stop pulling? Why","https://confighub.github.io/helm-expt/site/promote.html"
"developer","developer-045","5","navigation","Helm","D-N1","find a checked Redis configuration","https://confighub.github.io/helm-expt/site/charts/index.html","success","0","24","yes","2","no","2","2","yes","yes","continue","https://confighub.github.io/helm-expt/site/charts/index.html","Component Catalog · Config Workshop","igHub Catalog Find a configuration Is my configuration right? Try it: Redis in ten minutes Detailed Redis walkthrough Run it with Flux, Argo CD, or kubectl What charts hide Did a version change? Did a chart stop pulling? Why","https://confighub.github.io/helm-expt/site/charts/index.html"
"developer","developer-046","5","navigation","Helm","D-N1","find a checked Redis configuration","https://confighub.github.io/helm-expt/site/try.html","success","0","18","yes","2","no","2","2","yes","yes","continue","https://confighub.github.io/helm-expt/site/try.html","Try it: Redis in ten minutes · Config Workshop","Try it: Redis in ten minutes · Config Workshop Config Workshop AN EXPERIMENTAL TEST SITE FOR CONFIG TOOLS Catalog Platforms and stacks Operate Why trust it Docs Co","https://confighub.github.io/helm-expt/site/try.html"
"developer","developer-047","5","navigation","Helm","D-N1","find a checked Redis configuration","https://confighub.github.io/helm-expt/site/testing.html","success","0","21","yes","2","no","2","2","yes","yes","continue","https://confighub.github.io/helm-expt/site/testing.html","Worked Examples · Config Workshop","igHub Catalog Find a configuration Is my configuration right? Try it: Redis in ten minutes Detailed Redis walkthrough Run it with Flux, Argo CD, or kubectl What charts hide Did a version change? Did a chart stop pulling? Why","https://confighub.github.io/helm-expt/site/testing.html"
"developer","developer-048","5","navigation","Helm","D-N1","find a checked Redis configuration","https://confighub.github.io/helm-expt/site/how-it-works.html","success","0","21","yes","2","no","2","2","yes","yes","continue","https://confighub.github.io/helm-expt/site/how-it-works.html","Operate · Config Workshop","igHub Catalog Find a configuration Is my configuration right? Try it: Redis in ten minutes Detailed Redis walkthrough Run it with Flux, Argo CD, or kubectl What charts hide Did a version change? Did a chart stop pulling? Why","https://confighub.github.io/helm-expt/site/how-it-works.html"
"developer","developer-049","5","navigation","Helm","D-N1","find a checked Redis configuration","https://confighub.github.io/helm-expt/site/docs.html","success","0","19","yes","2","no","2","2","yes","yes","continue","https://confighub.github.io/helm-expt/site/docs.html","Docs · Config Workshop","igHub Catalog Find a configuration Is my configuration right? Try it: Redis in ten minutes Detailed Redis walkthrough Run it with Flux, Argo CD, or kubectl What charts hide Did a version change? Did a chart stop pulling? Why","https://confighub.github.io/helm-expt/site/docs.html"
"developer","developer-050","5","navigation","Helm","D-N1","find a checked Redis configuration","https://confighub.github.io/helm-expt/site/confighub.html","success","0","20","yes","2","no","2","2","yes","yes","continue","https://confighub.github.io/helm-expt/site/confighub.html","Use ConfigHub · Config Workshop","igHub Catalog Find a configuration Is my configuration right? Try it: Redis in ten minutes Detailed Redis walkthrough Run it with Flux, Argo CD, or kubectl What charts hide Did a version change? Did a chart stop pulling? Why","https://confighub.github.io/helm-expt/site/confighub.html"
"developer","developer-051","5","navigation","Helm","D-N2","find help for AI-written Helm values","https://confighub.github.io/helm-expt/site/index.html","success","0","20","yes","3","no","3","3","yes","yes","continue","https://confighub.github.io/helm-expt/site/index.html","Config Workshop · Understand and test your configuration","Platforms and stacks Operate Why trust it Docs ConfigHub Helm first · AICR, Timoni, OCI and YAML examples See what your configuration will do Bring the configuration you or your AI just created. Config Workshop renders it","https://confighub.github.io/helm-expt/site/index.html"
"developer","developer-052","5","navigation","Helm","D-N2","find help for AI-written Helm values","https://confighub.github.io/helm-expt/site/ai.html","success","0","21","yes","3","no","3","3","yes","yes","continue","https://confighub.github.io/helm-expt/site/ai.html","AI with review and evidence · Config Workshop","AI with review and evidence · Config Workshop Config Workshop AN EXPERIMENTAL TEST SITE FOR CONFIG TOOLS Catalog Platforms and stacks Operate Why trust","https://confighub.github.io/helm-expt/site/ai.html"
"developer","developer-053","5","navigation","Helm","D-N2","find help for AI-written Helm values","https://confighub.github.io/helm-expt/site/ask.html","success","0","21","yes","3","no","3","3","yes","yes","continue","https://confighub.github.io/helm-expt/site/ask.html","Check my config · Config Workshop","figuration Is my configuration right? Try it: Redis in ten minutes Detailed Redis walkthrough Run it with Flux, Argo CD, or kubectl What charts hide Did a version change? Did a chart stop pulling? Why did Helm ignore my va","https://confighub.github.io/helm-expt/site/ask.html"
"developer","developer-054","5","navigation","Helm","D-N2","find help for AI-written Helm values","https://confighub.github.io/helm-expt/site/promote.html","success","0","22","yes","3","no","3","3","yes","yes","continue","https://confighub.github.io/helm-expt/site/promote.html","Promote my config · Config Workshop","figuration Is my configuration right? Try it: Redis in ten minutes Detailed Redis walkthrough Run it with Flux, Argo CD, or kubectl What charts hide Did a version change? Did a chart stop pulling? Why did Helm ignore my va","https://confighub.github.io/helm-expt/site/promote.html"
"developer","developer-055","5","navigation","Helm","D-N2","find help for AI-written Helm values","https://confighub.github.io/helm-expt/site/charts/index.html","success","0","23","yes","3","no","3","3","yes","yes","continue","https://confighub.github.io/helm-expt/site/charts/index.html","Component Catalog · Config Workshop","figuration Is my configuration right? Try it: Redis in ten minutes Detailed Redis walkthrough Run it with Flux, Argo CD, or kubectl What charts hide Did a version change? Did a chart stop pulling? Why did Helm ignore my va","https://confighub.github.io/helm-expt/site/charts/index.html"
"developer","developer-056","5","navigation","Helm","D-N2","find help for AI-written Helm values","https://confighub.github.io/helm-expt/site/try.html","success","0","20","yes","3","no","3","3","yes","yes","continue","https://confighub.github.io/helm-expt/site/try.html","Try it: Redis in ten minutes · Config Workshop","figuration Is my configuration right? Try it: Redis in ten minutes Detailed Redis walkthrough Run it with Flux, Argo CD, or kubectl What charts hide Did a version change? Did a chart stop pulling? Why did Helm ignore my va","https://confighub.github.io/helm-expt/site/try.html"
"developer","developer-057","5","navigation","Helm","D-N2","find help for AI-written Helm values","https://confighub.github.io/helm-expt/site/testing.html","success","0","18","yes","3","no","3","3","yes","yes","continue","https://confighub.github.io/helm-expt/site/testing.html","Worked Examples · Config Workshop","figuration Is my configuration right? Try it: Redis in ten minutes Detailed Redis walkthrough Run it with Flux, Argo CD, or kubectl What charts hide Did a version change? Did a chart stop pulling? Why did Helm ignore my va","https://confighub.github.io/helm-expt/site/testing.html"
"developer","developer-058","5","navigation","Helm","D-N2","find help for AI-written Helm values","https://confighub.github.io/helm-expt/site/how-it-works.html","success","0","24","yes","3","no","3","3","yes","yes","continue","https://confighub.github.io/helm-expt/site/how-it-works.html","Operate · Config Workshop","figuration Is my configuration right? Try it: Redis in ten minutes Detailed Redis walkthrough Run it with Flux, Argo CD, or kubectl What charts hide Did a version change? Did a chart stop pulling? Why did Helm ignore my va","https://confighub.github.io/helm-expt/site/how-it-works.html"
"developer","developer-059","5","navigation","Helm","D-N2","find help for AI-written Helm values","https://confighub.github.io/helm-expt/site/docs.html","success","0","24","yes","3","no","3","3","yes","yes","continue","https://confighub.github.io/helm-expt/site/docs.html","Docs · Config Workshop","figuration Is my configuration right? Try it: Redis in ten minutes Detailed Redis walkthrough Run it with Flux, Argo CD, or kubectl What charts hide Did a version change? Did a chart stop pulling? Why did Helm ignore my va","https://confighub.github.io/helm-expt/site/docs.html"
"developer","developer-060","5","navigation","Helm","D-N2","find help for AI-written Helm values","https://confighub.github.io/helm-expt/site/confighub.html","success","0","22","yes","3","no","3","3","yes","yes","continue","https://confighub.github.io/helm-expt/site/confighub.html","Use ConfigHub · Config Workshop","figuration Is my configuration right? Try it: Redis in ten minutes Detailed Redis walkthrough Run it with Flux, Argo CD, or kubectl What charts hide Did a version change? Did a chart stop pulling? Why did Helm ignore my va","https://confighub.github.io/helm-expt/site/confighub.html"
"developer","developer-061","5","navigation","AICR","D-N3","find the AICR v0.19 record and its remaining hardware test","https://confighub.github.io/helm-expt/site/index.html","success","1","36","no","2","yes","5","5","yes","yes","continue","https://confighub.github.io/helm-expt/site/try-aicr.html","Try AICR · Config Workshop","Try AICR · Config Workshop Config Workshop AN EXPERIMENTAL TEST SITE FOR CONFIG TOOLS Catalog Platforms and stacks Operate Why trust it Docs ConfigHub Catalog","https://confighub.github.io/helm-expt/site/index.html -> https://confighub.github.io/helm-expt/site/try-aicr.html"
"developer","developer-062","5","navigation","AICR","D-N3","find the AICR v0.19 record and its remaining hardware test","https://confighub.github.io/helm-expt/site/ai.html","success","1","38","no","3","yes","5","5","yes","yes","continue","https://confighub.github.io/helm-expt/site/try-aicr.html","Try AICR · Config Workshop","Try AICR · Config Workshop Config Workshop AN EXPERIMENTAL TEST SITE FOR CONFIG TOOLS Catalog Platforms and stacks Operate Why trust it Docs ConfigHub Catalog","https://confighub.github.io/helm-expt/site/ai.html -> https://confighub.github.io/helm-expt/site/try-aicr.html"
"developer","developer-063","5","navigation","AICR","D-N3","find the AICR v0.19 record and its remaining hardware test","https://confighub.github.io/helm-expt/site/ask.html","success","1","123","no","2","yes","5","5","yes","yes","continue","https://confighub.github.io/helm-expt/site/try-aicr.html","Try AICR · Config Workshop","Try AICR · Config Workshop Config Workshop AN EXPERIMENTAL TEST SITE FOR CONFIG TOOLS Catalog Platforms and stacks Operate Why trust it Docs ConfigHub Catalog","https://confighub.github.io/helm-expt/site/ask.html -> https://confighub.github.io/helm-expt/site/try-aicr.html"
"developer","developer-064","5","navigation","AICR","D-N3","find the AICR v0.19 record and its remaining hardware test","https://confighub.github.io/helm-expt/site/promote.html","success","1","43","no","2","yes","5","5","yes","yes","continue","https://confighub.github.io/helm-expt/site/try-aicr.html","Try AICR · Config Workshop","Try AICR · Config Workshop Config Workshop AN EXPERIMENTAL TEST SITE FOR CONFIG TOOLS Catalog Platforms and stacks Operate Why trust it Docs ConfigHub Catalog","https://confighub.github.io/helm-expt/site/promote.html -> https://confighub.github.io/helm-expt/site/try-aicr.html"
"developer","developer-065","5","navigation","AICR","D-N3","find the AICR v0.19 record and its remaining hardware test","https://confighub.github.io/helm-expt/site/charts/index.html","success","0","24","yes","5","no","5","5","yes","yes","continue","https://confighub.github.io/helm-expt/site/charts/index.html","Component Catalog · Config Workshop","AI infrastructure section starts with a CPU model and continues into AICR, NIM, and EKS. A new review adds a version instead of replacing the package you already used. If your chart, version, or question is missing, check y","https://confighub.github.io/helm-expt/site/charts/index.html"
"developer","developer-066","5","navigation","AICR","D-N3","find the AICR v0.19 record and its remaining hardware test","https://confighub.github.io/helm-expt/site/try.html","success","1","40","no","2","yes","5","5","yes","yes","continue","https://confighub.github.io/helm-expt/site/try-aicr.html","Try AICR · Config Workshop","Try AICR · Config Workshop Config Workshop AN EXPERIMENTAL TEST SITE FOR CONFIG TOOLS Catalog Platforms and stacks Operate Why trust it Docs ConfigHub Catalog","https://confighub.github.io/helm-expt/site/try.html -> https://confighub.github.io/helm-expt/site/try-aicr.html"
"developer","developer-067","5","navigation","AICR","D-N3","find the AICR v0.19 record and its remaining hardware test","https://confighub.github.io/helm-expt/site/testing.html","success","1","130","no","4","yes","5","5","yes","yes","continue","https://confighub.github.io/helm-expt/site/d/docs/demo/aicr/eks-h100-training-kubeflow-v0-19-0.html","AICR v0.19.0: retain the source, objects, and install plan · Config Workshop","AICR v0.19.0: retain the source, objects, and install plan · Config Workshop Config Workshop AN EXPERIMENTAL TEST SITE FOR CONFIG TOOLS Catalog Platforms","https://confighub.github.io/helm-expt/site/testing.html -> https://confighub.github.io/helm-expt/site/d/docs/demo/aicr/eks-h100-training-kubeflow-v0-19-0.html"
"developer","developer-068","5","navigation","AICR","D-N3","find the AICR v0.19 record and its remaining hardware test","https://confighub.github.io/helm-expt/site/how-it-works.html","success","1","35","no","2","yes","5","5","yes","yes","continue","https://confighub.github.io/helm-expt/site/try-aicr.html","Try AICR · Config Workshop","Try AICR · Config Workshop Config Workshop AN EXPERIMENTAL TEST SITE FOR CONFIG TOOLS Catalog Platforms and stacks Operate Why trust it Docs ConfigHub Catalog","https://confighub.github.io/helm-expt/site/how-it-works.html -> https://confighub.github.io/helm-expt/site/try-aicr.html"
"developer","developer-069","5","navigation","AICR","D-N3","find the AICR v0.19 record and its remaining hardware test","https://confighub.github.io/helm-expt/site/docs.html","partial","5","288","no","4","no","4","5","yes","no","bookmark","https://confighub.github.io/helm-expt/site/docs.html","Docs · Config Workshop","k through an example like yours : start from your own Helm values, an AICR recipe, an OCI package, or Kubernetes YAML. Follow one package end to end : take a single Redis configuration through pulling, verifying, changing, a","https://confighub.github.io/helm-expt/site/docs.html -> https://confighub.github.io/helm-expt/site/d/docs/demo/aicr/eks-h100-training-kubeflow.html -> https://confighub.github.io/helm-expt/site/d/examples/aicr/eks-h100-training-kubeflow/flux-bundle/README.html -> https://confighub.github.io/helm-expt/site/d/examples/aicr/eks-h100-training-kubeflow/flux-bundle/README.html#prerequisites -> https://confighub.github.io/helm-expt/site/d/examples/aicr/eks-h100-training-kubeflow/flux-bundle/README.html#components -> https://confighub.github.io/helm-expt/site/d/examples/aicr/eks-h100-training-kubeflow/flux-bundle/README.html#repository-setup"
"developer","developer-070","5","navigation","AICR","D-N3","find the AICR v0.19 record and its remaining hardware test","https://confighub.github.io/helm-expt/site/confighub.html","success","1","40","no","1","yes","5","5","yes","yes","continue","https://confighub.github.io/helm-expt/site/try-aicr.html","Try AICR · Config Workshop","Try AICR · Config Workshop Config Workshop AN EXPERIMENTAL TEST SITE FOR CONFIG TOOLS Catalog Platforms and stacks Operate Why trust it Docs ConfigHub Catalog","https://confighub.github.io/helm-expt/site/confighub.html -> https://confighub.github.io/helm-expt/site/try-aicr.html"
"developer","developer-071","5","navigation","OCI","D-N4","find an existing OCI package example","https://confighub.github.io/helm-expt/site/index.html","success","0","19","yes","2","no","2","2","yes","yes","continue","https://confighub.github.io/helm-expt/site/index.html","Config Workshop · Understand and test your configuration","stacks Operate Why trust it Docs ConfigHub Helm first · AICR, Timoni, OCI and YAML examples See what your configuration will do Bring the configuration you or your AI just created. Config Workshop renders it to the exact Ku","https://confighub.github.io/helm-expt/site/index.html"
"developer","developer-072","5","navigation","OCI","D-N4","find an existing OCI package example","https://confighub.github.io/helm-expt/site/ai.html","success","0","21","yes","2","no","2","2","yes","yes","continue","https://confighub.github.io/helm-expt/site/ai.html","AI with review and evidence · Config Workshop","om, which exact objects were produced, and what lifecycle, ownership, OCI, and delivery records exist? review and promotion records Which files were compared, which checks ran, and what remains before the result moves? link","https://confighub.github.io/helm-expt/site/ai.html"
"developer","developer-073","5","navigation","OCI","D-N4","find an existing OCI package example","https://confighub.github.io/helm-expt/site/ask.html","success","0","20","yes","2","no","2","2","yes","yes","continue","https://confighub.github.io/helm-expt/site/ask.html","Check my config · Config Workshop","ublic issue. Keep the result locally, publish the reviewed objects as OCI, or retain the same result in ConfigHub when a team needs history and promotion. Already accepted a result? Compare the exact current result with the","https://confighub.github.io/helm-expt/site/ask.html"
"developer","developer-074","5","navigation","OCI","D-N4","find an existing OCI package example","https://confighub.github.io/helm-expt/site/promote.html","success","0","22","yes","2","no","2","2","yes","yes","continue","https://confighub.github.io/helm-expt/site/promote.html","Promote my config · Config Workshop","ashes. On the command line: create those object sets with Helm, AICR, OCI, or another source tool. Then use the generated cub variant commands to preview and run the managed promotion. See the website and command-line contr","https://confighub.github.io/helm-expt/site/promote.html"
"developer","developer-075","5","navigation","OCI","D-N4","find an existing OCI package example","https://confighub.github.io/helm-expt/site/charts/index.html","success","0","24","yes","2","no","2","2","yes","yes","continue","https://confighub.github.io/helm-expt/site/charts/index.html","Component Catalog · Config Workshop","# what it installs, and what it hides $ cub config check redis --out oci://registry/team/redis:v1 # push it as a verified image $ cub config verify oci://registry/team/redis@sha256:… # prove the bytes match the receipt The","https://confighub.github.io/helm-expt/site/charts/index.html"
"developer","developer-076","5","navigation","OCI","D-N4","find an existing OCI package example","https://confighub.github.io/helm-expt/site/try.html","success","0","18","yes","2","no","2","2","yes","yes","continue","https://confighub.github.io/helm-expt/site/try.html","Try it: Redis in ten minutes · Config Workshop","ide a Kubernetes Secret before deployment. Input: a Catalog installer OCI, pinned to the manifest digest in its publication receipt. Output: readable Kubernetes files plus a local configuration OCI at ./redis-25.oci . cub i","https://confighub.github.io/helm-expt/site/try.html"
"developer","developer-077","5","navigation","OCI","D-N4","find an existing OCI package example","https://confighub.github.io/helm-expt/site/testing.html","success","0","19","yes","2","no","2","2","yes","yes","continue","https://confighub.github.io/helm-expt/site/testing.html","Worked Examples · Config Workshop","rred from earlier ones. If you already have a chart, values, YAML, or OCI, use Check my config . The advanced examples below continue into promotion, fleet rollout, and repeated operational jobs. 1. What do you need? Read t","https://confighub.github.io/helm-expt/site/testing.html"
"developer","developer-078","5","navigation","OCI","D-N4","find an existing OCI package example","https://confighub.github.io/helm-expt/site/how-it-works.html","success","0","18","yes","2","no","2","2","yes","yes","continue","https://confighub.github.io/helm-expt/site/how-it-works.html","Operate · Config Workshop","come from Helm, an AICR recipe for AI infrastructure, cub installer, OCI, or plain YAML. This is the third of the three things Config Workshop is : operating apps, platforms, and stacks correctly. You can stop with local f","https://confighub.github.io/helm-expt/site/how-it-works.html"
"developer","developer-079","5","navigation","OCI","D-N4","find an existing OCI package example","https://confighub.github.io/helm-expt/site/docs.html","success","0","23","yes","2","no","2","2","yes","yes","continue","https://confighub.github.io/helm-expt/site/docs.html","Docs · Config Workshop","mple like yours : start from your own Helm values, an AICR recipe, an OCI package, or Kubernetes YAML. Follow one package end to end : take a single Redis configuration through pulling, verifying, changing, and upgrading it","https://confighub.github.io/helm-expt/site/docs.html"
"developer","developer-080","5","navigation","OCI","D-N4","find an existing OCI package example","https://confighub.github.io/helm-expt/site/confighub.html","success","0","24","yes","2","no","2","2","yes","yes","continue","https://confighub.github.io/helm-expt/site/confighub.html","Use ConfigHub · Config Workshop","loyment result to one exact release. A retained object or a published OCI stays exactly that, and never counts as a destination or live pass. Question What ConfigHub retains What do I have? The source identity, imported fil","https://confighub.github.io/helm-expt/site/confighub.html"
"developer","developer-081","5","action","Helm","D-A1","render Redis locally without an account","https://confighub.github.io/helm-expt/site/index.html","success","0","18","yes","3","no","3","3","yes","yes","continue","https://confighub.github.io/helm-expt/site/index.html","Config Workshop · Understand and test your configuration","rned release # free: what will this chart install? $ cub config check redis 14 objects: 3 ConfigMap, 1 NetworkPolicy, 2 PodDisruptionBudget, 1 Secret, 3 Service, 2 ServiceAccount, 2 StatefulSet # free: certify and render a wh","https://confighub.github.io/helm-expt/site/index.html"
"developer","developer-082","5","action","Helm","D-A1","render Redis locally without an account","https://confighub.github.io/helm-expt/site/ai.html","success","1","36","no","2","yes","3","3","yes","yes","continue","https://confighub.github.io/helm-expt/site/try.html","Try it: Redis in ten minutes · Config Workshop","Try it: Redis in ten minutes · Config Workshop Config Workshop AN EXPERIMENTAL TEST SITE FOR CONFIG TOOLS Catalog Platforms and stacks Operate Why trust it Docs Co","https://confighub.github.io/helm-expt/site/ai.html -> https://confighub.github.io/helm-expt/site/try.html"
"developer","developer-083","5","action","Helm","D-A1","render Redis locally without an account","https://confighub.github.io/helm-expt/site/ask.html","success","1","37","no","2","yes","3","3","yes","yes","continue","https://confighub.github.io/helm-expt/site/try.html","Try it: Redis in ten minutes · Config Workshop","Try it: Redis in ten minutes · Config Workshop Config Workshop AN EXPERIMENTAL TEST SITE FOR CONFIG TOOLS Catalog Platforms and stacks Operate Why trust it Docs Co","https://confighub.github.io/helm-expt/site/ask.html -> https://confighub.github.io/helm-expt/site/try.html"
"developer","developer-084","5","action","Helm","D-A1","render Redis locally without an account","https://confighub.github.io/helm-expt/site/promote.html","success","1","40","no","2","yes","3","3","yes","yes","continue","https://confighub.github.io/helm-expt/site/try.html","Try it: Redis in ten minutes · Config Workshop","Try it: Redis in ten minutes · Config Workshop Config Workshop AN EXPERIMENTAL TEST SITE FOR CONFIG TOOLS Catalog Platforms and stacks Operate Why trust it Docs Co","https://confighub.github.io/helm-expt/site/promote.html -> https://confighub.github.io/helm-expt/site/try.html"
"developer","developer-085","5","action","Helm","D-A1","render Redis locally without an account","https://confighub.github.io/helm-expt/site/charts/index.html","success","0","24","yes","3","no","3","3","yes","yes","continue","https://confighub.github.io/helm-expt/site/charts/index.html","Component Catalog · Config Workshop","igHub Catalog Find a configuration Is my configuration right? Try it: Redis in ten minutes Detailed Redis walkthrough Run it with Flux, Argo CD, or kubectl What charts hide Did a version change? Did a chart stop pulling? Why","https://confighub.github.io/helm-expt/site/charts/index.html"
"developer","developer-086","5","action","Helm","D-A1","render Redis locally without an account","https://confighub.github.io/helm-expt/site/try.html","success","0","19","yes","3","no","3","3","yes","yes","continue","https://confighub.github.io/helm-expt/site/try.html","Try it: Redis in ten minutes · Config Workshop","Try it: Redis in ten minutes · Config Workshop Config Workshop AN EXPERIMENTAL TEST SITE FOR CONFIG TOOLS Catalog Platforms and stacks Operate Why trust it Docs Co","https://confighub.github.io/helm-expt/site/try.html"
"developer","developer-087","5","action","Helm","D-A1","render Redis locally without an account","https://confighub.github.io/helm-expt/site/testing.html","success","0","20","yes","3","no","3","3","yes","yes","continue","https://confighub.github.io/helm-expt/site/testing.html","Worked Examples · Config Workshop","igHub Catalog Find a configuration Is my configuration right? Try it: Redis in ten minutes Detailed Redis walkthrough Run it with Flux, Argo CD, or kubectl What charts hide Did a version change? Did a chart stop pulling? Why","https://confighub.github.io/helm-expt/site/testing.html"
"developer","developer-088","5","action","Helm","D-A1","render Redis locally without an account","https://confighub.github.io/helm-expt/site/how-it-works.html","success","0","23","yes","3","no","3","3","yes","yes","continue","https://confighub.github.io/helm-expt/site/how-it-works.html","Operate · Config Workshop","igHub Catalog Find a configuration Is my configuration right? Try it: Redis in ten minutes Detailed Redis walkthrough Run it with Flux, Argo CD, or kubectl What charts hide Did a version change? Did a chart stop pulling? Why","https://confighub.github.io/helm-expt/site/how-it-works.html"
"developer","developer-089","5","action","Helm","D-A1","render Redis locally without an account","https://confighub.github.io/helm-expt/site/docs.html","success","1","36","no","2","yes","3","3","yes","yes","continue","https://confighub.github.io/helm-expt/site/try.html","Try it: Redis in ten minutes · Config Workshop","Try it: Redis in ten minutes · Config Workshop Config Workshop AN EXPERIMENTAL TEST SITE FOR CONFIG TOOLS Catalog Platforms and stacks Operate Why trust it Docs Co","https://confighub.github.io/helm-expt/site/docs.html -> https://confighub.github.io/helm-expt/site/try.html"
"developer","developer-090","5","action","Helm","D-A1","render Redis locally without an account","https://confighub.github.io/helm-expt/site/confighub.html","success","1","37","no","2","yes","3","3","yes","yes","continue","https://confighub.github.io/helm-expt/site/try.html","Try it: Redis in ten minutes · Config Workshop","Try it: Redis in ten minutes · Config Workshop Config Workshop AN EXPERIMENTAL TEST SITE FOR CONFIG TOOLS Catalog Platforms and stacks Operate Why trust it Docs Co","https://confighub.github.io/helm-expt/site/confighub.html -> https://confighub.github.io/helm-expt/site/try.html"
"developer","developer-091","5","action","Helm","D-A2","build a question for my own values","https://confighub.github.io/helm-expt/site/index.html","success","0","20","yes","3","no","3","3","yes","yes","continue","https://confighub.github.io/helm-expt/site/index.html","Config Workshop · Understand and test your configuration","stalled, and public catalog packages are open to anyone. Six starting questions What do you need help with? Config Workshop is this demonstration site for ConfigHub, and cub is the ConfigHub command-line tool. What it is, and wh","https://confighub.github.io/helm-expt/site/index.html"
"developer","developer-092","5","action","Helm","D-A2","build a question for my own values","https://confighub.github.io/helm-expt/site/ai.html","success","0","17","yes","3","no","3","3","yes","yes","continue","https://confighub.github.io/helm-expt/site/ai.html","AI with review and evidence · Config Workshop","I agent Give Claude, Codex, or another coding agent one configuration question. The Config Workshop skill finds exact Catalog records and the lifecycle work to check. It returns a result you can review. The agent may propose com","https://confighub.github.io/helm-expt/site/ai.html"
"developer","developer-093","5","action","Helm","D-A2","build a question for my own values","https://confighub.github.io/helm-expt/site/ask.html","success","0","21","yes","3","no","3","3","yes","yes","continue","https://confighub.github.io/helm-expt/site/ask.html","Check my config · Config Workshop","oks and CRD ordering · Read delivery limits What this page can answer Question What happens here What do I have? The page inventories and compares the exact rendered objects you provide. A local assistant can also inspect the so","https://confighub.github.io/helm-expt/site/ask.html"
"developer","developer-094","5","action","Helm","D-A2","build a question for my own values","https://confighub.github.io/helm-expt/site/promote.html","success","0","22","yes","3","no","3","3","yes","yes","continue","https://confighub.github.io/helm-expt/site/promote.html","Promote my config · Config Workshop","mand saves or changes ConfigHub data. What a promotion review answers Question Promotion answer What do I have? The exact current and proposed object sets, their identities, and their differences. What will it produce? Materiali","https://confighub.github.io/helm-expt/site/promote.html"
"developer","developer-095","5","action","Helm","D-A2","build a question for my own values","https://confighub.github.io/helm-expt/site/charts/index.html","success","0","23","yes","3","no","3","3","yes","yes","continue","https://confighub.github.io/helm-expt/site/charts/index.html","Component Catalog · Config Workshop","of replacing the package you already used. If your chart, version, or question is missing, check your own configuration . A useful public result can become a new Catalog configuration, test, or named warning. Already chose a con","https://confighub.github.io/helm-expt/site/charts/index.html"
"developer","developer-096","5","action","Helm","D-A2","build a question for my own values","https://confighub.github.io/helm-expt/site/try.html","success","1","38","no","2","yes","3","3","yes","yes","continue","https://confighub.github.io/helm-expt/site/ask.html","Check my config · Config Workshop","oks and CRD ordering · Read delivery limits What this page can answer Question What happens here What do I have? The page inventories and compares the exact rendered objects you provide. A local assistant can also inspect the so","https://confighub.github.io/helm-expt/site/try.html -> https://confighub.github.io/helm-expt/site/ask.html"
"developer","developer-097","5","action","Helm","D-A2","build a question for my own values","https://confighub.github.io/helm-expt/site/testing.html","success","0","20","yes","3","no","3","3","yes","yes","continue","https://confighub.github.io/helm-expt/site/testing.html","Worked Examples · Config Workshop","same investigation for every chart or package. Each example names the question it answers. It may inspect a source, produce objects, check a destination, or report what happened after deployment. Later answers are never inferred","https://confighub.github.io/helm-expt/site/testing.html"
"developer","developer-098","5","action","Helm","D-A2","build a question for my own values","https://confighub.github.io/helm-expt/site/how-it-works.html","success","0","19","yes","3","no","3","3","yes","yes","continue","https://confighub.github.io/helm-expt/site/how-it-works.html","Operate · Config Workshop","ive at github.com/confighub/cub-workshop . Keep four answers separate Question When it can be answered What do I have? Inspect the source, package, files, OCI, or snapshot. A Catalog match and deployment are not required. What w","https://confighub.github.io/helm-expt/site/how-it-works.html"
"developer","developer-099","5","action","Helm","D-A2","build a question for my own values","https://confighub.github.io/helm-expt/site/docs.html","success","0","21","yes","3","no","3","3","yes","yes","continue","https://confighub.github.io/helm-expt/site/docs.html","Docs · Config Workshop","re What's new Find instructions for the step you are doing Choose the question closest to your current work. Each link opens the commands, example, or evidence you need. Use these guides for the commands behind every supported i","https://confighub.github.io/helm-expt/site/docs.html"
"developer","developer-100","5","action","Helm","D-A2","build a question for my own values","https://confighub.github.io/helm-expt/site/confighub.html","success","0","18","yes","3","no","3","3","yes","yes","continue","https://confighub.github.io/helm-expt/site/confighub.html","Use ConfigHub · Config Workshop","I stays exactly that, and never counts as a destination or live pass. Question What ConfigHub retains What do I have? The source identity, imported files, exact object records, and their history. What will it produce? The source","https://confighub.github.io/helm-expt/site/confighub.html"
"developer","developer-101","5","action","YAML","D-A3","inspect plain Kubernetes YAML","https://confighub.github.io/helm-expt/site/index.html","success","5","106","no","1","no","2","2","yes","yes","continue","https://confighub.github.io/helm-expt/site/testing.html","Worked Examples · Config Workshop","of · GitHub source · Publication and import proof · ConfigHub example Kubernetes YAML or an existing app Check or compare the YAML in the browser. Keep the review beside the files, then follow the existing-app guide to upload four ordi","https://confighub.github.io/helm-expt/site/index.html -> https://confighub.github.io/helm-expt/site/try-aicr.html -> https://confighub.github.io/helm-expt/site/try-aicr.html#retained-config-path -> https://confighub.github.io/helm-expt/site/try-aicr.html#inspect-aicr -> https://confighub.github.io/helm-expt/site/confighub.html -> https://confighub.github.io/helm-expt/site/testing.html"
"developer","developer-102","5","action","YAML","D-A3","inspect plain Kubernetes YAML","https://confighub.github.io/helm-expt/site/ai.html","success","0","19","yes","2","no","2","2","yes","yes","continue","https://confighub.github.io/helm-expt/site/ai.html","AI with review and evidence · Config Workshop","d tests that have not run in the answer. After the source tool writes Kubernetes YAML, the agent can run the same released local checker a person uses: New to cub ? Install the cub CLI first. Public catalog packages pull and render ano","https://confighub.github.io/helm-expt/site/ai.html"
"developer","developer-103","5","action","YAML","D-A3","inspect plain Kubernetes YAML","https://confighub.github.io/helm-expt/site/ask.html","success","0","22","yes","2","no","2","2","yes","yes","continue","https://confighub.github.io/helm-expt/site/ask.html","Check my config · Config Workshop","tested the exact chart and version. In the website: compare rendered Kubernetes YAML in this browser, with no AI needed, or build local instructions for the AI assistant you already use. Render your chart with helm template first, the","https://confighub.github.io/helm-expt/site/ask.html"
"developer","developer-104","5","action","YAML","D-A3","inspect plain Kubernetes YAML","https://confighub.github.io/helm-expt/site/promote.html","success","0","23","yes","2","no","2","2","yes","yes","continue","https://confighub.github.io/helm-expt/site/promote.html","Promote my config · Config Workshop","t are you changing? Choose the job, then add the current and proposed Kubernetes YAML. Use two Catalog configurations, two Helm or AICR outputs, two configuration OCI packages, or exported YAML from the current and proposed environment","https://confighub.github.io/helm-expt/site/promote.html"
"developer","developer-105","5","action","YAML","D-A3","inspect plain Kubernetes YAML","https://confighub.github.io/helm-expt/site/charts/index.html","success","0","23","yes","2","no","2","2","yes","yes","continue","https://confighub.github.io/helm-expt/site/charts/index.html","Component Catalog · Config Workshop","published package versions Start here Status Check first Flattens as plain YAML? Packaged configurations by version aqua/trivy-operator Security and secrets 0.32.1 receipt default Available configuration. Read the chart page befo","https://confighub.github.io/helm-expt/site/charts/index.html"
"developer","developer-106","5","action","YAML","D-A3","inspect plain Kubernetes YAML","https://confighub.github.io/helm-expt/site/try.html","success","0","20","yes","2","no","2","2","yes","yes","continue","https://confighub.github.io/helm-expt/site/try.html","Try it: Redis in ten minutes · Config Workshop","st be established before dependent objects are applied. Read the full Kubernetes YAML · Read the recorded inputs and requirements · Read the anonymous run result You have finished the first example You now have readable Kubernetes file","https://confighub.github.io/helm-expt/site/try.html"
"developer","developer-107","5","action","YAML","D-A3","inspect plain Kubernetes YAML","https://confighub.github.io/helm-expt/site/testing.html","success","0","21","yes","2","no","2","2","yes","yes","continue","https://confighub.github.io/helm-expt/site/testing.html","Worked Examples · Config Workshop","of · GitHub source · Publication and import proof · ConfigHub example Kubernetes YAML or an existing app Check or compare the YAML in the browser. Keep the review beside the files, then follow the existing-app guide to upload four ordi","https://confighub.github.io/helm-expt/site/testing.html"
"developer","developer-108","5","action","YAML","D-A3","inspect plain Kubernetes YAML","https://confighub.github.io/helm-expt/site/how-it-works.html","success","0","21","yes","2","no","2","2","yes","yes","continue","https://confighub.github.io/helm-expt/site/how-it-works.html","Operate · Config Workshop","om Helm, an AICR recipe for AI infrastructure, cub installer, OCI, or plain YAML. This is the third of the three things Config Workshop is : operating apps, platforms, and stacks correctly. You can stop with local files, publish t","https://confighub.github.io/helm-expt/site/how-it-works.html"
"developer","developer-109","5","action","YAML","D-A3","inspect plain Kubernetes YAML","https://confighub.github.io/helm-expt/site/docs.html","success","0","20","yes","2","no","2","2","yes","yes","continue","https://confighub.github.io/helm-expt/site/docs.html","Docs · Config Workshop",": start from your own Helm values, an AICR recipe, an OCI package, or Kubernetes YAML. Follow one package end to end : take a single Redis configuration through pulling, verifying, changing, and upgrading it. First choose the answer yo","https://confighub.github.io/helm-expt/site/docs.html"
"developer","developer-110","5","action","YAML","D-A3","inspect plain Kubernetes YAML","https://confighub.github.io/helm-expt/site/confighub.html","success","1","36","no","1","yes","2","2","yes","yes","continue","https://confighub.github.io/helm-expt/site/testing.html","Worked Examples · Config Workshop","of · GitHub source · Publication and import proof · ConfigHub example Kubernetes YAML or an existing app Check or compare the YAML in the browser. Keep the review beside the files, then follow the existing-app guide to upload four ordi","https://confighub.github.io/helm-expt/site/confighub.html -> https://confighub.github.io/helm-expt/site/testing.html"
"developer","developer-111","5","action","OCI","D-A4","write reviewed objects as OCI","https://confighub.github.io/helm-expt/site/index.html","success","0","19","yes","3","no","3","3","yes","yes","continue","https://confighub.github.io/helm-expt/site/index.html","Config Workshop · Understand and test your configuration","stacks Operate Why trust it Docs ConfigHub Helm first · AICR, Timoni, OCI and YAML examples See what your configuration will do Bring the configuration you or your AI just created. Config Workshop renders it to the exact Ku","https://confighub.github.io/helm-expt/site/index.html"
"developer","developer-112","5","action","OCI","D-A4","write reviewed objects as OCI","https://confighub.github.io/helm-expt/site/ai.html","success","3","180","no","3","no","3","3","yes","yes","continue","https://confighub.github.io/helm-expt/site/charts/argo-cd-argo-workflows-1-0-14.html#matrix-options","argo-cd/argo-workflows 1.0.14 · Config Workshop","diness Review before use Chart version 1.0.14 Exact installer package oci://europe-west1-docker.pkg.dev/nth-fort-499605-q5/helm-expt/argo-cd-argo-workflows:1.0.14@sha256:abbebaeccc07e0583c7ccc5ad0c9d315057e6b4c0a766bd72c167","https://confighub.github.io/helm-expt/site/ai.html -> https://confighub.github.io/helm-expt/site/ai.html#confighub-review -> https://confighub.github.io/helm-expt/site/charts/index.html -> https://confighub.github.io/helm-expt/site/charts/argo-cd-argo-workflows-1-0-14.html#matrix-options"
"developer","developer-113","5","action","OCI","D-A4","write reviewed objects as OCI","https://confighub.github.io/helm-expt/site/ask.html","success","0","23","yes","3","no","3","3","yes","yes","continue","https://confighub.github.io/helm-expt/site/ask.html","Check my config · Config Workshop","ublic issue. Keep the result locally, publish the reviewed objects as OCI, or retain the same result in ConfigHub when a team needs history and promotion. Already accepted a result? Compare the exact current result with the","https://confighub.github.io/helm-expt/site/ask.html"
"developer","developer-114","5","action","OCI","D-A4","write reviewed objects as OCI","https://confighub.github.io/helm-expt/site/promote.html","success","2","57","no","3","no","3","3","yes","yes","continue","https://confighub.github.io/helm-expt/site/testing.html#managed","Worked Examples · Config Workshop","rred from earlier ones. If you already have a chart, values, YAML, or OCI, use Check my config . The advanced examples below continue into promotion, fleet rollout, and repeated operational jobs. 1. What do you need? Read t","https://confighub.github.io/helm-expt/site/promote.html -> https://confighub.github.io/helm-expt/site/confighub.html -> https://confighub.github.io/helm-expt/site/testing.html#managed"
"developer","developer-115","5","action","OCI","D-A4","write reviewed objects as OCI","https://confighub.github.io/helm-expt/site/charts/index.html","success","1","127","no","3","yes","3","3","yes","yes","continue","https://confighub.github.io/helm-expt/site/charts/argo-cd-argo-workflows-1-0-14.html#matrix-options","argo-cd/argo-workflows 1.0.14 · Config Workshop","diness Review before use Chart version 1.0.14 Exact installer package oci://europe-west1-docker.pkg.dev/nth-fort-499605-q5/helm-expt/argo-cd-argo-workflows:1.0.14@sha256:abbebaeccc07e0583c7ccc5ad0c9d315057e6b4c0a766bd72c167","https://confighub.github.io/helm-expt/site/charts/index.html -> https://confighub.github.io/helm-expt/site/charts/argo-cd-argo-workflows-1-0-14.html#matrix-options"
"developer","developer-116","5","action","OCI","D-A4","write reviewed objects as OCI","https://confighub.github.io/helm-expt/site/try.html","success","0","17","yes","3","no","3","3","yes","yes","continue","https://confighub.github.io/helm-expt/site/try.html","Try it: Redis in ten minutes · Config Workshop","ide a Kubernetes Secret before deployment. Input: a Catalog installer OCI, pinned to the manifest digest in its publication receipt. Output: readable Kubernetes files plus a local configuration OCI at ./redis-25.oci . cub i","https://confighub.github.io/helm-expt/site/try.html"
"developer","developer-117","5","action","OCI","D-A4","write reviewed objects as OCI","https://confighub.github.io/helm-expt/site/testing.html","success","0","20","yes","3","no","3","3","yes","yes","continue","https://confighub.github.io/helm-expt/site/testing.html","Worked Examples · Config Workshop","rred from earlier ones. If you already have a chart, values, YAML, or OCI, use Check my config . The advanced examples below continue into promotion, fleet rollout, and repeated operational jobs. 1. What do you need? Read t","https://confighub.github.io/helm-expt/site/testing.html"
"developer","developer-118","5","action","OCI","D-A4","write reviewed objects as OCI","https://confighub.github.io/helm-expt/site/how-it-works.html","success","0","20","yes","3","no","3","3","yes","yes","continue","https://confighub.github.io/helm-expt/site/how-it-works.html","Operate · Config Workshop","come from Helm, an AICR recipe for AI infrastructure, cub installer, OCI, or plain YAML. This is the third of the three things Config Workshop is : operating apps, platforms, and stacks correctly. You can stop with local f","https://confighub.github.io/helm-expt/site/how-it-works.html"
"developer","developer-119","5","action","OCI","D-A4","write reviewed objects as OCI","https://confighub.github.io/helm-expt/site/docs.html","success","0","21","yes","3","no","3","3","yes","yes","continue","https://confighub.github.io/helm-expt/site/docs.html","Docs · Config Workshop","mple like yours : start from your own Helm values, an AICR recipe, an OCI package, or Kubernetes YAML. Follow one package end to end : take a single Redis configuration through pulling, verifying, changing, and upgrading it","https://confighub.github.io/helm-expt/site/docs.html"
"developer","developer-120","5","action","OCI","D-A4","write reviewed objects as OCI","https://confighub.github.io/helm-expt/site/confighub.html","success","1","36","no","3","yes","3","3","yes","yes","continue","https://confighub.github.io/helm-expt/site/testing.html#managed","Worked Examples · Config Workshop","rred from earlier ones. If you already have a chart, values, YAML, or OCI, use Check my config . The advanced examples below continue into promotion, fleet rollout, and repeated operational jobs. 1. What do you need? Read t","https://confighub.github.io/helm-expt/site/confighub.html -> https://confighub.github.io/helm-expt/site/testing.html#managed"
"developer","developer-121","5","recovery","Helm","D-R1","recover when my chart is missing","https://confighub.github.io/helm-expt/site/index.html","success","0","18","yes","2","no","2","2","yes","yes","continue","https://confighub.github.io/helm-expt/site/index.html","Config Workshop · Understand and test your configuration","expose the field I need. Must I fork it? Show the rendered object and missing field. Keep the chart unchanged when a reviewed post-render edit is enough, then check that edit for overlap on upgrade. Start this check → 5 of 40 d","https://confighub.github.io/helm-expt/site/index.html"
"developer","developer-122","5","recovery","Helm","D-R1","recover when my chart is missing","https://confighub.github.io/helm-expt/site/ai.html","success","0","20","yes","2","no","2","2","yes","yes","continue","https://confighub.github.io/helm-expt/site/ai.html","AI with review and evidence · Config Workshop","e, though it cannot supply the input a stage needs. Tell it to report missing work as blocked or not run, rather than promoting a nearby result into a pass. Question What AI can do Required input What do I have? Read and explai","https://confighub.github.io/helm-expt/site/ai.html"
"developer","developer-123","5","recovery","Helm","D-R1","recover when my chart is missing","https://confighub.github.io/helm-expt/site/ask.html","success","0","21","yes","2","no","2","2","yes","yes","continue","https://confighub.github.io/helm-expt/site/ask.html","Check my config · Config Workshop","ic Catalog case Use this only for a public source when the Catalog is missing the case or its answer is wrong. GitHub opens with a short chart, version, and question link. Paste the copied finding or review record, remove priva","https://confighub.github.io/helm-expt/site/ask.html"
"developer","developer-124","5","recovery","Helm","D-R1","recover when my chart is missing","https://confighub.github.io/helm-expt/site/promote.html","success","1","42","no","1","yes","2","2","yes","yes","continue","https://confighub.github.io/helm-expt/site/charts/index.html","Component Catalog · Config Workshop","re complete. Not ready yet marks a planned path that is not runnable. Chart not listed here? Any public chart still renders locally with no account: helm template rel <chart> -f your-values.yaml --include-crds . Check one question about","https://confighub.github.io/helm-expt/site/promote.html -> https://confighub.github.io/helm-expt/site/charts/index.html"
"developer","developer-125","5","recovery","Helm","D-R1","recover when my chart is missing","https://confighub.github.io/helm-expt/site/charts/index.html","success","0","24","yes","2","no","2","2","yes","yes","continue","https://confighub.github.io/helm-expt/site/charts/index.html","Component Catalog · Config Workshop","re complete. Not ready yet marks a planned path that is not runnable. Chart not listed here? Any public chart still renders locally with no account: helm template rel <chart> -f your-values.yaml --include-crds . Check one question about","https://confighub.github.io/helm-expt/site/charts/index.html"
"developer","developer-126","5","recovery","Helm","D-R1","recover when my chart is missing","https://confighub.github.io/helm-expt/site/try.html","success","0","19","yes","2","no","2","2","yes","yes","continue","https://confighub.github.io/helm-expt/site/try.html","Try it: Redis in ten minutes · Config Workshop","ed scripts stop before doing any work when the plugin or kustomize is missing. 2. Render the Redis package The public package contains named Redis configurations. Select the configuration that expects you to provide a Kubernete","https://confighub.github.io/helm-expt/site/try.html"
"developer","developer-127","5","recovery","Helm","D-R1","recover when my chart is missing","https://confighub.github.io/helm-expt/site/testing.html","success","0","20","yes","2","no","2","2","yes","yes","continue","https://confighub.github.io/helm-expt/site/testing.html","Worked Examples · Config Workshop","y AI. Compare it with defaults, Catalog records, or what you run now. Missing the component or use case you need? Tell us what you are trying to run . Six worked examples Choose the question closest to yours. Each example links","https://confighub.github.io/helm-expt/site/testing.html"
"developer","developer-128","5","recovery","Helm","D-R1","recover when my chart is missing","https://confighub.github.io/helm-expt/site/how-it-works.html","success","1","46","no","1","yes","2","2","yes","yes","continue","https://confighub.github.io/helm-expt/site/charts/index.html","Component Catalog · Config Workshop","re complete. Not ready yet marks a planned path that is not runnable. Chart not listed here? Any public chart still renders locally with no account: helm template rel <chart> -f your-values.yaml --include-crds . Check one question about","https://confighub.github.io/helm-expt/site/how-it-works.html -> https://confighub.github.io/helm-expt/site/charts/index.html"
"developer","developer-129","5","recovery","Helm","D-R1","recover when my chart is missing","https://confighub.github.io/helm-expt/site/docs.html","success","0","20","yes","2","no","2","2","yes","yes","continue","https://confighub.github.io/helm-expt/site/docs.html","Docs · Config Workshop","m. Results for another revision, destination, or untested behavior. A missing prerequisite marks the unanswered stage blocked or not run , which is a gap in coverage rather than a failure of the source or its result. Can I try","https://confighub.github.io/helm-expt/site/docs.html"
"developer","developer-130","5","recovery","Helm","D-R1","recover when my chart is missing","https://confighub.github.io/helm-expt/site/confighub.html","success","1","43","no","1","yes","2","2","yes","yes","continue","https://confighub.github.io/helm-expt/site/charts/index.html","Component Catalog · Config Workshop","re complete. Not ready yet marks a planned path that is not runnable. Chart not listed here? Any public chart still renders locally with no account: helm template rel <chart> -f your-values.yaml --include-crds . Check one question about","https://confighub.github.io/helm-expt/site/confighub.html -> https://confighub.github.io/helm-expt/site/charts/index.html"
"developer","developer-131","5","recovery","Helm","D-R2","find why Helm ignored my value","https://confighub.github.io/helm-expt/site/index.html","success","0","20","yes","2","no","2","2","yes","yes","continue","https://confighub.github.io/helm-expt/site/index.html","Config Workshop · Understand and test your configuration","ons 03 I set a value. Why did the rendered object not change? If Helm ignored a setting, check first for a misspelled or wrong values path. Render with and without the value, identify the correct path, or report that the chart","https://confighub.github.io/helm-expt/site/index.html"
"developer","developer-132","5","recovery","Helm","D-R2","find why Helm ignored my value","https://confighub.github.io/helm-expt/site/ai.html","success","0","17","yes","2","no","2","2","yes","yes","continue","https://confighub.github.io/helm-expt/site/ai.html","AI with review and evidence · Config Workshop","What charts hide Did a version change? Did a chart stop pulling? Why did Helm ignore my values? Worked examples Platforms and stacks Stacks and fleets Build a platform Inference platforms Your assistant Apps on a platform Operate Oper","https://confighub.github.io/helm-expt/site/ai.html"
"developer","developer-133","5","recovery","Helm","D-R2","find why Helm ignored my value","https://confighub.github.io/helm-expt/site/ask.html","success","0","22","yes","2","no","2","2","yes","yes","continue","https://confighub.github.io/helm-expt/site/ask.html","Check my config · Config Workshop","ift. 5 I set a value. Why did the rendered object not change? If Helm ignored a setting, check first for a misspelled or wrong values path. Render with and without the value, identify the correct path, or report that the chart","https://confighub.github.io/helm-expt/site/ask.html"
"developer","developer-134","5","recovery","Helm","D-R2","find why Helm ignored my value","https://confighub.github.io/helm-expt/site/promote.html","success","0","23","yes","2","no","2","2","yes","yes","continue","https://confighub.github.io/helm-expt/site/promote.html","Promote my config · Config Workshop","What charts hide Did a version change? Did a chart stop pulling? Why did Helm ignore my values? Worked examples Platforms and stacks Stacks and fleets Build a platform Inference platforms Your assistant Apps on a platform Operate Oper","https://confighub.github.io/helm-expt/site/promote.html"
"developer","developer-135","5","recovery","Helm","D-R2","find why Helm ignored my value","https://confighub.github.io/helm-expt/site/charts/index.html","success","0","24","yes","2","no","2","2","yes","yes","continue","https://confighub.github.io/helm-expt/site/charts/index.html","Component Catalog · Config Workshop","What charts hide Did a version change? Did a chart stop pulling? Why did Helm ignore my values? Worked examples Platforms and stacks Stacks and fleets Build a platform Inference platforms Your assistant Apps on a platform Operate Oper","https://confighub.github.io/helm-expt/site/charts/index.html"
"developer","developer-136","5","recovery","Helm","D-R2","find why Helm ignored my value","https://confighub.github.io/helm-expt/site/try.html","success","0","21","yes","2","no","2","2","yes","yes","continue","https://confighub.github.io/helm-expt/site/try.html","Try it: Redis in ten minutes · Config Workshop","What charts hide Did a version change? Did a chart stop pulling? Why did Helm ignore my values? Worked examples Platforms and stacks Stacks and fleets Build a platform Inference platforms Your assistant Apps on a platform Operate Oper","https://confighub.github.io/helm-expt/site/try.html"
"developer","developer-137","5","recovery","Helm","D-R2","find why Helm ignored my value","https://confighub.github.io/helm-expt/site/testing.html","success","0","21","yes","2","no","2","2","yes","yes","continue","https://confighub.github.io/helm-expt/site/testing.html","Worked Examples · Config Workshop","What charts hide Did a version change? Did a chart stop pulling? Why did Helm ignore my values? Worked examples Platforms and stacks Stacks and fleets Build a platform Inference platforms Your assistant Apps on a platform Operate Oper","https://confighub.github.io/helm-expt/site/testing.html"
"developer","developer-138","5","recovery","Helm","D-R2","find why Helm ignored my value","https://confighub.github.io/helm-expt/site/how-it-works.html","success","0","20","yes","2","no","2","2","yes","yes","continue","https://confighub.github.io/helm-expt/site/how-it-works.html","Operate · Config Workshop","What charts hide Did a version change? Did a chart stop pulling? Why did Helm ignore my values? Worked examples Platforms and stacks Stacks and fleets Build a platform Inference platforms Your assistant Apps on a platform Operate Oper","https://confighub.github.io/helm-expt/site/how-it-works.html"
"developer","developer-139","5","recovery","Helm","D-R2","find why Helm ignored my value","https://confighub.github.io/helm-expt/site/docs.html","success","0","23","yes","2","no","2","2","yes","yes","continue","https://confighub.github.io/helm-expt/site/docs.html","Docs · Config Workshop","nt says which supplied Redis values reached the render and which were ignored, and the gate confirms each against the render. Gated answer: why a set value did nothing Gated answer: upgrade risk An assistant judges a Redis 25 t","https://confighub.github.io/helm-expt/site/docs.html"
"developer","developer-140","5","recovery","Helm","D-R2","find why Helm ignored my value","https://confighub.github.io/helm-expt/site/confighub.html","success","0","20","yes","2","no","2","2","yes","yes","continue","https://confighub.github.io/helm-expt/site/confighub.html","Use ConfigHub · Config Workshop","What charts hide Did a version change? Did a chart stop pulling? Why did Helm ignore my values? Worked examples Platforms and stacks Stacks and fleets Build a platform Inference platforms Your assistant Apps on a platform Operate Oper","https://confighub.github.io/helm-expt/site/confighub.html"
"developer","developer-141","5","recovery","Helm","D-R3","keep a private configuration private","https://confighub.github.io/helm-expt/site/index.html","success","1","38","no","2","yes","3","3","yes","yes","continue","https://confighub.github.io/helm-expt/site/ask.html","Check my config · Config Workshop","commands for keeping the same files and hashes in ConfigHub. Checking private configuration? Keep the chart, values, and output on your machine. Do not upload private files; this page does not upload them for you. Keep secrets","https://confighub.github.io/helm-expt/site/index.html -> https://confighub.github.io/helm-expt/site/ask.html"
"developer","developer-142","5","recovery","Helm","D-R3","keep a private configuration private","https://confighub.github.io/helm-expt/site/ai.html","success","1","121","no","2","yes","3","3","yes","yes","continue","https://confighub.github.io/helm-expt/site/ask.html","Check my config · Config Workshop","commands for keeping the same files and hashes in ConfigHub. Checking private configuration? Keep the chart, values, and output on your machine. Do not upload private files; this page does not upload them for you. Keep secrets","https://confighub.github.io/helm-expt/site/ai.html -> https://confighub.github.io/helm-expt/site/ask.html"
"developer","developer-143","5","recovery","Helm","D-R3","keep a private configuration private","https://confighub.github.io/helm-expt/site/ask.html","success","0","22","yes","3","no","3","3","yes","yes","continue","https://confighub.github.io/helm-expt/site/ask.html","Check my config · Config Workshop","commands for keeping the same files and hashes in ConfigHub. Checking private configuration? Keep the chart, values, and output on your machine. Do not upload private files; this page does not upload them for you. Keep secrets","https://confighub.github.io/helm-expt/site/ask.html"
"developer","developer-144","5","recovery","Helm","D-R3","keep a private configuration private","https://confighub.github.io/helm-expt/site/promote.html","success","1","46","no","1","yes","3","3","yes","yes","continue","https://confighub.github.io/helm-expt/site/ask.html","Check my config · Config Workshop","commands for keeping the same files and hashes in ConfigHub. Checking private configuration? Keep the chart, values, and output on your machine. Do not upload private files; this page does not upload them for you. Keep secrets","https://confighub.github.io/helm-expt/site/promote.html -> https://confighub.github.io/helm-expt/site/ask.html"
"developer","developer-145","5","recovery","Helm","D-R3","keep a private configuration private","https://confighub.github.io/helm-expt/site/charts/index.html","success","1","45","no","1","yes","3","3","yes","yes","continue","https://confighub.github.io/helm-expt/site/ask.html","Check my config · Config Workshop","commands for keeping the same files and hashes in ConfigHub. Checking private configuration? Keep the chart, values, and output on your machine. Do not upload private files; this page does not upload them for you. Keep secrets","https://confighub.github.io/helm-expt/site/charts/index.html -> https://confighub.github.io/helm-expt/site/ask.html"
"developer","developer-146","5","recovery","Helm","D-R3","keep a private configuration private","https://confighub.github.io/helm-expt/site/try.html","success","1","43","no","1","yes","3","3","yes","yes","continue","https://confighub.github.io/helm-expt/site/ask.html","Check my config · Config Workshop","commands for keeping the same files and hashes in ConfigHub. Checking private configuration? Keep the chart, values, and output on your machine. Do not upload private files; this page does not upload them for you. Keep secrets","https://confighub.github.io/helm-expt/site/try.html -> https://confighub.github.io/helm-expt/site/ask.html"
"developer","developer-147","5","recovery","Helm","D-R3","keep a private configuration private","https://confighub.github.io/helm-expt/site/testing.html","success","1","43","no","2","yes","3","3","yes","yes","continue","https://confighub.github.io/helm-expt/site/ask.html","Check my config · Config Workshop","commands for keeping the same files and hashes in ConfigHub. Checking private configuration? Keep the chart, values, and output on your machine. Do not upload private files; this page does not upload them for you. Keep secrets","https://confighub.github.io/helm-expt/site/testing.html -> https://confighub.github.io/helm-expt/site/ask.html"
"developer","developer-148","5","recovery","Helm","D-R3","keep a private configuration private","https://confighub.github.io/helm-expt/site/how-it-works.html","success","1","41","no","2","yes","3","3","yes","yes","continue","https://confighub.github.io/helm-expt/site/ask.html","Check my config · Config Workshop","commands for keeping the same files and hashes in ConfigHub. Checking private configuration? Keep the chart, values, and output on your machine. Do not upload private files; this page does not upload them for you. Keep secrets","https://confighub.github.io/helm-expt/site/how-it-works.html -> https://confighub.github.io/helm-expt/site/ask.html"
"developer","developer-149","5","recovery","Helm","D-R3","keep a private configuration private","https://confighub.github.io/helm-expt/site/docs.html","success","0","23","yes","3","no","3","3","yes","yes","continue","https://confighub.github.io/helm-expt/site/docs.html","Docs · Config Workshop","nderstand? Build a local prompt for the AI assistant you already use. Private charts and values stay on your machine. How do I add ConfigHub to an existing Kubara platform? Keep Kubara's component selection and generated topolo","https://confighub.github.io/helm-expt/site/docs.html"
"developer","developer-150","5","recovery","Helm","D-R3","keep a private configuration private","https://confighub.github.io/helm-expt/site/confighub.html","success","1","44","no","2","yes","3","3","yes","yes","continue","https://confighub.github.io/helm-expt/site/ask.html","Check my config · Config Workshop","commands for keeping the same files and hashes in ConfigHub. Checking private configuration? Keep the chart, values, and output on your machine. Do not upload private files; this page does not upload them for you. Keep secrets","https://confighub.github.io/helm-expt/site/confighub.html -> https://confighub.github.io/helm-expt/site/ask.html"
"developer","developer-151","5","recovery","Helm","D-R4","find what to do after a surprising render","https://confighub.github.io/helm-expt/site/index.html","success","1","39","no","1","yes","2","2","yes","yes","continue","https://confighub.github.io/helm-expt/site/ask.html","Check my config · Config Workshop","eep.&rdquo; Use this page for your own chart, values, new version, or unexpected result. Use the Catalog when we have already tested the exact chart and version. In the website: compare rendered Kubernetes YAML in this browser, wi","https://confighub.github.io/helm-expt/site/index.html -> https://confighub.github.io/helm-expt/site/ask.html"
"developer","developer-152","5","recovery","Helm","D-R4","find what to do after a surprising render","https://confighub.github.io/helm-expt/site/ai.html","success","1","40","no","1","yes","2","2","yes","yes","continue","https://confighub.github.io/helm-expt/site/ask.html","Check my config · Config Workshop","eep.&rdquo; Use this page for your own chart, values, new version, or unexpected result. Use the Catalog when we have already tested the exact chart and version. In the website: compare rendered Kubernetes YAML in this browser, wi","https://confighub.github.io/helm-expt/site/ai.html -> https://confighub.github.io/helm-expt/site/ask.html"
"developer","developer-153","5","recovery","Helm","D-R4","find what to do after a surprising render","https://confighub.github.io/helm-expt/site/ask.html","success","0","23","yes","2","no","2","2","yes","yes","continue","https://confighub.github.io/helm-expt/site/ask.html","Check my config · Config Workshop","eep.&rdquo; Use this page for your own chart, values, new version, or unexpected result. Use the Catalog when we have already tested the exact chart and version. In the website: compare rendered Kubernetes YAML in this browser, wi","https://confighub.github.io/helm-expt/site/ask.html"
"developer","developer-154","5","recovery","Helm","D-R4","find what to do after a surprising render","https://confighub.github.io/helm-expt/site/promote.html","success","1","43","no","1","yes","2","2","yes","yes","continue","https://confighub.github.io/helm-expt/site/ask.html","Check my config · Config Workshop","eep.&rdquo; Use this page for your own chart, values, new version, or unexpected result. Use the Catalog when we have already tested the exact chart and version. In the website: compare rendered Kubernetes YAML in this browser, wi","https://confighub.github.io/helm-expt/site/promote.html -> https://confighub.github.io/helm-expt/site/ask.html"
"developer","developer-155","5","recovery","Helm","D-R4","find what to do after a surprising render","https://confighub.github.io/helm-expt/site/charts/index.html","success","1","45","no","1","yes","2","2","yes","yes","continue","https://confighub.github.io/helm-expt/site/ask.html","Check my config · Config Workshop","eep.&rdquo; Use this page for your own chart, values, new version, or unexpected result. Use the Catalog when we have already tested the exact chart and version. In the website: compare rendered Kubernetes YAML in this browser, wi","https://confighub.github.io/helm-expt/site/charts/index.html -> https://confighub.github.io/helm-expt/site/ask.html"
"developer","developer-156","5","recovery","Helm","D-R4","find what to do after a surprising render","https://confighub.github.io/helm-expt/site/try.html","success","0","17","yes","2","no","2","2","yes","yes","continue","https://confighub.github.io/helm-expt/site/try.html","Try it: Redis in ten minutes · Config Workshop","se how to deploy the reviewed result . For your own Helm values or an unexpected result, check your configuration with your AI assistant . Other paths: choose a Helm, AICR, OCI, YAML, promotion, or fleet example , continue the det","https://confighub.github.io/helm-expt/site/try.html"
"developer","developer-157","5","recovery","Helm","D-R4","find what to do after a surprising render","https://confighub.github.io/helm-expt/site/testing.html","success","1","42","no","1","yes","2","2","yes","yes","continue","https://confighub.github.io/helm-expt/site/ask.html#ai-values","Check my config · Config Workshop","eep.&rdquo; Use this page for your own chart, values, new version, or unexpected result. Use the Catalog when we have already tested the exact chart and version. In the website: compare rendered Kubernetes YAML in this browser, wi","https://confighub.github.io/helm-expt/site/testing.html -> https://confighub.github.io/helm-expt/site/ask.html#ai-values"
"developer","developer-158","5","recovery","Helm","D-R4","find what to do after a surprising render","https://confighub.github.io/helm-expt/site/how-it-works.html","success","1","42","no","1","yes","2","2","yes","yes","continue","https://confighub.github.io/helm-expt/site/ask.html","Check my config · Config Workshop","eep.&rdquo; Use this page for your own chart, values, new version, or unexpected result. Use the Catalog when we have already tested the exact chart and version. In the website: compare rendered Kubernetes YAML in this browser, wi","https://confighub.github.io/helm-expt/site/how-it-works.html -> https://confighub.github.io/helm-expt/site/ask.html"
"developer","developer-159","5","recovery","Helm","D-R4","find what to do after a surprising render","https://confighub.github.io/helm-expt/site/docs.html","success","1","40","no","1","yes","2","2","yes","yes","continue","https://confighub.github.io/helm-expt/site/ask.html#check-command","Check my config · Config Workshop","eep.&rdquo; Use this page for your own chart, values, new version, or unexpected result. Use the Catalog when we have already tested the exact chart and version. In the website: compare rendered Kubernetes YAML in this browser, wi","https://confighub.github.io/helm-expt/site/docs.html -> https://confighub.github.io/helm-expt/site/ask.html#check-command"
"developer","developer-160","5","recovery","Helm","D-R4","find what to do after a surprising render","https://confighub.github.io/helm-expt/site/confighub.html","success","1","39","no","1","yes","2","2","yes","yes","continue","https://confighub.github.io/helm-expt/site/ask.html#check-files","Check my config · Config Workshop","eep.&rdquo; Use this page for your own chart, values, new version, or unexpected result. Use the Catalog when we have already tested the exact chart and version. In the website: compare rendered Kubernetes YAML in this browser, wi","https://confighub.github.io/helm-expt/site/confighub.html -> https://confighub.github.io/helm-expt/site/ask.html#check-files"
"developer","developer-161","5","conversion","Helm","D-X1","save a reviewed result for my team","https://confighub.github.io/helm-expt/site/index.html","success","0","18","yes","3","no","3","3","yes","yes","signup","https://confighub.github.io/helm-expt/site/index.html","Config Workshop · Understand and test your configuration","compares them with a configuration you already trust, and gives you a reviewed result you can keep. It runs on your laptop, and you can start without an account. Keep what you approve as files or OCI , or upload it to ConfigHub","https://confighub.github.io/helm-expt/site/index.html"
"developer","developer-162","5","conversion","Helm","D-X1","save a reviewed result for my team","https://confighub.github.io/helm-expt/site/ai.html","success","0","19","yes","3","no","3","3","yes","yes","signup","https://confighub.github.io/helm-expt/site/ai.html","AI with review and evidence · Config Workshop","what matters. A local render, normalized comparison, findings, and a reviewed result you can keep. Review a promotion Can I move this staging configuration to production? Current and candidate digests, destination differences,","https://confighub.github.io/helm-expt/site/ai.html"
"developer","developer-163","5","conversion","Helm","D-X1","save a reviewed result for my team","https://confighub.github.io/helm-expt/site/ask.html","success","0","20","yes","3","no","3","3","yes","yes","signup","https://confighub.github.io/helm-expt/site/ask.html","Check my config · Config Workshop","d I provide, and what I run now. Tell me what matters, then give me a reviewed result I can keep.&rdquo; Use this page for your own chart, values, new version, or unexpected result. Use the Catalog when we have already tested th","https://confighub.github.io/helm-expt/site/ask.html"
"developer","developer-164","5","conversion","Helm","D-X1","save a reviewed result for my team","https://confighub.github.io/helm-expt/site/promote.html","success","1","38","no","2","yes","3","3","yes","yes","signup","https://confighub.github.io/helm-expt/site/confighub.html","Use ConfigHub · Config Workshop","e index Docs Docs What Config Workshop is Compare What's new Upload a reviewed configuration into ConfigHub, then release and promote Needs a ConfigHub account Uploading a reviewed configuration into ConfigHub is the step that n","https://confighub.github.io/helm-expt/site/promote.html -> https://confighub.github.io/helm-expt/site/confighub.html"
"developer","developer-165","5","conversion","Helm","D-X1","save a reviewed result for my team","https://confighub.github.io/helm-expt/site/charts/index.html","success","0","22","yes","3","no","3","3","yes","yes","signup","https://confighub.github.io/helm-expt/site/charts/index.html","Component Catalog · Config Workshop","ecided is not the same as safe. 1.0.14 : default , controller-default-reviewed , minimal-crds 3 packaged configurations argo-cd/argocd-image-updater Delivery and automation 1.2.2 receipt default Available configuration. Read the","https://confighub.github.io/helm-expt/site/charts/index.html"
"developer","developer-166","5","conversion","Helm","D-X1","save a reviewed result for my team","https://confighub.github.io/helm-expt/site/try.html","success","0","19","yes","3","no","3","3","yes","yes","signup","https://confighub.github.io/helm-expt/site/try.html","Try it: Redis in ten minutes · Config Workshop","hat's new Try it: Redis in ten minutes Runs on your laptop Render one reviewed Redis configuration and read the 14 Kubernetes objects it produces. Thirteen come from the chart. The fourteenth is a Namespace that cub adds, which","https://confighub.github.io/helm-expt/site/try.html"
"developer","developer-167","5","conversion","Helm","D-X1","save a reviewed result for my team","https://confighub.github.io/helm-expt/site/testing.html","success","0","25","yes","3","no","3","3","yes","yes","signup","https://confighub.github.io/helm-expt/site/testing.html","Worked Examples · Config Workshop","requested three replicas, correct six risky settings, and retain five reviewed objects as files or OCI. Read the review . Can I promote the reviewed change? Move NGINX from development to staging Compare three and four replicas,","https://confighub.github.io/helm-expt/site/testing.html"
"developer","developer-168","5","conversion","Helm","D-X1","save a reviewed result for my team","https://confighub.github.io/helm-expt/site/how-it-works.html","success","0","20","yes","3","no","3","3","yes","yes","signup","https://confighub.github.io/helm-expt/site/how-it-works.html","Operate · Config Workshop","blish them directly as OCI, or upload them to ConfigHub and publish a reviewed release OCI later. ConfigHub stores your approved configuration and its history. Use it when you need to track changes across environments, require a","https://confighub.github.io/helm-expt/site/how-it-works.html"
"developer","developer-169","5","conversion","Helm","D-X1","save a reviewed result for my team","https://confighub.github.io/helm-expt/site/docs.html","success","0","21","yes","3","no","3","3","yes","yes","signup","https://confighub.github.io/helm-expt/site/docs.html","Docs · Config Workshop","ocal files, OCI, and ConfigHub choices in one sequence. How do I turn reviewed files into a deployable OCI? Choose the local OCI or ConfigHub release path, then let Argo CD or Flux pull the reviewed objects. What happens to hook","https://confighub.github.io/helm-expt/site/docs.html"
"developer","developer-170","5","conversion","Helm","D-X1","save a reviewed result for my team","https://confighub.github.io/helm-expt/site/confighub.html","success","0","19","yes","3","no","3","3","yes","yes","signup","https://confighub.github.io/helm-expt/site/confighub.html","Use ConfigHub · Config Workshop","e index Docs Docs What Config Workshop is Compare What's new Upload a reviewed configuration into ConfigHub, then release and promote Needs a ConfigHub account Uploading a reviewed configuration into ConfigHub is the step that n","https://confighub.github.io/helm-expt/site/confighub.html"
"developer","developer-171","5","conversion","Helm","D-X2","compare development and production","https://confighub.github.io/helm-expt/site/index.html","success","0","18","yes","3","no","3","3","yes","yes","signup","https://confighub.github.io/helm-expt/site/index.html","Config Workshop · Understand and test your configuration","promote it when the answer has to be shared, approved, and moved from development to production. Public config chains into your private org here, and the object digest travels with it. Running AI on GPUs? Inspect a retained AI-plat","https://confighub.github.io/helm-expt/site/index.html"
"developer","developer-172","5","conversion","Helm","D-X2","compare development and production","https://confighub.github.io/helm-expt/site/ai.html","success","0","17","yes","3","no","3","3","yes","yes","signup","https://confighub.github.io/helm-expt/site/ai.html","AI with review and evidence · Config Workshop","pull of the immutable public OCI, and a ConfigHub base with a linked development variant. It does not claim a Kubernetes apply, health check, upgrade, rollback, or GitOps delivery. Open the Timoni Redis record · Read the ConfigHub","https://confighub.github.io/helm-expt/site/ai.html"
"developer","developer-173","5","conversion","Helm","D-X2","compare development and production","https://confighub.github.io/helm-expt/site/ask.html","success","0","22","yes","3","no","3","3","yes","yes","signup","https://confighub.github.io/helm-expt/site/ask.html","Check my config · Config Workshop","YAML Other common jobs Render and inspect without applying · Compare development and production · Handle hooks and CRD ordering · Read delivery limits What this page can answer Question What happens here What do I have? The page i","https://confighub.github.io/helm-expt/site/ask.html"
"developer","developer-174","5","conversion","Helm","D-X2","compare development and production","https://confighub.github.io/helm-expt/site/promote.html","success","0","23","yes","3","no","3","3","yes","yes","signup","https://confighub.github.io/helm-expt/site/promote.html","Promote my config · Config Workshop","t going? Current configuration For example: the rendered objects that development or production uses now. Proposed configuration For example: the rendered objects from the new chart version or settings you want to move next. Explai","https://confighub.github.io/helm-expt/site/promote.html"
"developer","developer-175","5","conversion","Helm","D-X2","compare development and production","https://confighub.github.io/helm-expt/site/charts/index.html","success","0","24","yes","3","no","3","3","yes","yes","signup","https://confighub.github.io/helm-expt/site/charts/index.html","Component Catalog · Config Workshop","free build and anonymous OCI pull passed. A ConfigHub base and linked development variant exist. Kubernetes apply, health, upgrade, rollback, and GitOps have not run. Read the Timoni Redis entry · Read the ConfigHub base guide · Re","https://confighub.github.io/helm-expt/site/charts/index.html"
"developer","developer-176","5","conversion","Helm","D-X2","compare development and production","https://confighub.github.io/helm-expt/site/try.html","success","0","19","yes","3","no","3","3","yes","yes","signup","https://confighub.github.io/helm-expt/site/try.html","Try it: Redis in ten minutes · Config Workshop","Promote my config Variants Operations Does the cluster match? Why do dev and prod differ? Offering Why trust it Why trust it Known gaps Evidence index Docs Docs What Config Workshop is Compare What's new Browse Catalog Cat","https://confighub.github.io/helm-expt/site/try.html"
"developer","developer-177","5","conversion","Helm","D-X2","compare development and production","https://confighub.github.io/helm-expt/site/testing.html","success","0","18","yes","3","no","3","3","yes","yes","signup","https://confighub.github.io/helm-expt/site/testing.html","Worked Examples · Config Workshop","Read the review . Can I promote the reviewed change? Move NGINX from development to staging Compare three and four replicas, promote the exact revision in ConfigHub, publish OCI, and record four ready replicas through Argo CD. Che","https://confighub.github.io/helm-expt/site/testing.html"
"developer","developer-178","5","conversion","Helm","D-X2","compare development and production","https://confighub.github.io/helm-expt/site/how-it-works.html","success","0","21","yes","3","no","3","3","yes","yes","signup","https://confighub.github.io/helm-expt/site/how-it-works.html","Operate · Config Workshop","ndle. cub release publish Account promote Move a reviewed change from development to production. cub variant promote Paid govern Run a stack under governance: approvals, releases, rollback, drift, a fleet view. the commercial produ","https://confighub.github.io/helm-expt/site/how-it-works.html"
"developer","developer-179","5","conversion","Helm","D-X2","compare development and production","https://confighub.github.io/helm-expt/site/docs.html","success","0","21","yes","3","no","3","3","yes","yes","signup","https://confighub.github.io/helm-expt/site/docs.html","Docs · Config Workshop","tion How do I make environment variants? Create, compare, and promote development and production variants. How do I test a change before promotion? Compare the exact current result with the candidate for the next stage. The review","https://confighub.github.io/helm-expt/site/docs.html"
"developer","developer-180","5","conversion","Helm","D-X2","compare development and production","https://confighub.github.io/helm-expt/site/confighub.html","success","0","19","yes","3","no","3","3","yes","yes","signup","https://confighub.github.io/helm-expt/site/confighub.html","Use ConfigHub · Config Workshop","ou chose. ConfigHub shows exact diffs, promotes reviewed changes from development to production, and compares approved configuration with your clusters. Upload a reviewed result into ConfigHub Open the tutorial New to cub ? Install","https://confighub.github.io/helm-expt/site/confighub.html"
"developer","developer-181","5","conversion","Helm","D-X3","promote a reviewed change","https://confighub.github.io/helm-expt/site/index.html","success","0","17","yes","2","no","2","2","yes","yes","signup","https://confighub.github.io/helm-expt/site/index.html","Config Workshop · Understand and test your configuration","nd keep the files or OCI. With ConfigHub: retain the accepted result, promote it, and compare it with live systems. 1. I need a configuration 112 components Choose the job you need done. Start from a tested configuration, an ex","https://confighub.github.io/helm-expt/site/index.html"
"developer","developer-182","5","conversion","Helm","D-X3","promote a reviewed change","https://confighub.github.io/helm-expt/site/ai.html","success","0","19","yes","2","no","2","2","yes","yes","signup","https://confighub.github.io/helm-expt/site/ai.html","AI with review and evidence · Config Workshop","Your assistant Apps on a platform Operate Operate What ConfigHub adds Promote my config Variants Operations Does the cluster match? Why do dev and prod differ? Offering Why trust it Why trust it Known gaps Evidence index Docs D","https://confighub.github.io/helm-expt/site/ai.html"
"developer","developer-183","5","conversion","Helm","D-X3","promote a reviewed change","https://confighub.github.io/helm-expt/site/ask.html","success","0","22","yes","2","no","2","2","yes","yes","signup","https://confighub.github.io/helm-expt/site/ask.html","Check my config · Config Workshop","Your assistant Apps on a platform Operate Operate What ConfigHub adds Promote my config Variants Operations Does the cluster match? Why do dev and prod differ? Offering Why trust it Why trust it Known gaps Evidence index Docs D","https://confighub.github.io/helm-expt/site/ask.html"
"developer","developer-184","5","conversion","Helm","D-X3","promote a reviewed change","https://confighub.github.io/helm-expt/site/promote.html","success","0","23","yes","2","no","2","2","yes","yes","signup","https://confighub.github.io/helm-expt/site/promote.html","Promote my config · Config Workshop","Promote my config · Config Workshop Config Workshop AN EXPERIMENTAL TEST SITE FOR CONFIG TOOLS Catalog Platforms and stacks Operate Why trust it Docs ConfigH","https://confighub.github.io/helm-expt/site/promote.html"
"developer","developer-185","5","conversion","Helm","D-X3","promote a reviewed change","https://confighub.github.io/helm-expt/site/charts/index.html","success","0","25","yes","2","no","2","2","yes","yes","signup","https://confighub.github.io/helm-expt/site/charts/index.html","Component Catalog · Config Workshop","Your assistant Apps on a platform Operate Operate What ConfigHub adds Promote my config Variants Operations Does the cluster match? Why do dev and prod differ? Offering Why trust it Why trust it Known gaps Evidence index Docs D","https://confighub.github.io/helm-expt/site/charts/index.html"
"developer","developer-186","5","conversion","Helm","D-X3","promote a reviewed change","https://confighub.github.io/helm-expt/site/try.html","success","0","23","yes","2","no","2","2","yes","yes","signup","https://confighub.github.io/helm-expt/site/try.html","Try it: Redis in ten minutes · Config Workshop","Your assistant Apps on a platform Operate Operate What ConfigHub adds Promote my config Variants Operations Does the cluster match? Why do dev and prod differ? Offering Why trust it Why trust it Known gaps Evidence index Docs D","https://confighub.github.io/helm-expt/site/try.html"
"developer","developer-187","5","conversion","Helm","D-X3","promote a reviewed change","https://confighub.github.io/helm-expt/site/testing.html","success","0","24","yes","2","no","2","2","yes","yes","signup","https://confighub.github.io/helm-expt/site/testing.html","Worked Examples · Config Workshop","Your assistant Apps on a platform Operate Operate What ConfigHub adds Promote my config Variants Operations Does the cluster match? Why do dev and prod differ? Offering Why trust it Why trust it Known gaps Evidence index Docs D","https://confighub.github.io/helm-expt/site/testing.html"
"developer","developer-188","5","conversion","Helm","D-X3","promote a reviewed change","https://confighub.github.io/helm-expt/site/how-it-works.html","success","0","24","yes","2","no","2","2","yes","yes","signup","https://confighub.github.io/helm-expt/site/how-it-works.html","Operate · Config Workshop","Your assistant Apps on a platform Operate Operate What ConfigHub adds Promote my config Variants Operations Does the cluster match? Why do dev and prod differ? Offering Why trust it Why trust it Known gaps Evidence index Docs D","https://confighub.github.io/helm-expt/site/how-it-works.html"
"developer","developer-189","5","conversion","Helm","D-X3","promote a reviewed change","https://confighub.github.io/helm-expt/site/docs.html","success","0","21","yes","2","no","2","2","yes","yes","signup","https://confighub.github.io/helm-expt/site/docs.html","Docs · Config Workshop","Your assistant Apps on a platform Operate Operate What ConfigHub adds Promote my config Variants Operations Does the cluster match? Why do dev and prod differ? Offering Why trust it Why trust it Known gaps Evidence index Docs D","https://confighub.github.io/helm-expt/site/docs.html"
"developer","developer-190","5","conversion","Helm","D-X3","promote a reviewed change","https://confighub.github.io/helm-expt/site/confighub.html","success","0","22","yes","2","no","2","2","yes","yes","signup","https://confighub.github.io/helm-expt/site/confighub.html","Use ConfigHub · Config Workshop","Your assistant Apps on a platform Operate Operate What ConfigHub adds Promote my config Variants Operations Does the cluster match? Why do dev and prod differ? Offering Why trust it Why trust it Known gaps Evidence index Docs D","https://confighub.github.io/helm-expt/site/confighub.html"
"developer","developer-191","5","conversion","Helm","D-X4","continue into ConfigHub","https://confighub.github.io/helm-expt/site/index.html","success","2","141","no","3","no","3","3","yes","yes","signup","https://confighub.github.io/helm-expt/site/confighub.html","Use ConfigHub · Config Workshop","Use ConfigHub · Config Workshop Config Workshop AN EXPERIMENTAL TEST SITE FOR CONFIG TOOLS Catalog Platforms and stacks Operate Why trust it Docs ConfigHub Catalog","https://confighub.github.io/helm-expt/site/index.html -> https://confighub.github.io/helm-expt/site/kubara.html -> https://confighub.github.io/helm-expt/site/confighub.html"
"developer","developer-192","5","conversion","Helm","D-X4","continue into ConfigHub","https://confighub.github.io/helm-expt/site/ai.html","success","1","40","no","1","yes","3","3","yes","yes","signup","https://confighub.github.io/helm-expt/site/confighub.html","Use ConfigHub · Config Workshop","Use ConfigHub · Config Workshop Config Workshop AN EXPERIMENTAL TEST SITE FOR CONFIG TOOLS Catalog Platforms and stacks Operate Why trust it Docs ConfigHub Catalog","https://confighub.github.io/helm-expt/site/ai.html -> https://confighub.github.io/helm-expt/site/confighub.html"
"developer","developer-193","5","conversion","Helm","D-X4","continue into ConfigHub","https://confighub.github.io/helm-expt/site/ask.html","success","1","40","no","2","yes","3","3","yes","yes","signup","https://confighub.github.io/helm-expt/site/confighub.html","Use ConfigHub · Config Workshop","Use ConfigHub · Config Workshop Config Workshop AN EXPERIMENTAL TEST SITE FOR CONFIG TOOLS Catalog Platforms and stacks Operate Why trust it Docs ConfigHub Catalog","https://confighub.github.io/helm-expt/site/ask.html -> https://confighub.github.io/helm-expt/site/confighub.html"
"developer","developer-194","5","conversion","Helm","D-X4","continue into ConfigHub","https://confighub.github.io/helm-expt/site/promote.html","success","1","43","no","3","yes","3","3","yes","yes","signup","https://confighub.github.io/helm-expt/site/confighub.html","Use ConfigHub · Config Workshop","Use ConfigHub · Config Workshop Config Workshop AN EXPERIMENTAL TEST SITE FOR CONFIG TOOLS Catalog Platforms and stacks Operate Why trust it Docs ConfigHub Catalog","https://confighub.github.io/helm-expt/site/promote.html -> https://confighub.github.io/helm-expt/site/confighub.html"
"developer","developer-195","5","conversion","Helm","D-X4","continue into ConfigHub","https://confighub.github.io/helm-expt/site/charts/index.html","success","2","63","no","2","yes","3","3","yes","yes","signup","https://confighub.github.io/helm-expt/site/confighub.html","Use ConfigHub · Config Workshop","Use ConfigHub · Config Workshop Config Workshop AN EXPERIMENTAL TEST SITE FOR CONFIG TOOLS Catalog Platforms and stacks Operate Why trust it Docs ConfigHub Catalog","https://confighub.github.io/helm-expt/site/charts/index.html -> https://confighub.github.io/helm-expt/site/how-it-works.html#setting-sources -> https://confighub.github.io/helm-expt/site/confighub.html"
"developer","developer-196","5","conversion","Helm","D-X4","continue into ConfigHub","https://confighub.github.io/helm-expt/site/try.html","success","1","34","no","3","yes","3","3","yes","yes","signup","https://confighub.github.io/helm-expt/site/confighub.html","Use ConfigHub · Config Workshop","Use ConfigHub · Config Workshop Config Workshop AN EXPERIMENTAL TEST SITE FOR CONFIG TOOLS Catalog Platforms and stacks Operate Why trust it Docs ConfigHub Catalog","https://confighub.github.io/helm-expt/site/try.html -> https://confighub.github.io/helm-expt/site/confighub.html"
"developer","developer-197","5","conversion","Helm","D-X4","continue into ConfigHub","https://confighub.github.io/helm-expt/site/testing.html","success","2","52","no","3","no","3","3","yes","yes","signup","https://confighub.github.io/helm-expt/site/confighub.html","Use ConfigHub · Config Workshop","Use ConfigHub · Config Workshop Config Workshop AN EXPERIMENTAL TEST SITE FOR CONFIG TOOLS Catalog Platforms and stacks Operate Why trust it Docs ConfigHub Catalog","https://confighub.github.io/helm-expt/site/testing.html -> https://confighub.github.io/helm-expt/site/d/data/helm-catalog-readmes/spaces/byo-nginx-ai-values-24-0-2-reviewed/README.html -> https://confighub.github.io/helm-expt/site/confighub.html"
"developer","developer-198","5","conversion","Helm","D-X4","continue into ConfigHub","https://confighub.github.io/helm-expt/site/how-it-works.html","success","1","33","no","3","yes","3","3","yes","yes","signup","https://confighub.github.io/helm-expt/site/confighub.html","Use ConfigHub · Config Workshop","Use ConfigHub · Config Workshop Config Workshop AN EXPERIMENTAL TEST SITE FOR CONFIG TOOLS Catalog Platforms and stacks Operate Why trust it Docs ConfigHub Catalog","https://confighub.github.io/helm-expt/site/how-it-works.html -> https://confighub.github.io/helm-expt/site/confighub.html"
"developer","developer-199","5","conversion","Helm","D-X4","continue into ConfigHub","https://confighub.github.io/helm-expt/site/docs.html","success","2","134","no","3","no","3","3","yes","yes","signup","https://confighub.github.io/helm-expt/site/confighub.html","Use ConfigHub · Config Workshop","Use ConfigHub · Config Workshop Config Workshop AN EXPERIMENTAL TEST SITE FOR CONFIG TOOLS Catalog Platforms and stacks Operate Why trust it Docs ConfigHub Catalog","https://confighub.github.io/helm-expt/site/docs.html -> https://confighub.github.io/helm-expt/site/d/data/helm-catalog-readmes/summary.html -> https://confighub.github.io/helm-expt/site/confighub.html"
"developer","developer-200","5","conversion","Helm","D-X4","continue into ConfigHub","https://confighub.github.io/helm-expt/site/confighub.html","success","0","18","yes","3","no","3","3","yes","yes","signup","https://confighub.github.io/helm-expt/site/confighub.html","Use ConfigHub · Config Workshop","Use ConfigHub · Config Workshop Config Workshop AN EXPERIMENTAL TEST SITE FOR CONFIG TOOLS Catalog Platforms and stacks Operate Why trust it Docs ConfigHub Catalog","https://confighub.github.io/helm-expt/site/confighub.html"
"developer","developer-201","5","action","Helm","D-A5","check whether my exact change can move safely","https://confighub.github.io/helm-expt/site/index.html","success","2","63","no","0","yes","4","4","yes","yes","continue","https://confighub.github.io/helm-expt/site/promote.html","Promote my config · Config Workshop","w Can I promote this configuration? Compare what you run now with the exact configuration you want to move. See what the next environment would receive, what still needs testing, and whether any target has a current result. Comparing here","https://confighub.github.io/helm-expt/site/index.html -> https://confighub.github.io/helm-expt/site/charts/index.html -> https://confighub.github.io/helm-expt/site/promote.html"
"developer","developer-202","5","action","Helm","D-A5","check whether my exact change can move safely","https://confighub.github.io/helm-expt/site/ai.html","success","2","60","no","0","yes","4","4","yes","yes","continue","https://confighub.github.io/helm-expt/site/promote.html","Promote my config · Config Workshop","w Can I promote this configuration? Compare what you run now with the exact configuration you want to move. See what the next environment would receive, what still needs testing, and whether any target has a current result. Comparing here","https://confighub.github.io/helm-expt/site/ai.html -> https://confighub.github.io/helm-expt/site/charts/index.html -> https://confighub.github.io/helm-expt/site/promote.html"
"developer","developer-203","5","action","Helm","D-A5","check whether my exact change can move safely","https://confighub.github.io/helm-expt/site/ask.html","success","1","51","no","2","yes","4","4","yes","yes","continue","https://confighub.github.io/helm-expt/site/promote.html","Promote my config · Config Workshop","w Can I promote this configuration? Compare what you run now with the exact configuration you want to move. See what the next environment would receive, what still needs testing, and whether any target has a current result. Comparing here","https://confighub.github.io/helm-expt/site/ask.html -> https://confighub.github.io/helm-expt/site/promote.html"
"developer","developer-204","5","action","Helm","D-A5","check whether my exact change can move safely","https://confighub.github.io/helm-expt/site/promote.html","success","0","24","yes","4","no","4","4","yes","yes","continue","https://confighub.github.io/helm-expt/site/promote.html","Promote my config · Config Workshop","w Can I promote this configuration? Compare what you run now with the exact configuration you want to move. See what the next environment would receive, what still needs testing, and whether any target has a current result. Comparing here","https://confighub.github.io/helm-expt/site/promote.html"
"developer","developer-205","5","action","Helm","D-A5","check whether my exact change can move safely","https://confighub.github.io/helm-expt/site/charts/index.html","success","1","49","no","1","yes","4","4","yes","yes","continue","https://confighub.github.io/helm-expt/site/promote.html","Promote my config · Config Workshop","w Can I promote this configuration? Compare what you run now with the exact configuration you want to move. See what the next environment would receive, what still needs testing, and whether any target has a current result. Comparing here","https://confighub.github.io/helm-expt/site/charts/index.html -> https://confighub.github.io/helm-expt/site/promote.html"
"developer","developer-206","5","action","Helm","D-A5","check whether my exact change can move safely","https://confighub.github.io/helm-expt/site/try.html","success","3","78","no","0","no","4","4","yes","yes","continue","https://confighub.github.io/helm-expt/site/promote.html","Promote my config · Config Workshop","w Can I promote this configuration? Compare what you run now with the exact configuration you want to move. See what the next environment would receive, what still needs testing, and whether any target has a current result. Comparing here","https://confighub.github.io/helm-expt/site/try.html -> https://confighub.github.io/helm-expt/site/try.html#finished -> https://confighub.github.io/helm-expt/site/charts/index.html -> https://confighub.github.io/helm-expt/site/promote.html"
"developer","developer-207","5","action","Helm","D-A5","check whether my exact change can move safely","https://confighub.github.io/helm-expt/site/testing.html","success","1","51","no","1","yes","4","4","yes","yes","continue","https://confighub.github.io/helm-expt/site/promote.html","Promote my config · Config Workshop","w Can I promote this configuration? Compare what you run now with the exact configuration you want to move. See what the next environment would receive, what still needs testing, and whether any target has a current result. Comparing here","https://confighub.github.io/helm-expt/site/testing.html -> https://confighub.github.io/helm-expt/site/promote.html"
"developer","developer-208","5","action","Helm","D-A5","check whether my exact change can move safely","https://confighub.github.io/helm-expt/site/how-it-works.html","success","2","71","no","0","yes","4","4","yes","yes","continue","https://confighub.github.io/helm-expt/site/promote.html","Promote my config · Config Workshop","w Can I promote this configuration? Compare what you run now with the exact configuration you want to move. See what the next environment would receive, what still needs testing, and whether any target has a current result. Comparing here","https://confighub.github.io/helm-expt/site/how-it-works.html -> https://confighub.github.io/helm-expt/site/charts/index.html -> https://confighub.github.io/helm-expt/site/promote.html"
"developer","developer-209","5","action","Helm","D-A5","check whether my exact change can move safely","https://confighub.github.io/helm-expt/site/docs.html","success","4","94","no","2","no","4","4","yes","yes","continue","https://confighub.github.io/helm-expt/site/promote.html","Promote my config · Config Workshop","w Can I promote this configuration? Compare what you run now with the exact configuration you want to move. See what the next environment would receive, what still needs testing, and whether any target has a current result. Comparing here","https://confighub.github.io/helm-expt/site/docs.html -> https://confighub.github.io/helm-expt/site/try.html -> https://confighub.github.io/helm-expt/site/try.html#finished -> https://confighub.github.io/helm-expt/site/charts/index.html -> https://confighub.github.io/helm-expt/site/promote.html"
"developer","developer-210","5","action","Helm","D-A5","check whether my exact change can move safely","https://confighub.github.io/helm-expt/site/confighub.html","success","2","59","no","0","yes","4","4","yes","yes","continue","https://confighub.github.io/helm-expt/site/promote.html","Promote my config · Config Workshop","w Can I promote this configuration? Compare what you run now with the exact configuration you want to move. See what the next environment would receive, what still needs testing, and whether any target has a current result. Comparing here","https://confighub.github.io/helm-expt/site/confighub.html -> https://confighub.github.io/helm-expt/site/charts/index.html -> https://confighub.github.io/helm-expt/site/promote.html"
"developer","developer-211","5","navigation","Timoni","D-N5","find a reviewed Timoni Redis configuration","https://confighub.github.io/helm-expt/site/index.html","success","0","17","yes","4","no","4","4","yes","yes","continue","https://confighub.github.io/helm-expt/site/index.html","Config Workshop · Understand and test your configuration","rms and stacks Operate Why trust it Docs ConfigHub Helm first · AICR, Timoni, OCI and YAML examples See what your configuration will do Bring the configuration you or your AI just created. Config Workshop renders it to the exa","https://confighub.github.io/helm-expt/site/index.html"
"developer","developer-212","5","navigation","Timoni","D-N5","find a reviewed Timoni Redis configuration","https://confighub.github.io/helm-expt/site/ai.html","success","0","17","yes","4","no","4","4","yes","yes","continue","https://confighub.github.io/helm-expt/site/ai.html","AI with review and evidence · Config Workshop",", and tests still required. Inspect another source Build the retained Timoni Redis 8.10.1 source and tell me what plain YAML leaves out. The module digest, typed options, seven exact objects, ordered lifecycle, and current lim","https://confighub.github.io/helm-expt/site/ai.html"
"developer","developer-213","5","navigation","Timoni","D-N5","find a reviewed Timoni Redis configuration","https://confighub.github.io/helm-expt/site/ask.html","success","0","21","yes","4","no","4","4","yes","yes","continue","https://confighub.github.io/helm-expt/site/ask.html","Check my config · Config Workshop","ect the source, values, or package. What will it produce? Helm, AICR, Timoni, or another source tool runs on your machine. The browser checks its output; it does not run the source processor. Can this destination accept it? No","https://confighub.github.io/helm-expt/site/ask.html"
"developer","developer-214","5","navigation","Timoni","D-N5","find a reviewed Timoni Redis configuration","https://confighub.github.io/helm-expt/site/promote.html","success","0","20","yes","4","no","4","4","yes","yes","continue","https://confighub.github.io/helm-expt/site/promote.html","Promote my config · Config Workshop","is page. The browser compares the output; it does not run Helm, AICR, Timoni, or another processor. Can this destination accept it? Add current destination checks for the same proposed digest. Without them, the answer remains","https://confighub.github.io/helm-expt/site/promote.html"
"developer","developer-215","5","navigation","Timoni","D-N5","find a reviewed Timoni Redis configuration","https://confighub.github.io/helm-expt/site/charts/index.html","success","0","23","yes","4","no","4","4","yes","yes","continue","https://confighub.github.io/helm-expt/site/charts/index.html","Component Catalog · Config Workshop","catalog index for the retained recipes, versions, and proof details. Timoni Redis The first Timoni entry uses Redis so you can compare it with the Helm Redis configurations above. The inputs are different, but the Catalog ask","https://confighub.github.io/helm-expt/site/charts/index.html"
"developer","developer-216","5","navigation","Timoni","D-N5","find a reviewed Timoni Redis configuration","https://confighub.github.io/helm-expt/site/try.html","partial","5","396","no","3","no","3","4","yes","no","bookmark","https://confighub.github.io/helm-expt/site/try.html","Try it: Redis in ten minutes · Config Workshop","Try it: Redis in ten minutes · Config Workshop Config Workshop AN EXPERIMENTAL TEST SITE FOR CONFIG TOOLS Catalog Platforms and stacks Operate Why trust it Docs Co","https://confighub.github.io/helm-expt/site/try.html -> https://confighub.github.io/helm-expt/site/try.html#render-package -> https://confighub.github.io/helm-expt/site/d/data/redis-public-walkthrough-proof/summary.html -> https://confighub.github.io/helm-expt/site/redis-walkthrough.html -> https://confighub.github.io/helm-expt/site/charts/bitnami-redis-25-5-3.html -> https://confighub.github.io/helm-expt/site/charts/bitnami-redis-25-5-3.html#setting-sources"
"developer","developer-217","5","navigation","Timoni","D-N5","find a reviewed Timoni Redis configuration","https://confighub.github.io/helm-expt/site/testing.html","success","0","16","yes","4","no","4","4","yes","yes","continue","https://confighub.github.io/helm-expt/site/testing.html","Worked Examples · Config Workshop","R v0.20 H100 training starting configuration · v0.19 managed stages A Timoni module Inspect the Timoni Redis example. Compare its immutable module source, typed options, seven exact objects, lifecycle order, public OCI, and Co","https://confighub.github.io/helm-expt/site/testing.html"
"developer","developer-218","5","navigation","Timoni","D-N5","find a reviewed Timoni Redis configuration","https://confighub.github.io/helm-expt/site/how-it-works.html","success","0","23","yes","4","no","4","4","yes","yes","continue","https://confighub.github.io/helm-expt/site/how-it-works.html","Operate · Config Workshop","rence is wrong. That leaf uses AICR's composition or generation step. Timoni Build the pinned module or bundle with its typed values. Kubara or another generator Run its declared generation or composition step. Sveltos Read th","https://confighub.github.io/helm-expt/site/how-it-works.html"
"developer","developer-219","5","navigation","Timoni","D-N5","find a reviewed Timoni Redis configuration","https://confighub.github.io/helm-expt/site/docs.html","partial","5","285","no","3","no","3","4","yes","no","bookmark","https://confighub.github.io/helm-expt/site/docs.html","Docs · Config Workshop","igHub Catalog Find a configuration Is my configuration right? Try it: Redis in ten minutes Detailed Redis walkthrough Run it with Flux, Argo CD, or kubectl What charts hide Did a version change? Did a chart stop pulling? Why","https://confighub.github.io/helm-expt/site/docs.html -> https://confighub.github.io/helm-expt/site/try.html -> https://confighub.github.io/helm-expt/site/try.html#render-package -> https://confighub.github.io/helm-expt/site/d/data/redis-public-walkthrough-proof/summary.html -> https://confighub.github.io/helm-expt/site/redis-walkthrough.html -> https://confighub.github.io/helm-expt/site/charts/bitnami-redis-25-5-3.html"
"developer","developer-220","5","navigation","Timoni","D-N5","find a reviewed Timoni Redis configuration","https://confighub.github.io/helm-expt/site/confighub.html","partial","5","197","no","3","no","3","4","yes","no","bookmark","https://confighub.github.io/helm-expt/site/confighub.html","Use ConfigHub · Config Workshop","igHub Catalog Find a configuration Is my configuration right? Try it: Redis in ten minutes Detailed Redis walkthrough Run it with Flux, Argo CD, or kubectl What charts hide Did a version change? Did a chart stop pulling? Why","https://confighub.github.io/helm-expt/site/confighub.html -> https://confighub.github.io/helm-expt/site/try.html -> https://confighub.github.io/helm-expt/site/try.html#render-package -> https://confighub.github.io/helm-expt/site/d/data/redis-public-walkthrough-proof/summary.html -> https://confighub.github.io/helm-expt/site/redis-walkthrough.html -> https://confighub.github.io/helm-expt/site/charts/bitnami-redis-25-5-3.html"
"developer","developer-221","5","conversion","YAML","D-X5","keep reviewed AI-written YAML as a shared base","https://confighub.github.io/helm-expt/site/index.html","success","0","22","yes","3","no","3","3","yes","yes","signup","https://confighub.github.io/helm-expt/site/index.html","Config Workshop · Understand and test your configuration","compares them with a configuration you already trust, and gives you a reviewed result you can keep. It runs on your laptop, and you can start without an account. Keep what you approve as files or OCI , or upload it to ConfigHub when yo","https://confighub.github.io/helm-expt/site/index.html"
"developer","developer-222","5","conversion","YAML","D-X5","keep reviewed AI-written YAML as a shared base","https://confighub.github.io/helm-expt/site/ai.html","success","0","23","yes","3","no","3","3","yes","yes","signup","https://confighub.github.io/helm-expt/site/ai.html","AI with review and evidence · Config Workshop","what matters. A local render, normalized comparison, findings, and a reviewed result you can keep. Review a promotion Can I move this staging configuration to production? Current and candidate digests, destination differences, lifecyc","https://confighub.github.io/helm-expt/site/ai.html"
"developer","developer-223","5","conversion","YAML","D-X5","keep reviewed AI-written YAML as a shared base","https://confighub.github.io/helm-expt/site/ask.html","success","0","25","yes","3","no","3","3","yes","yes","signup","https://confighub.github.io/helm-expt/site/ask.html","Check my config · Config Workshop","d I provide, and what I run now. Tell me what matters, then give me a reviewed result I can keep.&rdquo; Use this page for your own chart, values, new version, or unexpected result. Use the Catalog when we have already tested the exact","https://confighub.github.io/helm-expt/site/ask.html"
"developer","developer-224","5","conversion","YAML","D-X5","keep reviewed AI-written YAML as a shared base","https://confighub.github.io/helm-expt/site/promote.html","success","0","26","yes","3","no","3","3","yes","yes","signup","https://confighub.github.io/helm-expt/site/promote.html","Promote my config · Config Workshop","n staging and production so a later render cannot quietly replace the reviewed result. Download the review Download current YAML Download proposed YAML Open the review record Read the PromotionReview schema . Use your own AI assistant","https://confighub.github.io/helm-expt/site/promote.html"
"developer","developer-225","5","conversion","YAML","D-X5","keep reviewed AI-written YAML as a shared base","https://confighub.github.io/helm-expt/site/charts/index.html","partial","5","290","no","2","no","2","3","yes","no","bookmark","https://confighub.github.io/helm-expt/site/charts/index.html","Component Catalog · Config Workshop","ers locally with no account: helm template rel <chart> -f your-values.yaml --include-crds . Check one question about the result , then choose whether to report a public finding for Catalog review. Component Retained publishe","https://confighub.github.io/helm-expt/site/charts/index.html -> https://confighub.github.io/helm-expt/site/d/data/helm-catalog-readmes/spaces/timoni-redis-8-10-1-base/README.html -> https://confighub.github.io/helm-expt/site/d/data/helm-catalog-readmes/spaces/timoni-redis-8-10-1-base/README.html#why-this-example-exists -> https://confighub.github.io/helm-expt/site/d/data/helm-catalog-readmes/spaces/timoni-redis-8-10-1-base/README.html#what-this-example-shows -> https://confighub.github.io/helm-expt/site/d/data/helm-catalog-readmes/spaces/timoni-redis-8-10-1-base/README.html#where-each-setting-comes-from -> https://confighub.github.io/helm-expt/site/d/data/helm-catalog-readmes/spaces/timoni-redis-8-10-1-base/README.html#what-to-inspect-in-hub"
"developer","developer-226","5","conversion","YAML","D-X5","keep reviewed AI-written YAML as a shared base","https://confighub.github.io/helm-expt/site/try.html","success","0","22","yes","3","no","3","3","yes","yes","signup","https://confighub.github.io/helm-expt/site/try.html","Try it: Redis in ten minutes · Config Workshop","ter. Limits. This renders and inspects. Nothing is applied. Keep this reviewed result in ConfigHub once you want to change it with your team or promote it between environments. 1. Install cub and the package plugin Install the ConfigHu","https://confighub.github.io/helm-expt/site/try.html"
"developer","developer-227","5","conversion","YAML","D-X5","keep reviewed AI-written YAML as a shared base","https://confighub.github.io/helm-expt/site/testing.html","partial","5","286","no","2","no","2","3","yes","no","bookmark","https://confighub.github.io/helm-expt/site/testing.html","Worked Examples · Config Workshop","ever inferred from earlier ones. If you already have a chart, values, YAML, or OCI, use Check my config . The advanced examples below continue into promotion, fleet rollout, and repeated operational jobs. 1. What do you need","https://confighub.github.io/helm-expt/site/testing.html -> https://confighub.github.io/helm-expt/site/d/data/helm-catalog-readmes/spaces/plain-yaml-acme-web-base/README.html -> https://confighub.github.io/helm-expt/site/d/data/helm-catalog-readmes/spaces/plain-yaml-acme-web-base/README.html#why-this-example-exists -> https://confighub.github.io/helm-expt/site/d/data/helm-catalog-readmes/spaces/plain-yaml-acme-web-base/README.html#what-this-example-shows -> https://confighub.github.io/helm-expt/site/d/data/helm-catalog-readmes/spaces/plain-yaml-acme-web-base/README.html#where-each-setting-comes-from -> https://confighub.github.io/helm-expt/site/d/data/helm-catalog-readmes/spaces/plain-yaml-acme-web-base/README.html#what-to-inspect-in-hub"
"developer","developer-228","5","conversion","YAML","D-X5","keep reviewed AI-written YAML as a shared base","https://confighub.github.io/helm-expt/site/how-it-works.html","success","0","23","yes","3","no","3","3","yes","yes","signup","https://confighub.github.io/helm-expt/site/how-it-works.html","Operate · Config Workshop","configuration. It does not protect individual fields. 4. Deliver the reviewed result For a local test, apply the reviewed files with kubectl. For GitOps, let Argo CD or Flux pull the reviewed files from Git or OCI. With ConfigHub, pub","https://confighub.github.io/helm-expt/site/how-it-works.html"
"developer","developer-229","5","conversion","YAML","D-X5","keep reviewed AI-written YAML as a shared base","https://confighub.github.io/helm-expt/site/docs.html","success","0","24","yes","3","no","3","3","yes","yes","signup","https://confighub.github.io/helm-expt/site/docs.html","Docs · Config Workshop","Deployment See where each tool fits, where settings belong, and how a reviewed result reaches a cluster. See every source and App demonstration Demonstration record See the exact example that ran, its result, and the work still needed","https://confighub.github.io/helm-expt/site/docs.html"
"developer","developer-230","5","conversion","YAML","D-X5","keep reviewed AI-written YAML as a shared base","https://confighub.github.io/helm-expt/site/confighub.html","success","0","22","yes","3","no","3","3","yes","yes","signup","https://confighub.github.io/helm-expt/site/confighub.html","Use ConfigHub · Config Workshop","ion, and compares approved configuration with your clusters. Upload a reviewed result into ConfigHub Open the tutorial New to cub ? Install the cub CLI first. Public catalog packages pull and render anonymously, and you sign in only on","https://confighub.github.io/helm-expt/site/confighub.html"
"developer","developer-231","5","action","Helm","D-A6","ask my AI to review a destination-specific promotion","https://confighub.github.io/helm-expt/site/index.html","success","1","38","no","0","yes","3","3","yes","yes","continue","https://confighub.github.io/helm-expt/site/promote.html","Promote my config · Config Workshop","roposed YAML Open the review record Read the PromotionReview schema . Use your own AI assistant Download both YAML files and the review record. Then give this prompt to Claude, Codex, or the assistant you already use. It asks the assistant to wo","https://confighub.github.io/helm-expt/site/index.html -> https://confighub.github.io/helm-expt/site/promote.html"
"developer","developer-232","5","action","Helm","D-A6","ask my AI to review a destination-specific promotion","https://confighub.github.io/helm-expt/site/ai.html","success","0","22","yes","3","no","3","3","yes","yes","continue","https://confighub.github.io/helm-expt/site/ai.html","AI with review and evidence · Config Workshop","hop is Compare What's new Use Config Workshop with your AI agent Give Claude, Codex, or another coding agent one configuration question. The Config Workshop skill finds exact Catalog records and the lifecycle work to check. It","https://confighub.github.io/helm-expt/site/ai.html"
"developer","developer-233","5","action","Helm","D-A6","ask my AI to review a destination-specific promotion","https://confighub.github.io/helm-expt/site/ask.html","success","0","23","yes","3","no","3","3","yes","yes","continue","https://confighub.github.io/helm-expt/site/ask.html","Check my config · Config Workshop","endered Secret data. Component name Copy commands to keep this result Use your own AI assistant If Claude, Codex, or another assistant is already running on your machine, download the candidate and review record above. Then copy these instructio","https://confighub.github.io/helm-expt/site/ask.html"
"developer","developer-234","5","action","Helm","D-A6","ask my AI to review a destination-specific promotion","https://confighub.github.io/helm-expt/site/promote.html","success","0","24","yes","3","no","3","3","yes","yes","continue","https://confighub.github.io/helm-expt/site/promote.html","Promote my config · Config Workshop","roposed YAML Open the review record Read the PromotionReview schema . Use your own AI assistant Download both YAML files and the review record. Then give this prompt to Claude, Codex, or the assistant you already use. It asks the assistant to wo","https://confighub.github.io/helm-expt/site/promote.html"
"developer","developer-235","5","action","Helm","D-A6","ask my AI to review a destination-specific promotion","https://confighub.github.io/helm-expt/site/charts/index.html","success","1","46","no","1","yes","3","3","yes","yes","continue","https://confighub.github.io/helm-expt/site/promote.html","Promote my config · Config Workshop","roposed YAML Open the review record Read the PromotionReview schema . Use your own AI assistant Download both YAML files and the review record. Then give this prompt to Claude, Codex, or the assistant you already use. It asks the assistant to wo","https://confighub.github.io/helm-expt/site/charts/index.html -> https://confighub.github.io/helm-expt/site/promote.html"
"developer","developer-236","5","action","Helm","D-A6","ask my AI to review a destination-specific promotion","https://confighub.github.io/helm-expt/site/try.html","success","3","73","no","0","yes","3","3","yes","yes","continue","https://confighub.github.io/helm-expt/site/promote.html","Promote my config · Config Workshop","roposed YAML Open the review record Read the PromotionReview schema . Use your own AI assistant Download both YAML files and the review record. Then give this prompt to Claude, Codex, or the assistant you already use. It asks the assistant to wo","https://confighub.github.io/helm-expt/site/try.html -> https://confighub.github.io/helm-expt/site/testing.html -> https://confighub.github.io/helm-expt/site/d/data/helm-catalog-readmes/spaces/byo-nginx-ai-values-24-0-2-reviewed/README.html -> https://confighub.github.io/helm-expt/site/promote.html"
"developer","developer-237","5","action","Helm","D-A6","ask my AI to review a destination-specific promotion","https://confighub.github.io/helm-expt/site/testing.html","success","2","61","no","1","no","3","3","yes","yes","continue","https://confighub.github.io/helm-expt/site/promote.html","Promote my config · Config Workshop","roposed YAML Open the review record Read the PromotionReview schema . Use your own AI assistant Download both YAML files and the review record. Then give this prompt to Claude, Codex, or the assistant you already use. It asks the assistant to wo","https://confighub.github.io/helm-expt/site/testing.html -> https://confighub.github.io/helm-expt/site/d/data/helm-catalog-readmes/spaces/byo-nginx-ai-values-24-0-2-reviewed/README.html -> https://confighub.github.io/helm-expt/site/promote.html"
"developer","developer-238","5","action","Helm","D-A6","ask my AI to review a destination-specific promotion","https://confighub.github.io/helm-expt/site/how-it-works.html","success","1","38","no","0","yes","3","3","yes","yes","continue","https://confighub.github.io/helm-expt/site/promote.html","Promote my config · Config Workshop","roposed YAML Open the review record Read the PromotionReview schema . Use your own AI assistant Download both YAML files and the review record. Then give this prompt to Claude, Codex, or the assistant you already use. It asks the assistant to wo","https://confighub.github.io/helm-expt/site/how-it-works.html -> https://confighub.github.io/helm-expt/site/promote.html"
"developer","developer-239","5","action","Helm","D-A6","ask my AI to review a destination-specific promotion","https://confighub.github.io/helm-expt/site/docs.html","success","1","42","no","1","yes","3","3","yes","yes","continue","https://confighub.github.io/helm-expt/site/promote.html","Promote my config · Config Workshop","roposed YAML Open the review record Read the PromotionReview schema . Use your own AI assistant Download both YAML files and the review record. Then give this prompt to Claude, Codex, or the assistant you already use. It asks the assistant to wo","https://confighub.github.io/helm-expt/site/docs.html -> https://confighub.github.io/helm-expt/site/promote.html"
"developer","developer-240","5","action","Helm","D-A6","ask my AI to review a destination-specific promotion","https://confighub.github.io/helm-expt/site/confighub.html","success","2","144","no","2","no","3","3","yes","yes","continue","https://confighub.github.io/helm-expt/site/promote.html","Promote my config · Config Workshop","roposed YAML Open the review record Read the PromotionReview schema . Use your own AI assistant Download both YAML files and the review record. Then give this prompt to Claude, Codex, or the assistant you already use. It asks the assistant to wo","https://confighub.github.io/helm-expt/site/confighub.html -> https://confighub.github.io/helm-expt/site/d/data/config-review-decision-chain/summary.html -> https://confighub.github.io/helm-expt/site/promote.html"
"gitops","gitops-001","5","comprehension","Helm","O-C1","confirm this does not replace Helm","https://confighub.github.io/helm-expt/site/index.html","success","0","18","yes","2","no","2","2","yes","yes","continue","https://confighub.github.io/helm-expt/site/index.html","Config Workshop · Understand and test your configuration","OOLS Catalog Platforms and stacks Operate Why trust it Docs ConfigHub Helm first · AICR, Timoni, OCI and YAML examples See what your configuration will do Bring the configuration you or your AI just created. Config Workshop","https://confighub.github.io/helm-expt/site/index.html"
"gitops","gitops-002","5","comprehension","Helm","O-C1","confirm this does not replace Helm","https://confighub.github.io/helm-expt/site/ai.html","success","0","18","yes","2","no","2","2","yes","yes","continue","https://confighub.github.io/helm-expt/site/ai.html","AI with review and evidence · Config Workshop","t charts hide Did a version change? Did a chart stop pulling? Why did Helm ignore my values? Worked examples Platforms and stacks Stacks and fleets Build a platform Inference platforms Your assistant Apps on a platform Opera","https://confighub.github.io/helm-expt/site/ai.html"
"gitops","gitops-003","5","comprehension","Helm","O-C1","confirm this does not replace Helm","https://confighub.github.io/helm-expt/site/ask.html","success","0","20","yes","2","no","2","2","yes","yes","continue","https://confighub.github.io/helm-expt/site/ask.html","Check my config · Config Workshop","t charts hide Did a version change? Did a chart stop pulling? Why did Helm ignore my values? Worked examples Platforms and stacks Stacks and fleets Build a platform Inference platforms Your assistant Apps on a platform Opera","https://confighub.github.io/helm-expt/site/ask.html"
"gitops","gitops-004","5","comprehension","Helm","O-C1","confirm this does not replace Helm","https://confighub.github.io/helm-expt/site/promote.html","success","0","21","yes","2","no","2","2","yes","yes","continue","https://confighub.github.io/helm-expt/site/promote.html","Promote my config · Config Workshop","t charts hide Did a version change? Did a chart stop pulling? Why did Helm ignore my values? Worked examples Platforms and stacks Stacks and fleets Build a platform Inference platforms Your assistant Apps on a platform Opera","https://confighub.github.io/helm-expt/site/promote.html"
"gitops","gitops-005","5","comprehension","Helm","O-C1","confirm this does not replace Helm","https://confighub.github.io/helm-expt/site/charts/index.html","success","0","22","yes","2","no","2","2","yes","yes","continue","https://confighub.github.io/helm-expt/site/charts/index.html","Component Catalog · Config Workshop","t charts hide Did a version change? Did a chart stop pulling? Why did Helm ignore my values? Worked examples Platforms and stacks Stacks and fleets Build a platform Inference platforms Your assistant Apps on a platform Opera","https://confighub.github.io/helm-expt/site/charts/index.html"
"gitops","gitops-006","5","comprehension","Helm","O-C1","confirm this does not replace Helm","https://confighub.github.io/helm-expt/site/try.html","success","0","18","yes","2","no","2","2","yes","yes","continue","https://confighub.github.io/helm-expt/site/try.html","Try it: Redis in ten minutes · Config Workshop","t charts hide Did a version change? Did a chart stop pulling? Why did Helm ignore my values? Worked examples Platforms and stacks Stacks and fleets Build a platform Inference platforms Your assistant Apps on a platform Opera","https://confighub.github.io/helm-expt/site/try.html"
"gitops","gitops-007","5","comprehension","Helm","O-C1","confirm this does not replace Helm","https://confighub.github.io/helm-expt/site/testing.html","success","0","18","yes","2","no","2","2","yes","yes","continue","https://confighub.github.io/helm-expt/site/testing.html","Worked Examples · Config Workshop","t charts hide Did a version change? Did a chart stop pulling? Why did Helm ignore my values? Worked examples Platforms and stacks Stacks and fleets Build a platform Inference platforms Your assistant Apps on a platform Opera","https://confighub.github.io/helm-expt/site/testing.html"
"gitops","gitops-008","5","comprehension","Helm","O-C1","confirm this does not replace Helm","https://confighub.github.io/helm-expt/site/how-it-works.html","success","0","20","yes","2","no","2","2","yes","yes","continue","https://confighub.github.io/helm-expt/site/how-it-works.html","Operate · Config Workshop","t charts hide Did a version change? Did a chart stop pulling? Why did Helm ignore my values? Worked examples Platforms and stacks Stacks and fleets Build a platform Inference platforms Your assistant Apps on a platform Opera","https://confighub.github.io/helm-expt/site/how-it-works.html"
"gitops","gitops-009","5","comprehension","Helm","O-C1","confirm this does not replace Helm","https://confighub.github.io/helm-expt/site/docs.html","success","0","21","yes","2","no","2","2","yes","yes","continue","https://confighub.github.io/helm-expt/site/docs.html","Docs · Config Workshop","t charts hide Did a version change? Did a chart stop pulling? Why did Helm ignore my values? Worked examples Platforms and stacks Stacks and fleets Build a platform Inference platforms Your assistant Apps on a platform Opera","https://confighub.github.io/helm-expt/site/docs.html"
"gitops","gitops-010","5","comprehension","Helm","O-C1","confirm this does not replace Helm","https://confighub.github.io/helm-expt/site/confighub.html","success","0","22","yes","2","no","2","2","yes","yes","continue","https://confighub.github.io/helm-expt/site/confighub.html","Use ConfigHub · Config Workshop","t charts hide Did a version change? Did a chart stop pulling? Why did Helm ignore my values? Worked examples Platforms and stacks Stacks and fleets Build a platform Inference platforms Your assistant Apps on a platform Opera","https://confighub.github.io/helm-expt/site/confighub.html"
"gitops","gitops-011","5","comprehension","Helm","O-C2","confirm Argo CD or Flux still delivers","https://confighub.github.io/helm-expt/site/index.html","success","0","22","yes","2","no","2","2","yes","yes","continue","https://confighub.github.io/helm-expt/site/index.html","Config Workshop · Understand and test your configuration","figHub when your team needs a shared record. I use Helm I run Flux or Argo CD I want a platform I need a stack Platform is what your apps run on. Stack is charts composed and checked before they render. one ladder · free check","https://confighub.github.io/helm-expt/site/index.html"
"gitops","gitops-012","5","comprehension","Helm","O-C2","confirm Argo CD or Flux still delivers","https://confighub.github.io/helm-expt/site/ai.html","success","0","22","yes","2","no","2","2","yes","yes","continue","https://confighub.github.io/helm-expt/site/ai.html","AI with review and evidence · Config Workshop","it: Redis in ten minutes Detailed Redis walkthrough Run it with Flux, Argo CD, or kubectl What charts hide Did a version change? Did a chart stop pulling? Why did Helm ignore my values? Worked examples Platforms and stacks Stac","https://confighub.github.io/helm-expt/site/ai.html"
"gitops","gitops-013","5","comprehension","Helm","O-C2","confirm Argo CD or Flux still delivers","https://confighub.github.io/helm-expt/site/ask.html","success","0","23","yes","2","no","2","2","yes","yes","continue","https://confighub.github.io/helm-expt/site/ask.html","Check my config · Config Workshop","it: Redis in ten minutes Detailed Redis walkthrough Run it with Flux, Argo CD, or kubectl What charts hide Did a version change? Did a chart stop pulling? Why did Helm ignore my values? Worked examples Platforms and stacks Stac","https://confighub.github.io/helm-expt/site/ask.html"
"gitops","gitops-014","5","comprehension","Helm","O-C2","confirm Argo CD or Flux still delivers","https://confighub.github.io/helm-expt/site/promote.html","success","0","24","yes","2","no","2","2","yes","yes","continue","https://confighub.github.io/helm-expt/site/promote.html","Promote my config · Config Workshop","it: Redis in ten minutes Detailed Redis walkthrough Run it with Flux, Argo CD, or kubectl What charts hide Did a version change? Did a chart stop pulling? Why did Helm ignore my values? Worked examples Platforms and stacks Stac","https://confighub.github.io/helm-expt/site/promote.html"
"gitops","gitops-015","5","comprehension","Helm","O-C2","confirm Argo CD or Flux still delivers","https://confighub.github.io/helm-expt/site/charts/index.html","success","0","25","yes","2","no","2","2","yes","yes","continue","https://confighub.github.io/helm-expt/site/charts/index.html","Component Catalog · Config Workshop","it: Redis in ten minutes Detailed Redis walkthrough Run it with Flux, Argo CD, or kubectl What charts hide Did a version change? Did a chart stop pulling? Why did Helm ignore my values? Worked examples Platforms and stacks Stac","https://confighub.github.io/helm-expt/site/charts/index.html"
"gitops","gitops-016","5","comprehension","Helm","O-C2","confirm Argo CD or Flux still delivers","https://confighub.github.io/helm-expt/site/try.html","success","0","23","yes","2","no","2","2","yes","yes","continue","https://confighub.github.io/helm-expt/site/try.html","Try it: Redis in ten minutes · Config Workshop","it: Redis in ten minutes Detailed Redis walkthrough Run it with Flux, Argo CD, or kubectl What charts hide Did a version change? Did a chart stop pulling? Why did Helm ignore my values? Worked examples Platforms and stacks Stac","https://confighub.github.io/helm-expt/site/try.html"
"gitops","gitops-017","5","comprehension","Helm","O-C2","confirm Argo CD or Flux still delivers","https://confighub.github.io/helm-expt/site/testing.html","success","0","17","yes","2","no","2","2","yes","yes","continue","https://confighub.github.io/helm-expt/site/testing.html","Worked Examples · Config Workshop","it: Redis in ten minutes Detailed Redis walkthrough Run it with Flux, Argo CD, or kubectl What charts hide Did a version change? Did a chart stop pulling? Why did Helm ignore my values? Worked examples Platforms and stacks Stac","https://confighub.github.io/helm-expt/site/testing.html"
"gitops","gitops-018","5","comprehension","Helm","O-C2","confirm Argo CD or Flux still delivers","https://confighub.github.io/helm-expt/site/how-it-works.html","success","0","21","yes","2","no","2","2","yes","yes","continue","https://confighub.github.io/helm-expt/site/how-it-works.html","Operate · Config Workshop","it: Redis in ten minutes Detailed Redis walkthrough Run it with Flux, Argo CD, or kubectl What charts hide Did a version change? Did a chart stop pulling? Why did Helm ignore my values? Worked examples Platforms and stacks Stac","https://confighub.github.io/helm-expt/site/how-it-works.html"
"gitops","gitops-019","5","comprehension","Helm","O-C2","confirm Argo CD or Flux still delivers","https://confighub.github.io/helm-expt/site/docs.html","success","0","21","yes","2","no","2","2","yes","yes","continue","https://confighub.github.io/helm-expt/site/docs.html","Docs · Config Workshop","it: Redis in ten minutes Detailed Redis walkthrough Run it with Flux, Argo CD, or kubectl What charts hide Did a version change? Did a chart stop pulling? Why did Helm ignore my values? Worked examples Platforms and stacks Stac","https://confighub.github.io/helm-expt/site/docs.html"
"gitops","gitops-020","5","comprehension","Helm","O-C2","confirm Argo CD or Flux still delivers","https://confighub.github.io/helm-expt/site/confighub.html","success","0","17","yes","2","no","2","2","yes","yes","continue","https://confighub.github.io/helm-expt/site/confighub.html","Use ConfigHub · Config Workshop","it: Redis in ten minutes Detailed Redis walkthrough Run it with Flux, Argo CD, or kubectl What charts hide Did a version change? Did a chart stop pulling? Why did Helm ignore my values? Worked examples Platforms and stacks Stac","https://confighub.github.io/helm-expt/site/confighub.html"
"gitops","gitops-021","5","comprehension","OCI","O-C3","distinguish source, rendered, and ConfigHub release OCI","https://confighub.github.io/helm-expt/site/index.html","partial","5","294","no","0","yes","2","3","yes","no","bookmark","https://confighub.github.io/helm-expt/site/deploy-with-flux-or-argo.html","Run it with Flux, Argo CD, or kubectl · Config Workshop","ce. Point Flux at one with no account, and it reconciles. flux create source oci nginx \ --url=oci://europe-west1-docker.pkg.dev/nth-fort-499605-q5/helm-expt/bitnami-nginx-rendered --tag=24.0.2 flux create kustomization nginx --so","https://confighub.github.io/helm-expt/site/index.html -> https://confighub.github.io/helm-expt/site/deploy-with-flux-or-argo.html -> https://confighub.github.io/helm-expt/site/deploy-with-flux-or-argo.html#change-oci -> https://confighub.github.io/helm-expt/site/d/data/catalog-oci-delivery-proof/summary.html -> https://confighub.github.io/helm-expt/site/known-gaps.html -> https://confighub.github.io/helm-expt/site/charts/index.html"
"gitops","gitops-022","5","comprehension","OCI","O-C3","distinguish source, rendered, and ConfigHub release OCI","https://confighub.github.io/helm-expt/site/ai.html","success","1","128","no","1","yes","3","3","yes","yes","continue","https://confighub.github.io/helm-expt/site/docs.html#all-references","Docs · Config Workshop","ole Keep the identities separate The base revision, exact object set, source OCI, ConfigHub Unit, and release OCI have different hashes. A receipt names both sides of a handoff and compares the objects. The Catalog does not treat","https://confighub.github.io/helm-expt/site/ai.html -> https://confighub.github.io/helm-expt/site/docs.html#all-references"
"gitops","gitops-023","5","comprehension","OCI","O-C3","distinguish source, rendered, and ConfigHub release OCI","https://confighub.github.io/helm-expt/site/ask.html","success","1","39","no","1","yes","3","3","yes","yes","continue","https://confighub.github.io/helm-expt/site/how-it-works.html#now-deploy","Operate · Config Workshop",". Read the design center . These OCI artifacts have different jobs. A Catalog installer OCI is input to cub installer. A rendered OCI contains the exact local output. A ConfigHub release OCI contains reviewed revisions after required checks","https://confighub.github.io/helm-expt/site/ask.html -> https://confighub.github.io/helm-expt/site/how-it-works.html#now-deploy"
"gitops","gitops-024","5","comprehension","OCI","O-C3","distinguish source, rendered, and ConfigHub release OCI","https://confighub.github.io/helm-expt/site/promote.html","partial","5","367","no","2","no","2","3","yes","no","bookmark","https://confighub.github.io/helm-expt/site/promote.html","Promote my config · Config Workshop","s YAML. Use two Catalog configurations, two Helm or AICR outputs, two configuration OCI packages, or exported YAML from the current and proposed environments. Materialize each source first so you compare the objects that will actually be","https://confighub.github.io/helm-expt/site/promote.html -> https://confighub.github.io/helm-expt/site/deploy-with-flux-or-argo.html -> https://confighub.github.io/helm-expt/site/deploy-with-flux-or-argo.html#change-oci -> https://confighub.github.io/helm-expt/site/d/data/catalog-oci-delivery-proof/summary.html -> https://confighub.github.io/helm-expt/site/known-gaps.html -> https://confighub.github.io/helm-expt/site/charts/index.html"
"gitops","gitops-025","5","comprehension","OCI","O-C3","distinguish source, rendered, and ConfigHub release OCI","https://confighub.github.io/helm-expt/site/charts/index.html","success","4","195","no","0","no","3","3","yes","yes","continue","https://confighub.github.io/helm-expt/site/how-it-works.html#now-deploy","Operate · Config Workshop",". Read the design center . These OCI artifacts have different jobs. A Catalog installer OCI is input to cub installer. A rendered OCI contains the exact local output. A ConfigHub release OCI contains reviewed revisions after required checks","https://confighub.github.io/helm-expt/site/charts/index.html -> https://confighub.github.io/helm-expt/site/charts/rook-release-rook-ceph-v1-19-5.html -> https://confighub.github.io/helm-expt/site/charts/rook-release-rook-ceph-v1-19-5.html#setting-sources -> https://confighub.github.io/helm-expt/site/charts/rook-release-rook-ceph-v1-19-5.html#files -> https://confighub.github.io/helm-expt/site/how-it-works.html#now-deploy"
"gitops","gitops-026","5","comprehension","OCI","O-C3","distinguish source, rendered, and ConfigHub release OCI","https://confighub.github.io/helm-expt/site/try.html","partial","5","194","no","2","no","2","3","yes","no","bookmark","https://confighub.github.io/helm-expt/site/try.html","Try it: Redis in ten minutes · Config Workshop","xpects you to provide a Kubernetes Secret before deployment. Input: a Catalog installer OCI, pinned to the manifest digest in its publication receipt. Output: readable Kubernetes files plus a local configuration OCI at ./redis-25.oci . cub i","https://confighub.github.io/helm-expt/site/try.html -> https://confighub.github.io/helm-expt/site/testing.html -> https://confighub.github.io/helm-expt/site/d/docs/user/inspect-oci-package.html -> https://confighub.github.io/helm-expt/site/d/docs/user/inspect-oci-package.html#inspect-literal-kubernetes-configuration -> https://confighub.github.io/helm-expt/site/d/docs/user/inspect-oci-package.html#inspect-a-cub-installer-package -> https://confighub.github.io/helm-expt/site/d/docs/user/inspect-oci-package.html#read-the-result"
"gitops","gitops-027","5","comprehension","OCI","O-C3","distinguish source, rendered, and ConfigHub release OCI","https://confighub.github.io/helm-expt/site/testing.html","partial","5","212","no","0","yes","2","3","yes","no","bookmark","https://confighub.github.io/helm-expt/site/d/docs/user/inspect-oci-package.html","Inspect an existing OCI package · Config Workshop","mand is network-free. It reopens the committed AICR, Kubara, and Helm-source OCI layouts. It checks the committed public NGINX report against the publication receipt, installer definition, and recorded render. To pull and render t","https://confighub.github.io/helm-expt/site/testing.html -> https://confighub.github.io/helm-expt/site/d/docs/user/inspect-oci-package.html -> https://confighub.github.io/helm-expt/site/d/docs/user/inspect-oci-package.html#inspect-literal-kubernetes-configuration -> https://confighub.github.io/helm-expt/site/d/docs/user/inspect-oci-package.html#inspect-a-cub-installer-package -> https://confighub.github.io/helm-expt/site/d/docs/user/inspect-oci-package.html#read-the-result -> https://confighub.github.io/helm-expt/site/d/docs/user/inspect-oci-package.html#repository-verification"
"gitops","gitops-028","5","comprehension","OCI","O-C3","distinguish source, rendered, and ConfigHub release OCI","https://confighub.github.io/helm-expt/site/how-it-works.html","success","0","23","yes","3","no","3","3","yes","yes","continue","https://confighub.github.io/helm-expt/site/how-it-works.html","Operate · Config Workshop",". Read the design center . These OCI artifacts have different jobs. A Catalog installer OCI is input to cub installer. A rendered OCI contains the exact local output. A ConfigHub release OCI contains reviewed revisions after required checks","https://confighub.github.io/helm-expt/site/how-it-works.html"
"gitops","gitops-029","5","comprehension","OCI","O-C3","distinguish source, rendered, and ConfigHub release OCI","https://confighub.github.io/helm-expt/site/docs.html","success","0","25","yes","3","no","3","3","yes","yes","continue","https://confighub.github.io/helm-expt/site/docs.html","Docs · Config Workshop","ole Keep the identities separate The base revision, exact object set, source OCI, ConfigHub Unit, and release OCI have different hashes. A receipt names both sides of a handoff and compares the objects. The Catalog does not treat","https://confighub.github.io/helm-expt/site/docs.html"
"gitops","gitops-030","5","comprehension","OCI","O-C3","distinguish source, rendered, and ConfigHub release OCI","https://confighub.github.io/helm-expt/site/confighub.html","partial","5","280","no","1","no","2","3","yes","no","bookmark","https://confighub.github.io/helm-expt/site/d/docs/user/inspect-oci-package.html","Inspect an existing OCI package · Config Workshop","mand is network-free. It reopens the committed AICR, Kubara, and Helm-source OCI layouts. It checks the committed public NGINX report against the publication receipt, installer definition, and recorded render. To pull and render t","https://confighub.github.io/helm-expt/site/confighub.html -> https://confighub.github.io/helm-expt/site/testing.html#managed -> https://confighub.github.io/helm-expt/site/d/docs/user/inspect-oci-package.html -> https://confighub.github.io/helm-expt/site/d/docs/user/inspect-oci-package.html#inspect-literal-kubernetes-configuration -> https://confighub.github.io/helm-expt/site/d/docs/user/inspect-oci-package.html#inspect-a-cub-installer-package -> https://confighub.github.io/helm-expt/site/d/docs/user/inspect-oci-package.html#read-the-result"
"gitops","gitops-031","5","comprehension","Helm","O-C4","understand who handles hooks and CRDs and in what order","https://confighub.github.io/helm-expt/site/index.html","partial","5","312","no","4","no","4","5","yes","no","bookmark","https://confighub.github.io/helm-expt/site/index.html","Config Workshop · Understand and test your configuration","y required namespace, Secret, CRD, API, storage class, cloud service, hook, and setup job. Start this check → 8 of 40 discussions 02 How is this candidate different from production? Compare the two exact object sets and thei","https://confighub.github.io/helm-expt/site/index.html -> https://confighub.github.io/helm-expt/site/deploy-with-flux-or-argo.html -> https://confighub.github.io/helm-expt/site/kubara.html -> https://confighub.github.io/helm-expt/site/kubara.html#six-steps -> https://confighub.github.io/helm-expt/site/d/docs/demo/kubara/adoption-4-oci.html -> https://confighub.github.io/helm-expt/site/d/docs/demo/kubara/adoption-4-oci.html#before-you-start"
"gitops","gitops-032","5","comprehension","Helm","O-C4","understand who handles hooks and CRDs and in what order","https://confighub.github.io/helm-expt/site/ai.html","success","0","23","yes","5","no","5","5","yes","yes","continue","https://confighub.github.io/helm-expt/site/ai.html","AI with review and evidence · Config Workshop","pt literally without losing behavior? Lifecycle and route Who handles hooks, CRDs, tests, waits, setup Jobs, Secrets, and destination requirements, and in what order? Retain and deliver Will the reviewed result stay as files","https://confighub.github.io/helm-expt/site/ai.html"
"gitops","gitops-033","5","comprehension","Helm","O-C4","understand who handles hooks and CRDs and in what order","https://confighub.github.io/helm-expt/site/ask.html","success","0","20","yes","5","no","5","5","yes","yes","continue","https://confighub.github.io/helm-expt/site/ask.html","Check my config · Config Workshop","nspect without applying · Compare development and production · Handle hooks and CRD ordering · Read delivery limits What this page can answer Question What happens here What do I have? The page inventories and compares the e","https://confighub.github.io/helm-expt/site/ask.html"
"gitops","gitops-034","5","comprehension","Helm","O-C4","understand who handles hooks and CRDs and in what order","https://confighub.github.io/helm-expt/site/promote.html","success","1","131","no","4","yes","5","5","yes","yes","continue","https://confighub.github.io/helm-expt/site/d/docs/user/chart-hooks-what-happens.html","If My Chart Has Hooks, What Happens? · Config Workshop","If My Chart Has Hooks, What Happens? · Config Workshop Config Workshop AN EXPERIMENTAL TEST SITE FOR CONFIG TOOLS Catalog Platforms and stacks Operate Why trust it Docs C","https://confighub.github.io/helm-expt/site/promote.html -> https://confighub.github.io/helm-expt/site/d/docs/user/chart-hooks-what-happens.html"
"gitops","gitops-035","5","comprehension","Helm","O-C4","understand who handles hooks and CRDs and in what order","https://confighub.github.io/helm-expt/site/charts/index.html","success","1","168","no","4","yes","5","5","yes","yes","continue","https://confighub.github.io/helm-expt/site/charts/argo-cd-argo-cd-9-5-15.html#matrix-options","argo-cd/argo-cd 9.5.15 · Config Workshop","sults for the Helm comparison, live install, and delivery checks. See hooks, CRDs, and setup work The page names the work and says which delivery path has actually run. What To Use default configuration: 49 rendered objects","https://confighub.github.io/helm-expt/site/charts/index.html -> https://confighub.github.io/helm-expt/site/charts/argo-cd-argo-cd-9-5-15.html#matrix-options"
"gitops","gitops-036","5","comprehension","Helm","O-C4","understand who handles hooks and CRDs and in what order","https://confighub.github.io/helm-expt/site/try.html","success","1","34","no","3","yes","5","5","yes","yes","continue","https://confighub.github.io/helm-expt/site/testing.html","Worked Examples · Config Workshop","ring Find Kube Prometheus Stack. Compare exact versions, CRD choices, hooks, prerequisites, and delivery evidence. Ingress and certificates Start with ingress-nginx , then add cert-manager . The Catalog records the setup wor","https://confighub.github.io/helm-expt/site/try.html -> https://confighub.github.io/helm-expt/site/testing.html"
"gitops","gitops-037","5","comprehension","Helm","O-C4","understand who handles hooks and CRDs and in what order","https://confighub.github.io/helm-expt/site/testing.html","success","0","19","yes","5","no","5","5","yes","yes","continue","https://confighub.github.io/helm-expt/site/testing.html","Worked Examples · Config Workshop","ring Find Kube Prometheus Stack. Compare exact versions, CRD choices, hooks, prerequisites, and delivery evidence. Ingress and certificates Start with ingress-nginx , then add cert-manager . The Catalog records the setup wor","https://confighub.github.io/helm-expt/site/testing.html"
"gitops","gitops-038","5","comprehension","Helm","O-C4","understand who handles hooks and CRDs and in what order","https://confighub.github.io/helm-expt/site/how-it-works.html","success","0","19","yes","5","no","5","5","yes","yes","continue","https://confighub.github.io/helm-expt/site/how-it-works.html","Operate · Config Workshop","s. Before choosing a delivery path: check this exact chart's page for hooks, CRDs, pruning, and tested controller results. The named NGINX example has direct, Argo CD, and Flux receipts. Do not transfer those results to anot","https://confighub.github.io/helm-expt/site/how-it-works.html"
"gitops","gitops-039","5","comprehension","Helm","O-C4","understand who handles hooks and CRDs and in what order","https://confighub.github.io/helm-expt/site/docs.html","success","0","22","yes","5","no","5","5","yes","yes","continue","https://confighub.github.io/helm-expt/site/docs.html","Docs · Config Workshop",", then let Argo CD or Flux pull the reviewed objects. What happens to hooks and CRDs? See how required setup is recorded and ordered, then tested or marked blocked. Should I change the source input or the rendered object? Us","https://confighub.github.io/helm-expt/site/docs.html"
"gitops","gitops-040","5","comprehension","Helm","O-C4","understand who handles hooks and CRDs and in what order","https://confighub.github.io/helm-expt/site/confighub.html","success","1","36","no","1","yes","5","5","yes","yes","continue","https://confighub.github.io/helm-expt/site/testing.html#managed","Worked Examples · Config Workshop","ring Find Kube Prometheus Stack. Compare exact versions, CRD choices, hooks, prerequisites, and delivery evidence. Ingress and certificates Start with ingress-nginx , then add cert-manager . The Catalog records the setup wor","https://confighub.github.io/helm-expt/site/confighub.html -> https://confighub.github.io/helm-expt/site/testing.html#managed"
"gitops","gitops-041","5","navigation","Helm","O-N1","find the hook handling guide","https://confighub.github.io/helm-expt/site/index.html","success","1","126","no","1","yes","2","2","yes","yes","continue","https://confighub.github.io/helm-expt/site/d/docs/user/gitops-adopter-guide.html","Use ConfigHub With Argo CD Or Flux · Config Workshop","ted objects from the bundle. Any extra work around the chart, such as hooks or setup jobs, still needs a documented action, check, target fact, blocker, or refusal. Do not assume Flux will automatically recreate Helm hook be","https://confighub.github.io/helm-expt/site/index.html -> https://confighub.github.io/helm-expt/site/d/docs/user/gitops-adopter-guide.html"
"gitops","gitops-042","5","navigation","Helm","O-N1","find the hook handling guide","https://confighub.github.io/helm-expt/site/ai.html","success","0","20","yes","2","no","2","2","yes","yes","continue","https://confighub.github.io/helm-expt/site/ai.html","AI with review and evidence · Config Workshop","pt literally without losing behavior? Lifecycle and route Who handles hooks, CRDs, tests, waits, setup Jobs, Secrets, and destination requirements, and in what order? Retain and deliver Will the reviewed result stay as files","https://confighub.github.io/helm-expt/site/ai.html"
"gitops","gitops-043","5","navigation","Helm","O-N1","find the hook handling guide","https://confighub.github.io/helm-expt/site/ask.html","success","0","21","yes","2","no","2","2","yes","yes","continue","https://confighub.github.io/helm-expt/site/ask.html","Check my config · Config Workshop","nspect without applying · Compare development and production · Handle hooks and CRD ordering · Read delivery limits What this page can answer Question What happens here What do I have? The page inventories and compares the e","https://confighub.github.io/helm-expt/site/ask.html"
"gitops","gitops-044","5","navigation","Helm","O-N1","find the hook handling guide","https://confighub.github.io/helm-expt/site/promote.html","success","0","22","yes","2","no","2","2","yes","yes","continue","https://confighub.github.io/helm-expt/site/promote.html","Promote my config · Config Workshop","ow to read inherited, overridden, upstream-added, and no-op changes . Hooks, CRDs, and required setup What you should test Target results Target Result Digest Note What to do next Current file: Proposed file: These hashes id","https://confighub.github.io/helm-expt/site/promote.html"
"gitops","gitops-045","5","navigation","Helm","O-N1","find the hook handling guide","https://confighub.github.io/helm-expt/site/charts/index.html","success","0","23","yes","2","no","2","2","yes","yes","continue","https://confighub.github.io/helm-expt/site/charts/index.html","Component Catalog · Config Workshop","l Recommended first path Rendering checked; read page Read chart page Hooks All Needs lifecycle review No hook signal recorded CRDs All Includes or needs CRDs No CRD signal recorded Ready to try entries have maintained start","https://confighub.github.io/helm-expt/site/charts/index.html"
"gitops","gitops-046","5","navigation","Helm","O-N1","find the hook handling guide","https://confighub.github.io/helm-expt/site/try.html","success","1","126","no","1","yes","2","2","yes","yes","continue","https://confighub.github.io/helm-expt/site/deploy-with-flux-or-argo.html","Run it with Flux, Argo CD, or kubectl · Config Workshop","etes objects for Argo CD, Flux, or another OCI consumer. A chart with hooks, admission webhooks, or its own CRDs needs more than a render. Its chart page says which lifecycle steps apply. Public catalog package refs are publ","https://confighub.github.io/helm-expt/site/try.html -> https://confighub.github.io/helm-expt/site/deploy-with-flux-or-argo.html"
"gitops","gitops-047","5","navigation","Helm","O-N1","find the hook handling guide","https://confighub.github.io/helm-expt/site/testing.html","success","0","19","yes","2","no","2","2","yes","yes","continue","https://confighub.github.io/helm-expt/site/testing.html","Worked Examples · Config Workshop","ring Find Kube Prometheus Stack. Compare exact versions, CRD choices, hooks, prerequisites, and delivery evidence. Ingress and certificates Start with ingress-nginx , then add cert-manager . The Catalog records the setup wor","https://confighub.github.io/helm-expt/site/testing.html"
"gitops","gitops-048","5","navigation","Helm","O-N1","find the hook handling guide","https://confighub.github.io/helm-expt/site/how-it-works.html","success","0","20","yes","2","no","2","2","yes","yes","continue","https://confighub.github.io/helm-expt/site/how-it-works.html","Operate · Config Workshop","s. Before choosing a delivery path: check this exact chart's page for hooks, CRDs, pruning, and tested controller results. The named NGINX example has direct, Argo CD, and Flux receipts. Do not transfer those results to anot","https://confighub.github.io/helm-expt/site/how-it-works.html"
"gitops","gitops-049","5","navigation","Helm","O-N1","find the hook handling guide","https://confighub.github.io/helm-expt/site/docs.html","success","0","22","yes","2","no","2","2","yes","yes","continue","https://confighub.github.io/helm-expt/site/docs.html","Docs · Config Workshop",", then let Argo CD or Flux pull the reviewed objects. What happens to hooks and CRDs? See how required setup is recorded and ordered, then tested or marked blocked. Should I change the source input or the rendered object? Us","https://confighub.github.io/helm-expt/site/docs.html"
"gitops","gitops-050","5","navigation","Helm","O-N1","find the hook handling guide","https://confighub.github.io/helm-expt/site/confighub.html","success","1","38","no","0","yes","2","2","yes","yes","continue","https://confighub.github.io/helm-expt/site/deploy-with-flux-or-argo.html","Run it with Flux, Argo CD, or kubectl · Config Workshop","etes objects for Argo CD, Flux, or another OCI consumer. A chart with hooks, admission webhooks, or its own CRDs needs more than a render. Its chart page says which lifecycle steps apply. Public catalog package refs are publ","https://confighub.github.io/helm-expt/site/confighub.html -> https://confighub.github.io/helm-expt/site/deploy-with-flux-or-argo.html"
"gitops","gitops-051","5","navigation","Helm","O-N2","find CRD ownership and ordering","https://confighub.github.io/helm-expt/site/index.html","success","3","68","no","1","no","2","2","yes","yes","continue","https://confighub.github.io/helm-expt/site/known-gaps.html","Delivery Limitations · Config Workshop","go CD and Flux pruning are the tested paths. Open evidence cub-direct CRD ordering Plan around it Kubernetes must establish a CRD before it can accept objects that use that CRD. Do now: Install and wait for the CRDs first,","https://confighub.github.io/helm-expt/site/index.html -> https://confighub.github.io/helm-expt/site/deploy-with-flux-or-argo.html -> https://confighub.github.io/helm-expt/site/deploy-with-flux-or-argo.html#change-oci -> https://confighub.github.io/helm-expt/site/known-gaps.html"
"gitops","gitops-052","5","navigation","Helm","O-N2","find CRD ownership and ordering","https://confighub.github.io/helm-expt/site/ai.html","success","0","21","yes","2","no","2","2","yes","yes","continue","https://confighub.github.io/helm-expt/site/ai.html","AI with review and evidence · Config Workshop","nal. Can this destination accept it? Run checks against current APIs, CRDs, Secrets, policies, controllers, credentials, and hardware. The exact candidate and access to the named destination. Did it work? Read controller, r","https://confighub.github.io/helm-expt/site/ai.html"
"gitops","gitops-053","5","navigation","Helm","O-N2","find CRD ownership and ordering","https://confighub.github.io/helm-expt/site/ask.html","success","0","23","yes","2","no","2","2","yes","yes","continue","https://confighub.github.io/helm-expt/site/ask.html","Check my config · Config Workshop","hout applying · Compare development and production · Handle hooks and CRD ordering · Read delivery limits What this page can answer Question What happens here What do I have? The page inventories and compares the exact rend","https://confighub.github.io/helm-expt/site/ask.html"
"gitops","gitops-054","5","navigation","Helm","O-N2","find CRD ownership and ordering","https://confighub.github.io/helm-expt/site/promote.html","success","0","24","yes","2","no","2","2","yes","yes","continue","https://confighub.github.io/helm-expt/site/promote.html","Promote my config · Config Workshop","ead inherited, overridden, upstream-added, and no-op changes . Hooks, CRDs, and required setup What you should test Target results Target Result Digest Note What to do next Current file: Proposed file: These hashes identify","https://confighub.github.io/helm-expt/site/promote.html"
"gitops","gitops-055","5","navigation","Helm","O-N2","find CRD ownership and ordering","https://confighub.github.io/helm-expt/site/charts/index.html","success","0","25","yes","2","no","2","2","yes","yes","continue","https://confighub.github.io/helm-expt/site/charts/index.html","Component Catalog · Config Workshop","teral configuration. Can this destination accept it? A check of APIs, CRDs, Secrets, policies, controllers, hardware, and lifecycle work for one named destination. Destination access; the candidate does not need to be deplo","https://confighub.github.io/helm-expt/site/charts/index.html"
"gitops","gitops-056","5","navigation","Helm","O-N2","find CRD ownership and ordering","https://confighub.github.io/helm-expt/site/try.html","success","1","38","no","1","yes","2","2","yes","yes","continue","https://confighub.github.io/helm-expt/site/known-gaps.html","Delivery Limitations · Config Workshop","go CD and Flux pruning are the tested paths. Open evidence cub-direct CRD ordering Plan around it Kubernetes must establish a CRD before it can accept objects that use that CRD. Do now: Install and wait for the CRDs first,","https://confighub.github.io/helm-expt/site/try.html -> https://confighub.github.io/helm-expt/site/known-gaps.html"
"gitops","gitops-057","5","navigation","Helm","O-N2","find CRD ownership and ordering","https://confighub.github.io/helm-expt/site/testing.html","success","1","257","no","1","yes","2","2","yes","yes","continue","https://confighub.github.io/helm-expt/site/d/docs/demo/hooks-crds/kube-prometheus-stack.html","Hooks and CRDs: Kube Prometheus Stack · Config Workshop","Hooks and CRDs: Kube Prometheus Stack · Config Workshop Config Workshop AN EXPERIMENTAL TEST SITE FOR CONFIG TOOLS Catalog Platforms and stacks Operate Why trust i","https://confighub.github.io/helm-expt/site/testing.html -> https://confighub.github.io/helm-expt/site/d/docs/demo/hooks-crds/kube-prometheus-stack.html"
"gitops","gitops-058","5","navigation","Helm","O-N2","find CRD ownership and ordering","https://confighub.github.io/helm-expt/site/how-it-works.html","success","0","19","yes","2","no","2","2","yes","yes","continue","https://confighub.github.io/helm-expt/site/how-it-works.html","Operate · Config Workshop","re choosing a delivery path: check this exact chart's page for hooks, CRDs, pruning, and tested controller results. The named NGINX example has direct, Argo CD, and Flux receipts. Do not transfer those results to another ch","https://confighub.github.io/helm-expt/site/how-it-works.html"
"gitops","gitops-059","5","navigation","Helm","O-N2","find CRD ownership and ordering","https://confighub.github.io/helm-expt/site/docs.html","success","0","22","yes","2","no","2","2","yes","yes","continue","https://confighub.github.io/helm-expt/site/docs.html","Docs · Config Workshop","Argo CD or Flux pull the reviewed objects. What happens to hooks and CRDs? See how required setup is recorded and ordered, then tested or marked blocked. Should I change the source input or the rendered object? Use this gu","https://confighub.github.io/helm-expt/site/docs.html"
"gitops","gitops-060","5","navigation","Helm","O-N2","find CRD ownership and ordering","https://confighub.github.io/helm-expt/site/confighub.html","success","1","37","no","0","yes","2","2","yes","yes","continue","https://confighub.github.io/helm-expt/site/known-gaps.html","Delivery Limitations · Config Workshop","go CD and Flux pruning are the tested paths. Open evidence cub-direct CRD ordering Plan around it Kubernetes must establish a CRD before it can accept objects that use that CRD. Do now: Install and wait for the CRDs first,","https://confighub.github.io/helm-expt/site/confighub.html -> https://confighub.github.io/helm-expt/site/known-gaps.html"
"gitops","gitops-061","5","navigation","Helm","O-N3","find an Argo CD OCI example","https://confighub.github.io/helm-expt/site/index.html","success","0","18","yes","3","no","3","3","yes","yes","continue","https://confighub.github.io/helm-expt/site/index.html","Config Workshop · Understand and test your configuration","figHub when your team needs a shared record. I use Helm I run Flux or Argo CD I want a platform I need a stack Platform is what your apps run on. Stack is charts composed and checked before they render. one ladder · free check","https://confighub.github.io/helm-expt/site/index.html"
"gitops","gitops-062","5","navigation","Helm","O-N3","find an Argo CD OCI example","https://confighub.github.io/helm-expt/site/ai.html","success","0","21","yes","3","no","3","3","yes","yes","continue","https://confighub.github.io/helm-expt/site/ai.html","AI with review and evidence · Config Workshop","it: Redis in ten minutes Detailed Redis walkthrough Run it with Flux, Argo CD, or kubectl What charts hide Did a version change? Did a chart stop pulling? Why did Helm ignore my values? Worked examples Platforms and stacks Stac","https://confighub.github.io/helm-expt/site/ai.html"
"gitops","gitops-063","5","navigation","Helm","O-N3","find an Argo CD OCI example","https://confighub.github.io/helm-expt/site/ask.html","success","0","23","yes","3","no","3","3","yes","yes","continue","https://confighub.github.io/helm-expt/site/ask.html","Check my config · Config Workshop","it: Redis in ten minutes Detailed Redis walkthrough Run it with Flux, Argo CD, or kubectl What charts hide Did a version change? Did a chart stop pulling? Why did Helm ignore my values? Worked examples Platforms and stacks Stac","https://confighub.github.io/helm-expt/site/ask.html"
"gitops","gitops-064","5","navigation","Helm","O-N3","find an Argo CD OCI example","https://confighub.github.io/helm-expt/site/promote.html","success","0","24","yes","3","no","3","3","yes","yes","continue","https://confighub.github.io/helm-expt/site/promote.html","Promote my config · Config Workshop","it: Redis in ten minutes Detailed Redis walkthrough Run it with Flux, Argo CD, or kubectl What charts hide Did a version change? Did a chart stop pulling? Why did Helm ignore my values? Worked examples Platforms and stacks Stac","https://confighub.github.io/helm-expt/site/promote.html"
"gitops","gitops-065","5","navigation","Helm","O-N3","find an Argo CD OCI example","https://confighub.github.io/helm-expt/site/charts/index.html","success","0","23","yes","3","no","3","3","yes","yes","continue","https://confighub.github.io/helm-expt/site/charts/index.html","Component Catalog · Config Workshop","it: Redis in ten minutes Detailed Redis walkthrough Run it with Flux, Argo CD, or kubectl What charts hide Did a version change? Did a chart stop pulling? Why did Helm ignore my values? Worked examples Platforms and stacks Stac","https://confighub.github.io/helm-expt/site/charts/index.html"
"gitops","gitops-066","5","navigation","Helm","O-N3","find an Argo CD OCI example","https://confighub.github.io/helm-expt/site/try.html","success","0","21","yes","3","no","3","3","yes","yes","continue","https://confighub.github.io/helm-expt/site/try.html","Try it: Redis in ten minutes · Config Workshop","it: Redis in ten minutes Detailed Redis walkthrough Run it with Flux, Argo CD, or kubectl What charts hide Did a version change? Did a chart stop pulling? Why did Helm ignore my values? Worked examples Platforms and stacks Stac","https://confighub.github.io/helm-expt/site/try.html"
"gitops","gitops-067","5","navigation","Helm","O-N3","find an Argo CD OCI example","https://confighub.github.io/helm-expt/site/testing.html","success","0","21","yes","3","no","3","3","yes","yes","continue","https://confighub.github.io/helm-expt/site/testing.html","Worked Examples · Config Workshop","it: Redis in ten minutes Detailed Redis walkthrough Run it with Flux, Argo CD, or kubectl What charts hide Did a version change? Did a chart stop pulling? Why did Helm ignore my values? Worked examples Platforms and stacks Stac","https://confighub.github.io/helm-expt/site/testing.html"
"gitops","gitops-068","5","navigation","Helm","O-N3","find an Argo CD OCI example","https://confighub.github.io/helm-expt/site/how-it-works.html","success","0","18","yes","3","no","3","3","yes","yes","continue","https://confighub.github.io/helm-expt/site/how-it-works.html","Operate · Config Workshop","it: Redis in ten minutes Detailed Redis walkthrough Run it with Flux, Argo CD, or kubectl What charts hide Did a version change? Did a chart stop pulling? Why did Helm ignore my values? Worked examples Platforms and stacks Stac","https://confighub.github.io/helm-expt/site/how-it-works.html"
"gitops","gitops-069","5","navigation","Helm","O-N3","find an Argo CD OCI example","https://confighub.github.io/helm-expt/site/docs.html","success","0","20","yes","3","no","3","3","yes","yes","continue","https://confighub.github.io/helm-expt/site/docs.html","Docs · Config Workshop","it: Redis in ten minutes Detailed Redis walkthrough Run it with Flux, Argo CD, or kubectl What charts hide Did a version change? Did a chart stop pulling? Why did Helm ignore my values? Worked examples Platforms and stacks Stac","https://confighub.github.io/helm-expt/site/docs.html"
"gitops","gitops-070","5","navigation","Helm","O-N3","find an Argo CD OCI example","https://confighub.github.io/helm-expt/site/confighub.html","success","0","18","yes","3","no","3","3","yes","yes","continue","https://confighub.github.io/helm-expt/site/confighub.html","Use ConfigHub · Config Workshop","it: Redis in ten minutes Detailed Redis walkthrough Run it with Flux, Argo CD, or kubectl What charts hide Did a version change? Did a chart stop pulling? Why did Helm ignore my values? Worked examples Platforms and stacks Stac","https://confighub.github.io/helm-expt/site/confighub.html"
"gitops","gitops-071","5","navigation","Helm","O-N4","find a Flux OCI example","https://confighub.github.io/helm-expt/site/index.html","success","0","19","yes","3","no","3","3","yes","yes","continue","https://confighub.github.io/helm-expt/site/index.html","Config Workshop · Understand and test your configuration","t to ConfigHub when your team needs a shared record. I use Helm I run Flux or Argo CD I want a platform I need a stack Platform is what your apps run on. Stack is charts composed and checked before they render. one ladder ·","https://confighub.github.io/helm-expt/site/index.html"
"gitops","gitops-072","5","navigation","Helm","O-N4","find a Flux OCI example","https://confighub.github.io/helm-expt/site/ai.html","success","0","21","yes","3","no","3","3","yes","yes","continue","https://confighub.github.io/helm-expt/site/ai.html","AI with review and evidence · Config Workshop","? Try it: Redis in ten minutes Detailed Redis walkthrough Run it with Flux, Argo CD, or kubectl What charts hide Did a version change? Did a chart stop pulling? Why did Helm ignore my values? Worked examples Platforms and st","https://confighub.github.io/helm-expt/site/ai.html"
"gitops","gitops-073","5","navigation","Helm","O-N4","find a Flux OCI example","https://confighub.github.io/helm-expt/site/ask.html","success","0","21","yes","3","no","3","3","yes","yes","continue","https://confighub.github.io/helm-expt/site/ask.html","Check my config · Config Workshop","? Try it: Redis in ten minutes Detailed Redis walkthrough Run it with Flux, Argo CD, or kubectl What charts hide Did a version change? Did a chart stop pulling? Why did Helm ignore my values? Worked examples Platforms and st","https://confighub.github.io/helm-expt/site/ask.html"
"gitops","gitops-074","5","navigation","Helm","O-N4","find a Flux OCI example","https://confighub.github.io/helm-expt/site/promote.html","success","0","22","yes","3","no","3","3","yes","yes","continue","https://confighub.github.io/helm-expt/site/promote.html","Promote my config · Config Workshop","? Try it: Redis in ten minutes Detailed Redis walkthrough Run it with Flux, Argo CD, or kubectl What charts hide Did a version change? Did a chart stop pulling? Why did Helm ignore my values? Worked examples Platforms and st","https://confighub.github.io/helm-expt/site/promote.html"
"gitops","gitops-075","5","navigation","Helm","O-N4","find a Flux OCI example","https://confighub.github.io/helm-expt/site/charts/index.html","success","0","23","yes","3","no","3","3","yes","yes","continue","https://confighub.github.io/helm-expt/site/charts/index.html","Component Catalog · Config Workshop","? Try it: Redis in ten minutes Detailed Redis walkthrough Run it with Flux, Argo CD, or kubectl What charts hide Did a version change? Did a chart stop pulling? Why did Helm ignore my values? Worked examples Platforms and st","https://confighub.github.io/helm-expt/site/charts/index.html"
"gitops","gitops-076","5","navigation","Helm","O-N4","find a Flux OCI example","https://confighub.github.io/helm-expt/site/try.html","success","0","18","yes","3","no","3","3","yes","yes","continue","https://confighub.github.io/helm-expt/site/try.html","Try it: Redis in ten minutes · Config Workshop","? Try it: Redis in ten minutes Detailed Redis walkthrough Run it with Flux, Argo CD, or kubectl What charts hide Did a version change? Did a chart stop pulling? Why did Helm ignore my values? Worked examples Platforms and st","https://confighub.github.io/helm-expt/site/try.html"
"gitops","gitops-077","5","navigation","Helm","O-N4","find a Flux OCI example","https://confighub.github.io/helm-expt/site/testing.html","success","0","19","yes","3","no","3","3","yes","yes","continue","https://confighub.github.io/helm-expt/site/testing.html","Worked Examples · Config Workshop","? Try it: Redis in ten minutes Detailed Redis walkthrough Run it with Flux, Argo CD, or kubectl What charts hide Did a version change? Did a chart stop pulling? Why did Helm ignore my values? Worked examples Platforms and st","https://confighub.github.io/helm-expt/site/testing.html"
"gitops","gitops-078","5","navigation","Helm","O-N4","find a Flux OCI example","https://confighub.github.io/helm-expt/site/how-it-works.html","success","0","19","yes","3","no","3","3","yes","yes","continue","https://confighub.github.io/helm-expt/site/how-it-works.html","Operate · Config Workshop","? Try it: Redis in ten minutes Detailed Redis walkthrough Run it with Flux, Argo CD, or kubectl What charts hide Did a version change? Did a chart stop pulling? Why did Helm ignore my values? Worked examples Platforms and st","https://confighub.github.io/helm-expt/site/how-it-works.html"
"gitops","gitops-079","5","navigation","Helm","O-N4","find a Flux OCI example","https://confighub.github.io/helm-expt/site/docs.html","success","0","20","yes","3","no","3","3","yes","yes","continue","https://confighub.github.io/helm-expt/site/docs.html","Docs · Config Workshop","? Try it: Redis in ten minutes Detailed Redis walkthrough Run it with Flux, Argo CD, or kubectl What charts hide Did a version change? Did a chart stop pulling? Why did Helm ignore my values? Worked examples Platforms and st","https://confighub.github.io/helm-expt/site/docs.html"
"gitops","gitops-080","5","navigation","Helm","O-N4","find a Flux OCI example","https://confighub.github.io/helm-expt/site/confighub.html","success","0","18","yes","3","no","3","3","yes","yes","continue","https://confighub.github.io/helm-expt/site/confighub.html","Use ConfigHub · Config Workshop","? Try it: Redis in ten minutes Detailed Redis walkthrough Run it with Flux, Argo CD, or kubectl What charts hide Did a version change? Did a chart stop pulling? Why did Helm ignore my values? Worked examples Platforms and st","https://confighub.github.io/helm-expt/site/confighub.html"
"gitops","gitops-081","5","action","Helm","O-A1","render and inspect without applying","https://confighub.github.io/helm-expt/site/index.html","success","0","18","yes","3","no","3","3","yes","yes","continue","https://confighub.github.io/helm-expt/site/index.html","Config Workshop · Understand and test your configuration","Bring the configuration you or your AI just created. Config Workshop renders it to the exact Kubernetes objects it produces, compares them with a configuration you already trust, and gives you a reviewed result you can keep.","https://confighub.github.io/helm-expt/site/index.html"
"gitops","gitops-082","5","action","Helm","O-A1","render and inspect without applying","https://confighub.github.io/helm-expt/site/ai.html","success","0","19","yes","3","no","3","3","yes","yes","continue","https://confighub.github.io/helm-expt/site/ai.html","AI with review and evidence · Config Workshop","ced. Compare them with the defaults and tell me what matters. A local render, normalized comparison, findings, and a reviewed result you can keep. Review a promotion Can I move this staging configuration to production? Current","https://confighub.github.io/helm-expt/site/ai.html"
"gitops","gitops-083","5","action","Helm","O-A1","render and inspect without applying","https://confighub.github.io/helm-expt/site/ask.html","success","1","40","no","2","yes","3","3","yes","yes","continue","https://confighub.github.io/helm-expt/site/testing.html#bring-your-own","Worked Examples · Config Workshop","e. I need Start here A database or cache Try the Redis configuration. Render it locally, read the 14 objects, and check the recorded Helm match and install requirements. Cluster monitoring Find Kube Prometheus Stack. Compare e","https://confighub.github.io/helm-expt/site/ask.html -> https://confighub.github.io/helm-expt/site/testing.html#bring-your-own"
"gitops","gitops-084","5","action","Helm","O-A1","render and inspect without applying","https://confighub.github.io/helm-expt/site/promote.html","success","4","94","no","2","no","3","3","yes","yes","continue","https://confighub.github.io/helm-expt/site/testing.html#bring-your-own","Worked Examples · Config Workshop","e. I need Start here A database or cache Try the Redis configuration. Render it locally, read the 14 objects, and check the recorded Helm match and install requirements. Cluster monitoring Find Kube Prometheus Stack. Compare e","https://confighub.github.io/helm-expt/site/promote.html -> https://confighub.github.io/helm-expt/site/deploy-with-flux-or-argo.html -> https://confighub.github.io/helm-expt/site/deploy-with-flux-or-argo.html#kubectl -> https://confighub.github.io/helm-expt/site/ask.html -> https://confighub.github.io/helm-expt/site/testing.html#bring-your-own"
"gitops","gitops-085","5","action","Helm","O-A1","render and inspect without applying","https://confighub.github.io/helm-expt/site/charts/index.html","partial","5","111","no","2","no","2","3","yes","no","bookmark","https://confighub.github.io/helm-expt/site/charts/index.html","Component Catalog · Config Workshop","yment. Helm is the largest section. Each chart page shows the values, rendered Kubernetes objects, required setup, checks, and known limits. The AI infrastructure section starts with a CPU model and continues into AICR, NIM, a","https://confighub.github.io/helm-expt/site/charts/index.html -> https://confighub.github.io/helm-expt/site/try-aicr.html -> https://confighub.github.io/helm-expt/site/try-aicr.html#retained-config-path -> https://confighub.github.io/helm-expt/site/try-aicr.html#inspect-aicr -> https://confighub.github.io/helm-expt/site/deploy-with-flux-or-argo.html -> https://confighub.github.io/helm-expt/site/deploy-with-flux-or-argo.html#kubectl"
"gitops","gitops-086","5","action","Helm","O-A1","render and inspect without applying","https://confighub.github.io/helm-expt/site/try.html","partial","5","112","no","2","no","2","3","yes","no","bookmark","https://confighub.github.io/helm-expt/site/try.html","Try it: Redis in ten minutes · Config Workshop","s Compare What's new Try it: Redis in ten minutes Runs on your laptop Render one reviewed Redis configuration and read the 14 Kubernetes objects it produces. Thirteen come from the chart. The fourteenth is a Namespace that cub","https://confighub.github.io/helm-expt/site/try.html -> https://confighub.github.io/helm-expt/site/try.html#render-package -> https://confighub.github.io/helm-expt/site/try.html#inspect-result -> https://confighub.github.io/helm-expt/site/deploy-with-flux-or-argo.html -> https://confighub.github.io/helm-expt/site/deploy-with-flux-or-argo.html#kubectl -> https://confighub.github.io/helm-expt/site/ask.html"
"gitops","gitops-087","5","action","Helm","O-A1","render and inspect without applying","https://confighub.github.io/helm-expt/site/testing.html","success","0","20","yes","3","no","3","3","yes","yes","continue","https://confighub.github.io/helm-expt/site/testing.html","Worked Examples · Config Workshop","e. I need Start here A database or cache Try the Redis configuration. Render it locally, read the 14 objects, and check the recorded Helm match and install requirements. Cluster monitoring Find Kube Prometheus Stack. Compare e","https://confighub.github.io/helm-expt/site/testing.html"
"gitops","gitops-088","5","action","Helm","O-A1","render and inspect without applying","https://confighub.github.io/helm-expt/site/how-it-works.html","success","4","93","no","2","no","3","3","yes","yes","continue","https://confighub.github.io/helm-expt/site/testing.html#bring-your-own","Worked Examples · Config Workshop","e. I need Start here A database or cache Try the Redis configuration. Render it locally, read the 14 objects, and check the recorded Helm match and install requirements. Cluster monitoring Find Kube Prometheus Stack. Compare e","https://confighub.github.io/helm-expt/site/how-it-works.html -> https://confighub.github.io/helm-expt/site/deploy-with-flux-or-argo.html#change-oci -> https://confighub.github.io/helm-expt/site/deploy-with-flux-or-argo.html#kubectl -> https://confighub.github.io/helm-expt/site/ask.html -> https://confighub.github.io/helm-expt/site/testing.html#bring-your-own"
"gitops","gitops-089","5","action","Helm","O-A1","render and inspect without applying","https://confighub.github.io/helm-expt/site/docs.html","success","1","40","no","2","yes","3","3","yes","yes","continue","https://confighub.github.io/helm-expt/site/d/docs/user/inspect-oci-package.html","Inspect an existing OCI package · Config Workshop","to cub ? Install the cub CLI first. Public catalog packages pull and render anonymously, and you sign in only once a command saves or changes ConfigHub data. This command needs ORAS . It does not need a ConfigHub account, Con","https://confighub.github.io/helm-expt/site/docs.html -> https://confighub.github.io/helm-expt/site/d/docs/user/inspect-oci-package.html"
"gitops","gitops-090","5","action","Helm","O-A1","render and inspect without applying","https://confighub.github.io/helm-expt/site/confighub.html","fail","5","196","no","1","no","1","3","yes","no","leave","https://confighub.github.io/helm-expt/site/confighub.html","Use ConfigHub · Config Workshop","to cub ? Install the cub CLI first. Public catalog packages pull and render anonymously, and you sign in only once a command saves or changes ConfigHub data. 1. What ConfigHub adds The account path is three steps: upload, rel","https://confighub.github.io/helm-expt/site/confighub.html -> https://confighub.github.io/helm-expt/site/d/docs/user/ci-rendered-catalog-journey.html -> https://confighub.github.io/helm-expt/site/d/docs/user/ci-rendered-catalog-journey.html#land-the-renders-you-already-have -> https://confighub.github.io/helm-expt/site/d/docs/user/ci-rendered-catalog-journey.html#what-data-adds-over-text -> https://confighub.github.io/helm-expt/site/d/docs/user/ci-rendered-catalog-journey.html#where-this-journey-ends-and-the-commercial-tier-begins -> https://confighub.github.io/helm-expt/site/d/docs/user/ci-rendered-catalog-journey.html#run-it-yourself"
"gitops","gitops-091","5","action","OCI","O-A2","publish rendered files as OCI","https://confighub.github.io/helm-expt/site/index.html","success","0","20","yes","3","no","3","3","yes","yes","continue","https://confighub.github.io/helm-expt/site/index.html","Config Workshop · Understand and test your configuration","ata. 01 What will this install, and what must already exist? List the rendered objects and every required namespace, Secret, CRD, API, storage class, cloud service, hook, and setup job. Start this check → 8 of 40 discussions 02","https://confighub.github.io/helm-expt/site/index.html"
"gitops","gitops-092","5","action","OCI","O-A2","publish rendered files as OCI","https://confighub.github.io/helm-expt/site/ai.html","success","1","38","no","2","yes","3","3","yes","yes","continue","https://confighub.github.io/helm-expt/site/deploy-with-flux-or-argo.html","Run it with Flux, Argo CD, or kubectl · Config Workshop","urope-west1-docker.pkg.dev/nth-fort-499605-q5/helm-expt/bitnami-nginx-rendered --tag=24.0.2 flux create kustomization nginx --source=OCIRepository/nginx --path=""."" --prune=true This is proven end to end. Flux fetched digest sha2","https://confighub.github.io/helm-expt/site/ai.html -> https://confighub.github.io/helm-expt/site/deploy-with-flux-or-argo.html"
"gitops","gitops-093","5","action","OCI","O-A2","publish rendered files as OCI","https://confighub.github.io/helm-expt/site/ask.html","success","0","22","yes","3","no","3","3","yes","yes","continue","https://confighub.github.io/helm-expt/site/ask.html","Check my config · Config Workshop","e already tested the exact chart and version. In the website: compare rendered Kubernetes YAML in this browser, with no AI needed, or build local instructions for the AI assistant you already use. Render your chart with helm tem","https://confighub.github.io/helm-expt/site/ask.html"
"gitops","gitops-094","5","action","OCI","O-A2","publish rendered files as OCI","https://confighub.github.io/helm-expt/site/promote.html","partial","5","211","no","3","no","3","3","no","no","bookmark","https://confighub.github.io/helm-expt/site/promote.html","Promote my config · Config Workshop","ly so you can see the result before adding your own files. Compare my rendered YAML Reload the Redis example New to cub ? Install the cub CLI first. Public catalog packages pull and render anonymously, and you sign in only once","https://confighub.github.io/helm-expt/site/promote.html -> https://confighub.github.io/helm-expt/site/d/data/oci-deploy-stage-rollout-proof/summary.html -> https://confighub.github.io/helm-expt/site/d/data/oci-deploy-stage-rollout-proof/summary.html#argo-cd-controller-feedback -> https://confighub.github.io/helm-expt/site/d/data/oci-deploy-stage-rollout-proof/summary.html#flux-controller-feedback -> https://confighub.github.io/helm-expt/site/d/data/oci-deploy-stage-rollout-proof/summary.html#result -> https://confighub.github.io/helm-expt/site/d/data/oci-deploy-stage-rollout-proof/summary.html#live-observation-receipts"
"gitops","gitops-095","5","action","OCI","O-A2","publish rendered files as OCI","https://confighub.github.io/helm-expt/site/charts/index.html","success","1","131","no","3","yes","3","3","yes","yes","continue","https://confighub.github.io/helm-expt/site/charts/prometheus-community-prometheus-pushgateway-3-6-0.html","prometheus-community/prometheus-pushgateway 3.6.0 · Config Workshop","delivery path has actually run. What To Use default configuration: 3 rendered objects · 1 image · 0 target prerequisites · 0 hook or setup routes · 6/6 checks passing. These counts come from the linked test records. default Fir","https://confighub.github.io/helm-expt/site/charts/index.html -> https://confighub.github.io/helm-expt/site/charts/prometheus-community-prometheus-pushgateway-3-6-0.html"
"gitops","gitops-096","5","action","OCI","O-A2","publish rendered files as OCI","https://confighub.github.io/helm-expt/site/try.html","partial","5","198","no","2","yes","3","3","no","no","bookmark","https://confighub.github.io/helm-expt/site/testing.html","Worked Examples · Config Workshop","inx , then add cert-manager . The Catalog records the setup work that rendered YAML does not explain. AI inference Start with AICR. Compare existing GPU nodes without a recipe, or inspect the exact CPU-starter Applications and O","https://confighub.github.io/helm-expt/site/try.html -> https://confighub.github.io/helm-expt/site/testing.html -> https://confighub.github.io/helm-expt/site/d/data/oci-deploy-stage-rollout-proof/summary.html -> https://confighub.github.io/helm-expt/site/d/data/oci-deploy-stage-rollout-proof/summary.html#argo-cd-controller-feedback -> https://confighub.github.io/helm-expt/site/d/data/oci-deploy-stage-rollout-proof/summary.html#flux-controller-feedback -> https://confighub.github.io/helm-expt/site/d/data/oci-deploy-stage-rollout-proof/summary.html#result"
"gitops","gitops-097","5","action","OCI","O-A2","publish rendered files as OCI","https://confighub.github.io/helm-expt/site/testing.html","partial","5","110","no","3","no","3","3","no","no","bookmark","https://confighub.github.io/helm-expt/site/testing.html","Worked Examples · Config Workshop","inx , then add cert-manager . The Catalog records the setup work that rendered YAML does not explain. AI inference Start with AICR. Compare existing GPU nodes without a recipe, or inspect the exact CPU-starter Applications and O","https://confighub.github.io/helm-expt/site/testing.html -> https://confighub.github.io/helm-expt/site/d/data/oci-deploy-stage-rollout-proof/summary.html -> https://confighub.github.io/helm-expt/site/d/data/oci-deploy-stage-rollout-proof/summary.html#argo-cd-controller-feedback -> https://confighub.github.io/helm-expt/site/d/data/oci-deploy-stage-rollout-proof/summary.html#flux-controller-feedback -> https://confighub.github.io/helm-expt/site/d/data/oci-deploy-stage-rollout-proof/summary.html#result -> https://confighub.github.io/helm-expt/site/d/data/oci-deploy-stage-rollout-proof/summary.html#live-observation-receipts"
"gitops","gitops-098","5","action","OCI","O-A2","publish rendered files as OCI","https://confighub.github.io/helm-expt/site/how-it-works.html","success","0","22","yes","3","no","3","3","yes","yes","continue","https://confighub.github.io/helm-expt/site/how-it-works.html","Operate · Config Workshop","ks with your registry and reconciler. Publish the reviewed files as a rendered OCI. Argo CD or Flux can pull the same objects you inspected. See the working no-account OCI-in, change, OCI-out example . ConfigHub Upload the files","https://confighub.github.io/helm-expt/site/how-it-works.html"
"gitops","gitops-099","5","action","OCI","O-A2","publish rendered files as OCI","https://confighub.github.io/helm-expt/site/docs.html","success","1","41","no","3","yes","3","3","yes","yes","continue","https://confighub.github.io/helm-expt/site/how-it-works.html#now-deploy","Operate · Config Workshop","ks with your registry and reconciler. Publish the reviewed files as a rendered OCI. Argo CD or Flux can pull the same objects you inspected. See the working no-account OCI-in, change, OCI-out example . ConfigHub Upload the files","https://confighub.github.io/helm-expt/site/docs.html -> https://confighub.github.io/helm-expt/site/how-it-works.html#now-deploy"
"gitops","gitops-100","5","action","OCI","O-A2","publish rendered files as OCI","https://confighub.github.io/helm-expt/site/confighub.html","partial","5","105","no","2","yes","3","3","no","no","bookmark","https://confighub.github.io/helm-expt/site/testing.html#managed","Worked Examples · Config Workshop","inx , then add cert-manager . The Catalog records the setup work that rendered YAML does not explain. AI inference Start with AICR. Compare existing GPU nodes without a recipe, or inspect the exact CPU-starter Applications and O","https://confighub.github.io/helm-expt/site/confighub.html -> https://confighub.github.io/helm-expt/site/testing.html#managed -> https://confighub.github.io/helm-expt/site/d/data/oci-deploy-stage-rollout-proof/summary.html -> https://confighub.github.io/helm-expt/site/d/data/oci-deploy-stage-rollout-proof/summary.html#argo-cd-controller-feedback -> https://confighub.github.io/helm-expt/site/d/data/oci-deploy-stage-rollout-proof/summary.html#flux-controller-feedback -> https://confighub.github.io/helm-expt/site/d/data/oci-deploy-stage-rollout-proof/summary.html#result"
"gitops","gitops-101","5","action","Helm","O-A3","deliver with kubectl","https://confighub.github.io/helm-expt/site/index.html","success","1","40","no","2","yes","3","3","yes","yes","continue","https://confighub.github.io/helm-expt/site/deploy-with-flux-or-argo.html","Run it with Flux, Argo CD, or kubectl · Config Workshop","Run it with Flux, Argo CD, or kubectl · Config Workshop Config Workshop AN EXPERIMENTAL TEST SITE FOR CONFIG TOOLS Catalog Platforms and stacks Operate Why trust it Docs ConfigHub Catalog","https://confighub.github.io/helm-expt/site/index.html -> https://confighub.github.io/helm-expt/site/deploy-with-flux-or-argo.html"
"gitops","gitops-102","5","action","Helm","O-A3","deliver with kubectl","https://confighub.github.io/helm-expt/site/ai.html","success","1","40","no","3","yes","3","3","yes","yes","continue","https://confighub.github.io/helm-expt/site/deploy-with-flux-or-argo.html","Run it with Flux, Argo CD, or kubectl · Config Workshop","Run it with Flux, Argo CD, or kubectl · Config Workshop Config Workshop AN EXPERIMENTAL TEST SITE FOR CONFIG TOOLS Catalog Platforms and stacks Operate Why trust it Docs ConfigHub Catalog","https://confighub.github.io/helm-expt/site/ai.html -> https://confighub.github.io/helm-expt/site/deploy-with-flux-or-argo.html"
"gitops","gitops-103","5","action","Helm","O-A3","deliver with kubectl","https://confighub.github.io/helm-expt/site/ask.html","success","1","46","no","3","yes","3","3","yes","yes","continue","https://confighub.github.io/helm-expt/site/deploy-with-flux-or-argo.html","Run it with Flux, Argo CD, or kubectl · Config Workshop","Run it with Flux, Argo CD, or kubectl · Config Workshop Config Workshop AN EXPERIMENTAL TEST SITE FOR CONFIG TOOLS Catalog Platforms and stacks Operate Why trust it Docs ConfigHub Catalog","https://confighub.github.io/helm-expt/site/ask.html -> https://confighub.github.io/helm-expt/site/deploy-with-flux-or-argo.html"
"gitops","gitops-104","5","action","Helm","O-A3","deliver with kubectl","https://confighub.github.io/helm-expt/site/promote.html","success","1","48","no","3","yes","3","3","yes","yes","continue","https://confighub.github.io/helm-expt/site/deploy-with-flux-or-argo.html","Run it with Flux, Argo CD, or kubectl · Config Workshop","Run it with Flux, Argo CD, or kubectl · Config Workshop Config Workshop AN EXPERIMENTAL TEST SITE FOR CONFIG TOOLS Catalog Platforms and stacks Operate Why trust it Docs ConfigHub Catalog","https://confighub.github.io/helm-expt/site/promote.html -> https://confighub.github.io/helm-expt/site/deploy-with-flux-or-argo.html"
"gitops","gitops-105","5","action","Helm","O-A3","deliver with kubectl","https://confighub.github.io/helm-expt/site/charts/index.html","success","1","39","no","3","yes","3","3","yes","yes","continue","https://confighub.github.io/helm-expt/site/deploy-with-flux-or-argo.html","Run it with Flux, Argo CD, or kubectl · Config Workshop","Run it with Flux, Argo CD, or kubectl · Config Workshop Config Workshop AN EXPERIMENTAL TEST SITE FOR CONFIG TOOLS Catalog Platforms and stacks Operate Why trust it Docs ConfigHub Catalog","https://confighub.github.io/helm-expt/site/charts/index.html -> https://confighub.github.io/helm-expt/site/deploy-with-flux-or-argo.html"
"gitops","gitops-106","5","action","Helm","O-A3","deliver with kubectl","https://confighub.github.io/helm-expt/site/try.html","success","0","22","yes","3","no","3","3","yes","yes","continue","https://confighub.github.io/helm-expt/site/try.html","Try it: Redis in ten minutes · Config Workshop","ten minutes Detailed Redis walkthrough Run it with Flux, Argo CD, or kubectl What charts hide Did a version change? Did a chart stop pulling? Why did Helm ignore my values? Worked examples Platforms and stacks Stacks and fleet","https://confighub.github.io/helm-expt/site/try.html"
"gitops","gitops-107","5","action","Helm","O-A3","deliver with kubectl","https://confighub.github.io/helm-expt/site/testing.html","success","1","40","no","3","yes","3","3","yes","yes","continue","https://confighub.github.io/helm-expt/site/deploy-with-flux-or-argo.html","Run it with Flux, Argo CD, or kubectl · Config Workshop","Run it with Flux, Argo CD, or kubectl · Config Workshop Config Workshop AN EXPERIMENTAL TEST SITE FOR CONFIG TOOLS Catalog Platforms and stacks Operate Why trust it Docs ConfigHub Catalog","https://confighub.github.io/helm-expt/site/testing.html -> https://confighub.github.io/helm-expt/site/deploy-with-flux-or-argo.html"
"gitops","gitops-108","5","action","Helm","O-A3","deliver with kubectl","https://confighub.github.io/helm-expt/site/how-it-works.html","success","0","17","yes","3","no","3","3","yes","yes","continue","https://confighub.github.io/helm-expt/site/how-it-works.html","Operate · Config Workshop","ten minutes Detailed Redis walkthrough Run it with Flux, Argo CD, or kubectl What charts hide Did a version change? Did a chart stop pulling? Why did Helm ignore my values? Worked examples Platforms and stacks Stacks and fleet","https://confighub.github.io/helm-expt/site/how-it-works.html"
"gitops","gitops-109","5","action","Helm","O-A3","deliver with kubectl","https://confighub.github.io/helm-expt/site/docs.html","success","1","40","no","3","yes","3","3","yes","yes","continue","https://confighub.github.io/helm-expt/site/deploy-with-flux-or-argo.html","Run it with Flux, Argo CD, or kubectl · Config Workshop","Run it with Flux, Argo CD, or kubectl · Config Workshop Config Workshop AN EXPERIMENTAL TEST SITE FOR CONFIG TOOLS Catalog Platforms and stacks Operate Why trust it Docs ConfigHub Catalog","https://confighub.github.io/helm-expt/site/docs.html -> https://confighub.github.io/helm-expt/site/deploy-with-flux-or-argo.html"
"gitops","gitops-110","5","action","Helm","O-A3","deliver with kubectl","https://confighub.github.io/helm-expt/site/confighub.html","success","1","41","no","2","yes","3","3","yes","yes","continue","https://confighub.github.io/helm-expt/site/deploy-with-flux-or-argo.html","Run it with Flux, Argo CD, or kubectl · Config Workshop","Run it with Flux, Argo CD, or kubectl · Config Workshop Config Workshop AN EXPERIMENTAL TEST SITE FOR CONFIG TOOLS Catalog Platforms and stacks Operate Why trust it Docs ConfigHub Catalog","https://confighub.github.io/helm-expt/site/confighub.html -> https://confighub.github.io/helm-expt/site/deploy-with-flux-or-argo.html"
"gitops","gitops-111","5","action","Helm","O-A4","deliver with Argo CD or Flux","https://confighub.github.io/helm-expt/site/index.html","success","0","20","yes","3","no","3","3","yes","yes","continue","https://confighub.github.io/helm-expt/site/index.html","Config Workshop · Understand and test your configuration","figHub when your team needs a shared record. I use Helm I run Flux or Argo CD I want a platform I need a stack Platform is what your apps run on. Stack is charts composed and checked before they render. one ladder · free check","https://confighub.github.io/helm-expt/site/index.html"
"gitops","gitops-112","5","action","Helm","O-A4","deliver with Argo CD or Flux","https://confighub.github.io/helm-expt/site/ai.html","success","0","22","yes","3","no","3","3","yes","yes","continue","https://confighub.github.io/helm-expt/site/ai.html","AI with review and evidence · Config Workshop","it: Redis in ten minutes Detailed Redis walkthrough Run it with Flux, Argo CD, or kubectl What charts hide Did a version change? Did a chart stop pulling? Why did Helm ignore my values? Worked examples Platforms and stacks Stac","https://confighub.github.io/helm-expt/site/ai.html"
"gitops","gitops-113","5","action","Helm","O-A4","deliver with Argo CD or Flux","https://confighub.github.io/helm-expt/site/ask.html","success","0","23","yes","3","no","3","3","yes","yes","continue","https://confighub.github.io/helm-expt/site/ask.html","Check my config · Config Workshop","it: Redis in ten minutes Detailed Redis walkthrough Run it with Flux, Argo CD, or kubectl What charts hide Did a version change? Did a chart stop pulling? Why did Helm ignore my values? Worked examples Platforms and stacks Stac","https://confighub.github.io/helm-expt/site/ask.html"
"gitops","gitops-114","5","action","Helm","O-A4","deliver with Argo CD or Flux","https://confighub.github.io/helm-expt/site/promote.html","success","1","40","no","3","yes","3","3","yes","yes","continue","https://confighub.github.io/helm-expt/site/deploy-with-flux-or-argo.html","Run it with Flux, Argo CD, or kubectl · Config Workshop","Run it with Flux, Argo CD, or kubectl · Config Workshop Config Workshop AN EXPERIMENTAL TEST SITE FOR CONFIG TOOLS Catalog Platforms and stacks Operate Why trust it Docs Confi","https://confighub.github.io/helm-expt/site/promote.html -> https://confighub.github.io/helm-expt/site/deploy-with-flux-or-argo.html"
"gitops","gitops-115","5","action","Helm","O-A4","deliver with Argo CD or Flux","https://confighub.github.io/helm-expt/site/charts/index.html","success","0","25","yes","3","no","3","3","yes","yes","continue","https://confighub.github.io/helm-expt/site/charts/index.html","Component Catalog · Config Workshop","it: Redis in ten minutes Detailed Redis walkthrough Run it with Flux, Argo CD, or kubectl What charts hide Did a version change? Did a chart stop pulling? Why did Helm ignore my values? Worked examples Platforms and stacks Stac","https://confighub.github.io/helm-expt/site/charts/index.html"
"gitops","gitops-116","5","action","Helm","O-A4","deliver with Argo CD or Flux","https://confighub.github.io/helm-expt/site/try.html","success","1","37","no","3","yes","3","3","yes","yes","continue","https://confighub.github.io/helm-expt/site/deploy-with-flux-or-argo.html","Run it with Flux, Argo CD, or kubectl · Config Workshop","Run it with Flux, Argo CD, or kubectl · Config Workshop Config Workshop AN EXPERIMENTAL TEST SITE FOR CONFIG TOOLS Catalog Platforms and stacks Operate Why trust it Docs Confi","https://confighub.github.io/helm-expt/site/try.html -> https://confighub.github.io/helm-expt/site/deploy-with-flux-or-argo.html"
"gitops","gitops-117","5","action","Helm","O-A4","deliver with Argo CD or Flux","https://confighub.github.io/helm-expt/site/testing.html","success","0","21","yes","3","no","3","3","yes","yes","continue","https://confighub.github.io/helm-expt/site/testing.html","Worked Examples · Config Workshop","it: Redis in ten minutes Detailed Redis walkthrough Run it with Flux, Argo CD, or kubectl What charts hide Did a version change? Did a chart stop pulling? Why did Helm ignore my values? Worked examples Platforms and stacks Stac","https://confighub.github.io/helm-expt/site/testing.html"
"gitops","gitops-118","5","action","Helm","O-A4","deliver with Argo CD or Flux","https://confighub.github.io/helm-expt/site/how-it-works.html","success","0","20","yes","3","no","3","3","yes","yes","continue","https://confighub.github.io/helm-expt/site/how-it-works.html","Operate · Config Workshop","it: Redis in ten minutes Detailed Redis walkthrough Run it with Flux, Argo CD, or kubectl What charts hide Did a version change? Did a chart stop pulling? Why did Helm ignore my values? Worked examples Platforms and stacks Stac","https://confighub.github.io/helm-expt/site/how-it-works.html"
"gitops","gitops-119","5","action","Helm","O-A4","deliver with Argo CD or Flux","https://confighub.github.io/helm-expt/site/docs.html","success","0","22","yes","3","no","3","3","yes","yes","continue","https://confighub.github.io/helm-expt/site/docs.html","Docs · Config Workshop","it: Redis in ten minutes Detailed Redis walkthrough Run it with Flux, Argo CD, or kubectl What charts hide Did a version change? Did a chart stop pulling? Why did Helm ignore my values? Worked examples Platforms and stacks Stac","https://confighub.github.io/helm-expt/site/docs.html"
"gitops","gitops-120","5","action","Helm","O-A4","deliver with Argo CD or Flux","https://confighub.github.io/helm-expt/site/confighub.html","success","1","36","no","3","yes","3","3","yes","yes","continue","https://confighub.github.io/helm-expt/site/deploy-with-flux-or-argo.html","Run it with Flux, Argo CD, or kubectl · Config Workshop","Run it with Flux, Argo CD, or kubectl · Config Workshop Config Workshop AN EXPERIMENTAL TEST SITE FOR CONFIG TOOLS Catalog Platforms and stacks Operate Why trust it Docs Confi","https://confighub.github.io/helm-expt/site/confighub.html -> https://confighub.github.io/helm-expt/site/deploy-with-flux-or-argo.html"
"gitops","gitops-121","5","recovery","Helm","O-R1","handle an object removed during upgrade","https://confighub.github.io/helm-expt/site/index.html","success","1","37","no","1","yes","2","2","yes","yes","continue","https://confighub.github.io/helm-expt/site/deploy-with-flux-or-argo.html","Run it with Flux, Argo CD, or kubectl · Config Workshop","create kustomization nginx --source=OCIRepository/nginx --path=""."" --prune=true This is proven end to end. Flux fetched digest sha256:ac21cf32 from the public URL and the nginx workload reached ready, in a cluster with no Co","https://confighub.github.io/helm-expt/site/index.html -> https://confighub.github.io/helm-expt/site/deploy-with-flux-or-argo.html"
"gitops","gitops-122","5","recovery","Helm","O-R1","handle an object removed during upgrade","https://confighub.github.io/helm-expt/site/ai.html","success","1","39","no","1","yes","2","2","yes","yes","continue","https://confighub.github.io/helm-expt/site/deploy-with-flux-or-argo.html","Run it with Flux, Argo CD, or kubectl · Config Workshop","create kustomization nginx --source=OCIRepository/nginx --path=""."" --prune=true This is proven end to end. Flux fetched digest sha256:ac21cf32 from the public URL and the nginx workload reached ready, in a cluster with no Co","https://confighub.github.io/helm-expt/site/ai.html -> https://confighub.github.io/helm-expt/site/deploy-with-flux-or-argo.html"
"gitops","gitops-123","5","recovery","Helm","O-R1","handle an object removed during upgrade","https://confighub.github.io/helm-expt/site/ask.html","success","0","23","yes","2","no","2","2","yes","yes","continue","https://confighub.github.io/helm-expt/site/ask.html","Check my config · Config Workshop","that disappear during an upgrade? watch Plain kubectl apply does not prune. The no-controller cub-direct path can orphan removed resources unless it uses kubectl apply --prune with a safe selector or allowlist, or another ex","https://confighub.github.io/helm-expt/site/ask.html"
"gitops","gitops-124","5","recovery","Helm","O-R1","handle an object removed during upgrade","https://confighub.github.io/helm-expt/site/promote.html","partial","5","200","no","1","no","1","2","yes","no","bookmark","https://confighub.github.io/helm-expt/site/promote.html","Promote my config · Config Workshop","endently while ConfigHub checks what the destination already uses. An upgrade fails when it changes an immutable StatefulSet field, removes an object, or needs setup that has yet to run. Compare the Kubernetes objects before pr","https://confighub.github.io/helm-expt/site/promote.html -> https://confighub.github.io/helm-expt/site/d/data/redis-upgrade-app-proof/summary.html -> https://confighub.github.io/helm-expt/site/d/data/redis-upgrade-app-proof/summary.html#result -> https://confighub.github.io/helm-expt/site/d/data/redis-upgrade-app-proof/summary.html#candidate-results -> https://confighub.github.io/helm-expt/site/d/data/redis-upgrade-app-proof/summary.html#rollback-results -> https://confighub.github.io/helm-expt/site/d/data/redis-upgrade-app-proof/summary.html#the-secret-is-separate"
"gitops","gitops-125","5","recovery","Helm","O-R1","handle an object removed during upgrade","https://confighub.github.io/helm-expt/site/charts/index.html","success","1","44","no","1","yes","2","2","yes","yes","continue","https://confighub.github.io/helm-expt/site/deploy-with-flux-or-argo.html","Run it with Flux, Argo CD, or kubectl · Config Workshop","create kustomization nginx --source=OCIRepository/nginx --path=""."" --prune=true This is proven end to end. Flux fetched digest sha256:ac21cf32 from the public URL and the nginx workload reached ready, in a cluster with no Co","https://confighub.github.io/helm-expt/site/charts/index.html -> https://confighub.github.io/helm-expt/site/deploy-with-flux-or-argo.html"
"gitops","gitops-126","5","recovery","Helm","O-R1","handle an object removed during upgrade","https://confighub.github.io/helm-expt/site/try.html","success","1","39","no","1","yes","2","2","yes","yes","continue","https://confighub.github.io/helm-expt/site/deploy-with-flux-or-argo.html","Run it with Flux, Argo CD, or kubectl · Config Workshop","create kustomization nginx --source=OCIRepository/nginx --path=""."" --prune=true This is proven end to end. Flux fetched digest sha256:ac21cf32 from the public URL and the nginx workload reached ready, in a cluster with no Co","https://confighub.github.io/helm-expt/site/try.html -> https://confighub.github.io/helm-expt/site/deploy-with-flux-or-argo.html"
"gitops","gitops-127","5","recovery","Helm","O-R1","handle an object removed during upgrade","https://confighub.github.io/helm-expt/site/testing.html","success","2","196","no","1","no","2","2","yes","yes","continue","https://confighub.github.io/helm-expt/site/deploy-with-flux-or-argo.html","Run it with Flux, Argo CD, or kubectl · Config Workshop","create kustomization nginx --source=OCIRepository/nginx --path=""."" --prune=true This is proven end to end. Flux fetched digest sha256:ac21cf32 from the public URL and the nginx workload reached ready, in a cluster with no Co","https://confighub.github.io/helm-expt/site/testing.html -> https://confighub.github.io/helm-expt/site/d/docs/demo/hooks-crds/kube-prometheus-stack.html -> https://confighub.github.io/helm-expt/site/deploy-with-flux-or-argo.html"
"gitops","gitops-128","5","recovery","Helm","O-R1","handle an object removed during upgrade","https://confighub.github.io/helm-expt/site/how-it-works.html","success","0","22","yes","2","no","2","2","yes","yes","continue","https://confighub.github.io/helm-expt/site/how-it-works.html","Operate · Config Workshop","onfiguration. The objects contain a reference or requirement instead. Prune-protected resource The delivery path must not delete this object when it disappears from a later configuration. It does not protect individual fields","https://confighub.github.io/helm-expt/site/how-it-works.html"
"gitops","gitops-129","5","recovery","Helm","O-R1","handle an object removed during upgrade","https://confighub.github.io/helm-expt/site/docs.html","partial","5","311","no","1","no","1","2","yes","no","bookmark","https://confighub.github.io/helm-expt/site/docs.html","Docs · Config Workshop",", what blocks the move, and what still needs a staging test. How do I upgrade and roll back? The day-2 upgrade story: diff the value model first, check control points and immutable fields, then upgrade rendered bundles by diges","https://confighub.github.io/helm-expt/site/docs.html -> https://confighub.github.io/helm-expt/site/d/docs/user/day2-upgrade-story.html -> https://confighub.github.io/helm-expt/site/d/docs/user/day2-upgrade-rollback.html -> https://confighub.github.io/helm-expt/site/d/docs/user/day2-upgrade-rollback.html#a-complete-redis-upgrade -> https://confighub.github.io/helm-expt/site/d/docs/user/day2-upgrade-rollback.html#the-secret-remains-separate -> https://confighub.github.io/helm-expt/site/d/docs/user/day2-upgrade-rollback.html#what-to-check-before-promotion"
"gitops","gitops-130","5","recovery","Helm","O-R1","handle an object removed during upgrade","https://confighub.github.io/helm-expt/site/confighub.html","success","1","40","no","0","yes","2","2","yes","yes","continue","https://confighub.github.io/helm-expt/site/deploy-with-flux-or-argo.html","Run it with Flux, Argo CD, or kubectl · Config Workshop","create kustomization nginx --source=OCIRepository/nginx --path=""."" --prune=true This is proven end to end. Flux fetched digest sha256:ac21cf32 from the public URL and the nginx workload reached ready, in a cluster with no Co","https://confighub.github.io/helm-expt/site/confighub.html -> https://confighub.github.io/helm-expt/site/deploy-with-flux-or-argo.html"
"gitops","gitops-131","5","recovery","Helm","O-R2","handle CRDs on first install","https://confighub.github.io/helm-expt/site/index.html","success","2","56","no","2","no","3","3","yes","yes","continue","https://confighub.github.io/helm-expt/site/known-gaps.html","Delivery Limitations · Config Workshop","go CD and Flux pruning are the tested paths. Open evidence cub-direct CRD ordering Plan around it Kubernetes must establish a CRD before it can accept objects that use that CRD. Do now: Install and wait for the CRDs first,","https://confighub.github.io/helm-expt/site/index.html -> https://confighub.github.io/helm-expt/site/try.html#install-cub -> https://confighub.github.io/helm-expt/site/known-gaps.html"
"gitops","gitops-132","5","recovery","Helm","O-R2","handle CRDs on first install","https://confighub.github.io/helm-expt/site/ai.html","success","0","21","yes","3","no","3","3","yes","yes","continue","https://confighub.github.io/helm-expt/site/ai.html","AI with review and evidence · Config Workshop","nal. Can this destination accept it? Run checks against current APIs, CRDs, Secrets, policies, controllers, credentials, and hardware. The exact candidate and access to the named destination. Did it work? Read controller, r","https://confighub.github.io/helm-expt/site/ai.html"
"gitops","gitops-133","5","recovery","Helm","O-R2","handle CRDs on first install","https://confighub.github.io/helm-expt/site/ask.html","success","0","24","yes","3","no","3","3","yes","yes","continue","https://confighub.github.io/helm-expt/site/ask.html","Check my config · Config Workshop","hout applying · Compare development and production · Handle hooks and CRD ordering · Read delivery limits What this page can answer Question What happens here What do I have? The page inventories and compares the exact rend","https://confighub.github.io/helm-expt/site/ask.html"
"gitops","gitops-134","5","recovery","Helm","O-R2","handle CRDs on first install","https://confighub.github.io/helm-expt/site/promote.html","success","0","25","yes","3","no","3","3","yes","yes","continue","https://confighub.github.io/helm-expt/site/promote.html","Promote my config · Config Workshop","ead inherited, overridden, upstream-added, and no-op changes . Hooks, CRDs, and required setup What you should test Target results Target Result Digest Note What to do next Current file: Proposed file: These hashes identify","https://confighub.github.io/helm-expt/site/promote.html"
"gitops","gitops-135","5","recovery","Helm","O-R2","handle CRDs on first install","https://confighub.github.io/helm-expt/site/charts/index.html","success","1","139","no","2","yes","3","3","yes","yes","continue","https://confighub.github.io/helm-expt/site/charts/argo-cd-argo-cd-9-5-15.html#matrix-options","argo-cd/argo-cd 9.5.15 · Config Workshop","or the Helm comparison, live install, and delivery checks. See hooks, CRDs, and setup work The page names the work and says which delivery path has actually run. What To Use default configuration: 49 rendered objects · 3 im","https://confighub.github.io/helm-expt/site/charts/index.html -> https://confighub.github.io/helm-expt/site/charts/argo-cd-argo-cd-9-5-15.html#matrix-options"
"gitops","gitops-136","5","recovery","Helm","O-R2","handle CRDs on first install","https://confighub.github.io/helm-expt/site/try.html","success","2","54","no","2","no","3","3","yes","yes","continue","https://confighub.github.io/helm-expt/site/known-gaps.html","Delivery Limitations · Config Workshop","go CD and Flux pruning are the tested paths. Open evidence cub-direct CRD ordering Plan around it Kubernetes must establish a CRD before it can accept objects that use that CRD. Do now: Install and wait for the CRDs first,","https://confighub.github.io/helm-expt/site/try.html -> https://confighub.github.io/helm-expt/site/try.html#install-cub -> https://confighub.github.io/helm-expt/site/known-gaps.html"
"gitops","gitops-137","5","recovery","Helm","O-R2","handle CRDs on first install","https://confighub.github.io/helm-expt/site/testing.html","success","1","41","no","2","yes","3","3","yes","yes","continue","https://confighub.github.io/helm-expt/site/d/docs/demo/hooks-crds/kube-prometheus-stack.html","Hooks and CRDs: Kube Prometheus Stack · Config Workshop","Hooks and CRDs: Kube Prometheus Stack · Config Workshop Config Workshop AN EXPERIMENTAL TEST SITE FOR CONFIG TOOLS Catalog Platforms and stacks Operate Why trust i","https://confighub.github.io/helm-expt/site/testing.html -> https://confighub.github.io/helm-expt/site/d/docs/demo/hooks-crds/kube-prometheus-stack.html"
"gitops","gitops-138","5","recovery","Helm","O-R2","handle CRDs on first install","https://confighub.github.io/helm-expt/site/how-it-works.html","success","0","21","yes","3","no","3","3","yes","yes","continue","https://confighub.github.io/helm-expt/site/how-it-works.html","Operate · Config Workshop","re choosing a delivery path: check this exact chart's page for hooks, CRDs, pruning, and tested controller results. The named NGINX example has direct, Argo CD, and Flux receipts. Do not transfer those results to another ch","https://confighub.github.io/helm-expt/site/how-it-works.html"
"gitops","gitops-139","5","recovery","Helm","O-R2","handle CRDs on first install","https://confighub.github.io/helm-expt/site/docs.html","success","0","21","yes","3","no","3","3","yes","yes","continue","https://confighub.github.io/helm-expt/site/docs.html","Docs · Config Workshop","Argo CD or Flux pull the reviewed objects. What happens to hooks and CRDs? See how required setup is recorded and ordered, then tested or marked blocked. Should I change the source input or the rendered object? Use this gu","https://confighub.github.io/helm-expt/site/docs.html"
"gitops","gitops-140","5","recovery","Helm","O-R2","handle CRDs on first install","https://confighub.github.io/helm-expt/site/confighub.html","success","2","53","no","1","yes","3","3","yes","yes","continue","https://confighub.github.io/helm-expt/site/known-gaps.html","Delivery Limitations · Config Workshop","go CD and Flux pruning are the tested paths. Open evidence cub-direct CRD ordering Plan around it Kubernetes must establish a CRD before it can accept objects that use that CRD. Do now: Install and wait for the CRDs first,","https://confighub.github.io/helm-expt/site/confighub.html -> https://confighub.github.io/helm-expt/site/try.html#install-cub -> https://confighub.github.io/helm-expt/site/known-gaps.html"
"gitops","gitops-141","5","recovery","Helm","O-R3","understand a Helm hook result","https://confighub.github.io/helm-expt/site/index.html","success","2","134","no","1","no","2","2","yes","yes","continue","https://confighub.github.io/helm-expt/site/d/data/kps-confighub-lifecycle-promotion/summary.html","Kube Prometheus Stack promotion through ConfigHub · Config Workshop","d sync waves and reran both Jobs. The proof checked three matching webhook CA bundles, six ready workloads, a ready operator endpoint, and one server-side dry run. The route is recorded as automatic: false . ConfigHub keeps","https://confighub.github.io/helm-expt/site/index.html -> https://confighub.github.io/helm-expt/site/promote.html -> https://confighub.github.io/helm-expt/site/d/data/kps-confighub-lifecycle-promotion/summary.html"
"gitops","gitops-142","5","recovery","Helm","O-R3","understand a Helm hook result","https://confighub.github.io/helm-expt/site/ai.html","success","0","18","yes","2","no","2","2","yes","yes","continue","https://confighub.github.io/helm-expt/site/ai.html","AI with review and evidence · Config Workshop","pt literally without losing behavior? Lifecycle and route Who handles hooks, CRDs, tests, waits, setup Jobs, Secrets, and destination requirements, and in what order? Retain and deliver Will the reviewed result stay as files","https://confighub.github.io/helm-expt/site/ai.html"
"gitops","gitops-143","5","recovery","Helm","O-R3","understand a Helm hook result","https://confighub.github.io/helm-expt/site/ask.html","success","0","22","yes","2","no","2","2","yes","yes","continue","https://confighub.github.io/helm-expt/site/ask.html","Check my config · Config Workshop","nspect without applying · Compare development and production · Handle hooks and CRD ordering · Read delivery limits What this page can answer Question What happens here What do I have? The page inventories and compares the e","https://confighub.github.io/helm-expt/site/ask.html"
"gitops","gitops-144","5","recovery","Helm","O-R3","understand a Helm hook result","https://confighub.github.io/helm-expt/site/promote.html","success","1","135","no","1","yes","2","2","yes","yes","continue","https://confighub.github.io/helm-expt/site/d/data/kps-confighub-lifecycle-promotion/summary.html","Kube Prometheus Stack promotion through ConfigHub · Config Workshop","d sync waves and reran both Jobs. The proof checked three matching webhook CA bundles, six ready workloads, a ready operator endpoint, and one server-side dry run. The route is recorded as automatic: false . ConfigHub keeps","https://confighub.github.io/helm-expt/site/promote.html -> https://confighub.github.io/helm-expt/site/d/data/kps-confighub-lifecycle-promotion/summary.html"
"gitops","gitops-145","5","recovery","Helm","O-R3","understand a Helm hook result","https://confighub.github.io/helm-expt/site/charts/index.html","success","0","23","yes","2","no","2","2","yes","yes","continue","https://confighub.github.io/helm-expt/site/charts/index.html","Component Catalog · Config Workshop","l Recommended first path Rendering checked; read page Read chart page Hooks All Needs lifecycle review No hook signal recorded CRDs All Includes or needs CRDs No CRD signal recorded Ready to try entries have maintained start","https://confighub.github.io/helm-expt/site/charts/index.html"
"gitops","gitops-146","5","recovery","Helm","O-R3","understand a Helm hook result","https://confighub.github.io/helm-expt/site/try.html","success","3","73","no","0","no","2","2","yes","yes","continue","https://confighub.github.io/helm-expt/site/deploy-with-flux-or-argo.html","Run it with Flux, Argo CD, or kubectl · Config Workshop","etes objects for Argo CD, Flux, or another OCI consumer. A chart with hooks, admission webhooks, or its own CRDs needs more than a render. Its chart page says which lifecycle steps apply. Public catalog package refs are publ","https://confighub.github.io/helm-expt/site/try.html -> https://confighub.github.io/helm-expt/site/confighub.html -> https://confighub.github.io/helm-expt/site/confighub.html#managed-result -> https://confighub.github.io/helm-expt/site/deploy-with-flux-or-argo.html"
"gitops","gitops-147","5","recovery","Helm","O-R3","understand a Helm hook result","https://confighub.github.io/helm-expt/site/testing.html","success","0","22","yes","2","no","2","2","yes","yes","continue","https://confighub.github.io/helm-expt/site/testing.html","Worked Examples · Config Workshop","ring Find Kube Prometheus Stack. Compare exact versions, CRD choices, hooks, prerequisites, and delivery evidence. Ingress and certificates Start with ingress-nginx , then add cert-manager . The Catalog records the setup wor","https://confighub.github.io/helm-expt/site/testing.html"
"gitops","gitops-148","5","recovery","Helm","O-R3","understand a Helm hook result","https://confighub.github.io/helm-expt/site/how-it-works.html","success","0","18","yes","2","no","2","2","yes","yes","continue","https://confighub.github.io/helm-expt/site/how-it-works.html","Operate · Config Workshop","s. Before choosing a delivery path: check this exact chart's page for hooks, CRDs, pruning, and tested controller results. The named NGINX example has direct, Argo CD, and Flux receipts. Do not transfer those results to anot","https://confighub.github.io/helm-expt/site/how-it-works.html"
"gitops","gitops-149","5","recovery","Helm","O-R3","understand a Helm hook result","https://confighub.github.io/helm-expt/site/docs.html","success","0","19","yes","2","no","2","2","yes","yes","continue","https://confighub.github.io/helm-expt/site/docs.html","Docs · Config Workshop",", then let Argo CD or Flux pull the reviewed objects. What happens to hooks and CRDs? See how required setup is recorded and ordered, then tested or marked blocked. Should I change the source input or the rendered object? Us","https://confighub.github.io/helm-expt/site/docs.html"
"gitops","gitops-150","5","recovery","Helm","O-R3","understand a Helm hook result","https://confighub.github.io/helm-expt/site/confighub.html","success","2","55","no","0","no","2","2","yes","yes","continue","https://confighub.github.io/helm-expt/site/deploy-with-flux-or-argo.html","Run it with Flux, Argo CD, or kubectl · Config Workshop","etes objects for Argo CD, Flux, or another OCI consumer. A chart with hooks, admission webhooks, or its own CRDs needs more than a render. Its chart page says which lifecycle steps apply. Public catalog package refs are publ","https://confighub.github.io/helm-expt/site/confighub.html -> https://confighub.github.io/helm-expt/site/confighub.html#managed-result -> https://confighub.github.io/helm-expt/site/deploy-with-flux-or-argo.html"
"gitops","gitops-151","5","recovery","Helm","O-R4","find delivery limitations","https://confighub.github.io/helm-expt/site/index.html","success","0","18","yes","2","no","2","2","yes","yes","continue","https://confighub.github.io/helm-expt/site/index.html","Config Workshop · Understand and test your configuration","ch checks ran against it. The page says which checks did not run, and known gaps stay visible. Four questions sit behind every result. Each one needs its own input and can only claim its own kind of answer, so we keep them apart r","https://confighub.github.io/helm-expt/site/index.html"
"gitops","gitops-152","5","recovery","Helm","O-R4","find delivery limitations","https://confighub.github.io/helm-expt/site/ai.html","success","0","21","yes","2","no","2","2","yes","yes","continue","https://confighub.github.io/helm-expt/site/ai.html","AI with review and evidence · Config Workshop","match? Why do dev and prod differ? Offering Why trust it Why trust it Known gaps Evidence index Docs Docs What Config Workshop is Compare What's new Browse Platforms and stacks Catalog Find a configuration Is my configuration righ","https://confighub.github.io/helm-expt/site/ai.html"
"gitops","gitops-153","5","recovery","Helm","O-R4","find delivery limitations","https://confighub.github.io/helm-expt/site/ask.html","success","0","22","yes","2","no","2","2","yes","yes","continue","https://confighub.github.io/helm-expt/site/ask.html","Check my config · Config Workshop","match? Why do dev and prod differ? Offering Why trust it Why trust it Known gaps Evidence index Docs Docs What Config Workshop is Compare What's new Browse Catalog Catalog Find a configuration Is my configuration right? Try it: Re","https://confighub.github.io/helm-expt/site/ask.html"
"gitops","gitops-154","5","recovery","Helm","O-R4","find delivery limitations","https://confighub.github.io/helm-expt/site/promote.html","success","2","150","no","2","no","2","2","yes","yes","continue","https://confighub.github.io/helm-expt/site/proof.html#check-one-claim","Why trust it · Config Workshop","match? Why do dev and prod differ? Offering Why trust it Why trust it Known gaps Evidence index Docs Docs What Config Workshop is Compare What's new Browse Why trust it Catalog Find a configuration Is my configuration right? Try i","https://confighub.github.io/helm-expt/site/promote.html -> https://confighub.github.io/helm-expt/site/known-gaps.html -> https://confighub.github.io/helm-expt/site/proof.html#check-one-claim"
"gitops","gitops-155","5","recovery","Helm","O-R4","find delivery limitations","https://confighub.github.io/helm-expt/site/charts/index.html","success","2","148","no","2","no","2","2","yes","yes","continue","https://confighub.github.io/helm-expt/site/proof.html#check-one-claim","Why trust it · Config Workshop","match? Why do dev and prod differ? Offering Why trust it Why trust it Known gaps Evidence index Docs Docs What Config Workshop is Compare What's new Browse Why trust it Catalog Find a configuration Is my configuration right? Try i","https://confighub.github.io/helm-expt/site/charts/index.html -> https://confighub.github.io/helm-expt/site/known-gaps.html -> https://confighub.github.io/helm-expt/site/proof.html#check-one-claim"
"gitops","gitops-156","5","recovery","Helm","O-R4","find delivery limitations","https://confighub.github.io/helm-expt/site/try.html","success","2","150","no","2","no","2","2","yes","yes","continue","https://confighub.github.io/helm-expt/site/proof.html#check-one-claim","Why trust it · Config Workshop","match? Why do dev and prod differ? Offering Why trust it Why trust it Known gaps Evidence index Docs Docs What Config Workshop is Compare What's new Browse Why trust it Catalog Find a configuration Is my configuration right? Try i","https://confighub.github.io/helm-expt/site/try.html -> https://confighub.github.io/helm-expt/site/known-gaps.html -> https://confighub.github.io/helm-expt/site/proof.html#check-one-claim"
"gitops","gitops-157","5","recovery","Helm","O-R4","find delivery limitations","https://confighub.github.io/helm-expt/site/testing.html","success","2","150","no","2","no","2","2","yes","yes","continue","https://confighub.github.io/helm-expt/site/proof.html#check-one-claim","Why trust it · Config Workshop","match? Why do dev and prod differ? Offering Why trust it Why trust it Known gaps Evidence index Docs Docs What Config Workshop is Compare What's new Browse Why trust it Catalog Find a configuration Is my configuration right? Try i","https://confighub.github.io/helm-expt/site/testing.html -> https://confighub.github.io/helm-expt/site/known-gaps.html -> https://confighub.github.io/helm-expt/site/proof.html#check-one-claim"
"gitops","gitops-158","5","recovery","Helm","O-R4","find delivery limitations","https://confighub.github.io/helm-expt/site/how-it-works.html","success","2","149","no","2","no","2","2","yes","yes","continue","https://confighub.github.io/helm-expt/site/proof.html#check-one-claim","Why trust it · Config Workshop","match? Why do dev and prod differ? Offering Why trust it Why trust it Known gaps Evidence index Docs Docs What Config Workshop is Compare What's new Browse Why trust it Catalog Find a configuration Is my configuration right? Try i","https://confighub.github.io/helm-expt/site/how-it-works.html -> https://confighub.github.io/helm-expt/site/known-gaps.html -> https://confighub.github.io/helm-expt/site/proof.html#check-one-claim"
"gitops","gitops-159","5","recovery","Helm","O-R4","find delivery limitations","https://confighub.github.io/helm-expt/site/docs.html","success","0","21","yes","2","no","2","2","yes","yes","continue","https://confighub.github.io/helm-expt/site/docs.html","Docs · Config Workshop","match? Why do dev and prod differ? Offering Why trust it Why trust it Known gaps Evidence index Docs Docs What Config Workshop is Compare What's new Browse Docs Catalog Find a configuration Is my configuration right? Try it: Redis","https://confighub.github.io/helm-expt/site/docs.html"
"gitops","gitops-160","5","recovery","Helm","O-R4","find delivery limitations","https://confighub.github.io/helm-expt/site/confighub.html","success","2","149","no","2","no","2","2","yes","yes","continue","https://confighub.github.io/helm-expt/site/proof.html#check-one-claim","Why trust it · Config Workshop","match? Why do dev and prod differ? Offering Why trust it Why trust it Known gaps Evidence index Docs Docs What Config Workshop is Compare What's new Browse Why trust it Catalog Find a configuration Is my configuration right? Try i","https://confighub.github.io/helm-expt/site/confighub.html -> https://confighub.github.io/helm-expt/site/known-gaps.html -> https://confighub.github.io/helm-expt/site/proof.html#check-one-claim"
"gitops","gitops-161","5","conversion","Helm","O-X1","store the reviewed configuration","https://confighub.github.io/helm-expt/site/index.html","success","0","16","yes","3","no","3","3","yes","yes","signup","https://confighub.github.io/helm-expt/site/index.html","Config Workshop · Understand and test your configuration","compares them with a configuration you already trust, and gives you a reviewed result you can keep. It runs on your laptop, and you can start without an account. Keep what you approve as files or OCI , or upload it to ConfigHub","https://confighub.github.io/helm-expt/site/index.html"
"gitops","gitops-162","5","conversion","Helm","O-X1","store the reviewed configuration","https://confighub.github.io/helm-expt/site/ai.html","success","0","23","yes","3","no","3","3","yes","yes","signup","https://confighub.github.io/helm-expt/site/ai.html","AI with review and evidence · Config Workshop","what matters. A local render, normalized comparison, findings, and a reviewed result you can keep. Review a promotion Can I move this staging configuration to production? Current and candidate digests, destination differences,","https://confighub.github.io/helm-expt/site/ai.html"
"gitops","gitops-163","5","conversion","Helm","O-X1","store the reviewed configuration","https://confighub.github.io/helm-expt/site/ask.html","success","0","25","yes","3","no","3","3","yes","yes","signup","https://confighub.github.io/helm-expt/site/ask.html","Check my config · Config Workshop","d I provide, and what I run now. Tell me what matters, then give me a reviewed result I can keep.&rdquo; Use this page for your own chart, values, new version, or unexpected result. Use the Catalog when we have already tested th","https://confighub.github.io/helm-expt/site/ask.html"
"gitops","gitops-164","5","conversion","Helm","O-X1","store the reviewed configuration","https://confighub.github.io/helm-expt/site/promote.html","success","0","25","yes","3","no","3","3","yes","yes","signup","https://confighub.github.io/helm-expt/site/promote.html","Promote my config · Config Workshop","t result. Comparing here is free and previews the move. Promoting the reviewed change for real is the account step, run with cub variant promote . The same process applies to a platform component, a developer tool, or an applica","https://confighub.github.io/helm-expt/site/promote.html"
"gitops","gitops-165","5","conversion","Helm","O-X1","store the reviewed configuration","https://confighub.github.io/helm-expt/site/charts/index.html","success","0","26","yes","3","no","3","3","yes","yes","signup","https://confighub.github.io/helm-expt/site/charts/index.html","Component Catalog · Config Workshop","ecided is not the same as safe. 1.0.14 : default , controller-default-reviewed , minimal-crds 3 packaged configurations argo-cd/argocd-image-updater Delivery and automation 1.2.2 receipt default Available configuration. Read the","https://confighub.github.io/helm-expt/site/charts/index.html"
"gitops","gitops-166","5","conversion","Helm","O-X1","store the reviewed configuration","https://confighub.github.io/helm-expt/site/try.html","success","0","22","yes","3","no","3","3","yes","yes","signup","https://confighub.github.io/helm-expt/site/try.html","Try it: Redis in ten minutes · Config Workshop","hat's new Try it: Redis in ten minutes Runs on your laptop Render one reviewed Redis configuration and read the 14 Kubernetes objects it produces. Thirteen come from the chart. The fourteenth is a Namespace that cub adds, which","https://confighub.github.io/helm-expt/site/try.html"
"gitops","gitops-167","5","conversion","Helm","O-X1","store the reviewed configuration","https://confighub.github.io/helm-expt/site/testing.html","success","0","24","yes","3","no","3","3","yes","yes","signup","https://confighub.github.io/helm-expt/site/testing.html","Worked Examples · Config Workshop","requested three replicas, correct six risky settings, and retain five reviewed objects as files or OCI. Read the review . Can I promote the reviewed change? Move NGINX from development to staging Compare three and four replicas,","https://confighub.github.io/helm-expt/site/testing.html"
"gitops","gitops-168","5","conversion","Helm","O-X1","store the reviewed configuration","https://confighub.github.io/helm-expt/site/how-it-works.html","success","0","23","yes","3","no","3","3","yes","yes","signup","https://confighub.github.io/helm-expt/site/how-it-works.html","Operate · Config Workshop","blish them directly as OCI, or upload them to ConfigHub and publish a reviewed release OCI later. ConfigHub stores your approved configuration and its history. Use it when you need to track changes across environments, require a","https://confighub.github.io/helm-expt/site/how-it-works.html"
"gitops","gitops-169","5","conversion","Helm","O-X1","store the reviewed configuration","https://confighub.github.io/helm-expt/site/docs.html","success","0","17","yes","3","no","3","3","yes","yes","signup","https://confighub.github.io/helm-expt/site/docs.html","Docs · Config Workshop","ocal files, OCI, and ConfigHub choices in one sequence. How do I turn reviewed files into a deployable OCI? Choose the local OCI or ConfigHub release path, then let Argo CD or Flux pull the reviewed objects. What happens to hook","https://confighub.github.io/helm-expt/site/docs.html"
"gitops","gitops-170","5","conversion","Helm","O-X1","store the reviewed configuration","https://confighub.github.io/helm-expt/site/confighub.html","success","0","21","yes","3","no","3","3","yes","yes","signup","https://confighub.github.io/helm-expt/site/confighub.html","Use ConfigHub · Config Workshop","e index Docs Docs What Config Workshop is Compare What's new Upload a reviewed configuration into ConfigHub, then release and promote Needs a ConfigHub account Uploading a reviewed configuration into ConfigHub is the step that n","https://confighub.github.io/helm-expt/site/confighub.html"
"gitops","gitops-171","5","conversion","Helm","O-X2","promote and publish a release","https://confighub.github.io/helm-expt/site/index.html","success","0","19","yes","3","no","3","3","yes","yes","signup","https://confighub.github.io/helm-expt/site/index.html","Config Workshop · Understand and test your configuration","nd keep the files or OCI. With ConfigHub: retain the accepted result, promote it, and compare it with live systems. 1. I need a configuration 112 components Choose the job you need done. Start from a tested configuration, an ex","https://confighub.github.io/helm-expt/site/index.html"
"gitops","gitops-172","5","conversion","Helm","O-X2","promote and publish a release","https://confighub.github.io/helm-expt/site/ai.html","success","1","37","no","3","yes","3","3","yes","yes","signup","https://confighub.github.io/helm-expt/site/promote.html","Promote my config · Config Workshop","Promote my config · Config Workshop Config Workshop AN EXPERIMENTAL TEST SITE FOR CONFIG TOOLS Catalog Platforms and stacks Operate Why trust it Docs ConfigH","https://confighub.github.io/helm-expt/site/ai.html -> https://confighub.github.io/helm-expt/site/promote.html"
"gitops","gitops-173","5","conversion","Helm","O-X2","promote and publish a release","https://confighub.github.io/helm-expt/site/ask.html","success","0","21","yes","3","no","3","3","yes","yes","signup","https://confighub.github.io/helm-expt/site/ask.html","Check my config · Config Workshop","Your assistant Apps on a platform Operate Operate What ConfigHub adds Promote my config Variants Operations Does the cluster match? Why do dev and prod differ? Offering Why trust it Why trust it Known gaps Evidence index Docs D","https://confighub.github.io/helm-expt/site/ask.html"
"gitops","gitops-174","5","conversion","Helm","O-X2","promote and publish a release","https://confighub.github.io/helm-expt/site/promote.html","success","0","22","yes","3","no","3","3","yes","yes","signup","https://confighub.github.io/helm-expt/site/promote.html","Promote my config · Config Workshop","Promote my config · Config Workshop Config Workshop AN EXPERIMENTAL TEST SITE FOR CONFIG TOOLS Catalog Platforms and stacks Operate Why trust it Docs ConfigH","https://confighub.github.io/helm-expt/site/promote.html"
"gitops","gitops-175","5","conversion","Helm","O-X2","promote and publish a release","https://confighub.github.io/helm-expt/site/charts/index.html","success","0","23","yes","3","no","3","3","yes","yes","signup","https://confighub.github.io/helm-expt/site/charts/index.html","Component Catalog · Config Workshop","Your assistant Apps on a platform Operate Operate What ConfigHub adds Promote my config Variants Operations Does the cluster match? Why do dev and prod differ? Offering Why trust it Why trust it Known gaps Evidence index Docs D","https://confighub.github.io/helm-expt/site/charts/index.html"
"gitops","gitops-176","5","conversion","Helm","O-X2","promote and publish a release","https://confighub.github.io/helm-expt/site/try.html","success","0","20","yes","3","no","3","3","yes","yes","signup","https://confighub.github.io/helm-expt/site/try.html","Try it: Redis in ten minutes · Config Workshop","Your assistant Apps on a platform Operate Operate What ConfigHub adds Promote my config Variants Operations Does the cluster match? Why do dev and prod differ? Offering Why trust it Why trust it Known gaps Evidence index Docs D","https://confighub.github.io/helm-expt/site/try.html"
"gitops","gitops-177","5","conversion","Helm","O-X2","promote and publish a release","https://confighub.github.io/helm-expt/site/testing.html","success","0","17","yes","3","no","3","3","yes","yes","signup","https://confighub.github.io/helm-expt/site/testing.html","Worked Examples · Config Workshop","Your assistant Apps on a platform Operate Operate What ConfigHub adds Promote my config Variants Operations Does the cluster match? Why do dev and prod differ? Offering Why trust it Why trust it Known gaps Evidence index Docs D","https://confighub.github.io/helm-expt/site/testing.html"
"gitops","gitops-178","5","conversion","Helm","O-X2","promote and publish a release","https://confighub.github.io/helm-expt/site/how-it-works.html","success","0","19","yes","3","no","3","3","yes","yes","signup","https://confighub.github.io/helm-expt/site/how-it-works.html","Operate · Config Workshop","Your assistant Apps on a platform Operate Operate What ConfigHub adds Promote my config Variants Operations Does the cluster match? Why do dev and prod differ? Offering Why trust it Why trust it Known gaps Evidence index Docs D","https://confighub.github.io/helm-expt/site/how-it-works.html"
"gitops","gitops-179","5","conversion","Helm","O-X2","promote and publish a release","https://confighub.github.io/helm-expt/site/docs.html","success","0","22","yes","3","no","3","3","yes","yes","signup","https://confighub.github.io/helm-expt/site/docs.html","Docs · Config Workshop","Your assistant Apps on a platform Operate Operate What ConfigHub adds Promote my config Variants Operations Does the cluster match? Why do dev and prod differ? Offering Why trust it Why trust it Known gaps Evidence index Docs D","https://confighub.github.io/helm-expt/site/docs.html"
"gitops","gitops-180","5","conversion","Helm","O-X2","promote and publish a release","https://confighub.github.io/helm-expt/site/confighub.html","success","0","19","yes","3","no","3","3","yes","yes","signup","https://confighub.github.io/helm-expt/site/confighub.html","Use ConfigHub · Config Workshop","Your assistant Apps on a platform Operate Operate What ConfigHub adds Promote my config Variants Operations Does the cluster match? Why do dev and prod differ? Offering Why trust it Why trust it Known gaps Evidence index Docs D","https://confighub.github.io/helm-expt/site/confighub.html"
"gitops","gitops-181","5","conversion","Helm","O-X3","compare desired and live state","https://confighub.github.io/helm-expt/site/index.html","success","0","19","yes","3","no","3","3","yes","yes","signup","https://confighub.github.io/helm-expt/site/index.html","Config Workshop · Understand and test your configuration","ion? Compare the two exact object sets and their source records. Keep desired-configuration differences separate from live-cluster drift. Start this check → 6 of 40 discussions 03 I set a value. Why did the rendered object not","https://confighub.github.io/helm-expt/site/index.html"
"gitops","gitops-182","5","conversion","Helm","O-X3","compare desired and live state","https://confighub.github.io/helm-expt/site/ai.html","success","1","155","no","2","yes","3","3","yes","yes","signup","https://confighub.github.io/helm-expt/site/does-cluster-match-approved-config.html","Does the cluster match what we approved? · Config Workshop","t's new Does the cluster match what we approved? Compare the reviewed desired objects with the objects reported by the cluster. Read the field coverage before treating a clean result as a match. Needs a ConfigHub account and a","https://confighub.github.io/helm-expt/site/ai.html -> https://confighub.github.io/helm-expt/site/does-cluster-match-approved-config.html"
"gitops","gitops-183","5","conversion","Helm","O-X3","compare desired and live state","https://confighub.github.io/helm-expt/site/ask.html","success","0","20","yes","3","no","3","3","yes","yes","signup","https://confighub.github.io/helm-expt/site/ask.html","Check my config · Config Workshop","ion? Compare the two exact object sets and their source records. Keep desired-configuration differences separate from live-cluster drift. 5 I set a value. Why did the rendered object not change? If Helm ignored a setting, check","https://confighub.github.io/helm-expt/site/ask.html"
"gitops","gitops-184","5","conversion","Helm","O-X3","compare desired and live state","https://confighub.github.io/helm-expt/site/promote.html","success","0","23","yes","3","no","3","3","yes","yes","signup","https://confighub.github.io/helm-expt/site/promote.html","Promote my config · Config Workshop","ain if the rollback is approved. The Redis proof restores one bounded desired-object release on two test clusters. Limits. Database migrations, cloud resources and other external effects stay where they are. Check the bounded R","https://confighub.github.io/helm-expt/site/promote.html"
"gitops","gitops-185","5","conversion","Helm","O-X3","compare desired and live state","https://confighub.github.io/helm-expt/site/charts/index.html","success","1","41","no","2","yes","3","3","yes","yes","signup","https://confighub.github.io/helm-expt/site/does-cluster-match-approved-config.html","Does the cluster match what we approved? · Config Workshop","t's new Does the cluster match what we approved? Compare the reviewed desired objects with the objects reported by the cluster. Read the field coverage before treating a clean result as a match. Needs a ConfigHub account and a","https://confighub.github.io/helm-expt/site/charts/index.html -> https://confighub.github.io/helm-expt/site/does-cluster-match-approved-config.html"
"gitops","gitops-186","5","conversion","Helm","O-X3","compare desired and live state","https://confighub.github.io/helm-expt/site/try.html","success","1","38","no","2","yes","3","3","yes","yes","signup","https://confighub.github.io/helm-expt/site/does-cluster-match-approved-config.html","Does the cluster match what we approved? · Config Workshop","t's new Does the cluster match what we approved? Compare the reviewed desired objects with the objects reported by the cluster. Read the field coverage before treating a clean result as a match. Needs a ConfigHub account and a","https://confighub.github.io/helm-expt/site/try.html -> https://confighub.github.io/helm-expt/site/does-cluster-match-approved-config.html"
"gitops","gitops-187","5","conversion","Helm","O-X3","compare desired and live state","https://confighub.github.io/helm-expt/site/testing.html","success","1","132","no","2","yes","3","3","yes","yes","signup","https://confighub.github.io/helm-expt/site/operations.html","Operations · Config Workshop","ve result, and build an App that repeats one job. ConfigHub keeps the desired configuration and revision history. OCI carries a reviewed release to Argo CD or Flux. Live checks show what reached the cluster. If you have not cho","https://confighub.github.io/helm-expt/site/testing.html -> https://confighub.github.io/helm-expt/site/operations.html"
"gitops","gitops-188","5","conversion","Helm","O-X3","compare desired and live state","https://confighub.github.io/helm-expt/site/how-it-works.html","success","1","36","no","2","yes","3","3","yes","yes","signup","https://confighub.github.io/helm-expt/site/does-cluster-match-approved-config.html","Does the cluster match what we approved? · Config Workshop","t's new Does the cluster match what we approved? Compare the reviewed desired objects with the objects reported by the cluster. Read the field coverage before treating a clean result as a match. Needs a ConfigHub account and a","https://confighub.github.io/helm-expt/site/how-it-works.html -> https://confighub.github.io/helm-expt/site/does-cluster-match-approved-config.html"
"gitops","gitops-189","5","conversion","Helm","O-X3","compare desired and live state","https://confighub.github.io/helm-expt/site/docs.html","success","1","129","no","2","yes","3","3","yes","yes","signup","https://confighub.github.io/helm-expt/site/does-cluster-match-approved-config.html","Does the cluster match what we approved? · Config Workshop","t's new Does the cluster match what we approved? Compare the reviewed desired objects with the objects reported by the cluster. Read the field coverage before treating a clean result as a match. Needs a ConfigHub account and a","https://confighub.github.io/helm-expt/site/docs.html -> https://confighub.github.io/helm-expt/site/does-cluster-match-approved-config.html"
"gitops","gitops-190","5","conversion","Helm","O-X3","compare desired and live state","https://confighub.github.io/helm-expt/site/confighub.html","success","0","17","yes","3","no","3","3","yes","yes","signup","https://confighub.github.io/helm-expt/site/confighub.html","Use ConfigHub · Config Workshop","main outside the rollback claim. Redis promotion and rollback Compare desired with live The approved desired objects and a separately dated live observation. Desired and live comparison Roll out to a fleet The selected targets,","https://confighub.github.io/helm-expt/site/confighub.html"
"gitops","gitops-191","5","conversion","Helm","O-X4","keep GitOps while adding ConfigHub","https://confighub.github.io/helm-expt/site/index.html","success","0","17","yes","3","no","3","3","yes","yes","signup","https://confighub.github.io/helm-expt/site/index.html","Config Workshop · Understand and test your configuration","R CONFIG TOOLS Catalog Platforms and stacks Operate Why trust it Docs ConfigHub Helm first · AICR, Timoni, OCI and YAML examples See what your configuration will do Bring the configuration you or your AI just created. Config Work","https://confighub.github.io/helm-expt/site/index.html"
"gitops","gitops-192","5","conversion","Helm","O-X4","keep GitOps while adding ConfigHub","https://confighub.github.io/helm-expt/site/ai.html","success","0","21","yes","3","no","3","3","yes","yes","signup","https://confighub.github.io/helm-expt/site/ai.html","AI with review and evidence · Config Workshop","R CONFIG TOOLS Catalog Platforms and stacks Operate Why trust it Docs ConfigHub Catalog Find a configuration Is my configuration right? Try it: Redis in ten minutes Detailed Redis walkthrough Run it with Flux, Argo CD, or kubectl","https://confighub.github.io/helm-expt/site/ai.html"
"gitops","gitops-193","5","conversion","Helm","O-X4","keep GitOps while adding ConfigHub","https://confighub.github.io/helm-expt/site/ask.html","success","0","21","yes","3","no","3","3","yes","yes","signup","https://confighub.github.io/helm-expt/site/ask.html","Check my config · Config Workshop","R CONFIG TOOLS Catalog Platforms and stacks Operate Why trust it Docs ConfigHub Catalog Find a configuration Is my configuration right? Try it: Redis in ten minutes Detailed Redis walkthrough Run it with Flux, Argo CD, or kubectl","https://confighub.github.io/helm-expt/site/ask.html"
"gitops","gitops-194","5","conversion","Helm","O-X4","keep GitOps while adding ConfigHub","https://confighub.github.io/helm-expt/site/promote.html","success","1","41","no","3","yes","3","3","yes","yes","signup","https://confighub.github.io/helm-expt/site/confighub.html","Use ConfigHub · Config Workshop","Use ConfigHub · Config Workshop Config Workshop AN EXPERIMENTAL TEST SITE FOR CONFIG TOOLS Catalog Platforms and stacks Operate Why trust it Docs ConfigHub Catalog","https://confighub.github.io/helm-expt/site/promote.html -> https://confighub.github.io/helm-expt/site/confighub.html"
"gitops","gitops-195","5","conversion","Helm","O-X4","keep GitOps while adding ConfigHub","https://confighub.github.io/helm-expt/site/charts/index.html","success","0","23","yes","3","no","3","3","yes","yes","signup","https://confighub.github.io/helm-expt/site/charts/index.html","Component Catalog · Config Workshop","R CONFIG TOOLS Catalog Platforms and stacks Operate Why trust it Docs ConfigHub Catalog Find a configuration Is my configuration right? Try it: Redis in ten minutes Detailed Redis walkthrough Run it with Flux, Argo CD, or kubectl","https://confighub.github.io/helm-expt/site/charts/index.html"
"gitops","gitops-196","5","conversion","Helm","O-X4","keep GitOps while adding ConfigHub","https://confighub.github.io/helm-expt/site/try.html","success","1","34","no","3","yes","3","3","yes","yes","signup","https://confighub.github.io/helm-expt/site/confighub.html","Use ConfigHub · Config Workshop","Use ConfigHub · Config Workshop Config Workshop AN EXPERIMENTAL TEST SITE FOR CONFIG TOOLS Catalog Platforms and stacks Operate Why trust it Docs ConfigHub Catalog","https://confighub.github.io/helm-expt/site/try.html -> https://confighub.github.io/helm-expt/site/confighub.html"
"gitops","gitops-197","5","conversion","Helm","O-X4","keep GitOps while adding ConfigHub","https://confighub.github.io/helm-expt/site/testing.html","success","0","17","yes","3","no","3","3","yes","yes","signup","https://confighub.github.io/helm-expt/site/testing.html","Worked Examples · Config Workshop","R CONFIG TOOLS Catalog Platforms and stacks Operate Why trust it Docs ConfigHub Catalog Find a configuration Is my configuration right? Try it: Redis in ten minutes Detailed Redis walkthrough Run it with Flux, Argo CD, or kubectl","https://confighub.github.io/helm-expt/site/testing.html"
"gitops","gitops-198","5","conversion","Helm","O-X4","keep GitOps while adding ConfigHub","https://confighub.github.io/helm-expt/site/how-it-works.html","success","0","19","yes","3","no","3","3","yes","yes","signup","https://confighub.github.io/helm-expt/site/how-it-works.html","Operate · Config Workshop","R CONFIG TOOLS Catalog Platforms and stacks Operate Why trust it Docs ConfigHub Catalog Find a configuration Is my configuration right? Try it: Redis in ten minutes Detailed Redis walkthrough Run it with Flux, Argo CD, or kubectl","https://confighub.github.io/helm-expt/site/how-it-works.html"
"gitops","gitops-199","5","conversion","Helm","O-X4","keep GitOps while adding ConfigHub","https://confighub.github.io/helm-expt/site/docs.html","success","0","19","yes","3","no","3","3","yes","yes","signup","https://confighub.github.io/helm-expt/site/docs.html","Docs · Config Workshop","R CONFIG TOOLS Catalog Platforms and stacks Operate Why trust it Docs ConfigHub Catalog Find a configuration Is my configuration right? Try it: Redis in ten minutes Detailed Redis walkthrough Run it with Flux, Argo CD, or kubectl","https://confighub.github.io/helm-expt/site/docs.html"
"gitops","gitops-200","5","conversion","Helm","O-X4","keep GitOps while adding ConfigHub","https://confighub.github.io/helm-expt/site/confighub.html","success","0","18","yes","3","no","3","3","yes","yes","signup","https://confighub.github.io/helm-expt/site/confighub.html","Use ConfigHub · Config Workshop","Use ConfigHub · Config Workshop Config Workshop AN EXPERIMENTAL TEST SITE FOR CONFIG TOOLS Catalog Platforms and stacks Operate Why trust it Docs ConfigHub Catalog","https://confighub.github.io/helm-expt/site/confighub.html"
"gitops","gitops-201","5","action","Helm","O-A5","check lifecycle work before the next environment","https://confighub.github.io/helm-expt/site/index.html","partial","5","116","no","2","yes","3","3","no","no","bookmark","https://confighub.github.io/helm-expt/site/charts/index.html","Component Catalog · Config Workshop","l Recommended first path Rendering checked; read page Read chart page Hooks All Needs lifecycle review No hook signal recorded CRDs All Includes or needs CRDs No CRD signal recorded Ready to try entries have maintained starti","https://confighub.github.io/helm-expt/site/index.html -> https://confighub.github.io/helm-expt/site/charts/index.html -> https://confighub.github.io/helm-expt/site/testing.html -> https://confighub.github.io/helm-expt/site/testing.html#bring-your-own -> https://confighub.github.io/helm-expt/site/kubara.html -> https://confighub.github.io/helm-expt/site/deploy-with-flux-or-argo.html"
"gitops","gitops-202","5","action","Helm","O-A5","check lifecycle work before the next environment","https://confighub.github.io/helm-expt/site/ai.html","partial","5","109","no","3","no","3","3","no","no","bookmark","https://confighub.github.io/helm-expt/site/ai.html","AI with review and evidence · Config Workshop","pt literally without losing behavior? Lifecycle and route Who handles hooks, CRDs, tests, waits, setup Jobs, Secrets, and destination requirements, and in what order? Retain and deliver Will the reviewed result stay as files,","https://confighub.github.io/helm-expt/site/ai.html -> https://confighub.github.io/helm-expt/site/testing.html -> https://confighub.github.io/helm-expt/site/testing.html#bring-your-own -> https://confighub.github.io/helm-expt/site/kubara.html -> https://confighub.github.io/helm-expt/site/deploy-with-flux-or-argo.html -> https://confighub.github.io/helm-expt/site/deploy-with-flux-or-argo.html#change-oci"
"gitops","gitops-203","5","action","Helm","O-A5","check lifecycle work before the next environment","https://confighub.github.io/helm-expt/site/ask.html","partial","5","120","no","3","no","3","3","no","no","bookmark","https://confighub.github.io/helm-expt/site/ask.html","Check my config · Config Workshop","nspect without applying · Compare development and production · Handle hooks and CRD ordering · Read delivery limits What this page can answer Question What happens here What do I have? The page inventories and compares the ex","https://confighub.github.io/helm-expt/site/ask.html -> https://confighub.github.io/helm-expt/site/ask.html#lifecycle-work -> https://confighub.github.io/helm-expt/site/testing.html -> https://confighub.github.io/helm-expt/site/testing.html#bring-your-own -> https://confighub.github.io/helm-expt/site/kubara.html -> https://confighub.github.io/helm-expt/site/deploy-with-flux-or-argo.html"
"gitops","gitops-204","5","action","Helm","O-A5","check lifecycle work before the next environment","https://confighub.github.io/helm-expt/site/promote.html","success","0","25","yes","3","no","3","3","yes","yes","continue","https://confighub.github.io/helm-expt/site/promote.html","Promote my config · Config Workshop","ow to read inherited, overridden, upstream-added, and no-op changes . Hooks, CRDs, and required setup What you should test Target results Target Result Digest Note What to do next Current file: Proposed file: These hashes ide","https://confighub.github.io/helm-expt/site/promote.html"
"gitops","gitops-205","5","action","Helm","O-A5","check lifecycle work before the next environment","https://confighub.github.io/helm-expt/site/charts/index.html","partial","5","121","no","3","no","3","3","no","no","bookmark","https://confighub.github.io/helm-expt/site/charts/index.html","Component Catalog · Config Workshop","l Recommended first path Rendering checked; read page Read chart page Hooks All Needs lifecycle review No hook signal recorded CRDs All Includes or needs CRDs No CRD signal recorded Ready to try entries have maintained starti","https://confighub.github.io/helm-expt/site/charts/index.html -> https://confighub.github.io/helm-expt/site/testing.html -> https://confighub.github.io/helm-expt/site/testing.html#bring-your-own -> https://confighub.github.io/helm-expt/site/kubara.html -> https://confighub.github.io/helm-expt/site/deploy-with-flux-or-argo.html -> https://confighub.github.io/helm-expt/site/deploy-with-flux-or-argo.html#change-oci"
"gitops","gitops-206","5","action","Helm","O-A5","check lifecycle work before the next environment","https://confighub.github.io/helm-expt/site/try.html","partial","5","113","no","2","yes","3","3","no","no","bookmark","https://confighub.github.io/helm-expt/site/testing.html","Worked Examples · Config Workshop","ring Find Kube Prometheus Stack. Compare exact versions, CRD choices, hooks, prerequisites, and delivery evidence. Ingress and certificates Start with ingress-nginx , then add cert-manager . The Catalog records the setup work","https://confighub.github.io/helm-expt/site/try.html -> https://confighub.github.io/helm-expt/site/testing.html -> https://confighub.github.io/helm-expt/site/testing.html#bring-your-own -> https://confighub.github.io/helm-expt/site/kubara.html -> https://confighub.github.io/helm-expt/site/deploy-with-flux-or-argo.html -> https://confighub.github.io/helm-expt/site/deploy-with-flux-or-argo.html#change-oci"
"gitops","gitops-207","5","action","Helm","O-A5","check lifecycle work before the next environment","https://confighub.github.io/helm-expt/site/testing.html","partial","5","117","no","3","no","3","3","no","no","bookmark","https://confighub.github.io/helm-expt/site/testing.html","Worked Examples · Config Workshop","ring Find Kube Prometheus Stack. Compare exact versions, CRD choices, hooks, prerequisites, and delivery evidence. Ingress and certificates Start with ingress-nginx , then add cert-manager . The Catalog records the setup work","https://confighub.github.io/helm-expt/site/testing.html -> https://confighub.github.io/helm-expt/site/testing.html#bring-your-own -> https://confighub.github.io/helm-expt/site/kubara.html -> https://confighub.github.io/helm-expt/site/deploy-with-flux-or-argo.html -> https://confighub.github.io/helm-expt/site/deploy-with-flux-or-argo.html#change-oci -> https://confighub.github.io/helm-expt/site/deploy-with-flux-or-argo.html#reconcile"
"gitops","gitops-208","5","action","Helm","O-A5","check lifecycle work before the next environment","https://confighub.github.io/helm-expt/site/how-it-works.html","partial","5","118","no","3","no","3","3","no","no","bookmark","https://confighub.github.io/helm-expt/site/how-it-works.html","Operate · Config Workshop","s. Before choosing a delivery path: check this exact chart's page for hooks, CRDs, pruning, and tested controller results. The named NGINX example has direct, Argo CD, and Flux receipts. Do not transfer those results to anoth","https://confighub.github.io/helm-expt/site/how-it-works.html -> https://confighub.github.io/helm-expt/site/testing.html -> https://confighub.github.io/helm-expt/site/testing.html#bring-your-own -> https://confighub.github.io/helm-expt/site/kubara.html -> https://confighub.github.io/helm-expt/site/deploy-with-flux-or-argo.html -> https://confighub.github.io/helm-expt/site/deploy-with-flux-or-argo.html#change-oci"
"gitops","gitops-209","5","action","Helm","O-A5","check lifecycle work before the next environment","https://confighub.github.io/helm-expt/site/docs.html","partial","5","200","no","3","no","3","3","no","no","bookmark","https://confighub.github.io/helm-expt/site/docs.html","Docs · Config Workshop",", then let Argo CD or Flux pull the reviewed objects. What happens to hooks and CRDs? See how required setup is recorded and ordered, then tested or marked blocked. Should I change the source input or the rendered object? Use","https://confighub.github.io/helm-expt/site/docs.html -> https://confighub.github.io/helm-expt/site/d/data/ai-lifecycle-work/summary.html -> https://confighub.github.io/helm-expt/site/testing.html -> https://confighub.github.io/helm-expt/site/testing.html#bring-your-own -> https://confighub.github.io/helm-expt/site/kubara.html -> https://confighub.github.io/helm-expt/site/deploy-with-flux-or-argo.html"
"gitops","gitops-210","5","action","Helm","O-A5","check lifecycle work before the next environment","https://confighub.github.io/helm-expt/site/confighub.html","partial","5","110","no","2","yes","3","3","no","no","bookmark","https://confighub.github.io/helm-expt/site/testing.html#managed","Worked Examples · Config Workshop","ring Find Kube Prometheus Stack. Compare exact versions, CRD choices, hooks, prerequisites, and delivery evidence. Ingress and certificates Start with ingress-nginx , then add cert-manager . The Catalog records the setup work","https://confighub.github.io/helm-expt/site/confighub.html -> https://confighub.github.io/helm-expt/site/testing.html#managed -> https://confighub.github.io/helm-expt/site/testing.html -> https://confighub.github.io/helm-expt/site/testing.html#bring-your-own -> https://confighub.github.io/helm-expt/site/kubara.html -> https://confighub.github.io/helm-expt/site/deploy-with-flux-or-argo.html"
"gitops","gitops-211","5","comprehension","Helm","O-C5","understand lifecycle work after an environment variant changes","https://confighub.github.io/helm-expt/site/index.html","partial","5","273","no","3","no","3","4","yes","no","bookmark","https://confighub.github.io/helm-expt/site/index.html","Config Workshop · Understand and test your configuration","the reviewed YAML, then publish a release pinned to its digest $ cub variant upload --component redis --variant base redis.yaml $ cub release publish redis-app # your Argo CD or Flux pulls that digest; receipts on the deployme","https://confighub.github.io/helm-expt/site/index.html -> https://confighub.github.io/helm-expt/site/promote.html -> https://confighub.github.io/helm-expt/site/variants.html -> https://confighub.github.io/helm-expt/site/d/docs/user/variants-after-upload.html -> https://confighub.github.io/helm-expt/site/d/docs/user/variants-after-upload.html#the-whole-chain-with-the-variants-labeled -> https://confighub.github.io/helm-expt/site/d/docs/user/variants-after-upload.html#choose-the-right-kind-of-variant"
"gitops","gitops-212","5","comprehension","Helm","O-C5","understand lifecycle work after an environment variant changes","https://confighub.github.io/helm-expt/site/ai.html","success","0","20","yes","4","no","4","4","yes","yes","continue","https://confighub.github.io/helm-expt/site/ai.html","AI with review and evidence · Config Workshop","estion. The Config Workshop skill finds exact Catalog records and the lifecycle work to check. It returns a result you can review. The agent may propose commands or changes, and you see the source, the Kubernetes objects and the diff","https://confighub.github.io/helm-expt/site/ai.html"
"gitops","gitops-213","5","comprehension","Helm","O-C5","understand lifecycle work after an environment variant changes","https://confighub.github.io/helm-expt/site/ask.html","success","0","22","yes","4","no","4","4","yes","yes","continue","https://confighub.github.io/helm-expt/site/ask.html","Check my config · Config Workshop","ord above when you want the result to include known prerequisites and lifecycle work. Find matching Catalog records Download one complete result workshop-result.json contains the exact candidate YAML, optional comparison and Catalog r","https://confighub.github.io/helm-expt/site/ask.html"
"gitops","gitops-214","5","comprehension","Helm","O-C5","understand lifecycle work after an environment variant changes","https://confighub.github.io/helm-expt/site/promote.html","partial","5","289","no","3","no","3","4","yes","no","bookmark","https://confighub.github.io/helm-expt/site/promote.html","Promote my config · Config Workshop","s on a platform Operate Operate What ConfigHub adds Promote my config Variants Operations Does the cluster match? Why do dev and prod differ? Offering Why trust it Why trust it Known gaps Evidence index Docs Docs What Config Wo","https://confighub.github.io/helm-expt/site/promote.html -> https://confighub.github.io/helm-expt/site/variants.html -> https://confighub.github.io/helm-expt/site/d/docs/user/variants-after-upload.html -> https://confighub.github.io/helm-expt/site/d/docs/user/variants-after-upload.html#the-whole-chain-with-the-variants-labeled -> https://confighub.github.io/helm-expt/site/d/docs/user/variants-after-upload.html#choose-the-right-kind-of-variant -> https://confighub.github.io/helm-expt/site/d/docs/user/variants-after-upload.html#how-to-tell-what-set-a-field"
"gitops","gitops-215","5","comprehension","Helm","O-C5","understand lifecycle work after an environment variant changes","https://confighub.github.io/helm-expt/site/charts/index.html","success","0","24","yes","4","no","4","4","yes","yes","continue","https://confighub.github.io/helm-expt/site/charts/index.html","Component Catalog · Config Workshop","A check of APIs, CRDs, Secrets, policies, controllers, hardware, and lifecycle work for one named destination. Destination access; the candidate does not need to be deployed. Did it work? The recorded controller, resource, workload,","https://confighub.github.io/helm-expt/site/charts/index.html"
"gitops","gitops-216","5","comprehension","Helm","O-C5","understand lifecycle work after an environment variant changes","https://confighub.github.io/helm-expt/site/try.html","partial","5","279","no","3","no","3","4","no","no","bookmark","https://confighub.github.io/helm-expt/site/try.html","Try it: Redis in ten minutes · Config Workshop","s on a platform Operate Operate What ConfigHub adds Promote my config Variants Operations Does the cluster match? Why do dev and prod differ? Offering Why trust it Why trust it Known gaps Evidence index Docs Docs What Config Wo","https://confighub.github.io/helm-expt/site/try.html -> https://confighub.github.io/helm-expt/site/variants.html -> https://confighub.github.io/helm-expt/site/d/docs/user/variants-after-upload.html -> https://confighub.github.io/helm-expt/site/d/docs/user/variants-after-upload.html#the-whole-chain-with-the-variants-labeled -> https://confighub.github.io/helm-expt/site/d/docs/user/variants-after-upload.html#choose-the-right-kind-of-variant -> https://confighub.github.io/helm-expt/site/d/docs/user/variants-after-upload.html#how-to-tell-what-set-a-field"
"gitops","gitops-217","5","comprehension","Helm","O-C5","understand lifecycle work after an environment variant changes","https://confighub.github.io/helm-expt/site/testing.html","partial","5","107","no","3","no","3","4","yes","no","bookmark","https://confighub.github.io/helm-expt/site/testing.html","Worked Examples · Config Workshop","s on a platform Operate Operate What ConfigHub adds Promote my config Variants Operations Does the cluster match? Why do dev and prod differ? Offering Why trust it Why trust it Known gaps Evidence index Docs Docs What Config Wo","https://confighub.github.io/helm-expt/site/testing.html -> https://confighub.github.io/helm-expt/site/variants.html -> https://confighub.github.io/helm-expt/site/d/docs/user/variants-after-upload.html -> https://confighub.github.io/helm-expt/site/d/docs/user/variants-after-upload.html#the-whole-chain-with-the-variants-labeled -> https://confighub.github.io/helm-expt/site/d/docs/user/variants-after-upload.html#choose-the-right-kind-of-variant -> https://confighub.github.io/helm-expt/site/d/docs/user/variants-after-upload.html#how-to-tell-what-set-a-field"
"gitops","gitops-218","5","comprehension","Helm","O-C5","understand lifecycle work after an environment variant changes","https://confighub.github.io/helm-expt/site/how-it-works.html","success","0","18","yes","4","no","4","4","yes","yes","continue","https://confighub.github.io/helm-expt/site/how-it-works.html","Operate · Config Workshop","and review the diff. Deployment setup Use this for prerequisites and lifecycle work: Secrets, CRDs, hooks, certificates, jobs, and target capabilities. Record and check each required step. Live cluster Observe what is running and fin","https://confighub.github.io/helm-expt/site/how-it-works.html"
"gitops","gitops-219","5","comprehension","Helm","O-C5","understand lifecycle work after an environment variant changes","https://confighub.github.io/helm-expt/site/docs.html","success","0","20","yes","4","no","4","4","yes","yes","continue","https://confighub.github.io/helm-expt/site/docs.html","Docs · Config Workshop","kshop skill, choose one task, and keep source records, exact objects, lifecycle work, checks, and limits visible. Choose a worked example Examples Start with Helm, AICR, OCI, or YAML. Continue with ConfigHub only when you want saved c","https://confighub.github.io/helm-expt/site/docs.html"
"gitops","gitops-220","5","comprehension","Helm","O-C5","understand lifecycle work after an environment variant changes","https://confighub.github.io/helm-expt/site/confighub.html","partial","5","101","no","3","no","3","4","no","no","bookmark","https://confighub.github.io/helm-expt/site/confighub.html","Use ConfigHub · Config Workshop","s on a platform Operate Operate What ConfigHub adds Promote my config Variants Operations Does the cluster match? Why do dev and prod differ? Offering Why trust it Why trust it Known gaps Evidence index Docs Docs What Config Wo","https://confighub.github.io/helm-expt/site/confighub.html -> https://confighub.github.io/helm-expt/site/variants.html -> https://confighub.github.io/helm-expt/site/d/docs/user/variants-after-upload.html -> https://confighub.github.io/helm-expt/site/d/docs/user/variants-after-upload.html#the-whole-chain-with-the-variants-labeled -> https://confighub.github.io/helm-expt/site/d/docs/user/variants-after-upload.html#choose-the-right-kind-of-variant -> https://confighub.github.io/helm-expt/site/d/docs/user/variants-after-upload.html#how-to-tell-what-set-a-field"
"gitops","gitops-221","5","navigation","Timoni","O-N5","find a Timoni configuration carried through OCI","https://confighub.github.io/helm-expt/site/index.html","success","0","17","yes","4","no","4","4","yes","yes","continue","https://confighub.github.io/helm-expt/site/index.html","Config Workshop · Understand and test your configuration","rms and stacks Operate Why trust it Docs ConfigHub Helm first · AICR, Timoni, OCI and YAML examples See what your configuration will do Bring the configuration you or your AI just created. Config Workshop renders it to the exa","https://confighub.github.io/helm-expt/site/index.html"
"gitops","gitops-222","5","navigation","Timoni","O-N5","find a Timoni configuration carried through OCI","https://confighub.github.io/helm-expt/site/ai.html","success","0","18","yes","4","no","4","4","yes","yes","continue","https://confighub.github.io/helm-expt/site/ai.html","AI with review and evidence · Config Workshop",", and tests still required. Inspect another source Build the retained Timoni Redis 8.10.1 source and tell me what plain YAML leaves out. The module digest, typed options, seven exact objects, ordered lifecycle, and current lim","https://confighub.github.io/helm-expt/site/ai.html"
"gitops","gitops-223","5","navigation","Timoni","O-N5","find a Timoni configuration carried through OCI","https://confighub.github.io/helm-expt/site/ask.html","success","0","21","yes","4","no","4","4","yes","yes","continue","https://confighub.github.io/helm-expt/site/ask.html","Check my config · Config Workshop","ect the source, values, or package. What will it produce? Helm, AICR, Timoni, or another source tool runs on your machine. The browser checks its output; it does not run the source processor. Can this destination accept it? No","https://confighub.github.io/helm-expt/site/ask.html"
"gitops","gitops-224","5","navigation","Timoni","O-N5","find a Timoni configuration carried through OCI","https://confighub.github.io/helm-expt/site/promote.html","success","0","22","yes","4","no","4","4","yes","yes","continue","https://confighub.github.io/helm-expt/site/promote.html","Promote my config · Config Workshop","is page. The browser compares the output; it does not run Helm, AICR, Timoni, or another processor. Can this destination accept it? Add current destination checks for the same proposed digest. Without them, the answer remains","https://confighub.github.io/helm-expt/site/promote.html"
"gitops","gitops-225","5","navigation","Timoni","O-N5","find a Timoni configuration carried through OCI","https://confighub.github.io/helm-expt/site/charts/index.html","success","0","22","yes","4","no","4","4","yes","yes","continue","https://confighub.github.io/helm-expt/site/charts/index.html","Component Catalog · Config Workshop","catalog index for the retained recipes, versions, and proof details. Timoni Redis The first Timoni entry uses Redis so you can compare it with the Helm Redis configurations above. The inputs are different, but the Catalog ask","https://confighub.github.io/helm-expt/site/charts/index.html"
"gitops","gitops-226","5","navigation","Timoni","O-N5","find a Timoni configuration carried through OCI","https://confighub.github.io/helm-expt/site/try.html","success","1","36","no","3","yes","4","4","yes","yes","continue","https://confighub.github.io/helm-expt/site/testing.html","Worked Examples · Config Workshop","R v0.20 H100 training starting configuration · v0.19 managed stages A Timoni module Inspect the Timoni Redis example. Compare its immutable module source, typed options, seven exact objects, lifecycle order, public OCI, and Co","https://confighub.github.io/helm-expt/site/try.html -> https://confighub.github.io/helm-expt/site/testing.html"
"gitops","gitops-227","5","navigation","Timoni","O-N5","find a Timoni configuration carried through OCI","https://confighub.github.io/helm-expt/site/testing.html","success","0","19","yes","4","no","4","4","yes","yes","continue","https://confighub.github.io/helm-expt/site/testing.html","Worked Examples · Config Workshop","R v0.20 H100 training starting configuration · v0.19 managed stages A Timoni module Inspect the Timoni Redis example. Compare its immutable module source, typed options, seven exact objects, lifecycle order, public OCI, and Co","https://confighub.github.io/helm-expt/site/testing.html"
"gitops","gitops-228","5","navigation","Timoni","O-N5","find a Timoni configuration carried through OCI","https://confighub.github.io/helm-expt/site/how-it-works.html","success","0","18","yes","4","no","4","4","yes","yes","continue","https://confighub.github.io/helm-expt/site/how-it-works.html","Operate · Config Workshop","rence is wrong. That leaf uses AICR's composition or generation step. Timoni Build the pinned module or bundle with its typed values. Kubara or another generator Run its declared generation or composition step. Sveltos Read th","https://confighub.github.io/helm-expt/site/how-it-works.html"
"gitops","gitops-229","5","navigation","Timoni","O-N5","find a Timoni configuration carried through OCI","https://confighub.github.io/helm-expt/site/docs.html","partial","5","109","no","3","no","3","4","yes","no","bookmark","https://confighub.github.io/helm-expt/site/docs.html","Docs · Config Workshop","mple like yours : start from your own Helm values, an AICR recipe, an OCI package, or Kubernetes YAML. Follow one package end to end : take a single Redis configuration through pulling, verifying, changing, and upgrading it","https://confighub.github.io/helm-expt/site/docs.html -> https://confighub.github.io/helm-expt/site/d/docs/user/inspect-oci-package.html -> https://confighub.github.io/helm-expt/site/d/docs/user/inspect-oci-package.html#inspect-literal-kubernetes-configuration -> https://confighub.github.io/helm-expt/site/d/docs/user/inspect-oci-package.html#read-the-result -> https://confighub.github.io/helm-expt/site/d/docs/user/inspect-oci-package.html#inspect-a-cub-installer-package -> https://confighub.github.io/helm-expt/site/d/docs/user/inspect-oci-package.html#repository-verification"
"gitops","gitops-230","5","navigation","Timoni","O-N5","find a Timoni configuration carried through OCI","https://confighub.github.io/helm-expt/site/confighub.html","success","1","35","no","3","yes","4","4","yes","yes","continue","https://confighub.github.io/helm-expt/site/testing.html#managed","Worked Examples · Config Workshop","R v0.20 H100 training starting configuration · v0.19 managed stages A Timoni module Inspect the Timoni Redis example. Compare its immutable module source, typed options, seven exact objects, lifecycle order, public OCI, and Co","https://confighub.github.io/helm-expt/site/confighub.html -> https://confighub.github.io/helm-expt/site/testing.html#managed"
"gitops","gitops-231","5","action","Helm","O-A6","check a lifecycle-heavy upgrade against its destination","https://confighub.github.io/helm-expt/site/index.html","success","1","38","no","0","yes","6","6","yes","yes","continue","https://confighub.github.io/helm-expt/site/promote.html","Promote my config · Config Workshop","d the worked example · Check the recorded result A difficult upgrade: Kube Prometheus Stack Question: can the no-crds configuration move from 85.3.3 to 86.1.0 without breaking CRD ordering, webhook setup, or namespaces? The checked candidate","https://confighub.github.io/helm-expt/site/index.html -> https://confighub.github.io/helm-expt/site/promote.html"
"gitops","gitops-232","5","action","Helm","O-A6","check a lifecycle-heavy upgrade against its destination","https://confighub.github.io/helm-expt/site/ai.html","fail","5","106","no","1","no","1","6","no","no","leave","https://confighub.github.io/helm-expt/site/ai.html","AI with review and evidence · Config Workshop","nal. Can this destination accept it? Run checks against current APIs, CRDs, Secrets, policies, controllers, credentials, and hardware. The exact candidate and access to the named destination. Did it work? Read controller, re","https://confighub.github.io/helm-expt/site/ai.html -> https://confighub.github.io/helm-expt/site/deploy-with-flux-or-argo.html -> https://confighub.github.io/helm-expt/site/deploy-with-flux-or-argo.html#change-oci -> https://confighub.github.io/helm-expt/site/deploy-with-flux-or-argo.html#reconcile -> https://confighub.github.io/helm-expt/site/deploy-with-flux-or-argo.html#verify -> https://confighub.github.io/helm-expt/site/deploy-with-flux-or-argo.html#kubectl"
"gitops","gitops-233","5","action","Helm","O-A6","check a lifecycle-heavy upgrade against its destination","https://confighub.github.io/helm-expt/site/ask.html","partial","5","112","no","6","no","6","6","no","no","bookmark","https://confighub.github.io/helm-expt/site/ask.html","Check my config · Config Workshop","ve. Open the completed review For a lifecycle-heavy upgrade, read the Kube Prometheus Stack 85.3.3 to 86.1.0 destination result . It checks namespaces, CRDs, server-side apply, prerequisites, approval, release OCI, and Argo CD separately. Or","https://confighub.github.io/helm-expt/site/ask.html -> https://confighub.github.io/helm-expt/site/d/data/kps-confighub-lifecycle-promotion/summary.html -> https://confighub.github.io/helm-expt/site/deploy-with-flux-or-argo.html -> https://confighub.github.io/helm-expt/site/deploy-with-flux-or-argo.html#change-oci -> https://confighub.github.io/helm-expt/site/deploy-with-flux-or-argo.html#reconcile -> https://confighub.github.io/helm-expt/site/deploy-with-flux-or-argo.html#verify"
"gitops","gitops-234","5","action","Helm","O-A6","check a lifecycle-heavy upgrade against its destination","https://confighub.github.io/helm-expt/site/promote.html","success","0","25","yes","6","no","6","6","yes","yes","continue","https://confighub.github.io/helm-expt/site/promote.html","Promote my config · Config Workshop","d the worked example · Check the recorded result A difficult upgrade: Kube Prometheus Stack Question: can the no-crds configuration move from 85.3.3 to 86.1.0 without breaking CRD ordering, webhook setup, or namespaces? The checked candidate","https://confighub.github.io/helm-expt/site/promote.html"
"gitops","gitops-235","5","action","Helm","O-A6","check a lifecycle-heavy upgrade against its destination","https://confighub.github.io/helm-expt/site/charts/index.html","success","2","63","no","3","no","6","6","yes","yes","continue","https://confighub.github.io/helm-expt/site/promote.html?chart=argo-cd%2Fargo-cd&current=9.5.15&base=default","Promote my config · Config Workshop","d the worked example · Check the recorded result A difficult upgrade: Kube Prometheus Stack Question: can the no-crds configuration move from 85.3.3 to 86.1.0 without breaking CRD ordering, webhook setup, or namespaces? The checked candidate","https://confighub.github.io/helm-expt/site/charts/index.html -> https://confighub.github.io/helm-expt/site/charts/argo-cd-argo-cd-9-5-15.html#matrix-options -> https://confighub.github.io/helm-expt/site/promote.html?chart=argo-cd%2Fargo-cd&current=9.5.15&base=default"
"gitops","gitops-236","5","action","Helm","O-A6","check a lifecycle-heavy upgrade against its destination","https://confighub.github.io/helm-expt/site/try.html","fail","5","116","no","1","no","1","6","no","no","leave","https://confighub.github.io/helm-expt/site/try.html","Try it: Redis in ten minutes · Config Workshop","his Redis configuration has no CRD setup step. For a chart that lists CRDs, do not rely on one plain kubectl apply . Run the package's prerequisite script, or use its tested Argo CD or Flux route. The CRDs must be establishe","https://confighub.github.io/helm-expt/site/try.html -> https://confighub.github.io/helm-expt/site/deploy-with-flux-or-argo.html -> https://confighub.github.io/helm-expt/site/deploy-with-flux-or-argo.html#change-oci -> https://confighub.github.io/helm-expt/site/deploy-with-flux-or-argo.html#reconcile -> https://confighub.github.io/helm-expt/site/deploy-with-flux-or-argo.html#verify -> https://confighub.github.io/helm-expt/site/deploy-with-flux-or-argo.html#kubectl"
"gitops","gitops-237","5","action","Helm","O-A6","check a lifecycle-heavy upgrade against its destination","https://confighub.github.io/helm-expt/site/testing.html","success","3","165","no","4","yes","6","6","yes","yes","continue","https://confighub.github.io/helm-expt/site/promote.html?chart=prometheus-community%2Fkube-prometheus-stack&current=85.3.3&base=default","Promote my config · Config Workshop","d the worked example · Check the recorded result A difficult upgrade: Kube Prometheus Stack Question: can the no-crds configuration move from 85.3.3 to 86.1.0 without breaking CRD ordering, webhook setup, or namespaces? The checked candidate","https://confighub.github.io/helm-expt/site/testing.html -> https://confighub.github.io/helm-expt/site/d/docs/demo/hooks-crds/kube-prometheus-stack.html -> https://confighub.github.io/helm-expt/site/charts/prometheus-community-kube-prometheus-stack-85-3-3.html -> https://confighub.github.io/helm-expt/site/promote.html?chart=prometheus-community%2Fkube-prometheus-stack&current=85.3.3&base=default"
"gitops","gitops-238","5","action","Helm","O-A6","check a lifecycle-heavy upgrade against its destination","https://confighub.github.io/helm-expt/site/how-it-works.html","success","3","162","no","1","yes","6","6","yes","yes","continue","https://confighub.github.io/helm-expt/site/promote.html?chart=prometheus-community%2Fkube-prometheus-stack&current=85.3.3&base=default","Promote my config · Config Workshop","d the worked example · Check the recorded result A difficult upgrade: Kube Prometheus Stack Question: can the no-crds configuration move from 85.3.3 to 86.1.0 without breaking CRD ordering, webhook setup, or namespaces? The checked candidate","https://confighub.github.io/helm-expt/site/how-it-works.html -> https://confighub.github.io/helm-expt/site/d/docs/demo/hooks-crds/kube-prometheus-stack.html -> https://confighub.github.io/helm-expt/site/charts/prometheus-community-kube-prometheus-stack-85-3-3.html -> https://confighub.github.io/helm-expt/site/promote.html?chart=prometheus-community%2Fkube-prometheus-stack&current=85.3.3&base=default"
"gitops","gitops-239","5","action","Helm","O-A6","check a lifecycle-heavy upgrade against its destination","https://confighub.github.io/helm-expt/site/docs.html","success","4","162","no","2","yes","6","6","yes","yes","continue","https://confighub.github.io/helm-expt/site/promote.html?chart=prometheus-community%2Fkube-prometheus-stack&current=85.3.3&base=default","Promote my config · Config Workshop","d the worked example · Check the recorded result A difficult upgrade: Kube Prometheus Stack Question: can the no-crds configuration move from 85.3.3 to 86.1.0 without breaking CRD ordering, webhook setup, or namespaces? The checked candidate","https://confighub.github.io/helm-expt/site/docs.html -> https://confighub.github.io/helm-expt/site/d/docs/user/chart-hooks-what-happens.html -> https://confighub.github.io/helm-expt/site/d/docs/demo/hooks-crds/kube-prometheus-stack.html -> https://confighub.github.io/helm-expt/site/charts/prometheus-community-kube-prometheus-stack-85-3-3.html -> https://confighub.github.io/helm-expt/site/promote.html?chart=prometheus-community%2Fkube-prometheus-stack&current=85.3.3&base=default"
"gitops","gitops-240","5","action","Helm","O-A6","check a lifecycle-heavy upgrade against its destination","https://confighub.github.io/helm-expt/site/confighub.html","fail","5","116","no","0","yes","1","6","no","no","leave","https://confighub.github.io/helm-expt/site/deploy-with-flux-or-argo.html","Run it with Flux, Argo CD, or kubectl · Config Workshop","ther OCI consumer. A chart with hooks, admission webhooks, or its own CRDs needs more than a render. Its chart page says which lifecycle steps apply. Public catalog package refs are published in Google Artifact Registry with","https://confighub.github.io/helm-expt/site/confighub.html -> https://confighub.github.io/helm-expt/site/deploy-with-flux-or-argo.html -> https://confighub.github.io/helm-expt/site/deploy-with-flux-or-argo.html#change-oci -> https://confighub.github.io/helm-expt/site/deploy-with-flux-or-argo.html#reconcile -> https://confighub.github.io/helm-expt/site/deploy-with-flux-or-argo.html#verify -> https://confighub.github.io/helm-expt/site/deploy-with-flux-or-argo.html#kubectl"
"platform","platform-001","5","comprehension","Helm","P-C1","understand when to change a base or a derived variant","https://confighub.github.io/helm-expt/site/index.html","success","0","17","yes","4","no","4","4","yes","yes","continue","https://confighub.github.io/helm-expt/site/index.html","Config Workshop · Understand and test your configuration","pinned to its digest $ cub variant upload --component redis --variant base redis.yaml $ cub release publish redis-app # your Argo CD or Flux pulls that digest; receipts on the deployment page Where these commands come from.","https://confighub.github.io/helm-expt/site/index.html"
"platform","platform-002","5","comprehension","Helm","P-C1","understand when to change a base or a derived variant","https://confighub.github.io/helm-expt/site/ai.html","success","0","19","yes","4","no","4","4","yes","yes","continue","https://confighub.github.io/helm-expt/site/ai.html","AI with review and evidence · Config Workshop","version and digest did you ask about, and which areas have evidence? base-variant-records.json Where did the configuration come from, which exact objects were produced, and what lifecycle, ownership, OCI, and delivery recor","https://confighub.github.io/helm-expt/site/ai.html"
"platform","platform-003","5","comprehension","Helm","P-C1","understand when to change a base or a derived variant","https://confighub.github.io/helm-expt/site/ask.html","success","0","21","yes","4","no","4","4","yes","yes","continue","https://confighub.github.io/helm-expt/site/ask.html","Check my config · Config Workshop","record If the candidate starts from a Catalog configuration, add its BaseVariantRecord . It connects the source, rendered objects, OCI package, prerequisites, lifecycle routes, policy, and evidence status. Add the result fr","https://confighub.github.io/helm-expt/site/ask.html"
"platform","platform-004","5","comprehension","Helm","P-C1","understand when to change a base or a derived variant","https://confighub.github.io/helm-expt/site/promote.html","success","0","21","yes","4","no","4","4","yes","yes","continue","https://confighub.github.io/helm-expt/site/promote.html","Promote my config · Config Workshop","y after the preview, destination checks, and approval pass. Component Base Space Unit layout minimal per-resource per-file Recorded namespace (optional) Downstream Spaces If a downstream Space does not exist, the preview sho","https://confighub.github.io/helm-expt/site/promote.html"
"platform","platform-005","5","comprehension","Helm","P-C1","understand when to change a base or a derived variant","https://confighub.github.io/helm-expt/site/charts/index.html","success","0","22","yes","4","no","4","4","yes","yes","continue","https://confighub.github.io/helm-expt/site/charts/index.html","Component Catalog · Config Workshop","ets Monitoring and logs Networking and ingress Storage and backup Databases and messaging Delivery and automation Cluster operations Web and compute First configuration All Recommended first path Rendering checked; read page","https://confighub.github.io/helm-expt/site/charts/index.html"
"platform","platform-006","5","comprehension","Helm","P-C1","understand when to change a base or a derived variant","https://confighub.github.io/helm-expt/site/try.html","success","0","18","yes","4","no","4","4","yes","yes","continue","https://confighub.github.io/helm-expt/site/try.html","Try it: Redis in ten minutes · Config Workshop",":a216ce212424e05b341ef5000f1798e6014b72b8bc3dce9f315285871037af2a \ --base reuse-existing-secret \ --work-dir ./redis \ --namespace redis \ --non-interactive \ --output-oci ./redis-25.oci The chart renders 13 objects. cub in","https://confighub.github.io/helm-expt/site/try.html"
"platform","platform-007","5","comprehension","Helm","P-C1","understand when to change a base or a derived variant","https://confighub.github.io/helm-expt/site/testing.html","success","0","20","yes","4","no","4","4","yes","yes","continue","https://confighub.github.io/helm-expt/site/testing.html","Worked Examples · Config Workshop","ng point or the shortest current path to one. I need Start here A database or cache Try the Redis configuration. Render it locally, read the 14 objects, and check the recorded Helm match and install requirements. Cluster mon","https://confighub.github.io/helm-expt/site/testing.html"
"platform","platform-008","5","comprehension","Helm","P-C1","understand when to change a base or a derived variant","https://confighub.github.io/helm-expt/site/how-it-works.html","success","0","19","yes","4","no","4","4","yes","yes","continue","https://confighub.github.io/helm-expt/site/how-it-works.html","Operate · Config Workshop","lready run. cub installer Account upload Bring it into ConfigHub as a base. Public config chains into your private org here. cub variant upload Account release Publish an approved, immutable release with history, so the clus","https://confighub.github.io/helm-expt/site/how-it-works.html"
"platform","platform-009","5","comprehension","Helm","P-C1","understand when to change a base or a derived variant","https://confighub.github.io/helm-expt/site/docs.html","success","0","18","yes","4","no","4","4","yes","yes","continue","https://confighub.github.io/helm-expt/site/docs.html","Docs · Config Workshop","d by the claim. The selected revision must be deployed. Every Catalog base records these answers separately. Missing prerequisites are blocked or not run, not failed conformance. Open the cross-format cases . SOURCE F1 · sou","https://confighub.github.io/helm-expt/site/docs.html"
"platform","platform-010","5","comprehension","Helm","P-C1","understand when to change a base or a derived variant","https://confighub.github.io/helm-expt/site/confighub.html","success","0","21","yes","4","no","4","4","yes","yes","continue","https://confighub.github.io/helm-expt/site/confighub.html","Use ConfigHub · Config Workshop","is is also where public configuration chains into your private org: a base you upload keeps sending you fixes while protection keeps the values you chose. ConfigHub shows exact diffs, promotes reviewed changes from developme","https://confighub.github.io/helm-expt/site/confighub.html"
"platform","platform-011","5","comprehension","Helm","P-C2","understand environment promotion","https://confighub.github.io/helm-expt/site/index.html","success","1","37","no","3","yes","3","3","yes","yes","continue","https://confighub.github.io/helm-expt/site/promote.html","Promote my config · Config Workshop","t going? Current configuration For example: the rendered objects that development or production uses now. Proposed configuration For example: the rendered objects from the new chart version or settings you want to move next. Explai","https://confighub.github.io/helm-expt/site/index.html -> https://confighub.github.io/helm-expt/site/promote.html"
"platform","platform-012","5","comprehension","Helm","P-C2","understand environment promotion","https://confighub.github.io/helm-expt/site/ai.html","success","0","17","yes","3","no","3","3","yes","yes","continue","https://confighub.github.io/helm-expt/site/ai.html","AI with review and evidence · Config Workshop","pull of the immutable public OCI, and a ConfigHub base with a linked development variant. It does not claim a Kubernetes apply, health check, upgrade, rollback, or GitOps delivery. Open the Timoni Redis record · Read the ConfigHub","https://confighub.github.io/helm-expt/site/ai.html"
"platform","platform-013","5","comprehension","Helm","P-C2","understand environment promotion","https://confighub.github.io/helm-expt/site/ask.html","success","0","20","yes","3","no","3","3","yes","yes","continue","https://confighub.github.io/helm-expt/site/ask.html","Check my config · Config Workshop","YAML Other common jobs Render and inspect without applying · Compare development and production · Handle hooks and CRD ordering · Read delivery limits What this page can answer Question What happens here What do I have? The page i","https://confighub.github.io/helm-expt/site/ask.html"
"platform","platform-014","5","comprehension","Helm","P-C2","understand environment promotion","https://confighub.github.io/helm-expt/site/promote.html","success","0","21","yes","3","no","3","3","yes","yes","continue","https://confighub.github.io/helm-expt/site/promote.html","Promote my config · Config Workshop","t going? Current configuration For example: the rendered objects that development or production uses now. Proposed configuration For example: the rendered objects from the new chart version or settings you want to move next. Explai","https://confighub.github.io/helm-expt/site/promote.html"
"platform","platform-015","5","comprehension","Helm","P-C2","understand environment promotion","https://confighub.github.io/helm-expt/site/charts/index.html","success","0","22","yes","3","no","3","3","yes","yes","continue","https://confighub.github.io/helm-expt/site/charts/index.html","Component Catalog · Config Workshop","free build and anonymous OCI pull passed. A ConfigHub base and linked development variant exist. Kubernetes apply, health, upgrade, rollback, and GitOps have not run. Read the Timoni Redis entry · Read the ConfigHub base guide · Re","https://confighub.github.io/helm-expt/site/charts/index.html"
"platform","platform-016","5","comprehension","Helm","P-C2","understand environment promotion","https://confighub.github.io/helm-expt/site/try.html","success","0","17","yes","3","no","3","3","yes","yes","continue","https://confighub.github.io/helm-expt/site/try.html","Try it: Redis in ten minutes · Config Workshop","Promote my config Variants Operations Does the cluster match? Why do dev and prod differ? Offering Why trust it Why trust it Known gaps Evidence index Docs Docs What Config Workshop is Compare What's new Browse Catalog Cat","https://confighub.github.io/helm-expt/site/try.html"
"platform","platform-017","5","comprehension","Helm","P-C2","understand environment promotion","https://confighub.github.io/helm-expt/site/testing.html","success","0","19","yes","3","no","3","3","yes","yes","continue","https://confighub.github.io/helm-expt/site/testing.html","Worked Examples · Config Workshop","Read the review . Can I promote the reviewed change? Move NGINX from development to staging Compare three and four replicas, promote the exact revision in ConfigHub, publish OCI, and record four ready replicas through Argo CD. Che","https://confighub.github.io/helm-expt/site/testing.html"
"platform","platform-018","5","comprehension","Helm","P-C2","understand environment promotion","https://confighub.github.io/helm-expt/site/how-it-works.html","success","0","24","yes","3","no","3","3","yes","yes","continue","https://confighub.github.io/helm-expt/site/how-it-works.html","Operate · Config Workshop","ndle. cub release publish Account promote Move a reviewed change from development to production. cub variant promote Paid govern Run a stack under governance: approvals, releases, rollback, drift, a fleet view. the commercial produ","https://confighub.github.io/helm-expt/site/how-it-works.html"
"platform","platform-019","5","comprehension","Helm","P-C2","understand environment promotion","https://confighub.github.io/helm-expt/site/docs.html","success","0","20","yes","3","no","3","3","yes","yes","continue","https://confighub.github.io/helm-expt/site/docs.html","Docs · Config Workshop","tion How do I make environment variants? Create, compare, and promote development and production variants. How do I test a change before promotion? Compare the exact current result with the candidate for the next stage. The review","https://confighub.github.io/helm-expt/site/docs.html"
"platform","platform-020","5","comprehension","Helm","P-C2","understand environment promotion","https://confighub.github.io/helm-expt/site/confighub.html","success","0","18","yes","3","no","3","3","yes","yes","continue","https://confighub.github.io/helm-expt/site/confighub.html","Use ConfigHub · Config Workshop","ou chose. ConfigHub shows exact diffs, promotes reviewed changes from development to production, and compares approved configuration with your clusters. Upload a reviewed result into ConfigHub Open the tutorial New to cub ? Install","https://confighub.github.io/helm-expt/site/confighub.html"
"platform","platform-021","5","comprehension","Helm","P-C3","understand fleet rollout","https://confighub.github.io/helm-expt/site/index.html","success","0","17","yes","3","no","3","3","yes","yes","continue","https://confighub.github.io/helm-expt/site/index.html","Config Workshop · Understand and test your configuration","lish are ConfigHub itself. cub config , cub app , cub stack , and cub fleet are proposed verbs running today as a plugin prototype, with a receipt behind every run shown here. Underneath, the released cub installer does the p","https://confighub.github.io/helm-expt/site/index.html"
"platform","platform-022","5","comprehension","Helm","P-C3","understand fleet rollout","https://confighub.github.io/helm-expt/site/ai.html","success","1","215","no","2","yes","3","3","yes","yes","continue","https://confighub.github.io/helm-expt/site/stack.html","Stacks and fleets · Config Workshop","Stacks and fleets · Config Workshop Config Workshop AN EXPERIMENTAL TEST SITE FOR CONFIG TOOLS Catalog Platforms and stacks Operate Why trust it Docs ConfigHub Catalo","https://confighub.github.io/helm-expt/site/ai.html -> https://confighub.github.io/helm-expt/site/stack.html"
"platform","platform-023","5","comprehension","Helm","P-C3","understand fleet rollout","https://confighub.github.io/helm-expt/site/ask.html","success","0","21","yes","3","no","3","3","yes","yes","continue","https://confighub.github.io/helm-expt/site/ask.html","Check my config · Config Workshop","elm ignore my values? Worked examples Platforms and stacks Stacks and fleets Build a platform Inference platforms Your assistant Apps on a platform Operate Operate What ConfigHub adds Promote my config Variants Operations Doe","https://confighub.github.io/helm-expt/site/ask.html"
"platform","platform-024","5","comprehension","Helm","P-C3","understand fleet rollout","https://confighub.github.io/helm-expt/site/promote.html","success","0","25","yes","3","no","3","3","yes","yes","continue","https://confighub.github.io/helm-expt/site/promote.html","Promote my config · Config Workshop","elm ignore my values? Worked examples Platforms and stacks Stacks and fleets Build a platform Inference platforms Your assistant Apps on a platform Operate Operate What ConfigHub adds Promote my config Variants Operations Doe","https://confighub.github.io/helm-expt/site/promote.html"
"platform","platform-025","5","comprehension","Helm","P-C3","understand fleet rollout","https://confighub.github.io/helm-expt/site/charts/index.html","success","0","24","yes","3","no","3","3","yes","yes","continue","https://confighub.github.io/helm-expt/site/charts/index.html","Component Catalog · Config Workshop","elm ignore my values? Worked examples Platforms and stacks Stacks and fleets Build a platform Inference platforms Your assistant Apps on a platform Operate Operate What ConfigHub adds Promote my config Variants Operations Doe","https://confighub.github.io/helm-expt/site/charts/index.html"
"platform","platform-026","5","comprehension","Helm","P-C3","understand fleet rollout","https://confighub.github.io/helm-expt/site/try.html","success","1","41","no","2","yes","3","3","yes","yes","continue","https://confighub.github.io/helm-expt/site/testing.html","Worked Examples · Config Workshop","elm ignore my values? Worked examples Platforms and stacks Stacks and fleets Build a platform Inference platforms Your assistant Apps on a platform Operate Operate What ConfigHub adds Promote my config Variants Operations Doe","https://confighub.github.io/helm-expt/site/try.html -> https://confighub.github.io/helm-expt/site/testing.html"
"platform","platform-027","5","comprehension","Helm","P-C3","understand fleet rollout","https://confighub.github.io/helm-expt/site/testing.html","success","0","23","yes","3","no","3","3","yes","yes","continue","https://confighub.github.io/helm-expt/site/testing.html","Worked Examples · Config Workshop","elm ignore my values? Worked examples Platforms and stacks Stacks and fleets Build a platform Inference platforms Your assistant Apps on a platform Operate Operate What ConfigHub adds Promote my config Variants Operations Doe","https://confighub.github.io/helm-expt/site/testing.html"
"platform","platform-028","5","comprehension","Helm","P-C3","understand fleet rollout","https://confighub.github.io/helm-expt/site/how-it-works.html","success","0","20","yes","3","no","3","3","yes","yes","continue","https://confighub.github.io/helm-expt/site/how-it-works.html","Operate · Config Workshop","elm ignore my values? Worked examples Platforms and stacks Stacks and fleets Build a platform Inference platforms Your assistant Apps on a platform Operate Operate What ConfigHub adds Promote my config Variants Operations Doe","https://confighub.github.io/helm-expt/site/how-it-works.html"
"platform","platform-029","5","comprehension","Helm","P-C3","understand fleet rollout","https://confighub.github.io/helm-expt/site/docs.html","success","0","21","yes","3","no","3","3","yes","yes","continue","https://confighub.github.io/helm-expt/site/docs.html","Docs · Config Workshop","elm ignore my values? Worked examples Platforms and stacks Stacks and fleets Build a platform Inference platforms Your assistant Apps on a platform Operate Operate What ConfigHub adds Promote my config Variants Operations Doe","https://confighub.github.io/helm-expt/site/docs.html"
"platform","platform-030","5","comprehension","Helm","P-C3","understand fleet rollout","https://confighub.github.io/helm-expt/site/confighub.html","success","0","19","yes","3","no","3","3","yes","yes","continue","https://confighub.github.io/helm-expt/site/confighub.html","Use ConfigHub · Config Workshop","elm ignore my values? Worked examples Platforms and stacks Stacks and fleets Build a platform Inference platforms Your assistant Apps on a platform Operate Operate What ConfigHub adds Promote my config Variants Operations Doe","https://confighub.github.io/helm-expt/site/confighub.html"
"platform","platform-031","5","comprehension","Helm","P-C4","understand account and cluster boundaries","https://confighub.github.io/helm-expt/site/index.html","success","0","20","yes","3","no","3","3","yes","yes","continue","https://confighub.github.io/helm-expt/site/index.html","Config Workshop · Understand and test your configuration","lt you can keep. It runs on your laptop, and you can start without an account. Keep what you approve as files or OCI , or upload it to ConfigHub when your team needs a shared record. I use Helm I run Flux or Argo CD I want a pl","https://confighub.github.io/helm-expt/site/index.html"
"platform","platform-032","5","comprehension","Helm","P-C4","understand account and cluster boundaries","https://confighub.github.io/helm-expt/site/ai.html","success","1","40","no","2","yes","3","3","yes","yes","continue","https://confighub.github.io/helm-expt/site/does-cluster-match-approved-config.html","Does the cluster match what we approved? · Config Workshop","coverage before treating a clean result as a match. Needs a ConfigHub account and a Kubernetes cluster for a standing comparison. See one example Our live gap test changed replicas and a container environment variable. The curr","https://confighub.github.io/helm-expt/site/ai.html -> https://confighub.github.io/helm-expt/site/does-cluster-match-approved-config.html"
"platform","platform-033","5","comprehension","Helm","P-C4","understand account and cluster boundaries","https://confighub.github.io/helm-expt/site/ask.html","success","2","146","no","2","no","3","3","yes","yes","continue","https://confighub.github.io/helm-expt/site/does-cluster-match-approved-config.html","Does the cluster match what we approved? · Config Workshop","coverage before treating a clean result as a match. Needs a ConfigHub account and a Kubernetes cluster for a standing comparison. See one example Our live gap test changed replicas and a container environment variable. The curr","https://confighub.github.io/helm-expt/site/ask.html -> https://confighub.github.io/helm-expt/site/d/data/apply-policy-functional-proof/summary.html -> https://confighub.github.io/helm-expt/site/does-cluster-match-approved-config.html"
"platform","platform-034","5","comprehension","Helm","P-C4","understand account and cluster boundaries","https://confighub.github.io/helm-expt/site/promote.html","success","0","24","yes","3","no","3","3","yes","yes","continue","https://confighub.github.io/helm-expt/site/promote.html","Promote my config · Config Workshop","and previews the move. Promoting the reviewed change for real is the account step, run with cub variant promote . The same process applies to a platform component, a developer tool, or an application. Each can move independent","https://confighub.github.io/helm-expt/site/promote.html"
"platform","platform-035","5","comprehension","Helm","P-C4","understand account and cluster boundaries","https://confighub.github.io/helm-expt/site/charts/index.html","success","0","25","yes","3","no","3","3","yes","yes","continue","https://confighub.github.io/helm-expt/site/charts/index.html","Component Catalog · Config Workshop","ceipt The plugin: github.com/confighub/cub-workshop , one install, no account. Each entry separates four answers: what the source contains, what it produces, whether a named destination can accept it, and what happened after de","https://confighub.github.io/helm-expt/site/charts/index.html"
"platform","platform-036","5","comprehension","Helm","P-C4","understand account and cluster boundaries","https://confighub.github.io/helm-expt/site/try.html","success","0","18","yes","3","no","3","3","yes","yes","continue","https://confighub.github.io/helm-expt/site/try.html","Try it: Redis in ten minutes · Config Workshop","g at. Everything happens on your machine, so you can run this with no account and no cluster. Limits. This renders and inspects. Nothing is applied. Keep this reviewed result in ConfigHub once you want to change it with your te","https://confighub.github.io/helm-expt/site/try.html"
"platform","platform-037","5","comprehension","Helm","P-C4","understand account and cluster boundaries","https://confighub.github.io/helm-expt/site/testing.html","success","0","20","yes","3","no","3","3","yes","yes","continue","https://confighub.github.io/helm-expt/site/testing.html","Worked Examples · Config Workshop","ipe, or inspect the exact CPU-starter Applications and OCI without an account, cluster, or GPU. Then continue to the NIM and EKS examples below. An internal developer platform Build a small platform with Catalog components, Kub","https://confighub.github.io/helm-expt/site/testing.html"
"platform","platform-038","5","comprehension","Helm","P-C4","understand account and cluster boundaries","https://confighub.github.io/helm-expt/site/how-it-works.html","success","0","20","yes","3","no","3","3","yes","yes","continue","https://confighub.github.io/helm-expt/site/how-it-works.html","Operate · Config Workshop","e ladder whatever it started as. The first rungs are free and need no account. The next need a ConfigHub account. The last is the commercial product. Each step is a real command or surface. Rung Verb What it does Command or sur","https://confighub.github.io/helm-expt/site/how-it-works.html"
"platform","platform-039","5","comprehension","Helm","P-C4","understand account and cluster boundaries","https://confighub.github.io/helm-expt/site/docs.html","success","0","21","yes","3","no","3","3","yes","yes","continue","https://confighub.github.io/helm-expt/site/docs.html","Docs · Config Workshop","age? Try Redis for a short local exercise with no server, cluster, or account. Can I try one AICR configuration without a GPU? Pull and verify the seven-Application CPU starter, then write it as a local OCI without ConfigHub or","https://confighub.github.io/helm-expt/site/docs.html"
"platform","platform-040","5","comprehension","Helm","P-C4","understand account and cluster boundaries","https://confighub.github.io/helm-expt/site/confighub.html","success","0","19","yes","3","no","3","3","yes","yes","continue","https://confighub.github.io/helm-expt/site/confighub.html","Use ConfigHub · Config Workshop","figuration into ConfigHub, then release and promote Needs a ConfigHub account Uploading a reviewed configuration into ConfigHub is the step that needs an account. From there you release it so a cluster pulls it, and promote it","https://confighub.github.io/helm-expt/site/confighub.html"
"platform","platform-041","5","navigation","Helm","P-N1","find the variants guide","https://confighub.github.io/helm-expt/site/index.html","success","0","18","yes","2","no","2","2","yes","yes","continue","https://confighub.github.io/helm-expt/site/index.html","Config Workshop · Understand and test your configuration","the reviewed YAML, then publish a release pinned to its digest $ cub variant upload --component redis --variant base redis.yaml $ cub release publish redis-app # your Argo CD or Flux pulls that digest; receipts on the deployme","https://confighub.github.io/helm-expt/site/index.html"
"platform","platform-042","5","navigation","Helm","P-N1","find the variants guide","https://confighub.github.io/helm-expt/site/ai.html","success","0","19","yes","2","no","2","2","yes","yes","continue","https://confighub.github.io/helm-expt/site/ai.html","AI with review and evidence · Config Workshop","s on a platform Operate Operate What ConfigHub adds Promote my config Variants Operations Does the cluster match? Why do dev and prod differ? Offering Why trust it Why trust it Known gaps Evidence index Docs Docs What Config Wo","https://confighub.github.io/helm-expt/site/ai.html"
"platform","platform-043","5","navigation","Helm","P-N1","find the variants guide","https://confighub.github.io/helm-expt/site/ask.html","success","0","20","yes","2","no","2","2","yes","yes","continue","https://confighub.github.io/helm-expt/site/ask.html","Check my config · Config Workshop","s on a platform Operate Operate What ConfigHub adds Promote my config Variants Operations Does the cluster match? Why do dev and prod differ? Offering Why trust it Why trust it Known gaps Evidence index Docs Docs What Config Wo","https://confighub.github.io/helm-expt/site/ask.html"
"platform","platform-044","5","navigation","Helm","P-N1","find the variants guide","https://confighub.github.io/helm-expt/site/promote.html","success","0","22","yes","2","no","2","2","yes","yes","continue","https://confighub.github.io/helm-expt/site/promote.html","Promote my config · Config Workshop","s on a platform Operate Operate What ConfigHub adds Promote my config Variants Operations Does the cluster match? Why do dev and prod differ? Offering Why trust it Why trust it Known gaps Evidence index Docs Docs What Config Wo","https://confighub.github.io/helm-expt/site/promote.html"
"platform","platform-045","5","navigation","Helm","P-N1","find the variants guide","https://confighub.github.io/helm-expt/site/charts/index.html","success","0","23","yes","2","no","2","2","yes","yes","continue","https://confighub.github.io/helm-expt/site/charts/index.html","Component Catalog · Config Workshop","s on a platform Operate Operate What ConfigHub adds Promote my config Variants Operations Does the cluster match? Why do dev and prod differ? Offering Why trust it Why trust it Known gaps Evidence index Docs Docs What Config Wo","https://confighub.github.io/helm-expt/site/charts/index.html"
"platform","platform-046","5","navigation","Helm","P-N1","find the variants guide","https://confighub.github.io/helm-expt/site/try.html","success","0","19","yes","2","no","2","2","yes","yes","continue","https://confighub.github.io/helm-expt/site/try.html","Try it: Redis in ten minutes · Config Workshop","s on a platform Operate Operate What ConfigHub adds Promote my config Variants Operations Does the cluster match? Why do dev and prod differ? Offering Why trust it Why trust it Known gaps Evidence index Docs Docs What Config Wo","https://confighub.github.io/helm-expt/site/try.html"
"platform","platform-047","5","navigation","Helm","P-N1","find the variants guide","https://confighub.github.io/helm-expt/site/testing.html","success","0","21","yes","2","no","2","2","yes","yes","continue","https://confighub.github.io/helm-expt/site/testing.html","Worked Examples · Config Workshop","s on a platform Operate Operate What ConfigHub adds Promote my config Variants Operations Does the cluster match? Why do dev and prod differ? Offering Why trust it Why trust it Known gaps Evidence index Docs Docs What Config Wo","https://confighub.github.io/helm-expt/site/testing.html"
"platform","platform-048","5","navigation","Helm","P-N1","find the variants guide","https://confighub.github.io/helm-expt/site/how-it-works.html","success","0","20","yes","2","no","2","2","yes","yes","continue","https://confighub.github.io/helm-expt/site/how-it-works.html","Operate · Config Workshop","s on a platform Operate Operate What ConfigHub adds Promote my config Variants Operations Does the cluster match? Why do dev and prod differ? Offering Why trust it Why trust it Known gaps Evidence index Docs Docs What Config Wo","https://confighub.github.io/helm-expt/site/how-it-works.html"
"platform","platform-049","5","navigation","Helm","P-N1","find the variants guide","https://confighub.github.io/helm-expt/site/docs.html","success","0","18","yes","2","no","2","2","yes","yes","continue","https://confighub.github.io/helm-expt/site/docs.html","Docs · Config Workshop","s on a platform Operate Operate What ConfigHub adds Promote my config Variants Operations Does the cluster match? Why do dev and prod differ? Offering Why trust it Why trust it Known gaps Evidence index Docs Docs What Config Wo","https://confighub.github.io/helm-expt/site/docs.html"
"platform","platform-050","5","navigation","Helm","P-N1","find the variants guide","https://confighub.github.io/helm-expt/site/confighub.html","success","0","20","yes","2","no","2","2","yes","yes","continue","https://confighub.github.io/helm-expt/site/confighub.html","Use ConfigHub · Config Workshop","s on a platform Operate Operate What ConfigHub adds Promote my config Variants Operations Does the cluster match? Why do dev and prod differ? Offering Why trust it Why trust it Known gaps Evidence index Docs Docs What Config Wo","https://confighub.github.io/helm-expt/site/confighub.html"
"platform","platform-051","5","navigation","Helm","P-N2","find a promotion example","https://confighub.github.io/helm-expt/site/index.html","success","0","19","yes","2","no","2","2","yes","yes","continue","https://confighub.github.io/helm-expt/site/index.html","Config Workshop · Understand and test your configuration","nd keep the files or OCI. With ConfigHub: retain the accepted result, promote it, and compare it with live systems. 1. I need a configuration 112 components Choose the job you need done. Start from a tested configuration, an ex","https://confighub.github.io/helm-expt/site/index.html"
"platform","platform-052","5","navigation","Helm","P-N2","find a promotion example","https://confighub.github.io/helm-expt/site/ai.html","success","0","20","yes","2","no","2","2","yes","yes","continue","https://confighub.github.io/helm-expt/site/ai.html","AI with review and evidence · Config Workshop","Your assistant Apps on a platform Operate Operate What ConfigHub adds Promote my config Variants Operations Does the cluster match? Why do dev and prod differ? Offering Why trust it Why trust it Known gaps Evidence index Docs D","https://confighub.github.io/helm-expt/site/ai.html"
"platform","platform-053","5","navigation","Helm","P-N2","find a promotion example","https://confighub.github.io/helm-expt/site/ask.html","success","0","21","yes","2","no","2","2","yes","yes","continue","https://confighub.github.io/helm-expt/site/ask.html","Check my config · Config Workshop","Your assistant Apps on a platform Operate Operate What ConfigHub adds Promote my config Variants Operations Does the cluster match? Why do dev and prod differ? Offering Why trust it Why trust it Known gaps Evidence index Docs D","https://confighub.github.io/helm-expt/site/ask.html"
"platform","platform-054","5","navigation","Helm","P-N2","find a promotion example","https://confighub.github.io/helm-expt/site/promote.html","success","0","22","yes","2","no","2","2","yes","yes","continue","https://confighub.github.io/helm-expt/site/promote.html","Promote my config · Config Workshop","Promote my config · Config Workshop Config Workshop AN EXPERIMENTAL TEST SITE FOR CONFIG TOOLS Catalog Platforms and stacks Operate Why trust it Docs ConfigH","https://confighub.github.io/helm-expt/site/promote.html"
"platform","platform-055","5","navigation","Helm","P-N2","find a promotion example","https://confighub.github.io/helm-expt/site/charts/index.html","success","0","23","yes","2","no","2","2","yes","yes","continue","https://confighub.github.io/helm-expt/site/charts/index.html","Component Catalog · Config Workshop","Your assistant Apps on a platform Operate Operate What ConfigHub adds Promote my config Variants Operations Does the cluster match? Why do dev and prod differ? Offering Why trust it Why trust it Known gaps Evidence index Docs D","https://confighub.github.io/helm-expt/site/charts/index.html"
"platform","platform-056","5","navigation","Helm","P-N2","find a promotion example","https://confighub.github.io/helm-expt/site/try.html","success","0","19","yes","2","no","2","2","yes","yes","continue","https://confighub.github.io/helm-expt/site/try.html","Try it: Redis in ten minutes · Config Workshop","Your assistant Apps on a platform Operate Operate What ConfigHub adds Promote my config Variants Operations Does the cluster match? Why do dev and prod differ? Offering Why trust it Why trust it Known gaps Evidence index Docs D","https://confighub.github.io/helm-expt/site/try.html"
"platform","platform-057","5","navigation","Helm","P-N2","find a promotion example","https://confighub.github.io/helm-expt/site/testing.html","success","0","21","yes","2","no","2","2","yes","yes","continue","https://confighub.github.io/helm-expt/site/testing.html","Worked Examples · Config Workshop","Your assistant Apps on a platform Operate Operate What ConfigHub adds Promote my config Variants Operations Does the cluster match? Why do dev and prod differ? Offering Why trust it Why trust it Known gaps Evidence index Docs D","https://confighub.github.io/helm-expt/site/testing.html"
"platform","platform-058","5","navigation","Helm","P-N2","find a promotion example","https://confighub.github.io/helm-expt/site/how-it-works.html","success","0","20","yes","2","no","2","2","yes","yes","continue","https://confighub.github.io/helm-expt/site/how-it-works.html","Operate · Config Workshop","Your assistant Apps on a platform Operate Operate What ConfigHub adds Promote my config Variants Operations Does the cluster match? Why do dev and prod differ? Offering Why trust it Why trust it Known gaps Evidence index Docs D","https://confighub.github.io/helm-expt/site/how-it-works.html"
"platform","platform-059","5","navigation","Helm","P-N2","find a promotion example","https://confighub.github.io/helm-expt/site/docs.html","success","0","22","yes","2","no","2","2","yes","yes","continue","https://confighub.github.io/helm-expt/site/docs.html","Docs · Config Workshop","Your assistant Apps on a platform Operate Operate What ConfigHub adds Promote my config Variants Operations Does the cluster match? Why do dev and prod differ? Offering Why trust it Why trust it Known gaps Evidence index Docs D","https://confighub.github.io/helm-expt/site/docs.html"
"platform","platform-060","5","navigation","Helm","P-N2","find a promotion example","https://confighub.github.io/helm-expt/site/confighub.html","success","0","20","yes","2","no","2","2","yes","yes","continue","https://confighub.github.io/helm-expt/site/confighub.html","Use ConfigHub · Config Workshop","Your assistant Apps on a platform Operate Operate What ConfigHub adds Promote my config Variants Operations Does the cluster match? Why do dev and prod differ? Offering Why trust it Why trust it Known gaps Evidence index Docs D","https://confighub.github.io/helm-expt/site/confighub.html"
"platform","platform-061","5","navigation","AICR","P-N3","find the AICR platform example","https://confighub.github.io/helm-expt/site/index.html","success","0","19","yes","3","no","3","3","yes","yes","continue","https://confighub.github.io/helm-expt/site/index.html","Config Workshop · Understand and test your configuration","Platforms and stacks Operate Why trust it Docs ConfigHub Helm first · AICR, Timoni, OCI and YAML examples See what your configuration will do Bring the configuration you or your AI just created. Config Workshop renders it to","https://confighub.github.io/helm-expt/site/index.html"
"platform","platform-062","5","navigation","AICR","P-N3","find the AICR platform example","https://confighub.github.io/helm-expt/site/ai.html","success","0","20","yes","3","no","3","3","yes","yes","continue","https://confighub.github.io/helm-expt/site/ai.html","AI with review and evidence · Config Workshop","st have been deployed, and the required live check must have run. For AICR, snapshot and diff inspect existing GPU nodes without a recipe or Catalog match. A recipe-dependent expected-resources check applies only after those","https://confighub.github.io/helm-expt/site/ai.html"
"platform","platform-063","5","navigation","AICR","P-N3","find the AICR platform example","https://confighub.github.io/helm-expt/site/ask.html","success","0","22","yes","3","no","3","3","yes","yes","continue","https://confighub.github.io/helm-expt/site/ask.html","Check my config · Config Workshop","o inspect the source, values, or package. What will it produce? Helm, AICR, Timoni, or another source tool runs on your machine. The browser checks its output; it does not run the source processor. Can this destination accep","https://confighub.github.io/helm-expt/site/ask.html"
"platform","platform-064","5","navigation","AICR","P-N3","find the AICR platform example","https://confighub.github.io/helm-expt/site/promote.html","success","0","24","yes","3","no","3","3","yes","yes","continue","https://confighub.github.io/helm-expt/site/promote.html","Promote my config · Config Workshop","file hashes. On the command line: create those object sets with Helm, AICR, OCI, or another source tool. Then use the generated cub variant commands to preview and run the managed promotion. See the website and command-line","https://confighub.github.io/helm-expt/site/promote.html"
"platform","platform-065","5","navigation","AICR","P-N3","find the AICR platform example","https://confighub.github.io/helm-expt/site/charts/index.html","success","0","22","yes","3","no","3","3","yes","yes","continue","https://confighub.github.io/helm-expt/site/charts/index.html","Component Catalog · Config Workshop","AI infrastructure section starts with a CPU model and continues into AICR, NIM, and EKS. A new review adds a version instead of replacing the package you already used. If your chart, version, or question is missing, check y","https://confighub.github.io/helm-expt/site/charts/index.html"
"platform","platform-066","5","navigation","AICR","P-N3","find the AICR platform example","https://confighub.github.io/helm-expt/site/try.html","success","0","21","yes","3","no","3","3","yes","yes","continue","https://confighub.github.io/helm-expt/site/try.html","Try it: Redis in ten minutes · Config Workshop","ur configuration with your AI assistant . Other paths: choose a Helm, AICR, OCI, YAML, promotion, or fleet example , continue the detailed Redis walkthrough , or keep the result in ConfigHub . The first three steps use no Co","https://confighub.github.io/helm-expt/site/try.html"
"platform","platform-067","5","navigation","AICR","P-N3","find the AICR platform example","https://confighub.github.io/helm-expt/site/testing.html","success","0","21","yes","3","no","3","3","yes","yes","continue","https://confighub.github.io/helm-expt/site/testing.html","Worked Examples · Config Workshop","tup work that rendered YAML does not explain. AI inference Start with AICR. Compare existing GPU nodes without a recipe, or inspect the exact CPU-starter Applications and OCI without an account, cluster, or GPU. Then continu","https://confighub.github.io/helm-expt/site/testing.html"
"platform","platform-068","5","navigation","AICR","P-N3","find the AICR platform example","https://confighub.github.io/helm-expt/site/how-it-works.html","success","0","18","yes","3","no","3","3","yes","yes","continue","https://confighub.github.io/helm-expt/site/how-it-works.html","Operate · Config Workshop","ve inspected the Kubernetes objects. They may have come from Helm, an AICR recipe for AI infrastructure, cub installer, OCI, or plain YAML. This is the third of the three things Config Workshop is : operating apps, platforms","https://confighub.github.io/helm-expt/site/how-it-works.html"
"platform","platform-069","5","navigation","AICR","P-N3","find the AICR platform example","https://confighub.github.io/helm-expt/site/docs.html","success","0","20","yes","3","no","3","3","yes","yes","continue","https://confighub.github.io/helm-expt/site/docs.html","Docs · Config Workshop","k through an example like yours : start from your own Helm values, an AICR recipe, an OCI package, or Kubernetes YAML. Follow one package end to end : take a single Redis configuration through pulling, verifying, changing, a","https://confighub.github.io/helm-expt/site/docs.html"
"platform","platform-070","5","navigation","AICR","P-N3","find the AICR platform example","https://confighub.github.io/helm-expt/site/confighub.html","success","1","35","no","2","yes","3","3","yes","yes","continue","https://confighub.github.io/helm-expt/site/testing.html#platforms","Worked Examples · Config Workshop","tup work that rendered YAML does not explain. AI inference Start with AICR. Compare existing GPU nodes without a recipe, or inspect the exact CPU-starter Applications and OCI without an account, cluster, or GPU. Then continu","https://confighub.github.io/helm-expt/site/confighub.html -> https://confighub.github.io/helm-expt/site/testing.html#platforms"
"platform","platform-071","5","navigation","YAML","P-N4","find existing YAML app adoption","https://confighub.github.io/helm-expt/site/index.html","success","0","19","yes","3","no","3","3","yes","yes","continue","https://confighub.github.io/helm-expt/site/index.html","Config Workshop · Understand and test your configuration","ort Redis example , choose a deployment method , or compare this with existing tools . Common questions Four common Helm questions These appeared most often in a review of 40 recent public Helm discussions. This is a small resea","https://confighub.github.io/helm-expt/site/index.html"
"platform","platform-072","5","navigation","YAML","P-N4","find existing YAML app adoption","https://confighub.github.io/helm-expt/site/ai.html","success","0","21","yes","3","no","3","3","yes","yes","continue","https://confighub.github.io/helm-expt/site/ai.html","AI with review and evidence · Config Workshop","equired live check must have run. For AICR, snapshot and diff inspect existing GPU nodes without a recipe or Catalog match. A recipe-dependent expected-resources check applies only after those components have been deployed. Star","https://confighub.github.io/helm-expt/site/ai.html"
"platform","platform-073","5","navigation","YAML","P-N4","find existing YAML app adoption","https://confighub.github.io/helm-expt/site/ask.html","success","0","21","yes","3","no","3","3","yes","yes","continue","https://confighub.github.io/helm-expt/site/ask.html","Check my config · Config Workshop","CI, Git, or live Kubernetes output. Everything stays on your machine. Existing configuration No comparison; check the candidate by itself Another chart version Installed Helm release Local YAML files OCI package Git path or revi","https://confighub.github.io/helm-expt/site/ask.html"
"platform","platform-074","5","navigation","YAML","P-N4","find existing YAML app adoption","https://confighub.github.io/helm-expt/site/promote.html","success","0","22","yes","3","no","3","3","yes","yes","continue","https://confighub.github.io/helm-expt/site/promote.html","Promote my config · Config Workshop","it Current result Redis example: both inputs use the catalog's reuse-existing-secret configuration. The default configuration is not used because it can generate or reuse a password during rendering. Both inputs also contain th","https://confighub.github.io/helm-expt/site/promote.html"
"platform","platform-075","5","navigation","YAML","P-N4","find existing YAML app adoption","https://confighub.github.io/helm-expt/site/charts/index.html","success","0","23","yes","3","no","3","3","yes","yes","continue","https://confighub.github.io/helm-expt/site/charts/index.html","Component Catalog · Config Workshop","lookup, generated facts, tpl templates, Kubernetes API capabilities; Existing secret (chart ships no Secret toggle) default: safe-to-flatten 11.4.29 : legacy , default 2 packaged configurations bitnami/contour Networking and in","https://confighub.github.io/helm-expt/site/charts/index.html"
"platform","platform-076","5","navigation","YAML","P-N4","find existing YAML app adoption","https://confighub.github.io/helm-expt/site/try.html","success","0","18","yes","3","no","3","3","yes","yes","continue","https://confighub.github.io/helm-expt/site/try.html","Try it: Redis in ten minutes · Config Workshop","24e05b341ef5000f1798e6014b72b8bc3dce9f315285871037af2a \ --base reuse-existing-secret \ --work-dir ./redis \ --namespace redis \ --non-interactive \ --output-oci ./redis-25.oci The chart renders 13 objects. cub installer adds on","https://confighub.github.io/helm-expt/site/try.html"
"platform","platform-077","5","navigation","YAML","P-N4","find existing YAML app adoption","https://confighub.github.io/helm-expt/site/testing.html","success","0","19","yes","3","no","3","3","yes","yes","continue","https://confighub.github.io/helm-expt/site/testing.html","Worked Examples · Config Workshop","rendered YAML does not explain. AI inference Start with AICR. Compare existing GPU nodes without a recipe, or inspect the exact CPU-starter Applications and OCI without an account, cluster, or GPU. Then continue to the NIM and E","https://confighub.github.io/helm-expt/site/testing.html"
"platform","platform-078","5","navigation","YAML","P-N4","find existing YAML app adoption","https://confighub.github.io/helm-expt/site/how-it-works.html","success","0","19","yes","3","no","3","3","yes","yes","continue","https://confighub.github.io/helm-expt/site/how-it-works.html","Operate · Config Workshop","this work before deployment. It may include a tested step, require an existing resource, offer another configuration, or block the path. Read the configuration processing model · Decide whether to flatten · How chart hooks are h","https://confighub.github.io/helm-expt/site/how-it-works.html"
"platform","platform-079","5","navigation","YAML","P-N4","find existing YAML app adoption","https://confighub.github.io/helm-expt/site/docs.html","success","0","20","yes","3","no","3","3","yes","yes","continue","https://confighub.github.io/helm-expt/site/docs.html","Docs · Config Workshop","charts and values stay on your machine. How do I add ConfigHub to an existing Kubara platform? Keep Kubara's component selection and generated topology, with Argo reconciliation intact, while following one six-step adoption tut","https://confighub.github.io/helm-expt/site/docs.html"
"platform","platform-080","5","navigation","YAML","P-N4","find existing YAML app adoption","https://confighub.github.io/helm-expt/site/confighub.html","success","1","126","no","2","yes","3","3","yes","yes","continue","https://confighub.github.io/helm-expt/site/apps.html","Apps on a platform · Config Workshop","xamples · Learn ConfigHub 1. Start from the system that owns it today Existing systems carry history. Old chart versions, local patches and hand-created Secrets accumulate, and so do controller-generated fields and cluster-speci","https://confighub.github.io/helm-expt/site/confighub.html -> https://confighub.github.io/helm-expt/site/apps.html"
"platform","platform-081","5","action","Helm","P-A1","save a base configuration","https://confighub.github.io/helm-expt/site/index.html","success","0","18","yes","2","no","2","2","yes","yes","continue","https://confighub.github.io/helm-expt/site/index.html","Config Workshop · Understand and test your configuration","pinned to its digest $ cub variant upload --component redis --variant base redis.yaml $ cub release publish redis-app # your Argo CD or Flux pulls that digest; receipts on the deployment page Where these commands come from.","https://confighub.github.io/helm-expt/site/index.html"
"platform","platform-082","5","action","Helm","P-A1","save a base configuration","https://confighub.github.io/helm-expt/site/ai.html","success","0","19","yes","2","no","2","2","yes","yes","continue","https://confighub.github.io/helm-expt/site/ai.html","AI with review and evidence · Config Workshop","version and digest did you ask about, and which areas have evidence? base-variant-records.json Where did the configuration come from, which exact objects were produced, and what lifecycle, ownership, OCI, and delivery recor","https://confighub.github.io/helm-expt/site/ai.html"
"platform","platform-083","5","action","Helm","P-A1","save a base configuration","https://confighub.github.io/helm-expt/site/ask.html","success","0","20","yes","2","no","2","2","yes","yes","continue","https://confighub.github.io/helm-expt/site/ask.html","Check my config · Config Workshop","record If the candidate starts from a Catalog configuration, add its BaseVariantRecord . It connects the source, rendered objects, OCI package, prerequisites, lifecycle routes, policy, and evidence status. Add the result fr","https://confighub.github.io/helm-expt/site/ask.html"
"platform","platform-084","5","action","Helm","P-A1","save a base configuration","https://confighub.github.io/helm-expt/site/promote.html","success","0","21","yes","2","no","2","2","yes","yes","continue","https://confighub.github.io/helm-expt/site/promote.html","Promote my config · Config Workshop","y after the preview, destination checks, and approval pass. Component Base Space Unit layout minimal per-resource per-file Recorded namespace (optional) Downstream Spaces If a downstream Space does not exist, the preview sho","https://confighub.github.io/helm-expt/site/promote.html"
"platform","platform-085","5","action","Helm","P-A1","save a base configuration","https://confighub.github.io/helm-expt/site/charts/index.html","success","0","22","yes","2","no","2","2","yes","yes","continue","https://confighub.github.io/helm-expt/site/charts/index.html","Component Catalog · Config Workshop","ets Monitoring and logs Networking and ingress Storage and backup Databases and messaging Delivery and automation Cluster operations Web and compute First configuration All Recommended first path Rendering checked; read page","https://confighub.github.io/helm-expt/site/charts/index.html"
"platform","platform-086","5","action","Helm","P-A1","save a base configuration","https://confighub.github.io/helm-expt/site/try.html","success","0","18","yes","2","no","2","2","yes","yes","continue","https://confighub.github.io/helm-expt/site/try.html","Try it: Redis in ten minutes · Config Workshop",":a216ce212424e05b341ef5000f1798e6014b72b8bc3dce9f315285871037af2a \ --base reuse-existing-secret \ --work-dir ./redis \ --namespace redis \ --non-interactive \ --output-oci ./redis-25.oci The chart renders 13 objects. cub in","https://confighub.github.io/helm-expt/site/try.html"
"platform","platform-087","5","action","Helm","P-A1","save a base configuration","https://confighub.github.io/helm-expt/site/testing.html","success","0","19","yes","2","no","2","2","yes","yes","continue","https://confighub.github.io/helm-expt/site/testing.html","Worked Examples · Config Workshop","ng point or the shortest current path to one. I need Start here A database or cache Try the Redis configuration. Render it locally, read the 14 objects, and check the recorded Helm match and install requirements. Cluster mon","https://confighub.github.io/helm-expt/site/testing.html"
"platform","platform-088","5","action","Helm","P-A1","save a base configuration","https://confighub.github.io/helm-expt/site/how-it-works.html","success","0","19","yes","2","no","2","2","yes","yes","continue","https://confighub.github.io/helm-expt/site/how-it-works.html","Operate · Config Workshop","lready run. cub installer Account upload Bring it into ConfigHub as a base. Public config chains into your private org here. cub variant upload Account release Publish an approved, immutable release with history, so the clus","https://confighub.github.io/helm-expt/site/how-it-works.html"
"platform","platform-089","5","action","Helm","P-A1","save a base configuration","https://confighub.github.io/helm-expt/site/docs.html","success","0","18","yes","2","no","2","2","yes","yes","continue","https://confighub.github.io/helm-expt/site/docs.html","Docs · Config Workshop","d by the claim. The selected revision must be deployed. Every Catalog base records these answers separately. Missing prerequisites are blocked or not run, not failed conformance. Open the cross-format cases . SOURCE F1 · sou","https://confighub.github.io/helm-expt/site/docs.html"
"platform","platform-090","5","action","Helm","P-A1","save a base configuration","https://confighub.github.io/helm-expt/site/confighub.html","success","0","21","yes","2","no","2","2","yes","yes","continue","https://confighub.github.io/helm-expt/site/confighub.html","Use ConfigHub · Config Workshop","is is also where public configuration chains into your private org: a base you upload keeps sending you fixes while protection keeps the values you chose. ConfigHub shows exact diffs, promotes reviewed changes from developme","https://confighub.github.io/helm-expt/site/confighub.html"
"platform","platform-091","5","action","Helm","P-A2","create an environment variant","https://confighub.github.io/helm-expt/site/index.html","success","0","20","yes","3","no","3","3","yes","yes","continue","https://confighub.github.io/helm-expt/site/index.html","Config Workshop · Understand and test your configuration","the reviewed YAML, then publish a release pinned to its digest $ cub variant upload --component redis --variant base redis.yaml $ cub release publish redis-app # your Argo CD or Flux pulls that digest; receipts on the deployme","https://confighub.github.io/helm-expt/site/index.html"
"platform","platform-092","5","action","Helm","P-A2","create an environment variant","https://confighub.github.io/helm-expt/site/ai.html","success","2","143","no","2","no","3","3","yes","yes","continue","https://confighub.github.io/helm-expt/site/variants.html","Where a change belongs · Config Workshop","s on a platform Operate Operate What ConfigHub adds Promote my config Variants Operations Does the cluster match? Why do dev and prod differ? Offering Why trust it Why trust it Known gaps Evidence index Docs Docs What Config Wo","https://confighub.github.io/helm-expt/site/ai.html -> https://confighub.github.io/helm-expt/site/d/data/helm-catalog-readmes/spaces/timoni-redis-8-10-1-dev/README.html -> https://confighub.github.io/helm-expt/site/variants.html"
"platform","platform-093","5","action","Helm","P-A2","create an environment variant","https://confighub.github.io/helm-expt/site/ask.html","success","0","21","yes","3","no","3","3","yes","yes","continue","https://confighub.github.io/helm-expt/site/ask.html","Check my config · Config Workshop","s on a platform Operate Operate What ConfigHub adds Promote my config Variants Operations Does the cluster match? Why do dev and prod differ? Offering Why trust it Why trust it Known gaps Evidence index Docs Docs What Config Wo","https://confighub.github.io/helm-expt/site/ask.html"
"platform","platform-094","5","action","Helm","P-A2","create an environment variant","https://confighub.github.io/helm-expt/site/promote.html","success","0","22","yes","3","no","3","3","yes","yes","continue","https://confighub.github.io/helm-expt/site/promote.html","Promote my config · Config Workshop","s on a platform Operate Operate What ConfigHub adds Promote my config Variants Operations Does the cluster match? Why do dev and prod differ? Offering Why trust it Why trust it Known gaps Evidence index Docs Docs What Config Wo","https://confighub.github.io/helm-expt/site/promote.html"
"platform","platform-095","5","action","Helm","P-A2","create an environment variant","https://confighub.github.io/helm-expt/site/charts/index.html","success","2","150","no","2","no","3","3","yes","yes","continue","https://confighub.github.io/helm-expt/site/variants.html","Where a change belongs · Config Workshop","s on a platform Operate Operate What ConfigHub adds Promote my config Variants Operations Does the cluster match? Why do dev and prod differ? Offering Why trust it Why trust it Known gaps Evidence index Docs Docs What Config Wo","https://confighub.github.io/helm-expt/site/charts/index.html -> https://confighub.github.io/helm-expt/site/d/data/helm-catalog-readmes/spaces/timoni-redis-8-10-1-dev/README.html -> https://confighub.github.io/helm-expt/site/variants.html"
"platform","platform-096","5","action","Helm","P-A2","create an environment variant","https://confighub.github.io/helm-expt/site/try.html","success","0","21","yes","3","no","3","3","yes","yes","continue","https://confighub.github.io/helm-expt/site/try.html","Try it: Redis in ten minutes · Config Workshop","s on a platform Operate Operate What ConfigHub adds Promote my config Variants Operations Does the cluster match? Why do dev and prod differ? Offering Why trust it Why trust it Known gaps Evidence index Docs Docs What Config Wo","https://confighub.github.io/helm-expt/site/try.html"
"platform","platform-097","5","action","Helm","P-A2","create an environment variant","https://confighub.github.io/helm-expt/site/testing.html","success","1","35","no","2","yes","3","3","yes","yes","continue","https://confighub.github.io/helm-expt/site/d/docs/user/variants-after-upload.html","After Upload: Create A Variant And Promote Changes · Config Workshop","After Upload: Create A Variant And Promote Changes · Config Workshop Config Workshop AN EXPERIMENTAL TEST SITE FOR CONFIG TOOLS Catalog Platforms and stacks Operate Why trust it Do","https://confighub.github.io/helm-expt/site/testing.html -> https://confighub.github.io/helm-expt/site/d/docs/user/variants-after-upload.html"
"platform","platform-098","5","action","Helm","P-A2","create an environment variant","https://confighub.github.io/helm-expt/site/how-it-works.html","success","0","18","yes","3","no","3","3","yes","yes","continue","https://confighub.github.io/helm-expt/site/how-it-works.html","Operate · Config Workshop","s on a platform Operate Operate What ConfigHub adds Promote my config Variants Operations Does the cluster match? Why do dev and prod differ? Offering Why trust it Why trust it Known gaps Evidence index Docs Docs What Config Wo","https://confighub.github.io/helm-expt/site/how-it-works.html"
"platform","platform-099","5","action","Helm","P-A2","create an environment variant","https://confighub.github.io/helm-expt/site/docs.html","success","0","20","yes","3","no","3","3","yes","yes","continue","https://confighub.github.io/helm-expt/site/docs.html","Docs · Config Workshop","s on a platform Operate Operate What ConfigHub adds Promote my config Variants Operations Does the cluster match? Why do dev and prod differ? Offering Why trust it Why trust it Known gaps Evidence index Docs Docs What Config Wo","https://confighub.github.io/helm-expt/site/docs.html"
"platform","platform-100","5","action","Helm","P-A2","create an environment variant","https://confighub.github.io/helm-expt/site/confighub.html","success","0","18","yes","3","no","3","3","yes","yes","continue","https://confighub.github.io/helm-expt/site/confighub.html","Use ConfigHub · Config Workshop","s on a platform Operate Operate What ConfigHub adds Promote my config Variants Operations Does the cluster match? Why do dev and prod differ? Offering Why trust it Why trust it Known gaps Evidence index Docs Docs What Config Wo","https://confighub.github.io/helm-expt/site/confighub.html"
"platform","platform-101","5","action","Helm","P-A3","promote development to production","https://confighub.github.io/helm-expt/site/index.html","success","0","17","yes","3","no","3","3","yes","yes","continue","https://confighub.github.io/helm-expt/site/index.html","Config Workshop · Understand and test your configuration","promote it when the answer has to be shared, approved, and moved from development to production. Public config chains into your private org here, and the object digest travels with it. Running AI on GPUs? Inspect a retained AI-plat","https://confighub.github.io/helm-expt/site/index.html"
"platform","platform-102","5","action","Helm","P-A3","promote development to production","https://confighub.github.io/helm-expt/site/ai.html","success","0","17","yes","3","no","3","3","yes","yes","continue","https://confighub.github.io/helm-expt/site/ai.html","AI with review and evidence · Config Workshop","pull of the immutable public OCI, and a ConfigHub base with a linked development variant. It does not claim a Kubernetes apply, health check, upgrade, rollback, or GitOps delivery. Open the Timoni Redis record · Read the ConfigHub","https://confighub.github.io/helm-expt/site/ai.html"
"platform","platform-103","5","action","Helm","P-A3","promote development to production","https://confighub.github.io/helm-expt/site/ask.html","success","0","21","yes","3","no","3","3","yes","yes","continue","https://confighub.github.io/helm-expt/site/ask.html","Check my config · Config Workshop","YAML Other common jobs Render and inspect without applying · Compare development and production · Handle hooks and CRD ordering · Read delivery limits What this page can answer Question What happens here What do I have? The page i","https://confighub.github.io/helm-expt/site/ask.html"
"platform","platform-104","5","action","Helm","P-A3","promote development to production","https://confighub.github.io/helm-expt/site/promote.html","success","0","22","yes","3","no","3","3","yes","yes","continue","https://confighub.github.io/helm-expt/site/promote.html","Promote my config · Config Workshop","t going? Current configuration For example: the rendered objects that development or production uses now. Proposed configuration For example: the rendered objects from the new chart version or settings you want to move next. Explai","https://confighub.github.io/helm-expt/site/promote.html"
"platform","platform-105","5","action","Helm","P-A3","promote development to production","https://confighub.github.io/helm-expt/site/charts/index.html","success","0","24","yes","3","no","3","3","yes","yes","continue","https://confighub.github.io/helm-expt/site/charts/index.html","Component Catalog · Config Workshop","free build and anonymous OCI pull passed. A ConfigHub base and linked development variant exist. Kubernetes apply, health, upgrade, rollback, and GitOps have not run. Read the Timoni Redis entry · Read the ConfigHub base guide · Re","https://confighub.github.io/helm-expt/site/charts/index.html"
"platform","platform-106","5","action","Helm","P-A3","promote development to production","https://confighub.github.io/helm-expt/site/try.html","success","0","21","yes","3","no","3","3","yes","yes","continue","https://confighub.github.io/helm-expt/site/try.html","Try it: Redis in ten minutes · Config Workshop","Promote my config Variants Operations Does the cluster match? Why do dev and prod differ? Offering Why trust it Why trust it Known gaps Evidence index Docs Docs What Config Workshop is Compare What's new Browse Catalog Cat","https://confighub.github.io/helm-expt/site/try.html"
"platform","platform-107","5","action","Helm","P-A3","promote development to production","https://confighub.github.io/helm-expt/site/testing.html","success","0","22","yes","3","no","3","3","yes","yes","continue","https://confighub.github.io/helm-expt/site/testing.html","Worked Examples · Config Workshop","Read the review . Can I promote the reviewed change? Move NGINX from development to staging Compare three and four replicas, promote the exact revision in ConfigHub, publish OCI, and record four ready replicas through Argo CD. Che","https://confighub.github.io/helm-expt/site/testing.html"
"platform","platform-108","5","action","Helm","P-A3","promote development to production","https://confighub.github.io/helm-expt/site/how-it-works.html","success","0","21","yes","3","no","3","3","yes","yes","continue","https://confighub.github.io/helm-expt/site/how-it-works.html","Operate · Config Workshop","ndle. cub release publish Account promote Move a reviewed change from development to production. cub variant promote Paid govern Run a stack under governance: approvals, releases, rollback, drift, a fleet view. the commercial produ","https://confighub.github.io/helm-expt/site/how-it-works.html"
"platform","platform-109","5","action","Helm","P-A3","promote development to production","https://confighub.github.io/helm-expt/site/docs.html","success","0","23","yes","3","no","3","3","yes","yes","continue","https://confighub.github.io/helm-expt/site/docs.html","Docs · Config Workshop","tion How do I make environment variants? Create, compare, and promote development and production variants. How do I test a change before promotion? Compare the exact current result with the candidate for the next stage. The review","https://confighub.github.io/helm-expt/site/docs.html"
"platform","platform-110","5","action","Helm","P-A3","promote development to production","https://confighub.github.io/helm-expt/site/confighub.html","success","0","21","yes","3","no","3","3","yes","yes","continue","https://confighub.github.io/helm-expt/site/confighub.html","Use ConfigHub · Config Workshop","ou chose. ConfigHub shows exact diffs, promotes reviewed changes from development to production, and compares approved configuration with your clusters. Upload a reviewed result into ConfigHub Open the tutorial New to cub ? Install","https://confighub.github.io/helm-expt/site/confighub.html"
"platform","platform-111","5","action","Helm","P-A4","assign configuration to a fleet","https://confighub.github.io/helm-expt/site/index.html","success","0","20","yes","3","no","3","3","yes","yes","continue","https://confighub.github.io/helm-expt/site/index.html","Config Workshop · Understand and test your configuration","lish are ConfigHub itself. cub config , cub app , cub stack , and cub fleet are proposed verbs running today as a plugin prototype, with a receipt behind every run shown here. Underneath, the released cub installer does the p","https://confighub.github.io/helm-expt/site/index.html"
"platform","platform-112","5","action","Helm","P-A4","assign configuration to a fleet","https://confighub.github.io/helm-expt/site/ai.html","success","0","23","yes","3","no","3","3","yes","yes","continue","https://confighub.github.io/helm-expt/site/ai.html","AI with review and evidence · Config Workshop","elm ignore my values? Worked examples Platforms and stacks Stacks and fleets Build a platform Inference platforms Your assistant Apps on a platform Operate Operate What ConfigHub adds Promote my config Variants Operations Doe","https://confighub.github.io/helm-expt/site/ai.html"
"platform","platform-113","5","action","Helm","P-A4","assign configuration to a fleet","https://confighub.github.io/helm-expt/site/ask.html","success","0","21","yes","3","no","3","3","yes","yes","continue","https://confighub.github.io/helm-expt/site/ask.html","Check my config · Config Workshop","elm ignore my values? Worked examples Platforms and stacks Stacks and fleets Build a platform Inference platforms Your assistant Apps on a platform Operate Operate What ConfigHub adds Promote my config Variants Operations Doe","https://confighub.github.io/helm-expt/site/ask.html"
"platform","platform-114","5","action","Helm","P-A4","assign configuration to a fleet","https://confighub.github.io/helm-expt/site/promote.html","success","0","24","yes","3","no","3","3","yes","yes","continue","https://confighub.github.io/helm-expt/site/promote.html","Promote my config · Config Workshop","elm ignore my values? Worked examples Platforms and stacks Stacks and fleets Build a platform Inference platforms Your assistant Apps on a platform Operate Operate What ConfigHub adds Promote my config Variants Operations Doe","https://confighub.github.io/helm-expt/site/promote.html"
"platform","platform-115","5","action","Helm","P-A4","assign configuration to a fleet","https://confighub.github.io/helm-expt/site/charts/index.html","success","0","25","yes","3","no","3","3","yes","yes","continue","https://confighub.github.io/helm-expt/site/charts/index.html","Component Catalog · Config Workshop","elm ignore my values? Worked examples Platforms and stacks Stacks and fleets Build a platform Inference platforms Your assistant Apps on a platform Operate Operate What ConfigHub adds Promote my config Variants Operations Doe","https://confighub.github.io/helm-expt/site/charts/index.html"
"platform","platform-116","5","action","Helm","P-A4","assign configuration to a fleet","https://confighub.github.io/helm-expt/site/try.html","success","0","20","yes","3","no","3","3","yes","yes","continue","https://confighub.github.io/helm-expt/site/try.html","Try it: Redis in ten minutes · Config Workshop","elm ignore my values? Worked examples Platforms and stacks Stacks and fleets Build a platform Inference platforms Your assistant Apps on a platform Operate Operate What ConfigHub adds Promote my config Variants Operations Doe","https://confighub.github.io/helm-expt/site/try.html"
"platform","platform-117","5","action","Helm","P-A4","assign configuration to a fleet","https://confighub.github.io/helm-expt/site/testing.html","success","0","22","yes","3","no","3","3","yes","yes","continue","https://confighub.github.io/helm-expt/site/testing.html","Worked Examples · Config Workshop","elm ignore my values? Worked examples Platforms and stacks Stacks and fleets Build a platform Inference platforms Your assistant Apps on a platform Operate Operate What ConfigHub adds Promote my config Variants Operations Doe","https://confighub.github.io/helm-expt/site/testing.html"
"platform","platform-118","5","action","Helm","P-A4","assign configuration to a fleet","https://confighub.github.io/helm-expt/site/how-it-works.html","success","0","21","yes","3","no","3","3","yes","yes","continue","https://confighub.github.io/helm-expt/site/how-it-works.html","Operate · Config Workshop","elm ignore my values? Worked examples Platforms and stacks Stacks and fleets Build a platform Inference platforms Your assistant Apps on a platform Operate Operate What ConfigHub adds Promote my config Variants Operations Doe","https://confighub.github.io/helm-expt/site/how-it-works.html"
"platform","platform-119","5","action","Helm","P-A4","assign configuration to a fleet","https://confighub.github.io/helm-expt/site/docs.html","success","0","23","yes","3","no","3","3","yes","yes","continue","https://confighub.github.io/helm-expt/site/docs.html","Docs · Config Workshop","elm ignore my values? Worked examples Platforms and stacks Stacks and fleets Build a platform Inference platforms Your assistant Apps on a platform Operate Operate What ConfigHub adds Promote my config Variants Operations Doe","https://confighub.github.io/helm-expt/site/docs.html"
"platform","platform-120","5","action","Helm","P-A4","assign configuration to a fleet","https://confighub.github.io/helm-expt/site/confighub.html","success","0","20","yes","3","no","3","3","yes","yes","continue","https://confighub.github.io/helm-expt/site/confighub.html","Use ConfigHub · Config Workshop","elm ignore my values? Worked examples Platforms and stacks Stacks and fleets Build a platform Inference platforms Your assistant Apps on a platform Operate Operate What ConfigHub adds Promote my config Variants Operations Doe","https://confighub.github.io/helm-expt/site/confighub.html"
"platform","platform-121","5","recovery","Helm","P-R1","roll back a promoted release","https://confighub.github.io/helm-expt/site/index.html","success","1","34","no","3","yes","3","3","yes","yes","continue","https://confighub.github.io/helm-expt/site/kubara.html","Build an internal developer platform with Kubara · Config Workshop","tform or its applications need shared variants, approvals, promotion, rollback, or a live fleet view. Argo CD remains the reconciler. If you already run a platform on Flux or Argo, point ConfigHub at the fleet you have and add i","https://confighub.github.io/helm-expt/site/index.html -> https://confighub.github.io/helm-expt/site/kubara.html"
"platform","platform-122","5","recovery","Helm","P-R1","roll back a promoted release","https://confighub.github.io/helm-expt/site/ai.html","success","0","20","yes","3","no","3","3","yes","yes","continue","https://confighub.github.io/helm-expt/site/ai.html","AI with review and evidence · Config Workshop","Did it work? Read controller, resource, workload, runtime, drift, and rollback evidence. The exact revision must have been deployed, and the required live check must have run. For AICR, snapshot and diff inspect existing GPU nod","https://confighub.github.io/helm-expt/site/ai.html"
"platform","platform-123","5","recovery","Helm","P-R1","roll back a promoted release","https://confighub.github.io/helm-expt/site/ask.html","success","0","21","yes","3","no","3","3","yes","yes","continue","https://confighub.github.io/helm-expt/site/ask.html","Check my config · Config Workshop","t before deployment. Record controller, resource, runtime, drift, and rollback results after the exact revision is delivered. Already comparing GPU nodes rather than a deployable configuration? Use AICR snapshot and diff . That","https://confighub.github.io/helm-expt/site/ask.html"
"platform","platform-124","5","recovery","Helm","P-R1","roll back a promoted release","https://confighub.github.io/helm-expt/site/promote.html","success","0","20","yes","3","no","3","3","yes","yes","continue","https://confighub.github.io/helm-expt/site/promote.html","Promote my config · Config Workshop","complete Redis run Open the Redis promotion, two-cluster rollout, and rollback evidence · Redis 25.5.3 · Redis 27.0.0 Test candidates, then promote the one that passed A configuration can answer a smoke test and still be wrong f","https://confighub.github.io/helm-expt/site/promote.html"
"platform","platform-125","5","recovery","Helm","P-R1","roll back a promoted release","https://confighub.github.io/helm-expt/site/charts/index.html","success","0","23","yes","3","no","3","3","yes","yes","continue","https://confighub.github.io/helm-expt/site/charts/index.html","Component Catalog · Config Workshop","ork? The recorded controller, resource, workload, runtime, drift, and rollback results that were actually checked. The exact selected revision must have been deployed. Pick a chart and version. Its page shows the package digest,","https://confighub.github.io/helm-expt/site/charts/index.html"
"platform","platform-126","5","recovery","Helm","P-R1","roll back a promoted release","https://confighub.github.io/helm-expt/site/try.html","success","1","37","no","2","yes","3","3","yes","yes","continue","https://confighub.github.io/helm-expt/site/testing.html","Worked Examples · Config Workshop","d revision and the controller, resource, workload, runtime, drift, or rollback evidence actually collected. An example may answer only one or two questions. Later stages remain blocked or not run until their required input exist","https://confighub.github.io/helm-expt/site/try.html -> https://confighub.github.io/helm-expt/site/testing.html"
"platform","platform-127","5","recovery","Helm","P-R1","roll back a promoted release","https://confighub.github.io/helm-expt/site/testing.html","success","0","21","yes","3","no","3","3","yes","yes","continue","https://confighub.github.io/helm-expt/site/testing.html","Worked Examples · Config Workshop","d revision and the controller, resource, workload, runtime, drift, or rollback evidence actually collected. An example may answer only one or two questions. Later stages remain blocked or not run until their required input exist","https://confighub.github.io/helm-expt/site/testing.html"
"platform","platform-128","5","recovery","Helm","P-R1","roll back a promoted release","https://confighub.github.io/helm-expt/site/how-it-works.html","success","0","22","yes","3","no","3","3","yes","yes","continue","https://confighub.github.io/helm-expt/site/how-it-works.html","Operate · Config Workshop","romote Paid govern Run a stack under governance: approvals, releases, rollback, drift, a fleet view. the commercial product A stack adds two free rungs: certify checks that a whole composition holds together, and sandbox renders","https://confighub.github.io/helm-expt/site/how-it-works.html"
"platform","platform-129","5","recovery","Helm","P-R1","roll back a promoted release","https://confighub.github.io/helm-expt/site/docs.html","success","0","21","yes","3","no","3","3","yes","yes","continue","https://confighub.github.io/helm-expt/site/docs.html","Docs · Config Workshop","digest. The Redis walkthrough shows one full upgrade, promotion, and rollback. What can a ConfigHub App automate? Apps on ConfigHub includes upgrade, RBAC, and fleet examples, among others. How do I roll a change through a flee","https://confighub.github.io/helm-expt/site/docs.html"
"platform","platform-130","5","recovery","Helm","P-R1","roll back a promoted release","https://confighub.github.io/helm-expt/site/confighub.html","success","0","23","yes","3","no","3","3","yes","yes","continue","https://confighub.github.io/helm-expt/site/confighub.html","Use ConfigHub · Config Workshop","bject revision or release digest. External effects remain outside the rollback claim. Redis promotion and rollback Compare desired with live The approved desired objects and a separately dated live observation. Desired and live","https://confighub.github.io/helm-expt/site/confighub.html"
"platform","platform-131","5","recovery","Helm","P-R2","pause or inspect a rollout wave","https://confighub.github.io/helm-expt/site/index.html","success","2","58","no","2","no","3","3","yes","yes","continue","https://confighub.github.io/helm-expt/site/testing.html","Worked Examples · Config Workshop","y config . The advanced examples below continue into promotion, fleet rollout, and repeated operational jobs. 1. What do you need? Read the result before choosing an example Question What an example must show What do I have? Th","https://confighub.github.io/helm-expt/site/index.html -> https://confighub.github.io/helm-expt/site/stack.html#the-fleet -> https://confighub.github.io/helm-expt/site/testing.html"
"platform","platform-132","5","recovery","Helm","P-R2","pause or inspect a rollout wave","https://confighub.github.io/helm-expt/site/ai.html","success","3","159","no","1","yes","3","3","yes","yes","continue","https://confighub.github.io/helm-expt/site/testing.html","Worked Examples · Config Workshop","y config . The advanced examples below continue into promotion, fleet rollout, and repeated operational jobs. 1. What do you need? Read the result before choosing an example Question What an example must show What do I have? Th","https://confighub.github.io/helm-expt/site/ai.html -> https://confighub.github.io/helm-expt/site/proof.html#check-one-claim -> https://confighub.github.io/helm-expt/site/d/docs/user/helm-upgrade-crash-example.html -> https://confighub.github.io/helm-expt/site/testing.html"
"platform","platform-133","5","recovery","Helm","P-R2","pause or inspect a rollout wave","https://confighub.github.io/helm-expt/site/ask.html","success","0","23","yes","3","no","3","3","yes","yes","continue","https://confighub.github.io/helm-expt/site/ask.html","Check my config · Config Workshop","ent and cluster, test the candidate, and promote it through a limited rollout wave. 2 Can I roll back to exactly what ran before? Find a retained rendered revision or OCI digest and restore those exact objects. Keep database mi","https://confighub.github.io/helm-expt/site/ask.html"
"platform","platform-134","5","recovery","Helm","P-R2","pause or inspect a rollout wave","https://confighub.github.io/helm-expt/site/promote.html","success","0","25","yes","3","no","3","3","yes","yes","continue","https://confighub.github.io/helm-expt/site/promote.html","Promote my config · Config Workshop","ands See the complete Redis run Open the Redis promotion, two-cluster rollout, and rollback evidence · Redis 25.5.3 · Redis 27.0.0 Test candidates, then promote the one that passed A configuration can answer a smoke test and st","https://confighub.github.io/helm-expt/site/promote.html"
"platform","platform-135","5","recovery","Helm","P-R2","pause or inspect a rollout wave","https://confighub.github.io/helm-expt/site/charts/index.html","success","1","136","no","2","yes","3","3","yes","yes","continue","https://confighub.github.io/helm-expt/site/charts/argo-cd-argo-rollouts-2-40-9.html","argo-cd/argo-rollouts 2.40.9 · Config Workshop","argo-cd/argo-rollouts 2.40.9 · Config Workshop Config Workshop AN EXPERIMENTAL TEST SITE FOR CONFIG TOOLS Catalog Platforms and stacks Operate Why trust it Docs ConfigHub","https://confighub.github.io/helm-expt/site/charts/index.html -> https://confighub.github.io/helm-expt/site/charts/argo-cd-argo-rollouts-2-40-9.html"
"platform","platform-136","5","recovery","Helm","P-R2","pause or inspect a rollout wave","https://confighub.github.io/helm-expt/site/try.html","success","1","38","no","1","yes","3","3","yes","yes","continue","https://confighub.github.io/helm-expt/site/testing.html","Worked Examples · Config Workshop","y config . The advanced examples below continue into promotion, fleet rollout, and repeated operational jobs. 1. What do you need? Read the result before choosing an example Question What an example must show What do I have? Th","https://confighub.github.io/helm-expt/site/try.html -> https://confighub.github.io/helm-expt/site/testing.html"
"platform","platform-137","5","recovery","Helm","P-R2","pause or inspect a rollout wave","https://confighub.github.io/helm-expt/site/testing.html","success","0","15","yes","3","no","3","3","yes","yes","continue","https://confighub.github.io/helm-expt/site/testing.html","Worked Examples · Config Workshop","y config . The advanced examples below continue into promotion, fleet rollout, and repeated operational jobs. 1. What do you need? Read the result before choosing an example Question What an example must show What do I have? Th","https://confighub.github.io/helm-expt/site/testing.html"
"platform","platform-138","5","recovery","Helm","P-R2","pause or inspect a rollout wave","https://confighub.github.io/helm-expt/site/how-it-works.html","success","1","38","no","2","yes","3","3","yes","yes","continue","https://confighub.github.io/helm-expt/site/testing.html","Worked Examples · Config Workshop","y config . The advanced examples below continue into promotion, fleet rollout, and repeated operational jobs. 1. What do you need? Read the result before choosing an example Question What an example must show What do I have? Th","https://confighub.github.io/helm-expt/site/how-it-works.html -> https://confighub.github.io/helm-expt/site/testing.html"
"platform","platform-139","5","recovery","Helm","P-R2","pause or inspect a rollout wave","https://confighub.github.io/helm-expt/site/docs.html","success","0","20","yes","3","no","3","3","yes","yes","continue","https://confighub.github.io/helm-expt/site/docs.html","Docs · Config Workshop","Sveltos examples for platform configuration, cluster assignments, and rollout evidence. How do I start from an existing application? Start read-only from GitOps, Helm, or a live cluster. What if an upstream registry or its term","https://confighub.github.io/helm-expt/site/docs.html"
"platform","platform-140","5","recovery","Helm","P-R2","pause or inspect a rollout wave","https://confighub.github.io/helm-expt/site/confighub.html","success","1","35","no","2","yes","3","3","yes","yes","continue","https://confighub.github.io/helm-expt/site/testing.html#managed","Worked Examples · Config Workshop","y config . The advanced examples below continue into promotion, fleet rollout, and repeated operational jobs. 1. What do you need? Read the result before choosing an example Question What an example must show What do I have? Th","https://confighub.github.io/helm-expt/site/confighub.html -> https://confighub.github.io/helm-expt/site/testing.html#managed"
"platform","platform-141","5","recovery","Helm","P-R3","find live drift","https://confighub.github.io/helm-expt/site/index.html","success","0","18","yes","3","no","3","3","yes","yes","continue","https://confighub.github.io/helm-expt/site/index.html","Config Workshop · Understand and test your configuration","uccessor . If a version now points at different bytes, run the digest-drift check . Upload it into ConfigHub, release it, and promote it when the answer has to be shared, approved, and moved from development to production. Pu","https://confighub.github.io/helm-expt/site/index.html"
"platform","platform-142","5","recovery","Helm","P-R3","find live drift","https://confighub.github.io/helm-expt/site/ai.html","success","1","35","no","2","yes","3","3","yes","yes","continue","https://confighub.github.io/helm-expt/site/does-cluster-match-approved-config.html","Does the cluster match what we approved? · Config Workshop","e observation remain separate results. Check the record Open the live drift receipt . The plain-English summary shows the detected field and the missed field. Check removal behavior and check field conflicts separately. Do th","https://confighub.github.io/helm-expt/site/ai.html -> https://confighub.github.io/helm-expt/site/does-cluster-match-approved-config.html"
"platform","platform-143","5","recovery","Helm","P-R3","find live drift","https://confighub.github.io/helm-expt/site/ask.html","success","0","21","yes","3","no","3","3","yes","yes","continue","https://confighub.github.io/helm-expt/site/ask.html","Check my config · Config Workshop","it work? Not before deployment. Record controller, resource, runtime, drift, and rollback results after the exact revision is delivered. Already comparing GPU nodes rather than a deployable configuration? Use AICR snapshot an","https://confighub.github.io/helm-expt/site/ask.html"
"platform","platform-144","5","recovery","Helm","P-R3","find live drift","https://confighub.github.io/helm-expt/site/promote.html","success","1","40","no","2","yes","3","3","yes","yes","continue","https://confighub.github.io/helm-expt/site/does-cluster-match-approved-config.html","Does the cluster match what we approved? · Config Workshop","e observation remain separate results. Check the record Open the live drift receipt . The plain-English summary shows the detected field and the missed field. Check removal behavior and check field conflicts separately. Do th","https://confighub.github.io/helm-expt/site/promote.html -> https://confighub.github.io/helm-expt/site/does-cluster-match-approved-config.html"
"platform","platform-145","5","recovery","Helm","P-R3","find live drift","https://confighub.github.io/helm-expt/site/charts/index.html","success","1","42","no","2","yes","3","3","yes","yes","continue","https://confighub.github.io/helm-expt/site/does-cluster-match-approved-config.html","Does the cluster match what we approved? · Config Workshop","e observation remain separate results. Check the record Open the live drift receipt . The plain-English summary shows the detected field and the missed field. Check removal behavior and check field conflicts separately. Do th","https://confighub.github.io/helm-expt/site/charts/index.html -> https://confighub.github.io/helm-expt/site/does-cluster-match-approved-config.html"
"platform","platform-146","5","recovery","Helm","P-R3","find live drift","https://confighub.github.io/helm-expt/site/try.html","success","1","41","no","1","yes","3","3","yes","yes","continue","https://confighub.github.io/helm-expt/site/does-cluster-match-approved-config.html","Does the cluster match what we approved? · Config Workshop","e observation remain separate results. Check the record Open the live drift receipt . The plain-English summary shows the detected field and the missed field. Check removal behavior and check field conflicts separately. Do th","https://confighub.github.io/helm-expt/site/try.html -> https://confighub.github.io/helm-expt/site/does-cluster-match-approved-config.html"
"platform","platform-147","5","recovery","Helm","P-R3","find live drift","https://confighub.github.io/helm-expt/site/testing.html","success","1","43","no","2","yes","3","3","yes","yes","continue","https://confighub.github.io/helm-expt/site/does-cluster-match-approved-config.html","Does the cluster match what we approved? · Config Workshop","e observation remain separate results. Check the record Open the live drift receipt . The plain-English summary shows the detected field and the missed field. Check removal behavior and check field conflicts separately. Do th","https://confighub.github.io/helm-expt/site/testing.html -> https://confighub.github.io/helm-expt/site/does-cluster-match-approved-config.html"
"platform","platform-148","5","recovery","Helm","P-R3","find live drift","https://confighub.github.io/helm-expt/site/how-it-works.html","success","0","19","yes","3","no","3","3","yes","yes","continue","https://confighub.github.io/helm-expt/site/how-it-works.html","Operate · Config Workshop","d govern Run a stack under governance: approvals, releases, rollback, drift, a fleet view. the commercial product A stack adds two free rungs: certify checks that a whole composition holds together, and sandbox renders it for","https://confighub.github.io/helm-expt/site/how-it-works.html"
"platform","platform-149","5","recovery","Helm","P-R3","find live drift","https://confighub.github.io/helm-expt/site/docs.html","success","0","20","yes","3","no","3","3","yes","yes","continue","https://confighub.github.io/helm-expt/site/docs.html","Docs · Config Workshop","les, a saved test record, or a live cluster. How complete is the live drift check? See which fields the current drift check covers and which differences it can still miss. What is not working yet? Read the named limitations a","https://confighub.github.io/helm-expt/site/docs.html"
"platform","platform-150","5","recovery","Helm","P-R3","find live drift","https://confighub.github.io/helm-expt/site/confighub.html","success","1","33","no","2","yes","3","3","yes","yes","continue","https://confighub.github.io/helm-expt/site/does-cluster-match-approved-config.html","Does the cluster match what we approved? · Config Workshop","e observation remain separate results. Check the record Open the live drift receipt . The plain-English summary shows the detected field and the missed field. Check removal behavior and check field conflicts separately. Do th","https://confighub.github.io/helm-expt/site/confighub.html -> https://confighub.github.io/helm-expt/site/does-cluster-match-approved-config.html"
"platform","platform-151","5","recovery","Helm","P-R4","require approval for production","https://confighub.github.io/helm-expt/site/index.html","success","1","129","no","2","yes","3","3","yes","yes","continue","https://confighub.github.io/helm-expt/site/stack.html#the-fleet","Stacks and fleets · Config Workshop","real data behind it: an edit after release, a base that advances, an approval gate that arms, a ChangeOrder that opens. cub fleet status meridian then recomputes the attention tiles from the same queries a components view rende","https://confighub.github.io/helm-expt/site/index.html -> https://confighub.github.io/helm-expt/site/stack.html#the-fleet"
"platform","platform-152","5","recovery","Helm","P-R4","require approval for production","https://confighub.github.io/helm-expt/site/ai.html","success","0","23","yes","3","no","3","3","yes","yes","continue","https://confighub.github.io/helm-expt/site/ai.html","AI with review and evidence · Config Workshop","ConfigHub Use ConfigHub when the accepted objects need team history, approvals, and comparison with live systems. The handoff should keep the same object digest visible before and after upload. One recorded AICR example starts","https://confighub.github.io/helm-expt/site/ai.html"
"platform","platform-153","5","recovery","Helm","P-R4","require approval for production","https://confighub.github.io/helm-expt/site/ask.html","success","0","22","yes","3","no","3","3","yes","yes","continue","https://confighub.github.io/helm-expt/site/ask.html","Check my config · Config Workshop","esult . It checks namespaces, CRDs, server-side apply, prerequisites, approval, release OCI, and Argo CD separately. Or: Check rendered objects in this browser Add the exact rendered candidate. Add a second object set when you w","https://confighub.github.io/helm-expt/site/ask.html"
"platform","platform-154","5","recovery","Helm","P-R4","require approval for production","https://confighub.github.io/helm-expt/site/promote.html","success","0","23","yes","3","no","3","3","yes","yes","continue","https://confighub.github.io/helm-expt/site/promote.html","Promote my config · Config Workshop","e so you can run them only after the preview, destination checks, and approval pass. Component Base Space Unit layout minimal per-resource per-file Recorded namespace (optional) Downstream Spaces If a downstream Space does not e","https://confighub.github.io/helm-expt/site/promote.html"
"platform","platform-155","5","recovery","Helm","P-R4","require approval for production","https://confighub.github.io/helm-expt/site/charts/index.html","success","1","138","no","2","yes","3","3","yes","yes","continue","https://confighub.github.io/helm-expt/site/charts/gatekeeper-gatekeeper-3-22-2.html","gatekeeper/gatekeeper 3.22.2 · Config Workshop","wed the result? Keep it in ConfigHub when you need history, variants, approvals, or delivery. What this page gives you Every chart page follows the same order. Choose a configuration, inspect its objects and setup work, then rea","https://confighub.github.io/helm-expt/site/charts/index.html -> https://confighub.github.io/helm-expt/site/charts/gatekeeper-gatekeeper-3-22-2.html"
"platform","platform-156","5","recovery","Helm","P-R4","require approval for production","https://confighub.github.io/helm-expt/site/try.html","success","1","35","no","2","yes","3","3","yes","yes","continue","https://confighub.github.io/helm-expt/site/testing.html","Worked Examples · Config Workshop","e artifacts. Delivery guide · Argo CD and Flux proof Apply checks and approvals Schema, placeholder, and lifecycle-route checks can block bad configuration. Image and probe checks warn. Selected production and system configurati","https://confighub.github.io/helm-expt/site/try.html -> https://confighub.github.io/helm-expt/site/testing.html"
"platform","platform-157","5","recovery","Helm","P-R4","require approval for production","https://confighub.github.io/helm-expt/site/testing.html","success","0","20","yes","3","no","3","3","yes","yes","continue","https://confighub.github.io/helm-expt/site/testing.html","Worked Examples · Config Workshop","e artifacts. Delivery guide · Argo CD and Flux proof Apply checks and approvals Schema, placeholder, and lifecycle-route checks can block bad configuration. Image and probe checks warn. Selected production and system configurati","https://confighub.github.io/helm-expt/site/testing.html"
"platform","platform-158","5","recovery","Helm","P-R4","require approval for production","https://confighub.github.io/helm-expt/site/how-it-works.html","success","0","20","yes","3","no","3","3","yes","yes","continue","https://confighub.github.io/helm-expt/site/how-it-works.html","Operate · Config Workshop","Use it when you need to track changes across environments, require an approval before production, or roll back to a recorded release. Start with what ConfigHub adds . 1. Choose what happens next The whole path, one ladder A conf","https://confighub.github.io/helm-expt/site/how-it-works.html"
"platform","platform-159","5","recovery","Helm","P-R4","require approval for production","https://confighub.github.io/helm-expt/site/docs.html","success","0","21","yes","3","no","3","3","yes","yes","continue","https://confighub.github.io/helm-expt/site/docs.html","Docs · Config Workshop","hanges a base after render. It can set the target, region, labels, or approvals, or edit an exact object field. Create one per environment from a single base. ConfigHub reviews, promotes, approves, and delivers the change. On up","https://confighub.github.io/helm-expt/site/docs.html"
"platform","platform-160","5","recovery","Helm","P-R4","require approval for production","https://confighub.github.io/helm-expt/site/confighub.html","success","1","38","no","2","yes","3","3","yes","yes","continue","https://confighub.github.io/helm-expt/site/testing.html#managed","Worked Examples · Config Workshop","e artifacts. Delivery guide · Argo CD and Flux proof Apply checks and approvals Schema, placeholder, and lifecycle-route checks can block bad configuration. Image and probe checks warn. Selected production and system configurati","https://confighub.github.io/helm-expt/site/confighub.html -> https://confighub.github.io/helm-expt/site/testing.html#managed"
"platform","platform-161","5","conversion","Helm","P-X1","start the ConfigHub tutorial","https://confighub.github.io/helm-expt/site/index.html","success","3","66","no","2","yes","3","3","yes","yes","signup","https://confighub.github.io/helm-expt/site/confighub.html","Use ConfigHub · Config Workshop","Use ConfigHub · Config Workshop Config Workshop AN EXPERIMENTAL TEST SITE FOR CONFIG TOOLS Catalog Platforms and stacks Operate Why trust it Docs ConfigHub Catalog","https://confighub.github.io/helm-expt/site/index.html -> https://confighub.github.io/helm-expt/site/kubara.html -> https://confighub.github.io/helm-expt/site/deploy-with-flux-or-argo.html -> https://confighub.github.io/helm-expt/site/confighub.html"
"platform","platform-162","5","conversion","Helm","P-X1","start the ConfigHub tutorial","https://confighub.github.io/helm-expt/site/ai.html","success","1","39","no","2","yes","3","3","yes","yes","signup","https://confighub.github.io/helm-expt/site/confighub.html","Use ConfigHub · Config Workshop","Use ConfigHub · Config Workshop Config Workshop AN EXPERIMENTAL TEST SITE FOR CONFIG TOOLS Catalog Platforms and stacks Operate Why trust it Docs ConfigHub Catalog","https://confighub.github.io/helm-expt/site/ai.html -> https://confighub.github.io/helm-expt/site/confighub.html"
"platform","platform-163","5","conversion","Helm","P-X1","start the ConfigHub tutorial","https://confighub.github.io/helm-expt/site/ask.html","success","1","40","no","3","yes","3","3","yes","yes","signup","https://confighub.github.io/helm-expt/site/confighub.html","Use ConfigHub · Config Workshop","Use ConfigHub · Config Workshop Config Workshop AN EXPERIMENTAL TEST SITE FOR CONFIG TOOLS Catalog Platforms and stacks Operate Why trust it Docs ConfigHub Catalog","https://confighub.github.io/helm-expt/site/ask.html -> https://confighub.github.io/helm-expt/site/confighub.html"
"platform","platform-164","5","conversion","Helm","P-X1","start the ConfigHub tutorial","https://confighub.github.io/helm-expt/site/promote.html","success","1","41","no","2","yes","3","3","yes","yes","signup","https://confighub.github.io/helm-expt/site/confighub.html","Use ConfigHub · Config Workshop","Use ConfigHub · Config Workshop Config Workshop AN EXPERIMENTAL TEST SITE FOR CONFIG TOOLS Catalog Platforms and stacks Operate Why trust it Docs ConfigHub Catalog","https://confighub.github.io/helm-expt/site/promote.html -> https://confighub.github.io/helm-expt/site/confighub.html"
"platform","platform-165","5","conversion","Helm","P-X1","start the ConfigHub tutorial","https://confighub.github.io/helm-expt/site/charts/index.html","success","1","42","no","2","yes","3","3","yes","yes","signup","https://confighub.github.io/helm-expt/site/confighub.html","Use ConfigHub · Config Workshop","Use ConfigHub · Config Workshop Config Workshop AN EXPERIMENTAL TEST SITE FOR CONFIG TOOLS Catalog Platforms and stacks Operate Why trust it Docs ConfigHub Catalog","https://confighub.github.io/helm-expt/site/charts/index.html -> https://confighub.github.io/helm-expt/site/confighub.html"
"platform","platform-166","5","conversion","Helm","P-X1","start the ConfigHub tutorial","https://confighub.github.io/helm-expt/site/try.html","success","1","37","no","2","yes","3","3","yes","yes","signup","https://confighub.github.io/helm-expt/site/confighub.html","Use ConfigHub · Config Workshop","Use ConfigHub · Config Workshop Config Workshop AN EXPERIMENTAL TEST SITE FOR CONFIG TOOLS Catalog Platforms and stacks Operate Why trust it Docs ConfigHub Catalog","https://confighub.github.io/helm-expt/site/try.html -> https://confighub.github.io/helm-expt/site/confighub.html"
"platform","platform-167","5","conversion","Helm","P-X1","start the ConfigHub tutorial","https://confighub.github.io/helm-expt/site/testing.html","success","2","54","no","3","no","3","3","yes","yes","signup","https://confighub.github.io/helm-expt/site/confighub.html","Use ConfigHub · Config Workshop","Use ConfigHub · Config Workshop Config Workshop AN EXPERIMENTAL TEST SITE FOR CONFIG TOOLS Catalog Platforms and stacks Operate Why trust it Docs ConfigHub Catalog","https://confighub.github.io/helm-expt/site/testing.html -> https://confighub.github.io/helm-expt/site/testing.html#managed -> https://confighub.github.io/helm-expt/site/confighub.html"
"platform","platform-168","5","conversion","Helm","P-X1","start the ConfigHub tutorial","https://confighub.github.io/helm-expt/site/how-it-works.html","success","1","39","no","2","yes","3","3","yes","yes","signup","https://confighub.github.io/helm-expt/site/confighub.html","Use ConfigHub · Config Workshop","Use ConfigHub · Config Workshop Config Workshop AN EXPERIMENTAL TEST SITE FOR CONFIG TOOLS Catalog Platforms and stacks Operate Why trust it Docs ConfigHub Catalog","https://confighub.github.io/helm-expt/site/how-it-works.html -> https://confighub.github.io/helm-expt/site/confighub.html"
"platform","platform-169","5","conversion","Helm","P-X1","start the ConfigHub tutorial","https://confighub.github.io/helm-expt/site/docs.html","success","1","46","no","3","yes","3","3","yes","yes","signup","https://confighub.github.io/helm-expt/site/confighub.html","Use ConfigHub · Config Workshop","Use ConfigHub · Config Workshop Config Workshop AN EXPERIMENTAL TEST SITE FOR CONFIG TOOLS Catalog Platforms and stacks Operate Why trust it Docs ConfigHub Catalog","https://confighub.github.io/helm-expt/site/docs.html -> https://confighub.github.io/helm-expt/site/confighub.html"
"platform","platform-170","5","conversion","Helm","P-X1","start the ConfigHub tutorial","https://confighub.github.io/helm-expt/site/confighub.html","success","0","19","yes","3","no","3","3","yes","yes","signup","https://confighub.github.io/helm-expt/site/confighub.html","Use ConfigHub · Config Workshop","Use ConfigHub · Config Workshop Config Workshop AN EXPERIMENTAL TEST SITE FOR CONFIG TOOLS Catalog Platforms and stacks Operate Why trust it Docs ConfigHub Catalog","https://confighub.github.io/helm-expt/site/confighub.html"
"platform","platform-171","5","conversion","Helm","P-X2","keep configuration history","https://confighub.github.io/helm-expt/site/index.html","success","0","17","yes","3","no","3","3","yes","yes","signup","https://confighub.github.io/helm-expt/site/index.html","Config Workshop · Understand and test your configuration","iles or OCI , or upload it to ConfigHub when your team needs a shared record. I use Helm I run Flux or Argo CD I want a platform I need a stack Platform is what your apps run on. Stack is charts composed and checked before the","https://confighub.github.io/helm-expt/site/index.html"
"platform","platform-172","5","conversion","Helm","P-X2","keep configuration history","https://confighub.github.io/helm-expt/site/ai.html","success","3","174","no","3","no","3","3","yes","yes","signup","https://confighub.github.io/helm-expt/site/ask.html","Check my config · Config Workshop","ects as OCI, or retain the same result in ConfigHub when a team needs history and promotion. Already accepted a result? Compare the exact current result with the candidate for the next stage . The promotion review shows what ch","https://confighub.github.io/helm-expt/site/ai.html -> https://confighub.github.io/helm-expt/site/charts/index.html -> https://confighub.github.io/helm-expt/site/d/docs/demo/aicr/cpu-starter.html -> https://confighub.github.io/helm-expt/site/ask.html"
"platform","platform-173","5","conversion","Helm","P-X2","keep configuration history","https://confighub.github.io/helm-expt/site/ask.html","success","0","21","yes","3","no","3","3","yes","yes","signup","https://confighub.github.io/helm-expt/site/ask.html","Check my config · Config Workshop","ects as OCI, or retain the same result in ConfigHub when a team needs history and promotion. Already accepted a result? Compare the exact current result with the candidate for the next stage . The promotion review shows what ch","https://confighub.github.io/helm-expt/site/ask.html"
"platform","platform-174","5","conversion","Helm","P-X2","keep configuration history","https://confighub.github.io/helm-expt/site/promote.html","partial","5","279","no","3","no","3","3","no","no","bookmark","https://confighub.github.io/helm-expt/site/promote.html","Promote my config · Config Workshop","old green result must not be treated as current. Approvals, workflow history, and emergency exceptions partial Exact revisions, approvals, promotions, releases, and rollback records are queryable in the recorded examples. Appl","https://confighub.github.io/helm-expt/site/promote.html -> https://confighub.github.io/helm-expt/site/d/docs/reference/promotion-diff-classes.html -> https://confighub.github.io/helm-expt/site/d/docs/reference/promotion-diff-classes.html#the-four-classes -> https://confighub.github.io/helm-expt/site/d/docs/reference/promotion-diff-classes.html#one-committed-promotion-walked -> https://confighub.github.io/helm-expt/site/d/docs/reference/promotion-diff-classes.html#four-object-sets-show-where-a-field-came-from -> https://confighub.github.io/helm-expt/site/d/docs/reference/promotion-diff-classes.html#the-server-preview-and-the-independent-comparison"
"platform","platform-175","5","conversion","Helm","P-X2","keep configuration history","https://confighub.github.io/helm-expt/site/charts/index.html","success","2","150","no","3","no","3","3","yes","yes","signup","https://confighub.github.io/helm-expt/site/ask.html","Check my config · Config Workshop","ects as OCI, or retain the same result in ConfigHub when a team needs history and promotion. Already accepted a result? Compare the exact current result with the candidate for the next stage . The promotion review shows what ch","https://confighub.github.io/helm-expt/site/charts/index.html -> https://confighub.github.io/helm-expt/site/d/docs/demo/aicr/cpu-starter.html -> https://confighub.github.io/helm-expt/site/ask.html"
"platform","platform-176","5","conversion","Helm","P-X2","keep configuration history","https://confighub.github.io/helm-expt/site/try.html","success","3","147","no","3","no","3","3","yes","yes","signup","https://confighub.github.io/helm-expt/site/ask.html","Check my config · Config Workshop","ects as OCI, or retain the same result in ConfigHub when a team needs history and promotion. Already accepted a result? Compare the exact current result with the candidate for the next stage . The promotion review shows what ch","https://confighub.github.io/helm-expt/site/try.html -> https://confighub.github.io/helm-expt/site/charts/index.html -> https://confighub.github.io/helm-expt/site/d/docs/demo/aicr/cpu-starter.html -> https://confighub.github.io/helm-expt/site/ask.html"
"platform","platform-177","5","conversion","Helm","P-X2","keep configuration history","https://confighub.github.io/helm-expt/site/testing.html","success","0","20","yes","3","no","3","3","yes","yes","signup","https://confighub.github.io/helm-expt/site/testing.html","Worked Examples · Config Workshop","hat will it produce? The source-native command and exact output, or a recorded no-op for literal configuration. Can this destination accept it? The named destination, current facts, exact candidate, and checks that ran. Did it","https://confighub.github.io/helm-expt/site/testing.html"
"platform","platform-178","5","conversion","Helm","P-X2","keep configuration history","https://confighub.github.io/helm-expt/site/how-it-works.html","success","0","20","yes","3","no","3","3","yes","yes","signup","https://confighub.github.io/helm-expt/site/how-it-works.html","Operate · Config Workshop","lease OCI later. ConfigHub stores your approved configuration and its history. Use it when you need to track changes across environments, require an approval before production, or roll back to a recorded release. Start with wha","https://confighub.github.io/helm-expt/site/how-it-works.html"
"platform","platform-179","5","conversion","Helm","P-X2","keep configuration history","https://confighub.github.io/helm-expt/site/docs.html","success","0","22","yes","3","no","3","3","yes","yes","signup","https://confighub.github.io/helm-expt/site/docs.html","Docs · Config Workshop","onfigHub when your team needs shared variants, approvals, and rollout history. Choose the guide for the work in front of you. Use the full reference index only when you need deeper detail. On this page Start with a configuratio","https://confighub.github.io/helm-expt/site/docs.html"
"platform","platform-180","5","conversion","Helm","P-X2","keep configuration history","https://confighub.github.io/helm-expt/site/confighub.html","success","0","19","yes","3","no","3","3","yes","yes","signup","https://confighub.github.io/helm-expt/site/confighub.html","Use ConfigHub · Config Workshop","omote it across environments, with the source, checks, approvals, and history kept beside it. Use the Catalog or Check my config before you sign up. Continue here when your team needs the same answer tomorrow, in another enviro","https://confighub.github.io/helm-expt/site/confighub.html"
"platform","platform-181","5","conversion","Helm","P-X3","connect Git OCI and live targets","https://confighub.github.io/helm-expt/site/index.html","success","2","51","no","2","yes","3","3","yes","yes","signup","https://confighub.github.io/helm-expt/site/d/docs/demo/kubara/adoption-4-oci.html","Step 4: Turn the exact Kubara Git revision into immutable OCI · Config Workshop","Step 4: Turn the exact Kubara Git revision into immutable OCI · Config Workshop Config Workshop AN EXPERIMENTAL TEST SITE FOR CONFIG TOOLS Catalog Platforms and stacks Operate Why tru","https://confighub.github.io/helm-expt/site/index.html -> https://confighub.github.io/helm-expt/site/kubara.html -> https://confighub.github.io/helm-expt/site/d/docs/demo/kubara/adoption-4-oci.html"
"platform","platform-182","5","conversion","Helm","P-X3","connect Git OCI and live targets","https://confighub.github.io/helm-expt/site/ai.html","success","0","19","yes","3","no","3","3","yes","yes","signup","https://confighub.github.io/helm-expt/site/ai.html","AI with review and evidence · Config Workshop","Claude Code, Cursor, and other coding agents. npx skills add https://github.com/confighub/helm-expt/tree/main/skills/config-workshop You can also read the skill first . It holds no credentials and applies nothing. Private","https://confighub.github.io/helm-expt/site/ai.html"
"platform","platform-183","5","conversion","Helm","P-X3","connect Git OCI and live targets","https://confighub.github.io/helm-expt/site/ask.html","success","0","23","yes","3","no","3","3","yes","yes","signup","https://confighub.github.io/helm-expt/site/ask.html","Check my config · Config Workshop","te with an older version, an installed Helm release, local YAML, OCI, Git, or live Kubernetes output. Everything stays on your machine. Existing configuration No comparison; check the candidate by itself Another chart versi","https://confighub.github.io/helm-expt/site/ask.html"
"platform","platform-184","5","conversion","Helm","P-X3","connect Git OCI and live targets","https://confighub.github.io/helm-expt/site/promote.html","success","3","158","no","3","no","3","3","yes","yes","signup","https://confighub.github.io/helm-expt/site/testing.html#managed","Worked Examples · Config Workshop","ponents, Kubara, and AI. Review native Kubara configuration, generate Git and OCI outputs, then retain and promote platform components, developer tools, and applications separately in ConfigHub. A chart or configuration I a","https://confighub.github.io/helm-expt/site/promote.html -> https://confighub.github.io/helm-expt/site/d/data/sveltos-oci-delivery-proof/summary.html -> https://confighub.github.io/helm-expt/site/confighub.html -> https://confighub.github.io/helm-expt/site/testing.html#managed"
"platform","platform-185","5","conversion","Helm","P-X3","connect Git OCI and live targets","https://confighub.github.io/helm-expt/site/charts/index.html","success","0","22","yes","3","no","3","3","yes","yes","signup","https://confighub.github.io/helm-expt/site/charts/index.html","Component Catalog · Config Workshop","y/team/redis@sha256:… # prove the bytes match the receipt The plugin: github.com/confighub/cub-workshop , one install, no account. Each entry separates four answers: what the source contains, what it produces, whether a nam","https://confighub.github.io/helm-expt/site/charts/index.html"
"platform","platform-186","5","conversion","Helm","P-X3","connect Git OCI and live targets","https://confighub.github.io/helm-expt/site/try.html","success","1","37","no","2","yes","3","3","yes","yes","signup","https://confighub.github.io/helm-expt/site/testing.html","Worked Examples · Config Workshop","ponents, Kubara, and AI. Review native Kubara configuration, generate Git and OCI outputs, then retain and promote platform components, developer tools, and applications separately in ConfigHub. A chart or configuration I a","https://confighub.github.io/helm-expt/site/try.html -> https://confighub.github.io/helm-expt/site/testing.html"
"platform","platform-187","5","conversion","Helm","P-X3","connect Git OCI and live targets","https://confighub.github.io/helm-expt/site/testing.html","success","0","20","yes","3","no","3","3","yes","yes","signup","https://confighub.github.io/helm-expt/site/testing.html","Worked Examples · Config Workshop","ponents, Kubara, and AI. Review native Kubara configuration, generate Git and OCI outputs, then retain and promote platform components, developer tools, and applications separately in ConfigHub. A chart or configuration I a","https://confighub.github.io/helm-expt/site/testing.html"
"platform","platform-188","5","conversion","Helm","P-X3","connect Git OCI and live targets","https://confighub.github.io/helm-expt/site/how-it-works.html","success","0","20","yes","3","no","3","3","yes","yes","signup","https://confighub.github.io/helm-expt/site/how-it-works.html","Operate · Config Workshop","bs. The plugin, its manifests, and the ten-minute walkthrough live at github.com/confighub/cub-workshop . Keep four answers separate Question When it can be answered What do I have? Inspect the source, package, files, OCI,","https://confighub.github.io/helm-expt/site/how-it-works.html"
"platform","platform-189","5","conversion","Helm","P-X3","connect Git OCI and live targets","https://confighub.github.io/helm-expt/site/docs.html","success","0","21","yes","3","no","3","3","yes","yes","signup","https://confighub.github.io/helm-expt/site/docs.html","Docs · Config Workshop","he stored Kubernetes objects. How do Argo CD and Flux receive it? The GitOps guide explains how controllers pull reviewed Kubernetes objects from Git or OCI. Change or operate saved configuration How do I make environment v","https://confighub.github.io/helm-expt/site/docs.html"
"platform","platform-190","5","conversion","Helm","P-X3","connect Git OCI and live targets","https://confighub.github.io/helm-expt/site/confighub.html","success","1","38","no","3","yes","3","3","yes","yes","signup","https://confighub.github.io/helm-expt/site/testing.html#managed","Worked Examples · Config Workshop","ponents, Kubara, and AI. Review native Kubara configuration, generate Git and OCI outputs, then retain and promote platform components, developer tools, and applications separately in ConfigHub. A chart or configuration I a","https://confighub.github.io/helm-expt/site/confighub.html -> https://confighub.github.io/helm-expt/site/testing.html#managed"
"platform","platform-191","5","conversion","Helm","P-X4","operate a small fleet","https://confighub.github.io/helm-expt/site/index.html","success","0","18","yes","3","no","3","3","yes","yes","signup","https://confighub.github.io/helm-expt/site/index.html","Config Workshop · Understand and test your configuration","lish are ConfigHub itself. cub config , cub app , cub stack , and cub fleet are proposed verbs running today as a plugin prototype, with a receipt behind every run shown here. Underneath, the released cub installer does the p","https://confighub.github.io/helm-expt/site/index.html"
"platform","platform-192","5","conversion","Helm","P-X4","operate a small fleet","https://confighub.github.io/helm-expt/site/ai.html","success","0","19","yes","3","no","3","3","yes","yes","signup","https://confighub.github.io/helm-expt/site/ai.html","AI with review and evidence · Config Workshop","elm ignore my values? Worked examples Platforms and stacks Stacks and fleets Build a platform Inference platforms Your assistant Apps on a platform Operate Operate What ConfigHub adds Promote my config Variants Operations Doe","https://confighub.github.io/helm-expt/site/ai.html"
"platform","platform-193","5","conversion","Helm","P-X4","operate a small fleet","https://confighub.github.io/helm-expt/site/ask.html","success","0","21","yes","3","no","3","3","yes","yes","signup","https://confighub.github.io/helm-expt/site/ask.html","Check my config · Config Workshop","elm ignore my values? Worked examples Platforms and stacks Stacks and fleets Build a platform Inference platforms Your assistant Apps on a platform Operate Operate What ConfigHub adds Promote my config Variants Operations Doe","https://confighub.github.io/helm-expt/site/ask.html"
"platform","platform-194","5","conversion","Helm","P-X4","operate a small fleet","https://confighub.github.io/helm-expt/site/promote.html","success","0","22","yes","3","no","3","3","yes","yes","signup","https://confighub.github.io/helm-expt/site/promote.html","Promote my config · Config Workshop","elm ignore my values? Worked examples Platforms and stacks Stacks and fleets Build a platform Inference platforms Your assistant Apps on a platform Operate Operate What ConfigHub adds Promote my config Variants Operations Doe","https://confighub.github.io/helm-expt/site/promote.html"
"platform","platform-195","5","conversion","Helm","P-X4","operate a small fleet","https://confighub.github.io/helm-expt/site/charts/index.html","success","0","23","yes","3","no","3","3","yes","yes","signup","https://confighub.github.io/helm-expt/site/charts/index.html","Component Catalog · Config Workshop","elm ignore my values? Worked examples Platforms and stacks Stacks and fleets Build a platform Inference platforms Your assistant Apps on a platform Operate Operate What ConfigHub adds Promote my config Variants Operations Doe","https://confighub.github.io/helm-expt/site/charts/index.html"
"platform","platform-196","5","conversion","Helm","P-X4","operate a small fleet","https://confighub.github.io/helm-expt/site/try.html","success","0","17","yes","3","no","3","3","yes","yes","signup","https://confighub.github.io/helm-expt/site/try.html","Try it: Redis in ten minutes · Config Workshop","elm ignore my values? Worked examples Platforms and stacks Stacks and fleets Build a platform Inference platforms Your assistant Apps on a platform Operate Operate What ConfigHub adds Promote my config Variants Operations Doe","https://confighub.github.io/helm-expt/site/try.html"
"platform","platform-197","5","conversion","Helm","P-X4","operate a small fleet","https://confighub.github.io/helm-expt/site/testing.html","success","0","18","yes","3","no","3","3","yes","yes","signup","https://confighub.github.io/helm-expt/site/testing.html","Worked Examples · Config Workshop","elm ignore my values? Worked examples Platforms and stacks Stacks and fleets Build a platform Inference platforms Your assistant Apps on a platform Operate Operate What ConfigHub adds Promote my config Variants Operations Doe","https://confighub.github.io/helm-expt/site/testing.html"
"platform","platform-198","5","conversion","Helm","P-X4","operate a small fleet","https://confighub.github.io/helm-expt/site/how-it-works.html","success","0","20","yes","3","no","3","3","yes","yes","signup","https://confighub.github.io/helm-expt/site/how-it-works.html","Operate · Config Workshop","elm ignore my values? Worked examples Platforms and stacks Stacks and fleets Build a platform Inference platforms Your assistant Apps on a platform Operate Operate What ConfigHub adds Promote my config Variants Operations Doe","https://confighub.github.io/helm-expt/site/how-it-works.html"
"platform","platform-199","5","conversion","Helm","P-X4","operate a small fleet","https://confighub.github.io/helm-expt/site/docs.html","success","0","19","yes","3","no","3","3","yes","yes","signup","https://confighub.github.io/helm-expt/site/docs.html","Docs · Config Workshop","elm ignore my values? Worked examples Platforms and stacks Stacks and fleets Build a platform Inference platforms Your assistant Apps on a platform Operate Operate What ConfigHub adds Promote my config Variants Operations Doe","https://confighub.github.io/helm-expt/site/docs.html"
"platform","platform-200","5","conversion","Helm","P-X4","operate a small fleet","https://confighub.github.io/helm-expt/site/confighub.html","success","0","20","yes","3","no","3","3","yes","yes","signup","https://confighub.github.io/helm-expt/site/confighub.html","Use ConfigHub · Config Workshop","elm ignore my values? Worked examples Platforms and stacks Stacks and fleets Build a platform Inference platforms Your assistant Apps on a platform Operate Operate What ConfigHub adds Promote my config Variants Operations Doe","https://confighub.github.io/helm-expt/site/confighub.html"
"platform","platform-201","5","action","Helm","P-A5","review ordered stages and a partial fleet","https://confighub.github.io/helm-expt/site/index.html","success","1","37","no","3","yes","4","4","yes","yes","continue","https://confighub.github.io/helm-expt/site/promote.html","Promote my config · Config Workshop","parallel targets proved A four-cluster test moved one change through pilot, staging, and two production targets in that order. Sveltos environment rollout This was one local four-cluster run. It did not test a failed target","https://confighub.github.io/helm-expt/site/index.html -> https://confighub.github.io/helm-expt/site/promote.html"
"platform","platform-202","5","action","Helm","P-A5","review ordered stages and a partial fleet","https://confighub.github.io/helm-expt/site/ai.html","partial","5","110","no","3","no","4","4","no","no","bookmark","https://confighub.github.io/helm-expt/site/testing.html#managed","Worked Examples · Config Workshop","storical v0.12 proof Sveltos A reviewed ClusterProfile moved from one pilot cluster to two staging clusters at a second OCI digest, and Sveltos restored a deliberately drifted value. Walkthrough · GitHub source · Proof · Spac","https://confighub.github.io/helm-expt/site/ai.html -> https://confighub.github.io/helm-expt/site/confighub.html -> https://confighub.github.io/helm-expt/site/testing.html#managed -> https://confighub.github.io/helm-expt/site/d/docs/demo/aicr/eks-h100-training-kubeflow-v0-19-0.html -> https://confighub.github.io/helm-expt/site/testing.html -> https://confighub.github.io/helm-expt/site/d/data/oci-deploy-stage-rollout-proof/summary.html"
"platform","platform-203","5","action","Helm","P-A5","review ordered stages and a partial fleet","https://confighub.github.io/helm-expt/site/ask.html","success","1","44","no","3","yes","4","4","yes","yes","continue","https://confighub.github.io/helm-expt/site/promote.html","Promote my config · Config Workshop","parallel targets proved A four-cluster test moved one change through pilot, staging, and two production targets in that order. Sveltos environment rollout This was one local four-cluster run. It did not test a failed target","https://confighub.github.io/helm-expt/site/ask.html -> https://confighub.github.io/helm-expt/site/promote.html"
"platform","platform-204","5","action","Helm","P-A5","review ordered stages and a partial fleet","https://confighub.github.io/helm-expt/site/promote.html","success","0","27","yes","4","no","4","4","yes","yes","continue","https://confighub.github.io/helm-expt/site/promote.html","Promote my config · Config Workshop","parallel targets proved A four-cluster test moved one change through pilot, staging, and two production targets in that order. Sveltos environment rollout This was one local four-cluster run. It did not test a failed target","https://confighub.github.io/helm-expt/site/promote.html"
"platform","platform-205","5","action","Helm","P-A5","review ordered stages and a partial fleet","https://confighub.github.io/helm-expt/site/charts/index.html","partial","5","112","no","1","yes","4","4","no","no","bookmark","https://confighub.github.io/helm-expt/site/testing.html#managed","Worked Examples · Config Workshop","storical v0.12 proof Sveltos A reviewed ClusterProfile moved from one pilot cluster to two staging clusters at a second OCI digest, and Sveltos restored a deliberately drifted value. Walkthrough · GitHub source · Proof · Spac","https://confighub.github.io/helm-expt/site/charts/index.html -> https://confighub.github.io/helm-expt/site/confighub.html -> https://confighub.github.io/helm-expt/site/testing.html#managed -> https://confighub.github.io/helm-expt/site/d/docs/demo/aicr/eks-h100-training-kubeflow-v0-19-0.html -> https://confighub.github.io/helm-expt/site/testing.html -> https://confighub.github.io/helm-expt/site/d/data/oci-deploy-stage-rollout-proof/summary.html"
"platform","platform-206","5","action","Helm","P-A5","review ordered stages and a partial fleet","https://confighub.github.io/helm-expt/site/try.html","partial","5","109","no","0","yes","4","4","no","no","bookmark","https://confighub.github.io/helm-expt/site/testing.html","Worked Examples · Config Workshop","storical v0.12 proof Sveltos A reviewed ClusterProfile moved from one pilot cluster to two staging clusters at a second OCI digest, and Sveltos restored a deliberately drifted value. Walkthrough · GitHub source · Proof · Spac","https://confighub.github.io/helm-expt/site/try.html -> https://confighub.github.io/helm-expt/site/testing.html -> https://confighub.github.io/helm-expt/site/d/docs/demo/aicr/eks-h100-training-kubeflow-v0-19-0.html -> https://confighub.github.io/helm-expt/site/confighub.html -> https://confighub.github.io/helm-expt/site/testing.html#managed -> https://confighub.github.io/helm-expt/site/d/data/oci-deploy-stage-rollout-proof/summary.html"
"platform","platform-207","5","action","Helm","P-A5","review ordered stages and a partial fleet","https://confighub.github.io/helm-expt/site/testing.html","partial","5","111","no","4","no","4","4","no","no","bookmark","https://confighub.github.io/helm-expt/site/testing.html","Worked Examples · Config Workshop","storical v0.12 proof Sveltos A reviewed ClusterProfile moved from one pilot cluster to two staging clusters at a second OCI digest, and Sveltos restored a deliberately drifted value. Walkthrough · GitHub source · Proof · Spac","https://confighub.github.io/helm-expt/site/testing.html -> https://confighub.github.io/helm-expt/site/d/docs/demo/aicr/eks-h100-training-kubeflow-v0-19-0.html -> https://confighub.github.io/helm-expt/site/confighub.html -> https://confighub.github.io/helm-expt/site/testing.html#managed -> https://confighub.github.io/helm-expt/site/d/data/oci-deploy-stage-rollout-proof/summary.html -> https://confighub.github.io/helm-expt/site/d/data/oci-deploy-stage-rollout-proof/summary.html#result"
"platform","platform-208","5","action","Helm","P-A5","review ordered stages and a partial fleet","https://confighub.github.io/helm-expt/site/how-it-works.html","partial","5","112","no","2","no","4","4","no","no","bookmark","https://confighub.github.io/helm-expt/site/testing.html#managed","Worked Examples · Config Workshop","storical v0.12 proof Sveltos A reviewed ClusterProfile moved from one pilot cluster to two staging clusters at a second OCI digest, and Sveltos restored a deliberately drifted value. Walkthrough · GitHub source · Proof · Spac","https://confighub.github.io/helm-expt/site/how-it-works.html -> https://confighub.github.io/helm-expt/site/confighub.html -> https://confighub.github.io/helm-expt/site/testing.html#managed -> https://confighub.github.io/helm-expt/site/d/docs/demo/aicr/eks-h100-training-kubeflow-v0-19-0.html -> https://confighub.github.io/helm-expt/site/testing.html -> https://confighub.github.io/helm-expt/site/d/data/oci-deploy-stage-rollout-proof/summary.html"
"platform","platform-209","5","action","Helm","P-A5","review ordered stages and a partial fleet","https://confighub.github.io/helm-expt/site/docs.html","partial","5","106","no","4","no","4","4","no","no","bookmark","https://confighub.github.io/helm-expt/site/docs.html","Docs · Config Workshop","Sveltos Kyverno fleet example A two-wave result: ConfigHub approves a pilot and one selector expansion at different OCI digests, then Argo CD and Sveltos deliver Kyverno to one staging cluster and later to both. Sveltos Kyver","https://confighub.github.io/helm-expt/site/docs.html -> https://confighub.github.io/helm-expt/site/d/data/oci-deploy-stage-rollout-proof/summary.html -> https://confighub.github.io/helm-expt/site/d/data/oci-deploy-stage-rollout-proof/summary.html#result -> https://confighub.github.io/helm-expt/site/d/data/oci-deploy-stage-rollout-proof/summary.html#argo-cd-controller-feedback -> https://confighub.github.io/helm-expt/site/d/data/oci-deploy-stage-rollout-proof/summary.html#flux-controller-feedback -> https://confighub.github.io/helm-expt/site/d/data/oci-deploy-stage-rollout-proof/summary.html#live-observation-receipts"
"platform","platform-210","5","action","Helm","P-A5","review ordered stages and a partial fleet","https://confighub.github.io/helm-expt/site/confighub.html","partial","5","182","no","2","yes","4","4","no","no","bookmark","https://confighub.github.io/helm-expt/site/testing.html#managed","Worked Examples · Config Workshop","storical v0.12 proof Sveltos A reviewed ClusterProfile moved from one pilot cluster to two staging clusters at a second OCI digest, and Sveltos restored a deliberately drifted value. Walkthrough · GitHub source · Proof · Spac","https://confighub.github.io/helm-expt/site/confighub.html -> https://confighub.github.io/helm-expt/site/testing.html#managed -> https://confighub.github.io/helm-expt/site/d/docs/demo/aicr/eks-h100-training-kubeflow-v0-19-0.html -> https://confighub.github.io/helm-expt/site/testing.html -> https://confighub.github.io/helm-expt/site/d/data/oci-deploy-stage-rollout-proof/summary.html -> https://confighub.github.io/helm-expt/site/d/data/oci-deploy-stage-rollout-proof/summary.html#result"
"platform","platform-211","5","comprehension","mixed","P-C5","understand the anonymous path and the ConfigHub handoff","https://confighub.github.io/helm-expt/site/index.html","success","0","17","yes","4","no","4","4","yes","yes","continue","https://confighub.github.io/helm-expt/site/index.html","Config Workshop · Understand and test your configuration","nder a reviewed chart to a controller-native OCI with one command and no account, then reconcile it the way you do today. Receipts show each reconciler applying exactly the published digest, byte for byte. Keep your reconciler → 6","https://confighub.github.io/helm-expt/site/index.html"
"platform","platform-212","5","comprehension","mixed","P-C5","understand the anonymous path and the ConfigHub handoff","https://confighub.github.io/helm-expt/site/ai.html","success","0","18","yes","4","no","4","4","yes","yes","continue","https://confighub.github.io/helm-expt/site/ai.html","AI with review and evidence · Config Workshop","produced. Compare them with the defaults and tell me what matters. A local render, normalized comparison, findings, and a reviewed result you can keep. Review a promotion Can I move this staging configuration to production?","https://confighub.github.io/helm-expt/site/ai.html"
"platform","platform-213","5","comprehension","mixed","P-C5","understand the anonymous path and the ConfigHub handoff","https://confighub.github.io/helm-expt/site/ask.html","success","0","21","yes","4","no","4","4","yes","yes","continue","https://confighub.github.io/helm-expt/site/ask.html","Check my config · Config Workshop","rendered Kubernetes YAML in this browser, with no AI needed, or build local instructions for the AI assistant you already use. Render your chart with helm template first, then paste the objects. Download the exact objects, fi","https://confighub.github.io/helm-expt/site/ask.html"
"platform","platform-214","5","comprehension","mixed","P-C5","understand the anonymous path and the ConfigHub handoff","https://confighub.github.io/helm-expt/site/promote.html","success","0","22","yes","4","no","4","4","yes","yes","continue","https://confighub.github.io/helm-expt/site/promote.html","Promote my config · Config Workshop","odex, or the assistant you already use. It asks the assistant to work locally, explain the object changes, and keep untested claims visible. Install the Config Workshop agent skill when you want these checks and reporting rul","https://confighub.github.io/helm-expt/site/promote.html"
"platform","platform-215","5","comprehension","mixed","P-C5","understand the anonymous path and the ConfigHub handoff","https://confighub.github.io/helm-expt/site/charts/index.html","success","1","38","no","3","yes","4","4","yes","yes","continue","https://confighub.github.io/helm-expt/site/confighub.html","Use ConfigHub · Config Workshop","p, so matching hashes mean the objects came through unchanged. Review locally. The 5 objects have object-set hash ded2b7c2624c74ae1dce2a947ad9d99a32a62f5114361970af61c9ca51449345 . Publish the OCI. Pulling oci://europe-west1-","https://confighub.github.io/helm-expt/site/charts/index.html -> https://confighub.github.io/helm-expt/site/confighub.html"
"platform","platform-216","5","comprehension","mixed","P-C5","understand the anonymous path and the ConfigHub handoff","https://confighub.github.io/helm-expt/site/try.html","success","0","18","yes","4","no","4","4","yes","yes","continue","https://confighub.github.io/helm-expt/site/try.html","Try it: Redis in ten minutes · Config Workshop","king at. Everything happens on your machine, so you can run this with no account and no cluster. Limits. This renders and inspects. Nothing is applied. Keep this reviewed result in ConfigHub once you want to change it with your te","https://confighub.github.io/helm-expt/site/try.html"
"platform","platform-217","5","comprehension","mixed","P-C5","understand the anonymous path and the ConfigHub handoff","https://confighub.github.io/helm-expt/site/testing.html","success","1","36","no","3","yes","4","4","yes","yes","continue","https://confighub.github.io/helm-expt/site/confighub.html","Use ConfigHub · Config Workshop","p, so matching hashes mean the objects came through unchanged. Review locally. The 5 objects have object-set hash ded2b7c2624c74ae1dce2a947ad9d99a32a62f5114361970af61c9ca51449345 . Publish the OCI. Pulling oci://europe-west1-","https://confighub.github.io/helm-expt/site/testing.html -> https://confighub.github.io/helm-expt/site/confighub.html"
"platform","platform-218","5","comprehension","mixed","P-C5","understand the anonymous path and the ConfigHub handoff","https://confighub.github.io/helm-expt/site/how-it-works.html","success","0","19","yes","4","no","4","4","yes","yes","continue","https://confighub.github.io/helm-expt/site/how-it-works.html","Operate · Config Workshop","same ladder whatever it started as. The first rungs are free and need no account. The next need a ConfigHub account. The last is the commercial product. Each step is a real command or surface. Rung Verb What it does Command or sur","https://confighub.github.io/helm-expt/site/how-it-works.html"
"platform","platform-219","5","comprehension","mixed","P-C5","understand the anonymous path and the ConfigHub handoff","https://confighub.github.io/helm-expt/site/docs.html","success","0","21","yes","4","no","4","4","yes","yes","continue","https://confighub.github.io/helm-expt/site/docs.html","Docs · Config Workshop","mponent. Change it, add production, and promote the change. Try Redis without an account Try Redis Render one reviewed Redis configuration. Inspect the files and local OCI without ConfigHub Server. Try AICR without an account Try AICR Pul","https://confighub.github.io/helm-expt/site/docs.html"
"platform","platform-220","5","comprehension","mixed","P-C5","understand the anonymous path and the ConfigHub handoff","https://confighub.github.io/helm-expt/site/confighub.html","success","0","18","yes","4","no","4","4","yes","yes","continue","https://confighub.github.io/helm-expt/site/confighub.html","Use ConfigHub · Config Workshop","p, so matching hashes mean the objects came through unchanged. Review locally. The 5 objects have object-set hash ded2b7c2624c74ae1dce2a947ad9d99a32a62f5114361970af61c9ca51449345 . Publish the OCI. Pulling oci://europe-west1-","https://confighub.github.io/helm-expt/site/confighub.html"
"platform","platform-221","5","navigation","Timoni","P-N5","find the Timoni Redis base and development variant","https://confighub.github.io/helm-expt/site/index.html","success","0","18","yes","4","no","4","4","yes","yes","continue","https://confighub.github.io/helm-expt/site/index.html","Config Workshop · Understand and test your configuration","rms and stacks Operate Why trust it Docs ConfigHub Helm first · AICR, Timoni, OCI and YAML examples See what your configuration will do Bring the configuration you or your AI just created. Config Workshop renders it to the exa","https://confighub.github.io/helm-expt/site/index.html"
"platform","platform-222","5","navigation","Timoni","P-N5","find the Timoni Redis base and development variant","https://confighub.github.io/helm-expt/site/ai.html","success","0","19","yes","4","no","4","4","yes","yes","continue","https://confighub.github.io/helm-expt/site/ai.html","AI with review and evidence · Config Workshop",", and tests still required. Inspect another source Build the retained Timoni Redis 8.10.1 source and tell me what plain YAML leaves out. The module digest, typed options, seven exact objects, ordered lifecycle, and current lim","https://confighub.github.io/helm-expt/site/ai.html"
"platform","platform-223","5","navigation","Timoni","P-N5","find the Timoni Redis base and development variant","https://confighub.github.io/helm-expt/site/ask.html","success","0","22","yes","4","no","4","4","yes","yes","continue","https://confighub.github.io/helm-expt/site/ask.html","Check my config · Config Workshop","ect the source, values, or package. What will it produce? Helm, AICR, Timoni, or another source tool runs on your machine. The browser checks its output; it does not run the source processor. Can this destination accept it? No","https://confighub.github.io/helm-expt/site/ask.html"
"platform","platform-224","5","navigation","Timoni","P-N5","find the Timoni Redis base and development variant","https://confighub.github.io/helm-expt/site/promote.html","success","0","23","yes","4","no","4","4","yes","yes","continue","https://confighub.github.io/helm-expt/site/promote.html","Promote my config · Config Workshop","is page. The browser compares the output; it does not run Helm, AICR, Timoni, or another processor. Can this destination accept it? Add current destination checks for the same proposed digest. Without them, the answer remains","https://confighub.github.io/helm-expt/site/promote.html"
"platform","platform-225","5","navigation","Timoni","P-N5","find the Timoni Redis base and development variant","https://confighub.github.io/helm-expt/site/charts/index.html","success","0","23","yes","4","no","4","4","yes","yes","continue","https://confighub.github.io/helm-expt/site/charts/index.html","Component Catalog · Config Workshop","catalog index for the retained recipes, versions, and proof details. Timoni Redis The first Timoni entry uses Redis so you can compare it with the Helm Redis configurations above. The inputs are different, but the Catalog ask","https://confighub.github.io/helm-expt/site/charts/index.html"
"platform","platform-226","5","navigation","Timoni","P-N5","find the Timoni Redis base and development variant","https://confighub.github.io/helm-expt/site/try.html","success","4","93","no","3","no","4","4","yes","yes","continue","https://confighub.github.io/helm-expt/site/charts/index.html#base-variants","Component Catalog · Config Workshop","catalog index for the retained recipes, versions, and proof details. Timoni Redis The first Timoni entry uses Redis so you can compare it with the Helm Redis configurations above. The inputs are different, but the Catalog ask","https://confighub.github.io/helm-expt/site/try.html -> https://confighub.github.io/helm-expt/site/d/data/redis-public-walkthrough-proof/summary.html -> https://confighub.github.io/helm-expt/site/d/data/redis-public-walkthrough-proof/summary.html#where-confighub-starts -> https://confighub.github.io/helm-expt/site/redis-walkthrough.html -> https://confighub.github.io/helm-expt/site/charts/index.html#base-variants"
"platform","platform-227","5","navigation","Timoni","P-N5","find the Timoni Redis base and development variant","https://confighub.github.io/helm-expt/site/testing.html","success","0","21","yes","4","no","4","4","yes","yes","continue","https://confighub.github.io/helm-expt/site/testing.html","Worked Examples · Config Workshop","R v0.20 H100 training starting configuration · v0.19 managed stages A Timoni module Inspect the Timoni Redis example. Compare its immutable module source, typed options, seven exact objects, lifecycle order, public OCI, and Co","https://confighub.github.io/helm-expt/site/testing.html"
"platform","platform-228","5","navigation","Timoni","P-N5","find the Timoni Redis base and development variant","https://confighub.github.io/helm-expt/site/how-it-works.html","success","0","20","yes","4","no","4","4","yes","yes","continue","https://confighub.github.io/helm-expt/site/how-it-works.html","Operate · Config Workshop","rence is wrong. That leaf uses AICR's composition or generation step. Timoni Build the pinned module or bundle with its typed values. Kubara or another generator Run its declared generation or composition step. Sveltos Read th","https://confighub.github.io/helm-expt/site/how-it-works.html"
"platform","platform-229","5","navigation","Timoni","P-N5","find the Timoni Redis base and development variant","https://confighub.github.io/helm-expt/site/docs.html","success","1","40","no","3","yes","4","4","yes","yes","continue","https://confighub.github.io/helm-expt/site/charts/index.html#base-variants","Component Catalog · Config Workshop","catalog index for the retained recipes, versions, and proof details. Timoni Redis The first Timoni entry uses Redis so you can compare it with the Helm Redis configurations above. The inputs are different, but the Catalog ask","https://confighub.github.io/helm-expt/site/docs.html -> https://confighub.github.io/helm-expt/site/charts/index.html#base-variants"
"platform","platform-230","5","navigation","Timoni","P-N5","find the Timoni Redis base and development variant","https://confighub.github.io/helm-expt/site/confighub.html","success","2","61","no","3","no","4","4","yes","yes","continue","https://confighub.github.io/helm-expt/site/charts/index.html#base-variants","Component Catalog · Config Workshop","catalog index for the retained recipes, versions, and proof details. Timoni Redis The first Timoni entry uses Redis so you can compare it with the Helm Redis configurations above. The inputs are different, but the Catalog ask","https://confighub.github.io/helm-expt/site/confighub.html -> https://confighub.github.io/helm-expt/site/redis-walkthrough.html -> https://confighub.github.io/helm-expt/site/charts/index.html#base-variants"
"platform","platform-231","5","action","Helm","P-A6","follow a retained base through staging approval release and delivery","https://confighub.github.io/helm-expt/site/index.html","partial","5","142","no","2","yes","4","5","yes","no","bookmark","https://confighub.github.io/helm-expt/site/confighub.html","Use ConfigHub · Config Workshop","is is also where public configuration chains into your private org: a base you upload keeps sending you fixes while protection keeps the values you chose. ConfigHub shows exact diffs, promotes reviewed changes from developme","https://confighub.github.io/helm-expt/site/index.html -> https://confighub.github.io/helm-expt/site/confighub.html -> https://confighub.github.io/helm-expt/site/deploy-with-flux-or-argo.html -> https://confighub.github.io/helm-expt/site/d/data/catalog-oci-delivery-proof/summary.html -> https://confighub.github.io/helm-expt/site/testing.html -> https://confighub.github.io/helm-expt/site/d/data/helm-catalog-readmes/spaces/plain-yaml-acme-web-base/README.html"
"platform","platform-232","5","action","Helm","P-A6","follow a retained base through staging approval release and delivery","https://confighub.github.io/helm-expt/site/ai.html","partial","5","143","no","3","no","3","5","yes","no","bookmark","https://confighub.github.io/helm-expt/site/ai.html","AI with review and evidence · Config Workshop","version and digest did you ask about, and which areas have evidence? base-variant-records.json Where did the configuration come from, which exact objects were produced, and what lifecycle, ownership, OCI, and delivery recor","https://confighub.github.io/helm-expt/site/ai.html -> https://confighub.github.io/helm-expt/site/d/data/helm-catalog-readmes/spaces/timoni-redis-8-10-1-base/README.html -> https://confighub.github.io/helm-expt/site/d/data/helm-catalog-readmes/spaces/timoni-redis-8-10-1-base/README.html#why-this-example-exists -> https://confighub.github.io/helm-expt/site/d/data/helm-catalog-readmes/spaces/timoni-redis-8-10-1-base/README.html#what-this-example-shows -> https://confighub.github.io/helm-expt/site/d/data/helm-catalog-readmes/spaces/timoni-redis-8-10-1-base/README.html#where-each-setting-comes-from -> https://confighub.github.io/helm-expt/site/d/data/helm-catalog-readmes/spaces/timoni-redis-8-10-1-base/README.html#what-to-inspect-in-hub"
"platform","platform-233","5","action","Helm","P-A6","follow a retained base through staging approval release and delivery","https://confighub.github.io/helm-expt/site/ask.html","partial","5","287","no","4","no","4","5","yes","no","bookmark","https://confighub.github.io/helm-expt/site/ask.html","Check my config · Config Workshop","record If the candidate starts from a Catalog configuration, add its BaseVariantRecord . It connects the source, rendered objects, OCI package, prerequisites, lifecycle routes, policy, and evidence status. Add the result fr","https://confighub.github.io/helm-expt/site/ask.html -> https://confighub.github.io/helm-expt/site/d/docs/user/helm-presets-and-values.html -> https://confighub.github.io/helm-expt/site/d/docs/user/change-routing-before-oci.html -> https://confighub.github.io/helm-expt/site/confighub.html -> https://confighub.github.io/helm-expt/site/deploy-with-flux-or-argo.html -> https://confighub.github.io/helm-expt/site/d/data/catalog-oci-delivery-proof/summary.html"
"platform","platform-234","5","action","Helm","P-A6","follow a retained base through staging approval release and delivery","https://confighub.github.io/helm-expt/site/promote.html","success","0","24","yes","5","no","5","5","yes","yes","continue","https://confighub.github.io/helm-expt/site/promote.html","Promote my config · Config Workshop","y after the preview, destination checks, and approval pass. Component Base Space Unit layout minimal per-resource per-file Recorded namespace (optional) Downstream Spaces If a downstream Space does not exist, the preview sho","https://confighub.github.io/helm-expt/site/promote.html"
"platform","platform-235","5","action","Helm","P-A6","follow a retained base through staging approval release and delivery","https://confighub.github.io/helm-expt/site/charts/index.html","fail","5","142","no","2","no","2","5","yes","no","leave","https://confighub.github.io/helm-expt/site/charts/index.html","Component Catalog · Config Workshop","ets Monitoring and logs Networking and ingress Storage and backup Databases and messaging Delivery and automation Cluster operations Web and compute First configuration All Recommended first path Rendering checked; read page","https://confighub.github.io/helm-expt/site/charts/index.html -> https://confighub.github.io/helm-expt/site/d/data/helm-catalog-readmes/spaces/timoni-redis-8-10-1-base/README.html -> https://confighub.github.io/helm-expt/site/d/data/helm-catalog-readmes/spaces/timoni-redis-8-10-1-base/README.html#why-this-example-exists -> https://confighub.github.io/helm-expt/site/d/data/helm-catalog-readmes/spaces/timoni-redis-8-10-1-base/README.html#what-this-example-shows -> https://confighub.github.io/helm-expt/site/d/data/helm-catalog-readmes/spaces/timoni-redis-8-10-1-base/README.html#where-each-setting-comes-from -> https://confighub.github.io/helm-expt/site/d/data/helm-catalog-readmes/spaces/timoni-redis-8-10-1-base/README.html#what-to-inspect-in-hub"
"platform","platform-236","5","action","Helm","P-A6","follow a retained base through staging approval release and delivery","https://confighub.github.io/helm-expt/site/try.html","partial","5","143","no","2","yes","3","5","yes","no","bookmark","https://confighub.github.io/helm-expt/site/testing.html","Worked Examples · Config Workshop","ng point or the shortest current path to one. I need Start here A database or cache Try the Redis configuration. Render it locally, read the 14 objects, and check the recorded Helm match and install requirements. Cluster mon","https://confighub.github.io/helm-expt/site/try.html -> https://confighub.github.io/helm-expt/site/testing.html -> https://confighub.github.io/helm-expt/site/d/data/helm-catalog-readmes/spaces/plain-yaml-acme-web-base/README.html -> https://confighub.github.io/helm-expt/site/d/data/helm-catalog-readmes/spaces/plain-yaml-acme-web-base/README.html#why-this-example-exists -> https://confighub.github.io/helm-expt/site/d/data/helm-catalog-readmes/spaces/plain-yaml-acme-web-base/README.html#what-this-example-shows -> https://confighub.github.io/helm-expt/site/d/data/helm-catalog-readmes/spaces/plain-yaml-acme-web-base/README.html#where-each-setting-comes-from"
"platform","platform-237","5","action","Helm","P-A6","follow a retained base through staging approval release and delivery","https://confighub.github.io/helm-expt/site/testing.html","partial","5","133","no","3","no","3","5","yes","no","bookmark","https://confighub.github.io/helm-expt/site/testing.html","Worked Examples · Config Workshop","ng point or the shortest current path to one. I need Start here A database or cache Try the Redis configuration. Render it locally, read the 14 objects, and check the recorded Helm match and install requirements. Cluster mon","https://confighub.github.io/helm-expt/site/testing.html -> https://confighub.github.io/helm-expt/site/d/data/helm-catalog-readmes/spaces/plain-yaml-acme-web-base/README.html -> https://confighub.github.io/helm-expt/site/d/data/helm-catalog-readmes/spaces/plain-yaml-acme-web-base/README.html#why-this-example-exists -> https://confighub.github.io/helm-expt/site/d/data/helm-catalog-readmes/spaces/plain-yaml-acme-web-base/README.html#what-this-example-shows -> https://confighub.github.io/helm-expt/site/d/data/helm-catalog-readmes/spaces/plain-yaml-acme-web-base/README.html#where-each-setting-comes-from -> https://confighub.github.io/helm-expt/site/d/data/helm-catalog-readmes/spaces/plain-yaml-acme-web-base/README.html#what-to-inspect-in-hub"
"platform","platform-238","5","action","Helm","P-A6","follow a retained base through staging approval release and delivery","https://confighub.github.io/helm-expt/site/how-it-works.html","partial","5","142","no","4","no","4","5","yes","no","bookmark","https://confighub.github.io/helm-expt/site/how-it-works.html","Operate · Config Workshop","lready run. cub installer Account upload Bring it into ConfigHub as a base. Public config chains into your private org here. cub variant upload Account release Publish an approved, immutable release with history, so the clus","https://confighub.github.io/helm-expt/site/how-it-works.html -> https://confighub.github.io/helm-expt/site/confighub.html -> https://confighub.github.io/helm-expt/site/deploy-with-flux-or-argo.html -> https://confighub.github.io/helm-expt/site/d/data/catalog-oci-delivery-proof/summary.html -> https://confighub.github.io/helm-expt/site/testing.html -> https://confighub.github.io/helm-expt/site/d/data/helm-catalog-readmes/spaces/plain-yaml-acme-web-base/README.html"
"platform","platform-239","5","action","Helm","P-A6","follow a retained base through staging approval release and delivery","https://confighub.github.io/helm-expt/site/docs.html","partial","5","136","no","4","no","4","5","yes","no","bookmark","https://confighub.github.io/helm-expt/site/docs.html","Docs · Config Workshop","d by the claim. The selected revision must be deployed. Every Catalog base records these answers separately. Missing prerequisites are blocked or not run, not failed conformance. Open the cross-format cases . SOURCE F1 · sou","https://confighub.github.io/helm-expt/site/docs.html -> https://confighub.github.io/helm-expt/site/charts/index.html#base-variants -> https://confighub.github.io/helm-expt/site/d/data/helm-catalog-readmes/spaces/timoni-redis-8-10-1-base/README.html -> https://confighub.github.io/helm-expt/site/d/data/helm-catalog-readmes/spaces/timoni-redis-8-10-1-base/README.html#why-this-example-exists -> https://confighub.github.io/helm-expt/site/d/data/helm-catalog-readmes/spaces/timoni-redis-8-10-1-base/README.html#what-this-example-shows -> https://confighub.github.io/helm-expt/site/d/data/helm-catalog-readmes/spaces/timoni-redis-8-10-1-base/README.html#where-each-setting-comes-from"
"platform","platform-240","5","action","Helm","P-A6","follow a retained base through staging approval release and delivery","https://confighub.github.io/helm-expt/site/confighub.html","partial","5","137","no","4","no","4","5","yes","no","bookmark","https://confighub.github.io/helm-expt/site/confighub.html","Use ConfigHub · Config Workshop","is is also where public configuration chains into your private org: a base you upload keeps sending you fixes while protection keeps the values you chose. ConfigHub shows exact diffs, promotes reviewed changes from developme","https://confighub.github.io/helm-expt/site/confighub.html -> https://confighub.github.io/helm-expt/site/deploy-with-flux-or-argo.html -> https://confighub.github.io/helm-expt/site/d/data/catalog-oci-delivery-proof/summary.html -> https://confighub.github.io/helm-expt/site/testing.html -> https://confighub.github.io/helm-expt/site/d/data/helm-catalog-readmes/spaces/plain-yaml-acme-web-base/README.html -> https://confighub.github.io/helm-expt/site/d/data/helm-catalog-readmes/spaces/plain-yaml-acme-web-base/README.html#why-this-example-exists"
"reviewer","reviewer-001","5","comprehension","Helm","S-C1","understand checked versus not checked","https://confighub.github.io/helm-expt/site/index.html","success","1","39","no","2","yes","3","3","yes","yes","continue","https://confighub.github.io/helm-expt/site/proof.html#check-one-claim","Why trust it · Config Workshop","an image with no receipt. Certified means the receipt names what was checked and what was not, and it never means ""works on your cluster"". Signed means who published it can be proven, with a key today and keyless next. The ins","https://confighub.github.io/helm-expt/site/index.html -> https://confighub.github.io/helm-expt/site/proof.html#check-one-claim"
"reviewer","reviewer-002","5","comprehension","Helm","S-C1","understand checked versus not checked","https://confighub.github.io/helm-expt/site/ai.html","success","1","38","no","2","yes","3","3","yes","yes","continue","https://confighub.github.io/helm-expt/site/proof.html#check-one-claim","Why trust it · Config Workshop","an image with no receipt. Certified means the receipt names what was checked and what was not, and it never means ""works on your cluster"". Signed means who published it can be proven, with a key today and keyless next. The ins","https://confighub.github.io/helm-expt/site/ai.html -> https://confighub.github.io/helm-expt/site/proof.html#check-one-claim"
"reviewer","reviewer-003","5","comprehension","Helm","S-C1","understand checked versus not checked","https://confighub.github.io/helm-expt/site/ask.html","success","0","23","yes","3","no","3","3","yes","yes","continue","https://confighub.github.io/helm-expt/site/ask.html","Check my config · Config Workshop","use. Only completed checks count as evidence. Everything else is not checked and cannot support a safety claim. Complete result hash: Download complete result Create a pull-request report from this result . The same local comm","https://confighub.github.io/helm-expt/site/ask.html"
"reviewer","reviewer-004","5","comprehension","Helm","S-C1","understand checked versus not checked","https://confighub.github.io/helm-expt/site/promote.html","success","1","43","no","2","yes","3","3","yes","yes","continue","https://confighub.github.io/helm-expt/site/proof.html#check-one-claim","Why trust it · Config Workshop","an image with no receipt. Certified means the receipt names what was checked and what was not, and it never means ""works on your cluster"". Signed means who published it can be proven, with a key today and keyless next. The ins","https://confighub.github.io/helm-expt/site/promote.html -> https://confighub.github.io/helm-expt/site/proof.html#check-one-claim"
"reviewer","reviewer-005","5","comprehension","Helm","S-C1","understand checked versus not checked","https://confighub.github.io/helm-expt/site/charts/index.html","success","1","44","no","2","yes","3","3","yes","yes","continue","https://confighub.github.io/helm-expt/site/proof.html","Why trust it · Config Workshop","an image with no receipt. Certified means the receipt names what was checked and what was not, and it never means ""works on your cluster"". Signed means who published it can be proven, with a key today and keyless next. The ins","https://confighub.github.io/helm-expt/site/charts/index.html -> https://confighub.github.io/helm-expt/site/proof.html"
"reviewer","reviewer-006","5","comprehension","Helm","S-C1","understand checked versus not checked","https://confighub.github.io/helm-expt/site/try.html","success","1","36","no","1","yes","3","3","yes","yes","continue","https://confighub.github.io/helm-expt/site/proof.html","Why trust it · Config Workshop","an image with no receipt. Certified means the receipt names what was checked and what was not, and it never means ""works on your cluster"". Signed means who published it can be proven, with a key today and keyless next. The ins","https://confighub.github.io/helm-expt/site/try.html -> https://confighub.github.io/helm-expt/site/proof.html"
"reviewer","reviewer-007","5","comprehension","Helm","S-C1","understand checked versus not checked","https://confighub.github.io/helm-expt/site/testing.html","success","1","39","no","2","yes","3","3","yes","yes","continue","https://confighub.github.io/helm-expt/site/proof.html","Why trust it · Config Workshop","an image with no receipt. Certified means the receipt names what was checked and what was not, and it never means ""works on your cluster"". Signed means who published it can be proven, with a key today and keyless next. The ins","https://confighub.github.io/helm-expt/site/testing.html -> https://confighub.github.io/helm-expt/site/proof.html"
"reviewer","reviewer-008","5","comprehension","Helm","S-C1","understand checked versus not checked","https://confighub.github.io/helm-expt/site/how-it-works.html","success","1","40","no","1","yes","3","3","yes","yes","continue","https://confighub.github.io/helm-expt/site/proof.html","Why trust it · Config Workshop","an image with no receipt. Certified means the receipt names what was checked and what was not, and it never means ""works on your cluster"". Signed means who published it can be proven, with a key today and keyless next. The ins","https://confighub.github.io/helm-expt/site/how-it-works.html -> https://confighub.github.io/helm-expt/site/proof.html"
"reviewer","reviewer-009","5","comprehension","Helm","S-C1","understand checked versus not checked","https://confighub.github.io/helm-expt/site/docs.html","success","1","42","no","2","yes","3","3","yes","yes","continue","https://confighub.github.io/helm-expt/site/proof.html#check-one-claim","Why trust it · Config Workshop","an image with no receipt. Certified means the receipt names what was checked and what was not, and it never means ""works on your cluster"". Signed means who published it can be proven, with a key today and keyless next. The ins","https://confighub.github.io/helm-expt/site/docs.html -> https://confighub.github.io/helm-expt/site/proof.html#check-one-claim"
"reviewer","reviewer-010","5","comprehension","Helm","S-C1","understand checked versus not checked","https://confighub.github.io/helm-expt/site/confighub.html","success","1","41","no","2","yes","3","3","yes","yes","continue","https://confighub.github.io/helm-expt/site/proof.html","Why trust it · Config Workshop","an image with no receipt. Certified means the receipt names what was checked and what was not, and it never means ""works on your cluster"". Signed means who published it can be proven, with a key today and keyless next. The ins","https://confighub.github.io/helm-expt/site/confighub.html -> https://confighub.github.io/helm-expt/site/proof.html"
"reviewer","reviewer-011","5","comprehension","OCI","S-C2","distinguish object, OCI manifest, and release identities","https://confighub.github.io/helm-expt/site/index.html","partial","5","172","no","2","no","2","4","yes","no","bookmark","https://confighub.github.io/helm-expt/site/index.html","Config Workshop · Understand and test your configuration","production. Public config chains into your private org here, and the object digest travels with it. Running AI on GPUs? Inspect a retained AI-platform configuration without a GPU , or compare the GPU nodes you already run. The same","https://confighub.github.io/helm-expt/site/index.html -> https://confighub.github.io/helm-expt/site/deploy-with-flux-or-argo.html -> https://confighub.github.io/helm-expt/site/d/data/catalog-oci-delivery-proof/summary.html -> https://confighub.github.io/helm-expt/site/proof.html -> https://confighub.github.io/helm-expt/site/proof.html#security -> https://confighub.github.io/helm-expt/site/d/docs/user/verification-lanes.html"
"reviewer","reviewer-012","5","comprehension","OCI","S-C2","distinguish object, OCI manifest, and release identities","https://confighub.github.io/helm-expt/site/ai.html","partial","5","299","no","2","no","2","4","yes","no","bookmark","https://confighub.github.io/helm-expt/site/ai.html","AI with review and evidence · Config Workshop","ot apply configuration. The agent must keep its result with the exact object digest and list target or live checks that did not run. 3. Keep the answer tied to records The skill reads the same public files as the site, and treats pag","https://confighub.github.io/helm-expt/site/ai.html -> https://confighub.github.io/helm-expt/site/proof.html#check-one-claim -> https://confighub.github.io/helm-expt/site/proof.html#security -> https://confighub.github.io/helm-expt/site/d/docs/user/verification-lanes.html -> https://confighub.github.io/helm-expt/site/d/tests/npm-scripts.html -> https://confighub.github.io/helm-expt/site/d/tests/npm-scripts.html#user-install-verification"
"reviewer","reviewer-013","5","comprehension","OCI","S-C2","distinguish object, OCI manifest, and release identities","https://confighub.github.io/helm-expt/site/ask.html","partial","5","295","no","2","no","2","4","yes","no","bookmark","https://confighub.github.io/helm-expt/site/ask.html","Check my config · Config Workshop","bjects in this browser Add the exact rendered candidate. Add a second object set when you want to compare it with defaults, an older version, production, OCI, Git, or exported live objects. Helm, AICR, and Timoni must produce thei","https://confighub.github.io/helm-expt/site/ask.html -> https://confighub.github.io/helm-expt/site/ask.html#supply-drift -> https://confighub.github.io/helm-expt/site/ask.html#ignored-values -> https://confighub.github.io/helm-expt/site/ask.html#check-files-title -> https://confighub.github.io/helm-expt/site/d/docs/user/existing-helm-release-diagnostic.html -> https://confighub.github.io/helm-expt/site/d/docs/user/existing-helm-release-diagnostic.html#capture-helms-record"
"reviewer","reviewer-014","5","comprehension","OCI","S-C2","distinguish object, OCI manifest, and release identities","https://confighub.github.io/helm-expt/site/promote.html","partial","5","173","no","3","no","3","4","yes","no","bookmark","https://confighub.github.io/helm-expt/site/promote.html","Promote my config · Config Workshop","ction receives them. In the website: compare the current and proposed object sets. Add staging results and download a review bound to both file hashes. On the command line: create those object sets with Helm, AICR, OCI, or another","https://confighub.github.io/helm-expt/site/promote.html -> https://confighub.github.io/helm-expt/site/deploy-with-flux-or-argo.html -> https://confighub.github.io/helm-expt/site/d/data/catalog-oci-delivery-proof/summary.html -> https://confighub.github.io/helm-expt/site/proof.html -> https://confighub.github.io/helm-expt/site/proof.html#security -> https://confighub.github.io/helm-expt/site/d/docs/user/verification-lanes.html"
"reviewer","reviewer-015","5","comprehension","OCI","S-C2","distinguish object, OCI manifest, and release identities","https://confighub.github.io/helm-expt/site/charts/index.html","success","2","69","no","1","yes","4","4","yes","yes","continue","https://confighub.github.io/helm-expt/site/how-it-works.html#now-deploy","Operate · Config Workshop","er required checks and approvals. Keep their identities separate. The object digest covers the exact Kubernetes object set, an OCI manifest digest identifies one registry manifest, and a release OCI digest identifies the approved rel","https://confighub.github.io/helm-expt/site/charts/index.html -> https://confighub.github.io/helm-expt/site/charts/rook-release-rook-ceph-v1-19-5.html -> https://confighub.github.io/helm-expt/site/how-it-works.html#now-deploy"
"reviewer","reviewer-016","5","comprehension","OCI","S-C2","distinguish object, OCI manifest, and release identities","https://confighub.github.io/helm-expt/site/try.html","partial","5","113","no","2","no","2","4","no","no","bookmark","https://confighub.github.io/helm-expt/site/try.html","Try it: Redis in ten minutes · Config Workshop","cret before deployment. Input: a Catalog installer OCI, pinned to the manifest digest in its publication receipt. Output: readable Kubernetes files plus a local configuration OCI at ./redis-25.oci . cub installer setup --pull oci://eur","https://confighub.github.io/helm-expt/site/try.html -> https://confighub.github.io/helm-expt/site/testing.html -> https://confighub.github.io/helm-expt/site/d/docs/user/inspect-oci-package.html -> https://confighub.github.io/helm-expt/site/d/docs/user/inspect-oci-package.html#repository-verification -> https://confighub.github.io/helm-expt/site/d/docs/user/inspect-oci-package.html#inspect-literal-kubernetes-configuration -> https://confighub.github.io/helm-expt/site/d/docs/user/inspect-oci-package.html#inspect-a-cub-installer-package"
"reviewer","reviewer-017","5","comprehension","OCI","S-C2","distinguish object, OCI manifest, and release identities","https://confighub.github.io/helm-expt/site/testing.html","fail","5","105","no","1","no","1","4","yes","no","leave","https://confighub.github.io/helm-expt/site/testing.html","Worked Examples · Config Workshop","requires live lookup results or target-specific capabilities needs a different recorded render path. The worked NGINX review starts with AI-written values. It keeps the requested replica count and corrects six settings before de","https://confighub.github.io/helm-expt/site/testing.html -> https://confighub.github.io/helm-expt/site/d/docs/user/inspect-oci-package.html -> https://confighub.github.io/helm-expt/site/d/docs/user/inspect-oci-package.html#repository-verification -> https://confighub.github.io/helm-expt/site/d/docs/user/inspect-oci-package.html#inspect-literal-kubernetes-configuration -> https://confighub.github.io/helm-expt/site/d/docs/user/inspect-oci-package.html#inspect-a-cub-installer-package -> https://confighub.github.io/helm-expt/site/d/docs/user/inspect-oci-package.html#read-the-result"
"reviewer","reviewer-018","5","comprehension","OCI","S-C2","distinguish object, OCI manifest, and release identities","https://confighub.github.io/helm-expt/site/how-it-works.html","success","0","20","yes","4","no","4","4","yes","yes","continue","https://confighub.github.io/helm-expt/site/how-it-works.html","Operate · Config Workshop","er required checks and approvals. Keep their identities separate. The object digest covers the exact Kubernetes object set, an OCI manifest digest identifies one registry manifest, and a release OCI digest identifies the approved rel","https://confighub.github.io/helm-expt/site/how-it-works.html"
"reviewer","reviewer-019","5","comprehension","OCI","S-C2","distinguish object, OCI manifest, and release identities","https://confighub.github.io/helm-expt/site/docs.html","partial","5","190","no","2","no","2","4","yes","no","bookmark","https://confighub.github.io/helm-expt/site/docs.html","Docs · Config Workshop","is step only reads and checks them. The result is an exact Kubernetes object set with an inventory and digest. Make a new base variant when the source inputs should produce a different object set. Use a derived ConfigHub variant w","https://confighub.github.io/helm-expt/site/docs.html -> https://confighub.github.io/helm-expt/site/proof.html#security -> https://confighub.github.io/helm-expt/site/d/docs/user/verification-lanes.html -> https://confighub.github.io/helm-expt/site/d/tests/npm-scripts.html -> https://confighub.github.io/helm-expt/site/d/tests/npm-scripts.html#user-install-verification -> https://confighub.github.io/helm-expt/site/d/tests/npm-scripts.html#user-bulk-ops-verification"
"reviewer","reviewer-020","5","comprehension","OCI","S-C2","distinguish object, OCI manifest, and release identities","https://confighub.github.io/helm-expt/site/confighub.html","partial","5","105","no","2","no","2","4","yes","no","bookmark","https://confighub.github.io/helm-expt/site/confighub.html","Use ConfigHub · Config Workshop","osed object hash must move through named environments with approvals, release digests, and target results. Job What ConfigHub keeps Start here Compare development and production Both variants, their source relationship, and exact obje","https://confighub.github.io/helm-expt/site/confighub.html -> https://confighub.github.io/helm-expt/site/testing.html#managed -> https://confighub.github.io/helm-expt/site/d/docs/user/inspect-oci-package.html -> https://confighub.github.io/helm-expt/site/d/docs/user/inspect-oci-package.html#repository-verification -> https://confighub.github.io/helm-expt/site/d/docs/user/inspect-oci-package.html#inspect-literal-kubernetes-configuration -> https://confighub.github.io/helm-expt/site/d/docs/user/inspect-oci-package.html#inspect-a-cub-installer-package"
"reviewer","reviewer-021","5","comprehension","Helm","S-C3","understand apply gates","https://confighub.github.io/helm-expt/site/index.html","success","0","17","yes","3","no","3","3","yes","yes","continue","https://confighub.github.io/helm-expt/site/index.html","Config Workshop · Understand and test your configuration","nders a catalog package and writes the files locally, and it does not apply anything to a cluster. See Deployment . Add --out oci://… to any free verb and the result leaves as a verified image with its receipt attached. Befor","https://confighub.github.io/helm-expt/site/index.html"
"reviewer","reviewer-022","5","comprehension","Helm","S-C3","understand apply gates","https://confighub.github.io/helm-expt/site/ai.html","success","0","20","yes","3","no","3","3","yes","yes","continue","https://confighub.github.io/helm-expt/site/ai.html","AI with review and evidence · Config Workshop","--output cub-check.json ./rendered cub check is advisory and does not apply configuration. The agent must keep its result with the exact object digest and list target or live checks that did not run. 3. Keep the answer tied t","https://confighub.github.io/helm-expt/site/ai.html"
"reviewer","reviewer-023","5","comprehension","Helm","S-C3","understand apply gates","https://confighub.github.io/helm-expt/site/ask.html","success","0","22","yes","3","no","3","3","yes","yes","continue","https://confighub.github.io/helm-expt/site/ask.html","Check my config · Config Workshop","ues I have rendered YAML Other common jobs Render and inspect without applying · Compare development and production · Handle hooks and CRD ordering · Read delivery limits What this page can answer Question What happens here W","https://confighub.github.io/helm-expt/site/ask.html"
"reviewer","reviewer-024","5","comprehension","Helm","S-C3","understand apply gates","https://confighub.github.io/helm-expt/site/promote.html","success","0","23","yes","3","no","3","3","yes","yes","continue","https://confighub.github.io/helm-expt/site/promote.html","Promote my config · Config Workshop","CD reconciled both exact ConfigHub release digests using server-side apply for the large CRDs. Runtime Pass: six workloads, the operator endpoint, and Kubernetes admission checks. This proves one chart, one version pair, one","https://confighub.github.io/helm-expt/site/promote.html"
"reviewer","reviewer-025","5","comprehension","Helm","S-C3","understand apply gates","https://confighub.github.io/helm-expt/site/charts/index.html","success","0","24","yes","3","no","3","3","yes","yes","continue","https://confighub.github.io/helm-expt/site/charts/index.html","Component Catalog · Config Workshop",", typed options, selected defaults, seven exact objects, master-first apply order, optional test, and destination requirements. Cluster-free build and anonymous OCI pull passed. A ConfigHub base and linked development variant","https://confighub.github.io/helm-expt/site/charts/index.html"
"reviewer","reviewer-026","5","comprehension","Helm","S-C3","understand apply gates","https://confighub.github.io/helm-expt/site/try.html","success","1","39","no","2","yes","3","3","yes","yes","continue","https://confighub.github.io/helm-expt/site/ask.html","Check my config · Config Workshop","ues I have rendered YAML Other common jobs Render and inspect without applying · Compare development and production · Handle hooks and CRD ordering · Read delivery limits What this page can answer Question What happens here W","https://confighub.github.io/helm-expt/site/try.html -> https://confighub.github.io/helm-expt/site/ask.html"
"reviewer","reviewer-027","5","comprehension","Helm","S-C3","understand apply gates","https://confighub.github.io/helm-expt/site/testing.html","success","0","21","yes","3","no","3","3","yes","yes","continue","https://confighub.github.io/helm-expt/site/testing.html","Worked Examples · Config Workshop","> \ --namespace <namespace> \ --values ./my-values.yaml This does not apply the chart to Kubernetes. ConfigHub stores the rendered objects in myapp-base . It stores the chart, version, and values in myapp-helm . cub helm inst","https://confighub.github.io/helm-expt/site/testing.html"
"reviewer","reviewer-028","5","comprehension","Helm","S-C3","understand apply gates","https://confighub.github.io/helm-expt/site/how-it-works.html","success","0","21","yes","3","no","3","3","yes","yes","continue","https://confighub.github.io/helm-expt/site/how-it-works.html","Operate · Config Workshop","pt it? Check the exact candidate against the named destination before apply. This needs destination access, not a deployment. Did it work? Check controller, resource, runtime, drift, and rollback results after the exact revis","https://confighub.github.io/helm-expt/site/how-it-works.html"
"reviewer","reviewer-029","5","comprehension","Helm","S-C3","understand apply gates","https://confighub.github.io/helm-expt/site/docs.html","success","0","22","yes","3","no","3","3","yes","yes","continue","https://confighub.github.io/helm-expt/site/docs.html","Docs · Config Workshop","and upgrading it. First choose the answer you need The same questions apply to every input format, from a Helm chart to plain Kubernetes YAML. Choose the question you need before choosing a command. Question What you need Wha","https://confighub.github.io/helm-expt/site/docs.html"
"reviewer","reviewer-030","5","comprehension","Helm","S-C3","understand apply gates","https://confighub.github.io/helm-expt/site/confighub.html","success","1","38","no","2","yes","3","3","yes","yes","continue","https://confighub.github.io/helm-expt/site/ask.html#check-files","Check my config · Config Workshop","ues I have rendered YAML Other common jobs Render and inspect without applying · Compare development and production · Handle hooks and CRD ordering · Read delivery limits What this page can answer Question What happens here W","https://confighub.github.io/helm-expt/site/confighub.html -> https://confighub.github.io/helm-expt/site/ask.html#check-files"
"reviewer","reviewer-031","5","comprehension","Helm","S-C4","understand rollback proof","https://confighub.github.io/helm-expt/site/index.html","success","0","19","yes","3","no","3","3","yes","yes","continue","https://confighub.github.io/helm-expt/site/index.html","Config Workshop · Understand and test your configuration","vision, deployed, with live evidence. Controller, workload, drift and rollback results that were actually checked. A missing prerequisite is reported as blocked or not-run. It is a different result from a configuration that fail","https://confighub.github.io/helm-expt/site/index.html"
"reviewer","reviewer-032","5","comprehension","Helm","S-C4","understand rollback proof","https://confighub.github.io/helm-expt/site/ai.html","success","0","20","yes","3","no","3","3","yes","yes","continue","https://confighub.github.io/helm-expt/site/ai.html","AI with review and evidence · Config Workshop","Did it work? Read controller, resource, workload, runtime, drift, and rollback evidence. The exact revision must have been deployed, and the required live check must have run. For AICR, snapshot and diff inspect existing GPU nod","https://confighub.github.io/helm-expt/site/ai.html"
"reviewer","reviewer-033","5","comprehension","Helm","S-C4","understand rollback proof","https://confighub.github.io/helm-expt/site/ask.html","success","0","21","yes","3","no","3","3","yes","yes","continue","https://confighub.github.io/helm-expt/site/ask.html","Check my config · Config Workshop","t before deployment. Record controller, resource, runtime, drift, and rollback results after the exact revision is delivered. Already comparing GPU nodes rather than a deployable configuration? Use AICR snapshot and diff . That","https://confighub.github.io/helm-expt/site/ask.html"
"reviewer","reviewer-034","5","comprehension","Helm","S-C4","understand rollback proof","https://confighub.github.io/helm-expt/site/promote.html","success","0","22","yes","3","no","3","3","yes","yes","continue","https://confighub.github.io/helm-expt/site/promote.html","Promote my config · Config Workshop","complete Redis run Open the Redis promotion, two-cluster rollout, and rollback evidence · Redis 25.5.3 · Redis 27.0.0 Test candidates, then promote the one that passed A configuration can answer a smoke test and still be wrong f","https://confighub.github.io/helm-expt/site/promote.html"
"reviewer","reviewer-035","5","comprehension","Helm","S-C4","understand rollback proof","https://confighub.github.io/helm-expt/site/charts/index.html","success","0","22","yes","3","no","3","3","yes","yes","continue","https://confighub.github.io/helm-expt/site/charts/index.html","Component Catalog · Config Workshop","ork? The recorded controller, resource, workload, runtime, drift, and rollback results that were actually checked. The exact selected revision must have been deployed. Pick a chart and version. Its page shows the package digest,","https://confighub.github.io/helm-expt/site/charts/index.html"
"reviewer","reviewer-036","5","comprehension","Helm","S-C4","understand rollback proof","https://confighub.github.io/helm-expt/site/try.html","partial","5","101","no","2","no","2","3","yes","no","bookmark","https://confighub.github.io/helm-expt/site/try.html","Try it: Redis in ten minutes · Config Workshop","pendent objects are applied. Read the full Kubernetes YAML · Read the recorded inputs and requirements · Read the anonymous run result You have finished the first example You now have readable Kubernetes files and a local OCI pa","https://confighub.github.io/helm-expt/site/try.html -> https://confighub.github.io/helm-expt/site/d/data/redis-public-walkthrough-proof/summary.html -> https://confighub.github.io/helm-expt/site/d/data/redis-public-walkthrough-proof/summary.html#result -> https://confighub.github.io/helm-expt/site/d/data/redis-public-walkthrough-proof/summary.html#where-confighub-starts -> https://confighub.github.io/helm-expt/site/d/data/redis-public-walkthrough-proof/summary.html#limits -> https://confighub.github.io/helm-expt/site/proof.html"
"reviewer","reviewer-037","5","comprehension","Helm","S-C4","understand rollback proof","https://confighub.github.io/helm-expt/site/testing.html","success","0","19","yes","3","no","3","3","yes","yes","continue","https://confighub.github.io/helm-expt/site/testing.html","Worked Examples · Config Workshop","d revision and the controller, resource, workload, runtime, drift, or rollback evidence actually collected. An example may answer only one or two questions. Later stages remain blocked or not run until their required input exist","https://confighub.github.io/helm-expt/site/testing.html"
"reviewer","reviewer-038","5","comprehension","Helm","S-C4","understand rollback proof","https://confighub.github.io/helm-expt/site/how-it-works.html","success","0","18","yes","3","no","3","3","yes","yes","continue","https://confighub.github.io/helm-expt/site/how-it-works.html","Operate · Config Workshop","romote Paid govern Run a stack under governance: approvals, releases, rollback, drift, a fleet view. the commercial product A stack adds two free rungs: certify checks that a whole composition holds together, and sandbox renders","https://confighub.github.io/helm-expt/site/how-it-works.html"
"reviewer","reviewer-039","5","comprehension","Helm","S-C4","understand rollback proof","https://confighub.github.io/helm-expt/site/docs.html","success","0","19","yes","3","no","3","3","yes","yes","continue","https://confighub.github.io/helm-expt/site/docs.html","Docs · Config Workshop","digest. The Redis walkthrough shows one full upgrade, promotion, and rollback. What can a ConfigHub App automate? Apps on ConfigHub includes upgrade, RBAC, and fleet examples, among others. How do I roll a change through a flee","https://confighub.github.io/helm-expt/site/docs.html"
"reviewer","reviewer-040","5","comprehension","Helm","S-C4","understand rollback proof","https://confighub.github.io/helm-expt/site/confighub.html","success","0","17","yes","3","no","3","3","yes","yes","continue","https://confighub.github.io/helm-expt/site/confighub.html","Use ConfigHub · Config Workshop","bject revision or release digest. External effects remain outside the rollback claim. Redis promotion and rollback Compare desired with live The approved desired objects and a separately dated live observation. Desired and live","https://confighub.github.io/helm-expt/site/confighub.html"
"reviewer","reviewer-041","5","navigation","Helm","S-N1","find credential warnings","https://confighub.github.io/helm-expt/site/index.html","success","2","47","no","1","no","2","2","yes","yes","continue","https://confighub.github.io/helm-expt/site/known-gaps.html","Delivery Limitations · Config Workshop","means, and what to do now Fix or boundary Evidence Fixed placeholder credentials Blocks production use of those renders Some deterministic demo renders contain a fixed placeholder. A placeholder must never be presented as a gener","https://confighub.github.io/helm-expt/site/index.html -> https://confighub.github.io/helm-expt/site/deploy-with-flux-or-argo.html -> https://confighub.github.io/helm-expt/site/known-gaps.html"
"reviewer","reviewer-042","5","navigation","Helm","S-N1","find credential warnings","https://confighub.github.io/helm-expt/site/ai.html","success","1","36","no","1","yes","2","2","yes","yes","continue","https://confighub.github.io/helm-expt/site/known-gaps.html","Delivery Limitations · Config Workshop","means, and what to do now Fix or boundary Evidence Fixed placeholder credentials Blocks production use of those renders Some deterministic demo renders contain a fixed placeholder. A placeholder must never be presented as a gener","https://confighub.github.io/helm-expt/site/ai.html -> https://confighub.github.io/helm-expt/site/known-gaps.html"
"reviewer","reviewer-043","5","navigation","Helm","S-N1","find credential warnings","https://confighub.github.io/helm-expt/site/ask.html","success","0","21","yes","2","no","2","2","yes","yes","continue","https://confighub.github.io/helm-expt/site/ask.html","Check my config · Config Workshop","sed commands, objects, and evidence before accepting them. Do not add credentials or Secret values. Keep private source names and paths local. The optional public Catalog proposal is only for material you are allowed to publish. S","https://confighub.github.io/helm-expt/site/ask.html"
"reviewer","reviewer-044","5","navigation","Helm","S-N1","find credential warnings","https://confighub.github.io/helm-expt/site/promote.html","success","0","20","yes","2","no","2","2","yes","yes","continue","https://confighub.github.io/helm-expt/site/promote.html","Promote my config · Config Workshop","default configuration is not used because it can generate or reuse a password during rendering. Both inputs also contain the recorded change from three replicas to two. This comparison contains the chart's 13 Kubernetes objects","https://confighub.github.io/helm-expt/site/promote.html"
"reviewer","reviewer-045","5","navigation","Helm","S-N1","find credential warnings","https://confighub.github.io/helm-expt/site/charts/index.html","success","0","22","yes","2","no","2","2","yes","yes","continue","https://confighub.github.io/helm-expt/site/charts/index.html","Component Catalog · Config Workshop","10 GiB available. No GPU, cloud account, ConfigHub account, or model credential. ConfigHub retained the two changed Units, published OCI, Argo CD pulled the same digest, the pod became ready, and the model answered. Read the proo","https://confighub.github.io/helm-expt/site/charts/index.html"
"reviewer","reviewer-046","5","navigation","Helm","S-N1","find credential warnings","https://confighub.github.io/helm-expt/site/try.html","success","1","35","no","1","yes","2","2","yes","yes","continue","https://confighub.github.io/helm-expt/site/known-gaps.html","Delivery Limitations · Config Workshop","means, and what to do now Fix or boundary Evidence Fixed placeholder credentials Blocks production use of those renders Some deterministic demo renders contain a fixed placeholder. A placeholder must never be presented as a gener","https://confighub.github.io/helm-expt/site/try.html -> https://confighub.github.io/helm-expt/site/known-gaps.html"
"reviewer","reviewer-047","5","navigation","Helm","S-N1","find credential warnings","https://confighub.github.io/helm-expt/site/testing.html","success","0","19","yes","2","no","2","2","yes","yes","continue","https://confighub.github.io/helm-expt/site/testing.html","Worked Examples · Config Workshop","10 GiB available. No GPU, cloud account, ConfigHub account, or model credential. ConfigHub retained the two changed Units, published OCI, Argo CD pulled the same digest, the pod became ready, and the model answered. Read the proo","https://confighub.github.io/helm-expt/site/testing.html"
"reviewer","reviewer-048","5","navigation","Helm","S-N1","find credential warnings","https://confighub.github.io/helm-expt/site/how-it-works.html","success","0","22","yes","2","no","2","2","yes","yes","continue","https://confighub.github.io/helm-expt/site/how-it-works.html","Operate · Config Workshop","te it silently; overlapping changes require review. Protected input A credential or other sensitive value stays outside portable configuration. The objects contain a reference or requirement instead. Prune-protected resource The d","https://confighub.github.io/helm-expt/site/how-it-works.html"
"reviewer","reviewer-049","5","navigation","Helm","S-N1","find credential warnings","https://confighub.github.io/helm-expt/site/docs.html","success","0","22","yes","2","no","2","2","yes","yes","continue","https://confighub.github.io/helm-expt/site/docs.html","Docs · Config Workshop","zation is a no-op. Whether a named destination has the required APIs, credentials, hardware, and lifecycle setup. Can this destination accept it? The exact candidate and current facts from the named destination. That the configura","https://confighub.github.io/helm-expt/site/docs.html"
"reviewer","reviewer-050","5","navigation","Helm","S-N1","find credential warnings","https://confighub.github.io/helm-expt/site/confighub.html","success","1","35","no","0","yes","2","2","yes","yes","continue","https://confighub.github.io/helm-expt/site/known-gaps.html","Delivery Limitations · Config Workshop","means, and what to do now Fix or boundary Evidence Fixed placeholder credentials Blocks production use of those renders Some deterministic demo renders contain a fixed placeholder. A placeholder must never be presented as a gener","https://confighub.github.io/helm-expt/site/confighub.html -> https://confighub.github.io/helm-expt/site/known-gaps.html"
"reviewer","reviewer-051","5","navigation","Helm","S-N2","find image or package digests","https://confighub.github.io/helm-expt/site/index.html","success","0","18","yes","2","no","2","2","yes","yes","continue","https://confighub.github.io/helm-expt/site/index.html","Config Workshop · Understand and test your configuration","account: save the reviewed YAML, then publish a release pinned to its digest $ cub variant upload --component redis --variant base redis.yaml $ cub release publish redis-app # your Argo CD or Flux pulls that digest; receipts o","https://confighub.github.io/helm-expt/site/index.html"
"reviewer","reviewer-052","5","navigation","Helm","S-N2","find image or package digests","https://confighub.github.io/helm-expt/site/ai.html","success","0","20","yes","2","no","2","2","yes","yes","continue","https://confighub.github.io/helm-expt/site/ai.html","AI with review and evidence · Config Workshop","on your machine and Secret values are redacted. It pins versions and digests, reports any check it skipped, and previews a change before making it. 2. Ask for one result An assistant given only this site and one sentence has","https://confighub.github.io/helm-expt/site/ai.html"
"reviewer","reviewer-053","5","navigation","Helm","S-N2","find image or package digests","https://confighub.github.io/helm-expt/site/ask.html","success","0","23","yes","2","no","2","2","yes","yes","continue","https://confighub.github.io/helm-expt/site/ask.html","Check my config · Config Workshop","ote these values. What did they actually change? Do these version and digest records identify the same bytes? Add detail to the question (optional) Chart Version or version pair 27.0.0""> Search the Catalog for this chart and v","https://confighub.github.io/helm-expt/site/ask.html"
"reviewer","reviewer-054","5","navigation","Helm","S-N2","find image or package digests","https://confighub.github.io/helm-expt/site/promote.html","success","0","21","yes","2","no","2","2","yes","yes","continue","https://confighub.github.io/helm-expt/site/promote.html","Promote my config · Config Workshop","ation accept it? Add current destination checks for the same proposed digest. Without them, the answer remains not run. Did it work? Add staging or live results only after the exact revision has been deployed. One passing targ","https://confighub.github.io/helm-expt/site/promote.html"
"reviewer","reviewer-055","5","navigation","Helm","S-N2","find image or package digests","https://confighub.github.io/helm-expt/site/charts/index.html","success","0","24","yes","2","no","2","2","yes","yes","continue","https://confighub.github.io/helm-expt/site/charts/index.html","Component Catalog · Config Workshop","e been deployed. Pick a chart and version. Its page shows the package digest, available configurations, and the evidence attached to that exact version. Search Helm charts Readiness All Ready to try Review before use Package p","https://confighub.github.io/helm-expt/site/charts/index.html"
"reviewer","reviewer-056","5","navigation","Helm","S-N2","find image or package digests","https://confighub.github.io/helm-expt/site/try.html","success","0","20","yes","2","no","2","2","yes","yes","continue","https://confighub.github.io/helm-expt/site/try.html","Try it: Redis in ten minutes · Config Workshop","re deployment. Input: a Catalog installer OCI, pinned to the manifest digest in its publication receipt. Output: readable Kubernetes files plus a local configuration OCI at ./redis-25.oci . cub installer setup --pull oci://eur","https://confighub.github.io/helm-expt/site/try.html"
"reviewer","reviewer-057","5","navigation","Helm","S-N2","find image or package digests","https://confighub.github.io/helm-expt/site/testing.html","success","0","18","yes","2","no","2","2","yes","yes","continue","https://confighub.github.io/helm-expt/site/testing.html","Worked Examples · Config Workshop","etained the two changed Units, published OCI, Argo CD pulled the same digest, the pod became ready, and the model answered. Read the proof . Inspect GPU state or an AICR platform Use snapshot and diff for existing GPU nodes wi","https://confighub.github.io/helm-expt/site/testing.html"
"reviewer","reviewer-058","5","navigation","Helm","S-N2","find image or package digests","https://confighub.github.io/helm-expt/site/how-it-works.html","success","0","21","yes","2","no","2","2","yes","yes","continue","https://confighub.github.io/helm-expt/site/how-it-works.html","Operate · Config Workshop","# one image into your org cub release publish redis-app # release by digest; your reconciler pulls it cub variant promote redis-staging # move the reviewed change up the tree The first is the workshop plugin; the rest are Con","https://confighub.github.io/helm-expt/site/how-it-works.html"
"reviewer","reviewer-059","5","navigation","Helm","S-N2","find image or package digests","https://confighub.github.io/helm-expt/site/docs.html","success","0","21","yes","2","no","2","2","yes","yes","continue","https://confighub.github.io/helm-expt/site/docs.html","Docs · Config Workshop","control points and immutable fields, then upgrade rendered bundles by digest. The Redis walkthrough shows one full upgrade, promotion, and rollback. What can a ConfigHub App automate? Apps on ConfigHub includes upgrade, RBAC,","https://confighub.github.io/helm-expt/site/docs.html"
"reviewer","reviewer-060","5","navigation","Helm","S-N2","find image or package digests","https://confighub.github.io/helm-expt/site/confighub.html","success","0","17","yes","2","no","2","2","yes","yes","continue","https://confighub.github.io/helm-expt/site/confighub.html","Use ConfigHub · Config Workshop","ai-values:24.0.2-r001 back produces the same object-set hash. The OCI digest is sha256:34af6a50b952d1a168a5cad614ef47f652cf44b11806a93bf6cc7a79c6e9c683 . Upload the base to ConfigHub. ConfigHub reads back the same 5 objects wi","https://confighub.github.io/helm-expt/site/confighub.html"
"reviewer","reviewer-061","5","navigation","Helm","S-N3","find lifecycle risks","https://confighub.github.io/helm-expt/site/index.html","success","0","17","yes","2","no","2","2","yes","yes","continue","https://confighub.github.io/helm-expt/site/index.html","Config Workshop · Understand and test your configuration","y required namespace, Secret, CRD, API, storage class, cloud service, hook, and setup job. Start this check → 8 of 40 discussions 02 How is this candidate different from production? Compare the two exact object sets and thei","https://confighub.github.io/helm-expt/site/index.html"
"reviewer","reviewer-062","5","navigation","Helm","S-N3","find lifecycle risks","https://confighub.github.io/helm-expt/site/ai.html","success","0","18","yes","2","no","2","2","yes","yes","continue","https://confighub.github.io/helm-expt/site/ai.html","AI with review and evidence · Config Workshop","pt literally without losing behavior? Lifecycle and route Who handles hooks, CRDs, tests, waits, setup Jobs, Secrets, and destination requirements, and in what order? Retain and deliver Will the reviewed result stay as files","https://confighub.github.io/helm-expt/site/ai.html"
"reviewer","reviewer-063","5","navigation","Helm","S-N3","find lifecycle risks","https://confighub.github.io/helm-expt/site/ask.html","success","0","20","yes","2","no","2","2","yes","yes","continue","https://confighub.github.io/helm-expt/site/ask.html","Check my config · Config Workshop","nspect without applying · Compare development and production · Handle hooks and CRD ordering · Read delivery limits What this page can answer Question What happens here What do I have? The page inventories and compares the e","https://confighub.github.io/helm-expt/site/ask.html"
"reviewer","reviewer-064","5","navigation","Helm","S-N3","find lifecycle risks","https://confighub.github.io/helm-expt/site/promote.html","success","0","22","yes","2","no","2","2","yes","yes","continue","https://confighub.github.io/helm-expt/site/promote.html","Promote my config · Config Workshop","ow to read inherited, overridden, upstream-added, and no-op changes . Hooks, CRDs, and required setup What you should test Target results Target Result Digest Note What to do next Current file: Proposed file: These hashes id","https://confighub.github.io/helm-expt/site/promote.html"
"reviewer","reviewer-065","5","navigation","Helm","S-N3","find lifecycle risks","https://confighub.github.io/helm-expt/site/charts/index.html","success","0","22","yes","2","no","2","2","yes","yes","continue","https://confighub.github.io/helm-expt/site/charts/index.html","Component Catalog · Config Workshop","l Recommended first path Rendering checked; read page Read chart page Hooks All Needs lifecycle review No hook signal recorded CRDs All Includes or needs CRDs No CRD signal recorded Ready to try entries have maintained start","https://confighub.github.io/helm-expt/site/charts/index.html"
"reviewer","reviewer-066","5","navigation","Helm","S-N3","find lifecycle risks","https://confighub.github.io/helm-expt/site/try.html","success","0","20","yes","2","no","2","2","yes","yes","continue","https://confighub.github.io/helm-expt/site/try.html","Try it: Redis in ten minutes · Config Workshop","nd the checks for this configuration. This Redis configuration has no CRD setup step. For a chart that lists CRDs, do not rely on one plain kubectl apply . Run the package's prerequisite script, or use its tested Argo CD or","https://confighub.github.io/helm-expt/site/try.html"
"reviewer","reviewer-067","5","navigation","Helm","S-N3","find lifecycle risks","https://confighub.github.io/helm-expt/site/testing.html","success","0","20","yes","2","no","2","2","yes","yes","continue","https://confighub.github.io/helm-expt/site/testing.html","Worked Examples · Config Workshop","ring Find Kube Prometheus Stack. Compare exact versions, CRD choices, hooks, prerequisites, and delivery evidence. Ingress and certificates Start with ingress-nginx , then add cert-manager . The Catalog records the setup wor","https://confighub.github.io/helm-expt/site/testing.html"
"reviewer","reviewer-068","5","navigation","Helm","S-N3","find lifecycle risks","https://confighub.github.io/helm-expt/site/how-it-works.html","success","0","20","yes","2","no","2","2","yes","yes","continue","https://confighub.github.io/helm-expt/site/how-it-works.html","Operate · Config Workshop","s. Before choosing a delivery path: check this exact chart's page for hooks, CRDs, pruning, and tested controller results. The named NGINX example has direct, Argo CD, and Flux receipts. Do not transfer those results to anot","https://confighub.github.io/helm-expt/site/how-it-works.html"
"reviewer","reviewer-069","5","navigation","Helm","S-N3","find lifecycle risks","https://confighub.github.io/helm-expt/site/docs.html","success","0","21","yes","2","no","2","2","yes","yes","continue","https://confighub.github.io/helm-expt/site/docs.html","Docs · Config Workshop",", then let Argo CD or Flux pull the reviewed objects. What happens to hooks and CRDs? See how required setup is recorded and ordered, then tested or marked blocked. Should I change the source input or the rendered object? Us","https://confighub.github.io/helm-expt/site/docs.html"
"reviewer","reviewer-070","5","navigation","Helm","S-N3","find lifecycle risks","https://confighub.github.io/helm-expt/site/confighub.html","success","3","173","no","1","no","2","2","yes","yes","continue","https://confighub.github.io/helm-expt/site/charts/index.html","Component Catalog · Config Workshop","l Recommended first path Rendering checked; read page Read chart page Hooks All Needs lifecycle review No hook signal recorded CRDs All Includes or needs CRDs No CRD signal recorded Ready to try entries have maintained start","https://confighub.github.io/helm-expt/site/confighub.html -> https://confighub.github.io/helm-expt/site/known-gaps.html -> https://confighub.github.io/helm-expt/site/d/data/crd-ordering-gap/summary.html -> https://confighub.github.io/helm-expt/site/charts/index.html"
"reviewer","reviewer-071","5","navigation","Helm","S-N4","find known limitations","https://confighub.github.io/helm-expt/site/index.html","success","0","19","yes","2","no","2","2","yes","yes","continue","https://confighub.github.io/helm-expt/site/index.html","Config Workshop · Understand and test your configuration","ch checks ran against it. The page says which checks did not run, and known gaps stay visible. Four questions sit behind every result. Each one needs its own input and can only claim its own kind of answer, so we keep them apart r","https://confighub.github.io/helm-expt/site/index.html"
"reviewer","reviewer-072","5","navigation","Helm","S-N4","find known limitations","https://confighub.github.io/helm-expt/site/ai.html","success","0","19","yes","2","no","2","2","yes","yes","continue","https://confighub.github.io/helm-expt/site/ai.html","AI with review and evidence · Config Workshop","match? Why do dev and prod differ? Offering Why trust it Why trust it Known gaps Evidence index Docs Docs What Config Workshop is Compare What's new Browse Platforms and stacks Catalog Find a configuration Is my configuration righ","https://confighub.github.io/helm-expt/site/ai.html"
"reviewer","reviewer-073","5","navigation","Helm","S-N4","find known limitations","https://confighub.github.io/helm-expt/site/ask.html","success","0","21","yes","2","no","2","2","yes","yes","continue","https://confighub.github.io/helm-expt/site/ask.html","Check my config · Config Workshop","match? Why do dev and prod differ? Offering Why trust it Why trust it Known gaps Evidence index Docs Docs What Config Workshop is Compare What's new Browse Catalog Catalog Find a configuration Is my configuration right? Try it: Re","https://confighub.github.io/helm-expt/site/ask.html"
"reviewer","reviewer-074","5","navigation","Helm","S-N4","find known limitations","https://confighub.github.io/helm-expt/site/promote.html","success","0","22","yes","2","no","2","2","yes","yes","continue","https://confighub.github.io/helm-expt/site/promote.html","Promote my config · Config Workshop","match? Why do dev and prod differ? Offering Why trust it Why trust it Known gaps Evidence index Docs Docs What Config Workshop is Compare What's new Browse Operate Catalog Find a configuration Is my configuration right? Try it: Re","https://confighub.github.io/helm-expt/site/promote.html"
"reviewer","reviewer-075","5","navigation","Helm","S-N4","find known limitations","https://confighub.github.io/helm-expt/site/charts/index.html","success","0","23","yes","2","no","2","2","yes","yes","continue","https://confighub.github.io/helm-expt/site/charts/index.html","Component Catalog · Config Workshop","match? Why do dev and prod differ? Offering Why trust it Why trust it Known gaps Evidence index Docs Docs What Config Workshop is Compare What's new Browse Catalog Catalog Find a configuration Is my configuration right? Try it: Re","https://confighub.github.io/helm-expt/site/charts/index.html"
"reviewer","reviewer-076","5","navigation","Helm","S-N4","find known limitations","https://confighub.github.io/helm-expt/site/try.html","success","0","15","yes","2","no","2","2","yes","yes","continue","https://confighub.github.io/helm-expt/site/try.html","Try it: Redis in ten minutes · Config Workshop","match? Why do dev and prod differ? Offering Why trust it Why trust it Known gaps Evidence index Docs Docs What Config Workshop is Compare What's new Browse Catalog Catalog Find a configuration Is my configuration right? Try it: Re","https://confighub.github.io/helm-expt/site/try.html"
"reviewer","reviewer-077","5","navigation","Helm","S-N4","find known limitations","https://confighub.github.io/helm-expt/site/testing.html","success","0","18","yes","2","no","2","2","yes","yes","continue","https://confighub.github.io/helm-expt/site/testing.html","Worked Examples · Config Workshop","match? Why do dev and prod differ? Offering Why trust it Why trust it Known gaps Evidence index Docs Docs What Config Workshop is Compare What's new Browse Catalog Catalog Find a configuration Is my configuration right? Try it: Re","https://confighub.github.io/helm-expt/site/testing.html"
"reviewer","reviewer-078","5","navigation","Helm","S-N4","find known limitations","https://confighub.github.io/helm-expt/site/how-it-works.html","success","0","18","yes","2","no","2","2","yes","yes","continue","https://confighub.github.io/helm-expt/site/how-it-works.html","Operate · Config Workshop","match? Why do dev and prod differ? Offering Why trust it Why trust it Known gaps Evidence index Docs Docs What Config Workshop is Compare What's new Browse Operate Catalog Find a configuration Is my configuration right? Try it: Re","https://confighub.github.io/helm-expt/site/how-it-works.html"
"reviewer","reviewer-079","5","navigation","Helm","S-N4","find known limitations","https://confighub.github.io/helm-expt/site/docs.html","success","0","19","yes","2","no","2","2","yes","yes","continue","https://confighub.github.io/helm-expt/site/docs.html","Docs · Config Workshop","match? Why do dev and prod differ? Offering Why trust it Why trust it Known gaps Evidence index Docs Docs What Config Workshop is Compare What's new Browse Docs Catalog Find a configuration Is my configuration right? Try it: Redis","https://confighub.github.io/helm-expt/site/docs.html"
"reviewer","reviewer-080","5","navigation","Helm","S-N4","find known limitations","https://confighub.github.io/helm-expt/site/confighub.html","success","1","36","no","1","yes","2","2","yes","yes","continue","https://confighub.github.io/helm-expt/site/known-gaps.html","Delivery Limitations · Config Workshop","match? Why do dev and prod differ? Offering Why trust it Why trust it Known gaps Evidence index Docs Docs What Config Workshop is Compare What's new Browse Why trust it Catalog Find a configuration Is my configuration right? Try i","https://confighub.github.io/helm-expt/site/confighub.html -> https://confighub.github.io/helm-expt/site/known-gaps.html"
"reviewer","reviewer-081","5","action","Helm","S-A1","inspect a publication receipt","https://confighub.github.io/helm-expt/site/index.html","success","0","20","yes","3","no","3","3","yes","yes","continue","https://confighub.github.io/helm-expt/site/index.html","Config Workshop · Understand and test your configuration","b release publish redis-app # your Argo CD or Flux pulls that digest; receipts on the deployment page Where these commands come from. cub is ConfigHub's command line. cub variant upload and cub release publish are ConfigHub its","https://confighub.github.io/helm-expt/site/index.html"
"reviewer","reviewer-082","5","action","Helm","S-A1","inspect a publication receipt","https://confighub.github.io/helm-expt/site/ai.html","success","1","40","no","2","yes","3","3","yes","yes","continue","https://confighub.github.io/helm-expt/site/proof.html#check-one-claim","Why trust it · Config Workshop","ree words carry the trust. Verified means the image's bytes match its receipt; cub config verify checks that and refuses an image with no receipt. Certified means the receipt names what was checked and what was not, and it neve","https://confighub.github.io/helm-expt/site/ai.html -> https://confighub.github.io/helm-expt/site/proof.html#check-one-claim"
"reviewer","reviewer-083","5","action","Helm","S-A1","inspect a publication receipt","https://confighub.github.io/helm-expt/site/ask.html","success","0","23","yes","3","no","3","3","yes","yes","continue","https://confighub.github.io/helm-expt/site/ask.html","Check my config · Config Workshop","tifact is portable. A hook fixture proves the mechanism, and an NGINX receipt proves one catalog base at one digest. Other bases need their own receipts. cub cluster up installs the Argo CD pull credential. The Flux test copies","https://confighub.github.io/helm-expt/site/ask.html"
"reviewer","reviewer-084","5","action","Helm","S-A1","inspect a publication receipt","https://confighub.github.io/helm-expt/site/promote.html","success","1","41","no","2","yes","3","3","yes","yes","continue","https://confighub.github.io/helm-expt/site/proof.html","Why trust it · Config Workshop","ree words carry the trust. Verified means the image's bytes match its receipt; cub config verify checks that and refuses an image with no receipt. Certified means the receipt names what was checked and what was not, and it neve","https://confighub.github.io/helm-expt/site/promote.html -> https://confighub.github.io/helm-expt/site/proof.html"
"reviewer","reviewer-085","5","action","Helm","S-A1","inspect a publication receipt","https://confighub.github.io/helm-expt/site/charts/index.html","success","0","25","yes","3","no","3","3","yes","yes","continue","https://confighub.github.io/helm-expt/site/charts/index.html","Component Catalog · Config Workshop","verify oci://registry/team/redis@sha256:… # prove the bytes match the receipt The plugin: github.com/confighub/cub-workshop , one install, no account. Each entry separates four answers: what the source contains, what it produce","https://confighub.github.io/helm-expt/site/charts/index.html"
"reviewer","reviewer-086","5","action","Helm","S-A1","inspect a publication receipt","https://confighub.github.io/helm-expt/site/try.html","success","1","40","no","3","yes","3","3","yes","yes","continue","https://confighub.github.io/helm-expt/site/proof.html","Why trust it · Config Workshop","ree words carry the trust. Verified means the image's bytes match its receipt; cub config verify checks that and refuses an image with no receipt. Certified means the receipt names what was checked and what was not, and it neve","https://confighub.github.io/helm-expt/site/try.html -> https://confighub.github.io/helm-expt/site/proof.html"
"reviewer","reviewer-087","5","action","Helm","S-A1","inspect a publication receipt","https://confighub.github.io/helm-expt/site/testing.html","success","0","20","yes","3","no","3","3","yes","yes","continue","https://confighub.github.io/helm-expt/site/testing.html","Worked Examples · Config Workshop","ce · Ordinary Kubara output · Prepared importer handoff · Preparation receipt · Catalog parity receipt · Historical v0.12 proof Sveltos A reviewed ClusterProfile moved from one pilot cluster to two staging clusters at a second","https://confighub.github.io/helm-expt/site/testing.html"
"reviewer","reviewer-088","5","action","Helm","S-A1","inspect a publication receipt","https://confighub.github.io/helm-expt/site/how-it-works.html","success","1","40","no","2","yes","3","3","yes","yes","continue","https://confighub.github.io/helm-expt/site/proof.html","Why trust it · Config Workshop","ree words carry the trust. Verified means the image's bytes match its receipt; cub config verify checks that and refuses an image with no receipt. Certified means the receipt names what was checked and what was not, and it neve","https://confighub.github.io/helm-expt/site/how-it-works.html -> https://confighub.github.io/helm-expt/site/proof.html"
"reviewer","reviewer-089","5","action","Helm","S-A1","inspect a publication receipt","https://confighub.github.io/helm-expt/site/docs.html","success","1","40","no","3","yes","3","3","yes","yes","continue","https://confighub.github.io/helm-expt/site/proof.html","Why trust it · Config Workshop","ree words carry the trust. Verified means the image's bytes match its receipt; cub config verify checks that and refuses an image with no receipt. Certified means the receipt names what was checked and what was not, and it neve","https://confighub.github.io/helm-expt/site/docs.html -> https://confighub.github.io/helm-expt/site/proof.html"
"reviewer","reviewer-090","5","action","Helm","S-A1","inspect a publication receipt","https://confighub.github.io/helm-expt/site/confighub.html","success","0","21","yes","3","no","3","3","yes","yes","continue","https://confighub.github.io/helm-expt/site/confighub.html","Use ConfigHub · Config Workshop","n git, the recorded journey lands those exact files as governed data, receipted. Every certified image in the Catalog has been uploaded into a ConfigHub organization as a base variant , one at a time, with the outcome recorded.","https://confighub.github.io/helm-expt/site/confighub.html"
"reviewer","reviewer-091","5","action","Helm","S-A2","ask whether two digests are the same bytes","https://confighub.github.io/helm-expt/site/index.html","success","0","20","yes","3","no","3","3","yes","yes","continue","https://confighub.github.io/helm-expt/site/index.html","Config Workshop · Understand and test your configuration","account: save the reviewed YAML, then publish a release pinned to its digest $ cub variant upload --component redis --variant base redis.yaml $ cub release publish redis-app # your Argo CD or Flux pulls that digest; receipts o","https://confighub.github.io/helm-expt/site/index.html"
"reviewer","reviewer-092","5","action","Helm","S-A2","ask whether two digests are the same bytes","https://confighub.github.io/helm-expt/site/ai.html","success","1","41","no","2","yes","3","3","yes","yes","continue","https://confighub.github.io/helm-expt/site/ask.html","Check my config · Config Workshop","ote these values. What did they actually change? Do these version and digest records identify the same bytes? Add detail to the question (optional) Chart Version or version pair 27.0.0""> Search the Catalog for this chart and v","https://confighub.github.io/helm-expt/site/ai.html -> https://confighub.github.io/helm-expt/site/ask.html"
"reviewer","reviewer-093","5","action","Helm","S-A2","ask whether two digests are the same bytes","https://confighub.github.io/helm-expt/site/ask.html","success","0","23","yes","3","no","3","3","yes","yes","continue","https://confighub.github.io/helm-expt/site/ask.html","Check my config · Config Workshop","ote these values. What did they actually change? Do these version and digest records identify the same bytes? Add detail to the question (optional) Chart Version or version pair 27.0.0""> Search the Catalog for this chart and v","https://confighub.github.io/helm-expt/site/ask.html"
"reviewer","reviewer-094","5","action","Helm","S-A2","ask whether two digests are the same bytes","https://confighub.github.io/helm-expt/site/promote.html","success","0","24","yes","3","no","3","3","yes","yes","continue","https://confighub.github.io/helm-expt/site/promote.html","Promote my config · Config Workshop","ation accept it? Add current destination checks for the same proposed digest. Without them, the answer remains not run. Did it work? Add staging or live results only after the exact revision has been deployed. One passing targ","https://confighub.github.io/helm-expt/site/promote.html"
"reviewer","reviewer-095","5","action","Helm","S-A2","ask whether two digests are the same bytes","https://confighub.github.io/helm-expt/site/charts/index.html","success","1","44","no","2","yes","3","3","yes","yes","continue","https://confighub.github.io/helm-expt/site/ask.html","Check my config · Config Workshop","ote these values. What did they actually change? Do these version and digest records identify the same bytes? Add detail to the question (optional) Chart Version or version pair 27.0.0""> Search the Catalog for this chart and v","https://confighub.github.io/helm-expt/site/charts/index.html -> https://confighub.github.io/helm-expt/site/ask.html"
"reviewer","reviewer-096","5","action","Helm","S-A2","ask whether two digests are the same bytes","https://confighub.github.io/helm-expt/site/try.html","success","1","43","no","1","yes","3","3","yes","yes","continue","https://confighub.github.io/helm-expt/site/ask.html","Check my config · Config Workshop","ote these values. What did they actually change? Do these version and digest records identify the same bytes? Add detail to the question (optional) Chart Version or version pair 27.0.0""> Search the Catalog for this chart and v","https://confighub.github.io/helm-expt/site/try.html -> https://confighub.github.io/helm-expt/site/ask.html"
"reviewer","reviewer-097","5","action","Helm","S-A2","ask whether two digests are the same bytes","https://confighub.github.io/helm-expt/site/testing.html","success","1","40","no","2","yes","3","3","yes","yes","continue","https://confighub.github.io/helm-expt/site/ask.html","Check my config · Config Workshop","ote these values. What did they actually change? Do these version and digest records identify the same bytes? Add detail to the question (optional) Chart Version or version pair 27.0.0""> Search the Catalog for this chart and v","https://confighub.github.io/helm-expt/site/testing.html -> https://confighub.github.io/helm-expt/site/ask.html"
"reviewer","reviewer-098","5","action","Helm","S-A2","ask whether two digests are the same bytes","https://confighub.github.io/helm-expt/site/how-it-works.html","success","1","37","no","2","yes","3","3","yes","yes","continue","https://confighub.github.io/helm-expt/site/ask.html","Check my config · Config Workshop","ote these values. What did they actually change? Do these version and digest records identify the same bytes? Add detail to the question (optional) Chart Version or version pair 27.0.0""> Search the Catalog for this chart and v","https://confighub.github.io/helm-expt/site/how-it-works.html -> https://confighub.github.io/helm-expt/site/ask.html"
"reviewer","reviewer-099","5","action","Helm","S-A2","ask whether two digests are the same bytes","https://confighub.github.io/helm-expt/site/docs.html","success","0","22","yes","3","no","3","3","yes","yes","continue","https://confighub.github.io/helm-expt/site/docs.html","Docs · Config Workshop","control points and immutable fields, then upgrade rendered bundles by digest. The Redis walkthrough shows one full upgrade, promotion, and rollback. What can a ConfigHub App automate? Apps on ConfigHub includes upgrade, RBAC,","https://confighub.github.io/helm-expt/site/docs.html"
"reviewer","reviewer-100","5","action","Helm","S-A2","ask whether two digests are the same bytes","https://confighub.github.io/helm-expt/site/confighub.html","success","1","44","no","2","yes","3","3","yes","yes","continue","https://confighub.github.io/helm-expt/site/ask.html","Check my config · Config Workshop","ote these values. What did they actually change? Do these version and digest records identify the same bytes? Add detail to the question (optional) Chart Version or version pair 27.0.0""> Search the Catalog for this chart and v","https://confighub.github.io/helm-expt/site/confighub.html -> https://confighub.github.io/helm-expt/site/ask.html"
"reviewer","reviewer-101","5","action","OCI","S-A3","inspect OCI without deploying","https://confighub.github.io/helm-expt/site/index.html","success","0","18","yes","3","no","3","3","yes","yes","continue","https://confighub.github.io/helm-expt/site/index.html","Config Workshop · Understand and test your configuration","stacks Operate Why trust it Docs ConfigHub Helm first · AICR, Timoni, OCI and YAML examples See what your configuration will do Bring the configuration you or your AI just created. Config Workshop renders it to the exact Ku","https://confighub.github.io/helm-expt/site/index.html"
"reviewer","reviewer-102","5","action","OCI","S-A3","inspect OCI without deploying","https://confighub.github.io/helm-expt/site/ai.html","success","0","18","yes","3","no","3","3","yes","yes","continue","https://confighub.github.io/helm-expt/site/ai.html","AI with review and evidence · Config Workshop","om, which exact objects were produced, and what lifecycle, ownership, OCI, and delivery records exist? review and promotion records Which files were compared, which checks ran, and what remains before the result moves? link","https://confighub.github.io/helm-expt/site/ai.html"
"reviewer","reviewer-103","5","action","OCI","S-A3","inspect OCI without deploying","https://confighub.github.io/helm-expt/site/ask.html","success","0","23","yes","3","no","3","3","yes","yes","continue","https://confighub.github.io/helm-expt/site/ask.html","Check my config · Config Workshop","ublic issue. Keep the result locally, publish the reviewed objects as OCI, or retain the same result in ConfigHub when a team needs history and promotion. Already accepted a result? Compare the exact current result with the","https://confighub.github.io/helm-expt/site/ask.html"
"reviewer","reviewer-104","5","action","OCI","S-A3","inspect OCI without deploying","https://confighub.github.io/helm-expt/site/promote.html","success","0","24","yes","3","no","3","3","yes","yes","continue","https://confighub.github.io/helm-expt/site/promote.html","Promote my config · Config Workshop","ashes. On the command line: create those object sets with Helm, AICR, OCI, or another source tool. Then use the generated cub variant commands to preview and run the managed promotion. See the website and command-line contr","https://confighub.github.io/helm-expt/site/promote.html"
"reviewer","reviewer-105","5","action","OCI","S-A3","inspect OCI without deploying","https://confighub.github.io/helm-expt/site/charts/index.html","success","0","24","yes","3","no","3","3","yes","yes","continue","https://confighub.github.io/helm-expt/site/charts/index.html","Component Catalog · Config Workshop","# what it installs, and what it hides $ cub config check redis --out oci://registry/team/redis:v1 # push it as a verified image $ cub config verify oci://registry/team/redis@sha256:… # prove the bytes match the receipt The","https://confighub.github.io/helm-expt/site/charts/index.html"
"reviewer","reviewer-106","5","action","OCI","S-A3","inspect OCI without deploying","https://confighub.github.io/helm-expt/site/try.html","success","0","19","yes","3","no","3","3","yes","yes","continue","https://confighub.github.io/helm-expt/site/try.html","Try it: Redis in ten minutes · Config Workshop","ide a Kubernetes Secret before deployment. Input: a Catalog installer OCI, pinned to the manifest digest in its publication receipt. Output: readable Kubernetes files plus a local configuration OCI at ./redis-25.oci . cub i","https://confighub.github.io/helm-expt/site/try.html"
"reviewer","reviewer-107","5","action","OCI","S-A3","inspect OCI without deploying","https://confighub.github.io/helm-expt/site/testing.html","success","0","20","yes","3","no","3","3","yes","yes","continue","https://confighub.github.io/helm-expt/site/testing.html","Worked Examples · Config Workshop","rred from earlier ones. If you already have a chart, values, YAML, or OCI, use Check my config . The advanced examples below continue into promotion, fleet rollout, and repeated operational jobs. 1. What do you need? Read t","https://confighub.github.io/helm-expt/site/testing.html"
"reviewer","reviewer-108","5","action","OCI","S-A3","inspect OCI without deploying","https://confighub.github.io/helm-expt/site/how-it-works.html","success","0","16","yes","3","no","3","3","yes","yes","continue","https://confighub.github.io/helm-expt/site/how-it-works.html","Operate · Config Workshop","come from Helm, an AICR recipe for AI infrastructure, cub installer, OCI, or plain YAML. This is the third of the three things Config Workshop is : operating apps, platforms, and stacks correctly. You can stop with local f","https://confighub.github.io/helm-expt/site/how-it-works.html"
"reviewer","reviewer-109","5","action","OCI","S-A3","inspect OCI without deploying","https://confighub.github.io/helm-expt/site/docs.html","success","0","21","yes","3","no","3","3","yes","yes","continue","https://confighub.github.io/helm-expt/site/docs.html","Docs · Config Workshop","mple like yours : start from your own Helm values, an AICR recipe, an OCI package, or Kubernetes YAML. Follow one package end to end : take a single Redis configuration through pulling, verifying, changing, and upgrading it","https://confighub.github.io/helm-expt/site/docs.html"
"reviewer","reviewer-110","5","action","OCI","S-A3","inspect OCI without deploying","https://confighub.github.io/helm-expt/site/confighub.html","success","1","36","no","2","yes","3","3","yes","yes","continue","https://confighub.github.io/helm-expt/site/testing.html#managed","Worked Examples · Config Workshop","rred from earlier ones. If you already have a chart, values, YAML, or OCI, use Check my config . The advanced examples below continue into promotion, fleet rollout, and repeated operational jobs. 1. What do you need? Read t","https://confighub.github.io/helm-expt/site/confighub.html -> https://confighub.github.io/helm-expt/site/testing.html#managed"
"reviewer","reviewer-111","5","action","YAML","S-A4","review plain YAML before upload","https://confighub.github.io/helm-expt/site/index.html","success","0","16","yes","3","no","3","3","yes","yes","continue","https://confighub.github.io/helm-expt/site/index.html","Config Workshop · Understand and test your configuration","perate Why trust it Docs ConfigHub Helm first · AICR, Timoni, OCI and YAML examples See what your configuration will do Bring the configuration you or your AI just created. Config Workshop renders it to the exact Kubernetes","https://confighub.github.io/helm-expt/site/index.html"
"reviewer","reviewer-112","5","action","YAML","S-A4","review plain YAML before upload","https://confighub.github.io/helm-expt/site/ai.html","success","0","23","yes","3","no","3","3","yes","yes","continue","https://confighub.github.io/helm-expt/site/ai.html","AI with review and evidence · Config Workshop","Build the retained Timoni Redis 8.10.1 source and tell me what plain YAML leaves out. The module digest, typed options, seven exact objects, ordered lifecycle, and current limits. Check my config builds a local prompt and b","https://confighub.github.io/helm-expt/site/ai.html"
"reviewer","reviewer-113","5","action","YAML","S-A4","review plain YAML before upload","https://confighub.github.io/helm-expt/site/ask.html","success","0","20","yes","3","no","3","3","yes","yes","continue","https://confighub.github.io/helm-expt/site/ask.html","Check my config · Config Workshop","exact chart and version. In the website: compare rendered Kubernetes YAML in this browser, with no AI needed, or build local instructions for the AI assistant you already use. Render your chart with helm template first, the","https://confighub.github.io/helm-expt/site/ask.html"
"reviewer","reviewer-114","5","action","YAML","S-A4","review plain YAML before upload","https://confighub.github.io/helm-expt/site/promote.html","success","0","22","yes","3","no","3","3","yes","yes","continue","https://confighub.github.io/helm-expt/site/promote.html","Promote my config · Config Workshop","e website and command-line contract for one Helm result and one plain-YAML result. Both keep the accepted object-set hash before the ConfigHub dry run. Once you accept a change, reconcile the exact release onto the Flux or A","https://confighub.github.io/helm-expt/site/promote.html"
"reviewer","reviewer-115","5","action","YAML","S-A4","review plain YAML before upload","https://confighub.github.io/helm-expt/site/charts/index.html","success","0","23","yes","3","no","3","3","yes","yes","continue","https://confighub.github.io/helm-expt/site/charts/index.html","Component Catalog · Config Workshop","ers locally with no account: helm template rel <chart> -f your-values.yaml --include-crds . Check one question about the result , then choose whether to report a public finding for Catalog review. Component Retained publishe","https://confighub.github.io/helm-expt/site/charts/index.html"
"reviewer","reviewer-116","5","action","YAML","S-A4","review plain YAML before upload","https://confighub.github.io/helm-expt/site/try.html","success","0","18","yes","3","no","3","3","yes","yes","continue","https://confighub.github.io/helm-expt/site/try.html","Try it: Redis in ten minutes · Config Workshop","s objects. Everything so far is local. cat ./redis/out/spec/selection.yaml ls ./redis/out/manifests grep -R ""^kind:"" ./redis/out/manifests The catalog keeps the source inputs beside the result. It also records the required S","https://confighub.github.io/helm-expt/site/try.html"
"reviewer","reviewer-117","5","action","YAML","S-A4","review plain YAML before upload","https://confighub.github.io/helm-expt/site/testing.html","success","0","18","yes","3","no","3","3","yes","yes","continue","https://confighub.github.io/helm-expt/site/testing.html","Worked Examples · Config Workshop","ever inferred from earlier ones. If you already have a chart, values, YAML, or OCI, use Check my config . The advanced examples below continue into promotion, fleet rollout, and repeated operational jobs. 1. What do you need","https://confighub.github.io/helm-expt/site/testing.html"
"reviewer","reviewer-118","5","action","YAML","S-A4","review plain YAML before upload","https://confighub.github.io/helm-expt/site/how-it-works.html","success","0","20","yes","3","no","3","3","yes","yes","continue","https://confighub.github.io/helm-expt/site/how-it-works.html","Operate · Config Workshop","m, an AICR recipe for AI infrastructure, cub installer, OCI, or plain YAML. This is the third of the three things Config Workshop is : operating apps, platforms, and stacks correctly. You can stop with local files, publish t","https://confighub.github.io/helm-expt/site/how-it-works.html"
"reviewer","reviewer-119","5","action","YAML","S-A4","review plain YAML before upload","https://confighub.github.io/helm-expt/site/docs.html","success","0","21","yes","3","no","3","3","yes","yes","continue","https://confighub.github.io/helm-expt/site/docs.html","Docs · Config Workshop","m your own Helm values, an AICR recipe, an OCI package, or Kubernetes YAML. Follow one package end to end : take a single Redis configuration through pulling, verifying, changing, and upgrading it. First choose the answer yo","https://confighub.github.io/helm-expt/site/docs.html"
"reviewer","reviewer-120","5","action","YAML","S-A4","review plain YAML before upload","https://confighub.github.io/helm-expt/site/confighub.html","success","0","19","yes","3","no","3","3","yes","yes","continue","https://confighub.github.io/helm-expt/site/confighub.html","Use ConfigHub · Config Workshop","a plain registry cannot offer. If your CI already renders charts into YAML in git, the recorded journey lands those exact files as governed data, receipted. Every certified image in the Catalog has been uploaded into a Confi","https://confighub.github.io/helm-expt/site/confighub.html"
"reviewer","reviewer-121","5","recovery","Helm","S-R1","block placeholder credentials","https://confighub.github.io/helm-expt/site/index.html","success","2","48","no","2","no","3","3","yes","yes","continue","https://confighub.github.io/helm-expt/site/known-gaps.html","Delivery Limitations · Config Workshop","rity What it means, and what to do now Fix or boundary Evidence Fixed placeholder credentials Blocks production use of those renders Some deterministic demo renders contain a fixed placeholder. A placeholder must never be presented","https://confighub.github.io/helm-expt/site/index.html -> https://confighub.github.io/helm-expt/site/stack.html#the-fleet -> https://confighub.github.io/helm-expt/site/known-gaps.html"
"reviewer","reviewer-122","5","recovery","Helm","S-R1","block placeholder credentials","https://confighub.github.io/helm-expt/site/ai.html","success","1","37","no","2","yes","3","3","yes","yes","continue","https://confighub.github.io/helm-expt/site/known-gaps.html","Delivery Limitations · Config Workshop","rity What it means, and what to do now Fix or boundary Evidence Fixed placeholder credentials Blocks production use of those renders Some deterministic demo renders contain a fixed placeholder. A placeholder must never be presented","https://confighub.github.io/helm-expt/site/ai.html -> https://confighub.github.io/helm-expt/site/known-gaps.html"
"reviewer","reviewer-123","5","recovery","Helm","S-R1","block placeholder credentials","https://confighub.github.io/helm-expt/site/ask.html","success","0","20","yes","3","no","3","3","yes","yes","continue","https://confighub.github.io/helm-expt/site/ask.html","Check my config · Config Workshop","finds a credential surprise Do not deploy it. Replace the literal or placeholder with an existing Secret, then check the reviewed objects again. See one NGINX configuration go from local finding to ConfigHub gate to promotion , fi","https://confighub.github.io/helm-expt/site/ask.html"
"reviewer","reviewer-124","5","recovery","Helm","S-R1","block placeholder credentials","https://confighub.github.io/helm-expt/site/promote.html","success","0","21","yes","3","no","3","3","yes","yes","continue","https://confighub.github.io/helm-expt/site/promote.html","Promote my config · Config Workshop","tes partial Candidate tests, destination requirements, schema checks, placeholder checks, policy warnings, and approval gates have run in separate examples. Tested NGINX candidates · Apply-gate results Prior-stage success, compatib","https://confighub.github.io/helm-expt/site/promote.html"
"reviewer","reviewer-125","5","recovery","Helm","S-R1","block placeholder credentials","https://confighub.github.io/helm-expt/site/charts/index.html","success","1","41","no","2","yes","3","3","yes","yes","continue","https://confighub.github.io/helm-expt/site/known-gaps.html","Delivery Limitations · Config Workshop","rity What it means, and what to do now Fix or boundary Evidence Fixed placeholder credentials Blocks production use of those renders Some deterministic demo renders contain a fixed placeholder. A placeholder must never be presented","https://confighub.github.io/helm-expt/site/charts/index.html -> https://confighub.github.io/helm-expt/site/known-gaps.html"
"reviewer","reviewer-126","5","recovery","Helm","S-R1","block placeholder credentials","https://confighub.github.io/helm-expt/site/try.html","success","1","37","no","1","yes","3","3","yes","yes","continue","https://confighub.github.io/helm-expt/site/known-gaps.html","Delivery Limitations · Config Workshop","rity What it means, and what to do now Fix or boundary Evidence Fixed placeholder credentials Blocks production use of those renders Some deterministic demo renders contain a fixed placeholder. A placeholder must never be presented","https://confighub.github.io/helm-expt/site/try.html -> https://confighub.github.io/helm-expt/site/known-gaps.html"
"reviewer","reviewer-127","5","recovery","Helm","S-R1","block placeholder credentials","https://confighub.github.io/helm-expt/site/testing.html","success","0","19","yes","3","no","3","3","yes","yes","continue","https://confighub.github.io/helm-expt/site/testing.html","Worked Examples · Config Workshop","reported by the command. If you omit --namespace , cub uses confighubplaceholder until a deployment variant supplies the real namespace. Hooks are omitted unless you add --include-hooks . A chart that requires live lookup results","https://confighub.github.io/helm-expt/site/testing.html"
"reviewer","reviewer-128","5","recovery","Helm","S-R1","block placeholder credentials","https://confighub.github.io/helm-expt/site/how-it-works.html","success","0","20","yes","3","no","3","3","yes","yes","continue","https://confighub.github.io/helm-expt/site/how-it-works.html","Operate · Config Workshop","ops the apply. Production approval is a separate gate from schema and placeholder checks. source receipt -> object receipt -> delivery receipt -> runtime receipt Each receipt proves one boundary. The runtime receipt reports what ha","https://confighub.github.io/helm-expt/site/how-it-works.html"
"reviewer","reviewer-129","5","recovery","Helm","S-R1","block placeholder credentials","https://confighub.github.io/helm-expt/site/docs.html","success","0","22","yes","3","no","3","3","yes","yes","continue","https://confighub.github.io/helm-expt/site/docs.html","Docs · Config Workshop","board cub adoption caveats The 100-chart table for first-run caveats, placeholder passwords, and CRD ordering. cub adoption caveats Helm render intents One generated render-intent object per real base variant. Helm render intents B","https://confighub.github.io/helm-expt/site/docs.html"
"reviewer","reviewer-130","5","recovery","Helm","S-R1","block placeholder credentials","https://confighub.github.io/helm-expt/site/confighub.html","success","1","36","no","1","yes","3","3","yes","yes","continue","https://confighub.github.io/helm-expt/site/known-gaps.html","Delivery Limitations · Config Workshop","rity What it means, and what to do now Fix or boundary Evidence Fixed placeholder credentials Blocks production use of those renders Some deterministic demo renders contain a fixed placeholder. A placeholder must never be presented","https://confighub.github.io/helm-expt/site/confighub.html -> https://confighub.github.io/helm-expt/site/known-gaps.html"
"reviewer","reviewer-131","5","recovery","Helm","S-R2","understand partial drift coverage","https://confighub.github.io/helm-expt/site/index.html","success","2","151","no","1","yes","3","3","yes","yes","continue","https://confighub.github.io/helm-expt/site/ask.html#supply-drift","Check my config · Config Workshop","it work? Not before deployment. Record controller, resource, runtime, drift, and rollback results after the exact revision is delivered. Already comparing GPU nodes rather than a deployable configuration? Use AICR snapshot an","https://confighub.github.io/helm-expt/site/index.html -> https://confighub.github.io/helm-expt/site/did-this-chart-version-change.html -> https://confighub.github.io/helm-expt/site/ask.html#supply-drift"
"reviewer","reviewer-132","5","recovery","Helm","S-R2","understand partial drift coverage","https://confighub.github.io/helm-expt/site/ai.html","partial","5","378","no","2","no","2","3","yes","no","bookmark","https://confighub.github.io/helm-expt/site/ai.html","AI with review and evidence · Config Workshop","stination. Did it work? Read controller, resource, workload, runtime, drift, and rollback evidence. The exact revision must have been deployed, and the required live check must have run. For AICR, snapshot and diff inspect ex","https://confighub.github.io/helm-expt/site/ai.html -> https://confighub.github.io/helm-expt/site/proof.html#check-one-claim -> https://confighub.github.io/helm-expt/site/d/data/claims-register/summary.html -> https://confighub.github.io/helm-expt/site/d/data/top100-coverage/summary.html -> https://confighub.github.io/helm-expt/site/d/data/top100-coverage/contract.html -> https://confighub.github.io/helm-expt/site/d/data/top100-coverage/contract.html#contract-items"
"reviewer","reviewer-133","5","recovery","Helm","S-R2","understand partial drift coverage","https://confighub.github.io/helm-expt/site/ask.html","success","0","23","yes","3","no","3","3","yes","yes","continue","https://confighub.github.io/helm-expt/site/ask.html","Check my config · Config Workshop","it work? Not before deployment. Record controller, resource, runtime, drift, and rollback results after the exact revision is delivered. Already comparing GPU nodes rather than a deployable configuration? Use AICR snapshot an","https://confighub.github.io/helm-expt/site/ask.html"
"reviewer","reviewer-134","5","recovery","Helm","S-R2","understand partial drift coverage","https://confighub.github.io/helm-expt/site/promote.html","success","1","41","no","1","yes","3","3","yes","yes","continue","https://confighub.github.io/helm-expt/site/known-gaps.html","Delivery Limitations · Config Workshop","he ordered Argo CD and Flux paths are tested. Open evidence cub-scout drift field coverage Treat results as partial The current drift check finds changes to replicas and images, but it does not find every container environmen","https://confighub.github.io/helm-expt/site/promote.html -> https://confighub.github.io/helm-expt/site/known-gaps.html"
"reviewer","reviewer-135","5","recovery","Helm","S-R2","understand partial drift coverage","https://confighub.github.io/helm-expt/site/charts/index.html","success","2","150","no","2","no","3","3","yes","yes","continue","https://confighub.github.io/helm-expt/site/known-gaps.html","Delivery Limitations · Config Workshop","he ordered Argo CD and Flux paths are tested. Open evidence cub-scout drift field coverage Treat results as partial The current drift check finds changes to replicas and images, but it does not find every container environmen","https://confighub.github.io/helm-expt/site/charts/index.html -> https://confighub.github.io/helm-expt/site/d/data/upstream-drift/summary.html -> https://confighub.github.io/helm-expt/site/known-gaps.html"
"reviewer","reviewer-136","5","recovery","Helm","S-R2","understand partial drift coverage","https://confighub.github.io/helm-expt/site/try.html","success","1","36","no","1","yes","3","3","yes","yes","continue","https://confighub.github.io/helm-expt/site/known-gaps.html","Delivery Limitations · Config Workshop","he ordered Argo CD and Flux paths are tested. Open evidence cub-scout drift field coverage Treat results as partial The current drift check finds changes to replicas and images, but it does not find every container environmen","https://confighub.github.io/helm-expt/site/try.html -> https://confighub.github.io/helm-expt/site/known-gaps.html"
"reviewer","reviewer-137","5","recovery","Helm","S-R2","understand partial drift coverage","https://confighub.github.io/helm-expt/site/testing.html","success","1","37","no","2","yes","3","3","yes","yes","continue","https://confighub.github.io/helm-expt/site/known-gaps.html","Delivery Limitations · Config Workshop","he ordered Argo CD and Flux paths are tested. Open evidence cub-scout drift field coverage Treat results as partial The current drift check finds changes to replicas and images, but it does not find every container environmen","https://confighub.github.io/helm-expt/site/testing.html -> https://confighub.github.io/helm-expt/site/known-gaps.html"
"reviewer","reviewer-138","5","recovery","Helm","S-R2","understand partial drift coverage","https://confighub.github.io/helm-expt/site/how-it-works.html","success","1","37","no","2","yes","3","3","yes","yes","continue","https://confighub.github.io/helm-expt/site/known-gaps.html","Delivery Limitations · Config Workshop","he ordered Argo CD and Flux paths are tested. Open evidence cub-scout drift field coverage Treat results as partial The current drift check finds changes to replicas and images, but it does not find every container environmen","https://confighub.github.io/helm-expt/site/how-it-works.html -> https://confighub.github.io/helm-expt/site/known-gaps.html"
"reviewer","reviewer-139","5","recovery","Helm","S-R2","understand partial drift coverage","https://confighub.github.io/helm-expt/site/docs.html","success","0","21","yes","3","no","3","3","yes","yes","continue","https://confighub.github.io/helm-expt/site/docs.html","Docs · Config Workshop","les, a saved test record, or a live cluster. How complete is the live drift check? See which fields the current drift check covers and which differences it can still miss. What is not working yet? Read the named limitations a","https://confighub.github.io/helm-expt/site/docs.html"
"reviewer","reviewer-140","5","recovery","Helm","S-R2","understand partial drift coverage","https://confighub.github.io/helm-expt/site/confighub.html","success","1","34","no","1","yes","3","3","yes","yes","continue","https://confighub.github.io/helm-expt/site/known-gaps.html","Delivery Limitations · Config Workshop","he ordered Argo CD and Flux paths are tested. Open evidence cub-scout drift field coverage Treat results as partial The current drift check finds changes to replicas and images, but it does not find every container environmen","https://confighub.github.io/helm-expt/site/confighub.html -> https://confighub.github.io/helm-expt/site/known-gaps.html"
"reviewer","reviewer-141","5","recovery","Helm","S-R3","see when no proof exists","https://confighub.github.io/helm-expt/site/index.html","success","1","38","no","1","yes","2","2","yes","yes","continue","https://confighub.github.io/helm-expt/site/proof.html#check-one-claim","Why trust it · Config Workshop","only when the named command or receipt covers it. Everything else is not checked , even when a nearby test passed. First decide which answer you need. Inspection, materialization, destination checks, and post-deployment checks use","https://confighub.github.io/helm-expt/site/index.html -> https://confighub.github.io/helm-expt/site/proof.html#check-one-claim"
"reviewer","reviewer-142","5","recovery","Helm","S-R3","see when no proof exists","https://confighub.github.io/helm-expt/site/ai.html","success","1","39","no","1","yes","2","2","yes","yes","continue","https://confighub.github.io/helm-expt/site/proof.html#check-one-claim","Why trust it · Config Workshop","only when the named command or receipt covers it. Everything else is not checked , even when a nearby test passed. First decide which answer you need. Inspection, materialization, destination checks, and post-deployment checks use","https://confighub.github.io/helm-expt/site/ai.html -> https://confighub.github.io/helm-expt/site/proof.html#check-one-claim"
"reviewer","reviewer-143","5","recovery","Helm","S-R3","see when no proof exists","https://confighub.github.io/helm-expt/site/ask.html","success","0","22","yes","2","no","2","2","yes","yes","continue","https://confighub.github.io/helm-expt/site/ask.html","Check my config · Config Workshop","eady use. Only completed checks count as evidence. Everything else is not checked and cannot support a safety claim. Complete result hash: Download complete result Create a pull-request report from this result . The same local comm","https://confighub.github.io/helm-expt/site/ask.html"
"reviewer","reviewer-144","5","recovery","Helm","S-R3","see when no proof exists","https://confighub.github.io/helm-expt/site/promote.html","success","1","40","no","1","yes","2","2","yes","yes","continue","https://confighub.github.io/helm-expt/site/proof.html#check-one-claim","Why trust it · Config Workshop","only when the named command or receipt covers it. Everything else is not checked , even when a nearby test passed. First decide which answer you need. Inspection, materialization, destination checks, and post-deployment checks use","https://confighub.github.io/helm-expt/site/promote.html -> https://confighub.github.io/helm-expt/site/proof.html#check-one-claim"
"reviewer","reviewer-145","5","recovery","Helm","S-R3","see when no proof exists","https://confighub.github.io/helm-expt/site/charts/index.html","success","1","43","no","1","yes","2","2","yes","yes","continue","https://confighub.github.io/helm-expt/site/ask.html","Check my config · Config Workshop","eady use. Only completed checks count as evidence. Everything else is not checked and cannot support a safety claim. Complete result hash: Download complete result Create a pull-request report from this result . The same local comm","https://confighub.github.io/helm-expt/site/charts/index.html -> https://confighub.github.io/helm-expt/site/ask.html"
"reviewer","reviewer-146","5","recovery","Helm","S-R3","see when no proof exists","https://confighub.github.io/helm-expt/site/try.html","success","1","40","no","0","yes","2","2","yes","yes","continue","https://confighub.github.io/helm-expt/site/ask.html","Check my config · Config Workshop","eady use. Only completed checks count as evidence. Everything else is not checked and cannot support a safety claim. Complete result hash: Download complete result Create a pull-request report from this result . The same local comm","https://confighub.github.io/helm-expt/site/try.html -> https://confighub.github.io/helm-expt/site/ask.html"
"reviewer","reviewer-147","5","recovery","Helm","S-R3","see when no proof exists","https://confighub.github.io/helm-expt/site/testing.html","success","1","42","no","1","yes","2","2","yes","yes","continue","https://confighub.github.io/helm-expt/site/ask.html","Check my config · Config Workshop","eady use. Only completed checks count as evidence. Everything else is not checked and cannot support a safety claim. Complete result hash: Download complete result Create a pull-request report from this result . The same local comm","https://confighub.github.io/helm-expt/site/testing.html -> https://confighub.github.io/helm-expt/site/ask.html"
"reviewer","reviewer-148","5","recovery","Helm","S-R3","see when no proof exists","https://confighub.github.io/helm-expt/site/how-it-works.html","success","1","41","no","0","yes","2","2","yes","yes","continue","https://confighub.github.io/helm-expt/site/ask.html","Check my config · Config Workshop","eady use. Only completed checks count as evidence. Everything else is not checked and cannot support a safety claim. Complete result hash: Download complete result Create a pull-request report from this result . The same local comm","https://confighub.github.io/helm-expt/site/how-it-works.html -> https://confighub.github.io/helm-expt/site/ask.html"
"reviewer","reviewer-149","5","recovery","Helm","S-R3","see when no proof exists","https://confighub.github.io/helm-expt/site/docs.html","success","1","41","no","1","yes","2","2","yes","yes","continue","https://confighub.github.io/helm-expt/site/proof.html#check-one-claim","Why trust it · Config Workshop","only when the named command or receipt covers it. Everything else is not checked , even when a nearby test passed. First decide which answer you need. Inspection, materialization, destination checks, and post-deployment checks use","https://confighub.github.io/helm-expt/site/docs.html -> https://confighub.github.io/helm-expt/site/proof.html#check-one-claim"
"reviewer","reviewer-150","5","recovery","Helm","S-R3","see when no proof exists","https://confighub.github.io/helm-expt/site/confighub.html","success","1","39","no","1","yes","2","2","yes","yes","continue","https://confighub.github.io/helm-expt/site/ask.html","Check my config · Config Workshop","eady use. Only completed checks count as evidence. Everything else is not checked and cannot support a safety claim. Complete result hash: Download complete result Create a pull-request report from this result . The same local comm","https://confighub.github.io/helm-expt/site/confighub.html -> https://confighub.github.io/helm-expt/site/ask.html"
"reviewer","reviewer-151","5","recovery","Helm","S-R4","handle CRD ordering risk","https://confighub.github.io/helm-expt/site/index.html","success","1","38","no","2","yes","3","3","yes","yes","continue","https://confighub.github.io/helm-expt/site/known-gaps.html","Delivery Limitations · Config Workshop","go CD and Flux pruning are the tested paths. Open evidence cub-direct CRD ordering Plan around it Kubernetes must establish a CRD before it can accept objects that use that CRD. Do now: Install and wait for the CRDs first,","https://confighub.github.io/helm-expt/site/index.html -> https://confighub.github.io/helm-expt/site/known-gaps.html"
"reviewer","reviewer-152","5","recovery","Helm","S-R4","handle CRD ordering risk","https://confighub.github.io/helm-expt/site/ai.html","success","0","22","yes","3","no","3","3","yes","yes","continue","https://confighub.github.io/helm-expt/site/ai.html","AI with review and evidence · Config Workshop","nal. Can this destination accept it? Run checks against current APIs, CRDs, Secrets, policies, controllers, credentials, and hardware. The exact candidate and access to the named destination. Did it work? Read controller, r","https://confighub.github.io/helm-expt/site/ai.html"
"reviewer","reviewer-153","5","recovery","Helm","S-R4","handle CRD ordering risk","https://confighub.github.io/helm-expt/site/ask.html","success","0","23","yes","3","no","3","3","yes","yes","continue","https://confighub.github.io/helm-expt/site/ask.html","Check my config · Config Workshop","hout applying · Compare development and production · Handle hooks and CRD ordering · Read delivery limits What this page can answer Question What happens here What do I have? The page inventories and compares the exact rend","https://confighub.github.io/helm-expt/site/ask.html"
"reviewer","reviewer-154","5","recovery","Helm","S-R4","handle CRD ordering risk","https://confighub.github.io/helm-expt/site/promote.html","success","0","24","yes","3","no","3","3","yes","yes","continue","https://confighub.github.io/helm-expt/site/promote.html","Promote my config · Config Workshop","ead inherited, overridden, upstream-added, and no-op changes . Hooks, CRDs, and required setup What you should test Target results Target Result Digest Note What to do next Current file: Proposed file: These hashes identify","https://confighub.github.io/helm-expt/site/promote.html"
"reviewer","reviewer-155","5","recovery","Helm","S-R4","handle CRD ordering risk","https://confighub.github.io/helm-expt/site/charts/index.html","success","1","135","no","2","yes","3","3","yes","yes","continue","https://confighub.github.io/helm-expt/site/charts/aqua-trivy-operator-0-32-1.html#matrix-options","aqua/trivy-operator 0.32.1 · Config Workshop","or the Helm comparison, live install, and delivery checks. See hooks, CRDs, and setup work The page names the work and says which delivery path has actually run. What To Use default configuration: 33 rendered objects · 1 im","https://confighub.github.io/helm-expt/site/charts/index.html -> https://confighub.github.io/helm-expt/site/charts/aqua-trivy-operator-0-32-1.html#matrix-options"
"reviewer","reviewer-156","5","recovery","Helm","S-R4","handle CRD ordering risk","https://confighub.github.io/helm-expt/site/try.html","success","1","34","no","2","yes","3","3","yes","yes","continue","https://confighub.github.io/helm-expt/site/known-gaps.html","Delivery Limitations · Config Workshop","go CD and Flux pruning are the tested paths. Open evidence cub-direct CRD ordering Plan around it Kubernetes must establish a CRD before it can accept objects that use that CRD. Do now: Install and wait for the CRDs first,","https://confighub.github.io/helm-expt/site/try.html -> https://confighub.github.io/helm-expt/site/known-gaps.html"
"reviewer","reviewer-157","5","recovery","Helm","S-R4","handle CRD ordering risk","https://confighub.github.io/helm-expt/site/testing.html","success","1","36","no","2","yes","3","3","yes","yes","continue","https://confighub.github.io/helm-expt/site/d/docs/demo/hooks-crds/kube-prometheus-stack.html","Hooks and CRDs: Kube Prometheus Stack · Config Workshop","Hooks and CRDs: Kube Prometheus Stack · Config Workshop Config Workshop AN EXPERIMENTAL TEST SITE FOR CONFIG TOOLS Catalog Platforms and stacks Operate Why trust i","https://confighub.github.io/helm-expt/site/testing.html -> https://confighub.github.io/helm-expt/site/d/docs/demo/hooks-crds/kube-prometheus-stack.html"
"reviewer","reviewer-158","5","recovery","Helm","S-R4","handle CRD ordering risk","https://confighub.github.io/helm-expt/site/how-it-works.html","success","0","18","yes","3","no","3","3","yes","yes","continue","https://confighub.github.io/helm-expt/site/how-it-works.html","Operate · Config Workshop","re choosing a delivery path: check this exact chart's page for hooks, CRDs, pruning, and tested controller results. The named NGINX example has direct, Argo CD, and Flux receipts. Do not transfer those results to another ch","https://confighub.github.io/helm-expt/site/how-it-works.html"
"reviewer","reviewer-159","5","recovery","Helm","S-R4","handle CRD ordering risk","https://confighub.github.io/helm-expt/site/docs.html","success","0","22","yes","3","no","3","3","yes","yes","continue","https://confighub.github.io/helm-expt/site/docs.html","Docs · Config Workshop","Argo CD or Flux pull the reviewed objects. What happens to hooks and CRDs? See how required setup is recorded and ordered, then tested or marked blocked. Should I change the source input or the rendered object? Use this gu","https://confighub.github.io/helm-expt/site/docs.html"
"reviewer","reviewer-160","5","recovery","Helm","S-R4","handle CRD ordering risk","https://confighub.github.io/helm-expt/site/confighub.html","success","1","34","no","1","yes","3","3","yes","yes","continue","https://confighub.github.io/helm-expt/site/known-gaps.html","Delivery Limitations · Config Workshop","go CD and Flux pruning are the tested paths. Open evidence cub-direct CRD ordering Plan around it Kubernetes must establish a CRD before it can accept objects that use that CRD. Do now: Install and wait for the CRDs first,","https://confighub.github.io/helm-expt/site/confighub.html -> https://confighub.github.io/helm-expt/site/known-gaps.html"
"reviewer","reviewer-161","5","conversion","Helm","S-X1","keep an approval record","https://confighub.github.io/helm-expt/site/index.html","success","1","38","no","2","yes","3","3","yes","yes","signup","https://confighub.github.io/helm-expt/site/kubara.html","Build an internal developer platform with Kubara · Config Workshop","ConfigHub when the platform or its applications need shared variants, approvals, promotion, rollback, or a live fleet view. Argo CD remains the reconciler. If you already run a platform on Flux or Argo, point ConfigHub at the fl","https://confighub.github.io/helm-expt/site/index.html -> https://confighub.github.io/helm-expt/site/kubara.html"
"reviewer","reviewer-162","5","conversion","Helm","S-X1","keep an approval record","https://confighub.github.io/helm-expt/site/ai.html","success","1","37","no","3","yes","3","3","yes","yes","signup","https://confighub.github.io/helm-expt/site/confighub.html","Use ConfigHub · Config Workshop","ulls it, and promote it across environments, with the source, checks, approvals, and history kept beside it. Use the Catalog or Check my config before you sign up. Continue here when your team needs the same answer tomorrow, in","https://confighub.github.io/helm-expt/site/ai.html -> https://confighub.github.io/helm-expt/site/confighub.html"
"reviewer","reviewer-163","5","conversion","Helm","S-X1","keep an approval record","https://confighub.github.io/helm-expt/site/ask.html","success","0","23","yes","3","no","3","3","yes","yes","signup","https://confighub.github.io/helm-expt/site/ask.html","Check my config · Config Workshop","esult . It checks namespaces, CRDs, server-side apply, prerequisites, approval, release OCI, and Argo CD separately. Or: Check rendered objects in this browser Add the exact rendered candidate. Add a second object set when you w","https://confighub.github.io/helm-expt/site/ask.html"
"reviewer","reviewer-164","5","conversion","Helm","S-X1","keep an approval record","https://confighub.github.io/helm-expt/site/promote.html","success","1","40","no","3","yes","3","3","yes","yes","signup","https://confighub.github.io/helm-expt/site/confighub.html","Use ConfigHub · Config Workshop","ulls it, and promote it across environments, with the source, checks, approvals, and history kept beside it. Use the Catalog or Check my config before you sign up. Continue here when your team needs the same answer tomorrow, in","https://confighub.github.io/helm-expt/site/promote.html -> https://confighub.github.io/helm-expt/site/confighub.html"
"reviewer","reviewer-165","5","conversion","Helm","S-X1","keep an approval record","https://confighub.github.io/helm-expt/site/charts/index.html","success","1","44","no","2","yes","3","3","yes","yes","signup","https://confighub.github.io/helm-expt/site/confighub.html","Use ConfigHub · Config Workshop","ulls it, and promote it across environments, with the source, checks, approvals, and history kept beside it. Use the Catalog or Check my config before you sign up. Continue here when your team needs the same answer tomorrow, in","https://confighub.github.io/helm-expt/site/charts/index.html -> https://confighub.github.io/helm-expt/site/confighub.html"
"reviewer","reviewer-166","5","conversion","Helm","S-X1","keep an approval record","https://confighub.github.io/helm-expt/site/try.html","success","1","37","no","2","yes","3","3","yes","yes","signup","https://confighub.github.io/helm-expt/site/confighub.html","Use ConfigHub · Config Workshop","ulls it, and promote it across environments, with the source, checks, approvals, and history kept beside it. Use the Catalog or Check my config before you sign up. Continue here when your team needs the same answer tomorrow, in","https://confighub.github.io/helm-expt/site/try.html -> https://confighub.github.io/helm-expt/site/confighub.html"
"reviewer","reviewer-167","5","conversion","Helm","S-X1","keep an approval record","https://confighub.github.io/helm-expt/site/testing.html","success","0","22","yes","3","no","3","3","yes","yes","signup","https://confighub.github.io/helm-expt/site/testing.html","Worked Examples · Config Workshop","e artifacts. Delivery guide · Argo CD and Flux proof Apply checks and approvals Schema, placeholder, and lifecycle-route checks can block bad configuration. Image and probe checks warn. Selected production and system configurati","https://confighub.github.io/helm-expt/site/testing.html"
"reviewer","reviewer-168","5","conversion","Helm","S-X1","keep an approval record","https://confighub.github.io/helm-expt/site/how-it-works.html","success","0","21","yes","3","no","3","3","yes","yes","signup","https://confighub.github.io/helm-expt/site/how-it-works.html","Operate · Config Workshop","Use it when you need to track changes across environments, require an approval before production, or roll back to a recorded release. Start with what ConfigHub adds . 1. Choose what happens next The whole path, one ladder A conf","https://confighub.github.io/helm-expt/site/how-it-works.html"
"reviewer","reviewer-169","5","conversion","Helm","S-X1","keep an approval record","https://confighub.github.io/helm-expt/site/docs.html","success","0","22","yes","3","no","3","3","yes","yes","signup","https://confighub.github.io/helm-expt/site/docs.html","Docs · Config Workshop","hanges a base after render. It can set the target, region, labels, or approvals, or edit an exact object field. Create one per environment from a single base. ConfigHub reviews, promotes, approves, and delivers the change. On up","https://confighub.github.io/helm-expt/site/docs.html"
"reviewer","reviewer-170","5","conversion","Helm","S-X1","keep an approval record","https://confighub.github.io/helm-expt/site/confighub.html","success","0","21","yes","3","no","3","3","yes","yes","signup","https://confighub.github.io/helm-expt/site/confighub.html","Use ConfigHub · Config Workshop","ulls it, and promote it across environments, with the source, checks, approvals, and history kept beside it. Use the Catalog or Check my config before you sign up. Continue here when your team needs the same answer tomorrow, in","https://confighub.github.io/helm-expt/site/confighub.html"
"reviewer","reviewer-171","5","conversion","Helm","S-X2","relate source release and live state","https://confighub.github.io/helm-expt/site/index.html","success","0","21","yes","3","no","3","3","yes","yes","signup","https://confighub.github.io/helm-expt/site/index.html","Config Workshop · Understand and test your configuration","ifferent from production? Compare the two exact object sets and their source records. Keep desired-configuration differences separate from live-cluster drift. Start this check → 6 of 40 discussions 03 I set a value. Why did th","https://confighub.github.io/helm-expt/site/index.html"
"reviewer","reviewer-172","5","conversion","Helm","S-X2","relate source release and live state","https://confighub.github.io/helm-expt/site/ai.html","success","0","23","yes","3","no","3","3","yes","yes","signup","https://confighub.github.io/helm-expt/site/ai.html","AI with review and evidence · Config Workshop","an review. The agent may propose commands or changes, and you see the source, the Kubernetes objects and the diff before any of it is applied or uploaded. The checks and the stated limits come with it. 1. Install the Config Wo","https://confighub.github.io/helm-expt/site/ai.html"
"reviewer","reviewer-173","5","conversion","Helm","S-X2","relate source release and live state","https://confighub.github.io/helm-expt/site/ask.html","success","0","24","yes","3","no","3","3","yes","yes","signup","https://confighub.github.io/helm-expt/site/ask.html","Check my config · Config Workshop","er or extract the same objects with cub helm , cub installer , or the source tool named by the example. Run cub check on those files for the shared local configuration checks. The page gives you copyable commands for keeping t","https://confighub.github.io/helm-expt/site/ask.html"
"reviewer","reviewer-174","5","conversion","Helm","S-X2","relate source release and live state","https://confighub.github.io/helm-expt/site/promote.html","success","2","58","no","3","no","3","3","yes","yes","signup","https://confighub.github.io/helm-expt/site/proof.html","Why trust it · Config Workshop","stage. Question Minimum input Deployment needed? What do I have? The source, package, snapshot, or files to inspect. No What will it produce? Source inputs plus its native tool, or literal objects where this step is a no-op.","https://confighub.github.io/helm-expt/site/promote.html -> https://confighub.github.io/helm-expt/site/d/data/sveltos-oci-delivery-proof/summary.html -> https://confighub.github.io/helm-expt/site/proof.html"
"reviewer","reviewer-175","5","conversion","Helm","S-X2","relate source release and live state","https://confighub.github.io/helm-expt/site/charts/index.html","success","0","25","yes","3","no","3","3","yes","yes","signup","https://confighub.github.io/helm-expt/site/charts/index.html","Component Catalog · Config Workshop","one install, no account. Each entry separates four answers: what the source contains, what it produces, whether a named destination can accept it, and what happened after deployment. Helm is the largest section. Each chart pa","https://confighub.github.io/helm-expt/site/charts/index.html"
"reviewer","reviewer-176","5","conversion","Helm","S-X2","relate source release and live state","https://confighub.github.io/helm-expt/site/try.html","success","2","54","no","3","no","3","3","yes","yes","signup","https://confighub.github.io/helm-expt/site/proof.html","Why trust it · Config Workshop","stage. Question Minimum input Deployment needed? What do I have? The source, package, snapshot, or files to inspect. No What will it produce? Source inputs plus its native tool, or literal objects where this step is a no-op.","https://confighub.github.io/helm-expt/site/try.html -> https://confighub.github.io/helm-expt/site/does-cluster-match-approved-config.html -> https://confighub.github.io/helm-expt/site/proof.html"
"reviewer","reviewer-177","5","conversion","Helm","S-X2","relate source release and live state","https://confighub.github.io/helm-expt/site/testing.html","success","0","21","yes","3","no","3","3","yes","yes","signup","https://confighub.github.io/helm-expt/site/testing.html","Worked Examples · Config Workshop","package. Each example names the question it answers. It may inspect a source, produce objects, check a destination, or report what happened after deployment. Later answers are never inferred from earlier ones. If you already h","https://confighub.github.io/helm-expt/site/testing.html"
"reviewer","reviewer-178","5","conversion","Helm","S-X2","relate source release and live state","https://confighub.github.io/helm-expt/site/how-it-works.html","success","0","21","yes","3","no","3","3","yes","yes","signup","https://confighub.github.io/helm-expt/site/how-it-works.html","Operate · Config Workshop","separate Question When it can be answered What do I have? Inspect the source, package, files, OCI, or snapshot. A Catalog match and deployment are not required. What will it produce? Run the source processor locally, or read t","https://confighub.github.io/helm-expt/site/how-it-works.html"
"reviewer","reviewer-179","5","conversion","Helm","S-X2","relate source release and live state","https://confighub.github.io/helm-expt/site/docs.html","success","0","23","yes","3","no","3","3","yes","yes","signup","https://confighub.github.io/helm-expt/site/docs.html","Docs · Config Workshop","nd. Question What you need What it does not prove What do I have? The source, snapshot, package, or exact files. What a source tool will generate, or whether a destination can run it. What will it produce? The source inputs an","https://confighub.github.io/helm-expt/site/docs.html"
"reviewer","reviewer-180","5","conversion","Helm","S-X2","relate source release and live state","https://confighub.github.io/helm-expt/site/confighub.html","success","0","20","yes","3","no","3","3","yes","yes","signup","https://confighub.github.io/helm-expt/site/confighub.html","Use ConfigHub · Config Workshop","t so a cluster pulls it, and promote it across environments, with the source, checks, approvals, and history kept beside it. Use the Catalog or Check my config before you sign up. Continue here when your team needs the same an","https://confighub.github.io/helm-expt/site/confighub.html"
"reviewer","reviewer-181","5","conversion","Helm","S-X3","audit an exact diff","https://confighub.github.io/helm-expt/site/index.html","success","0","19","yes","3","no","3","3","yes","yes","signup","https://confighub.github.io/helm-expt/site/index.html","Config Workshop · Understand and test your configuration","ing values, YAML, OCI, or work made by AI. See the exact objects, the differences that matter, and the checks that did not run. Check my config → 3. I have an accepted configuration. Can I promote it? compare first Compare t","https://confighub.github.io/helm-expt/site/index.html"
"reviewer","reviewer-182","5","conversion","Helm","S-X3","audit an exact diff","https://confighub.github.io/helm-expt/site/ai.html","success","1","123","no","3","yes","3","3","yes","yes","signup","https://confighub.github.io/helm-expt/site/why-do-dev-and-prod-differ.html","Why do development and production differ? · Config Workshop","Why do development and production differ? · Config Workshop Config Workshop AN EXPERIMENTAL TEST SITE FOR CONFIG TOOLS Catalog Platforms and stacks Operate Why trust it Docs ConfigHub Cata","https://confighub.github.io/helm-expt/site/ai.html -> https://confighub.github.io/helm-expt/site/why-do-dev-and-prod-differ.html"
"reviewer","reviewer-183","5","conversion","Helm","S-X3","audit an exact diff","https://confighub.github.io/helm-expt/site/ask.html","success","0","24","yes","3","no","3","3","yes","yes","signup","https://confighub.github.io/helm-expt/site/ask.html","Check my config · Config Workshop","onfig Variants Operations Does the cluster match? Why do dev and prod differ? Offering Why trust it Why trust it Known gaps Evidence index Docs Docs What Config Workshop is Compare What's new Browse Catalog Catalog Find a co","https://confighub.github.io/helm-expt/site/ask.html"
"reviewer","reviewer-184","5","conversion","Helm","S-X3","audit an exact diff","https://confighub.github.io/helm-expt/site/promote.html","success","1","129","no","3","yes","3","3","yes","yes","signup","https://confighub.github.io/helm-expt/site/why-do-dev-and-prod-differ.html","Why do development and production differ? · Config Workshop","Why do development and production differ? · Config Workshop Config Workshop AN EXPERIMENTAL TEST SITE FOR CONFIG TOOLS Catalog Platforms and stacks Operate Why trust it Docs ConfigHub Cata","https://confighub.github.io/helm-expt/site/promote.html -> https://confighub.github.io/helm-expt/site/why-do-dev-and-prod-differ.html"
"reviewer","reviewer-185","5","conversion","Helm","S-X3","audit an exact diff","https://confighub.github.io/helm-expt/site/charts/index.html","success","1","40","no","3","yes","3","3","yes","yes","signup","https://confighub.github.io/helm-expt/site/why-do-dev-and-prod-differ.html","Why do development and production differ? · Config Workshop","Why do development and production differ? · Config Workshop Config Workshop AN EXPERIMENTAL TEST SITE FOR CONFIG TOOLS Catalog Platforms and stacks Operate Why trust it Docs ConfigHub Cata","https://confighub.github.io/helm-expt/site/charts/index.html -> https://confighub.github.io/helm-expt/site/why-do-dev-and-prod-differ.html"
"reviewer","reviewer-186","5","conversion","Helm","S-X3","audit an exact diff","https://confighub.github.io/helm-expt/site/try.html","success","1","38","no","2","yes","3","3","yes","yes","signup","https://confighub.github.io/helm-expt/site/why-do-dev-and-prod-differ.html","Why do development and production differ? · Config Workshop","Why do development and production differ? · Config Workshop Config Workshop AN EXPERIMENTAL TEST SITE FOR CONFIG TOOLS Catalog Platforms and stacks Operate Why trust it Docs ConfigHub Cata","https://confighub.github.io/helm-expt/site/try.html -> https://confighub.github.io/helm-expt/site/why-do-dev-and-prod-differ.html"
"reviewer","reviewer-187","5","conversion","Helm","S-X3","audit an exact diff","https://confighub.github.io/helm-expt/site/testing.html","success","0","19","yes","3","no","3","3","yes","yes","signup","https://confighub.github.io/helm-expt/site/testing.html","Worked Examples · Config Workshop","onfig Variants Operations Does the cluster match? Why do dev and prod differ? Offering Why trust it Why trust it Known gaps Evidence index Docs Docs What Config Workshop is Compare What's new Browse Catalog Catalog Find a co","https://confighub.github.io/helm-expt/site/testing.html"
"reviewer","reviewer-188","5","conversion","Helm","S-X3","audit an exact diff","https://confighub.github.io/helm-expt/site/how-it-works.html","success","0","18","yes","3","no","3","3","yes","yes","signup","https://confighub.github.io/helm-expt/site/how-it-works.html","Operate · Config Workshop","onfig Variants Operations Does the cluster match? Why do dev and prod differ? Offering Why trust it Why trust it Known gaps Evidence index Docs Docs What Config Workshop is Compare What's new Browse Operate Catalog Find a co","https://confighub.github.io/helm-expt/site/how-it-works.html"
"reviewer","reviewer-189","5","conversion","Helm","S-X3","audit an exact diff","https://confighub.github.io/helm-expt/site/docs.html","success","0","20","yes","3","no","3","3","yes","yes","signup","https://confighub.github.io/helm-expt/site/docs.html","Docs · Config Workshop","onfig Variants Operations Does the cluster match? Why do dev and prod differ? Offering Why trust it Why trust it Known gaps Evidence index Docs Docs What Config Workshop is Compare What's new Browse Docs Catalog Find a confi","https://confighub.github.io/helm-expt/site/docs.html"
"reviewer","reviewer-190","5","conversion","Helm","S-X3","audit an exact diff","https://confighub.github.io/helm-expt/site/confighub.html","success","0","21","yes","3","no","3","3","yes","yes","signup","https://confighub.github.io/helm-expt/site/confighub.html","Use ConfigHub · Config Workshop","onfig Variants Operations Does the cluster match? Why do dev and prod differ? Offering Why trust it Why trust it Known gaps Evidence index Docs Docs What Config Workshop is Compare What's new Browse Operate Catalog Find a co","https://confighub.github.io/helm-expt/site/confighub.html"
"reviewer","reviewer-191","5","conversion","Helm","S-X4","see why ConfigHub is more than a scanner","https://confighub.github.io/helm-expt/site/index.html","success","1","35","no","3","yes","3","3","yes","yes","signup","https://confighub.github.io/helm-expt/site/kubara.html","Build an internal developer platform with Kubara · Config Workshop","R CONFIG TOOLS Catalog Platforms and stacks Operate Why trust it Docs ConfigHub Catalog Find a configuration Is my configuration right? Try it: Redis in ten minutes Detailed Redis walkthrough Run it with Flux, Argo CD, or kubectl","https://confighub.github.io/helm-expt/site/index.html -> https://confighub.github.io/helm-expt/site/kubara.html"
"reviewer","reviewer-192","5","conversion","Helm","S-X4","see why ConfigHub is more than a scanner","https://confighub.github.io/helm-expt/site/ai.html","success","1","39","no","3","yes","3","3","yes","yes","signup","https://confighub.github.io/helm-expt/site/confighub.html","Use ConfigHub · Config Workshop","Use ConfigHub · Config Workshop Config Workshop AN EXPERIMENTAL TEST SITE FOR CONFIG TOOLS Catalog Platforms and stacks Operate Why trust it Docs ConfigHub Catalog","https://confighub.github.io/helm-expt/site/ai.html -> https://confighub.github.io/helm-expt/site/confighub.html"
"reviewer","reviewer-193","5","conversion","Helm","S-X4","see why ConfigHub is more than a scanner","https://confighub.github.io/helm-expt/site/ask.html","success","0","21","yes","3","no","3","3","yes","yes","signup","https://confighub.github.io/helm-expt/site/ask.html","Check my config · Config Workshop","R CONFIG TOOLS Catalog Platforms and stacks Operate Why trust it Docs ConfigHub Catalog Find a configuration Is my configuration right? Try it: Redis in ten minutes Detailed Redis walkthrough Run it with Flux, Argo CD, or kubectl","https://confighub.github.io/helm-expt/site/ask.html"
"reviewer","reviewer-194","5","conversion","Helm","S-X4","see why ConfigHub is more than a scanner","https://confighub.github.io/helm-expt/site/promote.html","success","2","61","no","3","no","3","3","yes","yes","signup","https://confighub.github.io/helm-expt/site/confighub.html","Use ConfigHub · Config Workshop","Use ConfigHub · Config Workshop Config Workshop AN EXPERIMENTAL TEST SITE FOR CONFIG TOOLS Catalog Platforms and stacks Operate Why trust it Docs ConfigHub Catalog","https://confighub.github.io/helm-expt/site/promote.html -> https://confighub.github.io/helm-expt/site/promote.html#change-workflow-evidence -> https://confighub.github.io/helm-expt/site/confighub.html"
"reviewer","reviewer-195","5","conversion","Helm","S-X4","see why ConfigHub is more than a scanner","https://confighub.github.io/helm-expt/site/charts/index.html","success","2","59","no","3","no","3","3","yes","yes","signup","https://confighub.github.io/helm-expt/site/confighub.html","Use ConfigHub · Config Workshop","Use ConfigHub · Config Workshop Config Workshop AN EXPERIMENTAL TEST SITE FOR CONFIG TOOLS Catalog Platforms and stacks Operate Why trust it Docs ConfigHub Catalog","https://confighub.github.io/helm-expt/site/charts/index.html -> https://confighub.github.io/helm-expt/site/how-it-works.html#setting-sources -> https://confighub.github.io/helm-expt/site/confighub.html"
"reviewer","reviewer-196","5","conversion","Helm","S-X4","see why ConfigHub is more than a scanner","https://confighub.github.io/helm-expt/site/try.html","success","1","36","no","3","yes","3","3","yes","yes","signup","https://confighub.github.io/helm-expt/site/confighub.html","Use ConfigHub · Config Workshop","Use ConfigHub · Config Workshop Config Workshop AN EXPERIMENTAL TEST SITE FOR CONFIG TOOLS Catalog Platforms and stacks Operate Why trust it Docs ConfigHub Catalog","https://confighub.github.io/helm-expt/site/try.html -> https://confighub.github.io/helm-expt/site/confighub.html"
"reviewer","reviewer-197","5","conversion","Helm","S-X4","see why ConfigHub is more than a scanner","https://confighub.github.io/helm-expt/site/testing.html","success","0","19","yes","3","no","3","3","yes","yes","signup","https://confighub.github.io/helm-expt/site/testing.html","Worked Examples · Config Workshop","R CONFIG TOOLS Catalog Platforms and stacks Operate Why trust it Docs ConfigHub Catalog Find a configuration Is my configuration right? Try it: Redis in ten minutes Detailed Redis walkthrough Run it with Flux, Argo CD, or kubectl","https://confighub.github.io/helm-expt/site/testing.html"
"reviewer","reviewer-198","5","conversion","Helm","S-X4","see why ConfigHub is more than a scanner","https://confighub.github.io/helm-expt/site/how-it-works.html","success","1","37","no","3","yes","3","3","yes","yes","signup","https://confighub.github.io/helm-expt/site/confighub.html","Use ConfigHub · Config Workshop","Use ConfigHub · Config Workshop Config Workshop AN EXPERIMENTAL TEST SITE FOR CONFIG TOOLS Catalog Platforms and stacks Operate Why trust it Docs ConfigHub Catalog","https://confighub.github.io/helm-expt/site/how-it-works.html -> https://confighub.github.io/helm-expt/site/confighub.html"
"reviewer","reviewer-199","5","conversion","Helm","S-X4","see why ConfigHub is more than a scanner","https://confighub.github.io/helm-expt/site/docs.html","success","0","22","yes","3","no","3","3","yes","yes","signup","https://confighub.github.io/helm-expt/site/docs.html","Docs · Config Workshop","R CONFIG TOOLS Catalog Platforms and stacks Operate Why trust it Docs ConfigHub Catalog Find a configuration Is my configuration right? Try it: Redis in ten minutes Detailed Redis walkthrough Run it with Flux, Argo CD, or kubectl","https://confighub.github.io/helm-expt/site/docs.html"
"reviewer","reviewer-200","5","conversion","Helm","S-X4","see why ConfigHub is more than a scanner","https://confighub.github.io/helm-expt/site/confighub.html","success","0","20","yes","3","no","3","3","yes","yes","signup","https://confighub.github.io/helm-expt/site/confighub.html","Use ConfigHub · Config Workshop","Use ConfigHub · Config Workshop Config Workshop AN EXPERIMENTAL TEST SITE FOR CONFIG TOOLS Catalog Platforms and stacks Operate Why trust it Docs ConfigHub Catalog","https://confighub.github.io/helm-expt/site/confighub.html"
"reviewer","reviewer-201","5","action","Helm","S-A5","check current evidence before approving a move","https://confighub.github.io/helm-expt/site/index.html","partial","5","203","no","2","no","2","3","yes","no","bookmark","https://confighub.github.io/helm-expt/site/index.html","Config Workshop · Understand and test your configuration","igHub, release it, and promote it when the answer has to be shared, approved, and moved from development to production. Public config chains into your private org here, and the object digest travels with it. Running AI on GPUs","https://confighub.github.io/helm-expt/site/index.html -> https://confighub.github.io/helm-expt/site/does-cluster-match-approved-config.html -> https://confighub.github.io/helm-expt/site/does-cluster-match-approved-config.html#evidence -> https://confighub.github.io/helm-expt/site/does-cluster-match-approved-config.html#example -> https://confighub.github.io/helm-expt/site/does-cluster-match-approved-config.html#next-action -> https://confighub.github.io/helm-expt/site/matrix.html"
"reviewer","reviewer-202","5","action","Helm","S-A5","check current evidence before approving a move","https://confighub.github.io/helm-expt/site/ai.html","partial","5","221","no","1","yes","2","3","yes","no","bookmark","https://confighub.github.io/helm-expt/site/does-cluster-match-approved-config.html","Does the cluster match what we approved? · Config Workshop","Does the cluster match what we approved? · Config Workshop Config Workshop AN EXPERIMENTAL TEST SITE FOR CONFIG TOOLS Catalog Platforms and stacks Operate Why trust it Docs ConfigHub Catalo","https://confighub.github.io/helm-expt/site/ai.html -> https://confighub.github.io/helm-expt/site/does-cluster-match-approved-config.html -> https://confighub.github.io/helm-expt/site/does-cluster-match-approved-config.html#evidence -> https://confighub.github.io/helm-expt/site/does-cluster-match-approved-config.html#example -> https://confighub.github.io/helm-expt/site/does-cluster-match-approved-config.html#next-action -> https://confighub.github.io/helm-expt/site/matrix.html"
"reviewer","reviewer-203","5","action","Helm","S-A5","check current evidence before approving a move","https://confighub.github.io/helm-expt/site/ask.html","success","0","24","yes","3","no","3","3","yes","yes","continue","https://confighub.github.io/helm-expt/site/ask.html","Check my config · Config Workshop","s history and promotion. Already accepted a result? Compare the exact current result with the candidate for the next stage . The promotion review shows what changed, what blocks the move, and which destination checks have not run. Doi","https://confighub.github.io/helm-expt/site/ask.html"
"reviewer","reviewer-204","5","action","Helm","S-A5","check current evidence before approving a move","https://confighub.github.io/helm-expt/site/promote.html","success","0","25","yes","3","no","3","3","yes","yes","continue","https://confighub.github.io/helm-expt/site/promote.html","Promote my config · Config Workshop","would receive, what still needs testing, and whether any target has a current result. Comparing here is free and previews the move. Promoting the reviewed change for real is the account step, run with cub variant promote . The same pr","https://confighub.github.io/helm-expt/site/promote.html"
"reviewer","reviewer-205","5","action","Helm","S-A5","check current evidence before approving a move","https://confighub.github.io/helm-expt/site/charts/index.html","partial","5","225","no","2","no","2","3","yes","no","bookmark","https://confighub.github.io/helm-expt/site/charts/index.html","Component Catalog · Config Workshop","se objects, and what has actually been tested? Entry What is retained Current result Redis 8.10.1 default Immutable module digest, typed options, selected defaults, seven exact objects, master-first apply order, optional test, and des","https://confighub.github.io/helm-expt/site/charts/index.html -> https://confighub.github.io/helm-expt/site/does-cluster-match-approved-config.html -> https://confighub.github.io/helm-expt/site/does-cluster-match-approved-config.html#evidence -> https://confighub.github.io/helm-expt/site/does-cluster-match-approved-config.html#example -> https://confighub.github.io/helm-expt/site/does-cluster-match-approved-config.html#next-action -> https://confighub.github.io/helm-expt/site/matrix.html"
"reviewer","reviewer-206","5","action","Helm","S-A5","check current evidence before approving a move","https://confighub.github.io/helm-expt/site/try.html","partial","5","244","no","0","yes","2","3","yes","no","bookmark","https://confighub.github.io/helm-expt/site/does-cluster-match-approved-config.html","Does the cluster match what we approved? · Config Workshop","Does the cluster match what we approved? · Config Workshop Config Workshop AN EXPERIMENTAL TEST SITE FOR CONFIG TOOLS Catalog Platforms and stacks Operate Why trust it Docs ConfigHub Catalo","https://confighub.github.io/helm-expt/site/try.html -> https://confighub.github.io/helm-expt/site/does-cluster-match-approved-config.html -> https://confighub.github.io/helm-expt/site/does-cluster-match-approved-config.html#evidence -> https://confighub.github.io/helm-expt/site/does-cluster-match-approved-config.html#example -> https://confighub.github.io/helm-expt/site/does-cluster-match-approved-config.html#next-action -> https://confighub.github.io/helm-expt/site/matrix.html"
"reviewer","reviewer-207","5","action","Helm","S-A5","check current evidence before approving a move","https://confighub.github.io/helm-expt/site/testing.html","partial","5","210","no","1","yes","2","3","yes","no","bookmark","https://confighub.github.io/helm-expt/site/does-cluster-match-approved-config.html","Does the cluster match what we approved? · Config Workshop","Does the cluster match what we approved? · Config Workshop Config Workshop AN EXPERIMENTAL TEST SITE FOR CONFIG TOOLS Catalog Platforms and stacks Operate Why trust it Docs ConfigHub Catalo","https://confighub.github.io/helm-expt/site/testing.html -> https://confighub.github.io/helm-expt/site/does-cluster-match-approved-config.html -> https://confighub.github.io/helm-expt/site/does-cluster-match-approved-config.html#evidence -> https://confighub.github.io/helm-expt/site/does-cluster-match-approved-config.html#example -> https://confighub.github.io/helm-expt/site/does-cluster-match-approved-config.html#next-action -> https://confighub.github.io/helm-expt/site/matrix.html"
"reviewer","reviewer-208","5","action","Helm","S-A5","check current evidence before approving a move","https://confighub.github.io/helm-expt/site/how-it-works.html","partial","5","234","no","2","no","2","3","yes","no","bookmark","https://confighub.github.io/helm-expt/site/how-it-works.html","Operate · Config Workshop","Hub and publish a reviewed release OCI later. ConfigHub stores your approved configuration and its history. Use it when you need to track changes across environments, require an approval before production, or roll back to a re","https://confighub.github.io/helm-expt/site/how-it-works.html -> https://confighub.github.io/helm-expt/site/does-cluster-match-approved-config.html -> https://confighub.github.io/helm-expt/site/does-cluster-match-approved-config.html#evidence -> https://confighub.github.io/helm-expt/site/does-cluster-match-approved-config.html#example -> https://confighub.github.io/helm-expt/site/does-cluster-match-approved-config.html#next-action -> https://confighub.github.io/helm-expt/site/matrix.html"
"reviewer","reviewer-209","5","action","Helm","S-A5","check current evidence before approving a move","https://confighub.github.io/helm-expt/site/docs.html","success","0","21","yes","3","no","3","3","yes","yes","continue","https://confighub.github.io/helm-expt/site/docs.html","Docs · Config Workshop","variants. How do I test a change before promotion? Compare the exact current result with the candidate for the next stage. The review shows what changed, what blocks the move, and what still needs a staging test. How do I upgrade and","https://confighub.github.io/helm-expt/site/docs.html"
"reviewer","reviewer-210","5","action","Helm","S-A5","check current evidence before approving a move","https://confighub.github.io/helm-expt/site/confighub.html","partial","5","108","no","2","no","2","3","yes","no","bookmark","https://confighub.github.io/helm-expt/site/confighub.html","Use ConfigHub · Config Workshop","motes reviewed changes from development to production, and compares approved configuration with your clusters. Upload a reviewed result into ConfigHub Open the tutorial New to cub ? Install the cub CLI first. Public catalog pa","https://confighub.github.io/helm-expt/site/confighub.html -> https://confighub.github.io/helm-expt/site/does-cluster-match-approved-config.html -> https://confighub.github.io/helm-expt/site/does-cluster-match-approved-config.html#evidence -> https://confighub.github.io/helm-expt/site/does-cluster-match-approved-config.html#example -> https://confighub.github.io/helm-expt/site/does-cluster-match-approved-config.html#next-action -> https://confighub.github.io/helm-expt/site/matrix.html"
"reviewer","reviewer-211","5","comprehension","mixed","S-C5","distinguish source and intent records from deployable objects","https://confighub.github.io/helm-expt/site/index.html","success","4","181","no","2","no","3","3","yes","yes","continue","https://confighub.github.io/helm-expt/site/ask.html","Check my config · Config Workshop","ference Candidate objects Comparison objects (optional) Add a Catalog source and intent record If the candidate starts from a Catalog configuration, add its BaseVariantRecord . It connects the source, rendered objects, OCI package, prere","https://confighub.github.io/helm-expt/site/index.html -> https://confighub.github.io/helm-expt/site/proof.html#check-one-claim -> https://confighub.github.io/helm-expt/site/d/docs/user/prometheus-high-fanout.html -> https://confighub.github.io/helm-expt/site/proof.html -> https://confighub.github.io/helm-expt/site/ask.html"
"reviewer","reviewer-212","5","comprehension","mixed","S-C5","distinguish source and intent records from deployable objects","https://confighub.github.io/helm-expt/site/ai.html","partial","5","159","no","2","no","2","3","yes","no","bookmark","https://confighub.github.io/helm-expt/site/ai.html","AI with review and evidence · Config Workshop","rce-native tool, retain its inputs, and compare the exact output. The source and intent. A destination is optional. Can this destination accept it? Run checks against current APIs, CRDs, Secrets, policies, controllers, credentials, and h","https://confighub.github.io/helm-expt/site/ai.html -> https://confighub.github.io/helm-expt/site/ai.html#sources -> https://confighub.github.io/helm-expt/site/ai.html#timoni-example -> https://confighub.github.io/helm-expt/site/proof.html#check-one-claim -> https://confighub.github.io/helm-expt/site/d/docs/user/prometheus-high-fanout.html -> https://confighub.github.io/helm-expt/site/proof.html"
"reviewer","reviewer-213","5","comprehension","mixed","S-C5","distinguish source and intent records from deployable objects","https://confighub.github.io/helm-expt/site/ask.html","success","0","22","yes","3","no","3","3","yes","yes","continue","https://confighub.github.io/helm-expt/site/ask.html","Check my config · Config Workshop","ference Candidate objects Comparison objects (optional) Add a Catalog source and intent record If the candidate starts from a Catalog configuration, add its BaseVariantRecord . It connects the source, rendered objects, OCI package, prere","https://confighub.github.io/helm-expt/site/ask.html"
"reviewer","reviewer-214","5","comprehension","mixed","S-C5","distinguish source and intent records from deployable objects","https://confighub.github.io/helm-expt/site/promote.html","success","3","165","no","2","no","3","3","yes","yes","continue","https://confighub.github.io/helm-expt/site/ask.html","Check my config · Config Workshop","ference Candidate objects Comparison objects (optional) Add a Catalog source and intent record If the candidate starts from a Catalog configuration, add its BaseVariantRecord . It connects the source, rendered objects, OCI package, prere","https://confighub.github.io/helm-expt/site/promote.html -> https://confighub.github.io/helm-expt/site/proof.html -> https://confighub.github.io/helm-expt/site/d/docs/user/prometheus-high-fanout.html -> https://confighub.github.io/helm-expt/site/ask.html"
"reviewer","reviewer-215","5","comprehension","mixed","S-C5","distinguish source and intent records from deployable objects","https://confighub.github.io/helm-expt/site/charts/index.html","success","3","163","no","1","yes","3","3","yes","yes","continue","https://confighub.github.io/helm-expt/site/d/docs/user/confighub-data-model.html","The ConfigHub data model · Config Workshop","he combined record a ""full rendering."" The complete managed result is source and intent, exact configuration, lifecycle requirements, route resolutions, and runtime receipts. Records that answer different questions A deployable configura","https://confighub.github.io/helm-expt/site/charts/index.html -> https://confighub.github.io/helm-expt/site/how-it-works.html#setting-sources -> https://confighub.github.io/helm-expt/site/how-it-works.html#setup -> https://confighub.github.io/helm-expt/site/d/docs/user/confighub-data-model.html"
"reviewer","reviewer-216","5","comprehension","mixed","S-C5","distinguish source and intent records from deployable objects","https://confighub.github.io/helm-expt/site/try.html","success","4","163","no","1","no","3","3","yes","yes","continue","https://confighub.github.io/helm-expt/site/ask.html","Check my config · Config Workshop","ference Candidate objects Comparison objects (optional) Add a Catalog source and intent record If the candidate starts from a Catalog configuration, add its BaseVariantRecord . It connects the source, rendered objects, OCI package, prere","https://confighub.github.io/helm-expt/site/try.html -> https://confighub.github.io/helm-expt/site/try.html#inspect-result -> https://confighub.github.io/helm-expt/site/proof.html -> https://confighub.github.io/helm-expt/site/d/docs/user/prometheus-high-fanout.html -> https://confighub.github.io/helm-expt/site/ask.html"
"reviewer","reviewer-217","5","comprehension","mixed","S-C5","distinguish source and intent records from deployable objects","https://confighub.github.io/helm-expt/site/testing.html","success","3","69","no","1","yes","3","3","yes","yes","continue","https://confighub.github.io/helm-expt/site/d/docs/user/confighub-data-model.html","The ConfigHub data model · Config Workshop","he combined record a ""full rendering."" The complete managed result is source and intent, exact configuration, lifecycle requirements, route resolutions, and runtime receipts. Records that answer different questions A deployable configura","https://confighub.github.io/helm-expt/site/testing.html -> https://confighub.github.io/helm-expt/site/how-it-works.html#setting-sources -> https://confighub.github.io/helm-expt/site/how-it-works.html#setup -> https://confighub.github.io/helm-expt/site/d/docs/user/confighub-data-model.html"
"reviewer","reviewer-218","5","comprehension","mixed","S-C5","distinguish source and intent records from deployable objects","https://confighub.github.io/helm-expt/site/how-it-works.html","success","3","78","no","2","no","3","3","yes","yes","continue","https://confighub.github.io/helm-expt/site/d/docs/user/confighub-data-model.html","The ConfigHub data model · Config Workshop","he combined record a ""full rendering."" The complete managed result is source and intent, exact configuration, lifecycle requirements, route resolutions, and runtime receipts. Records that answer different questions A deployable configura","https://confighub.github.io/helm-expt/site/how-it-works.html -> https://confighub.github.io/helm-expt/site/how-it-works.html#setting-sources -> https://confighub.github.io/helm-expt/site/how-it-works.html#setup -> https://confighub.github.io/helm-expt/site/d/docs/user/confighub-data-model.html"
"reviewer","reviewer-219","5","comprehension","mixed","S-C5","distinguish source and intent records from deployable objects","https://confighub.github.io/helm-expt/site/docs.html","success","4","89","no","2","no","3","3","yes","yes","continue","https://confighub.github.io/helm-expt/site/d/docs/user/confighub-data-model.html","The ConfigHub data model · Config Workshop","he combined record a ""full rendering."" The complete managed result is source and intent, exact configuration, lifecycle requirements, route resolutions, and runtime receipts. Records that answer different questions A deployable configura","https://confighub.github.io/helm-expt/site/docs.html -> https://confighub.github.io/helm-expt/site/how-it-works.html#now-deploy -> https://confighub.github.io/helm-expt/site/how-it-works.html#setting-sources -> https://confighub.github.io/helm-expt/site/how-it-works.html#setup -> https://confighub.github.io/helm-expt/site/d/docs/user/confighub-data-model.html"
"reviewer","reviewer-220","5","comprehension","mixed","S-C5","distinguish source and intent records from deployable objects","https://confighub.github.io/helm-expt/site/confighub.html","success","3","68","no","2","no","3","3","yes","yes","continue","https://confighub.github.io/helm-expt/site/ask.html","Check my config · Config Workshop","ference Candidate objects Comparison objects (optional) Add a Catalog source and intent record If the candidate starts from a Catalog configuration, add its BaseVariantRecord . It connects the source, rendered objects, OCI package, prere","https://confighub.github.io/helm-expt/site/confighub.html -> https://confighub.github.io/helm-expt/site/proof.html -> https://confighub.github.io/helm-expt/site/d/docs/user/prometheus-high-fanout.html -> https://confighub.github.io/helm-expt/site/ask.html"
"reviewer","reviewer-221","5","action","Timoni","S-A6","inspect the Timoni publication receipt","https://confighub.github.io/helm-expt/site/index.html","success","0","20","yes","4","no","4","4","yes","yes","continue","https://confighub.github.io/helm-expt/site/index.html","Config Workshop · Understand and test your configuration","rms and stacks Operate Why trust it Docs ConfigHub Helm first · AICR, Timoni, OCI and YAML examples See what your configuration will do Bring the configuration you or your AI just created. Config Workshop renders it to the exa","https://confighub.github.io/helm-expt/site/index.html"
"reviewer","reviewer-222","5","action","Timoni","S-A6","inspect the Timoni publication receipt","https://confighub.github.io/helm-expt/site/ai.html","success","2","147","no","3","no","4","4","yes","yes","continue","https://confighub.github.io/helm-expt/site/d/examples/timoni/redis-8-10-1/README.html","Timoni Redis 8.10.1 · Config Workshop","Timoni Redis 8.10.1 · Config Workshop Config Workshop AN EXPERIMENTAL TEST SITE FOR CONFIG TOOLS Catalog Platforms and stacks Operate Why trust it Docs Conf","https://confighub.github.io/helm-expt/site/ai.html -> https://confighub.github.io/helm-expt/site/ai.html#timoni-example -> https://confighub.github.io/helm-expt/site/d/examples/timoni/redis-8-10-1/README.html"
"reviewer","reviewer-223","5","action","Timoni","S-A6","inspect the Timoni publication receipt","https://confighub.github.io/helm-expt/site/ask.html","success","0","23","yes","4","no","4","4","yes","yes","continue","https://confighub.github.io/helm-expt/site/ask.html","Check my config · Config Workshop","ect the source, values, or package. What will it produce? Helm, AICR, Timoni, or another source tool runs on your machine. The browser checks its output; it does not run the source processor. Can this destination accept it? No","https://confighub.github.io/helm-expt/site/ask.html"
"reviewer","reviewer-224","5","action","Timoni","S-A6","inspect the Timoni publication receipt","https://confighub.github.io/helm-expt/site/promote.html","partial","1","126","no","3","no","3","4","yes","no","bookmark","https://confighub.github.io/helm-expt/site/promote.html","Promote my config · Config Workshop","is page. The browser compares the output; it does not run Helm, AICR, Timoni, or another processor. Can this destination accept it? Add current destination checks for the same proposed digest. Without them, the answer remains","https://confighub.github.io/helm-expt/site/promote.html -> https://confighub.github.io/helm-expt/site/promotion-review.schema.json"
"reviewer","reviewer-225","5","action","Timoni","S-A6","inspect the Timoni publication receipt","https://confighub.github.io/helm-expt/site/charts/index.html","success","0","23","yes","4","no","4","4","yes","yes","continue","https://confighub.github.io/helm-expt/site/charts/index.html","Component Catalog · Config Workshop","catalog index for the retained recipes, versions, and proof details. Timoni Redis The first Timoni entry uses Redis so you can compare it with the Helm Redis configurations above. The inputs are different, but the Catalog ask","https://confighub.github.io/helm-expt/site/charts/index.html"
"reviewer","reviewer-226","5","action","Timoni","S-A6","inspect the Timoni publication receipt","https://confighub.github.io/helm-expt/site/try.html","partial","5","105","no","3","no","3","4","yes","no","bookmark","https://confighub.github.io/helm-expt/site/try.html","Try it: Redis in ten minutes · Config Workshop","talog installer OCI, pinned to the manifest digest in its publication receipt. Output: readable Kubernetes files plus a local configuration OCI at ./redis-25.oci . cub installer setup --pull oci://europe-west1-docker.pkg.dev/nt","https://confighub.github.io/helm-expt/site/try.html -> https://confighub.github.io/helm-expt/site/confighub.html -> https://confighub.github.io/helm-expt/site/how-it-works.html -> https://confighub.github.io/helm-expt/site/how-it-works.html#setting-sources -> https://confighub.github.io/helm-expt/site/how-it-works.html#deliver -> https://confighub.github.io/helm-expt/site/proof.html"
"reviewer","reviewer-227","5","action","Timoni","S-A6","inspect the Timoni publication receipt","https://confighub.github.io/helm-expt/site/testing.html","success","0","22","yes","4","no","4","4","yes","yes","continue","https://confighub.github.io/helm-expt/site/testing.html","Worked Examples · Config Workshop","R v0.20 H100 training starting configuration · v0.19 managed stages A Timoni module Inspect the Timoni Redis example. Compare its immutable module source, typed options, seven exact objects, lifecycle order, public OCI, and Co","https://confighub.github.io/helm-expt/site/testing.html"
"reviewer","reviewer-228","5","action","Timoni","S-A6","inspect the Timoni publication receipt","https://confighub.github.io/helm-expt/site/how-it-works.html","success","5","101","no","3","no","4","4","yes","yes","continue","https://confighub.github.io/helm-expt/site/ask.html","Check my config · Config Workshop","ect the source, values, or package. What will it produce? Helm, AICR, Timoni, or another source tool runs on your machine. The browser checks its output; it does not run the source processor. Can this destination accept it? No","https://confighub.github.io/helm-expt/site/how-it-works.html -> https://confighub.github.io/helm-expt/site/how-it-works.html#setting-sources -> https://confighub.github.io/helm-expt/site/how-it-works.html#deliver -> https://confighub.github.io/helm-expt/site/proof.html -> https://confighub.github.io/helm-expt/site/proof.html#security -> https://confighub.github.io/helm-expt/site/ask.html"
"reviewer","reviewer-229","5","action","Timoni","S-A6","inspect the Timoni publication receipt","https://confighub.github.io/helm-expt/site/docs.html","success","3","75","no","3","no","4","4","yes","yes","continue","https://confighub.github.io/helm-expt/site/ask.html","Check my config · Config Workshop","ect the source, values, or package. What will it produce? Helm, AICR, Timoni, or another source tool runs on your machine. The browser checks its output; it does not run the source processor. Can this destination accept it? No","https://confighub.github.io/helm-expt/site/docs.html -> https://confighub.github.io/helm-expt/site/proof.html#security -> https://confighub.github.io/helm-expt/site/proof.html -> https://confighub.github.io/helm-expt/site/ask.html"
"reviewer","reviewer-230","5","action","Timoni","S-A6","inspect the Timoni publication receipt","https://confighub.github.io/helm-expt/site/confighub.html","partial","5","108","no","3","no","3","4","yes","no","bookmark","https://confighub.github.io/helm-expt/site/confighub.html","Use ConfigHub · Config Workshop","n git, the recorded journey lands those exact files as governed data, receipted. Every certified image in the Catalog has been uploaded into a ConfigHub organization as a base variant , one at a time, with the outcome recorded.","https://confighub.github.io/helm-expt/site/confighub.html -> https://confighub.github.io/helm-expt/site/how-it-works.html -> https://confighub.github.io/helm-expt/site/how-it-works.html#setting-sources -> https://confighub.github.io/helm-expt/site/how-it-works.html#deliver -> https://confighub.github.io/helm-expt/site/proof.html -> https://confighub.github.io/helm-expt/site/proof.html#security"
"reviewer","reviewer-231","5","action","Helm","S-A7","check which destination claims have live evidence","https://confighub.github.io/helm-expt/site/index.html","success","1","35","no","1","yes","5","5","yes","yes","continue","https://confighub.github.io/helm-expt/site/promote.html","Promote my config · Config Workshop","ni, or another processor. Can this destination accept it? Add current destination checks for the same proposed digest. Without them, the answer remains not run. Did it work? Add staging or live results only after the exact revision has b","https://confighub.github.io/helm-expt/site/index.html -> https://confighub.github.io/helm-expt/site/promote.html"
"reviewer","reviewer-232","5","action","Helm","S-A7","check which destination claims have live evidence","https://confighub.github.io/helm-expt/site/ai.html","partial","5","495","no","4","no","4","5","no","no","bookmark","https://confighub.github.io/helm-expt/site/ai.html","AI with review and evidence · Config Workshop","promotion review, and copy its AI review prompt. The prompt keeps the destination checks and tests that have not run in the answer. After the source tool writes Kubernetes YAML, the agent can run the same released local checker a person","https://confighub.github.io/helm-expt/site/ai.html -> https://confighub.github.io/helm-expt/site/matrix.html -> https://confighub.github.io/helm-expt/site/d/data/lifecycle-routes/summary.html -> https://confighub.github.io/helm-expt/site/d/data/lifecycle-routes/contract.html -> https://confighub.github.io/helm-expt/site/d/docs/user/hook-lifecycle-strategy.html -> https://confighub.github.io/helm-expt/site/d/docs/reference/seven-stage-helm-lifecycle.html"
"reviewer","reviewer-233","5","action","Helm","S-A7","check which destination claims have live evidence","https://confighub.github.io/helm-expt/site/ask.html","success","0","20","yes","5","no","5","5","yes","yes","continue","https://confighub.github.io/helm-expt/site/ask.html","Check my config · Config Workshop","promotion review shows what changed, what blocks the move, and which destination checks have not run. Doing this regularly? Install the Config Workshop agent skill so your assistant follows the same version, evidence, lifecycle, and saf","https://confighub.github.io/helm-expt/site/ask.html"
"reviewer","reviewer-234","5","action","Helm","S-A7","check which destination claims have live evidence","https://confighub.github.io/helm-expt/site/promote.html","success","0","23","yes","5","no","5","5","yes","yes","continue","https://confighub.github.io/helm-expt/site/promote.html","Promote my config · Config Workshop","ni, or another processor. Can this destination accept it? Add current destination checks for the same proposed digest. Without them, the answer remains not run. Did it work? Add staging or live results only after the exact revision has b","https://confighub.github.io/helm-expt/site/promote.html"
"reviewer","reviewer-235","5","action","Helm","S-A7","check which destination claims have live evidence","https://confighub.github.io/helm-expt/site/charts/index.html","partial","5","143","no","4","no","4","5","yes","no","bookmark","https://confighub.github.io/helm-expt/site/charts/index.html","Component Catalog · Config Workshop","Read the anonymous run . Snapshot findings, configuration inspection, destination checks, and model inference remain separate results. Plan NVIDIA NIM serving Choose the AICR platform or a specific KServe model shape . AWS or equivalent","https://confighub.github.io/helm-expt/site/charts/index.html -> https://confighub.github.io/helm-expt/site/matrix.html -> https://confighub.github.io/helm-expt/site/d/data/lifecycle-routes/summary.html -> https://confighub.github.io/helm-expt/site/d/data/lifecycle-routes/contract.html -> https://confighub.github.io/helm-expt/site/d/docs/user/hook-lifecycle-strategy.html -> https://confighub.github.io/helm-expt/site/d/docs/reference/seven-stage-helm-lifecycle.html"
"reviewer","reviewer-236","5","action","Helm","S-A7","check which destination claims have live evidence","https://confighub.github.io/helm-expt/site/try.html","partial","5","140","no","0","yes","4","5","yes","no","bookmark","https://confighub.github.io/helm-expt/site/d/docs/user/hook-lifecycle-strategy.html","Hook Lifecycle Strategy · Config Workshop","render and capture -> shape base variants -> scan and gate -> settle prerequisites -> publish and deploy -> observe and operate Render parity proves the desired non-hook object set. Hook support starts with source inventory and beco","https://confighub.github.io/helm-expt/site/try.html -> https://confighub.github.io/helm-expt/site/matrix.html -> https://confighub.github.io/helm-expt/site/d/data/lifecycle-routes/summary.html -> https://confighub.github.io/helm-expt/site/d/data/lifecycle-routes/contract.html -> https://confighub.github.io/helm-expt/site/d/docs/user/hook-lifecycle-strategy.html -> https://confighub.github.io/helm-expt/site/d/docs/reference/seven-stage-helm-lifecycle.html"
"reviewer","reviewer-237","5","action","Helm","S-A7","check which destination claims have live evidence","https://confighub.github.io/helm-expt/site/testing.html","success","0","19","yes","5","no","5","5","yes","yes","continue","https://confighub.github.io/helm-expt/site/testing.html","Worked Examples · Config Workshop","Read the anonymous run . Snapshot findings, configuration inspection, destination checks, and model inference remain separate results. Plan NVIDIA NIM serving Choose the AICR platform or a specific KServe model shape . AWS or equivalent","https://confighub.github.io/helm-expt/site/testing.html"
"reviewer","reviewer-238","5","action","Helm","S-A7","check which destination claims have live evidence","https://confighub.github.io/helm-expt/site/how-it-works.html","partial","5","123","no","4","no","4","5","yes","no","bookmark","https://confighub.github.io/helm-expt/site/how-it-works.html","Operate · Config Workshop","the stored object and review the diff. Deployment setup Use this for prerequisites and lifecycle work: Secrets, CRDs, hooks, certificates, jobs, and target capabilities. Record and check each required step. Live cluster Observe what","https://confighub.github.io/helm-expt/site/how-it-works.html -> https://confighub.github.io/helm-expt/site/matrix.html -> https://confighub.github.io/helm-expt/site/d/data/lifecycle-routes/summary.html -> https://confighub.github.io/helm-expt/site/d/data/lifecycle-routes/contract.html -> https://confighub.github.io/helm-expt/site/d/docs/user/hook-lifecycle-strategy.html -> https://confighub.github.io/helm-expt/site/d/docs/reference/seven-stage-helm-lifecycle.html"
"reviewer","reviewer-239","5","action","Helm","S-A7","check which destination claims have live evidence","https://confighub.github.io/helm-expt/site/docs.html","partial","5","206","no","4","no","4","5","no","no","bookmark","https://confighub.github.io/helm-expt/site/docs.html","Docs · Config Workshop","eployed. Every Catalog base records these answers separately. Missing prerequisites are blocked or not run, not failed conformance. Open the cross-format cases . SOURCE F1 · source Record the source and choices Record the source vers","https://confighub.github.io/helm-expt/site/docs.html -> https://confighub.github.io/helm-expt/site/matrix.html -> https://confighub.github.io/helm-expt/site/d/data/lifecycle-routes/summary.html -> https://confighub.github.io/helm-expt/site/d/data/lifecycle-routes/contract.html -> https://confighub.github.io/helm-expt/site/d/docs/user/hook-lifecycle-strategy.html -> https://confighub.github.io/helm-expt/site/d/docs/reference/seven-stage-helm-lifecycle.html"
"reviewer","reviewer-240","5","action","Helm","S-A7","check which destination claims have live evidence","https://confighub.github.io/helm-expt/site/confighub.html","partial","5","132","no","2","no","4","5","yes","no","bookmark","https://confighub.github.io/helm-expt/site/d/docs/user/hook-lifecycle-strategy.html","Hook Lifecycle Strategy · Config Workshop","render and capture -> shape base variants -> scan and gate -> settle prerequisites -> publish and deploy -> observe and operate Render parity proves the desired non-hook object set. Hook support starts with source inventory and beco","https://confighub.github.io/helm-expt/site/confighub.html -> https://confighub.github.io/helm-expt/site/matrix.html -> https://confighub.github.io/helm-expt/site/d/data/lifecycle-routes/summary.html -> https://confighub.github.io/helm-expt/site/d/data/lifecycle-routes/contract.html -> https://confighub.github.io/helm-expt/site/d/docs/user/hook-lifecycle-strategy.html -> https://confighub.github.io/helm-expt/site/d/docs/reference/seven-stage-helm-lifecycle.html"
