chart,version,variant,catalog_tier,adoption_bucket,quirk_features,hard_gap,strongest_evidence,next_action,hook_count,hook_disposition,hook_evidence_version,hook_live_status,lane_render_parity,lane_confighub_scan_ops,lane_local_kind,lane_lifecycle_observed,lane_gitops_oci_live,lane_live_dual_parity,lane_two_cluster_kind,core_lanes_complete,outcome_level,production_decision,production_target_scope,active_proof_next_step,active_proof_readiness,active_proof_reason,active_proof_command,active_proof_support_artifact,recipe_path,recipe_catalog_path,variant_path,package_base_path,variant_revision_path,source_lock_path,source_repository_url,source_content_url,github_recipe_url,github_catalog_url,github_package_base_url
aqua/trivy-operator,0.32.1,default,next80-proof-grade,promote-after-review,,,two-cluster-kind-parity,run catalog promotion review,,,,,yes,yes,yes,n/a,todo,todo,yes,no,two-cluster-kind-parity,todo,,,,,,,recipes/aqua/trivy-operator/0.32.1,recipes/aqua/trivy-operator/0.32.1/CATALOG.md,recipes/aqua/trivy-operator/0.32.1/variants/default/variant.yaml,packages/aqua/trivy-operator/0.32.1/bases/default,recipes/aqua/trivy-operator/0.32.1/revisions/default/r001/variant-revision.yaml,recipes/aqua/trivy-operator/0.32.1/source-lock.yaml,https://aquasecurity.github.io/helm-charts/,,https://github.com/confighub/helm-expt/tree/main/recipes/aqua/trivy-operator/0.32.1,https://github.com/confighub/helm-expt/blob/main/recipes/aqua/trivy-operator/0.32.1/CATALOG.md,https://github.com/confighub/helm-expt/tree/main/packages/aqua/trivy-operator/0.32.1/bases/default
aqua/trivy-operator,0.32.1,no-crds,next80-proof-grade,promote-after-review,,,two-cluster-kind-parity,run catalog promotion review,,,,,yes,yes,yes,n/a,todo,todo,yes,no,two-cluster-kind-parity,todo,,,,,,,recipes/aqua/trivy-operator/0.32.1,recipes/aqua/trivy-operator/0.32.1/CATALOG.md,recipes/aqua/trivy-operator/0.32.1/variants/no-crds/variant.yaml,packages/aqua/trivy-operator/0.32.1/bases/no-crds,recipes/aqua/trivy-operator/0.32.1/revisions/no-crds/r001/variant-revision.yaml,recipes/aqua/trivy-operator/0.32.1/source-lock.yaml,https://aquasecurity.github.io/helm-charts/,,https://github.com/confighub/helm-expt/tree/main/recipes/aqua/trivy-operator/0.32.1,https://github.com/confighub/helm-expt/blob/main/recipes/aqua/trivy-operator/0.32.1/CATALOG.md,https://github.com/confighub/helm-expt/tree/main/packages/aqua/trivy-operator/0.32.1/bases/no-crds
argo-cd/argo-cd,9.5.15,default,top20-catalog-supported,try-from-public-catalog,,ha (curated proof lane - bespoke teaching needed),live-helm-vs-confighub-parity,image policy decision recorded for a target scope; create digest-pinned bases or overrides for stricter scopes,,,,,yes,yes,yes,n/a,yes,yes,yes,yes,live-parity,yes,cub-lk-kind-vanilla; namespace=argocd; delivery=confighub-oci; controller=argo,,,,,,recipes/argo-cd/argo-cd/9.5.15,recipes/argo-cd/argo-cd/9.5.15/CATALOG.md,recipes/argo-cd/argo-cd/9.5.15/variants/default/variant.yaml,packages/argo-cd/argo-cd/9.5.15/bases/default,recipes/argo-cd/argo-cd/9.5.15/revisions/default/r001/variant-revision.yaml,recipes/argo-cd/argo-cd/9.5.15/source-lock.yaml,https://argoproj.github.io/argo-helm,,https://github.com/confighub/helm-expt/tree/main/recipes/argo-cd/argo-cd/9.5.15,https://github.com/confighub/helm-expt/blob/main/recipes/argo-cd/argo-cd/9.5.15/CATALOG.md,https://github.com/confighub/helm-expt/tree/main/packages/argo-cd/argo-cd/9.5.15/bases/default
argo-cd/argo-cd,9.5.15,no-crds,top20-catalog-supported,try-from-public-catalog,,ha (curated proof lane - bespoke teaching needed),live-helm-vs-confighub-parity,image policy decision recorded for a target scope; create digest-pinned bases or overrides for stricter scopes,,,,,yes,yes,no,n/a,no,todo,yes,no,two-cluster-kind-parity,todo,,,,,,,recipes/argo-cd/argo-cd/9.5.15,recipes/argo-cd/argo-cd/9.5.15/CATALOG.md,recipes/argo-cd/argo-cd/9.5.15/variants/no-crds/variant.yaml,packages/argo-cd/argo-cd/9.5.15/bases/no-crds,recipes/argo-cd/argo-cd/9.5.15/revisions/no-crds/r001/variant-revision.yaml,recipes/argo-cd/argo-cd/9.5.15/source-lock.yaml,https://argoproj.github.io/argo-helm,,https://github.com/confighub/helm-expt/tree/main/recipes/argo-cd/argo-cd/9.5.15,https://github.com/confighub/helm-expt/blob/main/recipes/argo-cd/argo-cd/9.5.15/CATALOG.md,https://github.com/confighub/helm-expt/tree/main/packages/argo-cd/argo-cd/9.5.15/bases/no-crds
argo-cd/argo-cd,9.5.17,default,,,,,,,,,,,yes,yes,yes,n/a,todo,todo,todo,no,local-live,todo,,,,,,,recipes/argo-cd/argo-cd/9.5.17,recipes/argo-cd/argo-cd/9.5.17/CATALOG.md,recipes/argo-cd/argo-cd/9.5.17/variants/default/variant.yaml,packages/argo-cd/argo-cd/9.5.17/bases/default,recipes/argo-cd/argo-cd/9.5.17/revisions/default/r001/variant-revision.yaml,recipes/argo-cd/argo-cd/9.5.17/source-lock.yaml,https://argoproj.github.io/argo-helm,,https://github.com/confighub/helm-expt/tree/main/recipes/argo-cd/argo-cd/9.5.17,https://github.com/confighub/helm-expt/blob/main/recipes/argo-cd/argo-cd/9.5.17/CATALOG.md,https://github.com/confighub/helm-expt/tree/main/packages/argo-cd/argo-cd/9.5.17/bases/default
argo-cd/argo-cd,9.5.17,no-crds,,,,,,,,,,,yes,yes,yes,n/a,todo,todo,todo,no,local-live,todo,,,,,,,recipes/argo-cd/argo-cd/9.5.17,recipes/argo-cd/argo-cd/9.5.17/CATALOG.md,recipes/argo-cd/argo-cd/9.5.17/variants/no-crds/variant.yaml,packages/argo-cd/argo-cd/9.5.17/bases/no-crds,recipes/argo-cd/argo-cd/9.5.17/revisions/no-crds/r001/variant-revision.yaml,recipes/argo-cd/argo-cd/9.5.17/source-lock.yaml,https://argoproj.github.io/argo-helm,,https://github.com/confighub/helm-expt/tree/main/recipes/argo-cd/argo-cd/9.5.17,https://github.com/confighub/helm-expt/blob/main/recipes/argo-cd/argo-cd/9.5.17/CATALOG.md,https://github.com/confighub/helm-expt/tree/main/packages/argo-cd/argo-cd/9.5.17/bases/no-crds
argo-cd/argo-events,2.4.21,default,next80-proof-grade,promote-after-review,,,two-cluster-kind-parity,run catalog promotion review,,,,,yes,yes,yes,n/a,todo,todo,yes,no,two-cluster-kind-parity,todo,,,,,,,recipes/argo-cd/argo-events/2.4.21,recipes/argo-cd/argo-events/2.4.21/CATALOG.md,recipes/argo-cd/argo-events/2.4.21/variants/default/variant.yaml,packages/argo-cd/argo-events/2.4.21/bases/default,recipes/argo-cd/argo-events/2.4.21/revisions/default/r001/variant-revision.yaml,recipes/argo-cd/argo-events/2.4.21/source-lock.yaml,https://argoproj.github.io/argo-helm,,https://github.com/confighub/helm-expt/tree/main/recipes/argo-cd/argo-events/2.4.21,https://github.com/confighub/helm-expt/blob/main/recipes/argo-cd/argo-events/2.4.21/CATALOG.md,https://github.com/confighub/helm-expt/tree/main/packages/argo-cd/argo-events/2.4.21/bases/default
argo-cd/argo-events,2.4.21,no-crds,next80-proof-grade,promote-after-review,,,two-cluster-kind-parity,run catalog promotion review,,,,,yes,yes,yes,n/a,todo,todo,yes,no,two-cluster-kind-parity,todo,,,,,,,recipes/argo-cd/argo-events/2.4.21,recipes/argo-cd/argo-events/2.4.21/CATALOG.md,recipes/argo-cd/argo-events/2.4.21/variants/no-crds/variant.yaml,packages/argo-cd/argo-events/2.4.21/bases/no-crds,recipes/argo-cd/argo-events/2.4.21/revisions/no-crds/r001/variant-revision.yaml,recipes/argo-cd/argo-events/2.4.21/source-lock.yaml,https://argoproj.github.io/argo-helm,,https://github.com/confighub/helm-expt/tree/main/recipes/argo-cd/argo-events/2.4.21,https://github.com/confighub/helm-expt/blob/main/recipes/argo-cd/argo-events/2.4.21/CATALOG.md,https://github.com/confighub/helm-expt/tree/main/packages/argo-cd/argo-events/2.4.21/bases/no-crds
argo-cd/argo-rollouts,2.40.9,default,next80-proof-grade,promote-after-review,,,two-cluster-kind-parity,run catalog promotion review,,,,,yes,yes,yes,n/a,todo,todo,yes,no,two-cluster-kind-parity,todo,,,,,,,recipes/argo-cd/argo-rollouts/2.40.9,recipes/argo-cd/argo-rollouts/2.40.9/CATALOG.md,recipes/argo-cd/argo-rollouts/2.40.9/variants/default/variant.yaml,packages/argo-cd/argo-rollouts/2.40.9/bases/default,recipes/argo-cd/argo-rollouts/2.40.9/revisions/default/r001/variant-revision.yaml,recipes/argo-cd/argo-rollouts/2.40.9/source-lock.yaml,https://argoproj.github.io/argo-helm,,https://github.com/confighub/helm-expt/tree/main/recipes/argo-cd/argo-rollouts/2.40.9,https://github.com/confighub/helm-expt/blob/main/recipes/argo-cd/argo-rollouts/2.40.9/CATALOG.md,https://github.com/confighub/helm-expt/tree/main/packages/argo-cd/argo-rollouts/2.40.9/bases/default
argo-cd/argo-rollouts,2.40.9,no-crds,next80-proof-grade,promote-after-review,,,two-cluster-kind-parity,run catalog promotion review,,,,,yes,yes,yes,n/a,todo,todo,yes,no,two-cluster-kind-parity,todo,,,,,,,recipes/argo-cd/argo-rollouts/2.40.9,recipes/argo-cd/argo-rollouts/2.40.9/CATALOG.md,recipes/argo-cd/argo-rollouts/2.40.9/variants/no-crds/variant.yaml,packages/argo-cd/argo-rollouts/2.40.9/bases/no-crds,recipes/argo-cd/argo-rollouts/2.40.9/revisions/no-crds/r001/variant-revision.yaml,recipes/argo-cd/argo-rollouts/2.40.9/source-lock.yaml,https://argoproj.github.io/argo-helm,,https://github.com/confighub/helm-expt/tree/main/recipes/argo-cd/argo-rollouts/2.40.9,https://github.com/confighub/helm-expt/blob/main/recipes/argo-cd/argo-rollouts/2.40.9/CATALOG.md,https://github.com/confighub/helm-expt/tree/main/packages/argo-cd/argo-rollouts/2.40.9/bases/no-crds
argo-cd/argo-workflows,1.0.14,default,next80-proof-grade,promote-after-review,,,local-kubernetes-live,run catalog promotion review,1,candidate-route,,todo,yes,yes,no,todo,todo,todo,todo,no,in-confighub,todo,,,,,,,recipes/argo-cd/argo-workflows/1.0.14,recipes/argo-cd/argo-workflows/1.0.14/CATALOG.md,recipes/argo-cd/argo-workflows/1.0.14/variants/default/variant.yaml,packages/argo-cd/argo-workflows/1.0.14/bases/default,recipes/argo-cd/argo-workflows/1.0.14/revisions/default/r001/variant-revision.yaml,recipes/argo-cd/argo-workflows/1.0.14/source-lock.yaml,https://argoproj.github.io/argo-helm,,https://github.com/confighub/helm-expt/tree/main/recipes/argo-cd/argo-workflows/1.0.14,https://github.com/confighub/helm-expt/blob/main/recipes/argo-cd/argo-workflows/1.0.14/CATALOG.md,https://github.com/confighub/helm-expt/tree/main/packages/argo-cd/argo-workflows/1.0.14/bases/default
argo-cd/argo-workflows,1.0.14,controller-default-reviewed,next80-proof-grade,promote-after-review,,,local-kubernetes-live,run catalog promotion review,1,candidate-route,,todo,yes,yes,no,todo,todo,todo,todo,no,in-confighub,todo,,,,,,,recipes/argo-cd/argo-workflows/1.0.14,recipes/argo-cd/argo-workflows/1.0.14/CATALOG.md,recipes/argo-cd/argo-workflows/1.0.14/variants/controller-default-reviewed/variant.yaml,packages/argo-cd/argo-workflows/1.0.14/bases/controller-default-reviewed,recipes/argo-cd/argo-workflows/1.0.14/revisions/controller-default-reviewed/r001/variant-revision.yaml,recipes/argo-cd/argo-workflows/1.0.14/source-lock.yaml,https://argoproj.github.io/argo-helm,,https://github.com/confighub/helm-expt/tree/main/recipes/argo-cd/argo-workflows/1.0.14,https://github.com/confighub/helm-expt/blob/main/recipes/argo-cd/argo-workflows/1.0.14/CATALOG.md,https://github.com/confighub/helm-expt/tree/main/packages/argo-cd/argo-workflows/1.0.14/bases/controller-default-reviewed
argo-cd/argo-workflows,1.0.14,minimal-crds,next80-proof-grade,promote-after-review,,,local-kubernetes-live,run catalog promotion review,1,candidate-route,,todo,yes,yes,yes,todo,todo,todo,todo,no,local-live,todo,,,,,,,recipes/argo-cd/argo-workflows/1.0.14,recipes/argo-cd/argo-workflows/1.0.14/CATALOG.md,recipes/argo-cd/argo-workflows/1.0.14/variants/minimal-crds/variant.yaml,packages/argo-cd/argo-workflows/1.0.14/bases/minimal-crds,recipes/argo-cd/argo-workflows/1.0.14/revisions/minimal-crds/r001/variant-revision.yaml,recipes/argo-cd/argo-workflows/1.0.14/source-lock.yaml,https://argoproj.github.io/argo-helm,,https://github.com/confighub/helm-expt/tree/main/recipes/argo-cd/argo-workflows/1.0.14,https://github.com/confighub/helm-expt/blob/main/recipes/argo-cd/argo-workflows/1.0.14/CATALOG.md,https://github.com/confighub/helm-expt/tree/main/packages/argo-cd/argo-workflows/1.0.14/bases/minimal-crds
argo-cd/argocd-image-updater,1.2.2,default,next80-proof-grade,needs-useful-variant,,no-crds (template-baked CRDs; no clean chart toggle yet),local-kubernetes-live,add at least one user-shaped variant before catalog promotion,,,,,yes,yes,yes,todo,todo,todo,todo,no,local-live,todo,,,,,,,recipes/argo-cd/argocd-image-updater/1.2.2,recipes/argo-cd/argocd-image-updater/1.2.2/CATALOG.md,recipes/argo-cd/argocd-image-updater/1.2.2/variants/default/variant.yaml,packages/argo-cd/argocd-image-updater/1.2.2/bases/default,recipes/argo-cd/argocd-image-updater/1.2.2/revisions/default/r001/variant-revision.yaml,recipes/argo-cd/argocd-image-updater/1.2.2/source-lock.yaml,https://argoproj.github.io/argo-helm,,https://github.com/confighub/helm-expt/tree/main/recipes/argo-cd/argocd-image-updater/1.2.2,https://github.com/confighub/helm-expt/blob/main/recipes/argo-cd/argocd-image-updater/1.2.2/CATALOG.md,https://github.com/confighub/helm-expt/tree/main/packages/argo-cd/argocd-image-updater/1.2.2/bases/default
autoscaler/cluster-autoscaler,9.57.0,default,next80-proof-grade,promote-after-review,,,local-kubernetes-live,run catalog promotion review,,,,,yes,yes,yes,n/a,todo,todo,todo,no,local-live,todo,,,,,,,recipes/autoscaler/cluster-autoscaler/9.57.0,recipes/autoscaler/cluster-autoscaler/9.57.0/CATALOG.md,recipes/autoscaler/cluster-autoscaler/9.57.0/variants/default/variant.yaml,packages/autoscaler/cluster-autoscaler/9.57.0/bases/default,recipes/autoscaler/cluster-autoscaler/9.57.0/revisions/default/r001/variant-revision.yaml,recipes/autoscaler/cluster-autoscaler/9.57.0/source-lock.yaml,https://kubernetes.github.io/autoscaler,,https://github.com/confighub/helm-expt/tree/main/recipes/autoscaler/cluster-autoscaler/9.57.0,https://github.com/confighub/helm-expt/blob/main/recipes/autoscaler/cluster-autoscaler/9.57.0/CATALOG.md,https://github.com/confighub/helm-expt/tree/main/packages/autoscaler/cluster-autoscaler/9.57.0/bases/default
autoscaler/cluster-autoscaler,9.57.0,controller-default-reviewed,next80-proof-grade,promote-after-review,,,local-kubernetes-live,run catalog promotion review,,,,,yes,yes,yes,n/a,todo,todo,todo,no,local-live,todo,,,,,,,recipes/autoscaler/cluster-autoscaler/9.57.0,recipes/autoscaler/cluster-autoscaler/9.57.0/CATALOG.md,recipes/autoscaler/cluster-autoscaler/9.57.0/variants/controller-default-reviewed/variant.yaml,packages/autoscaler/cluster-autoscaler/9.57.0/bases/controller-default-reviewed,recipes/autoscaler/cluster-autoscaler/9.57.0/revisions/controller-default-reviewed/r001/variant-revision.yaml,recipes/autoscaler/cluster-autoscaler/9.57.0/source-lock.yaml,https://kubernetes.github.io/autoscaler,,https://github.com/confighub/helm-expt/tree/main/recipes/autoscaler/cluster-autoscaler/9.57.0,https://github.com/confighub/helm-expt/blob/main/recipes/autoscaler/cluster-autoscaler/9.57.0/CATALOG.md,https://github.com/confighub/helm-expt/tree/main/packages/autoscaler/cluster-autoscaler/9.57.0/bases/controller-default-reviewed
autoscaler/vertical-pod-autoscaler,0.9.0,default,next80-proof-grade,promote-after-review,,,two-cluster-kind-parity,run catalog promotion review,,,,,yes,yes,no,n/a,todo,todo,yes,no,two-cluster-kind-parity,todo,,,,,,,recipes/autoscaler/vertical-pod-autoscaler/0.9.0,recipes/autoscaler/vertical-pod-autoscaler/0.9.0/CATALOG.md,recipes/autoscaler/vertical-pod-autoscaler/0.9.0/variants/default/variant.yaml,packages/autoscaler/vertical-pod-autoscaler/0.9.0/bases/default,recipes/autoscaler/vertical-pod-autoscaler/0.9.0/revisions/default/r001/variant-revision.yaml,recipes/autoscaler/vertical-pod-autoscaler/0.9.0/source-lock.yaml,https://kubernetes.github.io/autoscaler,,https://github.com/confighub/helm-expt/tree/main/recipes/autoscaler/vertical-pod-autoscaler/0.9.0,https://github.com/confighub/helm-expt/blob/main/recipes/autoscaler/vertical-pod-autoscaler/0.9.0/CATALOG.md,https://github.com/confighub/helm-expt/tree/main/packages/autoscaler/vertical-pod-autoscaler/0.9.0/bases/default
autoscaler/vertical-pod-autoscaler,0.9.0,no-crds,next80-proof-grade,promote-after-review,,,two-cluster-kind-parity,run catalog promotion review,,,,,yes,yes,no,n/a,todo,todo,yes,no,two-cluster-kind-parity,todo,,,,,,,recipes/autoscaler/vertical-pod-autoscaler/0.9.0,recipes/autoscaler/vertical-pod-autoscaler/0.9.0/CATALOG.md,recipes/autoscaler/vertical-pod-autoscaler/0.9.0/variants/no-crds/variant.yaml,packages/autoscaler/vertical-pod-autoscaler/0.9.0/bases/no-crds,recipes/autoscaler/vertical-pod-autoscaler/0.9.0/revisions/no-crds/r001/variant-revision.yaml,recipes/autoscaler/vertical-pod-autoscaler/0.9.0/source-lock.yaml,https://kubernetes.github.io/autoscaler,,https://github.com/confighub/helm-expt/tree/main/recipes/autoscaler/vertical-pod-autoscaler/0.9.0,https://github.com/confighub/helm-expt/blob/main/recipes/autoscaler/vertical-pod-autoscaler/0.9.0/CATALOG.md,https://github.com/confighub/helm-expt/tree/main/packages/autoscaler/vertical-pod-autoscaler/0.9.0/bases/no-crds
aws-ebs-csi-driver/aws-ebs-csi-driver,2.60.1,default,next80-proof-grade,needs-useful-variant,tpl;capabilities;cluster-rbac,,in-confighub-proof,add at least one user-shaped variant before catalog promotion,,,,,yes,yes,no,n/a,todo,todo,todo,no,in-confighub,todo,,,,,,,recipes/aws-ebs-csi-driver/aws-ebs-csi-driver/2.60.1,recipes/aws-ebs-csi-driver/aws-ebs-csi-driver/2.60.1/CATALOG.md,recipes/aws-ebs-csi-driver/aws-ebs-csi-driver/2.60.1/variants/default/variant.yaml,packages/aws-ebs-csi-driver/aws-ebs-csi-driver/2.60.1/bases/default,recipes/aws-ebs-csi-driver/aws-ebs-csi-driver/2.60.1/revisions/default/r001/variant-revision.yaml,recipes/aws-ebs-csi-driver/aws-ebs-csi-driver/2.60.1/source-lock.yaml,https://kubernetes-sigs.github.io/aws-ebs-csi-driver,,https://github.com/confighub/helm-expt/tree/main/recipes/aws-ebs-csi-driver/aws-ebs-csi-driver/2.60.1,https://github.com/confighub/helm-expt/blob/main/recipes/aws-ebs-csi-driver/aws-ebs-csi-driver/2.60.1/CATALOG.md,https://github.com/confighub/helm-expt/tree/main/packages/aws-ebs-csi-driver/aws-ebs-csi-driver/2.60.1/bases/default
bitnami/apache,11.4.29,default,next80-proof-grade,needs-useful-variant,lookup;generated-facts;tpl;capabilities,existing-secret (chart ships no Secret toggle),render-parity,add at least one user-shaped variant before catalog promotion,,,,,yes,todo,no,n/a,todo,todo,todo,no,render-parity,todo,,,,,,,recipes/bitnami/apache/11.4.29,recipes/bitnami/apache/11.4.29/CATALOG.md,recipes/bitnami/apache/11.4.29/variants/default/variant.yaml,packages/bitnami/apache/11.4.29/bases/default,recipes/bitnami/apache/11.4.29/revisions/default/r001/variant-revision.yaml,recipes/bitnami/apache/11.4.29/source-lock.yaml,https://charts.bitnami.com/bitnami,,https://github.com/confighub/helm-expt/tree/main/recipes/bitnami/apache/11.4.29,https://github.com/confighub/helm-expt/blob/main/recipes/bitnami/apache/11.4.29/CATALOG.md,https://github.com/confighub/helm-expt/tree/main/packages/bitnami/apache/11.4.29/bases/default
bitnami/contour,21.1.4,default,next80-proof-grade,limitation-decision-first,lookup;generated-facts;tpl;capabilities;crds;cluster-rbac,existing-secret (chart ships no Secret toggle),render-parity,review limitation before promotion: existing-secret (chart ships no Secret toggle),,,,,yes,todo,no,todo,todo,todo,todo,no,render-parity,todo,,,,,,,recipes/bitnami/contour/21.1.4,recipes/bitnami/contour/21.1.4/CATALOG.md,recipes/bitnami/contour/21.1.4/variants/default/variant.yaml,packages/bitnami/contour/21.1.4/bases/default,recipes/bitnami/contour/21.1.4/revisions/default/r001/variant-revision.yaml,recipes/bitnami/contour/21.1.4/source-lock.yaml,https://charts.bitnami.com/bitnami,,https://github.com/confighub/helm-expt/tree/main/recipes/bitnami/contour/21.1.4,https://github.com/confighub/helm-expt/blob/main/recipes/bitnami/contour/21.1.4/CATALOG.md,https://github.com/confighub/helm-expt/tree/main/packages/bitnami/contour/21.1.4/bases/default
bitnami/contour,21.1.4,no-crds,next80-proof-grade,limitation-decision-first,lookup;generated-facts;tpl;capabilities;crds;cluster-rbac,existing-secret (chart ships no Secret toggle),render-parity,review limitation before promotion: existing-secret (chart ships no Secret toggle),,,,,yes,todo,no,todo,todo,todo,todo,no,render-parity,todo,,,,,,,recipes/bitnami/contour/21.1.4,recipes/bitnami/contour/21.1.4/CATALOG.md,recipes/bitnami/contour/21.1.4/variants/no-crds/variant.yaml,packages/bitnami/contour/21.1.4/bases/no-crds,recipes/bitnami/contour/21.1.4/revisions/no-crds/r001/variant-revision.yaml,recipes/bitnami/contour/21.1.4/source-lock.yaml,https://charts.bitnami.com/bitnami,,https://github.com/confighub/helm-expt/tree/main/recipes/bitnami/contour/21.1.4,https://github.com/confighub/helm-expt/blob/main/recipes/bitnami/contour/21.1.4/CATALOG.md,https://github.com/confighub/helm-expt/tree/main/packages/bitnami/contour/21.1.4/bases/no-crds
bitnami/elasticsearch,22.1.6,default,next80-proof-grade,limitation-decision-first,lookup;generated-facts;tpl;capabilities;stateful-storage,existing-secret (chart ships no Secret toggle),render-parity,review limitation before promotion: existing-secret (chart ships no Secret toggle),,,,,yes,todo,no,n/a,todo,todo,todo,no,render-parity,todo,,,,,,,recipes/bitnami/elasticsearch/22.1.6,recipes/bitnami/elasticsearch/22.1.6/CATALOG.md,recipes/bitnami/elasticsearch/22.1.6/variants/default/variant.yaml,packages/bitnami/elasticsearch/22.1.6/bases/default,recipes/bitnami/elasticsearch/22.1.6/revisions/default/r001/variant-revision.yaml,recipes/bitnami/elasticsearch/22.1.6/source-lock.yaml,https://charts.bitnami.com/bitnami,,https://github.com/confighub/helm-expt/tree/main/recipes/bitnami/elasticsearch/22.1.6,https://github.com/confighub/helm-expt/blob/main/recipes/bitnami/elasticsearch/22.1.6/CATALOG.md,https://github.com/confighub/helm-expt/tree/main/packages/bitnami/elasticsearch/22.1.6/bases/default
bitnami/elasticsearch,22.1.6,ha,next80-proof-grade,limitation-decision-first,lookup;generated-facts;tpl;capabilities;stateful-storage,existing-secret (chart ships no Secret toggle),render-parity,review limitation before promotion: existing-secret (chart ships no Secret toggle),,,,,yes,todo,no,n/a,todo,todo,todo,no,render-parity,todo,,,,,,,recipes/bitnami/elasticsearch/22.1.6,recipes/bitnami/elasticsearch/22.1.6/CATALOG.md,recipes/bitnami/elasticsearch/22.1.6/variants/ha/variant.yaml,packages/bitnami/elasticsearch/22.1.6/bases/ha,recipes/bitnami/elasticsearch/22.1.6/revisions/ha/r001/variant-revision.yaml,recipes/bitnami/elasticsearch/22.1.6/source-lock.yaml,https://charts.bitnami.com/bitnami,,https://github.com/confighub/helm-expt/tree/main/recipes/bitnami/elasticsearch/22.1.6,https://github.com/confighub/helm-expt/blob/main/recipes/bitnami/elasticsearch/22.1.6/CATALOG.md,https://github.com/confighub/helm-expt/tree/main/packages/bitnami/elasticsearch/22.1.6/bases/ha
bitnami/memcached,8.5.5,default,next80-proof-grade,needs-useful-variant,lookup;generated-facts;tpl;capabilities;stateful-storage,existing-secret (chart ships no Secret toggle),local-kubernetes-live,add at least one user-shaped variant before catalog promotion,,,,,yes,todo,yes,n/a,todo,todo,todo,no,local-live,todo,,,,,,,recipes/bitnami/memcached/8.5.5,recipes/bitnami/memcached/8.5.5/CATALOG.md,recipes/bitnami/memcached/8.5.5/variants/default/variant.yaml,packages/bitnami/memcached/8.5.5/bases/default,recipes/bitnami/memcached/8.5.5/revisions/default/r001/variant-revision.yaml,recipes/bitnami/memcached/8.5.5/source-lock.yaml,https://charts.bitnami.com/bitnami,,https://github.com/confighub/helm-expt/tree/main/recipes/bitnami/memcached/8.5.5,https://github.com/confighub/helm-expt/blob/main/recipes/bitnami/memcached/8.5.5/CATALOG.md,https://github.com/confighub/helm-expt/tree/main/packages/bitnami/memcached/8.5.5/bases/default
bitnami/mongodb,19.0.7,existing-secret-replicaset,top20-catalog-supported,try-from-public-catalog,lookup;generated-facts;tpl;capabilities;cluster-rbac;stateful-storage,,live-helm-vs-confighub-parity,"record the target-scoped lifecycle support decision, then refresh live/e2e evidence for that scope",,,,,yes,yes,yes,todo,yes,yes,yes,yes,live-parity,todo,,,,,,,recipes/bitnami/mongodb/19.0.7,recipes/bitnami/mongodb/19.0.7/CATALOG.md,recipes/bitnami/mongodb/19.0.7/variants/existing-secret-replicaset/variant.yaml,packages/bitnami/mongodb/19.0.7/bases/existing-secret-replicaset,recipes/bitnami/mongodb/19.0.7/revisions/existing-secret-replicaset/r001/variant-revision.yaml,recipes/bitnami/mongodb/19.0.7/source-lock.yaml,https://charts.bitnami.com/bitnami,,https://github.com/confighub/helm-expt/tree/main/recipes/bitnami/mongodb/19.0.7,https://github.com/confighub/helm-expt/blob/main/recipes/bitnami/mongodb/19.0.7/CATALOG.md,https://github.com/confighub/helm-expt/tree/main/packages/bitnami/mongodb/19.0.7/bases/existing-secret-replicaset
bitnami/mongodb,19.0.7,generated-passwords,top20-catalog-supported,try-from-public-catalog,lookup;generated-facts;tpl;capabilities;cluster-rbac;stateful-storage,,live-helm-vs-confighub-parity,"record the target-scoped lifecycle support decision, then refresh live/e2e evidence for that scope",,,,,yes,yes,yes,todo,yes,yes,yes,yes,live-parity,yes,cub-lk-kind-vanilla; namespace=mongodb; delivery=confighub-oci; controller=argo,,,,,,recipes/bitnami/mongodb/19.0.7,recipes/bitnami/mongodb/19.0.7/CATALOG.md,recipes/bitnami/mongodb/19.0.7/variants/generated-passwords/variant.yaml,packages/bitnami/mongodb/19.0.7/bases/generated-passwords,recipes/bitnami/mongodb/19.0.7/revisions/generated-passwords/r001/variant-revision.yaml,recipes/bitnami/mongodb/19.0.7/source-lock.yaml,https://charts.bitnami.com/bitnami,,https://github.com/confighub/helm-expt/tree/main/recipes/bitnami/mongodb/19.0.7,https://github.com/confighub/helm-expt/blob/main/recipes/bitnami/mongodb/19.0.7/CATALOG.md,https://github.com/confighub/helm-expt/tree/main/packages/bitnami/mongodb/19.0.7/bases/generated-passwords
bitnami/mongodb,19.0.9,existing-secret-replicaset,,,,,,,,,,,yes,todo,yes,n/a,todo,todo,todo,no,local-live,todo,,,,,,,recipes/bitnami/mongodb/19.0.9,recipes/bitnami/mongodb/19.0.9/CATALOG.md,recipes/bitnami/mongodb/19.0.9/variants/existing-secret-replicaset/variant.yaml,packages/bitnami/mongodb/19.0.9/bases/existing-secret-replicaset,recipes/bitnami/mongodb/19.0.9/revisions/existing-secret-replicaset/r001/variant-revision.yaml,recipes/bitnami/mongodb/19.0.9/source-lock.yaml,https://charts.bitnami.com/bitnami,,https://github.com/confighub/helm-expt/tree/main/recipes/bitnami/mongodb/19.0.9,https://github.com/confighub/helm-expt/blob/main/recipes/bitnami/mongodb/19.0.9/CATALOG.md,https://github.com/confighub/helm-expt/tree/main/packages/bitnami/mongodb/19.0.9/bases/existing-secret-replicaset
bitnami/mongodb,19.0.9,generated-passwords,,,,,,,,,,,yes,todo,yes,n/a,todo,todo,todo,no,local-live,todo,,,,,,,recipes/bitnami/mongodb/19.0.9,recipes/bitnami/mongodb/19.0.9/CATALOG.md,recipes/bitnami/mongodb/19.0.9/variants/generated-passwords/variant.yaml,packages/bitnami/mongodb/19.0.9/bases/generated-passwords,recipes/bitnami/mongodb/19.0.9/revisions/generated-passwords/r001/variant-revision.yaml,recipes/bitnami/mongodb/19.0.9/source-lock.yaml,https://charts.bitnami.com/bitnami,,https://github.com/confighub/helm-expt/tree/main/recipes/bitnami/mongodb/19.0.9,https://github.com/confighub/helm-expt/blob/main/recipes/bitnami/mongodb/19.0.9/CATALOG.md,https://github.com/confighub/helm-expt/tree/main/packages/bitnami/mongodb/19.0.9/bases/generated-passwords
bitnami/mongodb,19.1.0,existing-secret-replicaset,,,,,,,,,,,yes,todo,yes,n/a,todo,todo,todo,no,local-live,todo,,,,,,,recipes/bitnami/mongodb/19.1.0,recipes/bitnami/mongodb/19.1.0/CATALOG.md,recipes/bitnami/mongodb/19.1.0/variants/existing-secret-replicaset/variant.yaml,packages/bitnami/mongodb/19.1.0/bases/existing-secret-replicaset,recipes/bitnami/mongodb/19.1.0/revisions/existing-secret-replicaset/r001/variant-revision.yaml,recipes/bitnami/mongodb/19.1.0/source-lock.yaml,https://charts.bitnami.com/bitnami,,https://github.com/confighub/helm-expt/tree/main/recipes/bitnami/mongodb/19.1.0,https://github.com/confighub/helm-expt/blob/main/recipes/bitnami/mongodb/19.1.0/CATALOG.md,https://github.com/confighub/helm-expt/tree/main/packages/bitnami/mongodb/19.1.0/bases/existing-secret-replicaset
bitnami/mongodb,19.1.0,generated-passwords,,,,,,,,,,,yes,todo,yes,n/a,todo,todo,todo,no,local-live,todo,,,,,,,recipes/bitnami/mongodb/19.1.0,recipes/bitnami/mongodb/19.1.0/CATALOG.md,recipes/bitnami/mongodb/19.1.0/variants/generated-passwords/variant.yaml,packages/bitnami/mongodb/19.1.0/bases/generated-passwords,recipes/bitnami/mongodb/19.1.0/revisions/generated-passwords/r001/variant-revision.yaml,recipes/bitnami/mongodb/19.1.0/source-lock.yaml,https://charts.bitnami.com/bitnami,,https://github.com/confighub/helm-expt/tree/main/recipes/bitnami/mongodb/19.1.0,https://github.com/confighub/helm-expt/blob/main/recipes/bitnami/mongodb/19.1.0/CATALOG.md,https://github.com/confighub/helm-expt/tree/main/packages/bitnami/mongodb/19.1.0/bases/generated-passwords
bitnami/mysql,14.0.3,existing-secret,top20-catalog-supported,try-from-public-catalog,lookup;generated-facts;tpl;capabilities;stateful-storage,ha (curated proof lane - bespoke teaching needed),live-helm-vs-confighub-parity,image policy decision recorded for a target scope; create digest-pinned bases or overrides for stricter scopes,,,,,yes,yes,yes,n/a,yes,yes,yes,yes,live-parity,todo,,,,,,,recipes/bitnami/mysql/14.0.3,recipes/bitnami/mysql/14.0.3/CATALOG.md,recipes/bitnami/mysql/14.0.3/variants/existing-secret/variant.yaml,packages/bitnami/mysql/14.0.3/bases/existing-secret,recipes/bitnami/mysql/14.0.3/revisions/existing-secret/r001/variant-revision.yaml,recipes/bitnami/mysql/14.0.3/source-lock.yaml,https://charts.bitnami.com/bitnami,,https://github.com/confighub/helm-expt/tree/main/recipes/bitnami/mysql/14.0.3,https://github.com/confighub/helm-expt/blob/main/recipes/bitnami/mysql/14.0.3/CATALOG.md,https://github.com/confighub/helm-expt/tree/main/packages/bitnami/mysql/14.0.3/bases/existing-secret
bitnami/mysql,14.0.3,generated-passwords,top20-catalog-supported,try-from-public-catalog,lookup;generated-facts;tpl;capabilities;stateful-storage,ha (curated proof lane - bespoke teaching needed),live-helm-vs-confighub-parity,image policy decision recorded for a target scope; create digest-pinned bases or overrides for stricter scopes,,,,,yes,yes,yes,n/a,yes,yes,yes,yes,live-parity,yes,cub-lk-kind-vanilla; namespace=mysql; delivery=confighub-oci; controller=argo,,,,,,recipes/bitnami/mysql/14.0.3,recipes/bitnami/mysql/14.0.3/CATALOG.md,recipes/bitnami/mysql/14.0.3/variants/generated-passwords/variant.yaml,packages/bitnami/mysql/14.0.3/bases/generated-passwords,recipes/bitnami/mysql/14.0.3/revisions/generated-passwords/r001/variant-revision.yaml,recipes/bitnami/mysql/14.0.3/source-lock.yaml,https://charts.bitnami.com/bitnami,,https://github.com/confighub/helm-expt/tree/main/recipes/bitnami/mysql/14.0.3,https://github.com/confighub/helm-expt/blob/main/recipes/bitnami/mysql/14.0.3/CATALOG.md,https://github.com/confighub/helm-expt/tree/main/packages/bitnami/mysql/14.0.3/bases/generated-passwords
bitnami/nginx,24.0.2,existing-tls-ingress,top20-catalog-supported,try-from-public-catalog,lookup;generated-facts;tpl;capabilities,existing-secret (chart ships no Secret toggle),live-helm-vs-confighub-parity,"choose the supported production base and target scope, refresh live/e2e evidence, and record the final support decision",,,,,yes,yes,yes,n/a,yes,yes,yes,yes,live-parity,todo,,,,,,,recipes/bitnami/nginx/24.0.2,recipes/bitnami/nginx/24.0.2/CATALOG.md,recipes/bitnami/nginx/24.0.2/variants/existing-tls-ingress/variant.yaml,packages/bitnami/nginx/24.0.2/bases/existing-tls-ingress,recipes/bitnami/nginx/24.0.2/revisions/existing-tls-ingress/r001/variant-revision.yaml,recipes/bitnami/nginx/24.0.2/source-lock.yaml,https://charts.bitnami.com/bitnami,,https://github.com/confighub/helm-expt/tree/main/recipes/bitnami/nginx/24.0.2,https://github.com/confighub/helm-expt/blob/main/recipes/bitnami/nginx/24.0.2/CATALOG.md,https://github.com/confighub/helm-expt/tree/main/packages/bitnami/nginx/24.0.2/bases/existing-tls-ingress
bitnami/nginx,24.0.2,http-clusterip,top20-catalog-supported,try-from-public-catalog,lookup;generated-facts;tpl;capabilities,existing-secret (chart ships no Secret toggle),live-helm-vs-confighub-parity,"choose the supported production base and target scope, refresh live/e2e evidence, and record the final support decision",,,,,yes,yes,yes,n/a,yes,yes,yes,yes,live-parity,yes,cub-lk-kind-vanilla; namespace=nginx; delivery=confighub-oci; controller=argo,,,,,,recipes/bitnami/nginx/24.0.2,recipes/bitnami/nginx/24.0.2/CATALOG.md,recipes/bitnami/nginx/24.0.2/variants/http-clusterip/variant.yaml,packages/bitnami/nginx/24.0.2/bases/http-clusterip,recipes/bitnami/nginx/24.0.2/revisions/http-clusterip/r001/variant-revision.yaml,recipes/bitnami/nginx/24.0.2/source-lock.yaml,https://charts.bitnami.com/bitnami,,https://github.com/confighub/helm-expt/tree/main/recipes/bitnami/nginx/24.0.2,https://github.com/confighub/helm-expt/blob/main/recipes/bitnami/nginx/24.0.2/CATALOG.md,https://github.com/confighub/helm-expt/tree/main/packages/bitnami/nginx/24.0.2/bases/http-clusterip
bitnami/nginx,24.0.4,existing-tls-ingress,,,,,,,,,,,yes,todo,yes,n/a,todo,todo,todo,no,local-live,todo,,,,,,,recipes/bitnami/nginx/24.0.4,recipes/bitnami/nginx/24.0.4/CATALOG.md,recipes/bitnami/nginx/24.0.4/variants/existing-tls-ingress/variant.yaml,packages/bitnami/nginx/24.0.4/bases/existing-tls-ingress,recipes/bitnami/nginx/24.0.4/revisions/existing-tls-ingress/r001/variant-revision.yaml,recipes/bitnami/nginx/24.0.4/source-lock.yaml,https://charts.bitnami.com/bitnami,,https://github.com/confighub/helm-expt/tree/main/recipes/bitnami/nginx/24.0.4,https://github.com/confighub/helm-expt/blob/main/recipes/bitnami/nginx/24.0.4/CATALOG.md,https://github.com/confighub/helm-expt/tree/main/packages/bitnami/nginx/24.0.4/bases/existing-tls-ingress
bitnami/nginx,24.0.4,http-clusterip,,,,,,,,,,,yes,todo,yes,n/a,todo,todo,todo,no,local-live,todo,,,,,,,recipes/bitnami/nginx/24.0.4,recipes/bitnami/nginx/24.0.4/CATALOG.md,recipes/bitnami/nginx/24.0.4/variants/http-clusterip/variant.yaml,packages/bitnami/nginx/24.0.4/bases/http-clusterip,recipes/bitnami/nginx/24.0.4/revisions/http-clusterip/r001/variant-revision.yaml,recipes/bitnami/nginx/24.0.4/source-lock.yaml,https://charts.bitnami.com/bitnami,,https://github.com/confighub/helm-expt/tree/main/recipes/bitnami/nginx/24.0.4,https://github.com/confighub/helm-expt/blob/main/recipes/bitnami/nginx/24.0.4/CATALOG.md,https://github.com/confighub/helm-expt/tree/main/packages/bitnami/nginx/24.0.4/bases/http-clusterip
bitnami/nginx,25.0.0,existing-tls-ingress,,,,,,,,,,,yes,todo,yes,n/a,todo,todo,todo,no,local-live,todo,,,,,,,recipes/bitnami/nginx/25.0.0,recipes/bitnami/nginx/25.0.0/CATALOG.md,recipes/bitnami/nginx/25.0.0/variants/existing-tls-ingress/variant.yaml,packages/bitnami/nginx/25.0.0/bases/existing-tls-ingress,recipes/bitnami/nginx/25.0.0/revisions/existing-tls-ingress/r001/variant-revision.yaml,recipes/bitnami/nginx/25.0.0/source-lock.yaml,https://charts.bitnami.com/bitnami,,https://github.com/confighub/helm-expt/tree/main/recipes/bitnami/nginx/25.0.0,https://github.com/confighub/helm-expt/blob/main/recipes/bitnami/nginx/25.0.0/CATALOG.md,https://github.com/confighub/helm-expt/tree/main/packages/bitnami/nginx/25.0.0/bases/existing-tls-ingress
bitnami/nginx,25.0.0,http-clusterip,,,,,,,,,,,yes,todo,yes,n/a,todo,todo,todo,no,local-live,todo,,,,,,,recipes/bitnami/nginx/25.0.0,recipes/bitnami/nginx/25.0.0/CATALOG.md,recipes/bitnami/nginx/25.0.0/variants/http-clusterip/variant.yaml,packages/bitnami/nginx/25.0.0/bases/http-clusterip,recipes/bitnami/nginx/25.0.0/revisions/http-clusterip/r001/variant-revision.yaml,recipes/bitnami/nginx/25.0.0/source-lock.yaml,https://charts.bitnami.com/bitnami,,https://github.com/confighub/helm-expt/tree/main/recipes/bitnami/nginx/25.0.0,https://github.com/confighub/helm-expt/blob/main/recipes/bitnami/nginx/25.0.0/CATALOG.md,https://github.com/confighub/helm-expt/tree/main/packages/bitnami/nginx/25.0.0/bases/http-clusterip
bitnami/opensearch,2.0.10,default,next80-proof-grade,promote-after-review,,,in-confighub-proof,run catalog promotion review,,,,,yes,todo,no,n/a,todo,todo,todo,no,render-parity,todo,,,,,,,recipes/bitnami/opensearch/2.0.10,recipes/bitnami/opensearch/2.0.10/CATALOG.md,recipes/bitnami/opensearch/2.0.10/variants/default/variant.yaml,packages/bitnami/opensearch/2.0.10/bases/default,recipes/bitnami/opensearch/2.0.10/revisions/default/r001/variant-revision.yaml,recipes/bitnami/opensearch/2.0.10/source-lock.yaml,https://charts.bitnami.com/bitnami,,https://github.com/confighub/helm-expt/tree/main/recipes/bitnami/opensearch/2.0.10,https://github.com/confighub/helm-expt/blob/main/recipes/bitnami/opensearch/2.0.10/CATALOG.md,https://github.com/confighub/helm-expt/tree/main/packages/bitnami/opensearch/2.0.10/bases/default
bitnami/opensearch,2.0.10,ha,next80-proof-grade,promote-after-review,,,in-confighub-proof,run catalog promotion review,,,,,yes,yes,no,n/a,todo,todo,todo,no,in-confighub,todo,,,,,,,recipes/bitnami/opensearch/2.0.10,recipes/bitnami/opensearch/2.0.10/CATALOG.md,recipes/bitnami/opensearch/2.0.10/variants/ha/variant.yaml,packages/bitnami/opensearch/2.0.10/bases/ha,recipes/bitnami/opensearch/2.0.10/revisions/ha/r001/variant-revision.yaml,recipes/bitnami/opensearch/2.0.10/source-lock.yaml,https://charts.bitnami.com/bitnami,,https://github.com/confighub/helm-expt/tree/main/recipes/bitnami/opensearch/2.0.10,https://github.com/confighub/helm-expt/blob/main/recipes/bitnami/opensearch/2.0.10/CATALOG.md,https://github.com/confighub/helm-expt/tree/main/packages/bitnami/opensearch/2.0.10/bases/ha
bitnami/phpmyadmin,20.0.0,default,next80-proof-grade,needs-useful-variant,lookup;generated-facts;tpl;capabilities;stateful-storage,existing-secret (chart ships no Secret toggle),render-parity,add at least one user-shaped variant before catalog promotion,,,,,yes,todo,no,n/a,todo,todo,todo,no,render-parity,todo,,,,,,,recipes/bitnami/phpmyadmin/20.0.0,recipes/bitnami/phpmyadmin/20.0.0/CATALOG.md,recipes/bitnami/phpmyadmin/20.0.0/variants/default/variant.yaml,packages/bitnami/phpmyadmin/20.0.0/bases/default,recipes/bitnami/phpmyadmin/20.0.0/revisions/default/r001/variant-revision.yaml,recipes/bitnami/phpmyadmin/20.0.0/source-lock.yaml,https://charts.bitnami.com/bitnami,,https://github.com/confighub/helm-expt/tree/main/recipes/bitnami/phpmyadmin/20.0.0,https://github.com/confighub/helm-expt/blob/main/recipes/bitnami/phpmyadmin/20.0.0/CATALOG.md,https://github.com/confighub/helm-expt/tree/main/packages/bitnami/phpmyadmin/20.0.0/bases/default
bitnami/postgresql,18.6.7,existing-secret,top20-catalog-supported,try-from-public-catalog,lookup;generated-facts;tpl;capabilities;stateful-storage,ha (curated proof lane - bespoke teaching needed),live-helm-vs-confighub-parity,"record the target-scoped lifecycle support decision, then refresh live/e2e evidence for that scope",,,,,yes,yes,yes,todo,yes,yes,yes,yes,live-parity,todo,,,,,,,recipes/bitnami/postgresql/18.6.7,recipes/bitnami/postgresql/18.6.7/CATALOG.md,recipes/bitnami/postgresql/18.6.7/variants/existing-secret/variant.yaml,packages/bitnami/postgresql/18.6.7/bases/existing-secret,recipes/bitnami/postgresql/18.6.7/revisions/existing-secret/r001/variant-revision.yaml,recipes/bitnami/postgresql/18.6.7/source-lock.yaml,https://charts.bitnami.com/bitnami,,https://github.com/confighub/helm-expt/tree/main/recipes/bitnami/postgresql/18.6.7,https://github.com/confighub/helm-expt/blob/main/recipes/bitnami/postgresql/18.6.7/CATALOG.md,https://github.com/confighub/helm-expt/tree/main/packages/bitnami/postgresql/18.6.7/bases/existing-secret
bitnami/postgresql,18.6.7,generated-passwords,top20-catalog-supported,try-from-public-catalog,lookup;generated-facts;tpl;capabilities;stateful-storage,ha (curated proof lane - bespoke teaching needed),live-helm-vs-confighub-parity,"record the target-scoped lifecycle support decision, then refresh live/e2e evidence for that scope",,,,,yes,yes,yes,todo,yes,yes,yes,yes,live-parity,yes,cub-lk-kind-vanilla; namespace=postgresql; delivery=confighub-oci; controller=argo,,,,,,recipes/bitnami/postgresql/18.6.7,recipes/bitnami/postgresql/18.6.7/CATALOG.md,recipes/bitnami/postgresql/18.6.7/variants/generated-passwords/variant.yaml,packages/bitnami/postgresql/18.6.7/bases/generated-passwords,recipes/bitnami/postgresql/18.6.7/revisions/generated-passwords/r001/variant-revision.yaml,recipes/bitnami/postgresql/18.6.7/source-lock.yaml,https://charts.bitnami.com/bitnami,,https://github.com/confighub/helm-expt/tree/main/recipes/bitnami/postgresql/18.6.7,https://github.com/confighub/helm-expt/blob/main/recipes/bitnami/postgresql/18.6.7/CATALOG.md,https://github.com/confighub/helm-expt/tree/main/packages/bitnami/postgresql/18.6.7/bases/generated-passwords
bitnami/postgresql,18.6.10,existing-secret,,,,,,,,,,,yes,todo,yes,n/a,todo,todo,todo,no,local-live,todo,,,,,,,recipes/bitnami/postgresql/18.6.10,recipes/bitnami/postgresql/18.6.10/CATALOG.md,recipes/bitnami/postgresql/18.6.10/variants/existing-secret/variant.yaml,packages/bitnami/postgresql/18.6.10/bases/existing-secret,recipes/bitnami/postgresql/18.6.10/revisions/existing-secret/r001/variant-revision.yaml,recipes/bitnami/postgresql/18.6.10/source-lock.yaml,https://charts.bitnami.com/bitnami,,https://github.com/confighub/helm-expt/tree/main/recipes/bitnami/postgresql/18.6.10,https://github.com/confighub/helm-expt/blob/main/recipes/bitnami/postgresql/18.6.10/CATALOG.md,https://github.com/confighub/helm-expt/tree/main/packages/bitnami/postgresql/18.6.10/bases/existing-secret
bitnami/postgresql,18.6.10,generated-passwords,,,,,,,,,,,yes,todo,yes,n/a,todo,todo,todo,no,local-live,todo,,,,,,,recipes/bitnami/postgresql/18.6.10,recipes/bitnami/postgresql/18.6.10/CATALOG.md,recipes/bitnami/postgresql/18.6.10/variants/generated-passwords/variant.yaml,packages/bitnami/postgresql/18.6.10/bases/generated-passwords,recipes/bitnami/postgresql/18.6.10/revisions/generated-passwords/r001/variant-revision.yaml,recipes/bitnami/postgresql/18.6.10/source-lock.yaml,https://charts.bitnami.com/bitnami,,https://github.com/confighub/helm-expt/tree/main/recipes/bitnami/postgresql/18.6.10,https://github.com/confighub/helm-expt/blob/main/recipes/bitnami/postgresql/18.6.10/CATALOG.md,https://github.com/confighub/helm-expt/tree/main/packages/bitnami/postgresql/18.6.10/bases/generated-passwords
bitnami/postgresql,18.7.0,existing-secret,,,,,,,,,,,yes,todo,yes,n/a,todo,todo,todo,no,local-live,todo,,,,,,,recipes/bitnami/postgresql/18.7.0,recipes/bitnami/postgresql/18.7.0/CATALOG.md,recipes/bitnami/postgresql/18.7.0/variants/existing-secret/variant.yaml,packages/bitnami/postgresql/18.7.0/bases/existing-secret,recipes/bitnami/postgresql/18.7.0/revisions/existing-secret/r001/variant-revision.yaml,recipes/bitnami/postgresql/18.7.0/source-lock.yaml,https://charts.bitnami.com/bitnami,,https://github.com/confighub/helm-expt/tree/main/recipes/bitnami/postgresql/18.7.0,https://github.com/confighub/helm-expt/blob/main/recipes/bitnami/postgresql/18.7.0/CATALOG.md,https://github.com/confighub/helm-expt/tree/main/packages/bitnami/postgresql/18.7.0/bases/existing-secret
bitnami/postgresql,18.7.0,generated-passwords,,,,,,,,,,,yes,todo,yes,n/a,todo,todo,todo,no,local-live,todo,,,,,,,recipes/bitnami/postgresql/18.7.0,recipes/bitnami/postgresql/18.7.0/CATALOG.md,recipes/bitnami/postgresql/18.7.0/variants/generated-passwords/variant.yaml,packages/bitnami/postgresql/18.7.0/bases/generated-passwords,recipes/bitnami/postgresql/18.7.0/revisions/generated-passwords/r001/variant-revision.yaml,recipes/bitnami/postgresql/18.7.0/source-lock.yaml,https://charts.bitnami.com/bitnami,,https://github.com/confighub/helm-expt/tree/main/recipes/bitnami/postgresql/18.7.0,https://github.com/confighub/helm-expt/blob/main/recipes/bitnami/postgresql/18.7.0/CATALOG.md,https://github.com/confighub/helm-expt/tree/main/packages/bitnami/postgresql/18.7.0/bases/generated-passwords
bitnami/rabbitmq,16.0.14,existing-secret,top20-catalog-supported,try-from-public-catalog,lookup;generated-facts;tpl;capabilities;stateful-storage,ha (curated proof lane - bespoke teaching needed),live-helm-vs-confighub-parity,image policy decision recorded for a target scope; create digest-pinned bases or overrides for stricter scopes,,,,,yes,yes,yes,n/a,yes,yes,yes,yes,live-parity,todo,,,,,,,recipes/bitnami/rabbitmq/16.0.14,recipes/bitnami/rabbitmq/16.0.14/CATALOG.md,recipes/bitnami/rabbitmq/16.0.14/variants/existing-secret/variant.yaml,packages/bitnami/rabbitmq/16.0.14/bases/existing-secret,recipes/bitnami/rabbitmq/16.0.14/revisions/existing-secret/r001/variant-revision.yaml,recipes/bitnami/rabbitmq/16.0.14/source-lock.yaml,https://charts.bitnami.com/bitnami,,https://github.com/confighub/helm-expt/tree/main/recipes/bitnami/rabbitmq/16.0.14,https://github.com/confighub/helm-expt/blob/main/recipes/bitnami/rabbitmq/16.0.14/CATALOG.md,https://github.com/confighub/helm-expt/tree/main/packages/bitnami/rabbitmq/16.0.14/bases/existing-secret
bitnami/rabbitmq,16.0.14,generated-passwords,top20-catalog-supported,try-from-public-catalog,lookup;generated-facts;tpl;capabilities;stateful-storage,ha (curated proof lane - bespoke teaching needed),live-helm-vs-confighub-parity,image policy decision recorded for a target scope; create digest-pinned bases or overrides for stricter scopes,,,,,yes,yes,yes,n/a,yes,yes,yes,yes,live-parity,yes,cub-lk-kind-vanilla; namespace=rabbitmq; delivery=confighub-oci; controller=argo,,,,,,recipes/bitnami/rabbitmq/16.0.14,recipes/bitnami/rabbitmq/16.0.14/CATALOG.md,recipes/bitnami/rabbitmq/16.0.14/variants/generated-passwords/variant.yaml,packages/bitnami/rabbitmq/16.0.14/bases/generated-passwords,recipes/bitnami/rabbitmq/16.0.14/revisions/generated-passwords/r001/variant-revision.yaml,recipes/bitnami/rabbitmq/16.0.14/source-lock.yaml,https://charts.bitnami.com/bitnami,,https://github.com/confighub/helm-expt/tree/main/recipes/bitnami/rabbitmq/16.0.14,https://github.com/confighub/helm-expt/blob/main/recipes/bitnami/rabbitmq/16.0.14/CATALOG.md,https://github.com/confighub/helm-expt/tree/main/packages/bitnami/rabbitmq/16.0.14/bases/generated-passwords
bitnami/redis,25.5.3,default,top20-catalog-supported,try-from-public-catalog,lookup;generated-facts;tpl;capabilities;stateful-storage,,live-helm-vs-confighub-parity,"record the target-scoped lifecycle support decision, then refresh live/e2e evidence for that scope",,,,,yes,yes,yes,todo,yes,yes,yes,yes,live-parity,yes,cub-lk-kind-vanilla; namespace=redis; delivery=confighub-oci; controller=argo,,,,,,recipes/bitnami/redis/25.5.3,recipes/bitnami/redis/25.5.3/CATALOG.md,recipes/bitnami/redis/25.5.3/variants/default/variant.yaml,packages/bitnami/redis/25.5.3/bases/default,recipes/bitnami/redis/25.5.3/revisions/default/r001/variant-revision.yaml,recipes/bitnami/redis/25.5.3/source-lock.yaml,https://charts.bitnami.com/bitnami,oci://registry-1.docker.io/bitnamicharts/redis:25.5.3,https://github.com/confighub/helm-expt/tree/main/recipes/bitnami/redis/25.5.3,https://github.com/confighub/helm-expt/blob/main/recipes/bitnami/redis/25.5.3/CATALOG.md,https://github.com/confighub/helm-expt/tree/main/packages/bitnami/redis/25.5.3/bases/default
bitnami/redis,25.5.3,reuse-existing-secret,top20-catalog-supported,try-from-public-catalog,lookup;generated-facts;tpl;capabilities;stateful-storage,,live-helm-vs-confighub-parity,"record the target-scoped lifecycle support decision, then refresh live/e2e evidence for that scope",,,,,yes,yes,yes,todo,yes,yes,yes,yes,live-parity,todo,,,,,,,recipes/bitnami/redis/25.5.3,recipes/bitnami/redis/25.5.3/CATALOG.md,recipes/bitnami/redis/25.5.3/variants/reuse-existing-secret/variant.yaml,packages/bitnami/redis/25.5.3/bases/reuse-existing-secret,recipes/bitnami/redis/25.5.3/revisions/reuse-existing-secret/r001/variant-revision.yaml,recipes/bitnami/redis/25.5.3/source-lock.yaml,https://charts.bitnami.com/bitnami,oci://registry-1.docker.io/bitnamicharts/redis:25.5.3,https://github.com/confighub/helm-expt/tree/main/recipes/bitnami/redis/25.5.3,https://github.com/confighub/helm-expt/blob/main/recipes/bitnami/redis/25.5.3/CATALOG.md,https://github.com/confighub/helm-expt/tree/main/packages/bitnami/redis/25.5.3/bases/reuse-existing-secret
bitnami/redis,27.0.0,default,,,,,,,,,,,yes,todo,yes,n/a,todo,todo,todo,no,local-live,todo,,,,,,,recipes/bitnami/redis/27.0.0,recipes/bitnami/redis/27.0.0/CATALOG.md,recipes/bitnami/redis/27.0.0/variants/default/variant.yaml,packages/bitnami/redis/27.0.0/bases/default,recipes/bitnami/redis/27.0.0/revisions/default/r001/variant-revision.yaml,recipes/bitnami/redis/27.0.0/source-lock.yaml,https://charts.bitnami.com/bitnami,oci://registry-1.docker.io/bitnamicharts/redis:27.0.0,https://github.com/confighub/helm-expt/tree/main/recipes/bitnami/redis/27.0.0,https://github.com/confighub/helm-expt/blob/main/recipes/bitnami/redis/27.0.0/CATALOG.md,https://github.com/confighub/helm-expt/tree/main/packages/bitnami/redis/27.0.0/bases/default
bitnami/redis,27.0.0,reuse-existing-secret,,,,,,,,,,,yes,todo,yes,n/a,todo,todo,todo,no,local-live,todo,,,,,,,recipes/bitnami/redis/27.0.0,recipes/bitnami/redis/27.0.0/CATALOG.md,recipes/bitnami/redis/27.0.0/variants/reuse-existing-secret/variant.yaml,packages/bitnami/redis/27.0.0/bases/reuse-existing-secret,recipes/bitnami/redis/27.0.0/revisions/reuse-existing-secret/r001/variant-revision.yaml,recipes/bitnami/redis/27.0.0/source-lock.yaml,https://charts.bitnami.com/bitnami,oci://registry-1.docker.io/bitnamicharts/redis:27.0.0,https://github.com/confighub/helm-expt/tree/main/recipes/bitnami/redis/27.0.0,https://github.com/confighub/helm-expt/blob/main/recipes/bitnami/redis/27.0.0/CATALOG.md,https://github.com/confighub/helm-expt/tree/main/packages/bitnami/redis/27.0.0/bases/reuse-existing-secret
bitnami/spark,10.0.3,default,next80-proof-grade,limitation-decision-first,lookup;generated-facts;tpl;capabilities;stateful-storage,existing-secret (chart ships no Secret toggle),render-parity,review limitation before promotion: existing-secret (chart ships no Secret toggle),,,,,yes,todo,no,n/a,todo,todo,todo,no,render-parity,todo,,,,,,,recipes/bitnami/spark/10.0.3,recipes/bitnami/spark/10.0.3/CATALOG.md,recipes/bitnami/spark/10.0.3/variants/default/variant.yaml,packages/bitnami/spark/10.0.3/bases/default,recipes/bitnami/spark/10.0.3/revisions/default/r001/variant-revision.yaml,recipes/bitnami/spark/10.0.3/source-lock.yaml,https://charts.bitnami.com/bitnami,,https://github.com/confighub/helm-expt/tree/main/recipes/bitnami/spark/10.0.3,https://github.com/confighub/helm-expt/blob/main/recipes/bitnami/spark/10.0.3/CATALOG.md,https://github.com/confighub/helm-expt/tree/main/packages/bitnami/spark/10.0.3/bases/default
bitnami/spark,10.0.3,ha,next80-proof-grade,limitation-decision-first,lookup;generated-facts;tpl;capabilities;stateful-storage,existing-secret (chart ships no Secret toggle),render-parity,review limitation before promotion: existing-secret (chart ships no Secret toggle),,,,,yes,todo,no,n/a,todo,todo,todo,no,render-parity,todo,,,,,,,recipes/bitnami/spark/10.0.3,recipes/bitnami/spark/10.0.3/CATALOG.md,recipes/bitnami/spark/10.0.3/variants/ha/variant.yaml,packages/bitnami/spark/10.0.3/bases/ha,recipes/bitnami/spark/10.0.3/revisions/ha/r001/variant-revision.yaml,recipes/bitnami/spark/10.0.3/source-lock.yaml,https://charts.bitnami.com/bitnami,,https://github.com/confighub/helm-expt/tree/main/recipes/bitnami/spark/10.0.3,https://github.com/confighub/helm-expt/blob/main/recipes/bitnami/spark/10.0.3/CATALOG.md,https://github.com/confighub/helm-expt/tree/main/packages/bitnami/spark/10.0.3/bases/ha
bitnami/zookeeper,13.8.7,default,next80-proof-grade,limitation-decision-first,lookup;generated-facts;tpl;capabilities;stateful-storage,existing-secret (chart ships no Secret toggle),render-parity,review limitation before promotion: existing-secret (chart ships no Secret toggle),,,,,yes,todo,no,n/a,todo,todo,todo,no,render-parity,todo,,,,,,,recipes/bitnami/zookeeper/13.8.7,recipes/bitnami/zookeeper/13.8.7/CATALOG.md,recipes/bitnami/zookeeper/13.8.7/variants/default/variant.yaml,packages/bitnami/zookeeper/13.8.7/bases/default,recipes/bitnami/zookeeper/13.8.7/revisions/default/r001/variant-revision.yaml,recipes/bitnami/zookeeper/13.8.7/source-lock.yaml,https://charts.bitnami.com/bitnami,,https://github.com/confighub/helm-expt/tree/main/recipes/bitnami/zookeeper/13.8.7,https://github.com/confighub/helm-expt/blob/main/recipes/bitnami/zookeeper/13.8.7/CATALOG.md,https://github.com/confighub/helm-expt/tree/main/packages/bitnami/zookeeper/13.8.7/bases/default
bitnami/zookeeper,13.8.7,ha,next80-proof-grade,limitation-decision-first,lookup;generated-facts;tpl;capabilities;stateful-storage,existing-secret (chart ships no Secret toggle),render-parity,review limitation before promotion: existing-secret (chart ships no Secret toggle),,,,,yes,todo,no,n/a,todo,todo,todo,no,render-parity,todo,,,,,,,recipes/bitnami/zookeeper/13.8.7,recipes/bitnami/zookeeper/13.8.7/CATALOG.md,recipes/bitnami/zookeeper/13.8.7/variants/ha/variant.yaml,packages/bitnami/zookeeper/13.8.7/bases/ha,recipes/bitnami/zookeeper/13.8.7/revisions/ha/r001/variant-revision.yaml,recipes/bitnami/zookeeper/13.8.7/source-lock.yaml,https://charts.bitnami.com/bitnami,,https://github.com/confighub/helm-expt/tree/main/recipes/bitnami/zookeeper/13.8.7,https://github.com/confighub/helm-expt/blob/main/recipes/bitnami/zookeeper/13.8.7/CATALOG.md,https://github.com/confighub/helm-expt/tree/main/packages/bitnami/zookeeper/13.8.7/bases/ha
cloudnative-pg/cloudnative-pg,0.28.2,default,next80-proof-grade,promote-after-review,generated-facts;tpl;crds;cluster-rbac;webhooks,,two-cluster-kind-parity,run catalog promotion review,,,,,yes,yes,yes,todo,todo,todo,yes,no,two-cluster-kind-parity,todo,,,,,,,recipes/cloudnative-pg/cloudnative-pg/0.28.2,recipes/cloudnative-pg/cloudnative-pg/0.28.2/CATALOG.md,recipes/cloudnative-pg/cloudnative-pg/0.28.2/variants/default/variant.yaml,packages/cloudnative-pg/cloudnative-pg/0.28.2/bases/default,recipes/cloudnative-pg/cloudnative-pg/0.28.2/revisions/default/r001/variant-revision.yaml,recipes/cloudnative-pg/cloudnative-pg/0.28.2/source-lock.yaml,https://cloudnative-pg.github.io/charts,,https://github.com/confighub/helm-expt/tree/main/recipes/cloudnative-pg/cloudnative-pg/0.28.2,https://github.com/confighub/helm-expt/blob/main/recipes/cloudnative-pg/cloudnative-pg/0.28.2/CATALOG.md,https://github.com/confighub/helm-expt/tree/main/packages/cloudnative-pg/cloudnative-pg/0.28.2/bases/default
cloudnative-pg/cloudnative-pg,0.28.2,no-crds,next80-proof-grade,promote-after-review,generated-facts;tpl;crds;cluster-rbac;webhooks,,two-cluster-kind-parity,run catalog promotion review,,,,,yes,yes,no,todo,todo,todo,todo,no,in-confighub,todo,,,,,,,recipes/cloudnative-pg/cloudnative-pg/0.28.2,recipes/cloudnative-pg/cloudnative-pg/0.28.2/CATALOG.md,recipes/cloudnative-pg/cloudnative-pg/0.28.2/variants/no-crds/variant.yaml,packages/cloudnative-pg/cloudnative-pg/0.28.2/bases/no-crds,recipes/cloudnative-pg/cloudnative-pg/0.28.2/revisions/no-crds/r001/variant-revision.yaml,recipes/cloudnative-pg/cloudnative-pg/0.28.2/source-lock.yaml,https://cloudnative-pg.github.io/charts,,https://github.com/confighub/helm-expt/tree/main/recipes/cloudnative-pg/cloudnative-pg/0.28.2,https://github.com/confighub/helm-expt/blob/main/recipes/cloudnative-pg/cloudnative-pg/0.28.2/CATALOG.md,https://github.com/confighub/helm-expt/tree/main/packages/cloudnative-pg/cloudnative-pg/0.28.2/bases/no-crds
coredns/coredns,1.45.2,default,next80-proof-grade,needs-useful-variant,generated-facts;tpl;capabilities;cluster-rbac,,local-kubernetes-live,add at least one user-shaped variant before catalog promotion,,,,,yes,yes,yes,n/a,todo,todo,todo,no,local-live,todo,,,,,,,recipes/coredns/coredns/1.45.2,recipes/coredns/coredns/1.45.2/CATALOG.md,recipes/coredns/coredns/1.45.2/variants/default/variant.yaml,packages/coredns/coredns/1.45.2/bases/default,recipes/coredns/coredns/1.45.2/revisions/default/r001/variant-revision.yaml,recipes/coredns/coredns/1.45.2/source-lock.yaml,https://coredns.github.io/helm,,https://github.com/confighub/helm-expt/tree/main/recipes/coredns/coredns/1.45.2,https://github.com/confighub/helm-expt/blob/main/recipes/coredns/coredns/1.45.2/CATALOG.md,https://github.com/confighub/helm-expt/tree/main/packages/coredns/coredns/1.45.2/bases/default
crossplane-stable/crossplane,2.3.1,default,next80-proof-grade,needs-useful-variant,,,local-kubernetes-live,add at least one user-shaped variant before catalog promotion,,,,,yes,yes,yes,n/a,todo,todo,todo,no,local-live,todo,,,,,,,recipes/crossplane-stable/crossplane/2.3.1,recipes/crossplane-stable/crossplane/2.3.1/CATALOG.md,recipes/crossplane-stable/crossplane/2.3.1/variants/default/variant.yaml,packages/crossplane-stable/crossplane/2.3.1/bases/default,recipes/crossplane-stable/crossplane/2.3.1/revisions/default/r001/variant-revision.yaml,recipes/crossplane-stable/crossplane/2.3.1/source-lock.yaml,https://charts.crossplane.io/stable,,https://github.com/confighub/helm-expt/tree/main/recipes/crossplane-stable/crossplane/2.3.1,https://github.com/confighub/helm-expt/blob/main/recipes/crossplane-stable/crossplane/2.3.1/CATALOG.md,https://github.com/confighub/helm-expt/tree/main/packages/crossplane-stable/crossplane/2.3.1/bases/default
descheduler/descheduler,0.36.0,default,next80-proof-grade,needs-useful-variant,tpl;cluster-rbac,,two-cluster-kind-parity,add at least one user-shaped variant before catalog promotion,,,,,yes,yes,yes,n/a,todo,todo,yes,no,two-cluster-kind-parity,todo,,,,,,,recipes/descheduler/descheduler/0.36.0,recipes/descheduler/descheduler/0.36.0/CATALOG.md,recipes/descheduler/descheduler/0.36.0/variants/default/variant.yaml,packages/descheduler/descheduler/0.36.0/bases/default,recipes/descheduler/descheduler/0.36.0/revisions/default/r001/variant-revision.yaml,recipes/descheduler/descheduler/0.36.0/source-lock.yaml,https://kubernetes-sigs.github.io/descheduler/,,https://github.com/confighub/helm-expt/tree/main/recipes/descheduler/descheduler/0.36.0,https://github.com/confighub/helm-expt/blob/main/recipes/descheduler/descheduler/0.36.0/CATALOG.md,https://github.com/confighub/helm-expt/tree/main/packages/descheduler/descheduler/0.36.0/bases/default
dex/dex,0.24.0,default,next80-proof-grade,needs-useful-variant,tpl;capabilities;cluster-rbac,,in-confighub-proof,add at least one user-shaped variant before catalog promotion,,,,,yes,yes,no,n/a,todo,todo,todo,no,in-confighub,todo,,,,,,,recipes/dex/dex/0.24.0,recipes/dex/dex/0.24.0/CATALOG.md,recipes/dex/dex/0.24.0/variants/default/variant.yaml,packages/dex/dex/0.24.0/bases/default,recipes/dex/dex/0.24.0/revisions/default/r001/variant-revision.yaml,recipes/dex/dex/0.24.0/source-lock.yaml,https://charts.dexidp.io,,https://github.com/confighub/helm-expt/tree/main/recipes/dex/dex/0.24.0,https://github.com/confighub/helm-expt/blob/main/recipes/dex/dex/0.24.0/CATALOG.md,https://github.com/confighub/helm-expt/tree/main/packages/dex/dex/0.24.0/bases/default
elastic/eck-operator,3.4.0,default,next80-proof-grade,promote-after-review,tpl;capabilities;cluster-rbac;webhooks;stateful-storage,,two-cluster-kind-parity,run catalog promotion review,,,,,yes,yes,yes,todo,todo,todo,yes,no,two-cluster-kind-parity,todo,,,,,,,recipes/elastic/eck-operator/3.4.0,recipes/elastic/eck-operator/3.4.0/CATALOG.md,recipes/elastic/eck-operator/3.4.0/variants/default/variant.yaml,packages/elastic/eck-operator/3.4.0/bases/default,recipes/elastic/eck-operator/3.4.0/revisions/default/r001/variant-revision.yaml,recipes/elastic/eck-operator/3.4.0/source-lock.yaml,https://helm.elastic.co,,https://github.com/confighub/helm-expt/tree/main/recipes/elastic/eck-operator/3.4.0,https://github.com/confighub/helm-expt/blob/main/recipes/elastic/eck-operator/3.4.0/CATALOG.md,https://github.com/confighub/helm-expt/tree/main/packages/elastic/eck-operator/3.4.0/bases/default
elastic/eck-operator,3.4.0,ha,next80-proof-grade,promote-after-review,tpl;capabilities;cluster-rbac;webhooks;stateful-storage,,two-cluster-kind-parity,run catalog promotion review,,,,,yes,yes,yes,todo,todo,todo,todo,no,local-live,todo,,,,,,,recipes/elastic/eck-operator/3.4.0,recipes/elastic/eck-operator/3.4.0/CATALOG.md,recipes/elastic/eck-operator/3.4.0/variants/ha/variant.yaml,packages/elastic/eck-operator/3.4.0/bases/ha,recipes/elastic/eck-operator/3.4.0/revisions/ha/r001/variant-revision.yaml,recipes/elastic/eck-operator/3.4.0/source-lock.yaml,https://helm.elastic.co,,https://github.com/confighub/helm-expt/tree/main/recipes/elastic/eck-operator/3.4.0,https://github.com/confighub/helm-expt/blob/main/recipes/elastic/eck-operator/3.4.0/CATALOG.md,https://github.com/confighub/helm-expt/tree/main/packages/elastic/eck-operator/3.4.0/bases/ha
elastic/eck-operator,3.4.0,no-crds,next80-proof-grade,promote-after-review,tpl;capabilities;cluster-rbac;webhooks;stateful-storage,,two-cluster-kind-parity,run catalog promotion review,,,,,yes,yes,yes,todo,todo,todo,todo,no,local-live,todo,,,,,,,recipes/elastic/eck-operator/3.4.0,recipes/elastic/eck-operator/3.4.0/CATALOG.md,recipes/elastic/eck-operator/3.4.0/variants/no-crds/variant.yaml,packages/elastic/eck-operator/3.4.0/bases/no-crds,recipes/elastic/eck-operator/3.4.0/revisions/no-crds/r001/variant-revision.yaml,recipes/elastic/eck-operator/3.4.0/source-lock.yaml,https://helm.elastic.co,,https://github.com/confighub/helm-expt/tree/main/recipes/elastic/eck-operator/3.4.0,https://github.com/confighub/helm-expt/blob/main/recipes/elastic/eck-operator/3.4.0/CATALOG.md,https://github.com/confighub/helm-expt/tree/main/packages/elastic/eck-operator/3.4.0/bases/no-crds
elastic/filebeat,8.5.1,default,next80-proof-grade,promote-after-review,tpl;cluster-rbac,,in-confighub-proof,run catalog promotion review,,,,,yes,todo,no,n/a,todo,todo,todo,no,render-parity,todo,,,,,,,recipes/elastic/filebeat/8.5.1,recipes/elastic/filebeat/8.5.1/CATALOG.md,recipes/elastic/filebeat/8.5.1/variants/default/variant.yaml,packages/elastic/filebeat/8.5.1/bases/default,recipes/elastic/filebeat/8.5.1/revisions/default/r001/variant-revision.yaml,recipes/elastic/filebeat/8.5.1/source-lock.yaml,https://helm.elastic.co,,https://github.com/confighub/helm-expt/tree/main/recipes/elastic/filebeat/8.5.1,https://github.com/confighub/helm-expt/blob/main/recipes/elastic/filebeat/8.5.1/CATALOG.md,https://github.com/confighub/helm-expt/tree/main/packages/elastic/filebeat/8.5.1/bases/default
elastic/filebeat,8.5.1,node-or-cluster-collector,next80-proof-grade,promote-after-review,tpl;cluster-rbac,,in-confighub-proof,run catalog promotion review,,,,,yes,yes,no,n/a,todo,todo,todo,no,in-confighub,todo,,,,,,,recipes/elastic/filebeat/8.5.1,recipes/elastic/filebeat/8.5.1/CATALOG.md,recipes/elastic/filebeat/8.5.1/variants/node-or-cluster-collector/variant.yaml,packages/elastic/filebeat/8.5.1/bases/node-or-cluster-collector,recipes/elastic/filebeat/8.5.1/revisions/node-or-cluster-collector/r001/variant-revision.yaml,recipes/elastic/filebeat/8.5.1/source-lock.yaml,https://helm.elastic.co,,https://github.com/confighub/helm-expt/tree/main/recipes/elastic/filebeat/8.5.1,https://github.com/confighub/helm-expt/blob/main/recipes/elastic/filebeat/8.5.1/CATALOG.md,https://github.com/confighub/helm-expt/tree/main/packages/elastic/filebeat/8.5.1/bases/node-or-cluster-collector
elastic/kibana,8.5.1,default,next80-proof-grade,needs-useful-variant,tpl,,render-parity,add at least one user-shaped variant before catalog promotion,,,,,yes,todo,no,n/a,todo,todo,todo,no,render-parity,todo,,,,,,,recipes/elastic/kibana/8.5.1,recipes/elastic/kibana/8.5.1/CATALOG.md,recipes/elastic/kibana/8.5.1/variants/default/variant.yaml,packages/elastic/kibana/8.5.1/bases/default,recipes/elastic/kibana/8.5.1/revisions/default/r001/variant-revision.yaml,recipes/elastic/kibana/8.5.1/source-lock.yaml,https://helm.elastic.co,,https://github.com/confighub/helm-expt/tree/main/recipes/elastic/kibana/8.5.1,https://github.com/confighub/helm-expt/blob/main/recipes/elastic/kibana/8.5.1/CATALOG.md,https://github.com/confighub/helm-expt/tree/main/packages/elastic/kibana/8.5.1/bases/default
elastic/logstash,8.5.1,default,next80-proof-grade,promote-after-review,tpl;capabilities;stateful-storage,,two-cluster-kind-parity,run catalog promotion review,,,,,yes,yes,yes,n/a,yes,yes,yes,yes,live-parity,todo,,,,,,,recipes/elastic/logstash/8.5.1,recipes/elastic/logstash/8.5.1/CATALOG.md,recipes/elastic/logstash/8.5.1/variants/default/variant.yaml,packages/elastic/logstash/8.5.1/bases/default,recipes/elastic/logstash/8.5.1/revisions/default/r001/variant-revision.yaml,recipes/elastic/logstash/8.5.1/source-lock.yaml,https://helm.elastic.co,,https://github.com/confighub/helm-expt/tree/main/recipes/elastic/logstash/8.5.1,https://github.com/confighub/helm-expt/blob/main/recipes/elastic/logstash/8.5.1/CATALOG.md,https://github.com/confighub/helm-expt/tree/main/packages/elastic/logstash/8.5.1/bases/default
elastic/logstash,8.5.1,ha,next80-proof-grade,promote-after-review,tpl;capabilities;stateful-storage,,two-cluster-kind-parity,run catalog promotion review,,,,,yes,yes,no,n/a,todo,todo,todo,no,in-confighub,todo,,,,,,,recipes/elastic/logstash/8.5.1,recipes/elastic/logstash/8.5.1/CATALOG.md,recipes/elastic/logstash/8.5.1/variants/ha/variant.yaml,packages/elastic/logstash/8.5.1/bases/ha,recipes/elastic/logstash/8.5.1/revisions/ha/r001/variant-revision.yaml,recipes/elastic/logstash/8.5.1/source-lock.yaml,https://helm.elastic.co,,https://github.com/confighub/helm-expt/tree/main/recipes/elastic/logstash/8.5.1,https://github.com/confighub/helm-expt/blob/main/recipes/elastic/logstash/8.5.1/CATALOG.md,https://github.com/confighub/helm-expt/tree/main/packages/elastic/logstash/8.5.1/bases/ha
elastic/metricbeat,8.5.1,default,next80-proof-grade,needs-useful-variant,tpl;capabilities;cluster-rbac;stateful-storage,,render-parity,add at least one user-shaped variant before catalog promotion,,,,,yes,todo,no,n/a,todo,todo,todo,no,render-parity,todo,,,,,,,recipes/elastic/metricbeat/8.5.1,recipes/elastic/metricbeat/8.5.1/CATALOG.md,recipes/elastic/metricbeat/8.5.1/variants/default/variant.yaml,packages/elastic/metricbeat/8.5.1/bases/default,recipes/elastic/metricbeat/8.5.1/revisions/default/r001/variant-revision.yaml,recipes/elastic/metricbeat/8.5.1/source-lock.yaml,https://helm.elastic.co,,https://github.com/confighub/helm-expt/tree/main/recipes/elastic/metricbeat/8.5.1,https://github.com/confighub/helm-expt/blob/main/recipes/elastic/metricbeat/8.5.1/CATALOG.md,https://github.com/confighub/helm-expt/tree/main/packages/elastic/metricbeat/8.5.1/bases/default
external-dns/external-dns,1.21.1,default,next80-proof-grade,promote-after-review,tpl;crds;cluster-rbac,,two-cluster-kind-parity,run catalog promotion review,,,,,yes,yes,yes,todo,todo,todo,todo,no,local-live,todo,,,,,,,recipes/external-dns/external-dns/1.21.1,recipes/external-dns/external-dns/1.21.1/CATALOG.md,recipes/external-dns/external-dns/1.21.1/variants/default/variant.yaml,packages/external-dns/external-dns/1.21.1/bases/default,recipes/external-dns/external-dns/1.21.1/revisions/default/r001/variant-revision.yaml,recipes/external-dns/external-dns/1.21.1/source-lock.yaml,https://kubernetes-sigs.github.io/external-dns/,,https://github.com/confighub/helm-expt/tree/main/recipes/external-dns/external-dns/1.21.1,https://github.com/confighub/helm-expt/blob/main/recipes/external-dns/external-dns/1.21.1/CATALOG.md,https://github.com/confighub/helm-expt/tree/main/packages/external-dns/external-dns/1.21.1/bases/default
external-dns/external-dns,1.21.1,dry-run-txt-registry,next80-proof-grade,promote-after-review,tpl;crds;cluster-rbac,,two-cluster-kind-parity,run catalog promotion review,,,,,yes,yes,yes,todo,todo,todo,yes,no,two-cluster-kind-parity,todo,,,,,,,recipes/external-dns/external-dns/1.21.1,recipes/external-dns/external-dns/1.21.1/CATALOG.md,recipes/external-dns/external-dns/1.21.1/variants/dry-run-txt-registry/variant.yaml,packages/external-dns/external-dns/1.21.1/bases/dry-run-txt-registry,recipes/external-dns/external-dns/1.21.1/revisions/dry-run-txt-registry/r001/variant-revision.yaml,recipes/external-dns/external-dns/1.21.1/source-lock.yaml,https://kubernetes-sigs.github.io/external-dns/,,https://github.com/confighub/helm-expt/tree/main/recipes/external-dns/external-dns/1.21.1,https://github.com/confighub/helm-expt/blob/main/recipes/external-dns/external-dns/1.21.1/CATALOG.md,https://github.com/confighub/helm-expt/tree/main/packages/external-dns/external-dns/1.21.1/bases/dry-run-txt-registry
external-dns/external-dns,1.21.1,no-crds,next80-proof-grade,promote-after-review,tpl;crds;cluster-rbac,,two-cluster-kind-parity,run catalog promotion review,,,,,yes,yes,yes,todo,todo,todo,todo,no,local-live,todo,,,,,,,recipes/external-dns/external-dns/1.21.1,recipes/external-dns/external-dns/1.21.1/CATALOG.md,recipes/external-dns/external-dns/1.21.1/variants/no-crds/variant.yaml,packages/external-dns/external-dns/1.21.1/bases/no-crds,recipes/external-dns/external-dns/1.21.1/revisions/no-crds/r001/variant-revision.yaml,recipes/external-dns/external-dns/1.21.1/source-lock.yaml,https://kubernetes-sigs.github.io/external-dns/,,https://github.com/confighub/helm-expt/tree/main/recipes/external-dns/external-dns/1.21.1,https://github.com/confighub/helm-expt/blob/main/recipes/external-dns/external-dns/1.21.1/CATALOG.md,https://github.com/confighub/helm-expt/tree/main/packages/external-dns/external-dns/1.21.1/bases/no-crds
external-secrets/external-secrets,2.5.0,default,top20-catalog-supported,try-from-public-catalog,,,live-helm-vs-confighub-parity,image policy decision recorded for a target scope; create digest-pinned bases or overrides for stricter scopes,,,,,yes,yes,yes,yes,yes,yes,yes,yes,live-parity,yes,cub-lk-kind-vanilla; namespace=external-secrets; delivery=confighub-oci; controller=argo,,,,,,recipes/external-secrets/external-secrets/2.5.0,recipes/external-secrets/external-secrets/2.5.0/CATALOG.md,recipes/external-secrets/external-secrets/2.5.0/variants/default/variant.yaml,packages/external-secrets/external-secrets/2.5.0/bases/default,recipes/external-secrets/external-secrets/2.5.0/revisions/default/r001/variant-revision.yaml,recipes/external-secrets/external-secrets/2.5.0/source-lock.yaml,https://charts.external-secrets.io,,https://github.com/confighub/helm-expt/tree/main/recipes/external-secrets/external-secrets/2.5.0,https://github.com/confighub/helm-expt/blob/main/recipes/external-secrets/external-secrets/2.5.0/CATALOG.md,https://github.com/confighub/helm-expt/tree/main/packages/external-secrets/external-secrets/2.5.0/bases/default
external-secrets/external-secrets,2.5.0,no-crds,top20-catalog-supported,try-from-public-catalog,,,live-helm-vs-confighub-parity,image policy decision recorded for a target scope; create digest-pinned bases or overrides for stricter scopes,,,,,yes,yes,no,yes,no,todo,yes,no,two-cluster-kind-parity,todo,,,,,,,recipes/external-secrets/external-secrets/2.5.0,recipes/external-secrets/external-secrets/2.5.0/CATALOG.md,recipes/external-secrets/external-secrets/2.5.0/variants/no-crds/variant.yaml,packages/external-secrets/external-secrets/2.5.0/bases/no-crds,recipes/external-secrets/external-secrets/2.5.0/revisions/no-crds/r001/variant-revision.yaml,recipes/external-secrets/external-secrets/2.5.0/source-lock.yaml,https://charts.external-secrets.io,,https://github.com/confighub/helm-expt/tree/main/recipes/external-secrets/external-secrets/2.5.0,https://github.com/confighub/helm-expt/blob/main/recipes/external-secrets/external-secrets/2.5.0/CATALOG.md,https://github.com/confighub/helm-expt/tree/main/packages/external-secrets/external-secrets/2.5.0/bases/no-crds
fairwinds-stable/goldilocks,10.3.0,default,next80-proof-grade,needs-useful-variant,lookup;generated-facts;tpl;capabilities;crds;cluster-rbac;webhooks,existing-secret (chart ships no Secret toggle),local-kubernetes-live,add at least one user-shaped variant before catalog promotion,,,,,yes,yes,yes,todo,todo,todo,todo,no,local-live,todo,,,,,,,recipes/fairwinds-stable/goldilocks/10.3.0,recipes/fairwinds-stable/goldilocks/10.3.0/CATALOG.md,recipes/fairwinds-stable/goldilocks/10.3.0/variants/default/variant.yaml,packages/fairwinds-stable/goldilocks/10.3.0/bases/default,recipes/fairwinds-stable/goldilocks/10.3.0/revisions/default/r001/variant-revision.yaml,recipes/fairwinds-stable/goldilocks/10.3.0/source-lock.yaml,https://charts.fairwinds.com/stable,,https://github.com/confighub/helm-expt/tree/main/recipes/fairwinds-stable/goldilocks/10.3.0,https://github.com/confighub/helm-expt/blob/main/recipes/fairwinds-stable/goldilocks/10.3.0/CATALOG.md,https://github.com/confighub/helm-expt/tree/main/packages/fairwinds-stable/goldilocks/10.3.0/bases/default
fairwinds-stable/vpa,4.11.0,default,next80-proof-grade,promote-after-review,lookup;tpl;capabilities;crds;cluster-rbac;webhooks,,local-kubernetes-live,review APIService render-path notes: current maintained bases do not render APIService objects; create a separate APIService-enabled base only if product chooses that path,,,,,yes,yes,yes,yes,todo,todo,todo,no,local-live,todo,,,,,,,recipes/fairwinds-stable/vpa/4.11.0,recipes/fairwinds-stable/vpa/4.11.0/CATALOG.md,recipes/fairwinds-stable/vpa/4.11.0/variants/default/variant.yaml,packages/fairwinds-stable/vpa/4.11.0/bases/default,recipes/fairwinds-stable/vpa/4.11.0/revisions/default/r001/variant-revision.yaml,recipes/fairwinds-stable/vpa/4.11.0/source-lock.yaml,https://charts.fairwinds.com/stable,,https://github.com/confighub/helm-expt/tree/main/recipes/fairwinds-stable/vpa/4.11.0,https://github.com/confighub/helm-expt/blob/main/recipes/fairwinds-stable/vpa/4.11.0/CATALOG.md,https://github.com/confighub/helm-expt/tree/main/packages/fairwinds-stable/vpa/4.11.0/bases/default
fairwinds-stable/vpa,4.11.0,no-crds,next80-proof-grade,promote-after-review,lookup;tpl;capabilities;crds;cluster-rbac;webhooks,,local-kubernetes-live,review APIService render-path notes: current maintained bases do not render APIService objects; create a separate APIService-enabled base only if product chooses that path,,,,,yes,yes,yes,yes,todo,todo,todo,no,local-live,todo,,,,,,,recipes/fairwinds-stable/vpa/4.11.0,recipes/fairwinds-stable/vpa/4.11.0/CATALOG.md,recipes/fairwinds-stable/vpa/4.11.0/variants/no-crds/variant.yaml,packages/fairwinds-stable/vpa/4.11.0/bases/no-crds,recipes/fairwinds-stable/vpa/4.11.0/revisions/no-crds/r001/variant-revision.yaml,recipes/fairwinds-stable/vpa/4.11.0/source-lock.yaml,https://charts.fairwinds.com/stable,,https://github.com/confighub/helm-expt/tree/main/recipes/fairwinds-stable/vpa/4.11.0,https://github.com/confighub/helm-expt/blob/main/recipes/fairwinds-stable/vpa/4.11.0/CATALOG.md,https://github.com/confighub/helm-expt/tree/main/packages/fairwinds-stable/vpa/4.11.0/bases/no-crds
falcosecurity/falco,9.0.0,default,next80-proof-grade,needs-useful-variant,lookup;tpl;capabilities;cluster-rbac;stateful-storage,,local-kubernetes-live,add at least one user-shaped variant before catalog promotion,,,,,yes,yes,yes,n/a,todo,todo,todo,no,local-live,todo,,,,,,,recipes/falcosecurity/falco/9.0.0,recipes/falcosecurity/falco/9.0.0/CATALOG.md,recipes/falcosecurity/falco/9.0.0/variants/default/variant.yaml,packages/falcosecurity/falco/9.0.0/bases/default,recipes/falcosecurity/falco/9.0.0/revisions/default/r001/variant-revision.yaml,recipes/falcosecurity/falco/9.0.0/source-lock.yaml,https://falcosecurity.github.io/charts,,https://github.com/confighub/helm-expt/tree/main/recipes/falcosecurity/falco/9.0.0,https://github.com/confighub/helm-expt/blob/main/recipes/falcosecurity/falco/9.0.0/CATALOG.md,https://github.com/confighub/helm-expt/tree/main/packages/falcosecurity/falco/9.0.0/bases/default
falcosecurity/falcosidekick,0.13.1,default,next80-proof-grade,needs-useful-variant,capabilities;cluster-rbac;stateful-storage,,local-kubernetes-live,add at least one user-shaped variant before catalog promotion,,,,,yes,yes,yes,n/a,todo,todo,todo,no,local-live,todo,,,,,,,recipes/falcosecurity/falcosidekick/0.13.1,recipes/falcosecurity/falcosidekick/0.13.1/CATALOG.md,recipes/falcosecurity/falcosidekick/0.13.1/variants/default/variant.yaml,packages/falcosecurity/falcosidekick/0.13.1/bases/default,recipes/falcosecurity/falcosidekick/0.13.1/revisions/default/r001/variant-revision.yaml,recipes/falcosecurity/falcosidekick/0.13.1/source-lock.yaml,https://falcosecurity.github.io/charts,,https://github.com/confighub/helm-expt/tree/main/recipes/falcosecurity/falcosidekick/0.13.1,https://github.com/confighub/helm-expt/blob/main/recipes/falcosecurity/falcosidekick/0.13.1/CATALOG.md,https://github.com/confighub/helm-expt/tree/main/packages/falcosecurity/falcosidekick/0.13.1/bases/default
fluent/fluent-bit,0.57.6,default,next80-proof-grade,needs-useful-variant,tpl;capabilities;hooks;cluster-rbac,,local-kubernetes-live,add at least one user-shaped variant before catalog promotion,1,observed,,yes,yes,yes,yes,todo,todo,todo,todo,no,local-live,todo,,,,,,,recipes/fluent/fluent-bit/0.57.6,recipes/fluent/fluent-bit/0.57.6/CATALOG.md,recipes/fluent/fluent-bit/0.57.6/variants/default/variant.yaml,packages/fluent/fluent-bit/0.57.6/bases/default,recipes/fluent/fluent-bit/0.57.6/revisions/default/r001/variant-revision.yaml,recipes/fluent/fluent-bit/0.57.6/source-lock.yaml,https://fluent.github.io/helm-charts,,https://github.com/confighub/helm-expt/tree/main/recipes/fluent/fluent-bit/0.57.6,https://github.com/confighub/helm-expt/blob/main/recipes/fluent/fluent-bit/0.57.6/CATALOG.md,https://github.com/confighub/helm-expt/tree/main/packages/fluent/fluent-bit/0.57.6/bases/default
fluent/fluentd,0.5.3,default,next80-proof-grade,needs-useful-variant,tpl;capabilities;cluster-rbac;stateful-storage,,local-kubernetes-live,add at least one user-shaped variant before catalog promotion,,,,,yes,yes,yes,n/a,todo,todo,todo,no,local-live,todo,,,,,,,recipes/fluent/fluentd/0.5.3,recipes/fluent/fluentd/0.5.3/CATALOG.md,recipes/fluent/fluentd/0.5.3/variants/default/variant.yaml,packages/fluent/fluentd/0.5.3/bases/default,recipes/fluent/fluentd/0.5.3/revisions/default/r001/variant-revision.yaml,recipes/fluent/fluentd/0.5.3/source-lock.yaml,https://fluent.github.io/helm-charts,,https://github.com/confighub/helm-expt/tree/main/recipes/fluent/fluentd/0.5.3,https://github.com/confighub/helm-expt/blob/main/recipes/fluent/fluentd/0.5.3/CATALOG.md,https://github.com/confighub/helm-expt/tree/main/packages/fluent/fluentd/0.5.3/bases/default
gatekeeper/gatekeeper,3.22.2,default,next80-proof-grade,promote-after-review,capabilities;hooks;crds;cluster-rbac;webhooks,,two-cluster-kind-parity,run catalog promotion review,4,observed,,yes,yes,yes,yes,todo,todo,todo,yes,no,two-cluster-kind-parity,todo,,,,,,,recipes/gatekeeper/gatekeeper/3.22.2,recipes/gatekeeper/gatekeeper/3.22.2/CATALOG.md,recipes/gatekeeper/gatekeeper/3.22.2/variants/default/variant.yaml,packages/gatekeeper/gatekeeper/3.22.2/bases/default,recipes/gatekeeper/gatekeeper/3.22.2/revisions/default/r001/variant-revision.yaml,recipes/gatekeeper/gatekeeper/3.22.2/source-lock.yaml,https://open-policy-agent.github.io/gatekeeper/charts,,https://github.com/confighub/helm-expt/tree/main/recipes/gatekeeper/gatekeeper/3.22.2,https://github.com/confighub/helm-expt/blob/main/recipes/gatekeeper/gatekeeper/3.22.2/CATALOG.md,https://github.com/confighub/helm-expt/tree/main/packages/gatekeeper/gatekeeper/3.22.2/bases/default
gatekeeper/gatekeeper,3.22.2,no-crds,next80-proof-grade,promote-after-review,capabilities;hooks;crds;cluster-rbac;webhooks,,two-cluster-kind-parity,run catalog promotion review,4,observed,,yes,yes,yes,no,todo,todo,todo,todo,no,in-confighub,todo,,,,,,,recipes/gatekeeper/gatekeeper/3.22.2,recipes/gatekeeper/gatekeeper/3.22.2/CATALOG.md,recipes/gatekeeper/gatekeeper/3.22.2/variants/no-crds/variant.yaml,packages/gatekeeper/gatekeeper/3.22.2/bases/no-crds,recipes/gatekeeper/gatekeeper/3.22.2/revisions/no-crds/r001/variant-revision.yaml,recipes/gatekeeper/gatekeeper/3.22.2/source-lock.yaml,https://open-policy-agent.github.io/gatekeeper/charts,,https://github.com/confighub/helm-expt/tree/main/recipes/gatekeeper/gatekeeper/3.22.2,https://github.com/confighub/helm-expt/blob/main/recipes/gatekeeper/gatekeeper/3.22.2/CATALOG.md,https://github.com/confighub/helm-expt/tree/main/packages/gatekeeper/gatekeeper/3.22.2/bases/no-crds
gitlab/gitlab-runner,0.89.0,default,next80-proof-grade,needs-useful-variant,generated-facts;tpl;capabilities,,in-confighub-proof,add at least one user-shaped variant before catalog promotion,,,,,yes,yes,no,n/a,todo,todo,todo,no,in-confighub,todo,,,,,,,recipes/gitlab/gitlab-runner/0.89.0,recipes/gitlab/gitlab-runner/0.89.0/CATALOG.md,recipes/gitlab/gitlab-runner/0.89.0/variants/default/variant.yaml,packages/gitlab/gitlab-runner/0.89.0/bases/default,recipes/gitlab/gitlab-runner/0.89.0/revisions/default/r001/variant-revision.yaml,recipes/gitlab/gitlab-runner/0.89.0/source-lock.yaml,https://charts.gitlab.io,,https://github.com/confighub/helm-expt/tree/main/recipes/gitlab/gitlab-runner/0.89.0,https://github.com/confighub/helm-expt/blob/main/recipes/gitlab/gitlab-runner/0.89.0/CATALOG.md,https://github.com/confighub/helm-expt/tree/main/packages/gitlab/gitlab-runner/0.89.0/bases/default
grafana/alloy,1.8.2,default,next80-proof-grade,promote-after-review,tpl;capabilities;crds;cluster-rbac;stateful-storage,,two-cluster-kind-parity,run catalog promotion review,,,,,yes,yes,yes,todo,todo,todo,yes,no,two-cluster-kind-parity,todo,,,,,,,recipes/grafana/alloy/1.8.2,recipes/grafana/alloy/1.8.2/CATALOG.md,recipes/grafana/alloy/1.8.2/variants/default/variant.yaml,packages/grafana/alloy/1.8.2/bases/default,recipes/grafana/alloy/1.8.2/revisions/default/r001/variant-revision.yaml,recipes/grafana/alloy/1.8.2/source-lock.yaml,https://grafana.github.io/helm-charts,,https://github.com/confighub/helm-expt/tree/main/recipes/grafana/alloy/1.8.2,https://github.com/confighub/helm-expt/blob/main/recipes/grafana/alloy/1.8.2/CATALOG.md,https://github.com/confighub/helm-expt/tree/main/packages/grafana/alloy/1.8.2/bases/default
grafana/alloy,1.8.2,no-crds,next80-proof-grade,promote-after-review,tpl;capabilities;crds;cluster-rbac;stateful-storage,,two-cluster-kind-parity,run catalog promotion review,,,,,yes,yes,yes,todo,todo,todo,todo,no,local-live,todo,,,,,,,recipes/grafana/alloy/1.8.2,recipes/grafana/alloy/1.8.2/CATALOG.md,recipes/grafana/alloy/1.8.2/variants/no-crds/variant.yaml,packages/grafana/alloy/1.8.2/bases/no-crds,recipes/grafana/alloy/1.8.2/revisions/no-crds/r001/variant-revision.yaml,recipes/grafana/alloy/1.8.2/source-lock.yaml,https://grafana.github.io/helm-charts,,https://github.com/confighub/helm-expt/tree/main/recipes/grafana/alloy/1.8.2,https://github.com/confighub/helm-expt/blob/main/recipes/grafana/alloy/1.8.2/CATALOG.md,https://github.com/confighub/helm-expt/tree/main/packages/grafana/alloy/1.8.2/bases/no-crds
grafana/grafana,10.5.15,existing-secret-ingress,top20-catalog-supported,try-from-public-catalog,,,live-helm-vs-confighub-parity,resolve image digests for each affected variant before production OCI support,,,,,yes,yes,yes,n/a,yes,yes,yes,yes,live-parity,todo,,,,,,,recipes/grafana/grafana/10.5.15,recipes/grafana/grafana/10.5.15/CATALOG.md,recipes/grafana/grafana/10.5.15/variants/existing-secret-ingress/variant.yaml,packages/grafana/grafana/10.5.15/bases/existing-secret-ingress,recipes/grafana/grafana/10.5.15/revisions/existing-secret-ingress/r001/variant-revision.yaml,recipes/grafana/grafana/10.5.15/source-lock.yaml,https://grafana.github.io/helm-charts,,https://github.com/confighub/helm-expt/tree/main/recipes/grafana/grafana/10.5.15,https://github.com/confighub/helm-expt/blob/main/recipes/grafana/grafana/10.5.15/CATALOG.md,https://github.com/confighub/helm-expt/tree/main/packages/grafana/grafana/10.5.15/bases/existing-secret-ingress
grafana/grafana,10.5.15,generated-passwords,top20-catalog-supported,try-from-public-catalog,,,live-helm-vs-confighub-parity,resolve image digests for each affected variant before production OCI support,,,,,yes,yes,yes,n/a,yes,yes,yes,yes,live-parity,superseded,vanilla-kubernetes; namespace=grafana; delivery=confighub-oci; controller=argo-or-flux,,,,,,recipes/grafana/grafana/10.5.15,recipes/grafana/grafana/10.5.15/CATALOG.md,recipes/grafana/grafana/10.5.15/variants/generated-passwords/variant.yaml,packages/grafana/grafana/10.5.15/bases/generated-passwords,recipes/grafana/grafana/10.5.15/revisions/generated-passwords/r001/variant-revision.yaml,recipes/grafana/grafana/10.5.15/source-lock.yaml,https://grafana.github.io/helm-charts,,https://github.com/confighub/helm-expt/tree/main/recipes/grafana/grafana/10.5.15,https://github.com/confighub/helm-expt/blob/main/recipes/grafana/grafana/10.5.15/CATALOG.md,https://github.com/confighub/helm-expt/tree/main/packages/grafana/grafana/10.5.15/bases/generated-passwords
grafana/loki,7.0.0,simple-scalable-minio,top20-catalog-supported,try-from-public-catalog,lookup;generated-facts;tpl;capabilities;crds;cluster-rbac;webhooks;stateful-storage,,live-helm-vs-confighub-parity,image policy decision recorded for a target scope; create digest-pinned bases or overrides for stricter scopes,,,,,yes,yes,yes,todo,yes,yes,yes,yes,live-parity,todo,,,,,,,recipes/grafana/loki/7.0.0,recipes/grafana/loki/7.0.0/CATALOG.md,recipes/grafana/loki/7.0.0/variants/simple-scalable-minio/variant.yaml,packages/grafana/loki/7.0.0/bases/simple-scalable-minio,recipes/grafana/loki/7.0.0/revisions/simple-scalable-minio/r001/variant-revision.yaml,recipes/grafana/loki/7.0.0/source-lock.yaml,https://grafana.github.io/helm-charts,,https://github.com/confighub/helm-expt/tree/main/recipes/grafana/loki/7.0.0,https://github.com/confighub/helm-expt/blob/main/recipes/grafana/loki/7.0.0/CATALOG.md,https://github.com/confighub/helm-expt/tree/main/packages/grafana/loki/7.0.0/bases/simple-scalable-minio
grafana/loki,7.0.0,single-binary-filesystem,top20-catalog-supported,try-from-public-catalog,lookup;generated-facts;tpl;capabilities;crds;cluster-rbac;webhooks;stateful-storage,,live-helm-vs-confighub-parity,image policy decision recorded for a target scope; create digest-pinned bases or overrides for stricter scopes,,,,,yes,yes,yes,todo,yes,yes,yes,yes,live-parity,yes,cub-lk-kind-vanilla; namespace=loki; delivery=confighub-oci; controller=argo,,,,,,recipes/grafana/loki/7.0.0,recipes/grafana/loki/7.0.0/CATALOG.md,recipes/grafana/loki/7.0.0/variants/single-binary-filesystem/variant.yaml,packages/grafana/loki/7.0.0/bases/single-binary-filesystem,recipes/grafana/loki/7.0.0/revisions/single-binary-filesystem/r001/variant-revision.yaml,recipes/grafana/loki/7.0.0/source-lock.yaml,https://grafana.github.io/helm-charts,,https://github.com/confighub/helm-expt/tree/main/recipes/grafana/loki/7.0.0,https://github.com/confighub/helm-expt/blob/main/recipes/grafana/loki/7.0.0/CATALOG.md,https://github.com/confighub/helm-expt/tree/main/packages/grafana/loki/7.0.0/bases/single-binary-filesystem
grafana/promtail,6.17.1,default,next80-proof-grade,needs-useful-variant,,,local-kubernetes-live,add at least one user-shaped variant before catalog promotion,,,,,yes,yes,yes,n/a,todo,todo,todo,no,local-live,todo,,,,,,,recipes/grafana/promtail/6.17.1,recipes/grafana/promtail/6.17.1/CATALOG.md,recipes/grafana/promtail/6.17.1/variants/default/variant.yaml,packages/grafana/promtail/6.17.1/bases/default,recipes/grafana/promtail/6.17.1/revisions/default/r001/variant-revision.yaml,recipes/grafana/promtail/6.17.1/source-lock.yaml,https://grafana.github.io/helm-charts,,https://github.com/confighub/helm-expt/tree/main/recipes/grafana/promtail/6.17.1,https://github.com/confighub/helm-expt/blob/main/recipes/grafana/promtail/6.17.1/CATALOG.md,https://github.com/confighub/helm-expt/tree/main/packages/grafana/promtail/6.17.1/bases/default
grafana/pyroscope,2.0.2,default,next80-proof-grade,limitation-decision-first,lookup;generated-facts;tpl;capabilities;crds;cluster-rbac;stateful-storage,existing-secret (chart ships no Secret toggle),local-kubernetes-live,review limitation before promotion: existing-secret (chart ships no Secret toggle),,,,,yes,yes,yes,todo,todo,todo,todo,no,local-live,todo,,,,,,,recipes/grafana/pyroscope/2.0.2,recipes/grafana/pyroscope/2.0.2/CATALOG.md,recipes/grafana/pyroscope/2.0.2/variants/default/variant.yaml,packages/grafana/pyroscope/2.0.2/bases/default,recipes/grafana/pyroscope/2.0.2/revisions/default/r001/variant-revision.yaml,recipes/grafana/pyroscope/2.0.2/source-lock.yaml,https://grafana.github.io/helm-charts,,https://github.com/confighub/helm-expt/tree/main/recipes/grafana/pyroscope/2.0.2,https://github.com/confighub/helm-expt/blob/main/recipes/grafana/pyroscope/2.0.2/CATALOG.md,https://github.com/confighub/helm-expt/tree/main/packages/grafana/pyroscope/2.0.2/bases/default
grafana/pyroscope,2.0.2,ha,next80-proof-grade,limitation-decision-first,lookup;generated-facts;tpl;capabilities;crds;cluster-rbac;stateful-storage,existing-secret (chart ships no Secret toggle),local-kubernetes-live,review limitation before promotion: existing-secret (chart ships no Secret toggle),,,,,yes,yes,no,todo,todo,todo,todo,no,in-confighub,todo,,,,,,,recipes/grafana/pyroscope/2.0.2,recipes/grafana/pyroscope/2.0.2/CATALOG.md,recipes/grafana/pyroscope/2.0.2/variants/ha/variant.yaml,packages/grafana/pyroscope/2.0.2/bases/ha,recipes/grafana/pyroscope/2.0.2/revisions/ha/r001/variant-revision.yaml,recipes/grafana/pyroscope/2.0.2/source-lock.yaml,https://grafana.github.io/helm-charts,,https://github.com/confighub/helm-expt/tree/main/recipes/grafana/pyroscope/2.0.2,https://github.com/confighub/helm-expt/blob/main/recipes/grafana/pyroscope/2.0.2/CATALOG.md,https://github.com/confighub/helm-expt/tree/main/packages/grafana/pyroscope/2.0.2/bases/ha
grafana/pyroscope,2.0.2,no-crds,next80-proof-grade,limitation-decision-first,lookup;generated-facts;tpl;capabilities;crds;cluster-rbac;stateful-storage,existing-secret (chart ships no Secret toggle),local-kubernetes-live,review limitation before promotion: existing-secret (chart ships no Secret toggle),,,,,yes,yes,yes,todo,todo,todo,todo,no,local-live,todo,,,,,,,recipes/grafana/pyroscope/2.0.2,recipes/grafana/pyroscope/2.0.2/CATALOG.md,recipes/grafana/pyroscope/2.0.2/variants/no-crds/variant.yaml,packages/grafana/pyroscope/2.0.2/bases/no-crds,recipes/grafana/pyroscope/2.0.2/revisions/no-crds/r001/variant-revision.yaml,recipes/grafana/pyroscope/2.0.2/source-lock.yaml,https://grafana.github.io/helm-charts,,https://github.com/confighub/helm-expt/tree/main/recipes/grafana/pyroscope/2.0.2,https://github.com/confighub/helm-expt/blob/main/recipes/grafana/pyroscope/2.0.2/CATALOG.md,https://github.com/confighub/helm-expt/tree/main/packages/grafana/pyroscope/2.0.2/bases/no-crds
grafana/rollout-operator,0.49.0,default,next80-proof-grade,promote-after-review,,,local-kubernetes-live,run catalog promotion review,,,,,yes,yes,yes,n/a,todo,todo,todo,no,local-live,todo,,,,,,,recipes/grafana/rollout-operator/0.49.0,recipes/grafana/rollout-operator/0.49.0/CATALOG.md,recipes/grafana/rollout-operator/0.49.0/variants/default/variant.yaml,packages/grafana/rollout-operator/0.49.0/bases/default,recipes/grafana/rollout-operator/0.49.0/revisions/default/r001/variant-revision.yaml,recipes/grafana/rollout-operator/0.49.0/source-lock.yaml,https://grafana.github.io/helm-charts,,https://github.com/confighub/helm-expt/tree/main/recipes/grafana/rollout-operator/0.49.0,https://github.com/confighub/helm-expt/blob/main/recipes/grafana/rollout-operator/0.49.0/CATALOG.md,https://github.com/confighub/helm-expt/tree/main/packages/grafana/rollout-operator/0.49.0/bases/default
grafana/rollout-operator,0.49.0,no-crds,next80-proof-grade,promote-after-review,,,local-kubernetes-live,run catalog promotion review,,,,,yes,yes,no,n/a,todo,todo,todo,no,in-confighub,todo,,,,,,,recipes/grafana/rollout-operator/0.49.0,recipes/grafana/rollout-operator/0.49.0/CATALOG.md,recipes/grafana/rollout-operator/0.49.0/variants/no-crds/variant.yaml,packages/grafana/rollout-operator/0.49.0/bases/no-crds,recipes/grafana/rollout-operator/0.49.0/revisions/no-crds/r001/variant-revision.yaml,recipes/grafana/rollout-operator/0.49.0/source-lock.yaml,https://grafana.github.io/helm-charts,,https://github.com/confighub/helm-expt/tree/main/recipes/grafana/rollout-operator/0.49.0,https://github.com/confighub/helm-expt/blob/main/recipes/grafana/rollout-operator/0.49.0/CATALOG.md,https://github.com/confighub/helm-expt/tree/main/packages/grafana/rollout-operator/0.49.0/bases/no-crds
grafana/tempo,1.24.4,local-persistent,top20-catalog-supported,try-from-public-catalog,,ha (tempo single-binary chart; HA is the separate tempo-distributed chart),live-helm-vs-confighub-parity,resolve image digests for each affected variant before production OCI support,,,,,yes,yes,yes,n/a,yes,yes,yes,yes,live-parity,superseded,vanilla-kubernetes; namespace=tempo; delivery=confighub-oci; controller=argo-or-flux,,,,,,recipes/grafana/tempo/1.24.4,recipes/grafana/tempo/1.24.4/CATALOG.md,recipes/grafana/tempo/1.24.4/variants/local-persistent/variant.yaml,packages/grafana/tempo/1.24.4/bases/local-persistent,recipes/grafana/tempo/1.24.4/revisions/local-persistent/r001/variant-revision.yaml,recipes/grafana/tempo/1.24.4/source-lock.yaml,https://grafana.github.io/helm-charts,,https://github.com/confighub/helm-expt/tree/main/recipes/grafana/tempo/1.24.4,https://github.com/confighub/helm-expt/blob/main/recipes/grafana/tempo/1.24.4/CATALOG.md,https://github.com/confighub/helm-expt/tree/main/packages/grafana/tempo/1.24.4/bases/local-persistent
grafana/tempo,1.24.4,s3-query-observability,top20-catalog-supported,try-from-public-catalog,,ha (tempo single-binary chart; HA is the separate tempo-distributed chart),live-helm-vs-confighub-parity,resolve image digests for each affected variant before production OCI support,,,,,yes,yes,no,n/a,todo,todo,yes,no,two-cluster-kind-parity,todo,,,,,,,recipes/grafana/tempo/1.24.4,recipes/grafana/tempo/1.24.4/CATALOG.md,recipes/grafana/tempo/1.24.4/variants/s3-query-observability/variant.yaml,packages/grafana/tempo/1.24.4/bases/s3-query-observability,recipes/grafana/tempo/1.24.4/revisions/s3-query-observability/r001/variant-revision.yaml,recipes/grafana/tempo/1.24.4/source-lock.yaml,https://grafana.github.io/helm-charts,,https://github.com/confighub/helm-expt/tree/main/recipes/grafana/tempo/1.24.4,https://github.com/confighub/helm-expt/blob/main/recipes/grafana/tempo/1.24.4/CATALOG.md,https://github.com/confighub/helm-expt/tree/main/packages/grafana/tempo/1.24.4/bases/s3-query-observability
haproxytech/kubernetes-ingress,1.52.0,default,next80-proof-grade,needs-useful-variant,,,local-kubernetes-live,add at least one user-shaped variant before catalog promotion,,,,,yes,yes,yes,n/a,todo,todo,todo,no,local-live,todo,,,,,,,recipes/haproxytech/kubernetes-ingress/1.52.0,recipes/haproxytech/kubernetes-ingress/1.52.0/CATALOG.md,recipes/haproxytech/kubernetes-ingress/1.52.0/variants/default/variant.yaml,packages/haproxytech/kubernetes-ingress/1.52.0/bases/default,recipes/haproxytech/kubernetes-ingress/1.52.0/revisions/default/r001/variant-revision.yaml,recipes/haproxytech/kubernetes-ingress/1.52.0/source-lock.yaml,https://haproxytech.github.io/helm-charts,,https://github.com/confighub/helm-expt/tree/main/recipes/haproxytech/kubernetes-ingress/1.52.0,https://github.com/confighub/helm-expt/blob/main/recipes/haproxytech/kubernetes-ingress/1.52.0/CATALOG.md,https://github.com/confighub/helm-expt/tree/main/packages/haproxytech/kubernetes-ingress/1.52.0/bases/default
hashicorp/consul,2.0.0,default-control-plane,top20-catalog-supported,try-from-public-catalog,tpl;capabilities;cluster-rbac;webhooks;stateful-storage,ha (curated proof lane - bespoke teaching needed),live-helm-vs-confighub-parity,image policy decision recorded for a target scope; create digest-pinned bases or overrides for stricter scopes,,,,,yes,yes,yes,todo,yes,yes,yes,yes,live-parity,yes,cub-lk-kind-vanilla; namespace=consul; delivery=confighub-oci; controller=argo,,,,,,recipes/hashicorp/consul/2.0.0,recipes/hashicorp/consul/2.0.0/CATALOG.md,recipes/hashicorp/consul/2.0.0/variants/default-control-plane/variant.yaml,packages/hashicorp/consul/2.0.0/bases/default-control-plane,recipes/hashicorp/consul/2.0.0/revisions/default-control-plane/r001/variant-revision.yaml,recipes/hashicorp/consul/2.0.0/source-lock.yaml,https://helm.releases.hashicorp.com,,https://github.com/confighub/helm-expt/tree/main/recipes/hashicorp/consul/2.0.0,https://github.com/confighub/helm-expt/blob/main/recipes/hashicorp/consul/2.0.0/CATALOG.md,https://github.com/confighub/helm-expt/tree/main/packages/hashicorp/consul/2.0.0/bases/default-control-plane
hashicorp/consul,2.0.0,secure-mesh-existing-secrets,top20-catalog-supported,try-from-public-catalog,tpl;capabilities;cluster-rbac;webhooks;stateful-storage,ha (curated proof lane - bespoke teaching needed),live-helm-vs-confighub-parity,image policy decision recorded for a target scope; create digest-pinned bases or overrides for stricter scopes,,,,,yes,yes,no,todo,no,todo,yes,no,two-cluster-kind-parity,todo,,,,,,,recipes/hashicorp/consul/2.0.0,recipes/hashicorp/consul/2.0.0/CATALOG.md,recipes/hashicorp/consul/2.0.0/variants/secure-mesh-existing-secrets/variant.yaml,packages/hashicorp/consul/2.0.0/bases/secure-mesh-existing-secrets,recipes/hashicorp/consul/2.0.0/revisions/secure-mesh-existing-secrets/r001/variant-revision.yaml,recipes/hashicorp/consul/2.0.0/source-lock.yaml,https://helm.releases.hashicorp.com,,https://github.com/confighub/helm-expt/tree/main/recipes/hashicorp/consul/2.0.0,https://github.com/confighub/helm-expt/blob/main/recipes/hashicorp/consul/2.0.0/CATALOG.md,https://github.com/confighub/helm-expt/tree/main/packages/hashicorp/consul/2.0.0/bases/secure-mesh-existing-secrets
hashicorp/terraform,1.1.2,default,next80-proof-grade,promote-after-review,crds,,in-confighub-proof,run catalog promotion review,,,,,yes,yes,no,todo,todo,todo,todo,no,in-confighub,todo,,,,,,,recipes/hashicorp/terraform/1.1.2,recipes/hashicorp/terraform/1.1.2/CATALOG.md,recipes/hashicorp/terraform/1.1.2/variants/default/variant.yaml,packages/hashicorp/terraform/1.1.2/bases/default,recipes/hashicorp/terraform/1.1.2/revisions/default/r001/variant-revision.yaml,recipes/hashicorp/terraform/1.1.2/source-lock.yaml,https://helm.releases.hashicorp.com,,https://github.com/confighub/helm-expt/tree/main/recipes/hashicorp/terraform/1.1.2,https://github.com/confighub/helm-expt/blob/main/recipes/hashicorp/terraform/1.1.2/CATALOG.md,https://github.com/confighub/helm-expt/tree/main/packages/hashicorp/terraform/1.1.2/bases/default
hashicorp/terraform,1.1.2,no-crds,next80-proof-grade,promote-after-review,crds,,in-confighub-proof,run catalog promotion review,,,,,yes,yes,no,todo,todo,todo,todo,no,in-confighub,todo,,,,,,,recipes/hashicorp/terraform/1.1.2,recipes/hashicorp/terraform/1.1.2/CATALOG.md,recipes/hashicorp/terraform/1.1.2/variants/no-crds/variant.yaml,packages/hashicorp/terraform/1.1.2/bases/no-crds,recipes/hashicorp/terraform/1.1.2/revisions/no-crds/r001/variant-revision.yaml,recipes/hashicorp/terraform/1.1.2/source-lock.yaml,https://helm.releases.hashicorp.com,,https://github.com/confighub/helm-expt/tree/main/recipes/hashicorp/terraform/1.1.2,https://github.com/confighub/helm-expt/blob/main/recipes/hashicorp/terraform/1.1.2/CATALOG.md,https://github.com/confighub/helm-expt/tree/main/packages/hashicorp/terraform/1.1.2/bases/no-crds
hashicorp/vault,0.32.0,default,top20-catalog-supported,try-from-public-catalog,tpl;capabilities;cluster-rbac;webhooks;stateful-storage,,live-helm-vs-confighub-parity,resolve image digests for each affected variant before production OCI support,,,,,yes,yes,yes,todo,yes,yes,yes,yes,live-parity,todo,,,,,,,recipes/hashicorp/vault/0.32.0,recipes/hashicorp/vault/0.32.0/CATALOG.md,recipes/hashicorp/vault/0.32.0/variants/default/variant.yaml,packages/hashicorp/vault/0.32.0/bases/default,recipes/hashicorp/vault/0.32.0/revisions/default/r001/variant-revision.yaml,recipes/hashicorp/vault/0.32.0/source-lock.yaml,https://helm.releases.hashicorp.com,,https://github.com/confighub/helm-expt/tree/main/recipes/hashicorp/vault/0.32.0,https://github.com/confighub/helm-expt/blob/main/recipes/hashicorp/vault/0.32.0/CATALOG.md,https://github.com/confighub/helm-expt/tree/main/packages/hashicorp/vault/0.32.0/bases/default
hashicorp/vault,0.32.0,dev-mode,top20-catalog-supported,try-from-public-catalog,tpl;capabilities;cluster-rbac;webhooks;stateful-storage,,live-helm-vs-confighub-parity,resolve image digests for each affected variant before production OCI support,,,,,yes,yes,yes,todo,yes,yes,yes,yes,live-parity,no,vanilla-kubernetes; namespace=vault; delivery=confighub-oci; controller=argo-or-flux,,,,,,recipes/hashicorp/vault/0.32.0,recipes/hashicorp/vault/0.32.0/CATALOG.md,recipes/hashicorp/vault/0.32.0/variants/dev-mode/variant.yaml,packages/hashicorp/vault/0.32.0/bases/dev-mode,recipes/hashicorp/vault/0.32.0/revisions/dev-mode/r001/variant-revision.yaml,recipes/hashicorp/vault/0.32.0/source-lock.yaml,https://helm.releases.hashicorp.com,,https://github.com/confighub/helm-expt/tree/main/recipes/hashicorp/vault/0.32.0,https://github.com/confighub/helm-expt/blob/main/recipes/hashicorp/vault/0.32.0/CATALOG.md,https://github.com/confighub/helm-expt/tree/main/packages/hashicorp/vault/0.32.0/bases/dev-mode
hashicorp/vault,0.32.0,ha-raft-ui,top20-catalog-supported,try-from-public-catalog,tpl;capabilities;cluster-rbac;webhooks;stateful-storage,,live-helm-vs-confighub-parity,resolve image digests for each affected variant before production OCI support,,,,,yes,yes,no,todo,todo,todo,yes,no,two-cluster-kind-parity,todo,,,,,,,recipes/hashicorp/vault/0.32.0,recipes/hashicorp/vault/0.32.0/CATALOG.md,recipes/hashicorp/vault/0.32.0/variants/ha-raft-ui/variant.yaml,packages/hashicorp/vault/0.32.0/bases/ha-raft-ui,recipes/hashicorp/vault/0.32.0/revisions/ha-raft-ui/r001/variant-revision.yaml,recipes/hashicorp/vault/0.32.0/source-lock.yaml,https://helm.releases.hashicorp.com,,https://github.com/confighub/helm-expt/tree/main/recipes/hashicorp/vault/0.32.0,https://github.com/confighub/helm-expt/blob/main/recipes/hashicorp/vault/0.32.0/CATALOG.md,https://github.com/confighub/helm-expt/tree/main/packages/hashicorp/vault/0.32.0/bases/ha-raft-ui
ingress-nginx/ingress-nginx,4.15.1,default,top20-catalog-supported,try-from-public-catalog,tpl;capabilities;cluster-rbac;webhooks,,live-helm-vs-confighub-parity,"record the target-scoped lifecycle support decision, then refresh live/e2e evidence for that scope",,,,,yes,yes,yes,yes,yes,yes,yes,yes,live-parity,todo,,,,,,,recipes/ingress-nginx/ingress-nginx/4.15.1,recipes/ingress-nginx/ingress-nginx/4.15.1/CATALOG.md,recipes/ingress-nginx/ingress-nginx/4.15.1/variants/default/variant.yaml,packages/ingress-nginx/ingress-nginx/4.15.1/bases/default,recipes/ingress-nginx/ingress-nginx/4.15.1/revisions/default/r001/variant-revision.yaml,recipes/ingress-nginx/ingress-nginx/4.15.1/source-lock.yaml,https://kubernetes.github.io/ingress-nginx,,https://github.com/confighub/helm-expt/tree/main/recipes/ingress-nginx/ingress-nginx/4.15.1,https://github.com/confighub/helm-expt/blob/main/recipes/ingress-nginx/ingress-nginx/4.15.1/CATALOG.md,https://github.com/confighub/helm-expt/tree/main/packages/ingress-nginx/ingress-nginx/4.15.1/bases/default
ingress-nginx/ingress-nginx,4.15.1,admission-disabled,top20-catalog-supported,try-from-public-catalog,tpl;capabilities;cluster-rbac;webhooks,,live-helm-vs-confighub-parity,"record the target-scoped lifecycle support decision, then refresh live/e2e evidence for that scope",,,,,yes,yes,yes,todo,yes,yes,yes,yes,live-parity,todo,,,,,,,recipes/ingress-nginx/ingress-nginx/4.15.1,recipes/ingress-nginx/ingress-nginx/4.15.1/CATALOG.md,recipes/ingress-nginx/ingress-nginx/4.15.1/variants/admission-disabled/variant.yaml,packages/ingress-nginx/ingress-nginx/4.15.1/bases/admission-disabled,recipes/ingress-nginx/ingress-nginx/4.15.1/revisions/admission-disabled/r001/variant-revision.yaml,recipes/ingress-nginx/ingress-nginx/4.15.1/source-lock.yaml,https://kubernetes.github.io/ingress-nginx,,https://github.com/confighub/helm-expt/tree/main/recipes/ingress-nginx/ingress-nginx/4.15.1,https://github.com/confighub/helm-expt/blob/main/recipes/ingress-nginx/ingress-nginx/4.15.1/CATALOG.md,https://github.com/confighub/helm-expt/tree/main/packages/ingress-nginx/ingress-nginx/4.15.1/bases/admission-disabled
ingress-nginx/ingress-nginx,4.15.1,internal-clusterip,top20-catalog-supported,try-from-public-catalog,tpl;capabilities;cluster-rbac;webhooks,,live-helm-vs-confighub-parity,"record the target-scoped lifecycle support decision, then refresh live/e2e evidence for that scope",,,,,yes,yes,yes,todo,yes,yes,yes,yes,live-parity,yes,cub-lk-kind-vanilla; namespace=ingress-nginx; delivery=confighub-oci; controller=argo,,,,,,recipes/ingress-nginx/ingress-nginx/4.15.1,recipes/ingress-nginx/ingress-nginx/4.15.1/CATALOG.md,recipes/ingress-nginx/ingress-nginx/4.15.1/variants/internal-clusterip/variant.yaml,packages/ingress-nginx/ingress-nginx/4.15.1/bases/internal-clusterip,recipes/ingress-nginx/ingress-nginx/4.15.1/revisions/internal-clusterip/r001/variant-revision.yaml,recipes/ingress-nginx/ingress-nginx/4.15.1/source-lock.yaml,https://kubernetes.github.io/ingress-nginx,,https://github.com/confighub/helm-expt/tree/main/recipes/ingress-nginx/ingress-nginx/4.15.1,https://github.com/confighub/helm-expt/blob/main/recipes/ingress-nginx/ingress-nginx/4.15.1/CATALOG.md,https://github.com/confighub/helm-expt/tree/main/packages/ingress-nginx/ingress-nginx/4.15.1/bases/internal-clusterip
istio/gateway,1.30.0,default,next80-proof-grade,promote-after-review,,,in-confighub-proof,run catalog promotion review,,,,,yes,yes,no,n/a,todo,todo,todo,no,in-confighub,todo,,,,,,,recipes/istio/gateway/1.30.0,recipes/istio/gateway/1.30.0/CATALOG.md,recipes/istio/gateway/1.30.0/variants/default/variant.yaml,packages/istio/gateway/1.30.0/bases/default,recipes/istio/gateway/1.30.0/revisions/default/r001/variant-revision.yaml,recipes/istio/gateway/1.30.0/source-lock.yaml,https://istio-release.storage.googleapis.com/charts,,https://github.com/confighub/helm-expt/tree/main/recipes/istio/gateway/1.30.0,https://github.com/confighub/helm-expt/blob/main/recipes/istio/gateway/1.30.0/CATALOG.md,https://github.com/confighub/helm-expt/tree/main/packages/istio/gateway/1.30.0/bases/default
istio/gateway,1.30.0,controller-default-reviewed,next80-proof-grade,promote-after-review,,,in-confighub-proof,run catalog promotion review,,,,,yes,yes,no,n/a,todo,todo,todo,no,in-confighub,todo,,,,,,,recipes/istio/gateway/1.30.0,recipes/istio/gateway/1.30.0/CATALOG.md,recipes/istio/gateway/1.30.0/variants/controller-default-reviewed/variant.yaml,packages/istio/gateway/1.30.0/bases/controller-default-reviewed,recipes/istio/gateway/1.30.0/revisions/controller-default-reviewed/r001/variant-revision.yaml,recipes/istio/gateway/1.30.0/source-lock.yaml,https://istio-release.storage.googleapis.com/charts,,https://github.com/confighub/helm-expt/tree/main/recipes/istio/gateway/1.30.0,https://github.com/confighub/helm-expt/blob/main/recipes/istio/gateway/1.30.0/CATALOG.md,https://github.com/confighub/helm-expt/tree/main/packages/istio/gateway/1.30.0/bases/controller-default-reviewed
istio/istiod,1.30.0,default,next80-proof-grade,needs-useful-variant,,,in-confighub-proof,add at least one user-shaped variant before catalog promotion,,,,,yes,yes,no,n/a,todo,todo,todo,no,in-confighub,todo,,,,,,,recipes/istio/istiod/1.30.0,recipes/istio/istiod/1.30.0/CATALOG.md,recipes/istio/istiod/1.30.0/variants/default/variant.yaml,packages/istio/istiod/1.30.0/bases/default,recipes/istio/istiod/1.30.0/revisions/default/r001/variant-revision.yaml,recipes/istio/istiod/1.30.0/source-lock.yaml,https://istio-release.storage.googleapis.com/charts,,https://github.com/confighub/helm-expt/tree/main/recipes/istio/istiod/1.30.0,https://github.com/confighub/helm-expt/blob/main/recipes/istio/istiod/1.30.0/CATALOG.md,https://github.com/confighub/helm-expt/tree/main/packages/istio/istiod/1.30.0/bases/default
jaegertracing/jaeger,4.8.0,default,next80-proof-grade,needs-useful-variant,lookup;generated-facts;tpl;capabilities,existing-secret (chart ships no Secret toggle),local-kubernetes-live,add at least one user-shaped variant before catalog promotion,,,,,yes,yes,yes,n/a,todo,todo,todo,no,local-live,todo,,,,,,,recipes/jaegertracing/jaeger/4.8.0,recipes/jaegertracing/jaeger/4.8.0/CATALOG.md,recipes/jaegertracing/jaeger/4.8.0/variants/default/variant.yaml,packages/jaegertracing/jaeger/4.8.0/bases/default,recipes/jaegertracing/jaeger/4.8.0/revisions/default/r001/variant-revision.yaml,recipes/jaegertracing/jaeger/4.8.0/source-lock.yaml,https://jaegertracing.github.io/helm-charts,,https://github.com/confighub/helm-expt/tree/main/recipes/jaegertracing/jaeger/4.8.0,https://github.com/confighub/helm-expt/blob/main/recipes/jaegertracing/jaeger/4.8.0/CATALOG.md,https://github.com/confighub/helm-expt/tree/main/packages/jaegertracing/jaeger/4.8.0/bases/default
jaegertracing/jaeger-operator,2.57.0,default,next80-proof-grade,promote-after-review,crds;webhooks,,in-confighub-proof,run catalog promotion review,,,,,yes,yes,no,todo,todo,todo,todo,no,in-confighub,todo,,,,,,,recipes/jaegertracing/jaeger-operator/2.57.0,recipes/jaegertracing/jaeger-operator/2.57.0/CATALOG.md,recipes/jaegertracing/jaeger-operator/2.57.0/variants/default/variant.yaml,packages/jaegertracing/jaeger-operator/2.57.0/bases/default,recipes/jaegertracing/jaeger-operator/2.57.0/revisions/default/r001/variant-revision.yaml,recipes/jaegertracing/jaeger-operator/2.57.0/source-lock.yaml,https://jaegertracing.github.io/helm-charts,,https://github.com/confighub/helm-expt/tree/main/recipes/jaegertracing/jaeger-operator/2.57.0,https://github.com/confighub/helm-expt/blob/main/recipes/jaegertracing/jaeger-operator/2.57.0/CATALOG.md,https://github.com/confighub/helm-expt/tree/main/packages/jaegertracing/jaeger-operator/2.57.0/bases/default
jaegertracing/jaeger-operator,2.57.0,no-crds,next80-proof-grade,promote-after-review,crds;webhooks,,in-confighub-proof,run catalog promotion review,,,,,yes,yes,no,todo,todo,todo,todo,no,in-confighub,todo,,,,,,,recipes/jaegertracing/jaeger-operator/2.57.0,recipes/jaegertracing/jaeger-operator/2.57.0/CATALOG.md,recipes/jaegertracing/jaeger-operator/2.57.0/variants/no-crds/variant.yaml,packages/jaegertracing/jaeger-operator/2.57.0/bases/no-crds,recipes/jaegertracing/jaeger-operator/2.57.0/revisions/no-crds/r001/variant-revision.yaml,recipes/jaegertracing/jaeger-operator/2.57.0/source-lock.yaml,https://jaegertracing.github.io/helm-charts,,https://github.com/confighub/helm-expt/tree/main/recipes/jaegertracing/jaeger-operator/2.57.0,https://github.com/confighub/helm-expt/blob/main/recipes/jaegertracing/jaeger-operator/2.57.0/CATALOG.md,https://github.com/confighub/helm-expt/tree/main/packages/jaegertracing/jaeger-operator/2.57.0/bases/no-crds
jetstack/cert-manager,v1.20.2,default,top20-catalog-supported,try-from-public-catalog,,,live-helm-vs-confighub-parity,image policy decision recorded for a target scope; create digest-pinned bases or overrides for stricter scopes,,,,,yes,yes,yes,yes,yes,yes,yes,yes,live-parity,todo,,,,,,,recipes/jetstack/cert-manager/v1.20.2,recipes/jetstack/cert-manager/v1.20.2/CATALOG.md,recipes/jetstack/cert-manager/v1.20.2/variants/default/variant.yaml,packages/jetstack/cert-manager/v1.20.2/bases/default,recipes/jetstack/cert-manager/v1.20.2/revisions/default/r001/variant-revision.yaml,recipes/jetstack/cert-manager/v1.20.2/source-lock.yaml,https://charts.jetstack.io,,https://github.com/confighub/helm-expt/tree/main/recipes/jetstack/cert-manager/v1.20.2,https://github.com/confighub/helm-expt/blob/main/recipes/jetstack/cert-manager/v1.20.2/CATALOG.md,https://github.com/confighub/helm-expt/tree/main/packages/jetstack/cert-manager/v1.20.2/bases/default
jetstack/cert-manager,v1.20.2,crds-enabled,top20-catalog-supported,try-from-public-catalog,,,live-helm-vs-confighub-parity,image policy decision recorded for a target scope; create digest-pinned bases or overrides for stricter scopes,,,,,yes,yes,yes,yes,yes,yes,yes,yes,live-parity,yes,cub-lk-kind-vanilla; namespace=cert-manager; delivery=confighub-oci; controller=argo,,,,,,recipes/jetstack/cert-manager/v1.20.2,recipes/jetstack/cert-manager/v1.20.2/CATALOG.md,recipes/jetstack/cert-manager/v1.20.2/variants/crds-enabled/variant.yaml,packages/jetstack/cert-manager/v1.20.2/bases/crds-enabled,recipes/jetstack/cert-manager/v1.20.2/revisions/crds-enabled/r001/variant-revision.yaml,recipes/jetstack/cert-manager/v1.20.2/source-lock.yaml,https://charts.jetstack.io,,https://github.com/confighub/helm-expt/tree/main/recipes/jetstack/cert-manager/v1.20.2,https://github.com/confighub/helm-expt/blob/main/recipes/jetstack/cert-manager/v1.20.2/CATALOG.md,https://github.com/confighub/helm-expt/tree/main/packages/jetstack/cert-manager/v1.20.2/bases/crds-enabled
jetstack/cert-manager-csi-driver,v0.14.0,default,next80-proof-grade,needs-useful-variant,,,local-kubernetes-live,add at least one user-shaped variant before catalog promotion,,,,,yes,yes,yes,n/a,todo,todo,todo,no,local-live,todo,,,,,,,recipes/jetstack/cert-manager-csi-driver/v0.14.0,recipes/jetstack/cert-manager-csi-driver/v0.14.0/CATALOG.md,recipes/jetstack/cert-manager-csi-driver/v0.14.0/variants/default/variant.yaml,packages/jetstack/cert-manager-csi-driver/v0.14.0/bases/default,recipes/jetstack/cert-manager-csi-driver/v0.14.0/revisions/default/r001/variant-revision.yaml,recipes/jetstack/cert-manager-csi-driver/v0.14.0/source-lock.yaml,https://charts.jetstack.io,,https://github.com/confighub/helm-expt/tree/main/recipes/jetstack/cert-manager-csi-driver/v0.14.0,https://github.com/confighub/helm-expt/blob/main/recipes/jetstack/cert-manager-csi-driver/v0.14.0/CATALOG.md,https://github.com/confighub/helm-expt/tree/main/packages/jetstack/cert-manager-csi-driver/v0.14.0/bases/default
jetstack/trust-manager,v0.22.1,default,next80-proof-grade,promote-after-review,,,in-confighub-proof,run catalog promotion review,,,,,yes,yes,no,n/a,todo,todo,todo,no,in-confighub,todo,,,,,,,recipes/jetstack/trust-manager/v0.22.1,recipes/jetstack/trust-manager/v0.22.1/CATALOG.md,recipes/jetstack/trust-manager/v0.22.1/variants/default/variant.yaml,packages/jetstack/trust-manager/v0.22.1/bases/default,recipes/jetstack/trust-manager/v0.22.1/revisions/default/r001/variant-revision.yaml,recipes/jetstack/trust-manager/v0.22.1/source-lock.yaml,https://charts.jetstack.io,,https://github.com/confighub/helm-expt/tree/main/recipes/jetstack/trust-manager/v0.22.1,https://github.com/confighub/helm-expt/blob/main/recipes/jetstack/trust-manager/v0.22.1/CATALOG.md,https://github.com/confighub/helm-expt/tree/main/packages/jetstack/trust-manager/v0.22.1/bases/default
jetstack/trust-manager,v0.22.1,no-crds,next80-proof-grade,promote-after-review,,,in-confighub-proof,run catalog promotion review,,,,,yes,yes,no,n/a,todo,todo,todo,no,in-confighub,todo,,,,,,,recipes/jetstack/trust-manager/v0.22.1,recipes/jetstack/trust-manager/v0.22.1/CATALOG.md,recipes/jetstack/trust-manager/v0.22.1/variants/no-crds/variant.yaml,packages/jetstack/trust-manager/v0.22.1/bases/no-crds,recipes/jetstack/trust-manager/v0.22.1/revisions/no-crds/r001/variant-revision.yaml,recipes/jetstack/trust-manager/v0.22.1/source-lock.yaml,https://charts.jetstack.io,,https://github.com/confighub/helm-expt/tree/main/recipes/jetstack/trust-manager/v0.22.1,https://github.com/confighub/helm-expt/blob/main/recipes/jetstack/trust-manager/v0.22.1/CATALOG.md,https://github.com/confighub/helm-expt/tree/main/packages/jetstack/trust-manager/v0.22.1/bases/no-crds
kedacore/keda,2.19.0,default,next80-proof-grade,promote-after-review,tpl;capabilities;crds;cluster-rbac;webhooks,,live-helm-vs-confighub-parity,"run APIService promotion review: choose supported base, target scope, CRD ownership path, and evidence refresh rule using the committed aggregation receipt",,,,,yes,yes,yes,todo,yes,yes,yes,yes,live-parity,todo,,,,,,,recipes/kedacore/keda/2.19.0,recipes/kedacore/keda/2.19.0/CATALOG.md,recipes/kedacore/keda/2.19.0/variants/default/variant.yaml,packages/kedacore/keda/2.19.0/bases/default,recipes/kedacore/keda/2.19.0/revisions/default/r001/variant-revision.yaml,recipes/kedacore/keda/2.19.0/source-lock.yaml,https://kedacore.github.io/charts,,https://github.com/confighub/helm-expt/tree/main/recipes/kedacore/keda/2.19.0,https://github.com/confighub/helm-expt/blob/main/recipes/kedacore/keda/2.19.0/CATALOG.md,https://github.com/confighub/helm-expt/tree/main/packages/kedacore/keda/2.19.0/bases/default
kedacore/keda,2.19.0,no-crds,next80-proof-grade,promote-after-review,tpl;capabilities;crds;cluster-rbac;webhooks,,live-helm-vs-confighub-parity,"run APIService promotion review: choose supported base, target scope, CRD ownership path, and evidence refresh rule using the committed aggregation receipt",,,,,yes,yes,yes,todo,todo,todo,todo,no,local-live,todo,,,,,,,recipes/kedacore/keda/2.19.0,recipes/kedacore/keda/2.19.0/CATALOG.md,recipes/kedacore/keda/2.19.0/variants/no-crds/variant.yaml,packages/kedacore/keda/2.19.0/bases/no-crds,recipes/kedacore/keda/2.19.0/revisions/no-crds/r001/variant-revision.yaml,recipes/kedacore/keda/2.19.0/source-lock.yaml,https://kedacore.github.io/charts,,https://github.com/confighub/helm-expt/tree/main/recipes/kedacore/keda/2.19.0,https://github.com/confighub/helm-expt/blob/main/recipes/kedacore/keda/2.19.0/CATALOG.md,https://github.com/confighub/helm-expt/tree/main/packages/kedacore/keda/2.19.0/bases/no-crds
kyverno/kyverno,3.8.1,default,next80-proof-grade,limitation-decision-first,lookup;generated-facts;tpl;capabilities;hooks;crds;cluster-rbac;stateful-storage,existing-secret (chart ships no Secret toggle),local-kubernetes-live,review limitation before promotion: existing-secret (chart ships no Secret toggle),8,observed,,yes,yes,yes,yes,todo,todo,todo,todo,no,local-live,todo,,,,,,,recipes/kyverno/kyverno/3.8.1,recipes/kyverno/kyverno/3.8.1/CATALOG.md,recipes/kyverno/kyverno/3.8.1/variants/default/variant.yaml,packages/kyverno/kyverno/3.8.1/bases/default,recipes/kyverno/kyverno/3.8.1/revisions/default/r001/variant-revision.yaml,recipes/kyverno/kyverno/3.8.1/source-lock.yaml,https://kyverno.github.io/kyverno/,,https://github.com/confighub/helm-expt/tree/main/recipes/kyverno/kyverno/3.8.1,https://github.com/confighub/helm-expt/blob/main/recipes/kyverno/kyverno/3.8.1/CATALOG.md,https://github.com/confighub/helm-expt/tree/main/packages/kyverno/kyverno/3.8.1/bases/default
kyverno/kyverno,3.8.1,no-crds,next80-proof-grade,limitation-decision-first,lookup;generated-facts;tpl;capabilities;hooks;crds;cluster-rbac;stateful-storage,existing-secret (chart ships no Secret toggle),local-kubernetes-live,review limitation before promotion: existing-secret (chart ships no Secret toggle),8,observed,,yes,yes,yes,no,todo,todo,todo,todo,no,in-confighub,todo,,,,,,,recipes/kyverno/kyverno/3.8.1,recipes/kyverno/kyverno/3.8.1/CATALOG.md,recipes/kyverno/kyverno/3.8.1/variants/no-crds/variant.yaml,packages/kyverno/kyverno/3.8.1/bases/no-crds,recipes/kyverno/kyverno/3.8.1/revisions/no-crds/r001/variant-revision.yaml,recipes/kyverno/kyverno/3.8.1/source-lock.yaml,https://kyverno.github.io/kyverno/,,https://github.com/confighub/helm-expt/tree/main/recipes/kyverno/kyverno/3.8.1,https://github.com/confighub/helm-expt/blob/main/recipes/kyverno/kyverno/3.8.1/CATALOG.md,https://github.com/confighub/helm-expt/tree/main/packages/kyverno/kyverno/3.8.1/bases/no-crds
kyverno/kyverno-policies,3.8.0,default,next80-proof-grade,needs-useful-variant,lookup;tpl,,local-kubernetes-live,add at least one user-shaped variant before catalog promotion,,,,,yes,yes,yes,n/a,todo,todo,todo,no,local-live,todo,,,,,,,recipes/kyverno/kyverno-policies/3.8.0,recipes/kyverno/kyverno-policies/3.8.0/CATALOG.md,recipes/kyverno/kyverno-policies/3.8.0/variants/default/variant.yaml,packages/kyverno/kyverno-policies/3.8.0/bases/default,recipes/kyverno/kyverno-policies/3.8.0/revisions/default/r001/variant-revision.yaml,recipes/kyverno/kyverno-policies/3.8.0/source-lock.yaml,https://kyverno.github.io/kyverno/,,https://github.com/confighub/helm-expt/tree/main/recipes/kyverno/kyverno-policies/3.8.0,https://github.com/confighub/helm-expt/blob/main/recipes/kyverno/kyverno-policies/3.8.0/CATALOG.md,https://github.com/confighub/helm-expt/tree/main/packages/kyverno/kyverno-policies/3.8.0/bases/default
linkerd/linkerd-crds,1.8.0,default,next80-proof-grade,needs-useful-variant,,,local-kubernetes-live,add at least one user-shaped variant before catalog promotion,,,,,yes,yes,yes,n/a,todo,todo,todo,no,local-live,todo,,,,,,,recipes/linkerd/linkerd-crds/1.8.0,recipes/linkerd/linkerd-crds/1.8.0/CATALOG.md,recipes/linkerd/linkerd-crds/1.8.0/variants/default/variant.yaml,packages/linkerd/linkerd-crds/1.8.0/bases/default,recipes/linkerd/linkerd-crds/1.8.0/revisions/default/r001/variant-revision.yaml,recipes/linkerd/linkerd-crds/1.8.0/source-lock.yaml,https://helm.linkerd.io/stable,,https://github.com/confighub/helm-expt/tree/main/recipes/linkerd/linkerd-crds/1.8.0,https://github.com/confighub/helm-expt/blob/main/recipes/linkerd/linkerd-crds/1.8.0/CATALOG.md,https://github.com/confighub/helm-expt/tree/main/packages/linkerd/linkerd-crds/1.8.0/bases/default
longhorn/longhorn,1.11.2,default,top20-catalog-supported,try-from-public-catalog,generated-facts;tpl;cluster-rbac,,live-helm-vs-confighub-parity,"choose the supported production base, then record explicit security acceptance or create a hardened base before claiming production support",,,,,yes,yes,yes,n/a,yes,yes,yes,yes,live-parity,yes,cub-lk-kind-vanilla; namespace=longhorn-system; delivery=confighub-oci; controller=argo,,,,,,recipes/longhorn/longhorn/1.11.2,recipes/longhorn/longhorn/1.11.2/CATALOG.md,recipes/longhorn/longhorn/1.11.2/variants/default/variant.yaml,packages/longhorn/longhorn/1.11.2/bases/default,recipes/longhorn/longhorn/1.11.2/revisions/default/r001/variant-revision.yaml,recipes/longhorn/longhorn/1.11.2/source-lock.yaml,https://charts.longhorn.io,,https://github.com/confighub/helm-expt/tree/main/recipes/longhorn/longhorn/1.11.2,https://github.com/confighub/helm-expt/blob/main/recipes/longhorn/longhorn/1.11.2/CATALOG.md,https://github.com/confighub/helm-expt/tree/main/packages/longhorn/longhorn/1.11.2/bases/default
longhorn/longhorn,1.11.2,ui-ingress,top20-catalog-supported,try-from-public-catalog,generated-facts;tpl;cluster-rbac,,live-helm-vs-confighub-parity,"choose the supported production base, then record explicit security acceptance or create a hardened base before claiming production support",,,,,yes,yes,yes,n/a,yes,yes,yes,yes,live-parity,todo,,,,,,,recipes/longhorn/longhorn/1.11.2,recipes/longhorn/longhorn/1.11.2/CATALOG.md,recipes/longhorn/longhorn/1.11.2/variants/ui-ingress/variant.yaml,packages/longhorn/longhorn/1.11.2/bases/ui-ingress,recipes/longhorn/longhorn/1.11.2/revisions/ui-ingress/r001/variant-revision.yaml,recipes/longhorn/longhorn/1.11.2/source-lock.yaml,https://charts.longhorn.io,,https://github.com/confighub/helm-expt/tree/main/recipes/longhorn/longhorn/1.11.2,https://github.com/confighub/helm-expt/blob/main/recipes/longhorn/longhorn/1.11.2/CATALOG.md,https://github.com/confighub/helm-expt/tree/main/packages/longhorn/longhorn/1.11.2/bases/ui-ingress
metrics-server/metrics-server,3.13.0,default,top20-catalog-supported,try-from-public-catalog,lookup;generated-facts;capabilities;cluster-rbac,existing-secret (chart ships no Secret toggle),live-helm-vs-confighub-parity,image policy decision recorded for a target scope; create digest-pinned bases or overrides for stricter scopes,,,,,yes,yes,yes,n/a,yes,yes,yes,yes,live-parity,yes,cub-lk-kind-vanilla; namespace=kube-system; delivery=confighub-oci; controller=argo,,,,,,recipes/metrics-server/metrics-server/3.13.0,recipes/metrics-server/metrics-server/3.13.0/CATALOG.md,recipes/metrics-server/metrics-server/3.13.0/variants/default/variant.yaml,packages/metrics-server/metrics-server/3.13.0/bases/default,recipes/metrics-server/metrics-server/3.13.0/revisions/default/r001/variant-revision.yaml,recipes/metrics-server/metrics-server/3.13.0/source-lock.yaml,https://kubernetes-sigs.github.io/metrics-server/,,https://github.com/confighub/helm-expt/tree/main/recipes/metrics-server/metrics-server/3.13.0,https://github.com/confighub/helm-expt/blob/main/recipes/metrics-server/metrics-server/3.13.0/CATALOG.md,https://github.com/confighub/helm-expt/tree/main/packages/metrics-server/metrics-server/3.13.0/bases/default
metrics-server/metrics-server,3.13.0,external-tls-ca,top20-catalog-supported,try-from-public-catalog,lookup;generated-facts;capabilities;cluster-rbac,existing-secret (chart ships no Secret toggle),live-helm-vs-confighub-parity,image policy decision recorded for a target scope; create digest-pinned bases or overrides for stricter scopes,,,,,yes,yes,yes,n/a,yes,yes,yes,yes,live-parity,todo,,,,,,,recipes/metrics-server/metrics-server/3.13.0,recipes/metrics-server/metrics-server/3.13.0/CATALOG.md,recipes/metrics-server/metrics-server/3.13.0/variants/external-tls-ca/variant.yaml,packages/metrics-server/metrics-server/3.13.0/bases/external-tls-ca,recipes/metrics-server/metrics-server/3.13.0/revisions/external-tls-ca/r001/variant-revision.yaml,recipes/metrics-server/metrics-server/3.13.0/source-lock.yaml,https://kubernetes-sigs.github.io/metrics-server/,,https://github.com/confighub/helm-expt/tree/main/recipes/metrics-server/metrics-server/3.13.0,https://github.com/confighub/helm-expt/blob/main/recipes/metrics-server/metrics-server/3.13.0/CATALOG.md,https://github.com/confighub/helm-expt/tree/main/packages/metrics-server/metrics-server/3.13.0/bases/external-tls-ca
minio-operator/operator,7.1.1,default,next80-proof-grade,needs-useful-variant,cluster-rbac,no-crds (template-baked CRDs; no clean chart toggle yet),local-kubernetes-live,add at least one user-shaped variant before catalog promotion,,,,,yes,yes,yes,todo,todo,todo,todo,no,local-live,todo,,,,,,,recipes/minio-operator/operator/7.1.1,recipes/minio-operator/operator/7.1.1/CATALOG.md,recipes/minio-operator/operator/7.1.1/variants/default/variant.yaml,packages/minio-operator/operator/7.1.1/bases/default,recipes/minio-operator/operator/7.1.1/revisions/default/r001/variant-revision.yaml,recipes/minio-operator/operator/7.1.1/source-lock.yaml,https://operator.min.io,,https://github.com/confighub/helm-expt/tree/main/recipes/minio-operator/operator/7.1.1,https://github.com/confighub/helm-expt/blob/main/recipes/minio-operator/operator/7.1.1/CATALOG.md,https://github.com/confighub/helm-expt/tree/main/packages/minio-operator/operator/7.1.1/bases/default
minio-operator/tenant,7.1.1,default,next80-proof-grade,needs-useful-variant,,,local-kubernetes-live,add at least one user-shaped variant before catalog promotion,,,,,yes,yes,yes,n/a,todo,todo,todo,no,local-live,todo,,,,,,,recipes/minio-operator/tenant/7.1.1,recipes/minio-operator/tenant/7.1.1/CATALOG.md,recipes/minio-operator/tenant/7.1.1/variants/default/variant.yaml,packages/minio-operator/tenant/7.1.1/bases/default,recipes/minio-operator/tenant/7.1.1/revisions/default/r001/variant-revision.yaml,recipes/minio-operator/tenant/7.1.1/source-lock.yaml,https://operator.min.io,,https://github.com/confighub/helm-expt/tree/main/recipes/minio-operator/tenant/7.1.1,https://github.com/confighub/helm-expt/blob/main/recipes/minio-operator/tenant/7.1.1/CATALOG.md,https://github.com/confighub/helm-expt/tree/main/packages/minio-operator/tenant/7.1.1/bases/default
nats/nack,0.34.0,default,next80-proof-grade,promote-after-review,,,local-kubernetes-live,run catalog promotion review,,,,,yes,yes,yes,n/a,todo,todo,todo,no,local-live,todo,,,,,,,recipes/nats/nack/0.34.0,recipes/nats/nack/0.34.0/CATALOG.md,recipes/nats/nack/0.34.0/variants/default/variant.yaml,packages/nats/nack/0.34.0/bases/default,recipes/nats/nack/0.34.0/revisions/default/r001/variant-revision.yaml,recipes/nats/nack/0.34.0/source-lock.yaml,https://nats-io.github.io/k8s/helm/charts/,,https://github.com/confighub/helm-expt/tree/main/recipes/nats/nack/0.34.0,https://github.com/confighub/helm-expt/blob/main/recipes/nats/nack/0.34.0/CATALOG.md,https://github.com/confighub/helm-expt/tree/main/packages/nats/nack/0.34.0/bases/default
nats/nack,0.34.0,no-crds,next80-proof-grade,promote-after-review,,,local-kubernetes-live,run catalog promotion review,,,,,yes,yes,yes,n/a,todo,todo,todo,no,local-live,todo,,,,,,,recipes/nats/nack/0.34.0,recipes/nats/nack/0.34.0/CATALOG.md,recipes/nats/nack/0.34.0/variants/no-crds/variant.yaml,packages/nats/nack/0.34.0/bases/no-crds,recipes/nats/nack/0.34.0/revisions/no-crds/r001/variant-revision.yaml,recipes/nats/nack/0.34.0/source-lock.yaml,https://nats-io.github.io/k8s/helm/charts/,,https://github.com/confighub/helm-expt/tree/main/recipes/nats/nack/0.34.0,https://github.com/confighub/helm-expt/blob/main/recipes/nats/nack/0.34.0/CATALOG.md,https://github.com/confighub/helm-expt/tree/main/packages/nats/nack/0.34.0/bases/no-crds
nats/nats,2.14.0,default,next80-proof-grade,promote-after-review,tpl,,two-cluster-kind-parity,run catalog promotion review,,,,,yes,yes,yes,n/a,yes,yes,yes,yes,live-parity,todo,,,,,,,recipes/nats/nats/2.14.0,recipes/nats/nats/2.14.0/CATALOG.md,recipes/nats/nats/2.14.0/variants/default/variant.yaml,packages/nats/nats/2.14.0/bases/default,recipes/nats/nats/2.14.0/revisions/default/r001/variant-revision.yaml,recipes/nats/nats/2.14.0/source-lock.yaml,https://nats-io.github.io/k8s/helm/charts/,,https://github.com/confighub/helm-expt/tree/main/recipes/nats/nats/2.14.0,https://github.com/confighub/helm-expt/blob/main/recipes/nats/nats/2.14.0/CATALOG.md,https://github.com/confighub/helm-expt/tree/main/packages/nats/nats/2.14.0/bases/default
nats/nats,2.14.0,ha,next80-proof-grade,promote-after-review,tpl,,two-cluster-kind-parity,run catalog promotion review,,,,,yes,yes,yes,n/a,todo,todo,todo,no,local-live,todo,,,,,,,recipes/nats/nats/2.14.0,recipes/nats/nats/2.14.0/CATALOG.md,recipes/nats/nats/2.14.0/variants/ha/variant.yaml,packages/nats/nats/2.14.0/bases/ha,recipes/nats/nats/2.14.0/revisions/ha/r001/variant-revision.yaml,recipes/nats/nats/2.14.0/source-lock.yaml,https://nats-io.github.io/k8s/helm/charts/,,https://github.com/confighub/helm-expt/tree/main/recipes/nats/nats/2.14.0,https://github.com/confighub/helm-expt/blob/main/recipes/nats/nats/2.14.0/CATALOG.md,https://github.com/confighub/helm-expt/tree/main/packages/nats/nats/2.14.0/bases/ha
nats/surveyor,0.20.9,default,next80-proof-grade,promote-after-review,,,in-confighub-proof,run catalog promotion review,,,,,yes,yes,no,n/a,todo,todo,todo,no,in-confighub,todo,,,,,,,recipes/nats/surveyor/0.20.9,recipes/nats/surveyor/0.20.9/CATALOG.md,recipes/nats/surveyor/0.20.9/variants/default/variant.yaml,packages/nats/surveyor/0.20.9/bases/default,recipes/nats/surveyor/0.20.9/revisions/default/r001/variant-revision.yaml,recipes/nats/surveyor/0.20.9/source-lock.yaml,https://nats-io.github.io/k8s/helm/charts/,,https://github.com/confighub/helm-expt/tree/main/recipes/nats/surveyor/0.20.9,https://github.com/confighub/helm-expt/blob/main/recipes/nats/surveyor/0.20.9/CATALOG.md,https://github.com/confighub/helm-expt/tree/main/packages/nats/surveyor/0.20.9/bases/default
nats/surveyor,0.20.9,default-reviewed,next80-proof-grade,promote-after-review,,,in-confighub-proof,run catalog promotion review,,,,,yes,yes,no,n/a,todo,todo,todo,no,in-confighub,todo,,,,,,,recipes/nats/surveyor/0.20.9,recipes/nats/surveyor/0.20.9/CATALOG.md,recipes/nats/surveyor/0.20.9/variants/default-reviewed/variant.yaml,packages/nats/surveyor/0.20.9/bases/default-reviewed,recipes/nats/surveyor/0.20.9/revisions/default-reviewed/r001/variant-revision.yaml,recipes/nats/surveyor/0.20.9/source-lock.yaml,https://nats-io.github.io/k8s/helm/charts/,,https://github.com/confighub/helm-expt/tree/main/recipes/nats/surveyor/0.20.9,https://github.com/confighub/helm-expt/blob/main/recipes/nats/surveyor/0.20.9/CATALOG.md,https://github.com/confighub/helm-expt/tree/main/packages/nats/surveyor/0.20.9/bases/default-reviewed
nfs-subdir-external-provisioner/nfs-subdir-external-provisioner,4.0.18,default,next80-proof-grade,needs-useful-variant,capabilities;cluster-rbac;stateful-storage,,in-confighub-proof,add at least one user-shaped variant before catalog promotion,,,,,yes,yes,no,n/a,todo,todo,todo,no,in-confighub,todo,,,,,,,recipes/nfs-subdir-external-provisioner/nfs-subdir-external-provisioner/4.0.18,recipes/nfs-subdir-external-provisioner/nfs-subdir-external-provisioner/4.0.18/CATALOG.md,recipes/nfs-subdir-external-provisioner/nfs-subdir-external-provisioner/4.0.18/variants/default/variant.yaml,packages/nfs-subdir-external-provisioner/nfs-subdir-external-provisioner/4.0.18/bases/default,recipes/nfs-subdir-external-provisioner/nfs-subdir-external-provisioner/4.0.18/revisions/default/r001/variant-revision.yaml,recipes/nfs-subdir-external-provisioner/nfs-subdir-external-provisioner/4.0.18/source-lock.yaml,https://kubernetes-sigs.github.io/nfs-subdir-external-provisioner/,,https://github.com/confighub/helm-expt/tree/main/recipes/nfs-subdir-external-provisioner/nfs-subdir-external-provisioner/4.0.18,https://github.com/confighub/helm-expt/blob/main/recipes/nfs-subdir-external-provisioner/nfs-subdir-external-provisioner/4.0.18/CATALOG.md,https://github.com/confighub/helm-expt/tree/main/packages/nfs-subdir-external-provisioner/nfs-subdir-external-provisioner/4.0.18/bases/default
open-telemetry/opentelemetry-operator,0.114.0,default,next80-proof-grade,promote-after-review,,,two-cluster-kind-parity,run catalog promotion review,,,,,yes,yes,no,n/a,todo,todo,yes,no,two-cluster-kind-parity,todo,,,,,,,recipes/open-telemetry/opentelemetry-operator/0.114.0,recipes/open-telemetry/opentelemetry-operator/0.114.0/CATALOG.md,recipes/open-telemetry/opentelemetry-operator/0.114.0/variants/default/variant.yaml,packages/open-telemetry/opentelemetry-operator/0.114.0/bases/default,recipes/open-telemetry/opentelemetry-operator/0.114.0/revisions/default/r001/variant-revision.yaml,recipes/open-telemetry/opentelemetry-operator/0.114.0/source-lock.yaml,https://open-telemetry.github.io/opentelemetry-helm-charts,,https://github.com/confighub/helm-expt/tree/main/recipes/open-telemetry/opentelemetry-operator/0.114.0,https://github.com/confighub/helm-expt/blob/main/recipes/open-telemetry/opentelemetry-operator/0.114.0/CATALOG.md,https://github.com/confighub/helm-expt/tree/main/packages/open-telemetry/opentelemetry-operator/0.114.0/bases/default
open-telemetry/opentelemetry-operator,0.114.0,no-crds,next80-proof-grade,promote-after-review,,,two-cluster-kind-parity,run catalog promotion review,,,,,yes,yes,no,n/a,todo,todo,yes,no,two-cluster-kind-parity,todo,,,,,,,recipes/open-telemetry/opentelemetry-operator/0.114.0,recipes/open-telemetry/opentelemetry-operator/0.114.0/CATALOG.md,recipes/open-telemetry/opentelemetry-operator/0.114.0/variants/no-crds/variant.yaml,packages/open-telemetry/opentelemetry-operator/0.114.0/bases/no-crds,recipes/open-telemetry/opentelemetry-operator/0.114.0/revisions/no-crds/r001/variant-revision.yaml,recipes/open-telemetry/opentelemetry-operator/0.114.0/source-lock.yaml,https://open-telemetry.github.io/opentelemetry-helm-charts,,https://github.com/confighub/helm-expt/tree/main/recipes/open-telemetry/opentelemetry-operator/0.114.0,https://github.com/confighub/helm-expt/blob/main/recipes/open-telemetry/opentelemetry-operator/0.114.0/CATALOG.md,https://github.com/confighub/helm-expt/tree/main/packages/open-telemetry/opentelemetry-operator/0.114.0/bases/no-crds
opencost/opencost,2.5.21,default,next80-proof-grade,needs-useful-variant,tpl;capabilities;cluster-rbac;stateful-storage,,in-confighub-proof,add at least one user-shaped variant before catalog promotion,,,,,yes,yes,no,n/a,todo,todo,todo,no,in-confighub,todo,,,,,,,recipes/opencost/opencost/2.5.21,recipes/opencost/opencost/2.5.21/CATALOG.md,recipes/opencost/opencost/2.5.21/variants/default/variant.yaml,packages/opencost/opencost/2.5.21/bases/default,recipes/opencost/opencost/2.5.21/revisions/default/r001/variant-revision.yaml,recipes/opencost/opencost/2.5.21/source-lock.yaml,https://opencost.github.io/opencost-helm-chart,,https://github.com/confighub/helm-expt/tree/main/recipes/opencost/opencost/2.5.21,https://github.com/confighub/helm-expt/blob/main/recipes/opencost/opencost/2.5.21/CATALOG.md,https://github.com/confighub/helm-expt/tree/main/packages/opencost/opencost/2.5.21/bases/default
percona/pg-operator,3.0.0,default,next80-proof-grade,promote-after-review,,,two-cluster-kind-parity,run catalog promotion review,,,,,yes,yes,yes,n/a,todo,todo,yes,no,two-cluster-kind-parity,todo,,,,,,,recipes/percona/pg-operator/3.0.0,recipes/percona/pg-operator/3.0.0/CATALOG.md,recipes/percona/pg-operator/3.0.0/variants/default/variant.yaml,packages/percona/pg-operator/3.0.0/bases/default,recipes/percona/pg-operator/3.0.0/revisions/default/r001/variant-revision.yaml,recipes/percona/pg-operator/3.0.0/source-lock.yaml,https://percona.github.io/percona-helm-charts/,,https://github.com/confighub/helm-expt/tree/main/recipes/percona/pg-operator/3.0.0,https://github.com/confighub/helm-expt/blob/main/recipes/percona/pg-operator/3.0.0/CATALOG.md,https://github.com/confighub/helm-expt/tree/main/packages/percona/pg-operator/3.0.0/bases/default
percona/pg-operator,3.0.0,no-crds,next80-proof-grade,promote-after-review,,,two-cluster-kind-parity,run catalog promotion review,,,,,yes,yes,yes,n/a,todo,todo,todo,no,local-live,todo,,,,,,,recipes/percona/pg-operator/3.0.0,recipes/percona/pg-operator/3.0.0/CATALOG.md,recipes/percona/pg-operator/3.0.0/variants/no-crds/variant.yaml,packages/percona/pg-operator/3.0.0/bases/no-crds,recipes/percona/pg-operator/3.0.0/revisions/no-crds/r001/variant-revision.yaml,recipes/percona/pg-operator/3.0.0/source-lock.yaml,https://percona.github.io/percona-helm-charts/,,https://github.com/confighub/helm-expt/tree/main/recipes/percona/pg-operator/3.0.0,https://github.com/confighub/helm-expt/blob/main/recipes/percona/pg-operator/3.0.0/CATALOG.md,https://github.com/confighub/helm-expt/tree/main/packages/percona/pg-operator/3.0.0/bases/no-crds
percona/psmdb-operator,1.22.0,default,next80-proof-grade,promote-after-review,,,two-cluster-kind-parity,run catalog promotion review,,,,,yes,yes,yes,n/a,todo,todo,yes,no,two-cluster-kind-parity,todo,,,,,,,recipes/percona/psmdb-operator/1.22.0,recipes/percona/psmdb-operator/1.22.0/CATALOG.md,recipes/percona/psmdb-operator/1.22.0/variants/default/variant.yaml,packages/percona/psmdb-operator/1.22.0/bases/default,recipes/percona/psmdb-operator/1.22.0/revisions/default/r001/variant-revision.yaml,recipes/percona/psmdb-operator/1.22.0/source-lock.yaml,https://percona.github.io/percona-helm-charts/,,https://github.com/confighub/helm-expt/tree/main/recipes/percona/psmdb-operator/1.22.0,https://github.com/confighub/helm-expt/blob/main/recipes/percona/psmdb-operator/1.22.0/CATALOG.md,https://github.com/confighub/helm-expt/tree/main/packages/percona/psmdb-operator/1.22.0/bases/default
percona/psmdb-operator,1.22.0,no-crds,next80-proof-grade,promote-after-review,,,two-cluster-kind-parity,run catalog promotion review,,,,,yes,yes,yes,n/a,todo,todo,todo,no,local-live,todo,,,,,,,recipes/percona/psmdb-operator/1.22.0,recipes/percona/psmdb-operator/1.22.0/CATALOG.md,recipes/percona/psmdb-operator/1.22.0/variants/no-crds/variant.yaml,packages/percona/psmdb-operator/1.22.0/bases/no-crds,recipes/percona/psmdb-operator/1.22.0/revisions/no-crds/r001/variant-revision.yaml,recipes/percona/psmdb-operator/1.22.0/source-lock.yaml,https://percona.github.io/percona-helm-charts/,,https://github.com/confighub/helm-expt/tree/main/recipes/percona/psmdb-operator/1.22.0,https://github.com/confighub/helm-expt/blob/main/recipes/percona/psmdb-operator/1.22.0/CATALOG.md,https://github.com/confighub/helm-expt/tree/main/packages/percona/psmdb-operator/1.22.0/bases/no-crds
percona/pxc-operator,1.19.1,default,next80-proof-grade,promote-after-review,lookup;crds;cluster-rbac,,two-cluster-kind-parity,run catalog promotion review,,,,,yes,yes,yes,todo,todo,todo,yes,no,two-cluster-kind-parity,todo,,,,,,,recipes/percona/pxc-operator/1.19.1,recipes/percona/pxc-operator/1.19.1/CATALOG.md,recipes/percona/pxc-operator/1.19.1/variants/default/variant.yaml,packages/percona/pxc-operator/1.19.1/bases/default,recipes/percona/pxc-operator/1.19.1/revisions/default/r001/variant-revision.yaml,recipes/percona/pxc-operator/1.19.1/source-lock.yaml,https://percona.github.io/percona-helm-charts/,,https://github.com/confighub/helm-expt/tree/main/recipes/percona/pxc-operator/1.19.1,https://github.com/confighub/helm-expt/blob/main/recipes/percona/pxc-operator/1.19.1/CATALOG.md,https://github.com/confighub/helm-expt/tree/main/packages/percona/pxc-operator/1.19.1/bases/default
percona/pxc-operator,1.19.1,no-crds,next80-proof-grade,promote-after-review,lookup;crds;cluster-rbac,,two-cluster-kind-parity,run catalog promotion review,,,,,yes,yes,no,todo,todo,todo,todo,no,in-confighub,todo,,,,,,,recipes/percona/pxc-operator/1.19.1,recipes/percona/pxc-operator/1.19.1/CATALOG.md,recipes/percona/pxc-operator/1.19.1/variants/no-crds/variant.yaml,packages/percona/pxc-operator/1.19.1/bases/no-crds,recipes/percona/pxc-operator/1.19.1/revisions/no-crds/r001/variant-revision.yaml,recipes/percona/pxc-operator/1.19.1/source-lock.yaml,https://percona.github.io/percona-helm-charts/,,https://github.com/confighub/helm-expt/tree/main/recipes/percona/pxc-operator/1.19.1,https://github.com/confighub/helm-expt/blob/main/recipes/percona/pxc-operator/1.19.1/CATALOG.md,https://github.com/confighub/helm-expt/tree/main/packages/percona/pxc-operator/1.19.1/bases/no-crds
projectcalico/tigera-operator,v3.32.0,default,next80-proof-grade,needs-useful-variant,lookup;hooks;cluster-rbac,,in-confighub-proof,add at least one user-shaped variant before catalog promotion,1,observed,,yes,yes,yes,no,todo,todo,todo,todo,no,in-confighub,todo,,,,,,,recipes/projectcalico/tigera-operator/v3.32.0,recipes/projectcalico/tigera-operator/v3.32.0/CATALOG.md,recipes/projectcalico/tigera-operator/v3.32.0/variants/default/variant.yaml,packages/projectcalico/tigera-operator/v3.32.0/bases/default,recipes/projectcalico/tigera-operator/v3.32.0/revisions/default/r001/variant-revision.yaml,recipes/projectcalico/tigera-operator/v3.32.0/source-lock.yaml,https://docs.tigera.io/calico/charts,,https://github.com/confighub/helm-expt/tree/main/recipes/projectcalico/tigera-operator/v3.32.0,https://github.com/confighub/helm-expt/blob/main/recipes/projectcalico/tigera-operator/v3.32.0/CATALOG.md,https://github.com/confighub/helm-expt/tree/main/packages/projectcalico/tigera-operator/v3.32.0/bases/default
prometheus-community/alertmanager,1.37.0,default,next80-proof-grade,promote-after-review,tpl;stateful-storage,,two-cluster-kind-parity,run catalog promotion review,,,,,yes,yes,yes,n/a,yes,yes,yes,yes,live-parity,todo,,,,,,,recipes/prometheus-community/alertmanager/1.37.0,recipes/prometheus-community/alertmanager/1.37.0/CATALOG.md,recipes/prometheus-community/alertmanager/1.37.0/variants/default/variant.yaml,packages/prometheus-community/alertmanager/1.37.0/bases/default,recipes/prometheus-community/alertmanager/1.37.0/revisions/default/r001/variant-revision.yaml,recipes/prometheus-community/alertmanager/1.37.0/source-lock.yaml,https://prometheus-community.github.io/helm-charts,,https://github.com/confighub/helm-expt/tree/main/recipes/prometheus-community/alertmanager/1.37.0,https://github.com/confighub/helm-expt/blob/main/recipes/prometheus-community/alertmanager/1.37.0/CATALOG.md,https://github.com/confighub/helm-expt/tree/main/packages/prometheus-community/alertmanager/1.37.0/bases/default
prometheus-community/alertmanager,1.37.0,ha,next80-proof-grade,promote-after-review,tpl;stateful-storage,,two-cluster-kind-parity,run catalog promotion review,,,,,yes,yes,yes,n/a,todo,todo,todo,no,local-live,todo,,,,,,,recipes/prometheus-community/alertmanager/1.37.0,recipes/prometheus-community/alertmanager/1.37.0/CATALOG.md,recipes/prometheus-community/alertmanager/1.37.0/variants/ha/variant.yaml,packages/prometheus-community/alertmanager/1.37.0/bases/ha,recipes/prometheus-community/alertmanager/1.37.0/revisions/ha/r001/variant-revision.yaml,recipes/prometheus-community/alertmanager/1.37.0/source-lock.yaml,https://prometheus-community.github.io/helm-charts,,https://github.com/confighub/helm-expt/tree/main/recipes/prometheus-community/alertmanager/1.37.0,https://github.com/confighub/helm-expt/blob/main/recipes/prometheus-community/alertmanager/1.37.0/CATALOG.md,https://github.com/confighub/helm-expt/tree/main/packages/prometheus-community/alertmanager/1.37.0/bases/ha
prometheus-community/kube-prometheus-stack,85.3.3,default,top20-catalog-supported,try-from-public-catalog,lookup;generated-facts;tpl;capabilities;hooks;crds;cluster-rbac;webhooks;stateful-storage,existing-secret (chart ships no Secret toggle),live-helm-vs-confighub-parity,"choose the supported production base, then record explicit security acceptance or create a hardened base before claiming production support",2,observed,,yes,yes,yes,yes,todo,yes,yes,yes,yes,live-parity,yes,cub-lk-kind-vanilla; namespace=monitoring; delivery=confighub-oci; controller=argo,,,,,,recipes/prometheus-community/kube-prometheus-stack/85.3.3,recipes/prometheus-community/kube-prometheus-stack/85.3.3/CATALOG.md,recipes/prometheus-community/kube-prometheus-stack/85.3.3/variants/default/variant.yaml,packages/prometheus-community/kube-prometheus-stack/85.3.3/bases/default,recipes/prometheus-community/kube-prometheus-stack/85.3.3/revisions/default/r001/variant-revision.yaml,recipes/prometheus-community/kube-prometheus-stack/85.3.3/source-lock.yaml,https://prometheus-community.github.io/helm-charts,,https://github.com/confighub/helm-expt/tree/main/recipes/prometheus-community/kube-prometheus-stack/85.3.3,https://github.com/confighub/helm-expt/blob/main/recipes/prometheus-community/kube-prometheus-stack/85.3.3/CATALOG.md,https://github.com/confighub/helm-expt/tree/main/packages/prometheus-community/kube-prometheus-stack/85.3.3/bases/default
prometheus-community/kube-prometheus-stack,85.3.3,no-crds,top20-catalog-supported,try-from-public-catalog,lookup;generated-facts;tpl;capabilities;hooks;crds;cluster-rbac;webhooks;stateful-storage,existing-secret (chart ships no Secret toggle),live-helm-vs-confighub-parity,"choose the supported production base, then record explicit security acceptance or create a hardened base before claiming production support",2,observed,,yes,yes,yes,yes,yes,yes,yes,yes,yes,live-parity,todo,,,,,,,recipes/prometheus-community/kube-prometheus-stack/85.3.3,recipes/prometheus-community/kube-prometheus-stack/85.3.3/CATALOG.md,recipes/prometheus-community/kube-prometheus-stack/85.3.3/variants/no-crds/variant.yaml,packages/prometheus-community/kube-prometheus-stack/85.3.3/bases/no-crds,recipes/prometheus-community/kube-prometheus-stack/85.3.3/revisions/no-crds/r001/variant-revision.yaml,recipes/prometheus-community/kube-prometheus-stack/85.3.3/source-lock.yaml,https://prometheus-community.github.io/helm-charts,,https://github.com/confighub/helm-expt/tree/main/recipes/prometheus-community/kube-prometheus-stack/85.3.3,https://github.com/confighub/helm-expt/blob/main/recipes/prometheus-community/kube-prometheus-stack/85.3.3/CATALOG.md,https://github.com/confighub/helm-expt/tree/main/packages/prometheus-community/kube-prometheus-stack/85.3.3/bases/no-crds
prometheus-community/kube-prometheus-stack,86.1.0,default,,,,,,,2,observed,85.3.0,yes,yes,todo,yes,yes,todo,todo,todo,no,local-live,todo,,,,,,,recipes/prometheus-community/kube-prometheus-stack/86.1.0,recipes/prometheus-community/kube-prometheus-stack/86.1.0/CATALOG.md,recipes/prometheus-community/kube-prometheus-stack/86.1.0/variants/default/variant.yaml,packages/prometheus-community/kube-prometheus-stack/86.1.0/bases/default,recipes/prometheus-community/kube-prometheus-stack/86.1.0/revisions/default/r001/variant-revision.yaml,recipes/prometheus-community/kube-prometheus-stack/86.1.0/source-lock.yaml,https://prometheus-community.github.io/helm-charts,,https://github.com/confighub/helm-expt/tree/main/recipes/prometheus-community/kube-prometheus-stack/86.1.0,https://github.com/confighub/helm-expt/blob/main/recipes/prometheus-community/kube-prometheus-stack/86.1.0/CATALOG.md,https://github.com/confighub/helm-expt/tree/main/packages/prometheus-community/kube-prometheus-stack/86.1.0/bases/default
prometheus-community/kube-prometheus-stack,86.1.0,no-crds,,,,,,,2,observed,85.3.0,yes,yes,todo,yes,yes,todo,todo,todo,no,local-live,todo,,,,,,,recipes/prometheus-community/kube-prometheus-stack/86.1.0,recipes/prometheus-community/kube-prometheus-stack/86.1.0/CATALOG.md,recipes/prometheus-community/kube-prometheus-stack/86.1.0/variants/no-crds/variant.yaml,packages/prometheus-community/kube-prometheus-stack/86.1.0/bases/no-crds,recipes/prometheus-community/kube-prometheus-stack/86.1.0/revisions/no-crds/r001/variant-revision.yaml,recipes/prometheus-community/kube-prometheus-stack/86.1.0/source-lock.yaml,https://prometheus-community.github.io/helm-charts,,https://github.com/confighub/helm-expt/tree/main/recipes/prometheus-community/kube-prometheus-stack/86.1.0,https://github.com/confighub/helm-expt/blob/main/recipes/prometheus-community/kube-prometheus-stack/86.1.0/CATALOG.md,https://github.com/confighub/helm-expt/tree/main/packages/prometheus-community/kube-prometheus-stack/86.1.0/bases/no-crds
prometheus-community/kube-state-metrics,7.4.0,default,next80-proof-grade,promote-after-review,generated-facts;tpl;capabilities;cluster-rbac;stateful-storage,,two-cluster-kind-parity,run catalog promotion review,,,,,yes,yes,yes,n/a,todo,todo,todo,no,local-live,todo,,,,,,,recipes/prometheus-community/kube-state-metrics/7.4.0,recipes/prometheus-community/kube-state-metrics/7.4.0/CATALOG.md,recipes/prometheus-community/kube-state-metrics/7.4.0/variants/default/variant.yaml,packages/prometheus-community/kube-state-metrics/7.4.0/bases/default,recipes/prometheus-community/kube-state-metrics/7.4.0/revisions/default/r001/variant-revision.yaml,recipes/prometheus-community/kube-state-metrics/7.4.0/source-lock.yaml,https://prometheus-community.github.io/helm-charts,,https://github.com/confighub/helm-expt/tree/main/recipes/prometheus-community/kube-state-metrics/7.4.0,https://github.com/confighub/helm-expt/blob/main/recipes/prometheus-community/kube-state-metrics/7.4.0/CATALOG.md,https://github.com/confighub/helm-expt/tree/main/packages/prometheus-community/kube-state-metrics/7.4.0/bases/default
prometheus-community/kube-state-metrics,7.4.0,cluster-metrics-readonly,next80-proof-grade,promote-after-review,generated-facts;tpl;capabilities;cluster-rbac;stateful-storage,,two-cluster-kind-parity,run catalog promotion review,,,,,yes,yes,yes,n/a,todo,todo,yes,no,two-cluster-kind-parity,todo,,,,,,,recipes/prometheus-community/kube-state-metrics/7.4.0,recipes/prometheus-community/kube-state-metrics/7.4.0/CATALOG.md,recipes/prometheus-community/kube-state-metrics/7.4.0/variants/cluster-metrics-readonly/variant.yaml,packages/prometheus-community/kube-state-metrics/7.4.0/bases/cluster-metrics-readonly,recipes/prometheus-community/kube-state-metrics/7.4.0/revisions/cluster-metrics-readonly/r001/variant-revision.yaml,recipes/prometheus-community/kube-state-metrics/7.4.0/source-lock.yaml,https://prometheus-community.github.io/helm-charts,,https://github.com/confighub/helm-expt/tree/main/recipes/prometheus-community/kube-state-metrics/7.4.0,https://github.com/confighub/helm-expt/blob/main/recipes/prometheus-community/kube-state-metrics/7.4.0/CATALOG.md,https://github.com/confighub/helm-expt/tree/main/packages/prometheus-community/kube-state-metrics/7.4.0/bases/cluster-metrics-readonly
prometheus-community/prometheus,29.8.0,default,top20-catalog-supported,try-from-public-catalog,generated-facts;tpl;capabilities;cluster-rbac;stateful-storage,ha (curated proof lane - bespoke teaching needed),live-helm-vs-confighub-parity,"choose the supported production base, then record explicit security acceptance or create a hardened base before claiming production support",,,,,yes,yes,yes,n/a,yes,yes,yes,yes,live-parity,todo,,,,,,,recipes/prometheus-community/prometheus/29.8.0,recipes/prometheus-community/prometheus/29.8.0/CATALOG.md,recipes/prometheus-community/prometheus/29.8.0/variants/default/variant.yaml,packages/prometheus-community/prometheus/29.8.0/bases/default,recipes/prometheus-community/prometheus/29.8.0/revisions/default/r001/variant-revision.yaml,recipes/prometheus-community/prometheus/29.8.0/source-lock.yaml,https://prometheus-community.github.io/helm-charts,,https://github.com/confighub/helm-expt/tree/main/recipes/prometheus-community/prometheus/29.8.0,https://github.com/confighub/helm-expt/blob/main/recipes/prometheus-community/prometheus/29.8.0/CATALOG.md,https://github.com/confighub/helm-expt/tree/main/packages/prometheus-community/prometheus/29.8.0/bases/default
prometheus-community/prometheus,29.8.0,server-only-ephemeral,top20-catalog-supported,try-from-public-catalog,generated-facts;tpl;capabilities;cluster-rbac;stateful-storage,ha (curated proof lane - bespoke teaching needed),live-helm-vs-confighub-parity,"choose the supported production base, then record explicit security acceptance or create a hardened base before claiming production support",,,,,yes,yes,yes,n/a,yes,yes,yes,yes,live-parity,yes,cub-lk-kind-vanilla; namespace=monitoring; delivery=confighub-oci; controller=argo,,,,,,recipes/prometheus-community/prometheus/29.8.0,recipes/prometheus-community/prometheus/29.8.0/CATALOG.md,recipes/prometheus-community/prometheus/29.8.0/variants/server-only-ephemeral/variant.yaml,packages/prometheus-community/prometheus/29.8.0/bases/server-only-ephemeral,recipes/prometheus-community/prometheus/29.8.0/revisions/server-only-ephemeral/r001/variant-revision.yaml,recipes/prometheus-community/prometheus/29.8.0/source-lock.yaml,https://prometheus-community.github.io/helm-charts,,https://github.com/confighub/helm-expt/tree/main/recipes/prometheus-community/prometheus/29.8.0,https://github.com/confighub/helm-expt/blob/main/recipes/prometheus-community/prometheus/29.8.0/CATALOG.md,https://github.com/confighub/helm-expt/tree/main/packages/prometheus-community/prometheus/29.8.0/bases/server-only-ephemeral
prometheus-community/prometheus,29.9.0,default,,,,,,,,,,,yes,todo,yes,n/a,todo,todo,todo,no,local-live,todo,,,,,,,recipes/prometheus-community/prometheus/29.9.0,recipes/prometheus-community/prometheus/29.9.0/CATALOG.md,recipes/prometheus-community/prometheus/29.9.0/variants/default/variant.yaml,packages/prometheus-community/prometheus/29.9.0/bases/default,recipes/prometheus-community/prometheus/29.9.0/revisions/default/r001/variant-revision.yaml,recipes/prometheus-community/prometheus/29.9.0/source-lock.yaml,https://prometheus-community.github.io/helm-charts,,https://github.com/confighub/helm-expt/tree/main/recipes/prometheus-community/prometheus/29.9.0,https://github.com/confighub/helm-expt/blob/main/recipes/prometheus-community/prometheus/29.9.0/CATALOG.md,https://github.com/confighub/helm-expt/tree/main/packages/prometheus-community/prometheus/29.9.0/bases/default
prometheus-community/prometheus,29.9.0,server-only-ephemeral,,,,,,,,,,,yes,todo,yes,n/a,todo,todo,todo,no,local-live,todo,,,,,,,recipes/prometheus-community/prometheus/29.9.0,recipes/prometheus-community/prometheus/29.9.0/CATALOG.md,recipes/prometheus-community/prometheus/29.9.0/variants/server-only-ephemeral/variant.yaml,packages/prometheus-community/prometheus/29.9.0/bases/server-only-ephemeral,recipes/prometheus-community/prometheus/29.9.0/revisions/server-only-ephemeral/r001/variant-revision.yaml,recipes/prometheus-community/prometheus/29.9.0/source-lock.yaml,https://prometheus-community.github.io/helm-charts,,https://github.com/confighub/helm-expt/tree/main/recipes/prometheus-community/prometheus/29.9.0,https://github.com/confighub/helm-expt/blob/main/recipes/prometheus-community/prometheus/29.9.0/CATALOG.md,https://github.com/confighub/helm-expt/tree/main/packages/prometheus-community/prometheus/29.9.0/bases/server-only-ephemeral
prometheus-community/prometheus-adapter,5.3.0,default,next80-proof-grade,limitation-decision-first,tpl;capabilities;cluster-rbac,,in-confighub-proof,Keep prometheus-community/prometheus-adapter@5.3.0 proof-grade for this target profile. Promote only after an upstream chart version or explicit compatibility base renders a target-supported APIService object and passes the APIService runtime contract.,,,,,yes,yes,no,todo,todo,todo,todo,no,in-confighub,todo,,,,,,,recipes/prometheus-community/prometheus-adapter/5.3.0,recipes/prometheus-community/prometheus-adapter/5.3.0/CATALOG.md,recipes/prometheus-community/prometheus-adapter/5.3.0/variants/default/variant.yaml,packages/prometheus-community/prometheus-adapter/5.3.0/bases/default,recipes/prometheus-community/prometheus-adapter/5.3.0/revisions/default/r001/variant-revision.yaml,recipes/prometheus-community/prometheus-adapter/5.3.0/source-lock.yaml,https://prometheus-community.github.io/helm-charts,,https://github.com/confighub/helm-expt/tree/main/recipes/prometheus-community/prometheus-adapter/5.3.0,https://github.com/confighub/helm-expt/blob/main/recipes/prometheus-community/prometheus-adapter/5.3.0/CATALOG.md,https://github.com/confighub/helm-expt/tree/main/packages/prometheus-community/prometheus-adapter/5.3.0/bases/default
prometheus-community/prometheus-adapter,5.3.0,cluster-metrics-readonly,next80-proof-grade,limitation-decision-first,tpl;capabilities;cluster-rbac,,in-confighub-proof,Keep prometheus-community/prometheus-adapter@5.3.0 proof-grade for this target profile. Promote only after an upstream chart version or explicit compatibility base renders a target-supported APIService object and passes the APIService runtime contract.,,,,,yes,todo,no,todo,todo,todo,todo,no,render-parity,todo,,,,,,,recipes/prometheus-community/prometheus-adapter/5.3.0,recipes/prometheus-community/prometheus-adapter/5.3.0/CATALOG.md,recipes/prometheus-community/prometheus-adapter/5.3.0/variants/cluster-metrics-readonly/variant.yaml,packages/prometheus-community/prometheus-adapter/5.3.0/bases/cluster-metrics-readonly,recipes/prometheus-community/prometheus-adapter/5.3.0/revisions/cluster-metrics-readonly/r001/variant-revision.yaml,recipes/prometheus-community/prometheus-adapter/5.3.0/source-lock.yaml,https://prometheus-community.github.io/helm-charts,,https://github.com/confighub/helm-expt/tree/main/recipes/prometheus-community/prometheus-adapter/5.3.0,https://github.com/confighub/helm-expt/blob/main/recipes/prometheus-community/prometheus-adapter/5.3.0/CATALOG.md,https://github.com/confighub/helm-expt/tree/main/packages/prometheus-community/prometheus-adapter/5.3.0/bases/cluster-metrics-readonly
prometheus-community/prometheus-blackbox-exporter,11.10.0,default,next80-proof-grade,promote-after-review,tpl;capabilities,,two-cluster-kind-parity,run catalog promotion review,,,,,yes,yes,yes,n/a,todo,todo,todo,no,local-live,todo,,,,,,,recipes/prometheus-community/prometheus-blackbox-exporter/11.10.0,recipes/prometheus-community/prometheus-blackbox-exporter/11.10.0/CATALOG.md,recipes/prometheus-community/prometheus-blackbox-exporter/11.10.0/variants/default/variant.yaml,packages/prometheus-community/prometheus-blackbox-exporter/11.10.0/bases/default,recipes/prometheus-community/prometheus-blackbox-exporter/11.10.0/revisions/default/r001/variant-revision.yaml,recipes/prometheus-community/prometheus-blackbox-exporter/11.10.0/source-lock.yaml,https://prometheus-community.github.io/helm-charts,,https://github.com/confighub/helm-expt/tree/main/recipes/prometheus-community/prometheus-blackbox-exporter/11.10.0,https://github.com/confighub/helm-expt/blob/main/recipes/prometheus-community/prometheus-blackbox-exporter/11.10.0/CATALOG.md,https://github.com/confighub/helm-expt/tree/main/packages/prometheus-community/prometheus-blackbox-exporter/11.10.0/bases/default
prometheus-community/prometheus-blackbox-exporter,11.10.0,cluster-metrics-readonly,next80-proof-grade,promote-after-review,tpl;capabilities,,two-cluster-kind-parity,run catalog promotion review,,,,,yes,yes,yes,n/a,todo,todo,yes,no,two-cluster-kind-parity,todo,,,,,,,recipes/prometheus-community/prometheus-blackbox-exporter/11.10.0,recipes/prometheus-community/prometheus-blackbox-exporter/11.10.0/CATALOG.md,recipes/prometheus-community/prometheus-blackbox-exporter/11.10.0/variants/cluster-metrics-readonly/variant.yaml,packages/prometheus-community/prometheus-blackbox-exporter/11.10.0/bases/cluster-metrics-readonly,recipes/prometheus-community/prometheus-blackbox-exporter/11.10.0/revisions/cluster-metrics-readonly/r001/variant-revision.yaml,recipes/prometheus-community/prometheus-blackbox-exporter/11.10.0/source-lock.yaml,https://prometheus-community.github.io/helm-charts,,https://github.com/confighub/helm-expt/tree/main/recipes/prometheus-community/prometheus-blackbox-exporter/11.10.0,https://github.com/confighub/helm-expt/blob/main/recipes/prometheus-community/prometheus-blackbox-exporter/11.10.0/CATALOG.md,https://github.com/confighub/helm-expt/tree/main/packages/prometheus-community/prometheus-blackbox-exporter/11.10.0/bases/cluster-metrics-readonly
prometheus-community/prometheus-node-exporter,4.55.0,default,next80-proof-grade,promote-after-review,generated-facts;tpl;capabilities;cluster-rbac,,two-cluster-kind-parity,run catalog promotion review,,,,,yes,yes,yes,n/a,todo,todo,todo,no,local-live,todo,,,,,,,recipes/prometheus-community/prometheus-node-exporter/4.55.0,recipes/prometheus-community/prometheus-node-exporter/4.55.0/CATALOG.md,recipes/prometheus-community/prometheus-node-exporter/4.55.0/variants/default/variant.yaml,packages/prometheus-community/prometheus-node-exporter/4.55.0/bases/default,recipes/prometheus-community/prometheus-node-exporter/4.55.0/revisions/default/r001/variant-revision.yaml,recipes/prometheus-community/prometheus-node-exporter/4.55.0/source-lock.yaml,https://prometheus-community.github.io/helm-charts,,https://github.com/confighub/helm-expt/tree/main/recipes/prometheus-community/prometheus-node-exporter/4.55.0,https://github.com/confighub/helm-expt/blob/main/recipes/prometheus-community/prometheus-node-exporter/4.55.0/CATALOG.md,https://github.com/confighub/helm-expt/tree/main/packages/prometheus-community/prometheus-node-exporter/4.55.0/bases/default
prometheus-community/prometheus-node-exporter,4.55.0,cluster-metrics-readonly,next80-proof-grade,promote-after-review,generated-facts;tpl;capabilities;cluster-rbac,,two-cluster-kind-parity,run catalog promotion review,,,,,yes,yes,yes,n/a,todo,todo,yes,no,two-cluster-kind-parity,todo,,,,,,,recipes/prometheus-community/prometheus-node-exporter/4.55.0,recipes/prometheus-community/prometheus-node-exporter/4.55.0/CATALOG.md,recipes/prometheus-community/prometheus-node-exporter/4.55.0/variants/cluster-metrics-readonly/variant.yaml,packages/prometheus-community/prometheus-node-exporter/4.55.0/bases/cluster-metrics-readonly,recipes/prometheus-community/prometheus-node-exporter/4.55.0/revisions/cluster-metrics-readonly/r001/variant-revision.yaml,recipes/prometheus-community/prometheus-node-exporter/4.55.0/source-lock.yaml,https://prometheus-community.github.io/helm-charts,,https://github.com/confighub/helm-expt/tree/main/recipes/prometheus-community/prometheus-node-exporter/4.55.0,https://github.com/confighub/helm-expt/blob/main/recipes/prometheus-community/prometheus-node-exporter/4.55.0/CATALOG.md,https://github.com/confighub/helm-expt/tree/main/packages/prometheus-community/prometheus-node-exporter/4.55.0/bases/cluster-metrics-readonly
prometheus-community/prometheus-operator-crds,29.0.0,default,next80-proof-grade,needs-useful-variant,generated-facts;crds,,local-kubernetes-live,add at least one user-shaped variant before catalog promotion,,,,,yes,todo,yes,todo,todo,todo,todo,no,local-live,todo,,,,,,,recipes/prometheus-community/prometheus-operator-crds/29.0.0,recipes/prometheus-community/prometheus-operator-crds/29.0.0/CATALOG.md,recipes/prometheus-community/prometheus-operator-crds/29.0.0/variants/default/variant.yaml,packages/prometheus-community/prometheus-operator-crds/29.0.0/bases/default,recipes/prometheus-community/prometheus-operator-crds/29.0.0/revisions/default/r001/variant-revision.yaml,recipes/prometheus-community/prometheus-operator-crds/29.0.0/source-lock.yaml,https://prometheus-community.github.io/helm-charts,,https://github.com/confighub/helm-expt/tree/main/recipes/prometheus-community/prometheus-operator-crds/29.0.0,https://github.com/confighub/helm-expt/blob/main/recipes/prometheus-community/prometheus-operator-crds/29.0.0/CATALOG.md,https://github.com/confighub/helm-expt/tree/main/packages/prometheus-community/prometheus-operator-crds/29.0.0/bases/default
prometheus-community/prometheus-pushgateway,3.6.0,default,next80-proof-grade,needs-useful-variant,tpl;stateful-storage,,local-kubernetes-live,add at least one user-shaped variant before catalog promotion,,,,,yes,todo,yes,n/a,todo,todo,todo,no,local-live,todo,,,,,,,recipes/prometheus-community/prometheus-pushgateway/3.6.0,recipes/prometheus-community/prometheus-pushgateway/3.6.0/CATALOG.md,recipes/prometheus-community/prometheus-pushgateway/3.6.0/variants/default/variant.yaml,packages/prometheus-community/prometheus-pushgateway/3.6.0/bases/default,recipes/prometheus-community/prometheus-pushgateway/3.6.0/revisions/default/r001/variant-revision.yaml,recipes/prometheus-community/prometheus-pushgateway/3.6.0/source-lock.yaml,https://prometheus-community.github.io/helm-charts,,https://github.com/confighub/helm-expt/tree/main/recipes/prometheus-community/prometheus-pushgateway/3.6.0,https://github.com/confighub/helm-expt/blob/main/recipes/prometheus-community/prometheus-pushgateway/3.6.0/CATALOG.md,https://github.com/confighub/helm-expt/tree/main/packages/prometheus-community/prometheus-pushgateway/3.6.0/bases/default
rook-release/rook-ceph,v1.19.5,default,next80-proof-grade,needs-useful-variant,,no-crds (template-baked CRDs; no clean chart toggle yet),local-kubernetes-live,add at least one user-shaped variant before catalog promotion,,,,,yes,yes,yes,todo,todo,todo,todo,no,local-live,todo,,,,,,,recipes/rook-release/rook-ceph/v1.19.5,recipes/rook-release/rook-ceph/v1.19.5/CATALOG.md,recipes/rook-release/rook-ceph/v1.19.5/variants/default/variant.yaml,packages/rook-release/rook-ceph/v1.19.5/bases/default,recipes/rook-release/rook-ceph/v1.19.5/revisions/default/r001/variant-revision.yaml,recipes/rook-release/rook-ceph/v1.19.5/source-lock.yaml,https://charts.rook.io/release,,https://github.com/confighub/helm-expt/tree/main/recipes/rook-release/rook-ceph/v1.19.5,https://github.com/confighub/helm-expt/blob/main/recipes/rook-release/rook-ceph/v1.19.5/CATALOG.md,https://github.com/confighub/helm-expt/tree/main/packages/rook-release/rook-ceph/v1.19.5/bases/default
rook-release/rook-ceph-cluster,v1.19.5,default,next80-proof-grade,needs-useful-variant,,,local-kubernetes-live,add at least one user-shaped variant before catalog promotion,,,,,yes,yes,yes,n/a,todo,todo,todo,no,local-live,todo,,,,,,,recipes/rook-release/rook-ceph-cluster/v1.19.5,recipes/rook-release/rook-ceph-cluster/v1.19.5/CATALOG.md,recipes/rook-release/rook-ceph-cluster/v1.19.5/variants/default/variant.yaml,packages/rook-release/rook-ceph-cluster/v1.19.5/bases/default,recipes/rook-release/rook-ceph-cluster/v1.19.5/revisions/default/r001/variant-revision.yaml,recipes/rook-release/rook-ceph-cluster/v1.19.5/source-lock.yaml,https://charts.rook.io/release,,https://github.com/confighub/helm-expt/tree/main/recipes/rook-release/rook-ceph-cluster/v1.19.5,https://github.com/confighub/helm-expt/blob/main/recipes/rook-release/rook-ceph-cluster/v1.19.5/CATALOG.md,https://github.com/confighub/helm-expt/tree/main/packages/rook-release/rook-ceph-cluster/v1.19.5/bases/default
runix/pgadmin4,1.62.0,default,next80-proof-grade,needs-useful-variant,tpl;capabilities;stateful-storage,,local-kubernetes-live,add at least one user-shaped variant before catalog promotion,,,,,yes,yes,yes,n/a,todo,todo,todo,no,local-live,todo,,,,,,,recipes/runix/pgadmin4/1.62.0,recipes/runix/pgadmin4/1.62.0/CATALOG.md,recipes/runix/pgadmin4/1.62.0/variants/default/variant.yaml,packages/runix/pgadmin4/1.62.0/bases/default,recipes/runix/pgadmin4/1.62.0/revisions/default/r001/variant-revision.yaml,recipes/runix/pgadmin4/1.62.0/source-lock.yaml,https://helm.runix.net,,https://github.com/confighub/helm-expt/tree/main/recipes/runix/pgadmin4/1.62.0,https://github.com/confighub/helm-expt/blob/main/recipes/runix/pgadmin4/1.62.0/CATALOG.md,https://github.com/confighub/helm-expt/tree/main/packages/runix/pgadmin4/1.62.0/bases/default
sealed-secrets/sealed-secrets,2.18.6,default,next80-proof-grade,promote-after-review,,,two-cluster-kind-parity,run catalog promotion review,,,,,yes,yes,yes,n/a,todo,todo,yes,no,two-cluster-kind-parity,todo,,,,,,,recipes/sealed-secrets/sealed-secrets/2.18.6,recipes/sealed-secrets/sealed-secrets/2.18.6/CATALOG.md,recipes/sealed-secrets/sealed-secrets/2.18.6/variants/default/variant.yaml,packages/sealed-secrets/sealed-secrets/2.18.6/bases/default,recipes/sealed-secrets/sealed-secrets/2.18.6/revisions/default/r001/variant-revision.yaml,recipes/sealed-secrets/sealed-secrets/2.18.6/source-lock.yaml,https://bitnami-labs.github.io/sealed-secrets,,https://github.com/confighub/helm-expt/tree/main/recipes/sealed-secrets/sealed-secrets/2.18.6,https://github.com/confighub/helm-expt/blob/main/recipes/sealed-secrets/sealed-secrets/2.18.6/CATALOG.md,https://github.com/confighub/helm-expt/tree/main/packages/sealed-secrets/sealed-secrets/2.18.6/bases/default
sealed-secrets/sealed-secrets,2.18.6,no-crds,next80-proof-grade,promote-after-review,,,two-cluster-kind-parity,run catalog promotion review,,,,,yes,yes,yes,n/a,todo,todo,todo,no,local-live,todo,,,,,,,recipes/sealed-secrets/sealed-secrets/2.18.6,recipes/sealed-secrets/sealed-secrets/2.18.6/CATALOG.md,recipes/sealed-secrets/sealed-secrets/2.18.6/variants/no-crds/variant.yaml,packages/sealed-secrets/sealed-secrets/2.18.6/bases/no-crds,recipes/sealed-secrets/sealed-secrets/2.18.6/revisions/no-crds/r001/variant-revision.yaml,recipes/sealed-secrets/sealed-secrets/2.18.6/source-lock.yaml,https://bitnami-labs.github.io/sealed-secrets,,https://github.com/confighub/helm-expt/tree/main/recipes/sealed-secrets/sealed-secrets/2.18.6,https://github.com/confighub/helm-expt/blob/main/recipes/sealed-secrets/sealed-secrets/2.18.6/CATALOG.md,https://github.com/confighub/helm-expt/tree/main/packages/sealed-secrets/sealed-secrets/2.18.6/bases/no-crds
secrets-store-csi-driver/secrets-store-csi-driver,1.6.0,default,top20-catalog-supported,try-from-public-catalog,,,live-helm-vs-confighub-parity,"choose the supported production base, then record explicit security acceptance or create a hardened base before claiming production support",,,,,yes,yes,yes,n/a,yes,yes,yes,yes,live-parity,yes,cub-lk-kind-vanilla; namespace=kube-system; delivery=confighub-oci; controller=argo,,,,,,recipes/secrets-store-csi-driver/secrets-store-csi-driver/1.6.0,recipes/secrets-store-csi-driver/secrets-store-csi-driver/1.6.0/CATALOG.md,recipes/secrets-store-csi-driver/secrets-store-csi-driver/1.6.0/variants/default/variant.yaml,packages/secrets-store-csi-driver/secrets-store-csi-driver/1.6.0/bases/default,recipes/secrets-store-csi-driver/secrets-store-csi-driver/1.6.0/revisions/default/r001/variant-revision.yaml,recipes/secrets-store-csi-driver/secrets-store-csi-driver/1.6.0/source-lock.yaml,https://kubernetes-sigs.github.io/secrets-store-csi-driver/charts,,https://github.com/confighub/helm-expt/tree/main/recipes/secrets-store-csi-driver/secrets-store-csi-driver/1.6.0,https://github.com/confighub/helm-expt/blob/main/recipes/secrets-store-csi-driver/secrets-store-csi-driver/1.6.0/CATALOG.md,https://github.com/confighub/helm-expt/tree/main/packages/secrets-store-csi-driver/secrets-store-csi-driver/1.6.0/bases/default
secrets-store-csi-driver/secrets-store-csi-driver,1.6.0,sync-secret-rotation,top20-catalog-supported,try-from-public-catalog,,,live-helm-vs-confighub-parity,"choose the supported production base, then record explicit security acceptance or create a hardened base before claiming production support",,,,,yes,yes,yes,n/a,yes,yes,yes,yes,live-parity,todo,,,,,,,recipes/secrets-store-csi-driver/secrets-store-csi-driver/1.6.0,recipes/secrets-store-csi-driver/secrets-store-csi-driver/1.6.0/CATALOG.md,recipes/secrets-store-csi-driver/secrets-store-csi-driver/1.6.0/variants/sync-secret-rotation/variant.yaml,packages/secrets-store-csi-driver/secrets-store-csi-driver/1.6.0/bases/sync-secret-rotation,recipes/secrets-store-csi-driver/secrets-store-csi-driver/1.6.0/revisions/sync-secret-rotation/r001/variant-revision.yaml,recipes/secrets-store-csi-driver/secrets-store-csi-driver/1.6.0/source-lock.yaml,https://kubernetes-sigs.github.io/secrets-store-csi-driver/charts,,https://github.com/confighub/helm-expt/tree/main/recipes/secrets-store-csi-driver/secrets-store-csi-driver/1.6.0,https://github.com/confighub/helm-expt/blob/main/recipes/secrets-store-csi-driver/secrets-store-csi-driver/1.6.0/CATALOG.md,https://github.com/confighub/helm-expt/tree/main/packages/secrets-store-csi-driver/secrets-store-csi-driver/1.6.0/bases/sync-secret-rotation
stakater/reloader,2.2.12,default,next80-proof-grade,promote-after-review,tpl;capabilities;cluster-rbac,,local-kubernetes-live,run catalog promotion review,,,,,yes,yes,yes,n/a,todo,todo,todo,no,local-live,todo,,,,,,,recipes/stakater/reloader/2.2.12,recipes/stakater/reloader/2.2.12/CATALOG.md,recipes/stakater/reloader/2.2.12/variants/default/variant.yaml,packages/stakater/reloader/2.2.12/bases/default,recipes/stakater/reloader/2.2.12/revisions/default/r001/variant-revision.yaml,recipes/stakater/reloader/2.2.12/source-lock.yaml,https://stakater.github.io/stakater-charts,,https://github.com/confighub/helm-expt/tree/main/recipes/stakater/reloader/2.2.12,https://github.com/confighub/helm-expt/blob/main/recipes/stakater/reloader/2.2.12/CATALOG.md,https://github.com/confighub/helm-expt/tree/main/packages/stakater/reloader/2.2.12/bases/default
stakater/reloader,2.2.12,controller-default-reviewed,next80-proof-grade,promote-after-review,tpl;capabilities;cluster-rbac,,local-kubernetes-live,run catalog promotion review,,,,,yes,yes,yes,n/a,todo,todo,todo,no,local-live,todo,,,,,,,recipes/stakater/reloader/2.2.12,recipes/stakater/reloader/2.2.12/CATALOG.md,recipes/stakater/reloader/2.2.12/variants/controller-default-reviewed/variant.yaml,packages/stakater/reloader/2.2.12/bases/controller-default-reviewed,recipes/stakater/reloader/2.2.12/revisions/controller-default-reviewed/r001/variant-revision.yaml,recipes/stakater/reloader/2.2.12/source-lock.yaml,https://stakater.github.io/stakater-charts,,https://github.com/confighub/helm-expt/tree/main/recipes/stakater/reloader/2.2.12,https://github.com/confighub/helm-expt/blob/main/recipes/stakater/reloader/2.2.12/CATALOG.md,https://github.com/confighub/helm-expt/tree/main/packages/stakater/reloader/2.2.12/bases/controller-default-reviewed
strimzi/strimzi-kafka-operator,1.0.0,default,next80-proof-grade,promote-after-review,tpl;capabilities;crds;cluster-rbac,,two-cluster-kind-parity,run catalog promotion review,,,,,yes,yes,yes,todo,todo,todo,yes,no,two-cluster-kind-parity,todo,,,,,,,recipes/strimzi/strimzi-kafka-operator/1.0.0,recipes/strimzi/strimzi-kafka-operator/1.0.0/CATALOG.md,recipes/strimzi/strimzi-kafka-operator/1.0.0/variants/default/variant.yaml,packages/strimzi/strimzi-kafka-operator/1.0.0/bases/default,recipes/strimzi/strimzi-kafka-operator/1.0.0/revisions/default/r001/variant-revision.yaml,recipes/strimzi/strimzi-kafka-operator/1.0.0/source-lock.yaml,https://strimzi.io/charts/,,https://github.com/confighub/helm-expt/tree/main/recipes/strimzi/strimzi-kafka-operator/1.0.0,https://github.com/confighub/helm-expt/blob/main/recipes/strimzi/strimzi-kafka-operator/1.0.0/CATALOG.md,https://github.com/confighub/helm-expt/tree/main/packages/strimzi/strimzi-kafka-operator/1.0.0/bases/default
strimzi/strimzi-kafka-operator,1.0.0,no-crds,next80-proof-grade,promote-after-review,tpl;capabilities;crds;cluster-rbac,,two-cluster-kind-parity,run catalog promotion review,,,,,yes,yes,no,todo,todo,todo,todo,no,in-confighub,todo,,,,,,,recipes/strimzi/strimzi-kafka-operator/1.0.0,recipes/strimzi/strimzi-kafka-operator/1.0.0/CATALOG.md,recipes/strimzi/strimzi-kafka-operator/1.0.0/variants/no-crds/variant.yaml,packages/strimzi/strimzi-kafka-operator/1.0.0/bases/no-crds,recipes/strimzi/strimzi-kafka-operator/1.0.0/revisions/no-crds/r001/variant-revision.yaml,recipes/strimzi/strimzi-kafka-operator/1.0.0/source-lock.yaml,https://strimzi.io/charts/,,https://github.com/confighub/helm-expt/tree/main/recipes/strimzi/strimzi-kafka-operator/1.0.0,https://github.com/confighub/helm-expt/blob/main/recipes/strimzi/strimzi-kafka-operator/1.0.0/CATALOG.md,https://github.com/confighub/helm-expt/tree/main/packages/strimzi/strimzi-kafka-operator/1.0.0/bases/no-crds
traefik/traefik,40.2.0,default,next80-proof-grade,limitation-decision-first,lookup;generated-facts;tpl;capabilities;crds;cluster-rbac;webhooks;stateful-storage,existing-secret (chart ships no Secret toggle),local-kubernetes-live,review limitation before promotion: existing-secret (chart ships no Secret toggle),,,,,yes,yes,yes,todo,todo,todo,todo,no,local-live,todo,,,,,,,recipes/traefik/traefik/40.2.0,recipes/traefik/traefik/40.2.0/CATALOG.md,recipes/traefik/traefik/40.2.0/variants/default/variant.yaml,packages/traefik/traefik/40.2.0/bases/default,recipes/traefik/traefik/40.2.0/revisions/default/r001/variant-revision.yaml,recipes/traefik/traefik/40.2.0/source-lock.yaml,https://traefik.github.io/charts,,https://github.com/confighub/helm-expt/tree/main/recipes/traefik/traefik/40.2.0,https://github.com/confighub/helm-expt/blob/main/recipes/traefik/traefik/40.2.0/CATALOG.md,https://github.com/confighub/helm-expt/tree/main/packages/traefik/traefik/40.2.0/bases/default
traefik/traefik,40.2.0,no-crds,next80-proof-grade,limitation-decision-first,lookup;generated-facts;tpl;capabilities;crds;cluster-rbac;webhooks;stateful-storage,existing-secret (chart ships no Secret toggle),local-kubernetes-live,review limitation before promotion: existing-secret (chart ships no Secret toggle),,,,,yes,yes,yes,todo,todo,todo,todo,no,local-live,todo,,,,,,,recipes/traefik/traefik/40.2.0,recipes/traefik/traefik/40.2.0/CATALOG.md,recipes/traefik/traefik/40.2.0/variants/no-crds/variant.yaml,packages/traefik/traefik/40.2.0/bases/no-crds,recipes/traefik/traefik/40.2.0/revisions/no-crds/r001/variant-revision.yaml,recipes/traefik/traefik/40.2.0/source-lock.yaml,https://traefik.github.io/charts,,https://github.com/confighub/helm-expt/tree/main/recipes/traefik/traefik/40.2.0,https://github.com/confighub/helm-expt/blob/main/recipes/traefik/traefik/40.2.0/CATALOG.md,https://github.com/confighub/helm-expt/tree/main/packages/traefik/traefik/40.2.0/bases/no-crds
velero/velero,12.0.1,default,next80-proof-grade,promote-after-review,,,in-confighub-proof,run catalog promotion review,,,,,yes,yes,no,n/a,todo,todo,todo,no,in-confighub,todo,,,,,,,recipes/velero/velero/12.0.1,recipes/velero/velero/12.0.1/CATALOG.md,recipes/velero/velero/12.0.1/variants/default/variant.yaml,packages/velero/velero/12.0.1/bases/default,recipes/velero/velero/12.0.1/revisions/default/r001/variant-revision.yaml,recipes/velero/velero/12.0.1/source-lock.yaml,https://vmware-tanzu.github.io/helm-charts,,https://github.com/confighub/helm-expt/tree/main/recipes/velero/velero/12.0.1,https://github.com/confighub/helm-expt/blob/main/recipes/velero/velero/12.0.1/CATALOG.md,https://github.com/confighub/helm-expt/tree/main/packages/velero/velero/12.0.1/bases/default
velero/velero,12.0.1,no-crds,next80-proof-grade,promote-after-review,,,in-confighub-proof,run catalog promotion review,,,,,yes,yes,no,n/a,todo,todo,todo,no,in-confighub,todo,,,,,,,recipes/velero/velero/12.0.1,recipes/velero/velero/12.0.1/CATALOG.md,recipes/velero/velero/12.0.1/variants/no-crds/variant.yaml,packages/velero/velero/12.0.1/bases/no-crds,recipes/velero/velero/12.0.1/revisions/no-crds/r001/variant-revision.yaml,recipes/velero/velero/12.0.1/source-lock.yaml,https://vmware-tanzu.github.io/helm-charts,,https://github.com/confighub/helm-expt/tree/main/recipes/velero/velero/12.0.1,https://github.com/confighub/helm-expt/blob/main/recipes/velero/velero/12.0.1/CATALOG.md,https://github.com/confighub/helm-expt/tree/main/packages/velero/velero/12.0.1/bases/no-crds
vm/victoria-logs-single,0.12.5,default,next80-proof-grade,needs-useful-variant,,,local-kubernetes-live,add at least one user-shaped variant before catalog promotion,,,,,yes,yes,yes,n/a,todo,todo,todo,no,local-live,todo,,,,,,,recipes/vm/victoria-logs-single/0.12.5,recipes/vm/victoria-logs-single/0.12.5/CATALOG.md,recipes/vm/victoria-logs-single/0.12.5/variants/default/variant.yaml,packages/vm/victoria-logs-single/0.12.5/bases/default,recipes/vm/victoria-logs-single/0.12.5/revisions/default/r001/variant-revision.yaml,recipes/vm/victoria-logs-single/0.12.5/source-lock.yaml,https://victoriametrics.github.io/helm-charts,,https://github.com/confighub/helm-expt/tree/main/recipes/vm/victoria-logs-single/0.12.5,https://github.com/confighub/helm-expt/blob/main/recipes/vm/victoria-logs-single/0.12.5/CATALOG.md,https://github.com/confighub/helm-expt/tree/main/packages/vm/victoria-logs-single/0.12.5/bases/default
vm/victoria-metrics-single,0.39.0,default,next80-proof-grade,promote-after-review,,,local-kubernetes-live,run catalog promotion review,,,,,yes,yes,yes,n/a,todo,todo,todo,no,local-live,todo,,,,,,,recipes/vm/victoria-metrics-single/0.39.0,recipes/vm/victoria-metrics-single/0.39.0/CATALOG.md,recipes/vm/victoria-metrics-single/0.39.0/variants/default/variant.yaml,packages/vm/victoria-metrics-single/0.39.0/bases/default,recipes/vm/victoria-metrics-single/0.39.0/revisions/default/r001/variant-revision.yaml,recipes/vm/victoria-metrics-single/0.39.0/source-lock.yaml,https://victoriametrics.github.io/helm-charts,,https://github.com/confighub/helm-expt/tree/main/recipes/vm/victoria-metrics-single/0.39.0,https://github.com/confighub/helm-expt/blob/main/recipes/vm/victoria-metrics-single/0.39.0/CATALOG.md,https://github.com/confighub/helm-expt/tree/main/packages/vm/victoria-metrics-single/0.39.0/bases/default
vm/victoria-metrics-single,0.39.0,default-reviewed,next80-proof-grade,promote-after-review,,,local-kubernetes-live,run catalog promotion review,,,,,yes,yes,yes,n/a,todo,todo,todo,no,local-live,todo,,,,,,,recipes/vm/victoria-metrics-single/0.39.0,recipes/vm/victoria-metrics-single/0.39.0/CATALOG.md,recipes/vm/victoria-metrics-single/0.39.0/variants/default-reviewed/variant.yaml,packages/vm/victoria-metrics-single/0.39.0/bases/default-reviewed,recipes/vm/victoria-metrics-single/0.39.0/revisions/default-reviewed/r001/variant-revision.yaml,recipes/vm/victoria-metrics-single/0.39.0/source-lock.yaml,https://victoriametrics.github.io/helm-charts,,https://github.com/confighub/helm-expt/tree/main/recipes/vm/victoria-metrics-single/0.39.0,https://github.com/confighub/helm-expt/blob/main/recipes/vm/victoria-metrics-single/0.39.0/CATALOG.md,https://github.com/confighub/helm-expt/tree/main/packages/vm/victoria-metrics-single/0.39.0/bases/default-reviewed
