[
  {
    "Space": {
      "CreatedAt": "2026-06-12T17:03:51.196638Z",
      "CursorID": 4655,
      "DisplayName": "helm-consul-secure-mesh-existing-secrets-confighub-proof",
      "EntityType": "Space",
      "Labels": {
        "Component": "Consul",
        "Environment": "Demo",
        "Layer": "App",
        "Owner": "ConfigHubHelm",
        "Variant": "secure-mesh-existing-secrets"
      },
      "OrganizationID": "12c33fa8-00b1-4011-ad3e-19d56458b29c",
      "Permissions": {
        "Manage": {
          "UserIDs": {
            "c5818f81-ae4b-4d17-987f-743f19bdb0ca": true
          }
        },
        "ManageChildren": {
          "UserIDs": {
            "c5818f81-ae4b-4d17-987f-743f19bdb0ca": true
          }
        }
      },
      "Slug": "helm-consul-secure-mesh-existing-secrets-confighub-proof",
      "SpaceID": "3bc78315-a575-43fb-a954-e43d48e97410",
      "UpdatedAt": "2026-06-12T17:03:51.703429Z",
      "Version": 2,
      "WhereTrigger": "SpaceID = '3bc78315-a575-43fb-a954-e43d48e97410'"
    },
    "Unit": {
      "ApprovedBy": null,
      "CreatedAt": "0001-01-01T00:00:00Z",
      "DataHash": "2353277943f0818105e75108608186ddf88c85183e450e4c4e05dc9edbded201",
      "EntityType": "Unit",
      "FromLinkID": null,
      "HeadRevisionNum": 2,
      "MutationSources": null,
      "OrganizationID": "12c33fa8-00b1-4011-ad3e-19d56458b29c",
      "Slug": "customresourcedefinition-meshservices-consul-hashicorp-com",
      "SpaceID": "3bc78315-a575-43fb-a954-e43d48e97410",
      "ToolchainType": "Kubernetes/YAML",
      "UnitID": "8b782688-706d-429f-9f43-3eadcb86e28d",
      "UpdatedAt": "0001-01-01T00:00:00Z",
      "Version": 6
    },
    "UnitStatus": {
      "Action": "N/A",
      "ActionResult": "None",
      "ActionStartedAt": "0001-01-01T00:00:00Z",
      "ActionTerminatedAt": "0001-01-01T00:00:00Z",
      "Drift": "N/A",
      "Status": "NotLive",
      "SyncStatus": "NotLive"
    }
  },
  {
    "Space": {
      "CreatedAt": "2026-06-12T17:03:51.196638Z",
      "CursorID": 4655,
      "DisplayName": "helm-consul-secure-mesh-existing-secrets-confighub-proof",
      "EntityType": "Space",
      "Labels": {
        "Component": "Consul",
        "Environment": "Demo",
        "Layer": "App",
        "Owner": "ConfigHubHelm",
        "Variant": "secure-mesh-existing-secrets"
      },
      "OrganizationID": "12c33fa8-00b1-4011-ad3e-19d56458b29c",
      "Permissions": {
        "Manage": {
          "UserIDs": {
            "c5818f81-ae4b-4d17-987f-743f19bdb0ca": true
          }
        },
        "ManageChildren": {
          "UserIDs": {
            "c5818f81-ae4b-4d17-987f-743f19bdb0ca": true
          }
        }
      },
      "Slug": "helm-consul-secure-mesh-existing-secrets-confighub-proof",
      "SpaceID": "3bc78315-a575-43fb-a954-e43d48e97410",
      "UpdatedAt": "2026-06-12T17:03:51.703429Z",
      "Version": 2,
      "WhereTrigger": "SpaceID = '3bc78315-a575-43fb-a954-e43d48e97410'"
    },
    "Unit": {
      "ApprovedBy": null,
      "CreatedAt": "0001-01-01T00:00:00Z",
      "DataHash": "4652331cdcdff678cc3382a887391d03f5c1a729ed5d4e9f65bcccdb839fbe3c",
      "EntityType": "Unit",
      "FromLinkID": null,
      "HeadRevisionNum": 2,
      "MutationSources": null,
      "OrganizationID": "12c33fa8-00b1-4011-ad3e-19d56458b29c",
      "Slug": "customresourcedefinition-proxydefaults-consul-hashicorp-com",
      "SpaceID": "3bc78315-a575-43fb-a954-e43d48e97410",
      "ToolchainType": "Kubernetes/YAML",
      "UnitID": "2dad80a6-cf7d-462e-8588-7ba86d221af4",
      "UpdatedAt": "0001-01-01T00:00:00Z",
      "Version": 6
    },
    "UnitStatus": {
      "Action": "N/A",
      "ActionResult": "None",
      "ActionStartedAt": "0001-01-01T00:00:00Z",
      "ActionTerminatedAt": "0001-01-01T00:00:00Z",
      "Drift": "N/A",
      "Status": "NotLive",
      "SyncStatus": "NotLive"
    }
  },
  {
    "Space": {
      "CreatedAt": "2026-06-12T17:03:51.196638Z",
      "CursorID": 4655,
      "DisplayName": "helm-consul-secure-mesh-existing-secrets-confighub-proof",
      "EntityType": "Space",
      "Labels": {
        "Component": "Consul",
        "Environment": "Demo",
        "Layer": "App",
        "Owner": "ConfigHubHelm",
        "Variant": "secure-mesh-existing-secrets"
      },
      "OrganizationID": "12c33fa8-00b1-4011-ad3e-19d56458b29c",
      "Permissions": {
        "Manage": {
          "UserIDs": {
            "c5818f81-ae4b-4d17-987f-743f19bdb0ca": true
          }
        },
        "ManageChildren": {
          "UserIDs": {
            "c5818f81-ae4b-4d17-987f-743f19bdb0ca": true
          }
        }
      },
      "Slug": "helm-consul-secure-mesh-existing-secrets-confighub-proof",
      "SpaceID": "3bc78315-a575-43fb-a954-e43d48e97410",
      "UpdatedAt": "2026-06-12T17:03:51.703429Z",
      "Version": 2,
      "WhereTrigger": "SpaceID = '3bc78315-a575-43fb-a954-e43d48e97410'"
    },
    "Unit": {
      "ApprovedBy": null,
      "CreatedAt": "0001-01-01T00:00:00Z",
      "DataHash": "0e8749061b33e1673181d97c5e591c908d058ea86966faef79c8d319d0527af9",
      "EntityType": "Unit",
      "FromLinkID": null,
      "HeadRevisionNum": 2,
      "MutationSources": null,
      "OrganizationID": "12c33fa8-00b1-4011-ad3e-19d56458b29c",
      "Slug": "customresourcedefinition-ratelimits-consul-hashicorp-com",
      "SpaceID": "3bc78315-a575-43fb-a954-e43d48e97410",
      "ToolchainType": "Kubernetes/YAML",
      "UnitID": "a12a643a-11d1-44b6-8f50-8eab91c3029d",
      "UpdatedAt": "0001-01-01T00:00:00Z",
      "Version": 6
    },
    "UnitStatus": {
      "Action": "N/A",
      "ActionResult": "None",
      "ActionStartedAt": "0001-01-01T00:00:00Z",
      "ActionTerminatedAt": "0001-01-01T00:00:00Z",
      "Drift": "N/A",
      "Status": "NotLive",
      "SyncStatus": "NotLive"
    }
  },
  {
    "Space": {
      "CreatedAt": "2026-06-12T17:03:51.196638Z",
      "CursorID": 4655,
      "DisplayName": "helm-consul-secure-mesh-existing-secrets-confighub-proof",
      "EntityType": "Space",
      "Labels": {
        "Component": "Consul",
        "Environment": "Demo",
        "Layer": "App",
        "Owner": "ConfigHubHelm",
        "Variant": "secure-mesh-existing-secrets"
      },
      "OrganizationID": "12c33fa8-00b1-4011-ad3e-19d56458b29c",
      "Permissions": {
        "Manage": {
          "UserIDs": {
            "c5818f81-ae4b-4d17-987f-743f19bdb0ca": true
          }
        },
        "ManageChildren": {
          "UserIDs": {
            "c5818f81-ae4b-4d17-987f-743f19bdb0ca": true
          }
        }
      },
      "Slug": "helm-consul-secure-mesh-existing-secrets-confighub-proof",
      "SpaceID": "3bc78315-a575-43fb-a954-e43d48e97410",
      "UpdatedAt": "2026-06-12T17:03:51.703429Z",
      "Version": 2,
      "WhereTrigger": "SpaceID = '3bc78315-a575-43fb-a954-e43d48e97410'"
    },
    "Unit": {
      "ApprovedBy": null,
      "CreatedAt": "0001-01-01T00:00:00Z",
      "DataHash": "420c5cb7be7ffc61b6286f3e4979236c76ba319dee6ca2de7fde4b34c3f1a39a",
      "EntityType": "Unit",
      "FromLinkID": null,
      "HeadRevisionNum": 2,
      "MutationSources": null,
      "OrganizationID": "12c33fa8-00b1-4011-ad3e-19d56458b29c",
      "Slug": "customresourcedefinition-referencegrants-gateway-networking-k8s-io",
      "SpaceID": "3bc78315-a575-43fb-a954-e43d48e97410",
      "ToolchainType": "Kubernetes/YAML",
      "UnitID": "b0bdf42b-a6cc-49e8-8177-bf4c5916746e",
      "UpdatedAt": "0001-01-01T00:00:00Z",
      "Version": 6
    },
    "UnitStatus": {
      "Action": "N/A",
      "ActionResult": "None",
      "ActionStartedAt": "0001-01-01T00:00:00Z",
      "ActionTerminatedAt": "0001-01-01T00:00:00Z",
      "Drift": "N/A",
      "Status": "NotLive",
      "SyncStatus": "NotLive"
    }
  },
  {
    "Space": {
      "CreatedAt": "2026-06-12T17:03:51.196638Z",
      "CursorID": 4655,
      "DisplayName": "helm-consul-secure-mesh-existing-secrets-confighub-proof",
      "EntityType": "Space",
      "Labels": {
        "Component": "Consul",
        "Environment": "Demo",
        "Layer": "App",
        "Owner": "ConfigHubHelm",
        "Variant": "secure-mesh-existing-secrets"
      },
      "OrganizationID": "12c33fa8-00b1-4011-ad3e-19d56458b29c",
      "Permissions": {
        "Manage": {
          "UserIDs": {
            "c5818f81-ae4b-4d17-987f-743f19bdb0ca": true
          }
        },
        "ManageChildren": {
          "UserIDs": {
            "c5818f81-ae4b-4d17-987f-743f19bdb0ca": true
          }
        }
      },
      "Slug": "helm-consul-secure-mesh-existing-secrets-confighub-proof",
      "SpaceID": "3bc78315-a575-43fb-a954-e43d48e97410",
      "UpdatedAt": "2026-06-12T17:03:51.703429Z",
      "Version": 2,
      "WhereTrigger": "SpaceID = '3bc78315-a575-43fb-a954-e43d48e97410'"
    },
    "Unit": {
      "ApprovedBy": null,
      "CreatedAt": "0001-01-01T00:00:00Z",
      "DataHash": "774374a52b71560baf34f65f3815da5a27ede40af8b8b8bd42275d261420e681",
      "EntityType": "Unit",
      "FromLinkID": null,
      "HeadRevisionNum": 2,
      "MutationSources": null,
      "OrganizationID": "12c33fa8-00b1-4011-ad3e-19d56458b29c",
      "Slug": "installer-record",
      "SpaceID": "3bc78315-a575-43fb-a954-e43d48e97410",
      "ToolchainType": "Kubernetes/YAML",
      "UnitID": "434472cc-a969-431c-b3ac-a11bf5f3d8c5",
      "UpdatedAt": "0001-01-01T00:00:00Z",
      "Version": 6
    },
    "UnitStatus": {
      "Action": "N/A",
      "ActionResult": "None",
      "ActionStartedAt": "0001-01-01T00:00:00Z",
      "ActionTerminatedAt": "0001-01-01T00:00:00Z",
      "Drift": "N/A",
      "Status": "NotLive",
      "SyncStatus": "NotLive"
    }
  },
  {
    "Space": {
      "CreatedAt": "2026-06-12T17:03:51.196638Z",
      "CursorID": 4655,
      "DisplayName": "helm-consul-secure-mesh-existing-secrets-confighub-proof",
      "EntityType": "Space",
      "Labels": {
        "Component": "Consul",
        "Environment": "Demo",
        "Layer": "App",
        "Owner": "ConfigHubHelm",
        "Variant": "secure-mesh-existing-secrets"
      },
      "OrganizationID": "12c33fa8-00b1-4011-ad3e-19d56458b29c",
      "Permissions": {
        "Manage": {
          "UserIDs": {
            "c5818f81-ae4b-4d17-987f-743f19bdb0ca": true
          }
        },
        "ManageChildren": {
          "UserIDs": {
            "c5818f81-ae4b-4d17-987f-743f19bdb0ca": true
          }
        }
      },
      "Slug": "helm-consul-secure-mesh-existing-secrets-confighub-proof",
      "SpaceID": "3bc78315-a575-43fb-a954-e43d48e97410",
      "UpdatedAt": "2026-06-12T17:03:51.703429Z",
      "Version": 2,
      "WhereTrigger": "SpaceID = '3bc78315-a575-43fb-a954-e43d48e97410'"
    },
    "Unit": {
      "ApprovedBy": null,
      "CreatedAt": "0001-01-01T00:00:00Z",
      "DataHash": "b6c73bb8ce87bbeb66a205b08687f01ad354422241b5f3fee5a99bf6d9585beb",
      "EntityType": "Unit",
      "FromLinkID": null,
      "HeadRevisionNum": 2,
      "MutationSources": null,
      "OrganizationID": "12c33fa8-00b1-4011-ad3e-19d56458b29c",
      "Slug": "service-consul-consul-consul-mesh-gateway",
      "SpaceID": "3bc78315-a575-43fb-a954-e43d48e97410",
      "ToolchainType": "Kubernetes/YAML",
      "UnitID": "2219d658-0257-40ab-a4c9-9df6d4393123",
      "UpdatedAt": "0001-01-01T00:00:00Z",
      "Version": 13
    },
    "UnitStatus": {
      "Action": "N/A",
      "ActionResult": "None",
      "ActionStartedAt": "0001-01-01T00:00:00Z",
      "ActionTerminatedAt": "0001-01-01T00:00:00Z",
      "Drift": "N/A",
      "Status": "NotLive",
      "SyncStatus": "NotLive"
    }
  },
  {
    "Space": {
      "CreatedAt": "2026-06-12T17:03:51.196638Z",
      "CursorID": 4655,
      "DisplayName": "helm-consul-secure-mesh-existing-secrets-confighub-proof",
      "EntityType": "Space",
      "Labels": {
        "Component": "Consul",
        "Environment": "Demo",
        "Layer": "App",
        "Owner": "ConfigHubHelm",
        "Variant": "secure-mesh-existing-secrets"
      },
      "OrganizationID": "12c33fa8-00b1-4011-ad3e-19d56458b29c",
      "Permissions": {
        "Manage": {
          "UserIDs": {
            "c5818f81-ae4b-4d17-987f-743f19bdb0ca": true
          }
        },
        "ManageChildren": {
          "UserIDs": {
            "c5818f81-ae4b-4d17-987f-743f19bdb0ca": true
          }
        }
      },
      "Slug": "helm-consul-secure-mesh-existing-secrets-confighub-proof",
      "SpaceID": "3bc78315-a575-43fb-a954-e43d48e97410",
      "UpdatedAt": "2026-06-12T17:03:51.703429Z",
      "Version": 2,
      "WhereTrigger": "SpaceID = '3bc78315-a575-43fb-a954-e43d48e97410'"
    },
    "Unit": {
      "ApprovedBy": null,
      "CreatedAt": "0001-01-01T00:00:00Z",
      "DataHash": "75eb57e86887bffce0af03981aeca2ce5dea38253251a22b6ffa9322050fc3f1",
      "EntityType": "Unit",
      "FromLinkID": null,
      "HeadRevisionNum": 2,
      "MutationSources": null,
      "OrganizationID": "12c33fa8-00b1-4011-ad3e-19d56458b29c",
      "Slug": "rolebinding-consul-consul-consul-connect-inject-leader-election",
      "SpaceID": "3bc78315-a575-43fb-a954-e43d48e97410",
      "ToolchainType": "Kubernetes/YAML",
      "UnitID": "b70374db-1d8d-47c4-898b-fc01e4797535",
      "UpdatedAt": "0001-01-01T00:00:00Z",
      "Version": 12
    },
    "UnitStatus": {
      "Action": "N/A",
      "ActionResult": "None",
      "ActionStartedAt": "0001-01-01T00:00:00Z",
      "ActionTerminatedAt": "0001-01-01T00:00:00Z",
      "Drift": "N/A",
      "Status": "NotLive",
      "SyncStatus": "NotLive"
    }
  },
  {
    "Space": {
      "CreatedAt": "2026-06-12T17:03:51.196638Z",
      "CursorID": 4655,
      "DisplayName": "helm-consul-secure-mesh-existing-secrets-confighub-proof",
      "EntityType": "Space",
      "Labels": {
        "Component": "Consul",
        "Environment": "Demo",
        "Layer": "App",
        "Owner": "ConfigHubHelm",
        "Variant": "secure-mesh-existing-secrets"
      },
      "OrganizationID": "12c33fa8-00b1-4011-ad3e-19d56458b29c",
      "Permissions": {
        "Manage": {
          "UserIDs": {
            "c5818f81-ae4b-4d17-987f-743f19bdb0ca": true
          }
        },
        "ManageChildren": {
          "UserIDs": {
            "c5818f81-ae4b-4d17-987f-743f19bdb0ca": true
          }
        }
      },
      "Slug": "helm-consul-secure-mesh-existing-secrets-confighub-proof",
      "SpaceID": "3bc78315-a575-43fb-a954-e43d48e97410",
      "UpdatedAt": "2026-06-12T17:03:51.703429Z",
      "Version": 2,
      "WhereTrigger": "SpaceID = '3bc78315-a575-43fb-a954-e43d48e97410'"
    },
    "Unit": {
      "ApprovedBy": null,
      "CreatedAt": "0001-01-01T00:00:00Z",
      "DataHash": "07fb06b4dc2d78ce700d4926b060a945e34e37d7b1d46c8d081bf052dcd15048",
      "EntityType": "Unit",
      "FromLinkID": null,
      "HeadRevisionNum": 2,
      "MutationSources": null,
      "OrganizationID": "12c33fa8-00b1-4011-ad3e-19d56458b29c",
      "Slug": "service-consul-consul-consul-server",
      "SpaceID": "3bc78315-a575-43fb-a954-e43d48e97410",
      "ToolchainType": "Kubernetes/YAML",
      "UnitID": "9fb18ea0-b55a-4b57-93b1-6769fdc3aad7",
      "UpdatedAt": "0001-01-01T00:00:00Z",
      "Version": 13
    },
    "UnitStatus": {
      "Action": "N/A",
      "ActionResult": "None",
      "ActionStartedAt": "0001-01-01T00:00:00Z",
      "ActionTerminatedAt": "0001-01-01T00:00:00Z",
      "Drift": "N/A",
      "Status": "NotLive",
      "SyncStatus": "NotLive"
    }
  },
  {
    "Space": {
      "CreatedAt": "2026-06-12T17:03:51.196638Z",
      "CursorID": 4655,
      "DisplayName": "helm-consul-secure-mesh-existing-secrets-confighub-proof",
      "EntityType": "Space",
      "Labels": {
        "Component": "Consul",
        "Environment": "Demo",
        "Layer": "App",
        "Owner": "ConfigHubHelm",
        "Variant": "secure-mesh-existing-secrets"
      },
      "OrganizationID": "12c33fa8-00b1-4011-ad3e-19d56458b29c",
      "Permissions": {
        "Manage": {
          "UserIDs": {
            "c5818f81-ae4b-4d17-987f-743f19bdb0ca": true
          }
        },
        "ManageChildren": {
          "UserIDs": {
            "c5818f81-ae4b-4d17-987f-743f19bdb0ca": true
          }
        }
      },
      "Slug": "helm-consul-secure-mesh-existing-secrets-confighub-proof",
      "SpaceID": "3bc78315-a575-43fb-a954-e43d48e97410",
      "UpdatedAt": "2026-06-12T17:03:51.703429Z",
      "Version": 2,
      "WhereTrigger": "SpaceID = '3bc78315-a575-43fb-a954-e43d48e97410'"
    },
    "Unit": {
      "ApprovedBy": null,
      "CreatedAt": "0001-01-01T00:00:00Z",
      "DataHash": "e0ba0dcc3a9cdf481e98471ab6a72d491ac41831e0e51c7bc5e2b9724c318ef3",
      "EntityType": "Unit",
      "FromLinkID": null,
      "HeadRevisionNum": 2,
      "MutationSources": null,
      "OrganizationID": "12c33fa8-00b1-4011-ad3e-19d56458b29c",
      "Slug": "service-consul-consul-consul-terminating-gateway",
      "SpaceID": "3bc78315-a575-43fb-a954-e43d48e97410",
      "ToolchainType": "Kubernetes/YAML",
      "UnitID": "de436f5d-20e5-46c8-ad8e-93c3dc8d1f18",
      "UpdatedAt": "0001-01-01T00:00:00Z",
      "Version": 13
    },
    "UnitStatus": {
      "Action": "N/A",
      "ActionResult": "None",
      "ActionStartedAt": "0001-01-01T00:00:00Z",
      "ActionTerminatedAt": "0001-01-01T00:00:00Z",
      "Drift": "N/A",
      "Status": "NotLive",
      "SyncStatus": "NotLive"
    }
  },
  {
    "Space": {
      "CreatedAt": "2026-06-12T17:03:51.196638Z",
      "CursorID": 4655,
      "DisplayName": "helm-consul-secure-mesh-existing-secrets-confighub-proof",
      "EntityType": "Space",
      "Labels": {
        "Component": "Consul",
        "Environment": "Demo",
        "Layer": "App",
        "Owner": "ConfigHubHelm",
        "Variant": "secure-mesh-existing-secrets"
      },
      "OrganizationID": "12c33fa8-00b1-4011-ad3e-19d56458b29c",
      "Permissions": {
        "Manage": {
          "UserIDs": {
            "c5818f81-ae4b-4d17-987f-743f19bdb0ca": true
          }
        },
        "ManageChildren": {
          "UserIDs": {
            "c5818f81-ae4b-4d17-987f-743f19bdb0ca": true
          }
        }
      },
      "Slug": "helm-consul-secure-mesh-existing-secrets-confighub-proof",
      "SpaceID": "3bc78315-a575-43fb-a954-e43d48e97410",
      "UpdatedAt": "2026-06-12T17:03:51.703429Z",
      "Version": 2,
      "WhereTrigger": "SpaceID = '3bc78315-a575-43fb-a954-e43d48e97410'"
    },
    "Unit": {
      "ApprovedBy": null,
      "CreatedAt": "0001-01-01T00:00:00Z",
      "DataHash": "db36b3d653f6f10d76dd060c445bd3130501215d3f58fae2bd8179bb86af49c5",
      "EntityType": "Unit",
      "FromLinkID": null,
      "HeadRevisionNum": 2,
      "MutationSources": null,
      "OrganizationID": "12c33fa8-00b1-4011-ad3e-19d56458b29c",
      "Slug": "job-consul-consul-consul-server-acl-init",
      "SpaceID": "3bc78315-a575-43fb-a954-e43d48e97410",
      "ToolchainType": "Kubernetes/YAML",
      "UnitID": "667fbec5-67c9-4218-9ddc-e9d15011909c",
      "UpdatedAt": "0001-01-01T00:00:00Z",
      "Version": 12
    },
    "UnitStatus": {
      "Action": "N/A",
      "ActionResult": "None",
      "ActionStartedAt": "0001-01-01T00:00:00Z",
      "ActionTerminatedAt": "0001-01-01T00:00:00Z",
      "Drift": "N/A",
      "Status": "NotLive",
      "SyncStatus": "NotLive"
    }
  },
  {
    "Space": {
      "CreatedAt": "2026-06-12T17:03:51.196638Z",
      "CursorID": 4655,
      "DisplayName": "helm-consul-secure-mesh-existing-secrets-confighub-proof",
      "EntityType": "Space",
      "Labels": {
        "Component": "Consul",
        "Environment": "Demo",
        "Layer": "App",
        "Owner": "ConfigHubHelm",
        "Variant": "secure-mesh-existing-secrets"
      },
      "OrganizationID": "12c33fa8-00b1-4011-ad3e-19d56458b29c",
      "Permissions": {
        "Manage": {
          "UserIDs": {
            "c5818f81-ae4b-4d17-987f-743f19bdb0ca": true
          }
        },
        "ManageChildren": {
          "UserIDs": {
            "c5818f81-ae4b-4d17-987f-743f19bdb0ca": true
          }
        }
      },
      "Slug": "helm-consul-secure-mesh-existing-secrets-confighub-proof",
      "SpaceID": "3bc78315-a575-43fb-a954-e43d48e97410",
      "UpdatedAt": "2026-06-12T17:03:51.703429Z",
      "Version": 2,
      "WhereTrigger": "SpaceID = '3bc78315-a575-43fb-a954-e43d48e97410'"
    },
    "Unit": {
      "ApprovedBy": null,
      "CreatedAt": "0001-01-01T00:00:00Z",
      "DataHash": "24c2aebe8b5f51d7d90ba212722b481980d4c5b5f04b53bd5d7e27fd9e207ff0",
      "EntityType": "Unit",
      "FromLinkID": null,
      "HeadRevisionNum": 1,
      "MutationSources": null,
      "OrganizationID": "12c33fa8-00b1-4011-ad3e-19d56458b29c",
      "Slug": "namespace-consul",
      "SpaceID": "3bc78315-a575-43fb-a954-e43d48e97410",
      "ToolchainType": "Kubernetes/YAML",
      "UnitID": "a0388cd5-8c8c-477e-aac9-ce5a39a763c6",
      "UpdatedAt": "0001-01-01T00:00:00Z",
      "Version": 3
    },
    "UnitStatus": {
      "Action": "N/A",
      "ActionResult": "None",
      "ActionStartedAt": "0001-01-01T00:00:00Z",
      "ActionTerminatedAt": "0001-01-01T00:00:00Z",
      "Drift": "N/A",
      "Status": "NotLive",
      "SyncStatus": "NotLive"
    }
  },
  {
    "Space": {
      "CreatedAt": "2026-06-12T17:03:51.196638Z",
      "CursorID": 4655,
      "DisplayName": "helm-consul-secure-mesh-existing-secrets-confighub-proof",
      "EntityType": "Space",
      "Labels": {
        "Component": "Consul",
        "Environment": "Demo",
        "Layer": "App",
        "Owner": "ConfigHubHelm",
        "Variant": "secure-mesh-existing-secrets"
      },
      "OrganizationID": "12c33fa8-00b1-4011-ad3e-19d56458b29c",
      "Permissions": {
        "Manage": {
          "UserIDs": {
            "c5818f81-ae4b-4d17-987f-743f19bdb0ca": true
          }
        },
        "ManageChildren": {
          "UserIDs": {
            "c5818f81-ae4b-4d17-987f-743f19bdb0ca": true
          }
        }
      },
      "Slug": "helm-consul-secure-mesh-existing-secrets-confighub-proof",
      "SpaceID": "3bc78315-a575-43fb-a954-e43d48e97410",
      "UpdatedAt": "2026-06-12T17:03:51.703429Z",
      "Version": 2,
      "WhereTrigger": "SpaceID = '3bc78315-a575-43fb-a954-e43d48e97410'"
    },
    "Unit": {
      "ApprovedBy": null,
      "CreatedAt": "0001-01-01T00:00:00Z",
      "DataHash": "fc2322fd22d3875bfe11817ff946f24e2126c41cd1094b8e99530ec97bd2be78",
      "EntityType": "Unit",
      "FromLinkID": null,
      "HeadRevisionNum": 2,
      "MutationSources": null,
      "OrganizationID": "12c33fa8-00b1-4011-ad3e-19d56458b29c",
      "Slug": "service-consul-consul-consul-ui",
      "SpaceID": "3bc78315-a575-43fb-a954-e43d48e97410",
      "ToolchainType": "Kubernetes/YAML",
      "UnitID": "f9abbcdf-1f71-42d9-bb3b-c17894232c43",
      "UpdatedAt": "0001-01-01T00:00:00Z",
      "Version": 13
    },
    "UnitStatus": {
      "Action": "N/A",
      "ActionResult": "None",
      "ActionStartedAt": "0001-01-01T00:00:00Z",
      "ActionTerminatedAt": "0001-01-01T00:00:00Z",
      "Drift": "N/A",
      "Status": "NotLive",
      "SyncStatus": "NotLive"
    }
  },
  {
    "Space": {
      "CreatedAt": "2026-06-12T17:03:51.196638Z",
      "CursorID": 4655,
      "DisplayName": "helm-consul-secure-mesh-existing-secrets-confighub-proof",
      "EntityType": "Space",
      "Labels": {
        "Component": "Consul",
        "Environment": "Demo",
        "Layer": "App",
        "Owner": "ConfigHubHelm",
        "Variant": "secure-mesh-existing-secrets"
      },
      "OrganizationID": "12c33fa8-00b1-4011-ad3e-19d56458b29c",
      "Permissions": {
        "Manage": {
          "UserIDs": {
            "c5818f81-ae4b-4d17-987f-743f19bdb0ca": true
          }
        },
        "ManageChildren": {
          "UserIDs": {
            "c5818f81-ae4b-4d17-987f-743f19bdb0ca": true
          }
        }
      },
      "Slug": "helm-consul-secure-mesh-existing-secrets-confighub-proof",
      "SpaceID": "3bc78315-a575-43fb-a954-e43d48e97410",
      "UpdatedAt": "2026-06-12T17:03:51.703429Z",
      "Version": 2,
      "WhereTrigger": "SpaceID = '3bc78315-a575-43fb-a954-e43d48e97410'"
    },
    "Unit": {
      "ApprovedBy": null,
      "CreatedAt": "0001-01-01T00:00:00Z",
      "DataHash": "df95fa226fca276ec279a3bff6e696edd57f29b55c2b68a17cb777b508538a0d",
      "EntityType": "Unit",
      "FromLinkID": null,
      "HeadRevisionNum": 1,
      "MutationSources": null,
      "OrganizationID": "12c33fa8-00b1-4011-ad3e-19d56458b29c",
      "Slug": "serviceaccount-consul-consul-consul-auth-method",
      "SpaceID": "3bc78315-a575-43fb-a954-e43d48e97410",
      "ToolchainType": "Kubernetes/YAML",
      "UnitID": "abab8c9b-220f-426b-9a4b-310db240127e",
      "UpdatedAt": "0001-01-01T00:00:00Z",
      "Version": 6
    },
    "UnitStatus": {
      "Action": "N/A",
      "ActionResult": "None",
      "ActionStartedAt": "0001-01-01T00:00:00Z",
      "ActionTerminatedAt": "0001-01-01T00:00:00Z",
      "Drift": "N/A",
      "Status": "NotLive",
      "SyncStatus": "NotLive"
    }
  },
  {
    "Space": {
      "CreatedAt": "2026-06-12T17:03:51.196638Z",
      "CursorID": 4655,
      "DisplayName": "helm-consul-secure-mesh-existing-secrets-confighub-proof",
      "EntityType": "Space",
      "Labels": {
        "Component": "Consul",
        "Environment": "Demo",
        "Layer": "App",
        "Owner": "ConfigHubHelm",
        "Variant": "secure-mesh-existing-secrets"
      },
      "OrganizationID": "12c33fa8-00b1-4011-ad3e-19d56458b29c",
      "Permissions": {
        "Manage": {
          "UserIDs": {
            "c5818f81-ae4b-4d17-987f-743f19bdb0ca": true
          }
        },
        "ManageChildren": {
          "UserIDs": {
            "c5818f81-ae4b-4d17-987f-743f19bdb0ca": true
          }
        }
      },
      "Slug": "helm-consul-secure-mesh-existing-secrets-confighub-proof",
      "SpaceID": "3bc78315-a575-43fb-a954-e43d48e97410",
      "UpdatedAt": "2026-06-12T17:03:51.703429Z",
      "Version": 2,
      "WhereTrigger": "SpaceID = '3bc78315-a575-43fb-a954-e43d48e97410'"
    },
    "Unit": {
      "ApprovedBy": null,
      "CreatedAt": "0001-01-01T00:00:00Z",
      "DataHash": "45ca939ae5c631ec4583b9480e28567895cf5810212f958102cffe344d420565",
      "EntityType": "Unit",
      "FromLinkID": null,
      "HeadRevisionNum": 1,
      "MutationSources": null,
      "OrganizationID": "12c33fa8-00b1-4011-ad3e-19d56458b29c",
      "Slug": "serviceaccount-consul-consul-consul-gateway-resources",
      "SpaceID": "3bc78315-a575-43fb-a954-e43d48e97410",
      "ToolchainType": "Kubernetes/YAML",
      "UnitID": "aa3cf474-8787-4cc3-81a3-bb243346ffaf",
      "UpdatedAt": "0001-01-01T00:00:00Z",
      "Version": 6
    },
    "UnitStatus": {
      "Action": "N/A",
      "ActionResult": "None",
      "ActionStartedAt": "0001-01-01T00:00:00Z",
      "ActionTerminatedAt": "0001-01-01T00:00:00Z",
      "Drift": "N/A",
      "Status": "NotLive",
      "SyncStatus": "NotLive"
    }
  },
  {
    "Space": {
      "CreatedAt": "2026-06-12T17:03:51.196638Z",
      "CursorID": 4655,
      "DisplayName": "helm-consul-secure-mesh-existing-secrets-confighub-proof",
      "EntityType": "Space",
      "Labels": {
        "Component": "Consul",
        "Environment": "Demo",
        "Layer": "App",
        "Owner": "ConfigHubHelm",
        "Variant": "secure-mesh-existing-secrets"
      },
      "OrganizationID": "12c33fa8-00b1-4011-ad3e-19d56458b29c",
      "Permissions": {
        "Manage": {
          "UserIDs": {
            "c5818f81-ae4b-4d17-987f-743f19bdb0ca": true
          }
        },
        "ManageChildren": {
          "UserIDs": {
            "c5818f81-ae4b-4d17-987f-743f19bdb0ca": true
          }
        }
      },
      "Slug": "helm-consul-secure-mesh-existing-secrets-confighub-proof",
      "SpaceID": "3bc78315-a575-43fb-a954-e43d48e97410",
      "UpdatedAt": "2026-06-12T17:03:51.703429Z",
      "Version": 2,
      "WhereTrigger": "SpaceID = '3bc78315-a575-43fb-a954-e43d48e97410'"
    },
    "Unit": {
      "ApprovedBy": null,
      "CreatedAt": "0001-01-01T00:00:00Z",
      "DataHash": "c51df2b8d0c2b4faee787c0edeaf79c7b6eff1609e1e2b8fa727a782efd6d565",
      "EntityType": "Unit",
      "FromLinkID": null,
      "HeadRevisionNum": 1,
      "MutationSources": null,
      "OrganizationID": "12c33fa8-00b1-4011-ad3e-19d56458b29c",
      "Slug": "serviceaccount-consul-consul-consul-ingress-gateway",
      "SpaceID": "3bc78315-a575-43fb-a954-e43d48e97410",
      "ToolchainType": "Kubernetes/YAML",
      "UnitID": "8c9f06f1-3f32-4e75-a65e-c2d04d1361d5",
      "UpdatedAt": "0001-01-01T00:00:00Z",
      "Version": 6
    },
    "UnitStatus": {
      "Action": "N/A",
      "ActionResult": "None",
      "ActionStartedAt": "0001-01-01T00:00:00Z",
      "ActionTerminatedAt": "0001-01-01T00:00:00Z",
      "Drift": "N/A",
      "Status": "NotLive",
      "SyncStatus": "NotLive"
    }
  },
  {
    "Space": {
      "CreatedAt": "2026-06-12T17:03:51.196638Z",
      "CursorID": 4655,
      "DisplayName": "helm-consul-secure-mesh-existing-secrets-confighub-proof",
      "EntityType": "Space",
      "Labels": {
        "Component": "Consul",
        "Environment": "Demo",
        "Layer": "App",
        "Owner": "ConfigHubHelm",
        "Variant": "secure-mesh-existing-secrets"
      },
      "OrganizationID": "12c33fa8-00b1-4011-ad3e-19d56458b29c",
      "Permissions": {
        "Manage": {
          "UserIDs": {
            "c5818f81-ae4b-4d17-987f-743f19bdb0ca": true
          }
        },
        "ManageChildren": {
          "UserIDs": {
            "c5818f81-ae4b-4d17-987f-743f19bdb0ca": true
          }
        }
      },
      "Slug": "helm-consul-secure-mesh-existing-secrets-confighub-proof",
      "SpaceID": "3bc78315-a575-43fb-a954-e43d48e97410",
      "UpdatedAt": "2026-06-12T17:03:51.703429Z",
      "Version": 2,
      "WhereTrigger": "SpaceID = '3bc78315-a575-43fb-a954-e43d48e97410'"
    },
    "Unit": {
      "ApprovedBy": null,
      "CreatedAt": "0001-01-01T00:00:00Z",
      "DataHash": "3abd9802c7739387d0094c576606d64b99b53791f1d58d2a0614d61bc9fa5e07",
      "EntityType": "Unit",
      "FromLinkID": null,
      "HeadRevisionNum": 1,
      "MutationSources": null,
      "OrganizationID": "12c33fa8-00b1-4011-ad3e-19d56458b29c",
      "Slug": "serviceaccount-consul-consul-consul-mesh-gateway",
      "SpaceID": "3bc78315-a575-43fb-a954-e43d48e97410",
      "ToolchainType": "Kubernetes/YAML",
      "UnitID": "e3956d11-7907-499e-bf46-42330e755fce",
      "UpdatedAt": "0001-01-01T00:00:00Z",
      "Version": 6
    },
    "UnitStatus": {
      "Action": "N/A",
      "ActionResult": "None",
      "ActionStartedAt": "0001-01-01T00:00:00Z",
      "ActionTerminatedAt": "0001-01-01T00:00:00Z",
      "Drift": "N/A",
      "Status": "NotLive",
      "SyncStatus": "NotLive"
    }
  },
  {
    "Space": {
      "CreatedAt": "2026-06-12T17:03:51.196638Z",
      "CursorID": 4655,
      "DisplayName": "helm-consul-secure-mesh-existing-secrets-confighub-proof",
      "EntityType": "Space",
      "Labels": {
        "Component": "Consul",
        "Environment": "Demo",
        "Layer": "App",
        "Owner": "ConfigHubHelm",
        "Variant": "secure-mesh-existing-secrets"
      },
      "OrganizationID": "12c33fa8-00b1-4011-ad3e-19d56458b29c",
      "Permissions": {
        "Manage": {
          "UserIDs": {
            "c5818f81-ae4b-4d17-987f-743f19bdb0ca": true
          }
        },
        "ManageChildren": {
          "UserIDs": {
            "c5818f81-ae4b-4d17-987f-743f19bdb0ca": true
          }
        }
      },
      "Slug": "helm-consul-secure-mesh-existing-secrets-confighub-proof",
      "SpaceID": "3bc78315-a575-43fb-a954-e43d48e97410",
      "UpdatedAt": "2026-06-12T17:03:51.703429Z",
      "Version": 2,
      "WhereTrigger": "SpaceID = '3bc78315-a575-43fb-a954-e43d48e97410'"
    },
    "Unit": {
      "ApprovedBy": null,
      "CreatedAt": "0001-01-01T00:00:00Z",
      "DataHash": "6a6aa7bf54f5aa39c05563733b25a0083967d96842fe29ad6a6e456a5974a9c4",
      "EntityType": "Unit",
      "FromLinkID": null,
      "HeadRevisionNum": 1,
      "MutationSources": null,
      "OrganizationID": "12c33fa8-00b1-4011-ad3e-19d56458b29c",
      "Slug": "serviceaccount-consul-consul-consul-server-acl-init-cleanup",
      "SpaceID": "3bc78315-a575-43fb-a954-e43d48e97410",
      "ToolchainType": "Kubernetes/YAML",
      "UnitID": "292009f5-e2b7-440b-92fb-450ec15d82a5",
      "UpdatedAt": "0001-01-01T00:00:00Z",
      "Version": 6
    },
    "UnitStatus": {
      "Action": "N/A",
      "ActionResult": "None",
      "ActionStartedAt": "0001-01-01T00:00:00Z",
      "ActionTerminatedAt": "0001-01-01T00:00:00Z",
      "Drift": "N/A",
      "Status": "NotLive",
      "SyncStatus": "NotLive"
    }
  },
  {
    "Space": {
      "CreatedAt": "2026-06-12T17:03:51.196638Z",
      "CursorID": 4655,
      "DisplayName": "helm-consul-secure-mesh-existing-secrets-confighub-proof",
      "EntityType": "Space",
      "Labels": {
        "Component": "Consul",
        "Environment": "Demo",
        "Layer": "App",
        "Owner": "ConfigHubHelm",
        "Variant": "secure-mesh-existing-secrets"
      },
      "OrganizationID": "12c33fa8-00b1-4011-ad3e-19d56458b29c",
      "Permissions": {
        "Manage": {
          "UserIDs": {
            "c5818f81-ae4b-4d17-987f-743f19bdb0ca": true
          }
        },
        "ManageChildren": {
          "UserIDs": {
            "c5818f81-ae4b-4d17-987f-743f19bdb0ca": true
          }
        }
      },
      "Slug": "helm-consul-secure-mesh-existing-secrets-confighub-proof",
      "SpaceID": "3bc78315-a575-43fb-a954-e43d48e97410",
      "UpdatedAt": "2026-06-12T17:03:51.703429Z",
      "Version": 2,
      "WhereTrigger": "SpaceID = '3bc78315-a575-43fb-a954-e43d48e97410'"
    },
    "Unit": {
      "ApprovedBy": null,
      "CreatedAt": "0001-01-01T00:00:00Z",
      "DataHash": "0cd906296df1597696aeac22669d1f909621cc395f5e15ef7d91053ec265e4f8",
      "EntityType": "Unit",
      "FromLinkID": null,
      "HeadRevisionNum": 2,
      "MutationSources": null,
      "OrganizationID": "12c33fa8-00b1-4011-ad3e-19d56458b29c",
      "Slug": "customresourcedefinition-controlplanerequestlimits-consul-hashicorp-com",
      "SpaceID": "3bc78315-a575-43fb-a954-e43d48e97410",
      "ToolchainType": "Kubernetes/YAML",
      "UnitID": "4d40d348-8bed-4f41-94c4-af028d4c268f",
      "UpdatedAt": "0001-01-01T00:00:00Z",
      "Version": 6
    },
    "UnitStatus": {
      "Action": "N/A",
      "ActionResult": "None",
      "ActionStartedAt": "0001-01-01T00:00:00Z",
      "ActionTerminatedAt": "0001-01-01T00:00:00Z",
      "Drift": "N/A",
      "Status": "NotLive",
      "SyncStatus": "NotLive"
    }
  },
  {
    "Space": {
      "CreatedAt": "2026-06-12T17:03:51.196638Z",
      "CursorID": 4655,
      "DisplayName": "helm-consul-secure-mesh-existing-secrets-confighub-proof",
      "EntityType": "Space",
      "Labels": {
        "Component": "Consul",
        "Environment": "Demo",
        "Layer": "App",
        "Owner": "ConfigHubHelm",
        "Variant": "secure-mesh-existing-secrets"
      },
      "OrganizationID": "12c33fa8-00b1-4011-ad3e-19d56458b29c",
      "Permissions": {
        "Manage": {
          "UserIDs": {
            "c5818f81-ae4b-4d17-987f-743f19bdb0ca": true
          }
        },
        "ManageChildren": {
          "UserIDs": {
            "c5818f81-ae4b-4d17-987f-743f19bdb0ca": true
          }
        }
      },
      "Slug": "helm-consul-secure-mesh-existing-secrets-confighub-proof",
      "SpaceID": "3bc78315-a575-43fb-a954-e43d48e97410",
      "UpdatedAt": "2026-06-12T17:03:51.703429Z",
      "Version": 2,
      "WhereTrigger": "SpaceID = '3bc78315-a575-43fb-a954-e43d48e97410'"
    },
    "Unit": {
      "ApprovedBy": null,
      "CreatedAt": "0001-01-01T00:00:00Z",
      "DataHash": "73f4984b9703258383e96d7ead461fb25d64fa5c68dd8dfb67d627bcf2ac6a59",
      "EntityType": "Unit",
      "FromLinkID": null,
      "HeadRevisionNum": 2,
      "MutationSources": null,
      "OrganizationID": "12c33fa8-00b1-4011-ad3e-19d56458b29c",
      "Slug": "clusterrole-consul-consul-auth-method",
      "SpaceID": "3bc78315-a575-43fb-a954-e43d48e97410",
      "ToolchainType": "Kubernetes/YAML",
      "UnitID": "c6ec56ec-04b3-45db-8dc1-754582a2f647",
      "UpdatedAt": "0001-01-01T00:00:00Z",
      "Version": 7
    },
    "UnitStatus": {
      "Action": "N/A",
      "ActionResult": "None",
      "ActionStartedAt": "0001-01-01T00:00:00Z",
      "ActionTerminatedAt": "0001-01-01T00:00:00Z",
      "Drift": "N/A",
      "Status": "NotLive",
      "SyncStatus": "NotLive"
    }
  },
  {
    "Space": {
      "CreatedAt": "2026-06-12T17:03:51.196638Z",
      "CursorID": 4655,
      "DisplayName": "helm-consul-secure-mesh-existing-secrets-confighub-proof",
      "EntityType": "Space",
      "Labels": {
        "Component": "Consul",
        "Environment": "Demo",
        "Layer": "App",
        "Owner": "ConfigHubHelm",
        "Variant": "secure-mesh-existing-secrets"
      },
      "OrganizationID": "12c33fa8-00b1-4011-ad3e-19d56458b29c",
      "Permissions": {
        "Manage": {
          "UserIDs": {
            "c5818f81-ae4b-4d17-987f-743f19bdb0ca": true
          }
        },
        "ManageChildren": {
          "UserIDs": {
            "c5818f81-ae4b-4d17-987f-743f19bdb0ca": true
          }
        }
      },
      "Slug": "helm-consul-secure-mesh-existing-secrets-confighub-proof",
      "SpaceID": "3bc78315-a575-43fb-a954-e43d48e97410",
      "UpdatedAt": "2026-06-12T17:03:51.703429Z",
      "Version": 2,
      "WhereTrigger": "SpaceID = '3bc78315-a575-43fb-a954-e43d48e97410'"
    },
    "Unit": {
      "ApprovedBy": null,
      "CreatedAt": "0001-01-01T00:00:00Z",
      "DataHash": "326365a9f8c76bce256e37a9f6e6662e92c21b1cb216eaa90d99dda2f4f7f38d",
      "EntityType": "Unit",
      "FromLinkID": null,
      "HeadRevisionNum": 2,
      "MutationSources": null,
      "OrganizationID": "12c33fa8-00b1-4011-ad3e-19d56458b29c",
      "Slug": "customresourcedefinition-exportedservices-consul-hashicorp-com",
      "SpaceID": "3bc78315-a575-43fb-a954-e43d48e97410",
      "ToolchainType": "Kubernetes/YAML",
      "UnitID": "9f5e690c-01b3-46b7-806d-51388d3666bd",
      "UpdatedAt": "0001-01-01T00:00:00Z",
      "Version": 6
    },
    "UnitStatus": {
      "Action": "N/A",
      "ActionResult": "None",
      "ActionStartedAt": "0001-01-01T00:00:00Z",
      "ActionTerminatedAt": "0001-01-01T00:00:00Z",
      "Drift": "N/A",
      "Status": "NotLive",
      "SyncStatus": "NotLive"
    }
  },
  {
    "Space": {
      "CreatedAt": "2026-06-12T17:03:51.196638Z",
      "CursorID": 4655,
      "DisplayName": "helm-consul-secure-mesh-existing-secrets-confighub-proof",
      "EntityType": "Space",
      "Labels": {
        "Component": "Consul",
        "Environment": "Demo",
        "Layer": "App",
        "Owner": "ConfigHubHelm",
        "Variant": "secure-mesh-existing-secrets"
      },
      "OrganizationID": "12c33fa8-00b1-4011-ad3e-19d56458b29c",
      "Permissions": {
        "Manage": {
          "UserIDs": {
            "c5818f81-ae4b-4d17-987f-743f19bdb0ca": true
          }
        },
        "ManageChildren": {
          "UserIDs": {
            "c5818f81-ae4b-4d17-987f-743f19bdb0ca": true
          }
        }
      },
      "Slug": "helm-consul-secure-mesh-existing-secrets-confighub-proof",
      "SpaceID": "3bc78315-a575-43fb-a954-e43d48e97410",
      "UpdatedAt": "2026-06-12T17:03:51.703429Z",
      "Version": 2,
      "WhereTrigger": "SpaceID = '3bc78315-a575-43fb-a954-e43d48e97410'"
    },
    "Unit": {
      "ApprovedBy": null,
      "CreatedAt": "0001-01-01T00:00:00Z",
      "DataHash": "158f466cdafa74f4988937e0308d75da2c7c66518cb989aa0d6781fed4ee5a1f",
      "EntityType": "Unit",
      "FromLinkID": null,
      "HeadRevisionNum": 2,
      "MutationSources": null,
      "OrganizationID": "12c33fa8-00b1-4011-ad3e-19d56458b29c",
      "Slug": "clusterrole-consul-consul-connect-injector",
      "SpaceID": "3bc78315-a575-43fb-a954-e43d48e97410",
      "ToolchainType": "Kubernetes/YAML",
      "UnitID": "3839a77f-774b-4241-9e3f-0ccc25dd3260",
      "UpdatedAt": "0001-01-01T00:00:00Z",
      "Version": 7
    },
    "UnitStatus": {
      "Action": "N/A",
      "ActionResult": "None",
      "ActionStartedAt": "0001-01-01T00:00:00Z",
      "ActionTerminatedAt": "0001-01-01T00:00:00Z",
      "Drift": "N/A",
      "Status": "NotLive",
      "SyncStatus": "NotLive"
    }
  },
  {
    "Space": {
      "CreatedAt": "2026-06-12T17:03:51.196638Z",
      "CursorID": 4655,
      "DisplayName": "helm-consul-secure-mesh-existing-secrets-confighub-proof",
      "EntityType": "Space",
      "Labels": {
        "Component": "Consul",
        "Environment": "Demo",
        "Layer": "App",
        "Owner": "ConfigHubHelm",
        "Variant": "secure-mesh-existing-secrets"
      },
      "OrganizationID": "12c33fa8-00b1-4011-ad3e-19d56458b29c",
      "Permissions": {
        "Manage": {
          "UserIDs": {
            "c5818f81-ae4b-4d17-987f-743f19bdb0ca": true
          }
        },
        "ManageChildren": {
          "UserIDs": {
            "c5818f81-ae4b-4d17-987f-743f19bdb0ca": true
          }
        }
      },
      "Slug": "helm-consul-secure-mesh-existing-secrets-confighub-proof",
      "SpaceID": "3bc78315-a575-43fb-a954-e43d48e97410",
      "UpdatedAt": "2026-06-12T17:03:51.703429Z",
      "Version": 2,
      "WhereTrigger": "SpaceID = '3bc78315-a575-43fb-a954-e43d48e97410'"
    },
    "Unit": {
      "ApprovedBy": null,
      "CreatedAt": "0001-01-01T00:00:00Z",
      "DataHash": "6b40271dcf5db0114054254a7c067d73c68c710afa7dbeefb1a640fb0e9a06a3",
      "EntityType": "Unit",
      "FromLinkID": null,
      "HeadRevisionNum": 2,
      "MutationSources": null,
      "OrganizationID": "12c33fa8-00b1-4011-ad3e-19d56458b29c",
      "Slug": "role-consul-consul-consul-server-acl-init-cleanup",
      "SpaceID": "3bc78315-a575-43fb-a954-e43d48e97410",
      "ToolchainType": "Kubernetes/YAML",
      "UnitID": "f9369062-dad3-4dac-9919-75ba7fac9ad8",
      "UpdatedAt": "0001-01-01T00:00:00Z",
      "Version": 10
    },
    "UnitStatus": {
      "Action": "N/A",
      "ActionResult": "None",
      "ActionStartedAt": "0001-01-01T00:00:00Z",
      "ActionTerminatedAt": "0001-01-01T00:00:00Z",
      "Drift": "N/A",
      "Status": "NotLive",
      "SyncStatus": "NotLive"
    }
  },
  {
    "Space": {
      "CreatedAt": "2026-06-12T17:03:51.196638Z",
      "CursorID": 4655,
      "DisplayName": "helm-consul-secure-mesh-existing-secrets-confighub-proof",
      "EntityType": "Space",
      "Labels": {
        "Component": "Consul",
        "Environment": "Demo",
        "Layer": "App",
        "Owner": "ConfigHubHelm",
        "Variant": "secure-mesh-existing-secrets"
      },
      "OrganizationID": "12c33fa8-00b1-4011-ad3e-19d56458b29c",
      "Permissions": {
        "Manage": {
          "UserIDs": {
            "c5818f81-ae4b-4d17-987f-743f19bdb0ca": true
          }
        },
        "ManageChildren": {
          "UserIDs": {
            "c5818f81-ae4b-4d17-987f-743f19bdb0ca": true
          }
        }
      },
      "Slug": "helm-consul-secure-mesh-existing-secrets-confighub-proof",
      "SpaceID": "3bc78315-a575-43fb-a954-e43d48e97410",
      "UpdatedAt": "2026-06-12T17:03:51.703429Z",
      "Version": 2,
      "WhereTrigger": "SpaceID = '3bc78315-a575-43fb-a954-e43d48e97410'"
    },
    "Unit": {
      "ApprovedBy": null,
      "CreatedAt": "0001-01-01T00:00:00Z",
      "DataHash": "fde2446c0bcac36c9dd70295a55630d94e476d1aba57eab81ab7eb52e8f6029f",
      "EntityType": "Unit",
      "FromLinkID": null,
      "HeadRevisionNum": 2,
      "MutationSources": null,
      "OrganizationID": "12c33fa8-00b1-4011-ad3e-19d56458b29c",
      "Slug": "rolebinding-consul-consul-consul-ingress-gateway",
      "SpaceID": "3bc78315-a575-43fb-a954-e43d48e97410",
      "ToolchainType": "Kubernetes/YAML",
      "UnitID": "2c6cc146-dc9a-4551-adbf-9b1e6faef7ff",
      "UpdatedAt": "0001-01-01T00:00:00Z",
      "Version": 15
    },
    "UnitStatus": {
      "Action": "N/A",
      "ActionResult": "None",
      "ActionStartedAt": "0001-01-01T00:00:00Z",
      "ActionTerminatedAt": "0001-01-01T00:00:00Z",
      "Drift": "N/A",
      "Status": "NotLive",
      "SyncStatus": "NotLive"
    }
  },
  {
    "Space": {
      "CreatedAt": "2026-06-12T17:03:51.196638Z",
      "CursorID": 4655,
      "DisplayName": "helm-consul-secure-mesh-existing-secrets-confighub-proof",
      "EntityType": "Space",
      "Labels": {
        "Component": "Consul",
        "Environment": "Demo",
        "Layer": "App",
        "Owner": "ConfigHubHelm",
        "Variant": "secure-mesh-existing-secrets"
      },
      "OrganizationID": "12c33fa8-00b1-4011-ad3e-19d56458b29c",
      "Permissions": {
        "Manage": {
          "UserIDs": {
            "c5818f81-ae4b-4d17-987f-743f19bdb0ca": true
          }
        },
        "ManageChildren": {
          "UserIDs": {
            "c5818f81-ae4b-4d17-987f-743f19bdb0ca": true
          }
        }
      },
      "Slug": "helm-consul-secure-mesh-existing-secrets-confighub-proof",
      "SpaceID": "3bc78315-a575-43fb-a954-e43d48e97410",
      "UpdatedAt": "2026-06-12T17:03:51.703429Z",
      "Version": 2,
      "WhereTrigger": "SpaceID = '3bc78315-a575-43fb-a954-e43d48e97410'"
    },
    "Unit": {
      "ApprovedBy": null,
      "CreatedAt": "0001-01-01T00:00:00Z",
      "DataHash": "e9d33fdb480aa0306cfe730ae6f3314dcbc412f4ab96fde4305000e06a1babdf",
      "EntityType": "Unit",
      "FromLinkID": null,
      "HeadRevisionNum": 2,
      "MutationSources": null,
      "OrganizationID": "12c33fa8-00b1-4011-ad3e-19d56458b29c",
      "Slug": "role-consul-consul-consul-ingress-gateway",
      "SpaceID": "3bc78315-a575-43fb-a954-e43d48e97410",
      "ToolchainType": "Kubernetes/YAML",
      "UnitID": "d2e8b0a2-a41c-4f98-b585-f315538e47f9",
      "UpdatedAt": "0001-01-01T00:00:00Z",
      "Version": 10
    },
    "UnitStatus": {
      "Action": "N/A",
      "ActionResult": "None",
      "ActionStartedAt": "0001-01-01T00:00:00Z",
      "ActionTerminatedAt": "0001-01-01T00:00:00Z",
      "Drift": "N/A",
      "Status": "NotLive",
      "SyncStatus": "NotLive"
    }
  },
  {
    "Space": {
      "CreatedAt": "2026-06-12T17:03:51.196638Z",
      "CursorID": 4655,
      "DisplayName": "helm-consul-secure-mesh-existing-secrets-confighub-proof",
      "EntityType": "Space",
      "Labels": {
        "Component": "Consul",
        "Environment": "Demo",
        "Layer": "App",
        "Owner": "ConfigHubHelm",
        "Variant": "secure-mesh-existing-secrets"
      },
      "OrganizationID": "12c33fa8-00b1-4011-ad3e-19d56458b29c",
      "Permissions": {
        "Manage": {
          "UserIDs": {
            "c5818f81-ae4b-4d17-987f-743f19bdb0ca": true
          }
        },
        "ManageChildren": {
          "UserIDs": {
            "c5818f81-ae4b-4d17-987f-743f19bdb0ca": true
          }
        }
      },
      "Slug": "helm-consul-secure-mesh-existing-secrets-confighub-proof",
      "SpaceID": "3bc78315-a575-43fb-a954-e43d48e97410",
      "UpdatedAt": "2026-06-12T17:03:51.703429Z",
      "Version": 2,
      "WhereTrigger": "SpaceID = '3bc78315-a575-43fb-a954-e43d48e97410'"
    },
    "Unit": {
      "ApprovedBy": null,
      "CreatedAt": "0001-01-01T00:00:00Z",
      "DataHash": "8cac94dda3af828a361c59ba5a50102f0eae60e0ce735d62ae228de8a4fb5c3f",
      "EntityType": "Unit",
      "FromLinkID": null,
      "HeadRevisionNum": 2,
      "MutationSources": null,
      "OrganizationID": "12c33fa8-00b1-4011-ad3e-19d56458b29c",
      "Slug": "clusterrole-consul-consul-gateway-cleanup",
      "SpaceID": "3bc78315-a575-43fb-a954-e43d48e97410",
      "ToolchainType": "Kubernetes/YAML",
      "UnitID": "eaf8225b-30a5-404b-90e0-c6032a09cbee",
      "UpdatedAt": "0001-01-01T00:00:00Z",
      "Version": 7
    },
    "UnitStatus": {
      "Action": "N/A",
      "ActionResult": "None",
      "ActionStartedAt": "0001-01-01T00:00:00Z",
      "ActionTerminatedAt": "0001-01-01T00:00:00Z",
      "Drift": "N/A",
      "Status": "NotLive",
      "SyncStatus": "NotLive"
    }
  },
  {
    "Space": {
      "CreatedAt": "2026-06-12T17:03:51.196638Z",
      "CursorID": 4655,
      "DisplayName": "helm-consul-secure-mesh-existing-secrets-confighub-proof",
      "EntityType": "Space",
      "Labels": {
        "Component": "Consul",
        "Environment": "Demo",
        "Layer": "App",
        "Owner": "ConfigHubHelm",
        "Variant": "secure-mesh-existing-secrets"
      },
      "OrganizationID": "12c33fa8-00b1-4011-ad3e-19d56458b29c",
      "Permissions": {
        "Manage": {
          "UserIDs": {
            "c5818f81-ae4b-4d17-987f-743f19bdb0ca": true
          }
        },
        "ManageChildren": {
          "UserIDs": {
            "c5818f81-ae4b-4d17-987f-743f19bdb0ca": true
          }
        }
      },
      "Slug": "helm-consul-secure-mesh-existing-secrets-confighub-proof",
      "SpaceID": "3bc78315-a575-43fb-a954-e43d48e97410",
      "UpdatedAt": "2026-06-12T17:03:51.703429Z",
      "Version": 2,
      "WhereTrigger": "SpaceID = '3bc78315-a575-43fb-a954-e43d48e97410'"
    },
    "Unit": {
      "ApprovedBy": null,
      "CreatedAt": "0001-01-01T00:00:00Z",
      "DataHash": "010577c39877a6948f55e77005f5c509bb656a3498cebb3ea4c53ce2daf7752f",
      "EntityType": "Unit",
      "FromLinkID": null,
      "HeadRevisionNum": 2,
      "MutationSources": null,
      "OrganizationID": "12c33fa8-00b1-4011-ad3e-19d56458b29c",
      "Slug": "clusterrole-consul-consul-gateway-cleanup-custom",
      "SpaceID": "3bc78315-a575-43fb-a954-e43d48e97410",
      "ToolchainType": "Kubernetes/YAML",
      "UnitID": "8c2e8d8a-ccc8-4995-aea5-29c5a5f1c48a",
      "UpdatedAt": "0001-01-01T00:00:00Z",
      "Version": 7
    },
    "UnitStatus": {
      "Action": "N/A",
      "ActionResult": "None",
      "ActionStartedAt": "0001-01-01T00:00:00Z",
      "ActionTerminatedAt": "0001-01-01T00:00:00Z",
      "Drift": "N/A",
      "Status": "NotLive",
      "SyncStatus": "NotLive"
    }
  },
  {
    "Space": {
      "CreatedAt": "2026-06-12T17:03:51.196638Z",
      "CursorID": 4655,
      "DisplayName": "helm-consul-secure-mesh-existing-secrets-confighub-proof",
      "EntityType": "Space",
      "Labels": {
        "Component": "Consul",
        "Environment": "Demo",
        "Layer": "App",
        "Owner": "ConfigHubHelm",
        "Variant": "secure-mesh-existing-secrets"
      },
      "OrganizationID": "12c33fa8-00b1-4011-ad3e-19d56458b29c",
      "Permissions": {
        "Manage": {
          "UserIDs": {
            "c5818f81-ae4b-4d17-987f-743f19bdb0ca": true
          }
        },
        "ManageChildren": {
          "UserIDs": {
            "c5818f81-ae4b-4d17-987f-743f19bdb0ca": true
          }
        }
      },
      "Slug": "helm-consul-secure-mesh-existing-secrets-confighub-proof",
      "SpaceID": "3bc78315-a575-43fb-a954-e43d48e97410",
      "UpdatedAt": "2026-06-12T17:03:51.703429Z",
      "Version": 2,
      "WhereTrigger": "SpaceID = '3bc78315-a575-43fb-a954-e43d48e97410'"
    },
    "Unit": {
      "ApprovedBy": null,
      "CreatedAt": "0001-01-01T00:00:00Z",
      "DataHash": "934d329046f3e71288a0ae78c6e181d150c9bd6c10454c716ef17a90925a6ad8",
      "EntityType": "Unit",
      "FromLinkID": null,
      "HeadRevisionNum": 2,
      "MutationSources": null,
      "OrganizationID": "12c33fa8-00b1-4011-ad3e-19d56458b29c",
      "Slug": "clusterrole-consul-consul-consul-server",
      "SpaceID": "3bc78315-a575-43fb-a954-e43d48e97410",
      "ToolchainType": "Kubernetes/YAML",
      "UnitID": "3a1e444b-0d91-4ed3-adcd-3b83b5572a4e",
      "UpdatedAt": "0001-01-01T00:00:00Z",
      "Version": 7
    },
    "UnitStatus": {
      "Action": "N/A",
      "ActionResult": "None",
      "ActionStartedAt": "0001-01-01T00:00:00Z",
      "ActionTerminatedAt": "0001-01-01T00:00:00Z",
      "Drift": "N/A",
      "Status": "NotLive",
      "SyncStatus": "NotLive"
    }
  },
  {
    "Space": {
      "CreatedAt": "2026-06-12T17:03:51.196638Z",
      "CursorID": 4655,
      "DisplayName": "helm-consul-secure-mesh-existing-secrets-confighub-proof",
      "EntityType": "Space",
      "Labels": {
        "Component": "Consul",
        "Environment": "Demo",
        "Layer": "App",
        "Owner": "ConfigHubHelm",
        "Variant": "secure-mesh-existing-secrets"
      },
      "OrganizationID": "12c33fa8-00b1-4011-ad3e-19d56458b29c",
      "Permissions": {
        "Manage": {
          "UserIDs": {
            "c5818f81-ae4b-4d17-987f-743f19bdb0ca": true
          }
        },
        "ManageChildren": {
          "UserIDs": {
            "c5818f81-ae4b-4d17-987f-743f19bdb0ca": true
          }
        }
      },
      "Slug": "helm-consul-secure-mesh-existing-secrets-confighub-proof",
      "SpaceID": "3bc78315-a575-43fb-a954-e43d48e97410",
      "UpdatedAt": "2026-06-12T17:03:51.703429Z",
      "Version": 2,
      "WhereTrigger": "SpaceID = '3bc78315-a575-43fb-a954-e43d48e97410'"
    },
    "Unit": {
      "ApprovedBy": null,
      "CreatedAt": "0001-01-01T00:00:00Z",
      "DataHash": "c6f4adca7ed52efb73583ce5d60887ba73bfaac19cb495c1bd51476d27e0fbb7",
      "EntityType": "Unit",
      "FromLinkID": null,
      "HeadRevisionNum": 2,
      "MutationSources": null,
      "OrganizationID": "12c33fa8-00b1-4011-ad3e-19d56458b29c",
      "Slug": "clusterrole-consul-consul-gateway-resources-custom",
      "SpaceID": "3bc78315-a575-43fb-a954-e43d48e97410",
      "ToolchainType": "Kubernetes/YAML",
      "UnitID": "e8b3b40e-2604-4080-aaea-08712757bedf",
      "UpdatedAt": "0001-01-01T00:00:00Z",
      "Version": 7
    },
    "UnitStatus": {
      "Action": "N/A",
      "ActionResult": "None",
      "ActionStartedAt": "0001-01-01T00:00:00Z",
      "ActionTerminatedAt": "0001-01-01T00:00:00Z",
      "Drift": "N/A",
      "Status": "NotLive",
      "SyncStatus": "NotLive"
    }
  },
  {
    "Space": {
      "CreatedAt": "2026-06-12T17:03:51.196638Z",
      "CursorID": 4655,
      "DisplayName": "helm-consul-secure-mesh-existing-secrets-confighub-proof",
      "EntityType": "Space",
      "Labels": {
        "Component": "Consul",
        "Environment": "Demo",
        "Layer": "App",
        "Owner": "ConfigHubHelm",
        "Variant": "secure-mesh-existing-secrets"
      },
      "OrganizationID": "12c33fa8-00b1-4011-ad3e-19d56458b29c",
      "Permissions": {
        "Manage": {
          "UserIDs": {
            "c5818f81-ae4b-4d17-987f-743f19bdb0ca": true
          }
        },
        "ManageChildren": {
          "UserIDs": {
            "c5818f81-ae4b-4d17-987f-743f19bdb0ca": true
          }
        }
      },
      "Slug": "helm-consul-secure-mesh-existing-secrets-confighub-proof",
      "SpaceID": "3bc78315-a575-43fb-a954-e43d48e97410",
      "UpdatedAt": "2026-06-12T17:03:51.703429Z",
      "Version": 2,
      "WhereTrigger": "SpaceID = '3bc78315-a575-43fb-a954-e43d48e97410'"
    },
    "Unit": {
      "ApprovedBy": null,
      "CreatedAt": "0001-01-01T00:00:00Z",
      "DataHash": "7d8f24394da7e687b6b6c372fb06e489be8d592260bae41eb8d458f999ce2f78",
      "EntityType": "Unit",
      "FromLinkID": null,
      "HeadRevisionNum": 2,
      "MutationSources": null,
      "OrganizationID": "12c33fa8-00b1-4011-ad3e-19d56458b29c",
      "Slug": "clusterrole-consul-consul-mesh-gateway",
      "SpaceID": "3bc78315-a575-43fb-a954-e43d48e97410",
      "ToolchainType": "Kubernetes/YAML",
      "UnitID": "7d374b06-60e9-41aa-a134-83ae1fec6d76",
      "UpdatedAt": "0001-01-01T00:00:00Z",
      "Version": 7
    },
    "UnitStatus": {
      "Action": "N/A",
      "ActionResult": "None",
      "ActionStartedAt": "0001-01-01T00:00:00Z",
      "ActionTerminatedAt": "0001-01-01T00:00:00Z",
      "Drift": "N/A",
      "Status": "NotLive",
      "SyncStatus": "NotLive"
    }
  },
  {
    "Space": {
      "CreatedAt": "2026-06-12T17:03:51.196638Z",
      "CursorID": 4655,
      "DisplayName": "helm-consul-secure-mesh-existing-secrets-confighub-proof",
      "EntityType": "Space",
      "Labels": {
        "Component": "Consul",
        "Environment": "Demo",
        "Layer": "App",
        "Owner": "ConfigHubHelm",
        "Variant": "secure-mesh-existing-secrets"
      },
      "OrganizationID": "12c33fa8-00b1-4011-ad3e-19d56458b29c",
      "Permissions": {
        "Manage": {
          "UserIDs": {
            "c5818f81-ae4b-4d17-987f-743f19bdb0ca": true
          }
        },
        "ManageChildren": {
          "UserIDs": {
            "c5818f81-ae4b-4d17-987f-743f19bdb0ca": true
          }
        }
      },
      "Slug": "helm-consul-secure-mesh-existing-secrets-confighub-proof",
      "SpaceID": "3bc78315-a575-43fb-a954-e43d48e97410",
      "UpdatedAt": "2026-06-12T17:03:51.703429Z",
      "Version": 2,
      "WhereTrigger": "SpaceID = '3bc78315-a575-43fb-a954-e43d48e97410'"
    },
    "Unit": {
      "ApprovedBy": null,
      "CreatedAt": "0001-01-01T00:00:00Z",
      "DataHash": "9c0169667c44e7ef13a03c18b1d6f4c3cd922132ca64b5cbf5d1a7aaac56ffb4",
      "EntityType": "Unit",
      "FromLinkID": null,
      "HeadRevisionNum": 2,
      "MutationSources": null,
      "OrganizationID": "12c33fa8-00b1-4011-ad3e-19d56458b29c",
      "Slug": "clusterrole-consul-consul-gateway-resources",
      "SpaceID": "3bc78315-a575-43fb-a954-e43d48e97410",
      "ToolchainType": "Kubernetes/YAML",
      "UnitID": "631573c4-6010-4d17-963d-5b83dea9818f",
      "UpdatedAt": "0001-01-01T00:00:00Z",
      "Version": 7
    },
    "UnitStatus": {
      "Action": "N/A",
      "ActionResult": "None",
      "ActionStartedAt": "0001-01-01T00:00:00Z",
      "ActionTerminatedAt": "0001-01-01T00:00:00Z",
      "Drift": "N/A",
      "Status": "NotLive",
      "SyncStatus": "NotLive"
    }
  },
  {
    "Space": {
      "CreatedAt": "2026-06-12T17:03:51.196638Z",
      "CursorID": 4655,
      "DisplayName": "helm-consul-secure-mesh-existing-secrets-confighub-proof",
      "EntityType": "Space",
      "Labels": {
        "Component": "Consul",
        "Environment": "Demo",
        "Layer": "App",
        "Owner": "ConfigHubHelm",
        "Variant": "secure-mesh-existing-secrets"
      },
      "OrganizationID": "12c33fa8-00b1-4011-ad3e-19d56458b29c",
      "Permissions": {
        "Manage": {
          "UserIDs": {
            "c5818f81-ae4b-4d17-987f-743f19bdb0ca": true
          }
        },
        "ManageChildren": {
          "UserIDs": {
            "c5818f81-ae4b-4d17-987f-743f19bdb0ca": true
          }
        }
      },
      "Slug": "helm-consul-secure-mesh-existing-secrets-confighub-proof",
      "SpaceID": "3bc78315-a575-43fb-a954-e43d48e97410",
      "UpdatedAt": "2026-06-12T17:03:51.703429Z",
      "Version": 2,
      "WhereTrigger": "SpaceID = '3bc78315-a575-43fb-a954-e43d48e97410'"
    },
    "Unit": {
      "ApprovedBy": null,
      "CreatedAt": "0001-01-01T00:00:00Z",
      "DataHash": "9d5cca400a2fc3e012309b53264824b0ba8eb9f24ec7e4e6b29fef7acdedc6e3",
      "EntityType": "Unit",
      "FromLinkID": null,
      "HeadRevisionNum": 2,
      "MutationSources": null,
      "OrganizationID": "12c33fa8-00b1-4011-ad3e-19d56458b29c",
      "Slug": "statefulset-consul-consul-consul-server",
      "SpaceID": "3bc78315-a575-43fb-a954-e43d48e97410",
      "ToolchainType": "Kubernetes/YAML",
      "UnitID": "fb938e48-64fa-4212-9404-04fe0e3bce58",
      "UpdatedAt": "0001-01-01T00:00:00Z",
      "Version": 22
    },
    "UnitStatus": {
      "Action": "N/A",
      "ActionResult": "None",
      "ActionStartedAt": "0001-01-01T00:00:00Z",
      "ActionTerminatedAt": "0001-01-01T00:00:00Z",
      "Drift": "N/A",
      "Status": "NotLive",
      "SyncStatus": "NotLive"
    }
  },
  {
    "Space": {
      "CreatedAt": "2026-06-12T17:03:51.196638Z",
      "CursorID": 4655,
      "DisplayName": "helm-consul-secure-mesh-existing-secrets-confighub-proof",
      "EntityType": "Space",
      "Labels": {
        "Component": "Consul",
        "Environment": "Demo",
        "Layer": "App",
        "Owner": "ConfigHubHelm",
        "Variant": "secure-mesh-existing-secrets"
      },
      "OrganizationID": "12c33fa8-00b1-4011-ad3e-19d56458b29c",
      "Permissions": {
        "Manage": {
          "UserIDs": {
            "c5818f81-ae4b-4d17-987f-743f19bdb0ca": true
          }
        },
        "ManageChildren": {
          "UserIDs": {
            "c5818f81-ae4b-4d17-987f-743f19bdb0ca": true
          }
        }
      },
      "Slug": "helm-consul-secure-mesh-existing-secrets-confighub-proof",
      "SpaceID": "3bc78315-a575-43fb-a954-e43d48e97410",
      "UpdatedAt": "2026-06-12T17:03:51.703429Z",
      "Version": 2,
      "WhereTrigger": "SpaceID = '3bc78315-a575-43fb-a954-e43d48e97410'"
    },
    "Unit": {
      "ApprovedBy": null,
      "CreatedAt": "0001-01-01T00:00:00Z",
      "DataHash": "1582760ee61601482f6a5872545bb73a6c6ecd130ce892e1924ceff122da08c5",
      "EntityType": "Unit",
      "FromLinkID": null,
      "HeadRevisionNum": 2,
      "MutationSources": null,
      "OrganizationID": "12c33fa8-00b1-4011-ad3e-19d56458b29c",
      "Slug": "clusterrolebinding-consul-consul-auth-method",
      "SpaceID": "3bc78315-a575-43fb-a954-e43d48e97410",
      "ToolchainType": "Kubernetes/YAML",
      "UnitID": "7ae99b97-c2dd-49d5-96d4-e72410a68f4e",
      "UpdatedAt": "0001-01-01T00:00:00Z",
      "Version": 15
    },
    "UnitStatus": {
      "Action": "N/A",
      "ActionResult": "None",
      "ActionStartedAt": "0001-01-01T00:00:00Z",
      "ActionTerminatedAt": "0001-01-01T00:00:00Z",
      "Drift": "N/A",
      "Status": "NotLive",
      "SyncStatus": "NotLive"
    }
  },
  {
    "Space": {
      "CreatedAt": "2026-06-12T17:03:51.196638Z",
      "CursorID": 4655,
      "DisplayName": "helm-consul-secure-mesh-existing-secrets-confighub-proof",
      "EntityType": "Space",
      "Labels": {
        "Component": "Consul",
        "Environment": "Demo",
        "Layer": "App",
        "Owner": "ConfigHubHelm",
        "Variant": "secure-mesh-existing-secrets"
      },
      "OrganizationID": "12c33fa8-00b1-4011-ad3e-19d56458b29c",
      "Permissions": {
        "Manage": {
          "UserIDs": {
            "c5818f81-ae4b-4d17-987f-743f19bdb0ca": true
          }
        },
        "ManageChildren": {
          "UserIDs": {
            "c5818f81-ae4b-4d17-987f-743f19bdb0ca": true
          }
        }
      },
      "Slug": "helm-consul-secure-mesh-existing-secrets-confighub-proof",
      "SpaceID": "3bc78315-a575-43fb-a954-e43d48e97410",
      "UpdatedAt": "2026-06-12T17:03:51.703429Z",
      "Version": 2,
      "WhereTrigger": "SpaceID = '3bc78315-a575-43fb-a954-e43d48e97410'"
    },
    "Unit": {
      "ApprovedBy": null,
      "CreatedAt": "0001-01-01T00:00:00Z",
      "DataHash": "874294486392864d2b0debd4bf4782027b7ae57e676700c211784ba8aca79a56",
      "EntityType": "Unit",
      "FromLinkID": null,
      "HeadRevisionNum": 2,
      "MutationSources": null,
      "OrganizationID": "12c33fa8-00b1-4011-ad3e-19d56458b29c",
      "Slug": "clusterrolebinding-consul-consul-authdelegator",
      "SpaceID": "3bc78315-a575-43fb-a954-e43d48e97410",
      "ToolchainType": "Kubernetes/YAML",
      "UnitID": "79c5f614-01ca-4779-9291-3375681e7f5a",
      "UpdatedAt": "0001-01-01T00:00:00Z",
      "Version": 12
    },
    "UnitStatus": {
      "Action": "N/A",
      "ActionResult": "None",
      "ActionStartedAt": "0001-01-01T00:00:00Z",
      "ActionTerminatedAt": "0001-01-01T00:00:00Z",
      "Drift": "N/A",
      "Status": "NotLive",
      "SyncStatus": "NotLive"
    }
  },
  {
    "Space": {
      "CreatedAt": "2026-06-12T17:03:51.196638Z",
      "CursorID": 4655,
      "DisplayName": "helm-consul-secure-mesh-existing-secrets-confighub-proof",
      "EntityType": "Space",
      "Labels": {
        "Component": "Consul",
        "Environment": "Demo",
        "Layer": "App",
        "Owner": "ConfigHubHelm",
        "Variant": "secure-mesh-existing-secrets"
      },
      "OrganizationID": "12c33fa8-00b1-4011-ad3e-19d56458b29c",
      "Permissions": {
        "Manage": {
          "UserIDs": {
            "c5818f81-ae4b-4d17-987f-743f19bdb0ca": true
          }
        },
        "ManageChildren": {
          "UserIDs": {
            "c5818f81-ae4b-4d17-987f-743f19bdb0ca": true
          }
        }
      },
      "Slug": "helm-consul-secure-mesh-existing-secrets-confighub-proof",
      "SpaceID": "3bc78315-a575-43fb-a954-e43d48e97410",
      "UpdatedAt": "2026-06-12T17:03:51.703429Z",
      "Version": 2,
      "WhereTrigger": "SpaceID = '3bc78315-a575-43fb-a954-e43d48e97410'"
    },
    "Unit": {
      "ApprovedBy": null,
      "CreatedAt": "0001-01-01T00:00:00Z",
      "DataHash": "6366397181519f944f93c7aa9281a8936d7836d4c3745861a386415daa76a7ce",
      "EntityType": "Unit",
      "FromLinkID": null,
      "HeadRevisionNum": 2,
      "MutationSources": null,
      "OrganizationID": "12c33fa8-00b1-4011-ad3e-19d56458b29c",
      "Slug": "role-consul-consul-consul-server-acl-init",
      "SpaceID": "3bc78315-a575-43fb-a954-e43d48e97410",
      "ToolchainType": "Kubernetes/YAML",
      "UnitID": "2fd81ac5-7d26-4b45-a7b1-4f5ca5d1ec60",
      "UpdatedAt": "0001-01-01T00:00:00Z",
      "Version": 10
    },
    "UnitStatus": {
      "Action": "N/A",
      "ActionResult": "None",
      "ActionStartedAt": "0001-01-01T00:00:00Z",
      "ActionTerminatedAt": "0001-01-01T00:00:00Z",
      "Drift": "N/A",
      "Status": "NotLive",
      "SyncStatus": "NotLive"
    }
  },
  {
    "Space": {
      "CreatedAt": "2026-06-12T17:03:51.196638Z",
      "CursorID": 4655,
      "DisplayName": "helm-consul-secure-mesh-existing-secrets-confighub-proof",
      "EntityType": "Space",
      "Labels": {
        "Component": "Consul",
        "Environment": "Demo",
        "Layer": "App",
        "Owner": "ConfigHubHelm",
        "Variant": "secure-mesh-existing-secrets"
      },
      "OrganizationID": "12c33fa8-00b1-4011-ad3e-19d56458b29c",
      "Permissions": {
        "Manage": {
          "UserIDs": {
            "c5818f81-ae4b-4d17-987f-743f19bdb0ca": true
          }
        },
        "ManageChildren": {
          "UserIDs": {
            "c5818f81-ae4b-4d17-987f-743f19bdb0ca": true
          }
        }
      },
      "Slug": "helm-consul-secure-mesh-existing-secrets-confighub-proof",
      "SpaceID": "3bc78315-a575-43fb-a954-e43d48e97410",
      "UpdatedAt": "2026-06-12T17:03:51.703429Z",
      "Version": 2,
      "WhereTrigger": "SpaceID = '3bc78315-a575-43fb-a954-e43d48e97410'"
    },
    "Unit": {
      "ApprovedBy": null,
      "CreatedAt": "0001-01-01T00:00:00Z",
      "DataHash": "3f2980995f56fd708dcc6a898c8066d5d958896efa269088dc9d495f299228c2",
      "EntityType": "Unit",
      "FromLinkID": null,
      "HeadRevisionNum": 2,
      "MutationSources": null,
      "OrganizationID": "12c33fa8-00b1-4011-ad3e-19d56458b29c",
      "Slug": "clusterrolebinding-consul-consul-connect-injector",
      "SpaceID": "3bc78315-a575-43fb-a954-e43d48e97410",
      "ToolchainType": "Kubernetes/YAML",
      "UnitID": "5c5294f8-8ee9-4ac8-a9ce-bfb1814e6548",
      "UpdatedAt": "0001-01-01T00:00:00Z",
      "Version": 15
    },
    "UnitStatus": {
      "Action": "N/A",
      "ActionResult": "None",
      "ActionStartedAt": "0001-01-01T00:00:00Z",
      "ActionTerminatedAt": "0001-01-01T00:00:00Z",
      "Drift": "N/A",
      "Status": "NotLive",
      "SyncStatus": "NotLive"
    }
  },
  {
    "Space": {
      "CreatedAt": "2026-06-12T17:03:51.196638Z",
      "CursorID": 4655,
      "DisplayName": "helm-consul-secure-mesh-existing-secrets-confighub-proof",
      "EntityType": "Space",
      "Labels": {
        "Component": "Consul",
        "Environment": "Demo",
        "Layer": "App",
        "Owner": "ConfigHubHelm",
        "Variant": "secure-mesh-existing-secrets"
      },
      "OrganizationID": "12c33fa8-00b1-4011-ad3e-19d56458b29c",
      "Permissions": {
        "Manage": {
          "UserIDs": {
            "c5818f81-ae4b-4d17-987f-743f19bdb0ca": true
          }
        },
        "ManageChildren": {
          "UserIDs": {
            "c5818f81-ae4b-4d17-987f-743f19bdb0ca": true
          }
        }
      },
      "Slug": "helm-consul-secure-mesh-existing-secrets-confighub-proof",
      "SpaceID": "3bc78315-a575-43fb-a954-e43d48e97410",
      "UpdatedAt": "2026-06-12T17:03:51.703429Z",
      "Version": 2,
      "WhereTrigger": "SpaceID = '3bc78315-a575-43fb-a954-e43d48e97410'"
    },
    "Unit": {
      "ApprovedBy": null,
      "CreatedAt": "0001-01-01T00:00:00Z",
      "DataHash": "d7a5fa2620eecc0c3a5e9ae79fe3c7781ae4978e6051970e0f72bea860723a35",
      "EntityType": "Unit",
      "FromLinkID": null,
      "HeadRevisionNum": 2,
      "MutationSources": null,
      "OrganizationID": "12c33fa8-00b1-4011-ad3e-19d56458b29c",
      "Slug": "clusterrolebinding-consul-consul-gateway-cleanup",
      "SpaceID": "3bc78315-a575-43fb-a954-e43d48e97410",
      "ToolchainType": "Kubernetes/YAML",
      "UnitID": "741cbbd7-d4e2-476b-958c-fbab3e3792aa",
      "UpdatedAt": "0001-01-01T00:00:00Z",
      "Version": 15
    },
    "UnitStatus": {
      "Action": "N/A",
      "ActionResult": "None",
      "ActionStartedAt": "0001-01-01T00:00:00Z",
      "ActionTerminatedAt": "0001-01-01T00:00:00Z",
      "Drift": "N/A",
      "Status": "NotLive",
      "SyncStatus": "NotLive"
    }
  },
  {
    "Space": {
      "CreatedAt": "2026-06-12T17:03:51.196638Z",
      "CursorID": 4655,
      "DisplayName": "helm-consul-secure-mesh-existing-secrets-confighub-proof",
      "EntityType": "Space",
      "Labels": {
        "Component": "Consul",
        "Environment": "Demo",
        "Layer": "App",
        "Owner": "ConfigHubHelm",
        "Variant": "secure-mesh-existing-secrets"
      },
      "OrganizationID": "12c33fa8-00b1-4011-ad3e-19d56458b29c",
      "Permissions": {
        "Manage": {
          "UserIDs": {
            "c5818f81-ae4b-4d17-987f-743f19bdb0ca": true
          }
        },
        "ManageChildren": {
          "UserIDs": {
            "c5818f81-ae4b-4d17-987f-743f19bdb0ca": true
          }
        }
      },
      "Slug": "helm-consul-secure-mesh-existing-secrets-confighub-proof",
      "SpaceID": "3bc78315-a575-43fb-a954-e43d48e97410",
      "UpdatedAt": "2026-06-12T17:03:51.703429Z",
      "Version": 2,
      "WhereTrigger": "SpaceID = '3bc78315-a575-43fb-a954-e43d48e97410'"
    },
    "Unit": {
      "ApprovedBy": null,
      "CreatedAt": "0001-01-01T00:00:00Z",
      "DataHash": "a77070be8a4b89e009048198ec32bf95f7aa6a2847aa83763c8f5213d9e6884a",
      "EntityType": "Unit",
      "FromLinkID": null,
      "HeadRevisionNum": 2,
      "MutationSources": null,
      "OrganizationID": "12c33fa8-00b1-4011-ad3e-19d56458b29c",
      "Slug": "rolebinding-consul-consul-consul-server-acl-init",
      "SpaceID": "3bc78315-a575-43fb-a954-e43d48e97410",
      "ToolchainType": "Kubernetes/YAML",
      "UnitID": "abd06b8b-a39f-494e-87a0-1b8f8cb8664e",
      "UpdatedAt": "0001-01-01T00:00:00Z",
      "Version": 15
    },
    "UnitStatus": {
      "Action": "N/A",
      "ActionResult": "None",
      "ActionStartedAt": "0001-01-01T00:00:00Z",
      "ActionTerminatedAt": "0001-01-01T00:00:00Z",
      "Drift": "N/A",
      "Status": "NotLive",
      "SyncStatus": "NotLive"
    }
  },
  {
    "Space": {
      "CreatedAt": "2026-06-12T17:03:51.196638Z",
      "CursorID": 4655,
      "DisplayName": "helm-consul-secure-mesh-existing-secrets-confighub-proof",
      "EntityType": "Space",
      "Labels": {
        "Component": "Consul",
        "Environment": "Demo",
        "Layer": "App",
        "Owner": "ConfigHubHelm",
        "Variant": "secure-mesh-existing-secrets"
      },
      "OrganizationID": "12c33fa8-00b1-4011-ad3e-19d56458b29c",
      "Permissions": {
        "Manage": {
          "UserIDs": {
            "c5818f81-ae4b-4d17-987f-743f19bdb0ca": true
          }
        },
        "ManageChildren": {
          "UserIDs": {
            "c5818f81-ae4b-4d17-987f-743f19bdb0ca": true
          }
        }
      },
      "Slug": "helm-consul-secure-mesh-existing-secrets-confighub-proof",
      "SpaceID": "3bc78315-a575-43fb-a954-e43d48e97410",
      "UpdatedAt": "2026-06-12T17:03:51.703429Z",
      "Version": 2,
      "WhereTrigger": "SpaceID = '3bc78315-a575-43fb-a954-e43d48e97410'"
    },
    "Unit": {
      "ApprovedBy": null,
      "CreatedAt": "0001-01-01T00:00:00Z",
      "DataHash": "1f8f4f47de4f8760284859ca89a4fb703de58ce0cee439ee555c62ee40d83ee6",
      "EntityType": "Unit",
      "FromLinkID": null,
      "HeadRevisionNum": 2,
      "MutationSources": null,
      "OrganizationID": "12c33fa8-00b1-4011-ad3e-19d56458b29c",
      "Slug": "clusterrolebinding-consul-consul-gateway-cleanup-custom",
      "SpaceID": "3bc78315-a575-43fb-a954-e43d48e97410",
      "ToolchainType": "Kubernetes/YAML",
      "UnitID": "dae38197-c2ce-493a-b566-7f4ab58b9976",
      "UpdatedAt": "0001-01-01T00:00:00Z",
      "Version": 15
    },
    "UnitStatus": {
      "Action": "N/A",
      "ActionResult": "None",
      "ActionStartedAt": "0001-01-01T00:00:00Z",
      "ActionTerminatedAt": "0001-01-01T00:00:00Z",
      "Drift": "N/A",
      "Status": "NotLive",
      "SyncStatus": "NotLive"
    }
  },
  {
    "Space": {
      "CreatedAt": "2026-06-12T17:03:51.196638Z",
      "CursorID": 4655,
      "DisplayName": "helm-consul-secure-mesh-existing-secrets-confighub-proof",
      "EntityType": "Space",
      "Labels": {
        "Component": "Consul",
        "Environment": "Demo",
        "Layer": "App",
        "Owner": "ConfigHubHelm",
        "Variant": "secure-mesh-existing-secrets"
      },
      "OrganizationID": "12c33fa8-00b1-4011-ad3e-19d56458b29c",
      "Permissions": {
        "Manage": {
          "UserIDs": {
            "c5818f81-ae4b-4d17-987f-743f19bdb0ca": true
          }
        },
        "ManageChildren": {
          "UserIDs": {
            "c5818f81-ae4b-4d17-987f-743f19bdb0ca": true
          }
        }
      },
      "Slug": "helm-consul-secure-mesh-existing-secrets-confighub-proof",
      "SpaceID": "3bc78315-a575-43fb-a954-e43d48e97410",
      "UpdatedAt": "2026-06-12T17:03:51.703429Z",
      "Version": 2,
      "WhereTrigger": "SpaceID = '3bc78315-a575-43fb-a954-e43d48e97410'"
    },
    "Unit": {
      "ApprovedBy": null,
      "CreatedAt": "0001-01-01T00:00:00Z",
      "DataHash": "0face963a4cea5b3656614bf5c17d1d8162617be45157c12dda9e23c122f5111",
      "EntityType": "Unit",
      "FromLinkID": null,
      "HeadRevisionNum": 2,
      "MutationSources": null,
      "OrganizationID": "12c33fa8-00b1-4011-ad3e-19d56458b29c",
      "Slug": "clusterrole-consul-consul-webhook-cert-manager",
      "SpaceID": "3bc78315-a575-43fb-a954-e43d48e97410",
      "ToolchainType": "Kubernetes/YAML",
      "UnitID": "635b19f0-da69-4123-acc9-fb95c51bf525",
      "UpdatedAt": "0001-01-01T00:00:00Z",
      "Version": 7
    },
    "UnitStatus": {
      "Action": "N/A",
      "ActionResult": "None",
      "ActionStartedAt": "0001-01-01T00:00:00Z",
      "ActionTerminatedAt": "0001-01-01T00:00:00Z",
      "Drift": "N/A",
      "Status": "NotLive",
      "SyncStatus": "NotLive"
    }
  },
  {
    "Space": {
      "CreatedAt": "2026-06-12T17:03:51.196638Z",
      "CursorID": 4655,
      "DisplayName": "helm-consul-secure-mesh-existing-secrets-confighub-proof",
      "EntityType": "Space",
      "Labels": {
        "Component": "Consul",
        "Environment": "Demo",
        "Layer": "App",
        "Owner": "ConfigHubHelm",
        "Variant": "secure-mesh-existing-secrets"
      },
      "OrganizationID": "12c33fa8-00b1-4011-ad3e-19d56458b29c",
      "Permissions": {
        "Manage": {
          "UserIDs": {
            "c5818f81-ae4b-4d17-987f-743f19bdb0ca": true
          }
        },
        "ManageChildren": {
          "UserIDs": {
            "c5818f81-ae4b-4d17-987f-743f19bdb0ca": true
          }
        }
      },
      "Slug": "helm-consul-secure-mesh-existing-secrets-confighub-proof",
      "SpaceID": "3bc78315-a575-43fb-a954-e43d48e97410",
      "UpdatedAt": "2026-06-12T17:03:51.703429Z",
      "Version": 2,
      "WhereTrigger": "SpaceID = '3bc78315-a575-43fb-a954-e43d48e97410'"
    },
    "Unit": {
      "ApprovedBy": null,
      "CreatedAt": "0001-01-01T00:00:00Z",
      "DataHash": "f11939ada8d794d55a66c2b0394d018325cad7b9b734deb521e5fa726fa71913",
      "EntityType": "Unit",
      "FromLinkID": null,
      "HeadRevisionNum": 2,
      "MutationSources": null,
      "OrganizationID": "12c33fa8-00b1-4011-ad3e-19d56458b29c",
      "Slug": "clusterrolebinding-consul-consul-gateway-resources",
      "SpaceID": "3bc78315-a575-43fb-a954-e43d48e97410",
      "ToolchainType": "Kubernetes/YAML",
      "UnitID": "14a2ae73-6604-47e3-bb13-4f9c5808ced2",
      "UpdatedAt": "0001-01-01T00:00:00Z",
      "Version": 15
    },
    "UnitStatus": {
      "Action": "N/A",
      "ActionResult": "None",
      "ActionStartedAt": "0001-01-01T00:00:00Z",
      "ActionTerminatedAt": "0001-01-01T00:00:00Z",
      "Drift": "N/A",
      "Status": "NotLive",
      "SyncStatus": "NotLive"
    }
  },
  {
    "Space": {
      "CreatedAt": "2026-06-12T17:03:51.196638Z",
      "CursorID": 4655,
      "DisplayName": "helm-consul-secure-mesh-existing-secrets-confighub-proof",
      "EntityType": "Space",
      "Labels": {
        "Component": "Consul",
        "Environment": "Demo",
        "Layer": "App",
        "Owner": "ConfigHubHelm",
        "Variant": "secure-mesh-existing-secrets"
      },
      "OrganizationID": "12c33fa8-00b1-4011-ad3e-19d56458b29c",
      "Permissions": {
        "Manage": {
          "UserIDs": {
            "c5818f81-ae4b-4d17-987f-743f19bdb0ca": true
          }
        },
        "ManageChildren": {
          "UserIDs": {
            "c5818f81-ae4b-4d17-987f-743f19bdb0ca": true
          }
        }
      },
      "Slug": "helm-consul-secure-mesh-existing-secrets-confighub-proof",
      "SpaceID": "3bc78315-a575-43fb-a954-e43d48e97410",
      "UpdatedAt": "2026-06-12T17:03:51.703429Z",
      "Version": 2,
      "WhereTrigger": "SpaceID = '3bc78315-a575-43fb-a954-e43d48e97410'"
    },
    "Unit": {
      "ApprovedBy": null,
      "CreatedAt": "0001-01-01T00:00:00Z",
      "DataHash": "4d5b0d9da294a2efcacfaae3cfcf1630676bae414c66dfb7b9a2eb36f4bccb83",
      "EntityType": "Unit",
      "FromLinkID": null,
      "HeadRevisionNum": 1,
      "MutationSources": null,
      "OrganizationID": "12c33fa8-00b1-4011-ad3e-19d56458b29c",
      "Slug": "role-consul-consul-consul-terminating-gateway",
      "SpaceID": "3bc78315-a575-43fb-a954-e43d48e97410",
      "ToolchainType": "Kubernetes/YAML",
      "UnitID": "021cacf5-fbd2-4011-a1c3-8112bf5ceea4",
      "UpdatedAt": "0001-01-01T00:00:00Z",
      "Version": 6
    },
    "UnitStatus": {
      "Action": "N/A",
      "ActionResult": "None",
      "ActionStartedAt": "0001-01-01T00:00:00Z",
      "ActionTerminatedAt": "0001-01-01T00:00:00Z",
      "Drift": "N/A",
      "Status": "NotLive",
      "SyncStatus": "NotLive"
    }
  },
  {
    "Space": {
      "CreatedAt": "2026-06-12T17:03:51.196638Z",
      "CursorID": 4655,
      "DisplayName": "helm-consul-secure-mesh-existing-secrets-confighub-proof",
      "EntityType": "Space",
      "Labels": {
        "Component": "Consul",
        "Environment": "Demo",
        "Layer": "App",
        "Owner": "ConfigHubHelm",
        "Variant": "secure-mesh-existing-secrets"
      },
      "OrganizationID": "12c33fa8-00b1-4011-ad3e-19d56458b29c",
      "Permissions": {
        "Manage": {
          "UserIDs": {
            "c5818f81-ae4b-4d17-987f-743f19bdb0ca": true
          }
        },
        "ManageChildren": {
          "UserIDs": {
            "c5818f81-ae4b-4d17-987f-743f19bdb0ca": true
          }
        }
      },
      "Slug": "helm-consul-secure-mesh-existing-secrets-confighub-proof",
      "SpaceID": "3bc78315-a575-43fb-a954-e43d48e97410",
      "UpdatedAt": "2026-06-12T17:03:51.703429Z",
      "Version": 2,
      "WhereTrigger": "SpaceID = '3bc78315-a575-43fb-a954-e43d48e97410'"
    },
    "Unit": {
      "ApprovedBy": null,
      "CreatedAt": "0001-01-01T00:00:00Z",
      "DataHash": "24a375595184b33ca18dfdafe5181df0208767f5d943f8c46d0344f2c57f3da5",
      "EntityType": "Unit",
      "FromLinkID": null,
      "HeadRevisionNum": 2,
      "MutationSources": null,
      "OrganizationID": "12c33fa8-00b1-4011-ad3e-19d56458b29c",
      "Slug": "clusterrolebinding-consul-consul-mesh-gateway",
      "SpaceID": "3bc78315-a575-43fb-a954-e43d48e97410",
      "ToolchainType": "Kubernetes/YAML",
      "UnitID": "3add493e-3284-4768-be57-5ac0f7070f77",
      "UpdatedAt": "0001-01-01T00:00:00Z",
      "Version": 15
    },
    "UnitStatus": {
      "Action": "N/A",
      "ActionResult": "None",
      "ActionStartedAt": "0001-01-01T00:00:00Z",
      "ActionTerminatedAt": "0001-01-01T00:00:00Z",
      "Drift": "N/A",
      "Status": "NotLive",
      "SyncStatus": "NotLive"
    }
  },
  {
    "Space": {
      "CreatedAt": "2026-06-12T17:03:51.196638Z",
      "CursorID": 4655,
      "DisplayName": "helm-consul-secure-mesh-existing-secrets-confighub-proof",
      "EntityType": "Space",
      "Labels": {
        "Component": "Consul",
        "Environment": "Demo",
        "Layer": "App",
        "Owner": "ConfigHubHelm",
        "Variant": "secure-mesh-existing-secrets"
      },
      "OrganizationID": "12c33fa8-00b1-4011-ad3e-19d56458b29c",
      "Permissions": {
        "Manage": {
          "UserIDs": {
            "c5818f81-ae4b-4d17-987f-743f19bdb0ca": true
          }
        },
        "ManageChildren": {
          "UserIDs": {
            "c5818f81-ae4b-4d17-987f-743f19bdb0ca": true
          }
        }
      },
      "Slug": "helm-consul-secure-mesh-existing-secrets-confighub-proof",
      "SpaceID": "3bc78315-a575-43fb-a954-e43d48e97410",
      "UpdatedAt": "2026-06-12T17:03:51.703429Z",
      "Version": 2,
      "WhereTrigger": "SpaceID = '3bc78315-a575-43fb-a954-e43d48e97410'"
    },
    "Unit": {
      "ApprovedBy": null,
      "CreatedAt": "0001-01-01T00:00:00Z",
      "DataHash": "4b113a447bb57af3db4fb7e3b8b55fd9fe19a042b3b39b574711d50a312f4b6a",
      "EntityType": "Unit",
      "FromLinkID": null,
      "HeadRevisionNum": 1,
      "MutationSources": null,
      "OrganizationID": "12c33fa8-00b1-4011-ad3e-19d56458b29c",
      "Slug": "configmap-consul-consul-consul-gateway-resources-config-custom",
      "SpaceID": "3bc78315-a575-43fb-a954-e43d48e97410",
      "ToolchainType": "Kubernetes/YAML",
      "UnitID": "b7d27995-4f95-4bf7-bcc2-62d4dfa56a63",
      "UpdatedAt": "0001-01-01T00:00:00Z",
      "Version": 6
    },
    "UnitStatus": {
      "Action": "N/A",
      "ActionResult": "None",
      "ActionStartedAt": "0001-01-01T00:00:00Z",
      "ActionTerminatedAt": "0001-01-01T00:00:00Z",
      "Drift": "N/A",
      "Status": "NotLive",
      "SyncStatus": "NotLive"
    }
  },
  {
    "Space": {
      "CreatedAt": "2026-06-12T17:03:51.196638Z",
      "CursorID": 4655,
      "DisplayName": "helm-consul-secure-mesh-existing-secrets-confighub-proof",
      "EntityType": "Space",
      "Labels": {
        "Component": "Consul",
        "Environment": "Demo",
        "Layer": "App",
        "Owner": "ConfigHubHelm",
        "Variant": "secure-mesh-existing-secrets"
      },
      "OrganizationID": "12c33fa8-00b1-4011-ad3e-19d56458b29c",
      "Permissions": {
        "Manage": {
          "UserIDs": {
            "c5818f81-ae4b-4d17-987f-743f19bdb0ca": true
          }
        },
        "ManageChildren": {
          "UserIDs": {
            "c5818f81-ae4b-4d17-987f-743f19bdb0ca": true
          }
        }
      },
      "Slug": "helm-consul-secure-mesh-existing-secrets-confighub-proof",
      "SpaceID": "3bc78315-a575-43fb-a954-e43d48e97410",
      "UpdatedAt": "2026-06-12T17:03:51.703429Z",
      "Version": 2,
      "WhereTrigger": "SpaceID = '3bc78315-a575-43fb-a954-e43d48e97410'"
    },
    "Unit": {
      "ApprovedBy": null,
      "CreatedAt": "0001-01-01T00:00:00Z",
      "DataHash": "198aecacc59b160ea572881374bfced59ce090ea86c09796dce338b2e4202133",
      "EntityType": "Unit",
      "FromLinkID": null,
      "HeadRevisionNum": 1,
      "MutationSources": null,
      "OrganizationID": "12c33fa8-00b1-4011-ad3e-19d56458b29c",
      "Slug": "configmap-consul-consul-consul-gateway-resources-config",
      "SpaceID": "3bc78315-a575-43fb-a954-e43d48e97410",
      "ToolchainType": "Kubernetes/YAML",
      "UnitID": "7002abb7-8769-4d78-bd5e-1f611f7bc558",
      "UpdatedAt": "0001-01-01T00:00:00Z",
      "Version": 6
    },
    "UnitStatus": {
      "Action": "N/A",
      "ActionResult": "None",
      "ActionStartedAt": "0001-01-01T00:00:00Z",
      "ActionTerminatedAt": "0001-01-01T00:00:00Z",
      "Drift": "N/A",
      "Status": "NotLive",
      "SyncStatus": "NotLive"
    }
  },
  {
    "Space": {
      "CreatedAt": "2026-06-12T17:03:51.196638Z",
      "CursorID": 4655,
      "DisplayName": "helm-consul-secure-mesh-existing-secrets-confighub-proof",
      "EntityType": "Space",
      "Labels": {
        "Component": "Consul",
        "Environment": "Demo",
        "Layer": "App",
        "Owner": "ConfigHubHelm",
        "Variant": "secure-mesh-existing-secrets"
      },
      "OrganizationID": "12c33fa8-00b1-4011-ad3e-19d56458b29c",
      "Permissions": {
        "Manage": {
          "UserIDs": {
            "c5818f81-ae4b-4d17-987f-743f19bdb0ca": true
          }
        },
        "ManageChildren": {
          "UserIDs": {
            "c5818f81-ae4b-4d17-987f-743f19bdb0ca": true
          }
        }
      },
      "Slug": "helm-consul-secure-mesh-existing-secrets-confighub-proof",
      "SpaceID": "3bc78315-a575-43fb-a954-e43d48e97410",
      "UpdatedAt": "2026-06-12T17:03:51.703429Z",
      "Version": 2,
      "WhereTrigger": "SpaceID = '3bc78315-a575-43fb-a954-e43d48e97410'"
    },
    "Unit": {
      "ApprovedBy": null,
      "CreatedAt": "0001-01-01T00:00:00Z",
      "DataHash": "49c5e027fa088001ce89961da98dbe85f0182cf5475059543b4c20e8c34b1713",
      "EntityType": "Unit",
      "FromLinkID": null,
      "HeadRevisionNum": 1,
      "MutationSources": null,
      "OrganizationID": "12c33fa8-00b1-4011-ad3e-19d56458b29c",
      "Slug": "configmap-consul-consul-consul-server-config",
      "SpaceID": "3bc78315-a575-43fb-a954-e43d48e97410",
      "ToolchainType": "Kubernetes/YAML",
      "UnitID": "0a01b23c-297d-459c-b43e-ffe22732c7d1",
      "UpdatedAt": "0001-01-01T00:00:00Z",
      "Version": 6
    },
    "UnitStatus": {
      "Action": "N/A",
      "ActionResult": "None",
      "ActionStartedAt": "0001-01-01T00:00:00Z",
      "ActionTerminatedAt": "0001-01-01T00:00:00Z",
      "Drift": "N/A",
      "Status": "NotLive",
      "SyncStatus": "NotLive"
    }
  },
  {
    "Space": {
      "CreatedAt": "2026-06-12T17:03:51.196638Z",
      "CursorID": 4655,
      "DisplayName": "helm-consul-secure-mesh-existing-secrets-confighub-proof",
      "EntityType": "Space",
      "Labels": {
        "Component": "Consul",
        "Environment": "Demo",
        "Layer": "App",
        "Owner": "ConfigHubHelm",
        "Variant": "secure-mesh-existing-secrets"
      },
      "OrganizationID": "12c33fa8-00b1-4011-ad3e-19d56458b29c",
      "Permissions": {
        "Manage": {
          "UserIDs": {
            "c5818f81-ae4b-4d17-987f-743f19bdb0ca": true
          }
        },
        "ManageChildren": {
          "UserIDs": {
            "c5818f81-ae4b-4d17-987f-743f19bdb0ca": true
          }
        }
      },
      "Slug": "helm-consul-secure-mesh-existing-secrets-confighub-proof",
      "SpaceID": "3bc78315-a575-43fb-a954-e43d48e97410",
      "UpdatedAt": "2026-06-12T17:03:51.703429Z",
      "Version": 2,
      "WhereTrigger": "SpaceID = '3bc78315-a575-43fb-a954-e43d48e97410'"
    },
    "Unit": {
      "ApprovedBy": null,
      "CreatedAt": "0001-01-01T00:00:00Z",
      "DataHash": "d6e1a280dcde9712233de944fbb51542544e73dc32ce7d125d231a1da7dc5e0f",
      "EntityType": "Unit",
      "FromLinkID": null,
      "HeadRevisionNum": 1,
      "MutationSources": null,
      "OrganizationID": "12c33fa8-00b1-4011-ad3e-19d56458b29c",
      "Slug": "configmap-consul-consul-consul-server-tmp-extra-config",
      "SpaceID": "3bc78315-a575-43fb-a954-e43d48e97410",
      "ToolchainType": "Kubernetes/YAML",
      "UnitID": "494b905d-1d90-4203-8fc3-1548325389ab",
      "UpdatedAt": "0001-01-01T00:00:00Z",
      "Version": 6
    },
    "UnitStatus": {
      "Action": "N/A",
      "ActionResult": "None",
      "ActionStartedAt": "0001-01-01T00:00:00Z",
      "ActionTerminatedAt": "0001-01-01T00:00:00Z",
      "Drift": "N/A",
      "Status": "NotLive",
      "SyncStatus": "NotLive"
    }
  },
  {
    "Space": {
      "CreatedAt": "2026-06-12T17:03:51.196638Z",
      "CursorID": 4655,
      "DisplayName": "helm-consul-secure-mesh-existing-secrets-confighub-proof",
      "EntityType": "Space",
      "Labels": {
        "Component": "Consul",
        "Environment": "Demo",
        "Layer": "App",
        "Owner": "ConfigHubHelm",
        "Variant": "secure-mesh-existing-secrets"
      },
      "OrganizationID": "12c33fa8-00b1-4011-ad3e-19d56458b29c",
      "Permissions": {
        "Manage": {
          "UserIDs": {
            "c5818f81-ae4b-4d17-987f-743f19bdb0ca": true
          }
        },
        "ManageChildren": {
          "UserIDs": {
            "c5818f81-ae4b-4d17-987f-743f19bdb0ca": true
          }
        }
      },
      "Slug": "helm-consul-secure-mesh-existing-secrets-confighub-proof",
      "SpaceID": "3bc78315-a575-43fb-a954-e43d48e97410",
      "UpdatedAt": "2026-06-12T17:03:51.703429Z",
      "Version": 2,
      "WhereTrigger": "SpaceID = '3bc78315-a575-43fb-a954-e43d48e97410'"
    },
    "Unit": {
      "ApprovedBy": null,
      "CreatedAt": "0001-01-01T00:00:00Z",
      "DataHash": "d2d9e002c6eeba18f60e6fb2a26a8f98043cc57214136e8ab8ba6f7609314aac",
      "EntityType": "Unit",
      "FromLinkID": null,
      "HeadRevisionNum": 2,
      "MutationSources": null,
      "OrganizationID": "12c33fa8-00b1-4011-ad3e-19d56458b29c",
      "Slug": "rolebinding-consul-consul-consul-server-acl-init-cleanup",
      "SpaceID": "3bc78315-a575-43fb-a954-e43d48e97410",
      "ToolchainType": "Kubernetes/YAML",
      "UnitID": "72a7052c-3c24-40c3-bb52-38554789f87c",
      "UpdatedAt": "0001-01-01T00:00:00Z",
      "Version": 12
    },
    "UnitStatus": {
      "Action": "N/A",
      "ActionResult": "None",
      "ActionStartedAt": "0001-01-01T00:00:00Z",
      "ActionTerminatedAt": "0001-01-01T00:00:00Z",
      "Drift": "N/A",
      "Status": "NotLive",
      "SyncStatus": "NotLive"
    }
  },
  {
    "Space": {
      "CreatedAt": "2026-06-12T17:03:51.196638Z",
      "CursorID": 4655,
      "DisplayName": "helm-consul-secure-mesh-existing-secrets-confighub-proof",
      "EntityType": "Space",
      "Labels": {
        "Component": "Consul",
        "Environment": "Demo",
        "Layer": "App",
        "Owner": "ConfigHubHelm",
        "Variant": "secure-mesh-existing-secrets"
      },
      "OrganizationID": "12c33fa8-00b1-4011-ad3e-19d56458b29c",
      "Permissions": {
        "Manage": {
          "UserIDs": {
            "c5818f81-ae4b-4d17-987f-743f19bdb0ca": true
          }
        },
        "ManageChildren": {
          "UserIDs": {
            "c5818f81-ae4b-4d17-987f-743f19bdb0ca": true
          }
        }
      },
      "Slug": "helm-consul-secure-mesh-existing-secrets-confighub-proof",
      "SpaceID": "3bc78315-a575-43fb-a954-e43d48e97410",
      "UpdatedAt": "2026-06-12T17:03:51.703429Z",
      "Version": 2,
      "WhereTrigger": "SpaceID = '3bc78315-a575-43fb-a954-e43d48e97410'"
    },
    "Unit": {
      "ApprovedBy": null,
      "CreatedAt": "0001-01-01T00:00:00Z",
      "DataHash": "fbe88a6de592059251d97abbda616eb8b4e9e66a25076decf65d20f0c0aa9d7d",
      "EntityType": "Unit",
      "FromLinkID": null,
      "HeadRevisionNum": 1,
      "MutationSources": null,
      "OrganizationID": "12c33fa8-00b1-4011-ad3e-19d56458b29c",
      "Slug": "serviceaccount-consul-consul-consul-server-acl-init",
      "SpaceID": "3bc78315-a575-43fb-a954-e43d48e97410",
      "ToolchainType": "Kubernetes/YAML",
      "UnitID": "b338a3ef-4291-4bab-bf3c-8df50b41de08",
      "UpdatedAt": "0001-01-01T00:00:00Z",
      "Version": 6
    },
    "UnitStatus": {
      "Action": "N/A",
      "ActionResult": "None",
      "ActionStartedAt": "0001-01-01T00:00:00Z",
      "ActionTerminatedAt": "0001-01-01T00:00:00Z",
      "Drift": "N/A",
      "Status": "NotLive",
      "SyncStatus": "NotLive"
    }
  },
  {
    "Space": {
      "CreatedAt": "2026-06-12T17:03:51.196638Z",
      "CursorID": 4655,
      "DisplayName": "helm-consul-secure-mesh-existing-secrets-confighub-proof",
      "EntityType": "Space",
      "Labels": {
        "Component": "Consul",
        "Environment": "Demo",
        "Layer": "App",
        "Owner": "ConfigHubHelm",
        "Variant": "secure-mesh-existing-secrets"
      },
      "OrganizationID": "12c33fa8-00b1-4011-ad3e-19d56458b29c",
      "Permissions": {
        "Manage": {
          "UserIDs": {
            "c5818f81-ae4b-4d17-987f-743f19bdb0ca": true
          }
        },
        "ManageChildren": {
          "UserIDs": {
            "c5818f81-ae4b-4d17-987f-743f19bdb0ca": true
          }
        }
      },
      "Slug": "helm-consul-secure-mesh-existing-secrets-confighub-proof",
      "SpaceID": "3bc78315-a575-43fb-a954-e43d48e97410",
      "UpdatedAt": "2026-06-12T17:03:51.703429Z",
      "Version": 2,
      "WhereTrigger": "SpaceID = '3bc78315-a575-43fb-a954-e43d48e97410'"
    },
    "Unit": {
      "ApprovedBy": null,
      "CreatedAt": "0001-01-01T00:00:00Z",
      "DataHash": "84c8db095293be007bfa36f6fe30add8c720c52399d1a2fd8104ba0cbb749650",
      "EntityType": "Unit",
      "FromLinkID": null,
      "HeadRevisionNum": 2,
      "MutationSources": null,
      "OrganizationID": "12c33fa8-00b1-4011-ad3e-19d56458b29c",
      "Slug": "customresourcedefinition-gatewayclassconfigs-consul-hashicorp-com",
      "SpaceID": "3bc78315-a575-43fb-a954-e43d48e97410",
      "ToolchainType": "Kubernetes/YAML",
      "UnitID": "b111aeb0-6bf0-4b38-8aaa-63f81c2daed3",
      "UpdatedAt": "0001-01-01T00:00:00Z",
      "Version": 6
    },
    "UnitStatus": {
      "Action": "N/A",
      "ActionResult": "None",
      "ActionStartedAt": "0001-01-01T00:00:00Z",
      "ActionTerminatedAt": "0001-01-01T00:00:00Z",
      "Drift": "N/A",
      "Status": "NotLive",
      "SyncStatus": "NotLive"
    }
  },
  {
    "Space": {
      "CreatedAt": "2026-06-12T17:03:51.196638Z",
      "CursorID": 4655,
      "DisplayName": "helm-consul-secure-mesh-existing-secrets-confighub-proof",
      "EntityType": "Space",
      "Labels": {
        "Component": "Consul",
        "Environment": "Demo",
        "Layer": "App",
        "Owner": "ConfigHubHelm",
        "Variant": "secure-mesh-existing-secrets"
      },
      "OrganizationID": "12c33fa8-00b1-4011-ad3e-19d56458b29c",
      "Permissions": {
        "Manage": {
          "UserIDs": {
            "c5818f81-ae4b-4d17-987f-743f19bdb0ca": true
          }
        },
        "ManageChildren": {
          "UserIDs": {
            "c5818f81-ae4b-4d17-987f-743f19bdb0ca": true
          }
        }
      },
      "Slug": "helm-consul-secure-mesh-existing-secrets-confighub-proof",
      "SpaceID": "3bc78315-a575-43fb-a954-e43d48e97410",
      "UpdatedAt": "2026-06-12T17:03:51.703429Z",
      "Version": 2,
      "WhereTrigger": "SpaceID = '3bc78315-a575-43fb-a954-e43d48e97410'"
    },
    "Unit": {
      "ApprovedBy": null,
      "CreatedAt": "0001-01-01T00:00:00Z",
      "DataHash": "9d960a11c2e11f78cb4727e86278faccdd5d5efafb9d3f70a1944b536a552550",
      "EntityType": "Unit",
      "FromLinkID": null,
      "HeadRevisionNum": 2,
      "MutationSources": null,
      "OrganizationID": "12c33fa8-00b1-4011-ad3e-19d56458b29c",
      "Slug": "customresourcedefinition-gatewayclasses-gateway-networking-k8s-io",
      "SpaceID": "3bc78315-a575-43fb-a954-e43d48e97410",
      "ToolchainType": "Kubernetes/YAML",
      "UnitID": "7a7e0f30-f59e-436b-9019-516900921500",
      "UpdatedAt": "0001-01-01T00:00:00Z",
      "Version": 6
    },
    "UnitStatus": {
      "Action": "N/A",
      "ActionResult": "None",
      "ActionStartedAt": "0001-01-01T00:00:00Z",
      "ActionTerminatedAt": "0001-01-01T00:00:00Z",
      "Drift": "N/A",
      "Status": "NotLive",
      "SyncStatus": "NotLive"
    }
  },
  {
    "Space": {
      "CreatedAt": "2026-06-12T17:03:51.196638Z",
      "CursorID": 4655,
      "DisplayName": "helm-consul-secure-mesh-existing-secrets-confighub-proof",
      "EntityType": "Space",
      "Labels": {
        "Component": "Consul",
        "Environment": "Demo",
        "Layer": "App",
        "Owner": "ConfigHubHelm",
        "Variant": "secure-mesh-existing-secrets"
      },
      "OrganizationID": "12c33fa8-00b1-4011-ad3e-19d56458b29c",
      "Permissions": {
        "Manage": {
          "UserIDs": {
            "c5818f81-ae4b-4d17-987f-743f19bdb0ca": true
          }
        },
        "ManageChildren": {
          "UserIDs": {
            "c5818f81-ae4b-4d17-987f-743f19bdb0ca": true
          }
        }
      },
      "Slug": "helm-consul-secure-mesh-existing-secrets-confighub-proof",
      "SpaceID": "3bc78315-a575-43fb-a954-e43d48e97410",
      "UpdatedAt": "2026-06-12T17:03:51.703429Z",
      "Version": 2,
      "WhereTrigger": "SpaceID = '3bc78315-a575-43fb-a954-e43d48e97410'"
    },
    "Unit": {
      "ApprovedBy": null,
      "CreatedAt": "0001-01-01T00:00:00Z",
      "DataHash": "ebc96de5bb7705951014e5a146e9a1628a1f106389a67ddf396883ebcd891d00",
      "EntityType": "Unit",
      "FromLinkID": null,
      "HeadRevisionNum": 2,
      "MutationSources": null,
      "OrganizationID": "12c33fa8-00b1-4011-ad3e-19d56458b29c",
      "Slug": "rolebinding-consul-consul-consul-terminating-gateway",
      "SpaceID": "3bc78315-a575-43fb-a954-e43d48e97410",
      "ToolchainType": "Kubernetes/YAML",
      "UnitID": "fbcacdf3-598e-4192-96d6-09401b5ab8a8",
      "UpdatedAt": "0001-01-01T00:00:00Z",
      "Version": 12
    },
    "UnitStatus": {
      "Action": "N/A",
      "ActionResult": "None",
      "ActionStartedAt": "0001-01-01T00:00:00Z",
      "ActionTerminatedAt": "0001-01-01T00:00:00Z",
      "Drift": "N/A",
      "Status": "NotLive",
      "SyncStatus": "NotLive"
    }
  },
  {
    "Space": {
      "CreatedAt": "2026-06-12T17:03:51.196638Z",
      "CursorID": 4655,
      "DisplayName": "helm-consul-secure-mesh-existing-secrets-confighub-proof",
      "EntityType": "Space",
      "Labels": {
        "Component": "Consul",
        "Environment": "Demo",
        "Layer": "App",
        "Owner": "ConfigHubHelm",
        "Variant": "secure-mesh-existing-secrets"
      },
      "OrganizationID": "12c33fa8-00b1-4011-ad3e-19d56458b29c",
      "Permissions": {
        "Manage": {
          "UserIDs": {
            "c5818f81-ae4b-4d17-987f-743f19bdb0ca": true
          }
        },
        "ManageChildren": {
          "UserIDs": {
            "c5818f81-ae4b-4d17-987f-743f19bdb0ca": true
          }
        }
      },
      "Slug": "helm-consul-secure-mesh-existing-secrets-confighub-proof",
      "SpaceID": "3bc78315-a575-43fb-a954-e43d48e97410",
      "UpdatedAt": "2026-06-12T17:03:51.703429Z",
      "Version": 2,
      "WhereTrigger": "SpaceID = '3bc78315-a575-43fb-a954-e43d48e97410'"
    },
    "Unit": {
      "ApprovedBy": null,
      "CreatedAt": "0001-01-01T00:00:00Z",
      "DataHash": "6599778e716c1c43c19e490d19b03a414341c824f430209d46e7d5c7f04789e6",
      "EntityType": "Unit",
      "FromLinkID": null,
      "HeadRevisionNum": 2,
      "MutationSources": null,
      "OrganizationID": "12c33fa8-00b1-4011-ad3e-19d56458b29c",
      "Slug": "customresourcedefinition-gatewaypolicies-consul-hashicorp-com",
      "SpaceID": "3bc78315-a575-43fb-a954-e43d48e97410",
      "ToolchainType": "Kubernetes/YAML",
      "UnitID": "3eb5c8ff-d6f3-4b59-ab4b-c896cf9d7dcf",
      "UpdatedAt": "0001-01-01T00:00:00Z",
      "Version": 6
    },
    "UnitStatus": {
      "Action": "N/A",
      "ActionResult": "None",
      "ActionStartedAt": "0001-01-01T00:00:00Z",
      "ActionTerminatedAt": "0001-01-01T00:00:00Z",
      "Drift": "N/A",
      "Status": "NotLive",
      "SyncStatus": "NotLive"
    }
  },
  {
    "Space": {
      "CreatedAt": "2026-06-12T17:03:51.196638Z",
      "CursorID": 4655,
      "DisplayName": "helm-consul-secure-mesh-existing-secrets-confighub-proof",
      "EntityType": "Space",
      "Labels": {
        "Component": "Consul",
        "Environment": "Demo",
        "Layer": "App",
        "Owner": "ConfigHubHelm",
        "Variant": "secure-mesh-existing-secrets"
      },
      "OrganizationID": "12c33fa8-00b1-4011-ad3e-19d56458b29c",
      "Permissions": {
        "Manage": {
          "UserIDs": {
            "c5818f81-ae4b-4d17-987f-743f19bdb0ca": true
          }
        },
        "ManageChildren": {
          "UserIDs": {
            "c5818f81-ae4b-4d17-987f-743f19bdb0ca": true
          }
        }
      },
      "Slug": "helm-consul-secure-mesh-existing-secrets-confighub-proof",
      "SpaceID": "3bc78315-a575-43fb-a954-e43d48e97410",
      "UpdatedAt": "2026-06-12T17:03:51.703429Z",
      "Version": 2,
      "WhereTrigger": "SpaceID = '3bc78315-a575-43fb-a954-e43d48e97410'"
    },
    "Unit": {
      "ApprovedBy": null,
      "CreatedAt": "0001-01-01T00:00:00Z",
      "DataHash": "b31787a6108e821f64d55deb679ca334e38c2b57c796381c3e55334273b5e7cf",
      "EntityType": "Unit",
      "FromLinkID": null,
      "HeadRevisionNum": 2,
      "MutationSources": null,
      "OrganizationID": "12c33fa8-00b1-4011-ad3e-19d56458b29c",
      "Slug": "clusterrolebinding-consul-consul-server",
      "SpaceID": "3bc78315-a575-43fb-a954-e43d48e97410",
      "ToolchainType": "Kubernetes/YAML",
      "UnitID": "cc401d70-b006-4e8a-ab1a-6eba1ff52880",
      "UpdatedAt": "0001-01-01T00:00:00Z",
      "Version": 15
    },
    "UnitStatus": {
      "Action": "N/A",
      "ActionResult": "None",
      "ActionStartedAt": "0001-01-01T00:00:00Z",
      "ActionTerminatedAt": "0001-01-01T00:00:00Z",
      "Drift": "N/A",
      "Status": "NotLive",
      "SyncStatus": "NotLive"
    }
  },
  {
    "Space": {
      "CreatedAt": "2026-06-12T17:03:51.196638Z",
      "CursorID": 4655,
      "DisplayName": "helm-consul-secure-mesh-existing-secrets-confighub-proof",
      "EntityType": "Space",
      "Labels": {
        "Component": "Consul",
        "Environment": "Demo",
        "Layer": "App",
        "Owner": "ConfigHubHelm",
        "Variant": "secure-mesh-existing-secrets"
      },
      "OrganizationID": "12c33fa8-00b1-4011-ad3e-19d56458b29c",
      "Permissions": {
        "Manage": {
          "UserIDs": {
            "c5818f81-ae4b-4d17-987f-743f19bdb0ca": true
          }
        },
        "ManageChildren": {
          "UserIDs": {
            "c5818f81-ae4b-4d17-987f-743f19bdb0ca": true
          }
        }
      },
      "Slug": "helm-consul-secure-mesh-existing-secrets-confighub-proof",
      "SpaceID": "3bc78315-a575-43fb-a954-e43d48e97410",
      "UpdatedAt": "2026-06-12T17:03:51.703429Z",
      "Version": 2,
      "WhereTrigger": "SpaceID = '3bc78315-a575-43fb-a954-e43d48e97410'"
    },
    "Unit": {
      "ApprovedBy": null,
      "CreatedAt": "0001-01-01T00:00:00Z",
      "DataHash": "65202d80b197a1610be0032f1984a9cf6005118c487ffb0df608251d97eff8ec",
      "EntityType": "Unit",
      "FromLinkID": null,
      "HeadRevisionNum": 2,
      "MutationSources": null,
      "OrganizationID": "12c33fa8-00b1-4011-ad3e-19d56458b29c",
      "Slug": "customresourcedefinition-gateways-gateway-networking-k8s-io",
      "SpaceID": "3bc78315-a575-43fb-a954-e43d48e97410",
      "ToolchainType": "Kubernetes/YAML",
      "UnitID": "d386df47-9da0-4dd5-b02d-603738d17757",
      "UpdatedAt": "0001-01-01T00:00:00Z",
      "Version": 6
    },
    "UnitStatus": {
      "Action": "N/A",
      "ActionResult": "None",
      "ActionStartedAt": "0001-01-01T00:00:00Z",
      "ActionTerminatedAt": "0001-01-01T00:00:00Z",
      "Drift": "N/A",
      "Status": "NotLive",
      "SyncStatus": "NotLive"
    }
  },
  {
    "Space": {
      "CreatedAt": "2026-06-12T17:03:51.196638Z",
      "CursorID": 4655,
      "DisplayName": "helm-consul-secure-mesh-existing-secrets-confighub-proof",
      "EntityType": "Space",
      "Labels": {
        "Component": "Consul",
        "Environment": "Demo",
        "Layer": "App",
        "Owner": "ConfigHubHelm",
        "Variant": "secure-mesh-existing-secrets"
      },
      "OrganizationID": "12c33fa8-00b1-4011-ad3e-19d56458b29c",
      "Permissions": {
        "Manage": {
          "UserIDs": {
            "c5818f81-ae4b-4d17-987f-743f19bdb0ca": true
          }
        },
        "ManageChildren": {
          "UserIDs": {
            "c5818f81-ae4b-4d17-987f-743f19bdb0ca": true
          }
        }
      },
      "Slug": "helm-consul-secure-mesh-existing-secrets-confighub-proof",
      "SpaceID": "3bc78315-a575-43fb-a954-e43d48e97410",
      "UpdatedAt": "2026-06-12T17:03:51.703429Z",
      "Version": 2,
      "WhereTrigger": "SpaceID = '3bc78315-a575-43fb-a954-e43d48e97410'"
    },
    "Unit": {
      "ApprovedBy": null,
      "CreatedAt": "0001-01-01T00:00:00Z",
      "DataHash": "c1e20ff908cb25a7d0faf066d7c279c83a6354a31518acc6ea253559beb61706",
      "EntityType": "Unit",
      "FromLinkID": null,
      "HeadRevisionNum": 2,
      "MutationSources": null,
      "OrganizationID": "12c33fa8-00b1-4011-ad3e-19d56458b29c",
      "Slug": "service-consul-consul-consul-connect-injector",
      "SpaceID": "3bc78315-a575-43fb-a954-e43d48e97410",
      "ToolchainType": "Kubernetes/YAML",
      "UnitID": "0988ca9f-3651-4a93-b0f0-105be5af7eca",
      "UpdatedAt": "0001-01-01T00:00:00Z",
      "Version": 13
    },
    "UnitStatus": {
      "Action": "N/A",
      "ActionResult": "None",
      "ActionStartedAt": "0001-01-01T00:00:00Z",
      "ActionTerminatedAt": "0001-01-01T00:00:00Z",
      "Drift": "N/A",
      "Status": "NotLive",
      "SyncStatus": "NotLive"
    }
  },
  {
    "Space": {
      "CreatedAt": "2026-06-12T17:03:51.196638Z",
      "CursorID": 4655,
      "DisplayName": "helm-consul-secure-mesh-existing-secrets-confighub-proof",
      "EntityType": "Space",
      "Labels": {
        "Component": "Consul",
        "Environment": "Demo",
        "Layer": "App",
        "Owner": "ConfigHubHelm",
        "Variant": "secure-mesh-existing-secrets"
      },
      "OrganizationID": "12c33fa8-00b1-4011-ad3e-19d56458b29c",
      "Permissions": {
        "Manage": {
          "UserIDs": {
            "c5818f81-ae4b-4d17-987f-743f19bdb0ca": true
          }
        },
        "ManageChildren": {
          "UserIDs": {
            "c5818f81-ae4b-4d17-987f-743f19bdb0ca": true
          }
        }
      },
      "Slug": "helm-consul-secure-mesh-existing-secrets-confighub-proof",
      "SpaceID": "3bc78315-a575-43fb-a954-e43d48e97410",
      "UpdatedAt": "2026-06-12T17:03:51.703429Z",
      "Version": 2,
      "WhereTrigger": "SpaceID = '3bc78315-a575-43fb-a954-e43d48e97410'"
    },
    "Unit": {
      "ApprovedBy": null,
      "CreatedAt": "0001-01-01T00:00:00Z",
      "DataHash": "8beef651df506f4030418a7dbf624c2d38849dc6c59c01f5290b76334d0bc7b9",
      "EntityType": "Unit",
      "FromLinkID": null,
      "HeadRevisionNum": 2,
      "MutationSources": null,
      "OrganizationID": "12c33fa8-00b1-4011-ad3e-19d56458b29c",
      "Slug": "customresourcedefinition-httproutes-gateway-networking-k8s-io",
      "SpaceID": "3bc78315-a575-43fb-a954-e43d48e97410",
      "ToolchainType": "Kubernetes/YAML",
      "UnitID": "c9ae454e-b159-47a9-b5fd-7de5e11532d6",
      "UpdatedAt": "0001-01-01T00:00:00Z",
      "Version": 6
    },
    "UnitStatus": {
      "Action": "N/A",
      "ActionResult": "None",
      "ActionStartedAt": "0001-01-01T00:00:00Z",
      "ActionTerminatedAt": "0001-01-01T00:00:00Z",
      "Drift": "N/A",
      "Status": "NotLive",
      "SyncStatus": "NotLive"
    }
  },
  {
    "Space": {
      "CreatedAt": "2026-06-12T17:03:51.196638Z",
      "CursorID": 4655,
      "DisplayName": "helm-consul-secure-mesh-existing-secrets-confighub-proof",
      "EntityType": "Space",
      "Labels": {
        "Component": "Consul",
        "Environment": "Demo",
        "Layer": "App",
        "Owner": "ConfigHubHelm",
        "Variant": "secure-mesh-existing-secrets"
      },
      "OrganizationID": "12c33fa8-00b1-4011-ad3e-19d56458b29c",
      "Permissions": {
        "Manage": {
          "UserIDs": {
            "c5818f81-ae4b-4d17-987f-743f19bdb0ca": true
          }
        },
        "ManageChildren": {
          "UserIDs": {
            "c5818f81-ae4b-4d17-987f-743f19bdb0ca": true
          }
        }
      },
      "Slug": "helm-consul-secure-mesh-existing-secrets-confighub-proof",
      "SpaceID": "3bc78315-a575-43fb-a954-e43d48e97410",
      "UpdatedAt": "2026-06-12T17:03:51.703429Z",
      "Version": 2,
      "WhereTrigger": "SpaceID = '3bc78315-a575-43fb-a954-e43d48e97410'"
    },
    "Unit": {
      "ApprovedBy": null,
      "CreatedAt": "0001-01-01T00:00:00Z",
      "DataHash": "837f7fed51dfd543797587070e669c956a9700cfe3c17c4f44b15cf508b04708",
      "EntityType": "Unit",
      "FromLinkID": null,
      "HeadRevisionNum": 2,
      "MutationSources": null,
      "OrganizationID": "12c33fa8-00b1-4011-ad3e-19d56458b29c",
      "Slug": "clusterrolebinding-consul-consul-webhook-cert-manager",
      "SpaceID": "3bc78315-a575-43fb-a954-e43d48e97410",
      "ToolchainType": "Kubernetes/YAML",
      "UnitID": "551d1a38-bb7f-4a70-973b-81968048f3c9",
      "UpdatedAt": "0001-01-01T00:00:00Z",
      "Version": 15
    },
    "UnitStatus": {
      "Action": "N/A",
      "ActionResult": "None",
      "ActionStartedAt": "0001-01-01T00:00:00Z",
      "ActionTerminatedAt": "0001-01-01T00:00:00Z",
      "Drift": "N/A",
      "Status": "NotLive",
      "SyncStatus": "NotLive"
    }
  },
  {
    "Space": {
      "CreatedAt": "2026-06-12T17:03:51.196638Z",
      "CursorID": 4655,
      "DisplayName": "helm-consul-secure-mesh-existing-secrets-confighub-proof",
      "EntityType": "Space",
      "Labels": {
        "Component": "Consul",
        "Environment": "Demo",
        "Layer": "App",
        "Owner": "ConfigHubHelm",
        "Variant": "secure-mesh-existing-secrets"
      },
      "OrganizationID": "12c33fa8-00b1-4011-ad3e-19d56458b29c",
      "Permissions": {
        "Manage": {
          "UserIDs": {
            "c5818f81-ae4b-4d17-987f-743f19bdb0ca": true
          }
        },
        "ManageChildren": {
          "UserIDs": {
            "c5818f81-ae4b-4d17-987f-743f19bdb0ca": true
          }
        }
      },
      "Slug": "helm-consul-secure-mesh-existing-secrets-confighub-proof",
      "SpaceID": "3bc78315-a575-43fb-a954-e43d48e97410",
      "UpdatedAt": "2026-06-12T17:03:51.703429Z",
      "Version": 2,
      "WhereTrigger": "SpaceID = '3bc78315-a575-43fb-a954-e43d48e97410'"
    },
    "Unit": {
      "ApprovedBy": null,
      "CreatedAt": "0001-01-01T00:00:00Z",
      "DataHash": "86d211bef7659b590f7de02937535908e8051a8719f24cd8022292ad3735907d",
      "EntityType": "Unit",
      "FromLinkID": null,
      "HeadRevisionNum": 1,
      "MutationSources": null,
      "OrganizationID": "12c33fa8-00b1-4011-ad3e-19d56458b29c",
      "Slug": "serviceaccount-consul-consul-consul-server",
      "SpaceID": "3bc78315-a575-43fb-a954-e43d48e97410",
      "ToolchainType": "Kubernetes/YAML",
      "UnitID": "2441fb85-247a-4db3-86e7-42027972776d",
      "UpdatedAt": "0001-01-01T00:00:00Z",
      "Version": 6
    },
    "UnitStatus": {
      "Action": "N/A",
      "ActionResult": "None",
      "ActionStartedAt": "0001-01-01T00:00:00Z",
      "ActionTerminatedAt": "0001-01-01T00:00:00Z",
      "Drift": "N/A",
      "Status": "NotLive",
      "SyncStatus": "NotLive"
    }
  },
  {
    "Space": {
      "CreatedAt": "2026-06-12T17:03:51.196638Z",
      "CursorID": 4655,
      "DisplayName": "helm-consul-secure-mesh-existing-secrets-confighub-proof",
      "EntityType": "Space",
      "Labels": {
        "Component": "Consul",
        "Environment": "Demo",
        "Layer": "App",
        "Owner": "ConfigHubHelm",
        "Variant": "secure-mesh-existing-secrets"
      },
      "OrganizationID": "12c33fa8-00b1-4011-ad3e-19d56458b29c",
      "Permissions": {
        "Manage": {
          "UserIDs": {
            "c5818f81-ae4b-4d17-987f-743f19bdb0ca": true
          }
        },
        "ManageChildren": {
          "UserIDs": {
            "c5818f81-ae4b-4d17-987f-743f19bdb0ca": true
          }
        }
      },
      "Slug": "helm-consul-secure-mesh-existing-secrets-confighub-proof",
      "SpaceID": "3bc78315-a575-43fb-a954-e43d48e97410",
      "UpdatedAt": "2026-06-12T17:03:51.703429Z",
      "Version": 2,
      "WhereTrigger": "SpaceID = '3bc78315-a575-43fb-a954-e43d48e97410'"
    },
    "Unit": {
      "ApprovedBy": null,
      "CreatedAt": "0001-01-01T00:00:00Z",
      "DataHash": "07f72871e72aa999a568851c9e2b3238da6b179a6307bcfb333f30c7641d62d5",
      "EntityType": "Unit",
      "FromLinkID": null,
      "HeadRevisionNum": 2,
      "MutationSources": null,
      "OrganizationID": "12c33fa8-00b1-4011-ad3e-19d56458b29c",
      "Slug": "customresourcedefinition-ingressgateways-consul-hashicorp-com",
      "SpaceID": "3bc78315-a575-43fb-a954-e43d48e97410",
      "ToolchainType": "Kubernetes/YAML",
      "UnitID": "17e93933-aea3-48ce-ad63-40ea08070fe6",
      "UpdatedAt": "0001-01-01T00:00:00Z",
      "Version": 6
    },
    "UnitStatus": {
      "Action": "N/A",
      "ActionResult": "None",
      "ActionStartedAt": "0001-01-01T00:00:00Z",
      "ActionTerminatedAt": "0001-01-01T00:00:00Z",
      "Drift": "N/A",
      "Status": "NotLive",
      "SyncStatus": "NotLive"
    }
  },
  {
    "Space": {
      "CreatedAt": "2026-06-12T17:03:51.196638Z",
      "CursorID": 4655,
      "DisplayName": "helm-consul-secure-mesh-existing-secrets-confighub-proof",
      "EntityType": "Space",
      "Labels": {
        "Component": "Consul",
        "Environment": "Demo",
        "Layer": "App",
        "Owner": "ConfigHubHelm",
        "Variant": "secure-mesh-existing-secrets"
      },
      "OrganizationID": "12c33fa8-00b1-4011-ad3e-19d56458b29c",
      "Permissions": {
        "Manage": {
          "UserIDs": {
            "c5818f81-ae4b-4d17-987f-743f19bdb0ca": true
          }
        },
        "ManageChildren": {
          "UserIDs": {
            "c5818f81-ae4b-4d17-987f-743f19bdb0ca": true
          }
        }
      },
      "Slug": "helm-consul-secure-mesh-existing-secrets-confighub-proof",
      "SpaceID": "3bc78315-a575-43fb-a954-e43d48e97410",
      "UpdatedAt": "2026-06-12T17:03:51.703429Z",
      "Version": 2,
      "WhereTrigger": "SpaceID = '3bc78315-a575-43fb-a954-e43d48e97410'"
    },
    "Unit": {
      "ApprovedBy": null,
      "CreatedAt": "0001-01-01T00:00:00Z",
      "DataHash": "bfaeeae7e5f8fce0a397c9c4c55d72df6262fc739449df257cd110a8020059c5",
      "EntityType": "Unit",
      "FromLinkID": null,
      "HeadRevisionNum": 1,
      "MutationSources": null,
      "OrganizationID": "12c33fa8-00b1-4011-ad3e-19d56458b29c",
      "Slug": "configmap-consul-consul-consul-connect-inject-config",
      "SpaceID": "3bc78315-a575-43fb-a954-e43d48e97410",
      "ToolchainType": "Kubernetes/YAML",
      "UnitID": "37219137-3c83-46e2-8206-28f0f4a3b603",
      "UpdatedAt": "0001-01-01T00:00:00Z",
      "Version": 6
    },
    "UnitStatus": {
      "Action": "N/A",
      "ActionResult": "None",
      "ActionStartedAt": "0001-01-01T00:00:00Z",
      "ActionTerminatedAt": "0001-01-01T00:00:00Z",
      "Drift": "N/A",
      "Status": "NotLive",
      "SyncStatus": "NotLive"
    }
  },
  {
    "Space": {
      "CreatedAt": "2026-06-12T17:03:51.196638Z",
      "CursorID": 4655,
      "DisplayName": "helm-consul-secure-mesh-existing-secrets-confighub-proof",
      "EntityType": "Space",
      "Labels": {
        "Component": "Consul",
        "Environment": "Demo",
        "Layer": "App",
        "Owner": "ConfigHubHelm",
        "Variant": "secure-mesh-existing-secrets"
      },
      "OrganizationID": "12c33fa8-00b1-4011-ad3e-19d56458b29c",
      "Permissions": {
        "Manage": {
          "UserIDs": {
            "c5818f81-ae4b-4d17-987f-743f19bdb0ca": true
          }
        },
        "ManageChildren": {
          "UserIDs": {
            "c5818f81-ae4b-4d17-987f-743f19bdb0ca": true
          }
        }
      },
      "Slug": "helm-consul-secure-mesh-existing-secrets-confighub-proof",
      "SpaceID": "3bc78315-a575-43fb-a954-e43d48e97410",
      "UpdatedAt": "2026-06-12T17:03:51.703429Z",
      "Version": 2,
      "WhereTrigger": "SpaceID = '3bc78315-a575-43fb-a954-e43d48e97410'"
    },
    "Unit": {
      "ApprovedBy": null,
      "CreatedAt": "0001-01-01T00:00:00Z",
      "DataHash": "8d4d1020376c54a1f523e850b92aa76b7f89e0899d2c2fc4b3c012a390a8f203",
      "EntityType": "Unit",
      "FromLinkID": null,
      "HeadRevisionNum": 2,
      "MutationSources": null,
      "OrganizationID": "12c33fa8-00b1-4011-ad3e-19d56458b29c",
      "Slug": "customresourcedefinition-jwtproviders-consul-hashicorp-com",
      "SpaceID": "3bc78315-a575-43fb-a954-e43d48e97410",
      "ToolchainType": "Kubernetes/YAML",
      "UnitID": "3b83208c-e15b-4eb0-b82f-09c200545143",
      "UpdatedAt": "0001-01-01T00:00:00Z",
      "Version": 6
    },
    "UnitStatus": {
      "Action": "N/A",
      "ActionResult": "None",
      "ActionStartedAt": "0001-01-01T00:00:00Z",
      "ActionTerminatedAt": "0001-01-01T00:00:00Z",
      "Drift": "N/A",
      "Status": "NotLive",
      "SyncStatus": "NotLive"
    }
  },
  {
    "Space": {
      "CreatedAt": "2026-06-12T17:03:51.196638Z",
      "CursorID": 4655,
      "DisplayName": "helm-consul-secure-mesh-existing-secrets-confighub-proof",
      "EntityType": "Space",
      "Labels": {
        "Component": "Consul",
        "Environment": "Demo",
        "Layer": "App",
        "Owner": "ConfigHubHelm",
        "Variant": "secure-mesh-existing-secrets"
      },
      "OrganizationID": "12c33fa8-00b1-4011-ad3e-19d56458b29c",
      "Permissions": {
        "Manage": {
          "UserIDs": {
            "c5818f81-ae4b-4d17-987f-743f19bdb0ca": true
          }
        },
        "ManageChildren": {
          "UserIDs": {
            "c5818f81-ae4b-4d17-987f-743f19bdb0ca": true
          }
        }
      },
      "Slug": "helm-consul-secure-mesh-existing-secrets-confighub-proof",
      "SpaceID": "3bc78315-a575-43fb-a954-e43d48e97410",
      "UpdatedAt": "2026-06-12T17:03:51.703429Z",
      "Version": 2,
      "WhereTrigger": "SpaceID = '3bc78315-a575-43fb-a954-e43d48e97410'"
    },
    "Unit": {
      "ApprovedBy": null,
      "CreatedAt": "0001-01-01T00:00:00Z",
      "DataHash": "4f2d20777e05ba5374bd93c4d34944155f940ff4b09b3f3dddf119a3f6131468",
      "EntityType": "Unit",
      "FromLinkID": null,
      "HeadRevisionNum": 2,
      "MutationSources": null,
      "OrganizationID": "12c33fa8-00b1-4011-ad3e-19d56458b29c",
      "Slug": "service-consul-consul-consul-dns",
      "SpaceID": "3bc78315-a575-43fb-a954-e43d48e97410",
      "ToolchainType": "Kubernetes/YAML",
      "UnitID": "c5f8d160-43c8-4fba-b696-4aace90be2fb",
      "UpdatedAt": "0001-01-01T00:00:00Z",
      "Version": 13
    },
    "UnitStatus": {
      "Action": "N/A",
      "ActionResult": "None",
      "ActionStartedAt": "0001-01-01T00:00:00Z",
      "ActionTerminatedAt": "0001-01-01T00:00:00Z",
      "Drift": "N/A",
      "Status": "NotLive",
      "SyncStatus": "NotLive"
    }
  },
  {
    "Space": {
      "CreatedAt": "2026-06-12T17:03:51.196638Z",
      "CursorID": 4655,
      "DisplayName": "helm-consul-secure-mesh-existing-secrets-confighub-proof",
      "EntityType": "Space",
      "Labels": {
        "Component": "Consul",
        "Environment": "Demo",
        "Layer": "App",
        "Owner": "ConfigHubHelm",
        "Variant": "secure-mesh-existing-secrets"
      },
      "OrganizationID": "12c33fa8-00b1-4011-ad3e-19d56458b29c",
      "Permissions": {
        "Manage": {
          "UserIDs": {
            "c5818f81-ae4b-4d17-987f-743f19bdb0ca": true
          }
        },
        "ManageChildren": {
          "UserIDs": {
            "c5818f81-ae4b-4d17-987f-743f19bdb0ca": true
          }
        }
      },
      "Slug": "helm-consul-secure-mesh-existing-secrets-confighub-proof",
      "SpaceID": "3bc78315-a575-43fb-a954-e43d48e97410",
      "UpdatedAt": "2026-06-12T17:03:51.703429Z",
      "Version": 2,
      "WhereTrigger": "SpaceID = '3bc78315-a575-43fb-a954-e43d48e97410'"
    },
    "Unit": {
      "ApprovedBy": null,
      "CreatedAt": "0001-01-01T00:00:00Z",
      "DataHash": "317edf839e6bb3fc50153c7ed2ded664ea06bfc929816c88c90f1669284288f3",
      "EntityType": "Unit",
      "FromLinkID": null,
      "HeadRevisionNum": 1,
      "MutationSources": null,
      "OrganizationID": "12c33fa8-00b1-4011-ad3e-19d56458b29c",
      "Slug": "configmap-consul-consul-consul-webhook-cert-manager-config",
      "SpaceID": "3bc78315-a575-43fb-a954-e43d48e97410",
      "ToolchainType": "Kubernetes/YAML",
      "UnitID": "38c322d6-8b2d-45bd-8942-042d1755ce4a",
      "UpdatedAt": "0001-01-01T00:00:00Z",
      "Version": 6
    },
    "UnitStatus": {
      "Action": "N/A",
      "ActionResult": "None",
      "ActionStartedAt": "0001-01-01T00:00:00Z",
      "ActionTerminatedAt": "0001-01-01T00:00:00Z",
      "Drift": "N/A",
      "Status": "NotLive",
      "SyncStatus": "NotLive"
    }
  },
  {
    "Space": {
      "CreatedAt": "2026-06-12T17:03:51.196638Z",
      "CursorID": 4655,
      "DisplayName": "helm-consul-secure-mesh-existing-secrets-confighub-proof",
      "EntityType": "Space",
      "Labels": {
        "Component": "Consul",
        "Environment": "Demo",
        "Layer": "App",
        "Owner": "ConfigHubHelm",
        "Variant": "secure-mesh-existing-secrets"
      },
      "OrganizationID": "12c33fa8-00b1-4011-ad3e-19d56458b29c",
      "Permissions": {
        "Manage": {
          "UserIDs": {
            "c5818f81-ae4b-4d17-987f-743f19bdb0ca": true
          }
        },
        "ManageChildren": {
          "UserIDs": {
            "c5818f81-ae4b-4d17-987f-743f19bdb0ca": true
          }
        }
      },
      "Slug": "helm-consul-secure-mesh-existing-secrets-confighub-proof",
      "SpaceID": "3bc78315-a575-43fb-a954-e43d48e97410",
      "UpdatedAt": "2026-06-12T17:03:51.703429Z",
      "Version": 2,
      "WhereTrigger": "SpaceID = '3bc78315-a575-43fb-a954-e43d48e97410'"
    },
    "Unit": {
      "ApprovedBy": null,
      "CreatedAt": "0001-01-01T00:00:00Z",
      "DataHash": "e66c00695817517d420576a31c7841fcea6fceabb627bc6e062496dee3312785",
      "EntityType": "Unit",
      "FromLinkID": null,
      "HeadRevisionNum": 2,
      "MutationSources": null,
      "OrganizationID": "12c33fa8-00b1-4011-ad3e-19d56458b29c",
      "Slug": "clusterrolebinding-consul-consul-gateway-resources-custom",
      "SpaceID": "3bc78315-a575-43fb-a954-e43d48e97410",
      "ToolchainType": "Kubernetes/YAML",
      "UnitID": "43107ad9-bcb6-415e-91f2-0783a2d4efa3",
      "UpdatedAt": "0001-01-01T00:00:00Z",
      "Version": 15
    },
    "UnitStatus": {
      "Action": "N/A",
      "ActionResult": "None",
      "ActionStartedAt": "0001-01-01T00:00:00Z",
      "ActionTerminatedAt": "0001-01-01T00:00:00Z",
      "Drift": "N/A",
      "Status": "NotLive",
      "SyncStatus": "NotLive"
    }
  },
  {
    "Space": {
      "CreatedAt": "2026-06-12T17:03:51.196638Z",
      "CursorID": 4655,
      "DisplayName": "helm-consul-secure-mesh-existing-secrets-confighub-proof",
      "EntityType": "Space",
      "Labels": {
        "Component": "Consul",
        "Environment": "Demo",
        "Layer": "App",
        "Owner": "ConfigHubHelm",
        "Variant": "secure-mesh-existing-secrets"
      },
      "OrganizationID": "12c33fa8-00b1-4011-ad3e-19d56458b29c",
      "Permissions": {
        "Manage": {
          "UserIDs": {
            "c5818f81-ae4b-4d17-987f-743f19bdb0ca": true
          }
        },
        "ManageChildren": {
          "UserIDs": {
            "c5818f81-ae4b-4d17-987f-743f19bdb0ca": true
          }
        }
      },
      "Slug": "helm-consul-secure-mesh-existing-secrets-confighub-proof",
      "SpaceID": "3bc78315-a575-43fb-a954-e43d48e97410",
      "UpdatedAt": "2026-06-12T17:03:51.703429Z",
      "Version": 2,
      "WhereTrigger": "SpaceID = '3bc78315-a575-43fb-a954-e43d48e97410'"
    },
    "Unit": {
      "ApprovedBy": null,
      "CreatedAt": "0001-01-01T00:00:00Z",
      "DataHash": "db7d9a495a41bbc93a22b0c91738327bb4c23e510a128c70096aa44e90d516d7",
      "EntityType": "Unit",
      "FromLinkID": null,
      "HeadRevisionNum": 1,
      "MutationSources": null,
      "OrganizationID": "12c33fa8-00b1-4011-ad3e-19d56458b29c",
      "Slug": "configmap-consul-helm-values",
      "SpaceID": "3bc78315-a575-43fb-a954-e43d48e97410",
      "ToolchainType": "Kubernetes/YAML",
      "UnitID": "7051a932-89f8-45ee-842e-4ad6789b7abd",
      "UpdatedAt": "0001-01-01T00:00:00Z",
      "Version": 6
    },
    "UnitStatus": {
      "Action": "N/A",
      "ActionResult": "None",
      "ActionStartedAt": "0001-01-01T00:00:00Z",
      "ActionTerminatedAt": "0001-01-01T00:00:00Z",
      "Drift": "N/A",
      "Status": "NotLive",
      "SyncStatus": "NotLive"
    }
  },
  {
    "Space": {
      "CreatedAt": "2026-06-12T17:03:51.196638Z",
      "CursorID": 4655,
      "DisplayName": "helm-consul-secure-mesh-existing-secrets-confighub-proof",
      "EntityType": "Space",
      "Labels": {
        "Component": "Consul",
        "Environment": "Demo",
        "Layer": "App",
        "Owner": "ConfigHubHelm",
        "Variant": "secure-mesh-existing-secrets"
      },
      "OrganizationID": "12c33fa8-00b1-4011-ad3e-19d56458b29c",
      "Permissions": {
        "Manage": {
          "UserIDs": {
            "c5818f81-ae4b-4d17-987f-743f19bdb0ca": true
          }
        },
        "ManageChildren": {
          "UserIDs": {
            "c5818f81-ae4b-4d17-987f-743f19bdb0ca": true
          }
        }
      },
      "Slug": "helm-consul-secure-mesh-existing-secrets-confighub-proof",
      "SpaceID": "3bc78315-a575-43fb-a954-e43d48e97410",
      "UpdatedAt": "2026-06-12T17:03:51.703429Z",
      "Version": 2,
      "WhereTrigger": "SpaceID = '3bc78315-a575-43fb-a954-e43d48e97410'"
    },
    "Unit": {
      "ApprovedBy": null,
      "CreatedAt": "0001-01-01T00:00:00Z",
      "DataHash": "94798be30c1012736e037ff17d6103fb5e1e27a1e4c55abdc06a7df822a72902",
      "EntityType": "Unit",
      "FromLinkID": null,
      "HeadRevisionNum": 2,
      "MutationSources": null,
      "OrganizationID": "12c33fa8-00b1-4011-ad3e-19d56458b29c",
      "Slug": "deployment-consul-consul-consul-terminating-gateway",
      "SpaceID": "3bc78315-a575-43fb-a954-e43d48e97410",
      "ToolchainType": "Kubernetes/YAML",
      "UnitID": "11819fd4-fae8-445f-9e27-8ac2dd32597f",
      "UpdatedAt": "0001-01-01T00:00:00Z",
      "Version": 13
    },
    "UnitStatus": {
      "Action": "N/A",
      "ActionResult": "None",
      "ActionStartedAt": "0001-01-01T00:00:00Z",
      "ActionTerminatedAt": "0001-01-01T00:00:00Z",
      "Drift": "N/A",
      "Status": "NotLive",
      "SyncStatus": "NotLive"
    }
  },
  {
    "Space": {
      "CreatedAt": "2026-06-12T17:03:51.196638Z",
      "CursorID": 4655,
      "DisplayName": "helm-consul-secure-mesh-existing-secrets-confighub-proof",
      "EntityType": "Space",
      "Labels": {
        "Component": "Consul",
        "Environment": "Demo",
        "Layer": "App",
        "Owner": "ConfigHubHelm",
        "Variant": "secure-mesh-existing-secrets"
      },
      "OrganizationID": "12c33fa8-00b1-4011-ad3e-19d56458b29c",
      "Permissions": {
        "Manage": {
          "UserIDs": {
            "c5818f81-ae4b-4d17-987f-743f19bdb0ca": true
          }
        },
        "ManageChildren": {
          "UserIDs": {
            "c5818f81-ae4b-4d17-987f-743f19bdb0ca": true
          }
        }
      },
      "Slug": "helm-consul-secure-mesh-existing-secrets-confighub-proof",
      "SpaceID": "3bc78315-a575-43fb-a954-e43d48e97410",
      "UpdatedAt": "2026-06-12T17:03:51.703429Z",
      "Version": 2,
      "WhereTrigger": "SpaceID = '3bc78315-a575-43fb-a954-e43d48e97410'"
    },
    "Unit": {
      "ApprovedBy": null,
      "CreatedAt": "0001-01-01T00:00:00Z",
      "DataHash": "43f3d11040e13ba34418b2cdc88d9c33e5544a21c471b97bb19251a9d3ca9ebd",
      "EntityType": "Unit",
      "FromLinkID": null,
      "HeadRevisionNum": 2,
      "MutationSources": null,
      "OrganizationID": "12c33fa8-00b1-4011-ad3e-19d56458b29c",
      "Slug": "deployment-consul-consul-consul-webhook-cert-manager",
      "SpaceID": "3bc78315-a575-43fb-a954-e43d48e97410",
      "ToolchainType": "Kubernetes/YAML",
      "UnitID": "eafb8a18-780f-40bc-bc37-f0607d6fbd78",
      "UpdatedAt": "0001-01-01T00:00:00Z",
      "Version": 16
    },
    "UnitStatus": {
      "Action": "N/A",
      "ActionResult": "None",
      "ActionStartedAt": "0001-01-01T00:00:00Z",
      "ActionTerminatedAt": "0001-01-01T00:00:00Z",
      "Drift": "N/A",
      "Status": "NotLive",
      "SyncStatus": "NotLive"
    }
  },
  {
    "Space": {
      "CreatedAt": "2026-06-12T17:03:51.196638Z",
      "CursorID": 4655,
      "DisplayName": "helm-consul-secure-mesh-existing-secrets-confighub-proof",
      "EntityType": "Space",
      "Labels": {
        "Component": "Consul",
        "Environment": "Demo",
        "Layer": "App",
        "Owner": "ConfigHubHelm",
        "Variant": "secure-mesh-existing-secrets"
      },
      "OrganizationID": "12c33fa8-00b1-4011-ad3e-19d56458b29c",
      "Permissions": {
        "Manage": {
          "UserIDs": {
            "c5818f81-ae4b-4d17-987f-743f19bdb0ca": true
          }
        },
        "ManageChildren": {
          "UserIDs": {
            "c5818f81-ae4b-4d17-987f-743f19bdb0ca": true
          }
        }
      },
      "Slug": "helm-consul-secure-mesh-existing-secrets-confighub-proof",
      "SpaceID": "3bc78315-a575-43fb-a954-e43d48e97410",
      "UpdatedAt": "2026-06-12T17:03:51.703429Z",
      "Version": 2,
      "WhereTrigger": "SpaceID = '3bc78315-a575-43fb-a954-e43d48e97410'"
    },
    "Unit": {
      "ApprovedBy": null,
      "CreatedAt": "0001-01-01T00:00:00Z",
      "DataHash": "9808067de3532d7c437d4db0406e2d320534ba915bb2ab4ab4dfc4b64e17fe7e",
      "EntityType": "Unit",
      "FromLinkID": null,
      "HeadRevisionNum": 1,
      "MutationSources": null,
      "OrganizationID": "12c33fa8-00b1-4011-ad3e-19d56458b29c",
      "Slug": "serviceaccount-consul-consul-consul-terminating-gateway",
      "SpaceID": "3bc78315-a575-43fb-a954-e43d48e97410",
      "ToolchainType": "Kubernetes/YAML",
      "UnitID": "c064ed3d-ed29-4ca8-9144-5d8e17a1befd",
      "UpdatedAt": "0001-01-01T00:00:00Z",
      "Version": 6
    },
    "UnitStatus": {
      "Action": "N/A",
      "ActionResult": "None",
      "ActionStartedAt": "0001-01-01T00:00:00Z",
      "ActionTerminatedAt": "0001-01-01T00:00:00Z",
      "Drift": "N/A",
      "Status": "NotLive",
      "SyncStatus": "NotLive"
    }
  },
  {
    "Space": {
      "CreatedAt": "2026-06-12T17:03:51.196638Z",
      "CursorID": 4655,
      "DisplayName": "helm-consul-secure-mesh-existing-secrets-confighub-proof",
      "EntityType": "Space",
      "Labels": {
        "Component": "Consul",
        "Environment": "Demo",
        "Layer": "App",
        "Owner": "ConfigHubHelm",
        "Variant": "secure-mesh-existing-secrets"
      },
      "OrganizationID": "12c33fa8-00b1-4011-ad3e-19d56458b29c",
      "Permissions": {
        "Manage": {
          "UserIDs": {
            "c5818f81-ae4b-4d17-987f-743f19bdb0ca": true
          }
        },
        "ManageChildren": {
          "UserIDs": {
            "c5818f81-ae4b-4d17-987f-743f19bdb0ca": true
          }
        }
      },
      "Slug": "helm-consul-secure-mesh-existing-secrets-confighub-proof",
      "SpaceID": "3bc78315-a575-43fb-a954-e43d48e97410",
      "UpdatedAt": "2026-06-12T17:03:51.703429Z",
      "Version": 2,
      "WhereTrigger": "SpaceID = '3bc78315-a575-43fb-a954-e43d48e97410'"
    },
    "Unit": {
      "ApprovedBy": null,
      "CreatedAt": "0001-01-01T00:00:00Z",
      "DataHash": "3f12c040e1b7b162cc21e23c02163c800b0214bf53e4dedf45bf5ec6203637d4",
      "EntityType": "Unit",
      "FromLinkID": null,
      "HeadRevisionNum": 2,
      "MutationSources": null,
      "OrganizationID": "12c33fa8-00b1-4011-ad3e-19d56458b29c",
      "Slug": "ingress-consul-consul-consul-ui",
      "SpaceID": "3bc78315-a575-43fb-a954-e43d48e97410",
      "ToolchainType": "Kubernetes/YAML",
      "UnitID": "6a6f4ca6-40e5-4492-afb4-3f126241df91",
      "UpdatedAt": "0001-01-01T00:00:00Z",
      "Version": 12
    },
    "UnitStatus": {
      "Action": "N/A",
      "ActionResult": "None",
      "ActionStartedAt": "0001-01-01T00:00:00Z",
      "ActionTerminatedAt": "0001-01-01T00:00:00Z",
      "Drift": "N/A",
      "Status": "NotLive",
      "SyncStatus": "NotLive"
    }
  },
  {
    "Space": {
      "CreatedAt": "2026-06-12T17:03:51.196638Z",
      "CursorID": 4655,
      "DisplayName": "helm-consul-secure-mesh-existing-secrets-confighub-proof",
      "EntityType": "Space",
      "Labels": {
        "Component": "Consul",
        "Environment": "Demo",
        "Layer": "App",
        "Owner": "ConfigHubHelm",
        "Variant": "secure-mesh-existing-secrets"
      },
      "OrganizationID": "12c33fa8-00b1-4011-ad3e-19d56458b29c",
      "Permissions": {
        "Manage": {
          "UserIDs": {
            "c5818f81-ae4b-4d17-987f-743f19bdb0ca": true
          }
        },
        "ManageChildren": {
          "UserIDs": {
            "c5818f81-ae4b-4d17-987f-743f19bdb0ca": true
          }
        }
      },
      "Slug": "helm-consul-secure-mesh-existing-secrets-confighub-proof",
      "SpaceID": "3bc78315-a575-43fb-a954-e43d48e97410",
      "UpdatedAt": "2026-06-12T17:03:51.703429Z",
      "Version": 2,
      "WhereTrigger": "SpaceID = '3bc78315-a575-43fb-a954-e43d48e97410'"
    },
    "Unit": {
      "ApprovedBy": null,
      "CreatedAt": "0001-01-01T00:00:00Z",
      "DataHash": "3679f60ea72b820344b8071d47df1e38d6010a5b16d85366ee7dc76b11b4b07d",
      "EntityType": "Unit",
      "FromLinkID": null,
      "HeadRevisionNum": 2,
      "MutationSources": null,
      "OrganizationID": "12c33fa8-00b1-4011-ad3e-19d56458b29c",
      "Slug": "customresourcedefinition-registrations-consul-hashicorp-com",
      "SpaceID": "3bc78315-a575-43fb-a954-e43d48e97410",
      "ToolchainType": "Kubernetes/YAML",
      "UnitID": "ad335660-834e-4371-8b19-552795da7c96",
      "UpdatedAt": "0001-01-01T00:00:00Z",
      "Version": 6
    },
    "UnitStatus": {
      "Action": "N/A",
      "ActionResult": "None",
      "ActionStartedAt": "0001-01-01T00:00:00Z",
      "ActionTerminatedAt": "0001-01-01T00:00:00Z",
      "Drift": "N/A",
      "Status": "NotLive",
      "SyncStatus": "NotLive"
    }
  },
  {
    "Space": {
      "CreatedAt": "2026-06-12T17:03:51.196638Z",
      "CursorID": 4655,
      "DisplayName": "helm-consul-secure-mesh-existing-secrets-confighub-proof",
      "EntityType": "Space",
      "Labels": {
        "Component": "Consul",
        "Environment": "Demo",
        "Layer": "App",
        "Owner": "ConfigHubHelm",
        "Variant": "secure-mesh-existing-secrets"
      },
      "OrganizationID": "12c33fa8-00b1-4011-ad3e-19d56458b29c",
      "Permissions": {
        "Manage": {
          "UserIDs": {
            "c5818f81-ae4b-4d17-987f-743f19bdb0ca": true
          }
        },
        "ManageChildren": {
          "UserIDs": {
            "c5818f81-ae4b-4d17-987f-743f19bdb0ca": true
          }
        }
      },
      "Slug": "helm-consul-secure-mesh-existing-secrets-confighub-proof",
      "SpaceID": "3bc78315-a575-43fb-a954-e43d48e97410",
      "UpdatedAt": "2026-06-12T17:03:51.703429Z",
      "Version": 2,
      "WhereTrigger": "SpaceID = '3bc78315-a575-43fb-a954-e43d48e97410'"
    },
    "Unit": {
      "ApprovedBy": null,
      "CreatedAt": "0001-01-01T00:00:00Z",
      "DataHash": "3b2ad95e86ffc4772587a830c41315f519f251cfee8188c2e4a4ead598fe6377",
      "EntityType": "Unit",
      "FromLinkID": null,
      "HeadRevisionNum": 2,
      "MutationSources": null,
      "OrganizationID": "12c33fa8-00b1-4011-ad3e-19d56458b29c",
      "Slug": "customresourcedefinition-routeauthfilters-consul-hashicorp-com",
      "SpaceID": "3bc78315-a575-43fb-a954-e43d48e97410",
      "ToolchainType": "Kubernetes/YAML",
      "UnitID": "ed2b898f-f7fc-40a4-a4bd-2a951d04438d",
      "UpdatedAt": "0001-01-01T00:00:00Z",
      "Version": 6
    },
    "UnitStatus": {
      "Action": "N/A",
      "ActionResult": "None",
      "ActionStartedAt": "0001-01-01T00:00:00Z",
      "ActionTerminatedAt": "0001-01-01T00:00:00Z",
      "Drift": "N/A",
      "Status": "NotLive",
      "SyncStatus": "NotLive"
    }
  },
  {
    "Space": {
      "CreatedAt": "2026-06-12T17:03:51.196638Z",
      "CursorID": 4655,
      "DisplayName": "helm-consul-secure-mesh-existing-secrets-confighub-proof",
      "EntityType": "Space",
      "Labels": {
        "Component": "Consul",
        "Environment": "Demo",
        "Layer": "App",
        "Owner": "ConfigHubHelm",
        "Variant": "secure-mesh-existing-secrets"
      },
      "OrganizationID": "12c33fa8-00b1-4011-ad3e-19d56458b29c",
      "Permissions": {
        "Manage": {
          "UserIDs": {
            "c5818f81-ae4b-4d17-987f-743f19bdb0ca": true
          }
        },
        "ManageChildren": {
          "UserIDs": {
            "c5818f81-ae4b-4d17-987f-743f19bdb0ca": true
          }
        }
      },
      "Slug": "helm-consul-secure-mesh-existing-secrets-confighub-proof",
      "SpaceID": "3bc78315-a575-43fb-a954-e43d48e97410",
      "UpdatedAt": "2026-06-12T17:03:51.703429Z",
      "Version": 2,
      "WhereTrigger": "SpaceID = '3bc78315-a575-43fb-a954-e43d48e97410'"
    },
    "Unit": {
      "ApprovedBy": null,
      "CreatedAt": "0001-01-01T00:00:00Z",
      "DataHash": "48ebf8264c1ff5faaadbb78fcfe78c6a6fcc560b24ceef878aaf77d721b9eaab",
      "EntityType": "Unit",
      "FromLinkID": null,
      "HeadRevisionNum": 2,
      "MutationSources": null,
      "OrganizationID": "12c33fa8-00b1-4011-ad3e-19d56458b29c",
      "Slug": "customresourcedefinition-routetimeoutfilters-consul-hashicorp-com",
      "SpaceID": "3bc78315-a575-43fb-a954-e43d48e97410",
      "ToolchainType": "Kubernetes/YAML",
      "UnitID": "596b9615-ec48-45fa-9864-d32bbdbf57db",
      "UpdatedAt": "0001-01-01T00:00:00Z",
      "Version": 6
    },
    "UnitStatus": {
      "Action": "N/A",
      "ActionResult": "None",
      "ActionStartedAt": "0001-01-01T00:00:00Z",
      "ActionTerminatedAt": "0001-01-01T00:00:00Z",
      "Drift": "N/A",
      "Status": "NotLive",
      "SyncStatus": "NotLive"
    }
  },
  {
    "Space": {
      "CreatedAt": "2026-06-12T17:03:51.196638Z",
      "CursorID": 4655,
      "DisplayName": "helm-consul-secure-mesh-existing-secrets-confighub-proof",
      "EntityType": "Space",
      "Labels": {
        "Component": "Consul",
        "Environment": "Demo",
        "Layer": "App",
        "Owner": "ConfigHubHelm",
        "Variant": "secure-mesh-existing-secrets"
      },
      "OrganizationID": "12c33fa8-00b1-4011-ad3e-19d56458b29c",
      "Permissions": {
        "Manage": {
          "UserIDs": {
            "c5818f81-ae4b-4d17-987f-743f19bdb0ca": true
          }
        },
        "ManageChildren": {
          "UserIDs": {
            "c5818f81-ae4b-4d17-987f-743f19bdb0ca": true
          }
        }
      },
      "Slug": "helm-consul-secure-mesh-existing-secrets-confighub-proof",
      "SpaceID": "3bc78315-a575-43fb-a954-e43d48e97410",
      "UpdatedAt": "2026-06-12T17:03:51.703429Z",
      "Version": 2,
      "WhereTrigger": "SpaceID = '3bc78315-a575-43fb-a954-e43d48e97410'"
    },
    "Unit": {
      "ApprovedBy": null,
      "CreatedAt": "0001-01-01T00:00:00Z",
      "DataHash": "71908ef35027fe413ee9a1030febc83674a9475cf770442c7a9fe9a7813d64de",
      "EntityType": "Unit",
      "FromLinkID": null,
      "HeadRevisionNum": 2,
      "MutationSources": null,
      "OrganizationID": "12c33fa8-00b1-4011-ad3e-19d56458b29c",
      "Slug": "role-consul-consul-consul-connect-inject-leader-election",
      "SpaceID": "3bc78315-a575-43fb-a954-e43d48e97410",
      "ToolchainType": "Kubernetes/YAML",
      "UnitID": "795f8c2f-cc57-4504-82d9-95336a9e2f94",
      "UpdatedAt": "0001-01-01T00:00:00Z",
      "Version": 10
    },
    "UnitStatus": {
      "Action": "N/A",
      "ActionResult": "None",
      "ActionStartedAt": "0001-01-01T00:00:00Z",
      "ActionTerminatedAt": "0001-01-01T00:00:00Z",
      "Drift": "N/A",
      "Status": "NotLive",
      "SyncStatus": "NotLive"
    }
  },
  {
    "Space": {
      "CreatedAt": "2026-06-12T17:03:51.196638Z",
      "CursorID": 4655,
      "DisplayName": "helm-consul-secure-mesh-existing-secrets-confighub-proof",
      "EntityType": "Space",
      "Labels": {
        "Component": "Consul",
        "Environment": "Demo",
        "Layer": "App",
        "Owner": "ConfigHubHelm",
        "Variant": "secure-mesh-existing-secrets"
      },
      "OrganizationID": "12c33fa8-00b1-4011-ad3e-19d56458b29c",
      "Permissions": {
        "Manage": {
          "UserIDs": {
            "c5818f81-ae4b-4d17-987f-743f19bdb0ca": true
          }
        },
        "ManageChildren": {
          "UserIDs": {
            "c5818f81-ae4b-4d17-987f-743f19bdb0ca": true
          }
        }
      },
      "Slug": "helm-consul-secure-mesh-existing-secrets-confighub-proof",
      "SpaceID": "3bc78315-a575-43fb-a954-e43d48e97410",
      "UpdatedAt": "2026-06-12T17:03:51.703429Z",
      "Version": 2,
      "WhereTrigger": "SpaceID = '3bc78315-a575-43fb-a954-e43d48e97410'"
    },
    "Unit": {
      "ApprovedBy": null,
      "CreatedAt": "0001-01-01T00:00:00Z",
      "DataHash": "2e9a8d983695e0b7807f36c76527f558019845b5e0fc332931902fd04c9dfe44",
      "EntityType": "Unit",
      "FromLinkID": null,
      "HeadRevisionNum": 2,
      "MutationSources": null,
      "OrganizationID": "12c33fa8-00b1-4011-ad3e-19d56458b29c",
      "Slug": "customresourcedefinition-routeretryfilters-consul-hashicorp-com",
      "SpaceID": "3bc78315-a575-43fb-a954-e43d48e97410",
      "ToolchainType": "Kubernetes/YAML",
      "UnitID": "a7cabd14-4ac5-4997-9078-ab77dd3067b3",
      "UpdatedAt": "0001-01-01T00:00:00Z",
      "Version": 6
    },
    "UnitStatus": {
      "Action": "N/A",
      "ActionResult": "None",
      "ActionStartedAt": "0001-01-01T00:00:00Z",
      "ActionTerminatedAt": "0001-01-01T00:00:00Z",
      "Drift": "N/A",
      "Status": "NotLive",
      "SyncStatus": "NotLive"
    }
  },
  {
    "Space": {
      "CreatedAt": "2026-06-12T17:03:51.196638Z",
      "CursorID": 4655,
      "DisplayName": "helm-consul-secure-mesh-existing-secrets-confighub-proof",
      "EntityType": "Space",
      "Labels": {
        "Component": "Consul",
        "Environment": "Demo",
        "Layer": "App",
        "Owner": "ConfigHubHelm",
        "Variant": "secure-mesh-existing-secrets"
      },
      "OrganizationID": "12c33fa8-00b1-4011-ad3e-19d56458b29c",
      "Permissions": {
        "Manage": {
          "UserIDs": {
            "c5818f81-ae4b-4d17-987f-743f19bdb0ca": true
          }
        },
        "ManageChildren": {
          "UserIDs": {
            "c5818f81-ae4b-4d17-987f-743f19bdb0ca": true
          }
        }
      },
      "Slug": "helm-consul-secure-mesh-existing-secrets-confighub-proof",
      "SpaceID": "3bc78315-a575-43fb-a954-e43d48e97410",
      "UpdatedAt": "2026-06-12T17:03:51.703429Z",
      "Version": 2,
      "WhereTrigger": "SpaceID = '3bc78315-a575-43fb-a954-e43d48e97410'"
    },
    "Unit": {
      "ApprovedBy": null,
      "CreatedAt": "0001-01-01T00:00:00Z",
      "DataHash": "5b6be54cf270de73ee64a8e5ce954ca3fa31737133b3d1fbe1c4d5cd317c23e2",
      "EntityType": "Unit",
      "FromLinkID": null,
      "HeadRevisionNum": 2,
      "MutationSources": null,
      "OrganizationID": "12c33fa8-00b1-4011-ad3e-19d56458b29c",
      "Slug": "customresourcedefinition-routetlssdsfilters-consul-hashicorp-com",
      "SpaceID": "3bc78315-a575-43fb-a954-e43d48e97410",
      "ToolchainType": "Kubernetes/YAML",
      "UnitID": "f71a0c9d-2089-4ea0-a959-f0d3fea2afc3",
      "UpdatedAt": "0001-01-01T00:00:00Z",
      "Version": 6
    },
    "UnitStatus": {
      "Action": "N/A",
      "ActionResult": "None",
      "ActionStartedAt": "0001-01-01T00:00:00Z",
      "ActionTerminatedAt": "0001-01-01T00:00:00Z",
      "Drift": "N/A",
      "Status": "NotLive",
      "SyncStatus": "NotLive"
    }
  },
  {
    "Space": {
      "CreatedAt": "2026-06-12T17:03:51.196638Z",
      "CursorID": 4655,
      "DisplayName": "helm-consul-secure-mesh-existing-secrets-confighub-proof",
      "EntityType": "Space",
      "Labels": {
        "Component": "Consul",
        "Environment": "Demo",
        "Layer": "App",
        "Owner": "ConfigHubHelm",
        "Variant": "secure-mesh-existing-secrets"
      },
      "OrganizationID": "12c33fa8-00b1-4011-ad3e-19d56458b29c",
      "Permissions": {
        "Manage": {
          "UserIDs": {
            "c5818f81-ae4b-4d17-987f-743f19bdb0ca": true
          }
        },
        "ManageChildren": {
          "UserIDs": {
            "c5818f81-ae4b-4d17-987f-743f19bdb0ca": true
          }
        }
      },
      "Slug": "helm-consul-secure-mesh-existing-secrets-confighub-proof",
      "SpaceID": "3bc78315-a575-43fb-a954-e43d48e97410",
      "UpdatedAt": "2026-06-12T17:03:51.703429Z",
      "Version": 2,
      "WhereTrigger": "SpaceID = '3bc78315-a575-43fb-a954-e43d48e97410'"
    },
    "Unit": {
      "ApprovedBy": null,
      "CreatedAt": "0001-01-01T00:00:00Z",
      "DataHash": "2dcaaa3190124bbc21a631161a87c15f768009baf5fad4cc4add7be0ea73f600",
      "EntityType": "Unit",
      "FromLinkID": null,
      "HeadRevisionNum": 2,
      "MutationSources": null,
      "OrganizationID": "12c33fa8-00b1-4011-ad3e-19d56458b29c",
      "Slug": "mutatingwebhookconfiguration-consul-consul-consul-connect-injector",
      "SpaceID": "3bc78315-a575-43fb-a954-e43d48e97410",
      "ToolchainType": "Kubernetes/YAML",
      "UnitID": "827a7b9d-96db-45e2-bae0-19ab7703695b",
      "UpdatedAt": "0001-01-01T00:00:00Z",
      "Version": 12
    },
    "UnitStatus": {
      "Action": "N/A",
      "ActionResult": "None",
      "ActionStartedAt": "0001-01-01T00:00:00Z",
      "ActionTerminatedAt": "0001-01-01T00:00:00Z",
      "Drift": "N/A",
      "Status": "NotLive",
      "SyncStatus": "NotLive"
    }
  },
  {
    "Space": {
      "CreatedAt": "2026-06-12T17:03:51.196638Z",
      "CursorID": 4655,
      "DisplayName": "helm-consul-secure-mesh-existing-secrets-confighub-proof",
      "EntityType": "Space",
      "Labels": {
        "Component": "Consul",
        "Environment": "Demo",
        "Layer": "App",
        "Owner": "ConfigHubHelm",
        "Variant": "secure-mesh-existing-secrets"
      },
      "OrganizationID": "12c33fa8-00b1-4011-ad3e-19d56458b29c",
      "Permissions": {
        "Manage": {
          "UserIDs": {
            "c5818f81-ae4b-4d17-987f-743f19bdb0ca": true
          }
        },
        "ManageChildren": {
          "UserIDs": {
            "c5818f81-ae4b-4d17-987f-743f19bdb0ca": true
          }
        }
      },
      "Slug": "helm-consul-secure-mesh-existing-secrets-confighub-proof",
      "SpaceID": "3bc78315-a575-43fb-a954-e43d48e97410",
      "UpdatedAt": "2026-06-12T17:03:51.703429Z",
      "Version": 2,
      "WhereTrigger": "SpaceID = '3bc78315-a575-43fb-a954-e43d48e97410'"
    },
    "Unit": {
      "ApprovedBy": null,
      "CreatedAt": "0001-01-01T00:00:00Z",
      "DataHash": "01fe7a5bcfb20b131009e9915ade989aa6b4b2c29b92ecdabb832e88d3979226",
      "EntityType": "Unit",
      "FromLinkID": null,
      "HeadRevisionNum": 2,
      "MutationSources": null,
      "OrganizationID": "12c33fa8-00b1-4011-ad3e-19d56458b29c",
      "Slug": "customresourcedefinition-samenessgroups-consul-hashicorp-com",
      "SpaceID": "3bc78315-a575-43fb-a954-e43d48e97410",
      "ToolchainType": "Kubernetes/YAML",
      "UnitID": "a7867141-2b61-4f55-a427-2ead25ecfb8f",
      "UpdatedAt": "0001-01-01T00:00:00Z",
      "Version": 6
    },
    "UnitStatus": {
      "Action": "N/A",
      "ActionResult": "None",
      "ActionStartedAt": "0001-01-01T00:00:00Z",
      "ActionTerminatedAt": "0001-01-01T00:00:00Z",
      "Drift": "N/A",
      "Status": "NotLive",
      "SyncStatus": "NotLive"
    }
  },
  {
    "Space": {
      "CreatedAt": "2026-06-12T17:03:51.196638Z",
      "CursorID": 4655,
      "DisplayName": "helm-consul-secure-mesh-existing-secrets-confighub-proof",
      "EntityType": "Space",
      "Labels": {
        "Component": "Consul",
        "Environment": "Demo",
        "Layer": "App",
        "Owner": "ConfigHubHelm",
        "Variant": "secure-mesh-existing-secrets"
      },
      "OrganizationID": "12c33fa8-00b1-4011-ad3e-19d56458b29c",
      "Permissions": {
        "Manage": {
          "UserIDs": {
            "c5818f81-ae4b-4d17-987f-743f19bdb0ca": true
          }
        },
        "ManageChildren": {
          "UserIDs": {
            "c5818f81-ae4b-4d17-987f-743f19bdb0ca": true
          }
        }
      },
      "Slug": "helm-consul-secure-mesh-existing-secrets-confighub-proof",
      "SpaceID": "3bc78315-a575-43fb-a954-e43d48e97410",
      "UpdatedAt": "2026-06-12T17:03:51.703429Z",
      "Version": 2,
      "WhereTrigger": "SpaceID = '3bc78315-a575-43fb-a954-e43d48e97410'"
    },
    "Unit": {
      "ApprovedBy": null,
      "CreatedAt": "0001-01-01T00:00:00Z",
      "DataHash": "ca0f5268e0e43064465b76df6db3422b24172d449dc037f4572a1a14e65a00d6",
      "EntityType": "Unit",
      "FromLinkID": null,
      "HeadRevisionNum": 1,
      "MutationSources": null,
      "OrganizationID": "12c33fa8-00b1-4011-ad3e-19d56458b29c",
      "Slug": "serviceaccount-consul-consul-consul-webhook-cert-manager",
      "SpaceID": "3bc78315-a575-43fb-a954-e43d48e97410",
      "ToolchainType": "Kubernetes/YAML",
      "UnitID": "0753518c-8409-4604-b64a-b9958eda2a1b",
      "UpdatedAt": "0001-01-01T00:00:00Z",
      "Version": 6
    },
    "UnitStatus": {
      "Action": "N/A",
      "ActionResult": "None",
      "ActionStartedAt": "0001-01-01T00:00:00Z",
      "ActionTerminatedAt": "0001-01-01T00:00:00Z",
      "Drift": "N/A",
      "Status": "NotLive",
      "SyncStatus": "NotLive"
    }
  },
  {
    "Space": {
      "CreatedAt": "2026-06-12T17:03:51.196638Z",
      "CursorID": 4655,
      "DisplayName": "helm-consul-secure-mesh-existing-secrets-confighub-proof",
      "EntityType": "Space",
      "Labels": {
        "Component": "Consul",
        "Environment": "Demo",
        "Layer": "App",
        "Owner": "ConfigHubHelm",
        "Variant": "secure-mesh-existing-secrets"
      },
      "OrganizationID": "12c33fa8-00b1-4011-ad3e-19d56458b29c",
      "Permissions": {
        "Manage": {
          "UserIDs": {
            "c5818f81-ae4b-4d17-987f-743f19bdb0ca": true
          }
        },
        "ManageChildren": {
          "UserIDs": {
            "c5818f81-ae4b-4d17-987f-743f19bdb0ca": true
          }
        }
      },
      "Slug": "helm-consul-secure-mesh-existing-secrets-confighub-proof",
      "SpaceID": "3bc78315-a575-43fb-a954-e43d48e97410",
      "UpdatedAt": "2026-06-12T17:03:51.703429Z",
      "Version": 2,
      "WhereTrigger": "SpaceID = '3bc78315-a575-43fb-a954-e43d48e97410'"
    },
    "Unit": {
      "ApprovedBy": null,
      "CreatedAt": "0001-01-01T00:00:00Z",
      "DataHash": "2e1fdea7d4a08874fcee4cee82a60083862f295ba53b49477c12cd183dd36531",
      "EntityType": "Unit",
      "FromLinkID": null,
      "HeadRevisionNum": 2,
      "MutationSources": null,
      "OrganizationID": "12c33fa8-00b1-4011-ad3e-19d56458b29c",
      "Slug": "customresourcedefinition-servicedefaults-consul-hashicorp-com",
      "SpaceID": "3bc78315-a575-43fb-a954-e43d48e97410",
      "ToolchainType": "Kubernetes/YAML",
      "UnitID": "2384c754-814d-41d9-84bf-b5f347b25578",
      "UpdatedAt": "0001-01-01T00:00:00Z",
      "Version": 6
    },
    "UnitStatus": {
      "Action": "N/A",
      "ActionResult": "None",
      "ActionStartedAt": "0001-01-01T00:00:00Z",
      "ActionTerminatedAt": "0001-01-01T00:00:00Z",
      "Drift": "N/A",
      "Status": "NotLive",
      "SyncStatus": "NotLive"
    }
  },
  {
    "Space": {
      "CreatedAt": "2026-06-12T17:03:51.196638Z",
      "CursorID": 4655,
      "DisplayName": "helm-consul-secure-mesh-existing-secrets-confighub-proof",
      "EntityType": "Space",
      "Labels": {
        "Component": "Consul",
        "Environment": "Demo",
        "Layer": "App",
        "Owner": "ConfigHubHelm",
        "Variant": "secure-mesh-existing-secrets"
      },
      "OrganizationID": "12c33fa8-00b1-4011-ad3e-19d56458b29c",
      "Permissions": {
        "Manage": {
          "UserIDs": {
            "c5818f81-ae4b-4d17-987f-743f19bdb0ca": true
          }
        },
        "ManageChildren": {
          "UserIDs": {
            "c5818f81-ae4b-4d17-987f-743f19bdb0ca": true
          }
        }
      },
      "Slug": "helm-consul-secure-mesh-existing-secrets-confighub-proof",
      "SpaceID": "3bc78315-a575-43fb-a954-e43d48e97410",
      "UpdatedAt": "2026-06-12T17:03:51.703429Z",
      "Version": 2,
      "WhereTrigger": "SpaceID = '3bc78315-a575-43fb-a954-e43d48e97410'"
    },
    "Unit": {
      "ApprovedBy": null,
      "CreatedAt": "0001-01-01T00:00:00Z",
      "DataHash": "987fffa3896dda57cb4174d838abff6662321438edbd5f8acffbd88e7b7a0287",
      "EntityType": "Unit",
      "FromLinkID": null,
      "HeadRevisionNum": 1,
      "MutationSources": null,
      "OrganizationID": "12c33fa8-00b1-4011-ad3e-19d56458b29c",
      "Slug": "serviceaccount-consul-consul-consul-connect-injector",
      "SpaceID": "3bc78315-a575-43fb-a954-e43d48e97410",
      "ToolchainType": "Kubernetes/YAML",
      "UnitID": "a9ab56f3-1792-44c0-99f6-f082a529583a",
      "UpdatedAt": "0001-01-01T00:00:00Z",
      "Version": 6
    },
    "UnitStatus": {
      "Action": "N/A",
      "ActionResult": "None",
      "ActionStartedAt": "0001-01-01T00:00:00Z",
      "ActionTerminatedAt": "0001-01-01T00:00:00Z",
      "Drift": "N/A",
      "Status": "NotLive",
      "SyncStatus": "NotLive"
    }
  },
  {
    "Space": {
      "CreatedAt": "2026-06-12T17:03:51.196638Z",
      "CursorID": 4655,
      "DisplayName": "helm-consul-secure-mesh-existing-secrets-confighub-proof",
      "EntityType": "Space",
      "Labels": {
        "Component": "Consul",
        "Environment": "Demo",
        "Layer": "App",
        "Owner": "ConfigHubHelm",
        "Variant": "secure-mesh-existing-secrets"
      },
      "OrganizationID": "12c33fa8-00b1-4011-ad3e-19d56458b29c",
      "Permissions": {
        "Manage": {
          "UserIDs": {
            "c5818f81-ae4b-4d17-987f-743f19bdb0ca": true
          }
        },
        "ManageChildren": {
          "UserIDs": {
            "c5818f81-ae4b-4d17-987f-743f19bdb0ca": true
          }
        }
      },
      "Slug": "helm-consul-secure-mesh-existing-secrets-confighub-proof",
      "SpaceID": "3bc78315-a575-43fb-a954-e43d48e97410",
      "UpdatedAt": "2026-06-12T17:03:51.703429Z",
      "Version": 2,
      "WhereTrigger": "SpaceID = '3bc78315-a575-43fb-a954-e43d48e97410'"
    },
    "Unit": {
      "ApprovedBy": null,
      "CreatedAt": "0001-01-01T00:00:00Z",
      "DataHash": "b400d1ca10fd6249220086be559f74e847ab9e56eccdcdeea9b600c2cee92b79",
      "EntityType": "Unit",
      "FromLinkID": null,
      "HeadRevisionNum": 2,
      "MutationSources": null,
      "OrganizationID": "12c33fa8-00b1-4011-ad3e-19d56458b29c",
      "Slug": "customresourcedefinition-serviceintentions-consul-hashicorp-com",
      "SpaceID": "3bc78315-a575-43fb-a954-e43d48e97410",
      "ToolchainType": "Kubernetes/YAML",
      "UnitID": "17e47daa-4471-46ae-9c44-0933c66900f7",
      "UpdatedAt": "0001-01-01T00:00:00Z",
      "Version": 6
    },
    "UnitStatus": {
      "Action": "N/A",
      "ActionResult": "None",
      "ActionStartedAt": "0001-01-01T00:00:00Z",
      "ActionTerminatedAt": "0001-01-01T00:00:00Z",
      "Drift": "N/A",
      "Status": "NotLive",
      "SyncStatus": "NotLive"
    }
  },
  {
    "Space": {
      "CreatedAt": "2026-06-12T17:03:51.196638Z",
      "CursorID": 4655,
      "DisplayName": "helm-consul-secure-mesh-existing-secrets-confighub-proof",
      "EntityType": "Space",
      "Labels": {
        "Component": "Consul",
        "Environment": "Demo",
        "Layer": "App",
        "Owner": "ConfigHubHelm",
        "Variant": "secure-mesh-existing-secrets"
      },
      "OrganizationID": "12c33fa8-00b1-4011-ad3e-19d56458b29c",
      "Permissions": {
        "Manage": {
          "UserIDs": {
            "c5818f81-ae4b-4d17-987f-743f19bdb0ca": true
          }
        },
        "ManageChildren": {
          "UserIDs": {
            "c5818f81-ae4b-4d17-987f-743f19bdb0ca": true
          }
        }
      },
      "Slug": "helm-consul-secure-mesh-existing-secrets-confighub-proof",
      "SpaceID": "3bc78315-a575-43fb-a954-e43d48e97410",
      "UpdatedAt": "2026-06-12T17:03:51.703429Z",
      "Version": 2,
      "WhereTrigger": "SpaceID = '3bc78315-a575-43fb-a954-e43d48e97410'"
    },
    "Unit": {
      "ApprovedBy": null,
      "CreatedAt": "0001-01-01T00:00:00Z",
      "DataHash": "927ffd7204360938a9c279259fcbd591dc21abb3a2cc1dd6f4197f8241279a9f",
      "EntityType": "Unit",
      "FromLinkID": null,
      "HeadRevisionNum": 1,
      "MutationSources": null,
      "OrganizationID": "12c33fa8-00b1-4011-ad3e-19d56458b29c",
      "Slug": "serviceaccount-consul-consul-consul-gateway-cleanup-custom",
      "SpaceID": "3bc78315-a575-43fb-a954-e43d48e97410",
      "ToolchainType": "Kubernetes/YAML",
      "UnitID": "3f96d3bb-cd9c-469f-8f7a-3bbc3c7e74c1",
      "UpdatedAt": "0001-01-01T00:00:00Z",
      "Version": 6
    },
    "UnitStatus": {
      "Action": "N/A",
      "ActionResult": "None",
      "ActionStartedAt": "0001-01-01T00:00:00Z",
      "ActionTerminatedAt": "0001-01-01T00:00:00Z",
      "Drift": "N/A",
      "Status": "NotLive",
      "SyncStatus": "NotLive"
    }
  },
  {
    "Space": {
      "CreatedAt": "2026-06-12T17:03:51.196638Z",
      "CursorID": 4655,
      "DisplayName": "helm-consul-secure-mesh-existing-secrets-confighub-proof",
      "EntityType": "Space",
      "Labels": {
        "Component": "Consul",
        "Environment": "Demo",
        "Layer": "App",
        "Owner": "ConfigHubHelm",
        "Variant": "secure-mesh-existing-secrets"
      },
      "OrganizationID": "12c33fa8-00b1-4011-ad3e-19d56458b29c",
      "Permissions": {
        "Manage": {
          "UserIDs": {
            "c5818f81-ae4b-4d17-987f-743f19bdb0ca": true
          }
        },
        "ManageChildren": {
          "UserIDs": {
            "c5818f81-ae4b-4d17-987f-743f19bdb0ca": true
          }
        }
      },
      "Slug": "helm-consul-secure-mesh-existing-secrets-confighub-proof",
      "SpaceID": "3bc78315-a575-43fb-a954-e43d48e97410",
      "UpdatedAt": "2026-06-12T17:03:51.703429Z",
      "Version": 2,
      "WhereTrigger": "SpaceID = '3bc78315-a575-43fb-a954-e43d48e97410'"
    },
    "Unit": {
      "ApprovedBy": null,
      "CreatedAt": "0001-01-01T00:00:00Z",
      "DataHash": "a6aeeba842b74c590c6d800c543cb271b477de16276e254a13baf969ba0f67c1",
      "EntityType": "Unit",
      "FromLinkID": null,
      "HeadRevisionNum": 2,
      "MutationSources": null,
      "OrganizationID": "12c33fa8-00b1-4011-ad3e-19d56458b29c",
      "Slug": "customresourcedefinition-serviceresolvers-consul-hashicorp-com",
      "SpaceID": "3bc78315-a575-43fb-a954-e43d48e97410",
      "ToolchainType": "Kubernetes/YAML",
      "UnitID": "d8b30055-e09b-4eea-b061-1e4e6f148ff8",
      "UpdatedAt": "0001-01-01T00:00:00Z",
      "Version": 6
    },
    "UnitStatus": {
      "Action": "N/A",
      "ActionResult": "None",
      "ActionStartedAt": "0001-01-01T00:00:00Z",
      "ActionTerminatedAt": "0001-01-01T00:00:00Z",
      "Drift": "N/A",
      "Status": "NotLive",
      "SyncStatus": "NotLive"
    }
  },
  {
    "Space": {
      "CreatedAt": "2026-06-12T17:03:51.196638Z",
      "CursorID": 4655,
      "DisplayName": "helm-consul-secure-mesh-existing-secrets-confighub-proof",
      "EntityType": "Space",
      "Labels": {
        "Component": "Consul",
        "Environment": "Demo",
        "Layer": "App",
        "Owner": "ConfigHubHelm",
        "Variant": "secure-mesh-existing-secrets"
      },
      "OrganizationID": "12c33fa8-00b1-4011-ad3e-19d56458b29c",
      "Permissions": {
        "Manage": {
          "UserIDs": {
            "c5818f81-ae4b-4d17-987f-743f19bdb0ca": true
          }
        },
        "ManageChildren": {
          "UserIDs": {
            "c5818f81-ae4b-4d17-987f-743f19bdb0ca": true
          }
        }
      },
      "Slug": "helm-consul-secure-mesh-existing-secrets-confighub-proof",
      "SpaceID": "3bc78315-a575-43fb-a954-e43d48e97410",
      "UpdatedAt": "2026-06-12T17:03:51.703429Z",
      "Version": 2,
      "WhereTrigger": "SpaceID = '3bc78315-a575-43fb-a954-e43d48e97410'"
    },
    "Unit": {
      "ApprovedBy": null,
      "CreatedAt": "0001-01-01T00:00:00Z",
      "DataHash": "5126bde59c4ffe34e2cdd19c478f737ff10e37e1b5b0e77349714828ce0b02c8",
      "EntityType": "Unit",
      "FromLinkID": null,
      "HeadRevisionNum": 1,
      "MutationSources": null,
      "OrganizationID": "12c33fa8-00b1-4011-ad3e-19d56458b29c",
      "Slug": "serviceaccount-consul-consul-consul-gateway-cleanup",
      "SpaceID": "3bc78315-a575-43fb-a954-e43d48e97410",
      "ToolchainType": "Kubernetes/YAML",
      "UnitID": "a7bbca07-5bc9-4178-98e3-b5d6143dc29b",
      "UpdatedAt": "0001-01-01T00:00:00Z",
      "Version": 6
    },
    "UnitStatus": {
      "Action": "N/A",
      "ActionResult": "None",
      "ActionStartedAt": "0001-01-01T00:00:00Z",
      "ActionTerminatedAt": "0001-01-01T00:00:00Z",
      "Drift": "N/A",
      "Status": "NotLive",
      "SyncStatus": "NotLive"
    }
  },
  {
    "Space": {
      "CreatedAt": "2026-06-12T17:03:51.196638Z",
      "CursorID": 4655,
      "DisplayName": "helm-consul-secure-mesh-existing-secrets-confighub-proof",
      "EntityType": "Space",
      "Labels": {
        "Component": "Consul",
        "Environment": "Demo",
        "Layer": "App",
        "Owner": "ConfigHubHelm",
        "Variant": "secure-mesh-existing-secrets"
      },
      "OrganizationID": "12c33fa8-00b1-4011-ad3e-19d56458b29c",
      "Permissions": {
        "Manage": {
          "UserIDs": {
            "c5818f81-ae4b-4d17-987f-743f19bdb0ca": true
          }
        },
        "ManageChildren": {
          "UserIDs": {
            "c5818f81-ae4b-4d17-987f-743f19bdb0ca": true
          }
        }
      },
      "Slug": "helm-consul-secure-mesh-existing-secrets-confighub-proof",
      "SpaceID": "3bc78315-a575-43fb-a954-e43d48e97410",
      "UpdatedAt": "2026-06-12T17:03:51.703429Z",
      "Version": 2,
      "WhereTrigger": "SpaceID = '3bc78315-a575-43fb-a954-e43d48e97410'"
    },
    "Unit": {
      "ApprovedBy": null,
      "CreatedAt": "0001-01-01T00:00:00Z",
      "DataHash": "b660bea2da8f249829dad4edd93531f6dcfac67b45cc6108f1e1fb35b2314061",
      "EntityType": "Unit",
      "FromLinkID": null,
      "HeadRevisionNum": 1,
      "MutationSources": null,
      "OrganizationID": "12c33fa8-00b1-4011-ad3e-19d56458b29c",
      "Slug": "role-consul-consul-consul-server",
      "SpaceID": "3bc78315-a575-43fb-a954-e43d48e97410",
      "ToolchainType": "Kubernetes/YAML",
      "UnitID": "49b012ad-c05c-4498-9276-51acc9c950d3",
      "UpdatedAt": "0001-01-01T00:00:00Z",
      "Version": 6
    },
    "UnitStatus": {
      "Action": "N/A",
      "ActionResult": "None",
      "ActionStartedAt": "0001-01-01T00:00:00Z",
      "ActionTerminatedAt": "0001-01-01T00:00:00Z",
      "Drift": "N/A",
      "Status": "NotLive",
      "SyncStatus": "NotLive"
    }
  },
  {
    "Space": {
      "CreatedAt": "2026-06-12T17:03:51.196638Z",
      "CursorID": 4655,
      "DisplayName": "helm-consul-secure-mesh-existing-secrets-confighub-proof",
      "EntityType": "Space",
      "Labels": {
        "Component": "Consul",
        "Environment": "Demo",
        "Layer": "App",
        "Owner": "ConfigHubHelm",
        "Variant": "secure-mesh-existing-secrets"
      },
      "OrganizationID": "12c33fa8-00b1-4011-ad3e-19d56458b29c",
      "Permissions": {
        "Manage": {
          "UserIDs": {
            "c5818f81-ae4b-4d17-987f-743f19bdb0ca": true
          }
        },
        "ManageChildren": {
          "UserIDs": {
            "c5818f81-ae4b-4d17-987f-743f19bdb0ca": true
          }
        }
      },
      "Slug": "helm-consul-secure-mesh-existing-secrets-confighub-proof",
      "SpaceID": "3bc78315-a575-43fb-a954-e43d48e97410",
      "UpdatedAt": "2026-06-12T17:03:51.703429Z",
      "Version": 2,
      "WhereTrigger": "SpaceID = '3bc78315-a575-43fb-a954-e43d48e97410'"
    },
    "Unit": {
      "ApprovedBy": null,
      "CreatedAt": "0001-01-01T00:00:00Z",
      "DataHash": "0491fad0bea9fcec14672b6f7d937d241467d904d96672cfc866708f944ce8fc",
      "EntityType": "Unit",
      "FromLinkID": null,
      "HeadRevisionNum": 1,
      "MutationSources": null,
      "OrganizationID": "12c33fa8-00b1-4011-ad3e-19d56458b29c",
      "Slug": "serviceaccount-consul-consul-consul-gateway-resources-custom",
      "SpaceID": "3bc78315-a575-43fb-a954-e43d48e97410",
      "ToolchainType": "Kubernetes/YAML",
      "UnitID": "a3e2d3d7-8017-4e06-906b-99882037ae67",
      "UpdatedAt": "0001-01-01T00:00:00Z",
      "Version": 6
    },
    "UnitStatus": {
      "Action": "N/A",
      "ActionResult": "None",
      "ActionStartedAt": "0001-01-01T00:00:00Z",
      "ActionTerminatedAt": "0001-01-01T00:00:00Z",
      "Drift": "N/A",
      "Status": "NotLive",
      "SyncStatus": "NotLive"
    }
  },
  {
    "Space": {
      "CreatedAt": "2026-06-12T17:03:51.196638Z",
      "CursorID": 4655,
      "DisplayName": "helm-consul-secure-mesh-existing-secrets-confighub-proof",
      "EntityType": "Space",
      "Labels": {
        "Component": "Consul",
        "Environment": "Demo",
        "Layer": "App",
        "Owner": "ConfigHubHelm",
        "Variant": "secure-mesh-existing-secrets"
      },
      "OrganizationID": "12c33fa8-00b1-4011-ad3e-19d56458b29c",
      "Permissions": {
        "Manage": {
          "UserIDs": {
            "c5818f81-ae4b-4d17-987f-743f19bdb0ca": true
          }
        },
        "ManageChildren": {
          "UserIDs": {
            "c5818f81-ae4b-4d17-987f-743f19bdb0ca": true
          }
        }
      },
      "Slug": "helm-consul-secure-mesh-existing-secrets-confighub-proof",
      "SpaceID": "3bc78315-a575-43fb-a954-e43d48e97410",
      "UpdatedAt": "2026-06-12T17:03:51.703429Z",
      "Version": 2,
      "WhereTrigger": "SpaceID = '3bc78315-a575-43fb-a954-e43d48e97410'"
    },
    "Unit": {
      "ApprovedBy": null,
      "CreatedAt": "0001-01-01T00:00:00Z",
      "DataHash": "39d5b36777117b6b461be2ab104c784facd749e1c842f0f3883b86fbdd174122",
      "EntityType": "Unit",
      "FromLinkID": null,
      "HeadRevisionNum": 2,
      "MutationSources": null,
      "OrganizationID": "12c33fa8-00b1-4011-ad3e-19d56458b29c",
      "Slug": "customresourcedefinition-servicerouters-consul-hashicorp-com",
      "SpaceID": "3bc78315-a575-43fb-a954-e43d48e97410",
      "ToolchainType": "Kubernetes/YAML",
      "UnitID": "b41a9d97-cf74-4e97-a862-0e265d645cea",
      "UpdatedAt": "0001-01-01T00:00:00Z",
      "Version": 6
    },
    "UnitStatus": {
      "Action": "N/A",
      "ActionResult": "None",
      "ActionStartedAt": "0001-01-01T00:00:00Z",
      "ActionTerminatedAt": "0001-01-01T00:00:00Z",
      "Drift": "N/A",
      "Status": "NotLive",
      "SyncStatus": "NotLive"
    }
  },
  {
    "Space": {
      "CreatedAt": "2026-06-12T17:03:51.196638Z",
      "CursorID": 4655,
      "DisplayName": "helm-consul-secure-mesh-existing-secrets-confighub-proof",
      "EntityType": "Space",
      "Labels": {
        "Component": "Consul",
        "Environment": "Demo",
        "Layer": "App",
        "Owner": "ConfigHubHelm",
        "Variant": "secure-mesh-existing-secrets"
      },
      "OrganizationID": "12c33fa8-00b1-4011-ad3e-19d56458b29c",
      "Permissions": {
        "Manage": {
          "UserIDs": {
            "c5818f81-ae4b-4d17-987f-743f19bdb0ca": true
          }
        },
        "ManageChildren": {
          "UserIDs": {
            "c5818f81-ae4b-4d17-987f-743f19bdb0ca": true
          }
        }
      },
      "Slug": "helm-consul-secure-mesh-existing-secrets-confighub-proof",
      "SpaceID": "3bc78315-a575-43fb-a954-e43d48e97410",
      "UpdatedAt": "2026-06-12T17:03:51.703429Z",
      "Version": 2,
      "WhereTrigger": "SpaceID = '3bc78315-a575-43fb-a954-e43d48e97410'"
    },
    "Unit": {
      "ApprovedBy": null,
      "CreatedAt": "0001-01-01T00:00:00Z",
      "DataHash": "d2c514890a9626878f29e7b1dd6e4d141afda284c5b8e504ff3c1cebc7bc103f",
      "EntityType": "Unit",
      "FromLinkID": null,
      "HeadRevisionNum": 2,
      "MutationSources": null,
      "OrganizationID": "12c33fa8-00b1-4011-ad3e-19d56458b29c",
      "Slug": "validatingwebhookconfiguration-consul-consul-consul-connect-injector",
      "SpaceID": "3bc78315-a575-43fb-a954-e43d48e97410",
      "ToolchainType": "Kubernetes/YAML",
      "UnitID": "f4642315-36ff-4eb1-b51f-471dec4aaad1",
      "UpdatedAt": "0001-01-01T00:00:00Z",
      "Version": 12
    },
    "UnitStatus": {
      "Action": "N/A",
      "ActionResult": "None",
      "ActionStartedAt": "0001-01-01T00:00:00Z",
      "ActionTerminatedAt": "0001-01-01T00:00:00Z",
      "Drift": "N/A",
      "Status": "NotLive",
      "SyncStatus": "NotLive"
    }
  },
  {
    "Space": {
      "CreatedAt": "2026-06-12T17:03:51.196638Z",
      "CursorID": 4655,
      "DisplayName": "helm-consul-secure-mesh-existing-secrets-confighub-proof",
      "EntityType": "Space",
      "Labels": {
        "Component": "Consul",
        "Environment": "Demo",
        "Layer": "App",
        "Owner": "ConfigHubHelm",
        "Variant": "secure-mesh-existing-secrets"
      },
      "OrganizationID": "12c33fa8-00b1-4011-ad3e-19d56458b29c",
      "Permissions": {
        "Manage": {
          "UserIDs": {
            "c5818f81-ae4b-4d17-987f-743f19bdb0ca": true
          }
        },
        "ManageChildren": {
          "UserIDs": {
            "c5818f81-ae4b-4d17-987f-743f19bdb0ca": true
          }
        }
      },
      "Slug": "helm-consul-secure-mesh-existing-secrets-confighub-proof",
      "SpaceID": "3bc78315-a575-43fb-a954-e43d48e97410",
      "UpdatedAt": "2026-06-12T17:03:51.703429Z",
      "Version": 2,
      "WhereTrigger": "SpaceID = '3bc78315-a575-43fb-a954-e43d48e97410'"
    },
    "Unit": {
      "ApprovedBy": null,
      "CreatedAt": "0001-01-01T00:00:00Z",
      "DataHash": "d0f6c74302e4706de3cb1f8dc0a188e179a66c0528b50a748015d78f8ee83bf9",
      "EntityType": "Unit",
      "FromLinkID": null,
      "HeadRevisionNum": 2,
      "MutationSources": null,
      "OrganizationID": "12c33fa8-00b1-4011-ad3e-19d56458b29c",
      "Slug": "customresourcedefinition-servicesplitters-consul-hashicorp-com",
      "SpaceID": "3bc78315-a575-43fb-a954-e43d48e97410",
      "ToolchainType": "Kubernetes/YAML",
      "UnitID": "bebf159e-9310-4813-8b3c-4a9eac0c7eab",
      "UpdatedAt": "0001-01-01T00:00:00Z",
      "Version": 6
    },
    "UnitStatus": {
      "Action": "N/A",
      "ActionResult": "None",
      "ActionStartedAt": "0001-01-01T00:00:00Z",
      "ActionTerminatedAt": "0001-01-01T00:00:00Z",
      "Drift": "N/A",
      "Status": "NotLive",
      "SyncStatus": "NotLive"
    }
  },
  {
    "Space": {
      "CreatedAt": "2026-06-12T17:03:51.196638Z",
      "CursorID": 4655,
      "DisplayName": "helm-consul-secure-mesh-existing-secrets-confighub-proof",
      "EntityType": "Space",
      "Labels": {
        "Component": "Consul",
        "Environment": "Demo",
        "Layer": "App",
        "Owner": "ConfigHubHelm",
        "Variant": "secure-mesh-existing-secrets"
      },
      "OrganizationID": "12c33fa8-00b1-4011-ad3e-19d56458b29c",
      "Permissions": {
        "Manage": {
          "UserIDs": {
            "c5818f81-ae4b-4d17-987f-743f19bdb0ca": true
          }
        },
        "ManageChildren": {
          "UserIDs": {
            "c5818f81-ae4b-4d17-987f-743f19bdb0ca": true
          }
        }
      },
      "Slug": "helm-consul-secure-mesh-existing-secrets-confighub-proof",
      "SpaceID": "3bc78315-a575-43fb-a954-e43d48e97410",
      "UpdatedAt": "2026-06-12T17:03:51.703429Z",
      "Version": 2,
      "WhereTrigger": "SpaceID = '3bc78315-a575-43fb-a954-e43d48e97410'"
    },
    "Unit": {
      "ApprovedBy": null,
      "CreatedAt": "0001-01-01T00:00:00Z",
      "DataHash": "41a03b1ba7ae03ed6ccd85183e23ccb0593c32328de099054dccc0adccbe16c0",
      "EntityType": "Unit",
      "FromLinkID": null,
      "HeadRevisionNum": 2,
      "MutationSources": null,
      "OrganizationID": "12c33fa8-00b1-4011-ad3e-19d56458b29c",
      "Slug": "customresourcedefinition-meshes-consul-hashicorp-com",
      "SpaceID": "3bc78315-a575-43fb-a954-e43d48e97410",
      "ToolchainType": "Kubernetes/YAML",
      "UnitID": "3b1b1248-d59d-4462-b0e8-3b65207282e2",
      "UpdatedAt": "0001-01-01T00:00:00Z",
      "Version": 6
    },
    "UnitStatus": {
      "Action": "N/A",
      "ActionResult": "None",
      "ActionStartedAt": "0001-01-01T00:00:00Z",
      "ActionTerminatedAt": "0001-01-01T00:00:00Z",
      "Drift": "N/A",
      "Status": "NotLive",
      "SyncStatus": "NotLive"
    }
  },
  {
    "Space": {
      "CreatedAt": "2026-06-12T17:03:51.196638Z",
      "CursorID": 4655,
      "DisplayName": "helm-consul-secure-mesh-existing-secrets-confighub-proof",
      "EntityType": "Space",
      "Labels": {
        "Component": "Consul",
        "Environment": "Demo",
        "Layer": "App",
        "Owner": "ConfigHubHelm",
        "Variant": "secure-mesh-existing-secrets"
      },
      "OrganizationID": "12c33fa8-00b1-4011-ad3e-19d56458b29c",
      "Permissions": {
        "Manage": {
          "UserIDs": {
            "c5818f81-ae4b-4d17-987f-743f19bdb0ca": true
          }
        },
        "ManageChildren": {
          "UserIDs": {
            "c5818f81-ae4b-4d17-987f-743f19bdb0ca": true
          }
        }
      },
      "Slug": "helm-consul-secure-mesh-existing-secrets-confighub-proof",
      "SpaceID": "3bc78315-a575-43fb-a954-e43d48e97410",
      "UpdatedAt": "2026-06-12T17:03:51.703429Z",
      "Version": 2,
      "WhereTrigger": "SpaceID = '3bc78315-a575-43fb-a954-e43d48e97410'"
    },
    "Unit": {
      "ApprovedBy": null,
      "CreatedAt": "0001-01-01T00:00:00Z",
      "DataHash": "6bbc4be6a07b5db57f3d872d09bfabaa01bd9371efd6c124fd16a02c87255b93",
      "EntityType": "Unit",
      "FromLinkID": null,
      "HeadRevisionNum": 2,
      "MutationSources": null,
      "OrganizationID": "12c33fa8-00b1-4011-ad3e-19d56458b29c",
      "Slug": "customresourcedefinition-tcproutes-gateway-networking-k8s-io",
      "SpaceID": "3bc78315-a575-43fb-a954-e43d48e97410",
      "ToolchainType": "Kubernetes/YAML",
      "UnitID": "5a9deaab-04da-4d70-8234-f255aee9e4b8",
      "UpdatedAt": "0001-01-01T00:00:00Z",
      "Version": 6
    },
    "UnitStatus": {
      "Action": "N/A",
      "ActionResult": "None",
      "ActionStartedAt": "0001-01-01T00:00:00Z",
      "ActionTerminatedAt": "0001-01-01T00:00:00Z",
      "Drift": "N/A",
      "Status": "NotLive",
      "SyncStatus": "NotLive"
    }
  },
  {
    "Space": {
      "CreatedAt": "2026-06-12T17:03:51.196638Z",
      "CursorID": 4655,
      "DisplayName": "helm-consul-secure-mesh-existing-secrets-confighub-proof",
      "EntityType": "Space",
      "Labels": {
        "Component": "Consul",
        "Environment": "Demo",
        "Layer": "App",
        "Owner": "ConfigHubHelm",
        "Variant": "secure-mesh-existing-secrets"
      },
      "OrganizationID": "12c33fa8-00b1-4011-ad3e-19d56458b29c",
      "Permissions": {
        "Manage": {
          "UserIDs": {
            "c5818f81-ae4b-4d17-987f-743f19bdb0ca": true
          }
        },
        "ManageChildren": {
          "UserIDs": {
            "c5818f81-ae4b-4d17-987f-743f19bdb0ca": true
          }
        }
      },
      "Slug": "helm-consul-secure-mesh-existing-secrets-confighub-proof",
      "SpaceID": "3bc78315-a575-43fb-a954-e43d48e97410",
      "UpdatedAt": "2026-06-12T17:03:51.703429Z",
      "Version": 2,
      "WhereTrigger": "SpaceID = '3bc78315-a575-43fb-a954-e43d48e97410'"
    },
    "Unit": {
      "ApprovedBy": null,
      "CreatedAt": "0001-01-01T00:00:00Z",
      "DataHash": "207991972334e75692368be7121ae4a4daa947bec5b4ae86c9e1e9b0ddb6b548",
      "EntityType": "Unit",
      "FromLinkID": null,
      "HeadRevisionNum": 2,
      "MutationSources": null,
      "OrganizationID": "12c33fa8-00b1-4011-ad3e-19d56458b29c",
      "Slug": "deployment-consul-consul-consul-connect-injector",
      "SpaceID": "3bc78315-a575-43fb-a954-e43d48e97410",
      "ToolchainType": "Kubernetes/YAML",
      "UnitID": "e16ac164-5db7-4ea2-a0c1-3ddeab1e57a4",
      "UpdatedAt": "0001-01-01T00:00:00Z",
      "Version": 16
    },
    "UnitStatus": {
      "Action": "N/A",
      "ActionResult": "None",
      "ActionStartedAt": "0001-01-01T00:00:00Z",
      "ActionTerminatedAt": "0001-01-01T00:00:00Z",
      "Drift": "N/A",
      "Status": "NotLive",
      "SyncStatus": "NotLive"
    }
  },
  {
    "Space": {
      "CreatedAt": "2026-06-12T17:03:51.196638Z",
      "CursorID": 4655,
      "DisplayName": "helm-consul-secure-mesh-existing-secrets-confighub-proof",
      "EntityType": "Space",
      "Labels": {
        "Component": "Consul",
        "Environment": "Demo",
        "Layer": "App",
        "Owner": "ConfigHubHelm",
        "Variant": "secure-mesh-existing-secrets"
      },
      "OrganizationID": "12c33fa8-00b1-4011-ad3e-19d56458b29c",
      "Permissions": {
        "Manage": {
          "UserIDs": {
            "c5818f81-ae4b-4d17-987f-743f19bdb0ca": true
          }
        },
        "ManageChildren": {
          "UserIDs": {
            "c5818f81-ae4b-4d17-987f-743f19bdb0ca": true
          }
        }
      },
      "Slug": "helm-consul-secure-mesh-existing-secrets-confighub-proof",
      "SpaceID": "3bc78315-a575-43fb-a954-e43d48e97410",
      "UpdatedAt": "2026-06-12T17:03:51.703429Z",
      "Version": 2,
      "WhereTrigger": "SpaceID = '3bc78315-a575-43fb-a954-e43d48e97410'"
    },
    "Unit": {
      "ApprovedBy": null,
      "CreatedAt": "0001-01-01T00:00:00Z",
      "DataHash": "758938258f0e77d173664f471981e40fcd407e93ade2049f1c5a3a5a076227ad",
      "EntityType": "Unit",
      "FromLinkID": null,
      "HeadRevisionNum": 2,
      "MutationSources": null,
      "OrganizationID": "12c33fa8-00b1-4011-ad3e-19d56458b29c",
      "Slug": "customresourcedefinition-terminatinggateways-consul-hashicorp-com",
      "SpaceID": "3bc78315-a575-43fb-a954-e43d48e97410",
      "ToolchainType": "Kubernetes/YAML",
      "UnitID": "7df33da3-5bd0-4d02-a849-5e8c60554948",
      "UpdatedAt": "0001-01-01T00:00:00Z",
      "Version": 6
    },
    "UnitStatus": {
      "Action": "N/A",
      "ActionResult": "None",
      "ActionStartedAt": "0001-01-01T00:00:00Z",
      "ActionTerminatedAt": "0001-01-01T00:00:00Z",
      "Drift": "N/A",
      "Status": "NotLive",
      "SyncStatus": "NotLive"
    }
  },
  {
    "Space": {
      "CreatedAt": "2026-06-12T17:03:51.196638Z",
      "CursorID": 4655,
      "DisplayName": "helm-consul-secure-mesh-existing-secrets-confighub-proof",
      "EntityType": "Space",
      "Labels": {
        "Component": "Consul",
        "Environment": "Demo",
        "Layer": "App",
        "Owner": "ConfigHubHelm",
        "Variant": "secure-mesh-existing-secrets"
      },
      "OrganizationID": "12c33fa8-00b1-4011-ad3e-19d56458b29c",
      "Permissions": {
        "Manage": {
          "UserIDs": {
            "c5818f81-ae4b-4d17-987f-743f19bdb0ca": true
          }
        },
        "ManageChildren": {
          "UserIDs": {
            "c5818f81-ae4b-4d17-987f-743f19bdb0ca": true
          }
        }
      },
      "Slug": "helm-consul-secure-mesh-existing-secrets-confighub-proof",
      "SpaceID": "3bc78315-a575-43fb-a954-e43d48e97410",
      "UpdatedAt": "2026-06-12T17:03:51.703429Z",
      "Version": 2,
      "WhereTrigger": "SpaceID = '3bc78315-a575-43fb-a954-e43d48e97410'"
    },
    "Unit": {
      "ApprovedBy": null,
      "CreatedAt": "0001-01-01T00:00:00Z",
      "DataHash": "cb7e22c53a970f4acb0c9cae66dd94113ec9ee645b5008c9301274a49e4f4b93",
      "EntityType": "Unit",
      "FromLinkID": null,
      "HeadRevisionNum": 2,
      "MutationSources": null,
      "OrganizationID": "12c33fa8-00b1-4011-ad3e-19d56458b29c",
      "Slug": "deployment-consul-consul-consul-ingress-gateway",
      "SpaceID": "3bc78315-a575-43fb-a954-e43d48e97410",
      "ToolchainType": "Kubernetes/YAML",
      "UnitID": "1a894249-d5c6-42c9-9674-5931e72c5f4c",
      "UpdatedAt": "0001-01-01T00:00:00Z",
      "Version": 13
    },
    "UnitStatus": {
      "Action": "N/A",
      "ActionResult": "None",
      "ActionStartedAt": "0001-01-01T00:00:00Z",
      "ActionTerminatedAt": "0001-01-01T00:00:00Z",
      "Drift": "N/A",
      "Status": "NotLive",
      "SyncStatus": "NotLive"
    }
  },
  {
    "Space": {
      "CreatedAt": "2026-06-12T17:03:51.196638Z",
      "CursorID": 4655,
      "DisplayName": "helm-consul-secure-mesh-existing-secrets-confighub-proof",
      "EntityType": "Space",
      "Labels": {
        "Component": "Consul",
        "Environment": "Demo",
        "Layer": "App",
        "Owner": "ConfigHubHelm",
        "Variant": "secure-mesh-existing-secrets"
      },
      "OrganizationID": "12c33fa8-00b1-4011-ad3e-19d56458b29c",
      "Permissions": {
        "Manage": {
          "UserIDs": {
            "c5818f81-ae4b-4d17-987f-743f19bdb0ca": true
          }
        },
        "ManageChildren": {
          "UserIDs": {
            "c5818f81-ae4b-4d17-987f-743f19bdb0ca": true
          }
        }
      },
      "Slug": "helm-consul-secure-mesh-existing-secrets-confighub-proof",
      "SpaceID": "3bc78315-a575-43fb-a954-e43d48e97410",
      "UpdatedAt": "2026-06-12T17:03:51.703429Z",
      "Version": 2,
      "WhereTrigger": "SpaceID = '3bc78315-a575-43fb-a954-e43d48e97410'"
    },
    "Unit": {
      "ApprovedBy": null,
      "CreatedAt": "0001-01-01T00:00:00Z",
      "DataHash": "c9fc056a474391696a3984556f8de5244f1dd491be19affeb989ecef7da61289",
      "EntityType": "Unit",
      "FromLinkID": null,
      "HeadRevisionNum": 2,
      "MutationSources": null,
      "OrganizationID": "12c33fa8-00b1-4011-ad3e-19d56458b29c",
      "Slug": "deployment-consul-consul-consul-mesh-gateway",
      "SpaceID": "3bc78315-a575-43fb-a954-e43d48e97410",
      "ToolchainType": "Kubernetes/YAML",
      "UnitID": "b316f69a-e3ec-4e2f-8826-ad23ddb637dd",
      "UpdatedAt": "0001-01-01T00:00:00Z",
      "Version": 13
    },
    "UnitStatus": {
      "Action": "N/A",
      "ActionResult": "None",
      "ActionStartedAt": "0001-01-01T00:00:00Z",
      "ActionTerminatedAt": "0001-01-01T00:00:00Z",
      "Drift": "N/A",
      "Status": "NotLive",
      "SyncStatus": "NotLive"
    }
  },
  {
    "Space": {
      "CreatedAt": "2026-06-12T17:03:51.196638Z",
      "CursorID": 4655,
      "DisplayName": "helm-consul-secure-mesh-existing-secrets-confighub-proof",
      "EntityType": "Space",
      "Labels": {
        "Component": "Consul",
        "Environment": "Demo",
        "Layer": "App",
        "Owner": "ConfigHubHelm",
        "Variant": "secure-mesh-existing-secrets"
      },
      "OrganizationID": "12c33fa8-00b1-4011-ad3e-19d56458b29c",
      "Permissions": {
        "Manage": {
          "UserIDs": {
            "c5818f81-ae4b-4d17-987f-743f19bdb0ca": true
          }
        },
        "ManageChildren": {
          "UserIDs": {
            "c5818f81-ae4b-4d17-987f-743f19bdb0ca": true
          }
        }
      },
      "Slug": "helm-consul-secure-mesh-existing-secrets-confighub-proof",
      "SpaceID": "3bc78315-a575-43fb-a954-e43d48e97410",
      "UpdatedAt": "2026-06-12T17:03:51.703429Z",
      "Version": 2,
      "WhereTrigger": "SpaceID = '3bc78315-a575-43fb-a954-e43d48e97410'"
    },
    "Unit": {
      "ApprovedBy": null,
      "CreatedAt": "0001-01-01T00:00:00Z",
      "DataHash": "7d9bc9cd3b8a38506757d179ee2d22c07858410712c2704a0455be8abad3d7a9",
      "EntityType": "Unit",
      "FromLinkID": null,
      "HeadRevisionNum": 2,
      "MutationSources": null,
      "OrganizationID": "12c33fa8-00b1-4011-ad3e-19d56458b29c",
      "Slug": "customresourcedefinition-trafficpermissions-auth-consul-hashicorp-com",
      "SpaceID": "3bc78315-a575-43fb-a954-e43d48e97410",
      "ToolchainType": "Kubernetes/YAML",
      "UnitID": "a8791951-3701-4e46-92e4-61db1aa78180",
      "UpdatedAt": "0001-01-01T00:00:00Z",
      "Version": 6
    },
    "UnitStatus": {
      "Action": "N/A",
      "ActionResult": "None",
      "ActionStartedAt": "0001-01-01T00:00:00Z",
      "ActionTerminatedAt": "0001-01-01T00:00:00Z",
      "Drift": "N/A",
      "Status": "NotLive",
      "SyncStatus": "NotLive"
    }
  },
  {
    "Space": {
      "CreatedAt": "2026-06-12T17:03:51.196638Z",
      "CursorID": 4655,
      "DisplayName": "helm-consul-secure-mesh-existing-secrets-confighub-proof",
      "EntityType": "Space",
      "Labels": {
        "Component": "Consul",
        "Environment": "Demo",
        "Layer": "App",
        "Owner": "ConfigHubHelm",
        "Variant": "secure-mesh-existing-secrets"
      },
      "OrganizationID": "12c33fa8-00b1-4011-ad3e-19d56458b29c",
      "Permissions": {
        "Manage": {
          "UserIDs": {
            "c5818f81-ae4b-4d17-987f-743f19bdb0ca": true
          }
        },
        "ManageChildren": {
          "UserIDs": {
            "c5818f81-ae4b-4d17-987f-743f19bdb0ca": true
          }
        }
      },
      "Slug": "helm-consul-secure-mesh-existing-secrets-confighub-proof",
      "SpaceID": "3bc78315-a575-43fb-a954-e43d48e97410",
      "UpdatedAt": "2026-06-12T17:03:51.703429Z",
      "Version": 2,
      "WhereTrigger": "SpaceID = '3bc78315-a575-43fb-a954-e43d48e97410'"
    },
    "Unit": {
      "ApprovedBy": null,
      "CreatedAt": "0001-01-01T00:00:00Z",
      "DataHash": "1ef4138e303eb4459d80e85fb79f20d1d4f56dab6ab97be14ac8d87a9044dfdc",
      "EntityType": "Unit",
      "FromLinkID": null,
      "HeadRevisionNum": 2,
      "MutationSources": null,
      "OrganizationID": "12c33fa8-00b1-4011-ad3e-19d56458b29c",
      "Slug": "rolebinding-consul-consul-consul-server",
      "SpaceID": "3bc78315-a575-43fb-a954-e43d48e97410",
      "ToolchainType": "Kubernetes/YAML",
      "UnitID": "4b7165a2-63bd-47cb-8943-9e34b7473979",
      "UpdatedAt": "0001-01-01T00:00:00Z",
      "Version": 15
    },
    "UnitStatus": {
      "Action": "N/A",
      "ActionResult": "None",
      "ActionStartedAt": "0001-01-01T00:00:00Z",
      "ActionTerminatedAt": "0001-01-01T00:00:00Z",
      "Drift": "N/A",
      "Status": "NotLive",
      "SyncStatus": "NotLive"
    }
  },
  {
    "Space": {
      "CreatedAt": "2026-06-12T17:03:51.196638Z",
      "CursorID": 4655,
      "DisplayName": "helm-consul-secure-mesh-existing-secrets-confighub-proof",
      "EntityType": "Space",
      "Labels": {
        "Component": "Consul",
        "Environment": "Demo",
        "Layer": "App",
        "Owner": "ConfigHubHelm",
        "Variant": "secure-mesh-existing-secrets"
      },
      "OrganizationID": "12c33fa8-00b1-4011-ad3e-19d56458b29c",
      "Permissions": {
        "Manage": {
          "UserIDs": {
            "c5818f81-ae4b-4d17-987f-743f19bdb0ca": true
          }
        },
        "ManageChildren": {
          "UserIDs": {
            "c5818f81-ae4b-4d17-987f-743f19bdb0ca": true
          }
        }
      },
      "Slug": "helm-consul-secure-mesh-existing-secrets-confighub-proof",
      "SpaceID": "3bc78315-a575-43fb-a954-e43d48e97410",
      "UpdatedAt": "2026-06-12T17:03:51.703429Z",
      "Version": 2,
      "WhereTrigger": "SpaceID = '3bc78315-a575-43fb-a954-e43d48e97410'"
    },
    "Unit": {
      "ApprovedBy": null,
      "CreatedAt": "0001-01-01T00:00:00Z",
      "DataHash": "11dfebc9e3f74d8cd0b44e35b95498c794e977ebb54660b6201545002e5bbe8a",
      "EntityType": "Unit",
      "FromLinkID": null,
      "HeadRevisionNum": 2,
      "MutationSources": null,
      "OrganizationID": "12c33fa8-00b1-4011-ad3e-19d56458b29c",
      "Slug": "service-consul-consul-consul-ingress-gateway",
      "SpaceID": "3bc78315-a575-43fb-a954-e43d48e97410",
      "ToolchainType": "Kubernetes/YAML",
      "UnitID": "44013814-e80a-4a55-97c5-1340323fdf8f",
      "UpdatedAt": "0001-01-01T00:00:00Z",
      "Version": 13
    },
    "UnitStatus": {
      "Action": "N/A",
      "ActionResult": "None",
      "ActionStartedAt": "0001-01-01T00:00:00Z",
      "ActionTerminatedAt": "0001-01-01T00:00:00Z",
      "Drift": "N/A",
      "Status": "NotLive",
      "SyncStatus": "NotLive"
    }
  }
]
