entry,record,version,overlay,applications,bundle_files,source_package_reference,source_package_manifest_digest,source_package_layer_bytes,literal_config_reference,literal_config_manifest_digest,literal_config_files,route_files,placeholder,components_left_out,source_package_plan,literal_config_plan,source_package_receipt,literal_config_receipt
a100-aks-training,aicr-a100-aks-training-v1-0-0-argocd,v1.0.0,a100-aks-training,16,60,oci://europe-west1-docker.pkg.dev/nth-fort-499605-q5/helm-expt/aicr-a100-aks-training/aicr-bundle:1.0.0,sha256:9ab215795a154f8dd68bc7449cc0200ff9979bbea57210a36962bf7ea12e2b03,268843,oci://europe-west1-docker.pkg.dev/nth-fort-499605-q5/helm-expt/bundles/catalog-aicr-a100-aks-training-v1-0-0-argocd:v1.0.0,sha256:886ed104d37c34cb8444bb342676e1d392e2d4a3530a4da4c8e84bc7187668b3,21,3,nodeGroup=system-worker,dra-node-labeler,data/aicr-mirror-artifacts/a100-aks-training/source-package-oci.yaml,data/aicr-mirror-artifacts/a100-aks-training/literal-config-oci.yaml,runs/aicr-mirror-artifacts/a100-aks-training/source-package-receipt.yaml,runs/aicr-mirror-artifacts/a100-aks-training/literal-config-receipt.yaml
a100-aks-ubuntu-training,aicr-a100-aks-ubuntu-training-v1-0-0-argocd,v1.0.0,a100-aks-ubuntu-training,16,60,oci://europe-west1-docker.pkg.dev/nth-fort-499605-q5/helm-expt/aicr-a100-aks-ubuntu-training/aicr-bundle:1.0.0,sha256:a8b6f24e41d0b5db2f4a6e344b81c8ff9ea35e759e2931ed55dacbc06a00bf6e,268843,oci://europe-west1-docker.pkg.dev/nth-fort-499605-q5/helm-expt/bundles/catalog-aicr-a100-aks-ubuntu-training-v1-0-0-argocd:v1.0.0,sha256:afaa21e2a3bd7213574487dc9c0727500477c56d2e9fa859b94b62929248a88d,21,3,nodeGroup=system-worker,dra-node-labeler,data/aicr-mirror-artifacts/a100-aks-ubuntu-training/source-package-oci.yaml,data/aicr-mirror-artifacts/a100-aks-ubuntu-training/literal-config-oci.yaml,runs/aicr-mirror-artifacts/a100-aks-ubuntu-training/source-package-receipt.yaml,runs/aicr-mirror-artifacts/a100-aks-ubuntu-training/literal-config-receipt.yaml
a100-aks-ubuntu-training-kubeflow,aicr-a100-aks-ubuntu-training-kubeflow-v1-0-0-argocd,v1.0.0,a100-aks-ubuntu-training-kubeflow,18,67,oci://europe-west1-docker.pkg.dev/nth-fort-499605-q5/helm-expt/aicr-a100-aks-ubuntu-training-kubeflow/aicr-bundle:1.0.0,sha256:80ffe47728fe386266fb93bd0254c3e82c41864a5f283d9b4b3489e7614472c6,291371,oci://europe-west1-docker.pkg.dev/nth-fort-499605-q5/helm-expt/bundles/catalog-aicr-a100-aks-ubuntu-training-kubeflow-v1-0-0-argocd:v1.0.0,sha256:584d84bb2c1a076df5f52b6a41db20a42f40299a035a4c9312ac8ff0239d6500,23,3,nodeGroup=system-worker,dra-node-labeler,data/aicr-mirror-artifacts/a100-aks-ubuntu-training-kubeflow/source-package-oci.yaml,data/aicr-mirror-artifacts/a100-aks-ubuntu-training-kubeflow/literal-config-oci.yaml,runs/aicr-mirror-artifacts/a100-aks-ubuntu-training-kubeflow/source-package-receipt.yaml,runs/aicr-mirror-artifacts/a100-aks-ubuntu-training-kubeflow/literal-config-receipt.yaml
a100-any,aicr-a100-any-v1-0-0-argocd,v1.0.0,a100-any,12,42,oci://europe-west1-docker.pkg.dev/nth-fort-499605-q5/helm-expt/aicr-a100-any/aicr-bundle:1.0.0,sha256:4ed47fd9c2fbfb48a8e6e0714c50585dc770d7c352b32781a0d064fd84d2ef5d,187425,oci://europe-west1-docker.pkg.dev/nth-fort-499605-q5/helm-expt/bundles/catalog-aicr-a100-any-v1-0-0-argocd:v1.0.0,sha256:627c14f9b9c98d03504e8e642f0c2ec6b8e0f41ea97bf34bcd03311051b049f8,17,3,nodeGroup=system-worker,dra-node-labeler,data/aicr-mirror-artifacts/a100-any/source-package-oci.yaml,data/aicr-mirror-artifacts/a100-any/literal-config-oci.yaml,runs/aicr-mirror-artifacts/a100-any/source-package-receipt.yaml,runs/aicr-mirror-artifacts/a100-any/literal-config-receipt.yaml
a100-eks-training,aicr-a100-eks-training-v1-0-0-argocd,v1.0.0,a100-eks-training,15,52,oci://europe-west1-docker.pkg.dev/nth-fort-499605-q5/helm-expt/aicr-a100-eks-training/aicr-bundle:1.0.0,sha256:0900991f9e46c746b260d3271d746585cdca45038265cab0892d3af00f6e4606,231462,oci://europe-west1-docker.pkg.dev/nth-fort-499605-q5/helm-expt/bundles/catalog-aicr-a100-eks-training-v1-0-0-argocd:v1.0.0,sha256:2f807bf34e7ef6807f89abf666c07fc878659b7291f3e7d1207cba59a5dc3d2a,20,3,nodeGroup=system-worker,dra-node-labeler,data/aicr-mirror-artifacts/a100-eks-training/source-package-oci.yaml,data/aicr-mirror-artifacts/a100-eks-training/literal-config-oci.yaml,runs/aicr-mirror-artifacts/a100-eks-training/source-package-receipt.yaml,runs/aicr-mirror-artifacts/a100-eks-training/literal-config-receipt.yaml
a100-eks-ubuntu-training,aicr-a100-eks-ubuntu-training-v1-0-0-argocd,v1.0.0,a100-eks-ubuntu-training,15,52,oci://europe-west1-docker.pkg.dev/nth-fort-499605-q5/helm-expt/aicr-a100-eks-ubuntu-training/aicr-bundle:1.0.0,sha256:918b397d20d519fbc75b64e75be28f91ad72106e1a281909d1e3284aa4857f14,231462,oci://europe-west1-docker.pkg.dev/nth-fort-499605-q5/helm-expt/bundles/catalog-aicr-a100-eks-ubuntu-training-v1-0-0-argocd:v1.0.0,sha256:c56bb9019447bb72d9f3f4af6a8e6c7b85ba36f6110edea721d9b0fa169a2e30,20,3,nodeGroup=system-worker,dra-node-labeler,data/aicr-mirror-artifacts/a100-eks-ubuntu-training/source-package-oci.yaml,data/aicr-mirror-artifacts/a100-eks-ubuntu-training/literal-config-oci.yaml,runs/aicr-mirror-artifacts/a100-eks-ubuntu-training/source-package-receipt.yaml,runs/aicr-mirror-artifacts/a100-eks-ubuntu-training/literal-config-receipt.yaml
a100-eks-ubuntu-training-kubeflow,aicr-a100-eks-ubuntu-training-kubeflow-v1-0-0-argocd,v1.0.0,a100-eks-ubuntu-training-kubeflow,17,59,oci://europe-west1-docker.pkg.dev/nth-fort-499605-q5/helm-expt/aicr-a100-eks-ubuntu-training-kubeflow/aicr-bundle:1.0.0,sha256:e0e984d04388b892192720c5a13225908b8c0d2bd45e16c6a5b0a6c4141f6fb5,253990,oci://europe-west1-docker.pkg.dev/nth-fort-499605-q5/helm-expt/bundles/catalog-aicr-a100-eks-ubuntu-training-kubeflow-v1-0-0-argocd:v1.0.0,sha256:4e60d6b78eacf6aa72a0631c0be8da4b217f2413528be9340d94d513d7d0fa49,22,3,nodeGroup=system-worker,dra-node-labeler,data/aicr-mirror-artifacts/a100-eks-ubuntu-training-kubeflow/source-package-oci.yaml,data/aicr-mirror-artifacts/a100-eks-ubuntu-training-kubeflow/literal-config-oci.yaml,runs/aicr-mirror-artifacts/a100-eks-ubuntu-training-kubeflow/source-package-receipt.yaml,runs/aicr-mirror-artifacts/a100-eks-ubuntu-training-kubeflow/literal-config-receipt.yaml
a100-gke-cos-training,aicr-a100-gke-cos-training-v1-0-0-argocd,v1.0.0,a100-gke-cos-training,15,54,oci://europe-west1-docker.pkg.dev/nth-fort-499605-q5/helm-expt/aicr-a100-gke-cos-training/aicr-bundle:1.0.0,sha256:82bb1eaf265bfdb17d8d833bc3c98cf77adbf3c8dc99303923bb2278d3949804,235046,oci://europe-west1-docker.pkg.dev/nth-fort-499605-q5/helm-expt/bundles/catalog-aicr-a100-gke-cos-training-v1-0-0-argocd:v1.0.0,sha256:10232193893a6f4036875c31086c3d2ad61fdc4fc9e7d6ea2778cfa2f02a7c77,20,3,nodeGroup=system-worker,dra-node-labeler,data/aicr-mirror-artifacts/a100-gke-cos-training/source-package-oci.yaml,data/aicr-mirror-artifacts/a100-gke-cos-training/literal-config-oci.yaml,runs/aicr-mirror-artifacts/a100-gke-cos-training/source-package-receipt.yaml,runs/aicr-mirror-artifacts/a100-gke-cos-training/literal-config-receipt.yaml
a100-gke-cos-training-kubeflow,aicr-a100-gke-cos-training-kubeflow-v1-0-0-argocd,v1.0.0,a100-gke-cos-training-kubeflow,17,61,oci://europe-west1-docker.pkg.dev/nth-fort-499605-q5/helm-expt/aicr-a100-gke-cos-training-kubeflow/aicr-bundle:1.0.0,sha256:b986d9a13b1c85f9aea97c941f9cee970430aba7025c54bbf4a182ac2262b4df,257062,oci://europe-west1-docker.pkg.dev/nth-fort-499605-q5/helm-expt/bundles/catalog-aicr-a100-gke-cos-training-kubeflow-v1-0-0-argocd:v1.0.0,sha256:319c5b97ab08cea099cefcff05509fb17a14b11985550e52367e34e4f77503f7,22,3,nodeGroup=system-worker,dra-node-labeler,data/aicr-mirror-artifacts/a100-gke-cos-training-kubeflow/source-package-oci.yaml,data/aicr-mirror-artifacts/a100-gke-cos-training-kubeflow/literal-config-oci.yaml,runs/aicr-mirror-artifacts/a100-gke-cos-training-kubeflow/source-package-receipt.yaml,runs/aicr-mirror-artifacts/a100-gke-cos-training-kubeflow/literal-config-receipt.yaml
a100-oke-training,aicr-a100-oke-training-v1-0-0-argocd,v1.0.0,a100-oke-training,12,43,oci://europe-west1-docker.pkg.dev/nth-fort-499605-q5/helm-expt/aicr-a100-oke-training/aicr-bundle:1.0.0,sha256:89db9144c9086f3fa152852cf05854c9ed1ca96b403477ed69138f42e7636aff,198182,oci://europe-west1-docker.pkg.dev/nth-fort-499605-q5/helm-expt/bundles/catalog-aicr-a100-oke-training-v1-0-0-argocd:v1.0.0,sha256:129ded3df81607ec9858db1e72420d7573728997f2332ed5197ca15223f31a55,17,3,nodeGroup=system-worker,dra-node-labeler,data/aicr-mirror-artifacts/a100-oke-training/source-package-oci.yaml,data/aicr-mirror-artifacts/a100-oke-training/literal-config-oci.yaml,runs/aicr-mirror-artifacts/a100-oke-training/source-package-receipt.yaml,runs/aicr-mirror-artifacts/a100-oke-training/literal-config-receipt.yaml
a100-oke-ubuntu-training,aicr-a100-oke-ubuntu-training-v1-0-0-argocd,v1.0.0,a100-oke-ubuntu-training,12,43,oci://europe-west1-docker.pkg.dev/nth-fort-499605-q5/helm-expt/aicr-a100-oke-ubuntu-training/aicr-bundle:1.0.0,sha256:dca3b5a150f212186b21d837695d8c75790e15836452b4a77eae9ccb72bdecb0,198694,oci://europe-west1-docker.pkg.dev/nth-fort-499605-q5/helm-expt/bundles/catalog-aicr-a100-oke-ubuntu-training-v1-0-0-argocd:v1.0.0,sha256:1034211bacc1c4cafe8fa3907fa62cb86e244646d35954f0566860e043ff79f5,17,3,nodeGroup=system-worker,dra-node-labeler,data/aicr-mirror-artifacts/a100-oke-ubuntu-training/source-package-oci.yaml,data/aicr-mirror-artifacts/a100-oke-ubuntu-training/literal-config-oci.yaml,runs/aicr-mirror-artifacts/a100-oke-ubuntu-training/source-package-receipt.yaml,runs/aicr-mirror-artifacts/a100-oke-ubuntu-training/literal-config-receipt.yaml
a100-oke-ubuntu-training-kubeflow,aicr-a100-oke-ubuntu-training-kubeflow-v1-0-0-argocd,v1.0.0,a100-oke-ubuntu-training-kubeflow,14,50,oci://europe-west1-docker.pkg.dev/nth-fort-499605-q5/helm-expt/aicr-a100-oke-ubuntu-training-kubeflow/aicr-bundle:1.0.0,sha256:f70e303ea0fd5d72695bf139a40f4fe0c2e8519438142adb44e806e35346824e,221222,oci://europe-west1-docker.pkg.dev/nth-fort-499605-q5/helm-expt/bundles/catalog-aicr-a100-oke-ubuntu-training-kubeflow-v1-0-0-argocd:v1.0.0,sha256:1365bb7100ea94a0d433290b3be0fa036b32cdceebd9f28c29a3605d27a4a9c3,19,3,nodeGroup=system-worker,dra-node-labeler,data/aicr-mirror-artifacts/a100-oke-ubuntu-training-kubeflow/source-package-oci.yaml,data/aicr-mirror-artifacts/a100-oke-ubuntu-training-kubeflow/literal-config-oci.yaml,runs/aicr-mirror-artifacts/a100-oke-ubuntu-training-kubeflow/source-package-receipt.yaml,runs/aicr-mirror-artifacts/a100-oke-ubuntu-training-kubeflow/literal-config-receipt.yaml
aks,aicr-aks-v1-0-0-argocd,v1.0.0,aks,15,56,oci://europe-west1-docker.pkg.dev/nth-fort-499605-q5/helm-expt/aicr-aks/aicr-bundle:1.0.0,sha256:2c28b70bc1a7baf0a4352204f11a5688aae31c8d026de4c2abc2d41437a87ceb,249382,oci://europe-west1-docker.pkg.dev/nth-fort-499605-q5/helm-expt/bundles/catalog-aicr-aks-v1-0-0-argocd:v1.0.0,sha256:358cbfb0882a36153fe20fab358d1166b78edab58c2de08d054cfeae8380328b,20,3,nodeGroup=system-worker,dra-node-labeler,data/aicr-mirror-artifacts/aks/source-package-oci.yaml,data/aicr-mirror-artifacts/aks/literal-config-oci.yaml,runs/aicr-mirror-artifacts/aks/source-package-receipt.yaml,runs/aicr-mirror-artifacts/aks/literal-config-receipt.yaml
aks-inference,aicr-aks-inference-v1-0-0-argocd,v1.0.0,aks-inference,19,71,oci://europe-west1-docker.pkg.dev/nth-fort-499605-q5/helm-expt/aicr-aks-inference/aicr-bundle:1.0.0,sha256:66bc238370392ba72677cef0cdc533c24b0a7f13d901326418f9847fa37ac3a1,965213,oci://europe-west1-docker.pkg.dev/nth-fort-499605-q5/helm-expt/bundles/catalog-aicr-aks-inference-v1-0-0-argocd:v1.0.0,sha256:061715adc58077a17ee0babf40d296477f71cab813414d0b93cab76dcef39a2a,24,3,nodeGroup=system-worker,dra-node-labeler,data/aicr-mirror-artifacts/aks-inference/source-package-oci.yaml,data/aicr-mirror-artifacts/aks-inference/literal-config-oci.yaml,runs/aicr-mirror-artifacts/aks-inference/source-package-receipt.yaml,runs/aicr-mirror-artifacts/aks-inference/literal-config-receipt.yaml
aks-training,aicr-aks-training-v1-0-0-argocd,v1.0.0,aks-training,15,56,oci://europe-west1-docker.pkg.dev/nth-fort-499605-q5/helm-expt/aicr-aks-training/aicr-bundle:1.0.0,sha256:03d4e671c209b778c07a490d66db2089823b1ac36ab3d25e9f2a4b21add03cca,249382,oci://europe-west1-docker.pkg.dev/nth-fort-499605-q5/helm-expt/bundles/catalog-aicr-aks-training-v1-0-0-argocd:v1.0.0,sha256:2c87feeec17a5d9fb6e3a64076d2066a394a3f54430e2c9ac309df4d300cbe1f,20,3,nodeGroup=system-worker,dra-node-labeler,data/aicr-mirror-artifacts/aks-training/source-package-oci.yaml,data/aicr-mirror-artifacts/aks-training/literal-config-oci.yaml,runs/aicr-mirror-artifacts/aks-training/source-package-receipt.yaml,runs/aicr-mirror-artifacts/aks-training/literal-config-receipt.yaml
aks-ubuntu,aicr-aks-ubuntu-v1-0-0-argocd,v1.0.0,aks-ubuntu,15,56,oci://europe-west1-docker.pkg.dev/nth-fort-499605-q5/helm-expt/aicr-aks-ubuntu/aicr-bundle:1.0.0,sha256:1c7b83ee6fcefbb67373f730d16dfdab28594c9b7e43a81d7847c5a5bbc84543,249382,oci://europe-west1-docker.pkg.dev/nth-fort-499605-q5/helm-expt/bundles/catalog-aicr-aks-ubuntu-v1-0-0-argocd:v1.0.0,sha256:d8c5b70369e2d1f73dda15cd34b3ab8df1268e62d34a73bac7206f9a97c31d9e,20,3,nodeGroup=system-worker,dra-node-labeler,data/aicr-mirror-artifacts/aks-ubuntu/source-package-oci.yaml,data/aicr-mirror-artifacts/aks-ubuntu/literal-config-oci.yaml,runs/aicr-mirror-artifacts/aks-ubuntu/source-package-receipt.yaml,runs/aicr-mirror-artifacts/aks-ubuntu/literal-config-receipt.yaml
b200-any,aicr-b200-any-v1-0-0-argocd,v1.0.0,b200-any,12,42,oci://europe-west1-docker.pkg.dev/nth-fort-499605-q5/helm-expt/aicr-b200-any/aicr-bundle:1.0.0,sha256:2079096bbdb6aa7b7e3d3f482db2e855e5259b7c400f59807e1e2acfd37336e6,187425,oci://europe-west1-docker.pkg.dev/nth-fort-499605-q5/helm-expt/bundles/catalog-aicr-b200-any-v1-0-0-argocd:v1.0.0,sha256:ad9f4a979d63fc1cb1fd00c66ac6a23f44df5491702bd0e23090275868071de8,17,3,nodeGroup=system-worker,dra-node-labeler,data/aicr-mirror-artifacts/b200-any/source-package-oci.yaml,data/aicr-mirror-artifacts/b200-any/literal-config-oci.yaml,runs/aicr-mirror-artifacts/b200-any/source-package-receipt.yaml,runs/aicr-mirror-artifacts/b200-any/literal-config-receipt.yaml
b200-gke-cos-inference,aicr-b200-gke-cos-inference-v1-0-0-argocd,v1.0.0,b200-gke-cos-inference,19,69,oci://europe-west1-docker.pkg.dev/nth-fort-499605-q5/helm-expt/aicr-b200-gke-cos-inference/aicr-bundle:1.0.0,sha256:189e4662808154bd82fbac0e5e79c742c0de9f9ba2cba221797ffc19d7b8a486,950877,oci://europe-west1-docker.pkg.dev/nth-fort-499605-q5/helm-expt/bundles/catalog-aicr-b200-gke-cos-inference-v1-0-0-argocd:v1.0.0,sha256:60df57393aedfbee4e7b48b8d44f196dfa3a3b0e9d917d183040d7bd1ff7f6f2,24,3,nodeGroup=system-worker,dra-node-labeler,data/aicr-mirror-artifacts/b200-gke-cos-inference/source-package-oci.yaml,data/aicr-mirror-artifacts/b200-gke-cos-inference/literal-config-oci.yaml,runs/aicr-mirror-artifacts/b200-gke-cos-inference/source-package-receipt.yaml,runs/aicr-mirror-artifacts/b200-gke-cos-inference/literal-config-receipt.yaml
b200-gke-cos-inference-dynamo,aicr-b200-gke-cos-inference-dynamo-v1-0-0-argocd,v1.0.0,b200-gke-cos-inference-dynamo,21,75,oci://europe-west1-docker.pkg.dev/nth-fort-499605-q5/helm-expt/aicr-b200-gke-cos-inference-dynamo/aicr-bundle:1.0.0,sha256:84524f10b9475503eca0cd893a7eb7c579716eea9a3c70d3ab202b4e06cefbc1,973405,oci://europe-west1-docker.pkg.dev/nth-fort-499605-q5/helm-expt/bundles/catalog-aicr-b200-gke-cos-inference-dynamo-v1-0-0-argocd:v1.0.0,sha256:8d280d0ca1bd53fcbfd8d9c34733de4587f9d07fdbc951d5063270ec8f3f756a,26,3,nodeGroup=system-worker,dra-node-labeler k8s-aibom,data/aicr-mirror-artifacts/b200-gke-cos-inference-dynamo/source-package-oci.yaml,data/aicr-mirror-artifacts/b200-gke-cos-inference-dynamo/literal-config-oci.yaml,runs/aicr-mirror-artifacts/b200-gke-cos-inference-dynamo/source-package-receipt.yaml,runs/aicr-mirror-artifacts/b200-gke-cos-inference-dynamo/literal-config-receipt.yaml
b200-gke-cos-training,aicr-b200-gke-cos-training-v1-0-0-argocd,v1.0.0,b200-gke-cos-training,15,54,oci://europe-west1-docker.pkg.dev/nth-fort-499605-q5/helm-expt/aicr-b200-gke-cos-training/aicr-bundle:1.0.0,sha256:451dff67af35c8e0fba479899c8691c954013cf1db9bab6d413bb385dd3f5b42,235046,oci://europe-west1-docker.pkg.dev/nth-fort-499605-q5/helm-expt/bundles/catalog-aicr-b200-gke-cos-training-v1-0-0-argocd:v1.0.0,sha256:6bf16f25d1ff9a34c55bf3364c09f2e50aeab4044e4b411eea6605fcd39c7abd,20,3,nodeGroup=system-worker,dra-node-labeler,data/aicr-mirror-artifacts/b200-gke-cos-training/source-package-oci.yaml,data/aicr-mirror-artifacts/b200-gke-cos-training/literal-config-oci.yaml,runs/aicr-mirror-artifacts/b200-gke-cos-training/source-package-receipt.yaml,runs/aicr-mirror-artifacts/b200-gke-cos-training/literal-config-receipt.yaml
b200-gke-cos-training-kubeflow,aicr-b200-gke-cos-training-kubeflow-v1-0-0-argocd,v1.0.0,b200-gke-cos-training-kubeflow,17,61,oci://europe-west1-docker.pkg.dev/nth-fort-499605-q5/helm-expt/aicr-b200-gke-cos-training-kubeflow/aicr-bundle:1.0.0,sha256:bf3d0ac1be31d4536bbb5455dfd628fd12c5a26d72f938c5e11c79345cdffce5,257574,oci://europe-west1-docker.pkg.dev/nth-fort-499605-q5/helm-expt/bundles/catalog-aicr-b200-gke-cos-training-kubeflow-v1-0-0-argocd:v1.0.0,sha256:1ea6b93c5452f09c2252f02fc70f1c7ea49390436c484af8c81c0896eafd0e3c,22,3,nodeGroup=system-worker,dra-node-labeler,data/aicr-mirror-artifacts/b200-gke-cos-training-kubeflow/source-package-oci.yaml,data/aicr-mirror-artifacts/b200-gke-cos-training-kubeflow/literal-config-oci.yaml,runs/aicr-mirror-artifacts/b200-gke-cos-training-kubeflow/source-package-receipt.yaml,runs/aicr-mirror-artifacts/b200-gke-cos-training-kubeflow/literal-config-receipt.yaml
bcm,aicr-bcm-v1-0-0-argocd,v1.0.0,bcm,13,46,oci://europe-west1-docker.pkg.dev/nth-fort-499605-q5/helm-expt/aicr-bcm/aicr-bundle:1.0.0,sha256:c70bd126f8dce3ecdb15f688c99e104662bf59d3062501d2aef3f83044f6e417,202790,oci://europe-west1-docker.pkg.dev/nth-fort-499605-q5/helm-expt/bundles/catalog-aicr-bcm-v1-0-0-argocd:v1.0.0,sha256:203b8ace4d680d7c402b62e4d121d51fa0fe41e6b3b0c324107f327b29491816,18,3,nodeGroup=system-worker,dra-node-labeler,data/aicr-mirror-artifacts/bcm/source-package-oci.yaml,data/aicr-mirror-artifacts/bcm/literal-config-oci.yaml,runs/aicr-mirror-artifacts/bcm/source-package-receipt.yaml,runs/aicr-mirror-artifacts/bcm/literal-config-receipt.yaml
bcm-inference,aicr-bcm-inference-v1-0-0-argocd,v1.0.0,bcm-inference,17,61,oci://europe-west1-docker.pkg.dev/nth-fort-499605-q5/helm-expt/aicr-bcm-inference/aicr-bundle:1.0.0,sha256:c5a5802b218d43048f57e37ce1fc85d6934d2e2ef90b35f38e13b58786c63231,919133,oci://europe-west1-docker.pkg.dev/nth-fort-499605-q5/helm-expt/bundles/catalog-aicr-bcm-inference-v1-0-0-argocd:v1.0.0,sha256:7171b2d03905cd2b365fa80c0463afbaba35f94f9b0bf39de36378fc965bd23f,22,3,nodeGroup=system-worker,dra-node-labeler,data/aicr-mirror-artifacts/bcm-inference/source-package-oci.yaml,data/aicr-mirror-artifacts/bcm-inference/literal-config-oci.yaml,runs/aicr-mirror-artifacts/bcm-inference/source-package-receipt.yaml,runs/aicr-mirror-artifacts/bcm-inference/literal-config-receipt.yaml
bcm-training,aicr-bcm-training-v1-0-0-argocd,v1.0.0,bcm-training,13,46,oci://europe-west1-docker.pkg.dev/nth-fort-499605-q5/helm-expt/aicr-bcm-training/aicr-bundle:1.0.0,sha256:f5fdfcb8b49e868e4a87d5fdec6e4e9d78957d95e85c9bbb4699d14500e7697c,202790,oci://europe-west1-docker.pkg.dev/nth-fort-499605-q5/helm-expt/bundles/catalog-aicr-bcm-training-v1-0-0-argocd:v1.0.0,sha256:1f5b8ed84a5d2d13b49248ce6e1d5f83c79272581aec550f0df7e50034623ed1,18,3,nodeGroup=system-worker,dra-node-labeler,data/aicr-mirror-artifacts/bcm-training/source-package-oci.yaml,data/aicr-mirror-artifacts/bcm-training/literal-config-oci.yaml,runs/aicr-mirror-artifacts/bcm-training/source-package-receipt.yaml,runs/aicr-mirror-artifacts/bcm-training/literal-config-receipt.yaml
eks,aicr-eks-v1-0-0-argocd,v1.0.0,eks,14,48,oci://europe-west1-docker.pkg.dev/nth-fort-499605-q5/helm-expt/aicr-eks/aicr-bundle:1.0.0,sha256:295e0ef82fb69fcc2839273acfa349c89da237e07f7878f4164ceac5e0e3518d,212006,oci://europe-west1-docker.pkg.dev/nth-fort-499605-q5/helm-expt/bundles/catalog-aicr-eks-v1-0-0-argocd:v1.0.0,sha256:6d96408ffdea70291ab6f12b28694ca15b81d3d734f7b3579c80dc076b764c84,19,3,nodeGroup=system-worker,dra-node-labeler,data/aicr-mirror-artifacts/eks/source-package-oci.yaml,data/aicr-mirror-artifacts/eks/literal-config-oci.yaml,runs/aicr-mirror-artifacts/eks/source-package-receipt.yaml,runs/aicr-mirror-artifacts/eks/literal-config-receipt.yaml
eks-inference,aicr-eks-inference-v1-0-0-argocd,v1.0.0,eks-inference,18,63,oci://europe-west1-docker.pkg.dev/nth-fort-499605-q5/helm-expt/aicr-eks-inference/aicr-bundle:1.0.0,sha256:e3cfb880326ee792fb9f9e42bb3b4a81a96f789068af4ca5292ab572d4f6193e,928349,oci://europe-west1-docker.pkg.dev/nth-fort-499605-q5/helm-expt/bundles/catalog-aicr-eks-inference-v1-0-0-argocd:v1.0.0,sha256:ea69b790c75e1f1c6da0c60e15a464315a543dc9650c4339fe0bfd5442c3a7c6,23,3,nodeGroup=system-worker,dra-node-labeler,data/aicr-mirror-artifacts/eks-inference/source-package-oci.yaml,data/aicr-mirror-artifacts/eks-inference/literal-config-oci.yaml,runs/aicr-mirror-artifacts/eks-inference/source-package-receipt.yaml,runs/aicr-mirror-artifacts/eks-inference/literal-config-receipt.yaml
eks-training,aicr-eks-training-v1-0-0-argocd,v1.0.0,eks-training,14,48,oci://europe-west1-docker.pkg.dev/nth-fort-499605-q5/helm-expt/aicr-eks-training/aicr-bundle:1.0.0,sha256:c92987e24491cac47409eabb659d01efa6c6d4be84d502159aa6e5a061e45cc4,212006,oci://europe-west1-docker.pkg.dev/nth-fort-499605-q5/helm-expt/bundles/catalog-aicr-eks-training-v1-0-0-argocd:v1.0.0,sha256:105e9f63ed3f935e88c5e35dc12bafb8b9c2e3f777e0f12bf4c35ca4666e1938,19,3,nodeGroup=system-worker,dra-node-labeler,data/aicr-mirror-artifacts/eks-training/source-package-oci.yaml,data/aicr-mirror-artifacts/eks-training/literal-config-oci.yaml,runs/aicr-mirror-artifacts/eks-training/source-package-receipt.yaml,runs/aicr-mirror-artifacts/eks-training/literal-config-receipt.yaml
eks-ubuntu,aicr-eks-ubuntu-v1-0-0-argocd,v1.0.0,eks-ubuntu,14,48,oci://europe-west1-docker.pkg.dev/nth-fort-499605-q5/helm-expt/aicr-eks-ubuntu/aicr-bundle:1.0.0,sha256:d3431bf9dc4901e5e3350692c7c8bb17fb8e0d8d323b32776131bcb6c97acb54,212006,oci://europe-west1-docker.pkg.dev/nth-fort-499605-q5/helm-expt/bundles/catalog-aicr-eks-ubuntu-v1-0-0-argocd:v1.0.0,sha256:7117fa79d3521d92fd2d050b57388b58429548744d54a5f4d99d07ed958b5eec,19,3,nodeGroup=system-worker,dra-node-labeler,data/aicr-mirror-artifacts/eks-ubuntu/source-package-oci.yaml,data/aicr-mirror-artifacts/eks-ubuntu/literal-config-oci.yaml,runs/aicr-mirror-artifacts/eks-ubuntu/source-package-receipt.yaml,runs/aicr-mirror-artifacts/eks-ubuntu/literal-config-receipt.yaml
gb200-any,aicr-gb200-any-v1-0-0-argocd,v1.0.0,gb200-any,12,42,oci://europe-west1-docker.pkg.dev/nth-fort-499605-q5/helm-expt/aicr-gb200-any/aicr-bundle:1.0.0,sha256:e5d987cb5cb390f7a446a83739baad530dd0cf6c96eee17945fec740319125cc,187425,oci://europe-west1-docker.pkg.dev/nth-fort-499605-q5/helm-expt/bundles/catalog-aicr-gb200-any-v1-0-0-argocd:v1.0.0,sha256:32945161ef001ab56e8c76400613ab2d3bd023ec7bee0ba1faf63ad6651acb67,17,3,nodeGroup=system-worker,dra-node-labeler,data/aicr-mirror-artifacts/gb200-any/source-package-oci.yaml,data/aicr-mirror-artifacts/gb200-any/literal-config-oci.yaml,runs/aicr-mirror-artifacts/gb200-any/source-package-receipt.yaml,runs/aicr-mirror-artifacts/gb200-any/literal-config-receipt.yaml
gb200-eks-inference,aicr-gb200-eks-inference-v1-0-0-argocd,v1.0.0,gb200-eks-inference,20,71,oci://europe-west1-docker.pkg.dev/nth-fort-499605-q5/helm-expt/aicr-gb200-eks-inference/aicr-bundle:1.0.0,sha256:dda189d6499d347161f9559af331d0ad8c552431ff9d7e0a5c4db0f49f76f6ad,960605,oci://europe-west1-docker.pkg.dev/nth-fort-499605-q5/helm-expt/bundles/catalog-aicr-gb200-eks-inference-v1-0-0-argocd:v1.0.0,sha256:4be20a72d011a3ad7134959f6456f1c022aca4daa4699fda1652da0458da6505,25,3,nodeGroup=system-worker,dra-node-labeler,data/aicr-mirror-artifacts/gb200-eks-inference/source-package-oci.yaml,data/aicr-mirror-artifacts/gb200-eks-inference/literal-config-oci.yaml,runs/aicr-mirror-artifacts/gb200-eks-inference/source-package-receipt.yaml,runs/aicr-mirror-artifacts/gb200-eks-inference/literal-config-receipt.yaml
gb200-eks-training,aicr-gb200-eks-training-v1-0-0-argocd,v1.0.0,gb200-eks-training,16,56,oci://europe-west1-docker.pkg.dev/nth-fort-499605-q5/helm-expt/aicr-gb200-eks-training/aicr-bundle:1.0.0,sha256:abd55352331a8aa29ec7884db94046f7e34f11e66351e0d9e04892dd535a0685,244774,oci://europe-west1-docker.pkg.dev/nth-fort-499605-q5/helm-expt/bundles/catalog-aicr-gb200-eks-training-v1-0-0-argocd:v1.0.0,sha256:ae7721f05f294f2025fe64d71ce37bbb9430537bc1b5c0b514aa9b5d834e121a,21,3,nodeGroup=system-worker,dra-node-labeler,data/aicr-mirror-artifacts/gb200-eks-training/source-package-oci.yaml,data/aicr-mirror-artifacts/gb200-eks-training/literal-config-oci.yaml,runs/aicr-mirror-artifacts/gb200-eks-training/source-package-receipt.yaml,runs/aicr-mirror-artifacts/gb200-eks-training/literal-config-receipt.yaml
gb200-eks-ubuntu-inference,aicr-gb200-eks-ubuntu-inference-v1-0-0-argocd,v1.0.0,gb200-eks-ubuntu-inference,20,71,oci://europe-west1-docker.pkg.dev/nth-fort-499605-q5/helm-expt/aicr-gb200-eks-ubuntu-inference/aicr-bundle:1.0.0,sha256:5cf13c5a8de85c0e2def058a9aa8609e81dd8f240101eec91ea108ab1226f020,960605,oci://europe-west1-docker.pkg.dev/nth-fort-499605-q5/helm-expt/bundles/catalog-aicr-gb200-eks-ubuntu-inference-v1-0-0-argocd:v1.0.0,sha256:3abfd21335a08922a30e4b9a791a79e7d05cb22dc2dc8648d02610d262d963d9,25,3,nodeGroup=system-worker,dra-node-labeler,data/aicr-mirror-artifacts/gb200-eks-ubuntu-inference/source-package-oci.yaml,data/aicr-mirror-artifacts/gb200-eks-ubuntu-inference/literal-config-oci.yaml,runs/aicr-mirror-artifacts/gb200-eks-ubuntu-inference/source-package-receipt.yaml,runs/aicr-mirror-artifacts/gb200-eks-ubuntu-inference/literal-config-receipt.yaml
gb200-eks-ubuntu-inference-dynamo,aicr-gb200-eks-ubuntu-inference-dynamo-v1-0-0-argocd,v1.0.0,gb200-eks-ubuntu-inference-dynamo,22,77,oci://europe-west1-docker.pkg.dev/nth-fort-499605-q5/helm-expt/aicr-gb200-eks-ubuntu-inference-dynamo/aicr-bundle:1.0.0,sha256:5b47dbd569f77dddad8be156332a102139c9ae8099a2483d7f3cdc468dc4c9d8,983138,oci://europe-west1-docker.pkg.dev/nth-fort-499605-q5/helm-expt/bundles/catalog-aicr-gb200-eks-ubuntu-inference-dynamo-v1-0-0-argocd:v1.0.0,sha256:92f0af29194ca084aa03c4ca4033f6a5fdb4cbf9645ef743268b1d53e2525538,27,3,nodeGroup=system-worker,dra-node-labeler,data/aicr-mirror-artifacts/gb200-eks-ubuntu-inference-dynamo/source-package-oci.yaml,data/aicr-mirror-artifacts/gb200-eks-ubuntu-inference-dynamo/literal-config-oci.yaml,runs/aicr-mirror-artifacts/gb200-eks-ubuntu-inference-dynamo/source-package-receipt.yaml,runs/aicr-mirror-artifacts/gb200-eks-ubuntu-inference-dynamo/literal-config-receipt.yaml
gb200-eks-ubuntu-training,aicr-gb200-eks-ubuntu-training-v1-0-0-argocd,v1.0.0,gb200-eks-ubuntu-training,16,56,oci://europe-west1-docker.pkg.dev/nth-fort-499605-q5/helm-expt/aicr-gb200-eks-ubuntu-training/aicr-bundle:1.0.0,sha256:b4892622f5fb00af006e9e9e04bbc421c03f1d76d37e720f98935cb9da36d92e,245286,oci://europe-west1-docker.pkg.dev/nth-fort-499605-q5/helm-expt/bundles/catalog-aicr-gb200-eks-ubuntu-training-v1-0-0-argocd:v1.0.0,sha256:974ed094aff2334eb52a2ebd28623e05578585f6fdaa8d8ff974ee7b6b840fb3,21,3,nodeGroup=system-worker,dra-node-labeler,data/aicr-mirror-artifacts/gb200-eks-ubuntu-training/source-package-oci.yaml,data/aicr-mirror-artifacts/gb200-eks-ubuntu-training/literal-config-oci.yaml,runs/aicr-mirror-artifacts/gb200-eks-ubuntu-training/source-package-receipt.yaml,runs/aicr-mirror-artifacts/gb200-eks-ubuntu-training/literal-config-receipt.yaml
gb200-eks-ubuntu-training-kubeflow,aicr-gb200-eks-ubuntu-training-kubeflow-v1-0-0-argocd,v1.0.0,gb200-eks-ubuntu-training-kubeflow,18,63,oci://europe-west1-docker.pkg.dev/nth-fort-499605-q5/helm-expt/aicr-gb200-eks-ubuntu-training-kubeflow/aicr-bundle:1.0.0,sha256:5c9a13d8cce9bbf844acb60b0ff8bdc21c2535c3caf43dfbfe4e1bfccfc9d721,267819,oci://europe-west1-docker.pkg.dev/nth-fort-499605-q5/helm-expt/bundles/catalog-aicr-gb200-eks-ubuntu-training-kubeflow-v1-0-0-argocd:v1.0.0,sha256:45eff4a247a5d65d737dd9223a0fa9ff750de10f650cf0146c6283aebd855fbd,23,3,nodeGroup=system-worker,dra-node-labeler,data/aicr-mirror-artifacts/gb200-eks-ubuntu-training-kubeflow/source-package-oci.yaml,data/aicr-mirror-artifacts/gb200-eks-ubuntu-training-kubeflow/literal-config-oci.yaml,runs/aicr-mirror-artifacts/gb200-eks-ubuntu-training-kubeflow/source-package-receipt.yaml,runs/aicr-mirror-artifacts/gb200-eks-ubuntu-training-kubeflow/literal-config-receipt.yaml
gb200-eks-ubuntu-training-slurm,aicr-gb200-eks-ubuntu-training-slurm-v1-0-0-argocd,v1.0.0,gb200-eks-ubuntu-training-slurm,20,70,oci://europe-west1-docker.pkg.dev/nth-fort-499605-q5/helm-expt/aicr-gb200-eks-ubuntu-training-slurm/aicr-bundle:1.0.0,sha256:bccf33d47e612ab8d486ebae8fe2790c736a5418df2b87ebc4b89e83e764924a,302123,oci://europe-west1-docker.pkg.dev/nth-fort-499605-q5/helm-expt/bundles/catalog-aicr-gb200-eks-ubuntu-training-slurm-v1-0-0-argocd:v1.0.0,sha256:16488f878855f8a64b62428667ad704f55524ae0c4aefd81d1fbe4cf6c90651f,25,3,nodeGroup=system-worker,dra-node-labeler mariadb-operator mariadb-operator-crds slurm-accounting-mariadb,data/aicr-mirror-artifacts/gb200-eks-ubuntu-training-slurm/source-package-oci.yaml,data/aicr-mirror-artifacts/gb200-eks-ubuntu-training-slurm/literal-config-oci.yaml,runs/aicr-mirror-artifacts/gb200-eks-ubuntu-training-slurm/source-package-receipt.yaml,runs/aicr-mirror-artifacts/gb200-eks-ubuntu-training-slurm/literal-config-receipt.yaml
gb200-gke-cos-inference,aicr-gb200-gke-cos-inference-v1-0-0-argocd,v1.0.0,gb200-gke-cos-inference,20,74,oci://europe-west1-docker.pkg.dev/nth-fort-499605-q5/helm-expt/aicr-gb200-gke-cos-inference/aicr-bundle:1.0.0,sha256:cef309219bb67298bcdc76d7d49ab21e4a9950e0fa4058f26ca59c6407ab63d7,976989,oci://europe-west1-docker.pkg.dev/nth-fort-499605-q5/helm-expt/bundles/catalog-aicr-gb200-gke-cos-inference-v1-0-0-argocd:v1.0.0,sha256:10e097db31e3c825a94ff1c98df9a803f6a05ad3cbdefbeae2e1c311cf65c4a1,25,3,nodeGroup=system-worker,dra-node-labeler,data/aicr-mirror-artifacts/gb200-gke-cos-inference/source-package-oci.yaml,data/aicr-mirror-artifacts/gb200-gke-cos-inference/literal-config-oci.yaml,runs/aicr-mirror-artifacts/gb200-gke-cos-inference/source-package-receipt.yaml,runs/aicr-mirror-artifacts/gb200-gke-cos-inference/literal-config-receipt.yaml
gb200-gke-cos-inference-dynamo,aicr-gb200-gke-cos-inference-dynamo-v1-0-0-argocd,v1.0.0,gb200-gke-cos-inference-dynamo,23,84,oci://europe-west1-docker.pkg.dev/nth-fort-499605-q5/helm-expt/aicr-gb200-gke-cos-inference-dynamo/aicr-bundle:1.0.0,sha256:e4365f5e12b0272b696b3efac8632fb801cbd4ace6ea4dbcddc396fe41891965,1007202,oci://europe-west1-docker.pkg.dev/nth-fort-499605-q5/helm-expt/bundles/catalog-aicr-gb200-gke-cos-inference-dynamo-v1-0-0-argocd:v1.0.0,sha256:0953ef555aa0537d445eeecf86436ef6a50910e2eef32be9e497a89b3d085c66,28,3,nodeGroup=system-worker,dra-node-labeler k8s-aibom,data/aicr-mirror-artifacts/gb200-gke-cos-inference-dynamo/source-package-oci.yaml,data/aicr-mirror-artifacts/gb200-gke-cos-inference-dynamo/literal-config-oci.yaml,runs/aicr-mirror-artifacts/gb200-gke-cos-inference-dynamo/source-package-receipt.yaml,runs/aicr-mirror-artifacts/gb200-gke-cos-inference-dynamo/literal-config-receipt.yaml
gb200-gke-cos-training,aicr-gb200-gke-cos-training-v1-0-0-argocd,v1.0.0,gb200-gke-cos-training,16,59,oci://europe-west1-docker.pkg.dev/nth-fort-499605-q5/helm-expt/aicr-gb200-gke-cos-training/aicr-bundle:1.0.0,sha256:2c17ca8a2d27d14cd3c8d65db109dc4cb384a798a23f382b7eb7d06fc2ac1f14,261158,oci://europe-west1-docker.pkg.dev/nth-fort-499605-q5/helm-expt/bundles/catalog-aicr-gb200-gke-cos-training-v1-0-0-argocd:v1.0.0,sha256:fbc3ad5168f01eeaef17facb610a806ffb04ec5340040c6fc7998d850d7af4a5,21,3,nodeGroup=system-worker,dra-node-labeler,data/aicr-mirror-artifacts/gb200-gke-cos-training/source-package-oci.yaml,data/aicr-mirror-artifacts/gb200-gke-cos-training/literal-config-oci.yaml,runs/aicr-mirror-artifacts/gb200-gke-cos-training/source-package-receipt.yaml,runs/aicr-mirror-artifacts/gb200-gke-cos-training/literal-config-receipt.yaml
gb200-gke-cos-training-kubeflow,aicr-gb200-gke-cos-training-kubeflow-v1-0-0-argocd,v1.0.0,gb200-gke-cos-training-kubeflow,18,67,oci://europe-west1-docker.pkg.dev/nth-fort-499605-q5/helm-expt/aicr-gb200-gke-cos-training-kubeflow/aicr-bundle:1.0.0,sha256:d962dc8e25157fc023e38523b63071b008c75b133cec595f67e31f38f9931b63,289323,oci://europe-west1-docker.pkg.dev/nth-fort-499605-q5/helm-expt/bundles/catalog-aicr-gb200-gke-cos-training-kubeflow-v1-0-0-argocd:v1.0.0,sha256:81cb23629e6efcf53ca33021351a950cd05693091661ad1cf13474b0f04d8106,23,3,nodeGroup=system-worker,dra-node-labeler,data/aicr-mirror-artifacts/gb200-gke-cos-training-kubeflow/source-package-oci.yaml,data/aicr-mirror-artifacts/gb200-gke-cos-training-kubeflow/literal-config-oci.yaml,runs/aicr-mirror-artifacts/gb200-gke-cos-training-kubeflow/source-package-receipt.yaml,runs/aicr-mirror-artifacts/gb200-gke-cos-training-kubeflow/literal-config-receipt.yaml
gb200-gke-cos-training-slurm,aicr-gb200-gke-cos-training-slurm-v1-0-0-argocd,v1.0.0,gb200-gke-cos-training-slurm,20,73,oci://europe-west1-docker.pkg.dev/nth-fort-499605-q5/helm-expt/aicr-gb200-gke-cos-training-slurm/aicr-bundle:1.0.0,sha256:3f5194b2e39e811e2b378bd437994474549c59412d204d000948729aad513ccc,316971,oci://europe-west1-docker.pkg.dev/nth-fort-499605-q5/helm-expt/bundles/catalog-aicr-gb200-gke-cos-training-slurm-v1-0-0-argocd:v1.0.0,sha256:6ff759bdf101de79c4148d159d9a40ef175a906ce2e200f1911398e87a182d2e,25,3,nodeGroup=system-worker,dra-node-labeler mariadb-operator mariadb-operator-crds slurm-accounting-mariadb,data/aicr-mirror-artifacts/gb200-gke-cos-training-slurm/source-package-oci.yaml,data/aicr-mirror-artifacts/gb200-gke-cos-training-slurm/literal-config-oci.yaml,runs/aicr-mirror-artifacts/gb200-gke-cos-training-slurm/source-package-receipt.yaml,runs/aicr-mirror-artifacts/gb200-gke-cos-training-slurm/literal-config-receipt.yaml
gb200-oke-inference,aicr-gb200-oke-inference-v1-0-0-argocd,v1.0.0,gb200-oke-inference,16,58,oci://europe-west1-docker.pkg.dev/nth-fort-499605-q5/helm-expt/aicr-gb200-oke-inference/aicr-bundle:1.0.0,sha256:62a94c15a1cc292bcf8b6116fec0eb5c06a99216f5b8668d77d93f35c06f429b,914008,oci://europe-west1-docker.pkg.dev/nth-fort-499605-q5/helm-expt/bundles/catalog-aicr-gb200-oke-inference-v1-0-0-argocd:v1.0.0,sha256:9e235397c87f2330a07aa31b2dacf7d5f22d54cead0c2eeb5a02ef6bea3bef5b,21,3,nodeGroup=system-worker,dra-node-labeler,data/aicr-mirror-artifacts/gb200-oke-inference/source-package-oci.yaml,data/aicr-mirror-artifacts/gb200-oke-inference/literal-config-oci.yaml,runs/aicr-mirror-artifacts/gb200-oke-inference/source-package-receipt.yaml,runs/aicr-mirror-artifacts/gb200-oke-inference/literal-config-receipt.yaml
gb200-oke-training,aicr-gb200-oke-training-v1-0-0-argocd,v1.0.0,gb200-oke-training,15,54,oci://europe-west1-docker.pkg.dev/nth-fort-499605-q5/helm-expt/aicr-gb200-oke-training/aicr-bundle:1.0.0,sha256:ae9aade1d875dd245b22ef10d815d957939ab8cd1eebf9d0683550784fd706dc,235558,oci://europe-west1-docker.pkg.dev/nth-fort-499605-q5/helm-expt/bundles/catalog-aicr-gb200-oke-training-v1-0-0-argocd:v1.0.0,sha256:5126179cb3454d82e2e5cc891ba6ba21ed7dc208146951d43a668e2fbeff356c,20,3,nodeGroup=system-worker,dra-node-labeler,data/aicr-mirror-artifacts/gb200-oke-training/source-package-oci.yaml,data/aicr-mirror-artifacts/gb200-oke-training/literal-config-oci.yaml,runs/aicr-mirror-artifacts/gb200-oke-training/source-package-receipt.yaml,runs/aicr-mirror-artifacts/gb200-oke-training/literal-config-receipt.yaml
gb200-oke-ubuntu-inference,aicr-gb200-oke-ubuntu-inference-v1-0-0-argocd,v1.0.0,gb200-oke-ubuntu-inference,16,58,oci://europe-west1-docker.pkg.dev/nth-fort-499605-q5/helm-expt/aicr-gb200-oke-ubuntu-inference/aicr-bundle:1.0.0,sha256:f12d7f11c8ea9934033977f587be93e6c5f43d2105fefe9f59a957be34434c8e,914520,oci://europe-west1-docker.pkg.dev/nth-fort-499605-q5/helm-expt/bundles/catalog-aicr-gb200-oke-ubuntu-inference-v1-0-0-argocd:v1.0.0,sha256:1d9f0bae071781b24f831b2b1be1158c6fb16aa69afb1932a5edc34d2d187be4,21,3,nodeGroup=system-worker,dra-node-labeler,data/aicr-mirror-artifacts/gb200-oke-ubuntu-inference/source-package-oci.yaml,data/aicr-mirror-artifacts/gb200-oke-ubuntu-inference/literal-config-oci.yaml,runs/aicr-mirror-artifacts/gb200-oke-ubuntu-inference/source-package-receipt.yaml,runs/aicr-mirror-artifacts/gb200-oke-ubuntu-inference/literal-config-receipt.yaml
gb200-oke-ubuntu-inference-dynamo,aicr-gb200-oke-ubuntu-inference-dynamo-v1-0-0-argocd,v1.0.0,gb200-oke-ubuntu-inference-dynamo,18,64,oci://europe-west1-docker.pkg.dev/nth-fort-499605-q5/helm-expt/aicr-gb200-oke-ubuntu-inference-dynamo/aicr-bundle:1.0.0,sha256:3782bcd83f94e7a5c0f7824668ddf54a12d8a2c495d08093a97e0ed2549ae464,937053,oci://europe-west1-docker.pkg.dev/nth-fort-499605-q5/helm-expt/bundles/catalog-aicr-gb200-oke-ubuntu-inference-dynamo-v1-0-0-argocd:v1.0.0,sha256:49d0049d005abca1689ff7d20d2b85a14f0c2e6eb299f246251a361183f81ade,23,3,nodeGroup=system-worker,dra-node-labeler,data/aicr-mirror-artifacts/gb200-oke-ubuntu-inference-dynamo/source-package-oci.yaml,data/aicr-mirror-artifacts/gb200-oke-ubuntu-inference-dynamo/literal-config-oci.yaml,runs/aicr-mirror-artifacts/gb200-oke-ubuntu-inference-dynamo/source-package-receipt.yaml,runs/aicr-mirror-artifacts/gb200-oke-ubuntu-inference-dynamo/literal-config-receipt.yaml
gb200-oke-ubuntu-training,aicr-gb200-oke-ubuntu-training-v1-0-0-argocd,v1.0.0,gb200-oke-ubuntu-training,15,54,oci://europe-west1-docker.pkg.dev/nth-fort-499605-q5/helm-expt/aicr-gb200-oke-ubuntu-training/aicr-bundle:1.0.0,sha256:6a456bc00bd466df3e46e8b7e98db36609c332ef2d57be226a917dd574ab55f9,235558,oci://europe-west1-docker.pkg.dev/nth-fort-499605-q5/helm-expt/bundles/catalog-aicr-gb200-oke-ubuntu-training-v1-0-0-argocd:v1.0.0,sha256:9a5cdc42f8f4378560f16ef00d7b03f60cfda9efdd195a8c345f028e7e48d90b,20,3,nodeGroup=system-worker,dra-node-labeler,data/aicr-mirror-artifacts/gb200-oke-ubuntu-training/source-package-oci.yaml,data/aicr-mirror-artifacts/gb200-oke-ubuntu-training/literal-config-oci.yaml,runs/aicr-mirror-artifacts/gb200-oke-ubuntu-training/source-package-receipt.yaml,runs/aicr-mirror-artifacts/gb200-oke-ubuntu-training/literal-config-receipt.yaml
gb200-oke-ubuntu-training-kubeflow,aicr-gb200-oke-ubuntu-training-kubeflow-v1-0-0-argocd,v1.0.0,gb200-oke-ubuntu-training-kubeflow,17,61,oci://europe-west1-docker.pkg.dev/nth-fort-499605-q5/helm-expt/aicr-gb200-oke-ubuntu-training-kubeflow/aicr-bundle:1.0.0,sha256:cfd163e983ef76b98af9bf36cae69808a83690030e94f0a65115addc3284484c,257574,oci://europe-west1-docker.pkg.dev/nth-fort-499605-q5/helm-expt/bundles/catalog-aicr-gb200-oke-ubuntu-training-kubeflow-v1-0-0-argocd:v1.0.0,sha256:c3dba4e56099d654b3c3a12ca04c4f0d8eabe2fdf4627f2308e0fb041b9eab9c,22,3,nodeGroup=system-worker,dra-node-labeler,data/aicr-mirror-artifacts/gb200-oke-ubuntu-training-kubeflow/source-package-oci.yaml,data/aicr-mirror-artifacts/gb200-oke-ubuntu-training-kubeflow/literal-config-oci.yaml,runs/aicr-mirror-artifacts/gb200-oke-ubuntu-training-kubeflow/source-package-receipt.yaml,runs/aicr-mirror-artifacts/gb200-oke-ubuntu-training-kubeflow/literal-config-receipt.yaml
gb300-any,aicr-gb300-any-v1-0-0-argocd,v1.0.0,gb300-any,12,42,oci://europe-west1-docker.pkg.dev/nth-fort-499605-q5/helm-expt/aicr-gb300-any/aicr-bundle:1.0.0,sha256:dd561a23a92de606e9ad21719de3c357f057f488340aeaa8c43d3a5b667265fa,187425,oci://europe-west1-docker.pkg.dev/nth-fort-499605-q5/helm-expt/bundles/catalog-aicr-gb300-any-v1-0-0-argocd:v1.0.0,sha256:4a5ef989a63168a83fa9d0a92f761e4a84e6d877074af519e0b720950c6ca5aa,17,3,nodeGroup=system-worker,dra-node-labeler,data/aicr-mirror-artifacts/gb300-any/source-package-oci.yaml,data/aicr-mirror-artifacts/gb300-any/literal-config-oci.yaml,runs/aicr-mirror-artifacts/gb300-any/source-package-receipt.yaml,runs/aicr-mirror-artifacts/gb300-any/literal-config-receipt.yaml
gb300-eks-inference,aicr-gb300-eks-inference-v1-0-0-argocd,v1.0.0,gb300-eks-inference,20,71,oci://europe-west1-docker.pkg.dev/nth-fort-499605-q5/helm-expt/aicr-gb300-eks-inference/aicr-bundle:1.0.0,sha256:275fb85842295ba09266fa5e9c97eed4a11f1a6d18b02594b41efc70aedb4f25,960605,oci://europe-west1-docker.pkg.dev/nth-fort-499605-q5/helm-expt/bundles/catalog-aicr-gb300-eks-inference-v1-0-0-argocd:v1.0.0,sha256:a27598d568c18722546edd1431b5e9ecbaf40ed5f695bb7c22f8b43235db4713,25,3,nodeGroup=system-worker,dra-node-labeler,data/aicr-mirror-artifacts/gb300-eks-inference/source-package-oci.yaml,data/aicr-mirror-artifacts/gb300-eks-inference/literal-config-oci.yaml,runs/aicr-mirror-artifacts/gb300-eks-inference/source-package-receipt.yaml,runs/aicr-mirror-artifacts/gb300-eks-inference/literal-config-receipt.yaml
gb300-eks-training,aicr-gb300-eks-training-v1-0-0-argocd,v1.0.0,gb300-eks-training,16,56,oci://europe-west1-docker.pkg.dev/nth-fort-499605-q5/helm-expt/aicr-gb300-eks-training/aicr-bundle:1.0.0,sha256:0fd1a0c378166a51010cf9ba2d2783c09ddd75bc8c6df36532c49e05a66c206f,244774,oci://europe-west1-docker.pkg.dev/nth-fort-499605-q5/helm-expt/bundles/catalog-aicr-gb300-eks-training-v1-0-0-argocd:v1.0.0,sha256:10ca7966adcc9599a4b72e7fae47cae181cc11e4cb574ae6584e6620e7252077,21,3,nodeGroup=system-worker,dra-node-labeler,data/aicr-mirror-artifacts/gb300-eks-training/source-package-oci.yaml,data/aicr-mirror-artifacts/gb300-eks-training/literal-config-oci.yaml,runs/aicr-mirror-artifacts/gb300-eks-training/source-package-receipt.yaml,runs/aicr-mirror-artifacts/gb300-eks-training/literal-config-receipt.yaml
gb300-eks-ubuntu-inference,aicr-gb300-eks-ubuntu-inference-v1-0-0-argocd,v1.0.0,gb300-eks-ubuntu-inference,20,71,oci://europe-west1-docker.pkg.dev/nth-fort-499605-q5/helm-expt/aicr-gb300-eks-ubuntu-inference/aicr-bundle:1.0.0,sha256:26f0a56753e6fc1d2d606ebd384e988fd3c2b4b87065d81feec05f0117b0cc12,960605,oci://europe-west1-docker.pkg.dev/nth-fort-499605-q5/helm-expt/bundles/catalog-aicr-gb300-eks-ubuntu-inference-v1-0-0-argocd:v1.0.0,sha256:15d5302f9d9c6d8a05141b45ba66e64e331dae420e924dedd1567c94a7fb5f61,25,3,nodeGroup=system-worker,dra-node-labeler,data/aicr-mirror-artifacts/gb300-eks-ubuntu-inference/source-package-oci.yaml,data/aicr-mirror-artifacts/gb300-eks-ubuntu-inference/literal-config-oci.yaml,runs/aicr-mirror-artifacts/gb300-eks-ubuntu-inference/source-package-receipt.yaml,runs/aicr-mirror-artifacts/gb300-eks-ubuntu-inference/literal-config-receipt.yaml
gb300-eks-ubuntu-inference-dynamo,aicr-gb300-eks-ubuntu-inference-dynamo-v1-0-0-argocd,v1.0.0,gb300-eks-ubuntu-inference-dynamo,22,77,oci://europe-west1-docker.pkg.dev/nth-fort-499605-q5/helm-expt/aicr-gb300-eks-ubuntu-inference-dynamo/aicr-bundle:1.0.0,sha256:c00041a2b16698dc6c11722e50cb4729fbba477d1312b12cb93e2221149da4f0,983138,oci://europe-west1-docker.pkg.dev/nth-fort-499605-q5/helm-expt/bundles/catalog-aicr-gb300-eks-ubuntu-inference-dynamo-v1-0-0-argocd:v1.0.0,sha256:f0d68b086ae4c2a78d997a80f6f2260a08fd45f8d20dc116798c5def8937f8e0,27,3,nodeGroup=system-worker,dra-node-labeler,data/aicr-mirror-artifacts/gb300-eks-ubuntu-inference-dynamo/source-package-oci.yaml,data/aicr-mirror-artifacts/gb300-eks-ubuntu-inference-dynamo/literal-config-oci.yaml,runs/aicr-mirror-artifacts/gb300-eks-ubuntu-inference-dynamo/source-package-receipt.yaml,runs/aicr-mirror-artifacts/gb300-eks-ubuntu-inference-dynamo/literal-config-receipt.yaml
gb300-eks-ubuntu-training,aicr-gb300-eks-ubuntu-training-v1-0-0-argocd,v1.0.0,gb300-eks-ubuntu-training,16,56,oci://europe-west1-docker.pkg.dev/nth-fort-499605-q5/helm-expt/aicr-gb300-eks-ubuntu-training/aicr-bundle:1.0.0,sha256:3c66d9fa50e02b7f0f78aa94577e2599386930ef63623cecca8a3e4f5b21321d,245286,oci://europe-west1-docker.pkg.dev/nth-fort-499605-q5/helm-expt/bundles/catalog-aicr-gb300-eks-ubuntu-training-v1-0-0-argocd:v1.0.0,sha256:4917d350906d78670d36deb707a05b014e09e826a5172c6066e7267194cda80e,21,3,nodeGroup=system-worker,dra-node-labeler,data/aicr-mirror-artifacts/gb300-eks-ubuntu-training/source-package-oci.yaml,data/aicr-mirror-artifacts/gb300-eks-ubuntu-training/literal-config-oci.yaml,runs/aicr-mirror-artifacts/gb300-eks-ubuntu-training/source-package-receipt.yaml,runs/aicr-mirror-artifacts/gb300-eks-ubuntu-training/literal-config-receipt.yaml
gb300-eks-ubuntu-training-kubeflow,aicr-gb300-eks-ubuntu-training-kubeflow-v1-0-0-argocd,v1.0.0,gb300-eks-ubuntu-training-kubeflow,18,63,oci://europe-west1-docker.pkg.dev/nth-fort-499605-q5/helm-expt/aicr-gb300-eks-ubuntu-training-kubeflow/aicr-bundle:1.0.0,sha256:822f95f6a868e26322f6754bfbde2dc51cb03f19474fd1d343a1ed9cfea7d26e,267819,oci://europe-west1-docker.pkg.dev/nth-fort-499605-q5/helm-expt/bundles/catalog-aicr-gb300-eks-ubuntu-training-kubeflow-v1-0-0-argocd:v1.0.0,sha256:b47e4a42ca28f1d5fba583be9af1f2793e2a583bf0a73c15d061fea48f7f2bfc,23,3,nodeGroup=system-worker,dra-node-labeler,data/aicr-mirror-artifacts/gb300-eks-ubuntu-training-kubeflow/source-package-oci.yaml,data/aicr-mirror-artifacts/gb300-eks-ubuntu-training-kubeflow/literal-config-oci.yaml,runs/aicr-mirror-artifacts/gb300-eks-ubuntu-training-kubeflow/source-package-receipt.yaml,runs/aicr-mirror-artifacts/gb300-eks-ubuntu-training-kubeflow/literal-config-receipt.yaml
gb300-eks-ubuntu-training-slurm,aicr-gb300-eks-ubuntu-training-slurm-v1-0-0-argocd,v1.0.0,gb300-eks-ubuntu-training-slurm,20,70,oci://europe-west1-docker.pkg.dev/nth-fort-499605-q5/helm-expt/aicr-gb300-eks-ubuntu-training-slurm/aicr-bundle:1.0.0,sha256:323889d567cdb4ca241f1eb0dd2b9042a4843f3f58de9c51357e0abb62ae64e0,302123,oci://europe-west1-docker.pkg.dev/nth-fort-499605-q5/helm-expt/bundles/catalog-aicr-gb300-eks-ubuntu-training-slurm-v1-0-0-argocd:v1.0.0,sha256:be544c70786cccbcc9eb053a1f0d9a7547402f6e40754acde607e33e2e1283dd,25,3,nodeGroup=system-worker,dra-node-labeler mariadb-operator mariadb-operator-crds slurm-accounting-mariadb,data/aicr-mirror-artifacts/gb300-eks-ubuntu-training-slurm/source-package-oci.yaml,data/aicr-mirror-artifacts/gb300-eks-ubuntu-training-slurm/literal-config-oci.yaml,runs/aicr-mirror-artifacts/gb300-eks-ubuntu-training-slurm/source-package-receipt.yaml,runs/aicr-mirror-artifacts/gb300-eks-ubuntu-training-slurm/literal-config-receipt.yaml
gb300-generic-ubuntu-training,aicr-gb300-generic-ubuntu-training-v1-0-0-argocd,v1.0.0,gb300-generic-ubuntu-training,15,53,oci://europe-west1-docker.pkg.dev/nth-fort-499605-q5/helm-expt/aicr-gb300-generic-ubuntu-training/aicr-bundle:1.0.0,sha256:a6b70b3a98bea7224f5a7b0b217f5d88eef2d58416bcbdd9a0ac0844abc09ad5,230438,oci://europe-west1-docker.pkg.dev/nth-fort-499605-q5/helm-expt/bundles/catalog-aicr-gb300-generic-ubuntu-training-v1-0-0-argocd:v1.0.0,sha256:36312a509aec5ff871f08049a9f35c20f0cee7d5540c525b62981964a2a7aa37,20,3,nodeGroup=system-worker,dra-node-labeler,data/aicr-mirror-artifacts/gb300-generic-ubuntu-training/source-package-oci.yaml,data/aicr-mirror-artifacts/gb300-generic-ubuntu-training/literal-config-oci.yaml,runs/aicr-mirror-artifacts/gb300-generic-ubuntu-training/source-package-receipt.yaml,runs/aicr-mirror-artifacts/gb300-generic-ubuntu-training/literal-config-receipt.yaml
gke-cos,aicr-gke-cos-v1-0-0-argocd,v1.0.0,gke-cos,14,50,oci://europe-west1-docker.pkg.dev/nth-fort-499605-q5/helm-expt/aicr-gke-cos/aicr-bundle:1.0.0,sha256:468ee4fdc77c0731647c419426e30b869307ffb7fa704f4ed874b452e6b7c4b0,219174,oci://europe-west1-docker.pkg.dev/nth-fort-499605-q5/helm-expt/bundles/catalog-aicr-gke-cos-v1-0-0-argocd:v1.0.0,sha256:875a8ba01cac0b5c729a92019b4341c0f5bcf821afd486484180b8a2235d1ece,19,3,nodeGroup=system-worker,dra-node-labeler,data/aicr-mirror-artifacts/gke-cos/source-package-oci.yaml,data/aicr-mirror-artifacts/gke-cos/literal-config-oci.yaml,runs/aicr-mirror-artifacts/gke-cos/source-package-receipt.yaml,runs/aicr-mirror-artifacts/gke-cos/literal-config-receipt.yaml
gke-cos-inference,aicr-gke-cos-inference-v1-0-0-argocd,v1.0.0,gke-cos-inference,18,65,oci://europe-west1-docker.pkg.dev/nth-fort-499605-q5/helm-expt/aicr-gke-cos-inference/aicr-bundle:1.0.0,sha256:2ad6421088d21bea54abc3417c917c3e637fae961cd31400ea5b0a6d0c9c6361,935517,oci://europe-west1-docker.pkg.dev/nth-fort-499605-q5/helm-expt/bundles/catalog-aicr-gke-cos-inference-v1-0-0-argocd:v1.0.0,sha256:8c289a1d875fff92b5776960f4858f009bbe46b53bd20fe7cc7b4757a6ecaa56,23,3,nodeGroup=system-worker,dra-node-labeler,data/aicr-mirror-artifacts/gke-cos-inference/source-package-oci.yaml,data/aicr-mirror-artifacts/gke-cos-inference/literal-config-oci.yaml,runs/aicr-mirror-artifacts/gke-cos-inference/source-package-receipt.yaml,runs/aicr-mirror-artifacts/gke-cos-inference/literal-config-receipt.yaml
gke-cos-training,aicr-gke-cos-training-v1-0-0-argocd,v1.0.0,gke-cos-training,14,50,oci://europe-west1-docker.pkg.dev/nth-fort-499605-q5/helm-expt/aicr-gke-cos-training/aicr-bundle:1.0.0,sha256:b7fdd52e279b82b5fea606f790ea6d90ef245a2dcff82e79c1d3448a2dcba3c9,219174,oci://europe-west1-docker.pkg.dev/nth-fort-499605-q5/helm-expt/bundles/catalog-aicr-gke-cos-training-v1-0-0-argocd:v1.0.0,sha256:146f166cd493975b3491d2880ea0f2a1af1021898b172acfbffe699ff8150127,19,3,nodeGroup=system-worker,dra-node-labeler,data/aicr-mirror-artifacts/gke-cos-training/source-package-oci.yaml,data/aicr-mirror-artifacts/gke-cos-training/literal-config-oci.yaml,runs/aicr-mirror-artifacts/gke-cos-training/source-package-receipt.yaml,runs/aicr-mirror-artifacts/gke-cos-training/literal-config-receipt.yaml
h100-aks-inference,aicr-h100-aks-inference-v1-0-0-argocd,v1.0.0,h100-aks-inference,20,75,oci://europe-west1-docker.pkg.dev/nth-fort-499605-q5/helm-expt/aicr-h100-aks-inference/aicr-bundle:1.0.0,sha256:eb37ddd2de82a1f86f7c8a15fcf8d5f62f23c16f6c27af8467c925cdcdff26b8,984674,oci://europe-west1-docker.pkg.dev/nth-fort-499605-q5/helm-expt/bundles/catalog-aicr-h100-aks-inference-v1-0-0-argocd:v1.0.0,sha256:5afa1688d835f23b858fbcc12e916397787f71818ac8a77df764f87d83b2408d,25,3,nodeGroup=system-worker,dra-node-labeler,data/aicr-mirror-artifacts/h100-aks-inference/source-package-oci.yaml,data/aicr-mirror-artifacts/h100-aks-inference/literal-config-oci.yaml,runs/aicr-mirror-artifacts/h100-aks-inference/source-package-receipt.yaml,runs/aicr-mirror-artifacts/h100-aks-inference/literal-config-receipt.yaml
h100-aks-training,aicr-h100-aks-training-v1-0-0-argocd,v1.0.0,h100-aks-training,16,60,oci://europe-west1-docker.pkg.dev/nth-fort-499605-q5/helm-expt/aicr-h100-aks-training/aicr-bundle:1.0.0,sha256:60489a23a660de24b5bb3a23c6431595289d5208e7faf6431d54c8408f7a4816,268843,oci://europe-west1-docker.pkg.dev/nth-fort-499605-q5/helm-expt/bundles/catalog-aicr-h100-aks-training-v1-0-0-argocd:v1.0.0,sha256:2f97b8640719b1a031ab08fd997972964d2596958071883acf491343a89940aa,21,3,nodeGroup=system-worker,dra-node-labeler,data/aicr-mirror-artifacts/h100-aks-training/source-package-oci.yaml,data/aicr-mirror-artifacts/h100-aks-training/literal-config-oci.yaml,runs/aicr-mirror-artifacts/h100-aks-training/source-package-receipt.yaml,runs/aicr-mirror-artifacts/h100-aks-training/literal-config-receipt.yaml
h100-aks-ubuntu-inference,aicr-h100-aks-ubuntu-inference-v1-0-0-argocd,v1.0.0,h100-aks-ubuntu-inference,20,75,oci://europe-west1-docker.pkg.dev/nth-fort-499605-q5/helm-expt/aicr-h100-aks-ubuntu-inference/aicr-bundle:1.0.0,sha256:2496486d838e647772ee6d1b546f8ad07fc9bd92dd57aeea66aadd9cb5b1a70b,985186,oci://europe-west1-docker.pkg.dev/nth-fort-499605-q5/helm-expt/bundles/catalog-aicr-h100-aks-ubuntu-inference-v1-0-0-argocd:v1.0.0,sha256:27571eeba67cf7ddded3760afa99a97093fc327f12f69bcf03f57f0b371f8237,25,3,nodeGroup=system-worker,dra-node-labeler,data/aicr-mirror-artifacts/h100-aks-ubuntu-inference/source-package-oci.yaml,data/aicr-mirror-artifacts/h100-aks-ubuntu-inference/literal-config-oci.yaml,runs/aicr-mirror-artifacts/h100-aks-ubuntu-inference/source-package-receipt.yaml,runs/aicr-mirror-artifacts/h100-aks-ubuntu-inference/literal-config-receipt.yaml
h100-aks-ubuntu-inference-dynamo,aicr-h100-aks-ubuntu-inference-dynamo-v1-0-0-argocd,v1.0.0,h100-aks-ubuntu-inference-dynamo,22,81,oci://europe-west1-docker.pkg.dev/nth-fort-499605-q5/helm-expt/aicr-h100-aks-ubuntu-inference-dynamo/aicr-bundle:1.0.0,sha256:b7a800c7eb17dadf8fa37646bc6af34075c0ec24c0969333a4861a6e6a92d187,1007202,oci://europe-west1-docker.pkg.dev/nth-fort-499605-q5/helm-expt/bundles/catalog-aicr-h100-aks-ubuntu-inference-dynamo-v1-0-0-argocd:v1.0.0,sha256:a9205da3d0193923b78399407e4a51392a5e8e879b6ee862f6ed1c0f1270e641,27,3,nodeGroup=system-worker,dra-node-labeler,data/aicr-mirror-artifacts/h100-aks-ubuntu-inference-dynamo/source-package-oci.yaml,data/aicr-mirror-artifacts/h100-aks-ubuntu-inference-dynamo/literal-config-oci.yaml,runs/aicr-mirror-artifacts/h100-aks-ubuntu-inference-dynamo/source-package-receipt.yaml,runs/aicr-mirror-artifacts/h100-aks-ubuntu-inference-dynamo/literal-config-receipt.yaml
h100-aks-ubuntu-training,aicr-h100-aks-ubuntu-training-v1-0-0-argocd,v1.0.0,h100-aks-ubuntu-training,16,60,oci://europe-west1-docker.pkg.dev/nth-fort-499605-q5/helm-expt/aicr-h100-aks-ubuntu-training/aicr-bundle:1.0.0,sha256:ba773ef23d7947189b06e9a8473feba453f47f2cf58bed6a8849cb014dd272e7,268843,oci://europe-west1-docker.pkg.dev/nth-fort-499605-q5/helm-expt/bundles/catalog-aicr-h100-aks-ubuntu-training-v1-0-0-argocd:v1.0.0,sha256:0c0dc1b1c0519c6d8af920e8c651149393d8d0309bf4c12aa6a4ae269fd89635,21,3,nodeGroup=system-worker,dra-node-labeler,data/aicr-mirror-artifacts/h100-aks-ubuntu-training/source-package-oci.yaml,data/aicr-mirror-artifacts/h100-aks-ubuntu-training/literal-config-oci.yaml,runs/aicr-mirror-artifacts/h100-aks-ubuntu-training/source-package-receipt.yaml,runs/aicr-mirror-artifacts/h100-aks-ubuntu-training/literal-config-receipt.yaml
h100-aks-ubuntu-training-kubeflow,aicr-h100-aks-ubuntu-training-kubeflow-v1-0-0-argocd,v1.0.0,h100-aks-ubuntu-training-kubeflow,18,67,oci://europe-west1-docker.pkg.dev/nth-fort-499605-q5/helm-expt/aicr-h100-aks-ubuntu-training-kubeflow/aicr-bundle:1.0.0,sha256:a8f74d8979b186e7dc3c7193bbf5b8c85520faf5c9e4e2f40ac7b68b90d10283,291371,oci://europe-west1-docker.pkg.dev/nth-fort-499605-q5/helm-expt/bundles/catalog-aicr-h100-aks-ubuntu-training-kubeflow-v1-0-0-argocd:v1.0.0,sha256:1a91aa7a7741e7b065d9fa4151d39fc7fb3946a5b5d55088416fffe7c2924f82,23,3,nodeGroup=system-worker,dra-node-labeler,data/aicr-mirror-artifacts/h100-aks-ubuntu-training-kubeflow/source-package-oci.yaml,data/aicr-mirror-artifacts/h100-aks-ubuntu-training-kubeflow/literal-config-oci.yaml,runs/aicr-mirror-artifacts/h100-aks-ubuntu-training-kubeflow/source-package-receipt.yaml,runs/aicr-mirror-artifacts/h100-aks-ubuntu-training-kubeflow/literal-config-receipt.yaml
h100-aks-ubuntu-training-slurm,aicr-h100-aks-ubuntu-training-slurm-v1-0-0-argocd,v1.0.0,h100-aks-ubuntu-training-slurm,20,73,oci://europe-west1-docker.pkg.dev/nth-fort-499605-q5/helm-expt/aicr-h100-aks-ubuntu-training-slurm/aicr-bundle:1.0.0,sha256:07146a4c5f882553a8ef4f8dc90c2c48596db0748ead6afa95f036375bdc009e,322091,oci://europe-west1-docker.pkg.dev/nth-fort-499605-q5/helm-expt/bundles/catalog-aicr-h100-aks-ubuntu-training-slurm-v1-0-0-argocd:v1.0.0,sha256:9c045de973fe9c699975cf3192a952fa77ae731a2e6691c79a6394aae4e9d65b,25,3,nodeGroup=system-worker,dra-node-labeler mariadb-operator mariadb-operator-crds slurm-accounting-mariadb,data/aicr-mirror-artifacts/h100-aks-ubuntu-training-slurm/source-package-oci.yaml,data/aicr-mirror-artifacts/h100-aks-ubuntu-training-slurm/literal-config-oci.yaml,runs/aicr-mirror-artifacts/h100-aks-ubuntu-training-slurm/source-package-receipt.yaml,runs/aicr-mirror-artifacts/h100-aks-ubuntu-training-slurm/literal-config-receipt.yaml
h100-any,aicr-h100-any-v1-0-0-argocd,v1.0.0,h100-any,12,42,oci://europe-west1-docker.pkg.dev/nth-fort-499605-q5/helm-expt/aicr-h100-any/aicr-bundle:1.0.0,sha256:13519f35fa34494d1c68a1ada803c030f1d30a578a269f8b215c40c5a1d6c2fa,187425,oci://europe-west1-docker.pkg.dev/nth-fort-499605-q5/helm-expt/bundles/catalog-aicr-h100-any-v1-0-0-argocd:v1.0.0,sha256:b5f112a064185fba354cd308b03002d653e8e164b4492acde2aec367fdd5a0c5,17,3,nodeGroup=system-worker,dra-node-labeler,data/aicr-mirror-artifacts/h100-any/source-package-oci.yaml,data/aicr-mirror-artifacts/h100-any/literal-config-oci.yaml,runs/aicr-mirror-artifacts/h100-any/source-package-receipt.yaml,runs/aicr-mirror-artifacts/h100-any/literal-config-receipt.yaml
h100-bcm-training,aicr-h100-bcm-training-v1-0-0-argocd,v1.0.0,h100-bcm-training,13,46,oci://europe-west1-docker.pkg.dev/nth-fort-499605-q5/helm-expt/aicr-h100-bcm-training/aicr-bundle:1.0.0,sha256:f833d3e62946f4acb0921c4c724c5e808f59322b3bd8e3b26360b9e728410ced,203302,oci://europe-west1-docker.pkg.dev/nth-fort-499605-q5/helm-expt/bundles/catalog-aicr-h100-bcm-training-v1-0-0-argocd:v1.0.0,sha256:7a694582de4a77a3b65ab735828878a46c347911529789a14e7550fdd6ee4021,18,3,nodeGroup=system-worker,dra-node-labeler,data/aicr-mirror-artifacts/h100-bcm-training/source-package-oci.yaml,data/aicr-mirror-artifacts/h100-bcm-training/literal-config-oci.yaml,runs/aicr-mirror-artifacts/h100-bcm-training/source-package-receipt.yaml,runs/aicr-mirror-artifacts/h100-bcm-training/literal-config-receipt.yaml
h100-bcm-ubuntu-training,aicr-h100-bcm-ubuntu-training-v1-0-0-argocd,v1.0.0,h100-bcm-ubuntu-training,13,46,oci://europe-west1-docker.pkg.dev/nth-fort-499605-q5/helm-expt/aicr-h100-bcm-ubuntu-training/aicr-bundle:1.0.0,sha256:05d4af98603c324159a1fb36dcd90b0f77252d973ba9b1ba7fa764fc19147792,203302,oci://europe-west1-docker.pkg.dev/nth-fort-499605-q5/helm-expt/bundles/catalog-aicr-h100-bcm-ubuntu-training-v1-0-0-argocd:v1.0.0,sha256:1cad3027dd4031486a7efab00053a83b799127273ed670fc4640f92b3b8f405b,18,3,nodeGroup=system-worker,dra-node-labeler,data/aicr-mirror-artifacts/h100-bcm-ubuntu-training/source-package-oci.yaml,data/aicr-mirror-artifacts/h100-bcm-ubuntu-training/literal-config-oci.yaml,runs/aicr-mirror-artifacts/h100-bcm-ubuntu-training/source-package-receipt.yaml,runs/aicr-mirror-artifacts/h100-bcm-ubuntu-training/literal-config-receipt.yaml
h100-bcm-ubuntu-training-kubeflow,aicr-h100-bcm-ubuntu-training-kubeflow-v1-0-0-argocd,v1.0.0,h100-bcm-ubuntu-training-kubeflow,15,53,oci://europe-west1-docker.pkg.dev/nth-fort-499605-q5/helm-expt/aicr-h100-bcm-ubuntu-training-kubeflow/aicr-bundle:1.0.0,sha256:d1707a4b734e1066321b1caf2aa5dc95f5830f55e85278d59c194c983965dbb7,225830,oci://europe-west1-docker.pkg.dev/nth-fort-499605-q5/helm-expt/bundles/catalog-aicr-h100-bcm-ubuntu-training-kubeflow-v1-0-0-argocd:v1.0.0,sha256:026952f122822aee135d34ec9ad3bd2cc90c7912605cb02c2ee75e69be4e0933,20,3,nodeGroup=system-worker,dra-node-labeler,data/aicr-mirror-artifacts/h100-bcm-ubuntu-training-kubeflow/source-package-oci.yaml,data/aicr-mirror-artifacts/h100-bcm-ubuntu-training-kubeflow/literal-config-oci.yaml,runs/aicr-mirror-artifacts/h100-bcm-ubuntu-training-kubeflow/source-package-receipt.yaml,runs/aicr-mirror-artifacts/h100-bcm-ubuntu-training-kubeflow/literal-config-receipt.yaml
h100-eks-inference,aicr-h100-eks-inference-v1-0-0-argocd,v1.0.0,h100-eks-inference,19,67,oci://europe-west1-docker.pkg.dev/nth-fort-499605-q5/helm-expt/aicr-h100-eks-inference/aicr-bundle:1.0.0,sha256:149ff22fa1e4fe62fd4872d09d60f89681f794a5c25ea21d4eccac5cb01e3109,946781,oci://europe-west1-docker.pkg.dev/nth-fort-499605-q5/helm-expt/bundles/catalog-aicr-h100-eks-inference-v1-0-0-argocd:v1.0.0,sha256:91b2d04a7bdd252a0d491d87b2a44f9855bd12f33c4a268370530c7207254ace,24,3,nodeGroup=system-worker,dra-node-labeler,data/aicr-mirror-artifacts/h100-eks-inference/source-package-oci.yaml,data/aicr-mirror-artifacts/h100-eks-inference/literal-config-oci.yaml,runs/aicr-mirror-artifacts/h100-eks-inference/source-package-receipt.yaml,runs/aicr-mirror-artifacts/h100-eks-inference/literal-config-receipt.yaml
h100-eks-training,aicr-h100-eks-training-v1-0-0-argocd,v1.0.0,h100-eks-training,15,52,oci://europe-west1-docker.pkg.dev/nth-fort-499605-q5/helm-expt/aicr-h100-eks-training/aicr-bundle:1.0.0,sha256:871ab9c52e5a133ca56bad139814c6e4bbc281937ec7e2bcddab9d2d8424e626,231462,oci://europe-west1-docker.pkg.dev/nth-fort-499605-q5/helm-expt/bundles/catalog-aicr-h100-eks-training-v1-0-0-argocd:v1.0.0,sha256:91726d796d050720df6adae7776b79cc47ab537e0b9df6fdb7b3e991f9368dc5,20,3,nodeGroup=system-worker,dra-node-labeler,data/aicr-mirror-artifacts/h100-eks-training/source-package-oci.yaml,data/aicr-mirror-artifacts/h100-eks-training/literal-config-oci.yaml,runs/aicr-mirror-artifacts/h100-eks-training/source-package-receipt.yaml,runs/aicr-mirror-artifacts/h100-eks-training/literal-config-receipt.yaml
h100-eks-ubuntu-inference,aicr-h100-eks-ubuntu-inference-v1-0-0-argocd,v1.0.0,h100-eks-ubuntu-inference,19,67,oci://europe-west1-docker.pkg.dev/nth-fort-499605-q5/helm-expt/aicr-h100-eks-ubuntu-inference/aicr-bundle:1.0.0,sha256:9d897c446e575521aa01e4102cedcbed8406af467f79f7cc441d6e6f02df8875,947293,oci://europe-west1-docker.pkg.dev/nth-fort-499605-q5/helm-expt/bundles/catalog-aicr-h100-eks-ubuntu-inference-v1-0-0-argocd:v1.0.0,sha256:487bb04c5e4e4329c5d30a78016cbb32d0f7b3c99ad6cf2ac925c7b264d78349,24,3,nodeGroup=system-worker,dra-node-labeler,data/aicr-mirror-artifacts/h100-eks-ubuntu-inference/source-package-oci.yaml,data/aicr-mirror-artifacts/h100-eks-ubuntu-inference/literal-config-oci.yaml,runs/aicr-mirror-artifacts/h100-eks-ubuntu-inference/source-package-receipt.yaml,runs/aicr-mirror-artifacts/h100-eks-ubuntu-inference/literal-config-receipt.yaml
h100-eks-ubuntu-inference-dynamo,aicr-h100-eks-ubuntu-inference-dynamo-v1-0-0-argocd,v1.0.0,h100-eks-ubuntu-inference-dynamo,21,73,oci://europe-west1-docker.pkg.dev/nth-fort-499605-q5/helm-expt/aicr-h100-eks-ubuntu-inference-dynamo/aicr-bundle:1.0.0,sha256:c035189f6defc706920aa07d7617ca36f6e647faa8ac56e3e924039b68d16746,969821,oci://europe-west1-docker.pkg.dev/nth-fort-499605-q5/helm-expt/bundles/catalog-aicr-h100-eks-ubuntu-inference-dynamo-v1-0-0-argocd:v1.0.0,sha256:7a0924218f0f7b382a742c4f64c43c62ea4ee1fc9f33697b07e9a666c14efbd8,26,3,nodeGroup=system-worker,dra-node-labeler,data/aicr-mirror-artifacts/h100-eks-ubuntu-inference-dynamo/source-package-oci.yaml,data/aicr-mirror-artifacts/h100-eks-ubuntu-inference-dynamo/literal-config-oci.yaml,runs/aicr-mirror-artifacts/h100-eks-ubuntu-inference-dynamo/source-package-receipt.yaml,runs/aicr-mirror-artifacts/h100-eks-ubuntu-inference-dynamo/literal-config-receipt.yaml
h100-eks-ubuntu-inference-nim,aicr-h100-eks-ubuntu-inference-nim-v1-0-0-argocd,v1.0.0,h100-eks-ubuntu-inference-nim,20,70,oci://europe-west1-docker.pkg.dev/nth-fort-499605-q5/helm-expt/aicr-h100-eks-ubuntu-inference-nim/aicr-bundle:1.0.0,sha256:9bf785ddfdded92bf115e43f9c45b83e5b56531a0b6b6c773d26981376fb1d46,959069,oci://europe-west1-docker.pkg.dev/nth-fort-499605-q5/helm-expt/bundles/catalog-aicr-h100-eks-ubuntu-inference-nim-v1-0-0-argocd:v1.0.0,sha256:5dcd613f84afe875040c8838698d8ad5830066f643aa1331f42171d021491f7a,25,3,nodeGroup=system-worker,dra-node-labeler,data/aicr-mirror-artifacts/h100-eks-ubuntu-inference-nim/source-package-oci.yaml,data/aicr-mirror-artifacts/h100-eks-ubuntu-inference-nim/literal-config-oci.yaml,runs/aicr-mirror-artifacts/h100-eks-ubuntu-inference-nim/source-package-receipt.yaml,runs/aicr-mirror-artifacts/h100-eks-ubuntu-inference-nim/literal-config-receipt.yaml
h100-eks-ubuntu-training,aicr-h100-eks-ubuntu-training-v1-0-0-argocd,v1.0.0,h100-eks-ubuntu-training,15,52,oci://europe-west1-docker.pkg.dev/nth-fort-499605-q5/helm-expt/aicr-h100-eks-ubuntu-training/aicr-bundle:1.0.0,sha256:48f2b1ed13c7ec7ea4578d93fb27442e0424790e53171cd61b316006375bf10c,231462,oci://europe-west1-docker.pkg.dev/nth-fort-499605-q5/helm-expt/bundles/catalog-aicr-h100-eks-ubuntu-training-v1-0-0-argocd:v1.0.0,sha256:37dae722e846455688568d21f20ac0bd10306f49ce54c2ee8c61fcee0ca60bb8,20,3,nodeGroup=system-worker,dra-node-labeler,data/aicr-mirror-artifacts/h100-eks-ubuntu-training/source-package-oci.yaml,data/aicr-mirror-artifacts/h100-eks-ubuntu-training/literal-config-oci.yaml,runs/aicr-mirror-artifacts/h100-eks-ubuntu-training/source-package-receipt.yaml,runs/aicr-mirror-artifacts/h100-eks-ubuntu-training/literal-config-receipt.yaml
h100-eks-ubuntu-training-kubeflow,aicr-h100-eks-ubuntu-training-kubeflow-v1-0-0-argocd,v1.0.0,h100-eks-ubuntu-training-kubeflow,17,59,oci://europe-west1-docker.pkg.dev/nth-fort-499605-q5/helm-expt/aicr-h100-eks-ubuntu-training-kubeflow/aicr-bundle:1.0.0,sha256:f585eb70efe7a22afb82cfaec32599a129c7b7200caa15b9bbee06ce8075ed6a,253990,oci://europe-west1-docker.pkg.dev/nth-fort-499605-q5/helm-expt/bundles/catalog-aicr-h100-eks-ubuntu-training-kubeflow-v1-0-0-argocd:v1.0.0,sha256:606e73f06b0ac23b08a1deeb7b1138447acc669daf3eecafcc91d03c8c625f28,22,3,nodeGroup=system-worker,dra-node-labeler,data/aicr-mirror-artifacts/h100-eks-ubuntu-training-kubeflow/source-package-oci.yaml,data/aicr-mirror-artifacts/h100-eks-ubuntu-training-kubeflow/literal-config-oci.yaml,runs/aicr-mirror-artifacts/h100-eks-ubuntu-training-kubeflow/source-package-receipt.yaml,runs/aicr-mirror-artifacts/h100-eks-ubuntu-training-kubeflow/literal-config-receipt.yaml
h100-eks-ubuntu-training-slurm,aicr-h100-eks-ubuntu-training-slurm-v1-0-0-argocd,v1.0.0,h100-eks-ubuntu-training-slurm,19,65,oci://europe-west1-docker.pkg.dev/nth-fort-499605-q5/helm-expt/aicr-h100-eks-ubuntu-training-slurm/aicr-bundle:1.0.0,sha256:749e6de96a794ccb5e322cb8d9cbacd05c91c8c36f4c1bfc9afccb5502cc8614,284715,oci://europe-west1-docker.pkg.dev/nth-fort-499605-q5/helm-expt/bundles/catalog-aicr-h100-eks-ubuntu-training-slurm-v1-0-0-argocd:v1.0.0,sha256:fe510b97781c5b4556ac45f7bbdab974d9e2007c209bf12c7f9e49dafd08e5d0,24,3,nodeGroup=system-worker,dra-node-labeler mariadb-operator mariadb-operator-crds slurm-accounting-mariadb,data/aicr-mirror-artifacts/h100-eks-ubuntu-training-slurm/source-package-oci.yaml,data/aicr-mirror-artifacts/h100-eks-ubuntu-training-slurm/literal-config-oci.yaml,runs/aicr-mirror-artifacts/h100-eks-ubuntu-training-slurm/source-package-receipt.yaml,runs/aicr-mirror-artifacts/h100-eks-ubuntu-training-slurm/literal-config-receipt.yaml
h100-gke-cos-inference,aicr-h100-gke-cos-inference-v1-0-0-argocd,v1.0.0,h100-gke-cos-inference,20,72,oci://europe-west1-docker.pkg.dev/nth-fort-499605-q5/helm-expt/aicr-h100-gke-cos-inference/aicr-bundle:1.0.0,sha256:fe5ba56b780e7154757b8f3d1fa7e620ee594e5e72760089f9c204397273870d,971357,oci://europe-west1-docker.pkg.dev/nth-fort-499605-q5/helm-expt/bundles/catalog-aicr-h100-gke-cos-inference-v1-0-0-argocd:v1.0.0,sha256:8e49824b411d3b8f15397c2c7319c5a2551fb2652999afe4b0f7540715484cd0,25,3,nodeGroup=system-worker,dra-node-labeler,data/aicr-mirror-artifacts/h100-gke-cos-inference/source-package-oci.yaml,data/aicr-mirror-artifacts/h100-gke-cos-inference/literal-config-oci.yaml,runs/aicr-mirror-artifacts/h100-gke-cos-inference/source-package-receipt.yaml,runs/aicr-mirror-artifacts/h100-gke-cos-inference/literal-config-receipt.yaml
h100-gke-cos-inference-dynamo,aicr-h100-gke-cos-inference-dynamo-v1-0-0-argocd,v1.0.0,h100-gke-cos-inference-dynamo,21,75,oci://europe-west1-docker.pkg.dev/nth-fort-499605-q5/helm-expt/aicr-h100-gke-cos-inference-dynamo/aicr-bundle:1.0.0,sha256:4540e48f1997a51d56afaab9017ddb2539f3e3cda4711c4c97539570eb3f5a2d,973405,oci://europe-west1-docker.pkg.dev/nth-fort-499605-q5/helm-expt/bundles/catalog-aicr-h100-gke-cos-inference-dynamo-v1-0-0-argocd:v1.0.0,sha256:d13303c99d99c9e80831c762f1ad78ce49e4afaf5c21aabefe8b76e71c7477ef,26,3,nodeGroup=system-worker,dra-node-labeler k8s-aibom,data/aicr-mirror-artifacts/h100-gke-cos-inference-dynamo/source-package-oci.yaml,data/aicr-mirror-artifacts/h100-gke-cos-inference-dynamo/literal-config-oci.yaml,runs/aicr-mirror-artifacts/h100-gke-cos-inference-dynamo/source-package-receipt.yaml,runs/aicr-mirror-artifacts/h100-gke-cos-inference-dynamo/literal-config-receipt.yaml
h100-gke-cos-training,aicr-h100-gke-cos-training-v1-0-0-argocd,v1.0.0,h100-gke-cos-training,16,59,oci://europe-west1-docker.pkg.dev/nth-fort-499605-q5/helm-expt/aicr-h100-gke-cos-training/aicr-bundle:1.0.0,sha256:484352d7e4c1461055c2d1efc753ba689212958507cbe5336aa0e3cb9ae73125,253478,oci://europe-west1-docker.pkg.dev/nth-fort-499605-q5/helm-expt/bundles/catalog-aicr-h100-gke-cos-training-v1-0-0-argocd:v1.0.0,sha256:bd3a75b20abdfe54ce5773f8b22bfdf5d773251b7a1e55606ff623abf52f7fc5,21,3,nodeGroup=system-worker,dra-node-labeler,data/aicr-mirror-artifacts/h100-gke-cos-training/source-package-oci.yaml,data/aicr-mirror-artifacts/h100-gke-cos-training/literal-config-oci.yaml,runs/aicr-mirror-artifacts/h100-gke-cos-training/source-package-receipt.yaml,runs/aicr-mirror-artifacts/h100-gke-cos-training/literal-config-receipt.yaml
h100-gke-cos-training-slurm,aicr-h100-gke-cos-training-slurm-v1-0-0-argocd,v1.0.0,h100-gke-cos-training-slurm,21,75,oci://europe-west1-docker.pkg.dev/nth-fort-499605-q5/helm-expt/aicr-h100-gke-cos-training-slurm/aicr-bundle:1.0.0,sha256:d7cb58b5fab028d5c0365fd996f24e18fac5d114e1b38d5a3bc9edd24c60c002,324139,oci://europe-west1-docker.pkg.dev/nth-fort-499605-q5/helm-expt/bundles/catalog-aicr-h100-gke-cos-training-slurm-v1-0-0-argocd:v1.0.0,sha256:a5ce90b842c3a307925807b96b0f7e3fc6d65510b991c45661f6fc4d3cf9f61a,26,3,nodeGroup=system-worker,dra-node-labeler mariadb-operator mariadb-operator-crds slurm-accounting-mariadb,data/aicr-mirror-artifacts/h100-gke-cos-training-slurm/source-package-oci.yaml,data/aicr-mirror-artifacts/h100-gke-cos-training-slurm/literal-config-oci.yaml,runs/aicr-mirror-artifacts/h100-gke-cos-training-slurm/source-package-receipt.yaml,runs/aicr-mirror-artifacts/h100-gke-cos-training-slurm/literal-config-receipt.yaml
h100-kind-inference,aicr-h100-kind-inference-v1-0-0-argocd,v1.0.0,h100-kind-inference,17,60,oci://europe-west1-docker.pkg.dev/nth-fort-499605-q5/helm-expt/aicr-h100-kind-inference/aicr-bundle:1.0.0,sha256:98f70641b78ce6faee104331b7035b69d96f90c790132f16dc074a3352afe8ba,907864,oci://europe-west1-docker.pkg.dev/nth-fort-499605-q5/helm-expt/bundles/catalog-aicr-h100-kind-inference-v1-0-0-argocd:v1.0.0,sha256:fc8c9afb348747ef578a65700d5d92e8e998ae7c6284476a710c57c63ee8e680,22,3,nodeGroup=system-worker,dra-node-labeler,data/aicr-mirror-artifacts/h100-kind-inference/source-package-oci.yaml,data/aicr-mirror-artifacts/h100-kind-inference/literal-config-oci.yaml,runs/aicr-mirror-artifacts/h100-kind-inference/source-package-receipt.yaml,runs/aicr-mirror-artifacts/h100-kind-inference/literal-config-receipt.yaml
h100-kind-inference-dynamo,aicr-h100-kind-inference-dynamo-v1-0-0-argocd,v1.0.0,h100-kind-inference-dynamo,19,66,oci://europe-west1-docker.pkg.dev/nth-fort-499605-q5/helm-expt/aicr-h100-kind-inference-dynamo/aicr-bundle:1.0.0,sha256:3db913665b0576e574b184338a471b31ddbe3b2442c81a4c00726b6c637bcf1c,929885,oci://europe-west1-docker.pkg.dev/nth-fort-499605-q5/helm-expt/bundles/catalog-aicr-h100-kind-inference-dynamo-v1-0-0-argocd:v1.0.0,sha256:3e0ce4a6a986b2caffb8ad55181c6f141c9b59ae5be080333a353e6bde3fcd3c,24,3,nodeGroup=system-worker,dra-node-labeler,data/aicr-mirror-artifacts/h100-kind-inference-dynamo/source-package-oci.yaml,data/aicr-mirror-artifacts/h100-kind-inference-dynamo/literal-config-oci.yaml,runs/aicr-mirror-artifacts/h100-kind-inference-dynamo/source-package-receipt.yaml,runs/aicr-mirror-artifacts/h100-kind-inference-dynamo/literal-config-receipt.yaml
h100-kind-training,aicr-h100-kind-training-v1-0-0-argocd,v1.0.0,h100-kind-training,13,45,oci://europe-west1-docker.pkg.dev/nth-fort-499605-q5/helm-expt/aicr-h100-kind-training/aicr-bundle:1.0.0,sha256:d4c078528593a69ac0d0b40ead06cd93f67fc95d36552dba7c4e04a80351484f,192033,oci://europe-west1-docker.pkg.dev/nth-fort-499605-q5/helm-expt/bundles/catalog-aicr-h100-kind-training-v1-0-0-argocd:v1.0.0,sha256:2bad261a1c77f7bcc34086edf56d9aeff46aefa4c37a23461b6cca41749f0124,18,3,nodeGroup=system-worker,dra-node-labeler,data/aicr-mirror-artifacts/h100-kind-training/source-package-oci.yaml,data/aicr-mirror-artifacts/h100-kind-training/literal-config-oci.yaml,runs/aicr-mirror-artifacts/h100-kind-training/source-package-receipt.yaml,runs/aicr-mirror-artifacts/h100-kind-training/literal-config-receipt.yaml
h100-kind-training-kubeflow,aicr-h100-kind-training-kubeflow-v1-0-0-argocd,v1.0.0,h100-kind-training-kubeflow,15,52,oci://europe-west1-docker.pkg.dev/nth-fort-499605-q5/helm-expt/aicr-h100-kind-training-kubeflow/aicr-bundle:1.0.0,sha256:18cb20fa0d70e533e548c4bf933399a67da8ed04ddaab708000396cf51eecf74,214566,oci://europe-west1-docker.pkg.dev/nth-fort-499605-q5/helm-expt/bundles/catalog-aicr-h100-kind-training-kubeflow-v1-0-0-argocd:v1.0.0,sha256:d5f57790c1fa6dc0b9bad620503cc5d037d90c7d619020746c3e1d00b9055bc7,20,3,nodeGroup=system-worker,dra-node-labeler,data/aicr-mirror-artifacts/h100-kind-training-kubeflow/source-package-oci.yaml,data/aicr-mirror-artifacts/h100-kind-training-kubeflow/literal-config-oci.yaml,runs/aicr-mirror-artifacts/h100-kind-training-kubeflow/source-package-receipt.yaml,runs/aicr-mirror-artifacts/h100-kind-training-kubeflow/literal-config-receipt.yaml
h100-kind-training-slurm,aicr-h100-kind-training-slurm-v1-0-0-argocd,v1.0.0,h100-kind-training-slurm,18,61,oci://europe-west1-docker.pkg.dev/nth-fort-499605-q5/helm-expt/aicr-h100-kind-training-slurm/aicr-bundle:1.0.0,sha256:2b75fd6777f54bda3ba0c62e86df21483057bcfdea2305615862034f33b761b5,262187,oci://europe-west1-docker.pkg.dev/nth-fort-499605-q5/helm-expt/bundles/catalog-aicr-h100-kind-training-slurm-v1-0-0-argocd:v1.0.0,sha256:4d512403ae9e1c01b3a7131f27cc82c4ef28abfaf68809eb6476cc7c318b8557,23,3,nodeGroup=system-worker,dra-node-labeler mariadb-operator mariadb-operator-crds slurm-accounting-mariadb,data/aicr-mirror-artifacts/h100-kind-training-slurm/source-package-oci.yaml,data/aicr-mirror-artifacts/h100-kind-training-slurm/literal-config-oci.yaml,runs/aicr-mirror-artifacts/h100-kind-training-slurm/source-package-receipt.yaml,runs/aicr-mirror-artifacts/h100-kind-training-slurm/literal-config-receipt.yaml
h200-any,aicr-h200-any-v1-0-0-argocd,v1.0.0,h200-any,12,42,oci://europe-west1-docker.pkg.dev/nth-fort-499605-q5/helm-expt/aicr-h200-any/aicr-bundle:1.0.0,sha256:2346ea84631b5a3b2662c56608ac9af16fe76566d7575dacb1fda4d60d2858af,187425,oci://europe-west1-docker.pkg.dev/nth-fort-499605-q5/helm-expt/bundles/catalog-aicr-h200-any-v1-0-0-argocd:v1.0.0,sha256:40572f4ada3bbbcfd8c24060a058fac14cf6d483cb620558461bc3b4f14b9cad,17,3,nodeGroup=system-worker,dra-node-labeler,data/aicr-mirror-artifacts/h200-any/source-package-oci.yaml,data/aicr-mirror-artifacts/h200-any/literal-config-oci.yaml,runs/aicr-mirror-artifacts/h200-any/source-package-receipt.yaml,runs/aicr-mirror-artifacts/h200-any/literal-config-receipt.yaml
h200-eks-inference,aicr-h200-eks-inference-v1-0-0-argocd,v1.0.0,h200-eks-inference,19,67,oci://europe-west1-docker.pkg.dev/nth-fort-499605-q5/helm-expt/aicr-h200-eks-inference/aicr-bundle:1.0.0,sha256:8e997a090d6f1b03d0a2622fd4eacc2a659a3569f6caf4eb62407263d1764927,946781,oci://europe-west1-docker.pkg.dev/nth-fort-499605-q5/helm-expt/bundles/catalog-aicr-h200-eks-inference-v1-0-0-argocd:v1.0.0,sha256:936c2cbc7b7d1aa699c8ada3be9df6e78bcdd3016a65136512c6031291114a4b,24,3,nodeGroup=system-worker,dra-node-labeler,data/aicr-mirror-artifacts/h200-eks-inference/source-package-oci.yaml,data/aicr-mirror-artifacts/h200-eks-inference/literal-config-oci.yaml,runs/aicr-mirror-artifacts/h200-eks-inference/source-package-receipt.yaml,runs/aicr-mirror-artifacts/h200-eks-inference/literal-config-receipt.yaml
h200-eks-training,aicr-h200-eks-training-v1-0-0-argocd,v1.0.0,h200-eks-training,15,52,oci://europe-west1-docker.pkg.dev/nth-fort-499605-q5/helm-expt/aicr-h200-eks-training/aicr-bundle:1.0.0,sha256:848ec829644445ba7de789c24de7ac5eb876d501d113896e89d4d1448f891c64,231462,oci://europe-west1-docker.pkg.dev/nth-fort-499605-q5/helm-expt/bundles/catalog-aicr-h200-eks-training-v1-0-0-argocd:v1.0.0,sha256:1a013adfcca7a56f5b626ac35cbd52478a9de22f18b36cf3dc690d013434d449,20,3,nodeGroup=system-worker,dra-node-labeler,data/aicr-mirror-artifacts/h200-eks-training/source-package-oci.yaml,data/aicr-mirror-artifacts/h200-eks-training/literal-config-oci.yaml,runs/aicr-mirror-artifacts/h200-eks-training/source-package-receipt.yaml,runs/aicr-mirror-artifacts/h200-eks-training/literal-config-receipt.yaml
h200-eks-training-kubeflow,aicr-h200-eks-training-kubeflow-v1-0-0-argocd,v1.0.0,h200-eks-training-kubeflow,17,59,oci://europe-west1-docker.pkg.dev/nth-fort-499605-q5/helm-expt/aicr-h200-eks-training-kubeflow/aicr-bundle:1.0.0,sha256:3bb57a6ac1255a2f333f1d5b34aca0e9a818168c001e153f1b82ee7dbfa8171c,253990,oci://europe-west1-docker.pkg.dev/nth-fort-499605-q5/helm-expt/bundles/catalog-aicr-h200-eks-training-kubeflow-v1-0-0-argocd:v1.0.0,sha256:3eef0b171e57359ffc55b4e238a13ce036ed20ed79aa7cd43fadd5cd4861431f,22,3,nodeGroup=system-worker,dra-node-labeler,data/aicr-mirror-artifacts/h200-eks-training-kubeflow/source-package-oci.yaml,data/aicr-mirror-artifacts/h200-eks-training-kubeflow/literal-config-oci.yaml,runs/aicr-mirror-artifacts/h200-eks-training-kubeflow/source-package-receipt.yaml,runs/aicr-mirror-artifacts/h200-eks-training-kubeflow/literal-config-receipt.yaml
h200-k0s-ubuntu-training,aicr-h200-k0s-ubuntu-training-v1-0-0-argocd,v1.0.0,h200-k0s-ubuntu-training,12,42,oci://europe-west1-docker.pkg.dev/nth-fort-499605-q5/helm-expt/aicr-h200-k0s-ubuntu-training/aicr-bundle:1.0.0,sha256:0c9f78de9be45a940d4563774f8e34c48c79336df38cd7bb6080cd2e28dfad66,189473,oci://europe-west1-docker.pkg.dev/nth-fort-499605-q5/helm-expt/bundles/catalog-aicr-h200-k0s-ubuntu-training-v1-0-0-argocd:v1.0.0,sha256:3d7f187167606ebaf929102786fa336736abe748670d409ddc4c0f1dacee4e22,17,3,nodeGroup=system-worker,dra-node-labeler,data/aicr-mirror-artifacts/h200-k0s-ubuntu-training/source-package-oci.yaml,data/aicr-mirror-artifacts/h200-k0s-ubuntu-training/literal-config-oci.yaml,runs/aicr-mirror-artifacts/h200-k0s-ubuntu-training/source-package-receipt.yaml,runs/aicr-mirror-artifacts/h200-k0s-ubuntu-training/literal-config-receipt.yaml
k0s,aicr-k0s-v1-0-0-argocd,v1.0.0,k0s,12,42,oci://europe-west1-docker.pkg.dev/nth-fort-499605-q5/helm-expt/aicr-k0s/aicr-bundle:1.0.0,sha256:cec2adb39eacdd94efe2f0f624706d59c506d60dddd992c8efe778fd58294dc9,188449,oci://europe-west1-docker.pkg.dev/nth-fort-499605-q5/helm-expt/bundles/catalog-aicr-k0s-v1-0-0-argocd:v1.0.0,sha256:b51b4b90a8e11da4e0cbfea47e9fa2bc1cf7ab8959c701147096776dd0a58886,17,3,nodeGroup=system-worker,dra-node-labeler,data/aicr-mirror-artifacts/k0s/source-package-oci.yaml,data/aicr-mirror-artifacts/k0s/literal-config-oci.yaml,runs/aicr-mirror-artifacts/k0s/source-package-receipt.yaml,runs/aicr-mirror-artifacts/k0s/literal-config-receipt.yaml
k0s-training,aicr-k0s-training-v1-0-0-argocd,v1.0.0,k0s-training,12,42,oci://europe-west1-docker.pkg.dev/nth-fort-499605-q5/helm-expt/aicr-k0s-training/aicr-bundle:1.0.0,sha256:868432c8716e5fe7ce63829cce0f3df86d143f5e5ede356a632759ca4f0cb5fc,188961,oci://europe-west1-docker.pkg.dev/nth-fort-499605-q5/helm-expt/bundles/catalog-aicr-k0s-training-v1-0-0-argocd:v1.0.0,sha256:8eb2a575f5932fb374dcdcbe6cd5a1f9d6a5f09506a6da3ea594e68c67bcc79e,17,3,nodeGroup=system-worker,dra-node-labeler,data/aicr-mirror-artifacts/k0s-training/source-package-oci.yaml,data/aicr-mirror-artifacts/k0s-training/literal-config-oci.yaml,runs/aicr-mirror-artifacts/k0s-training/source-package-receipt.yaml,runs/aicr-mirror-artifacts/k0s-training/literal-config-receipt.yaml
kind,aicr-kind-v1-0-0-argocd,v1.0.0,kind,13,45,oci://europe-west1-docker.pkg.dev/nth-fort-499605-q5/helm-expt/aicr-kind/aicr-bundle:1.0.0,sha256:7f799a67a3fb4171c4d3ce3f3bd1dce68ea765087ac73302d30751a9ccd6016e,191521,oci://europe-west1-docker.pkg.dev/nth-fort-499605-q5/helm-expt/bundles/catalog-aicr-kind-v1-0-0-argocd:v1.0.0,sha256:00661b7ef0fe1c8e7459ee0efea09cb9129cbbdb2016f7ad9df224b287cf7ac8,18,3,nodeGroup=system-worker,dra-node-labeler,data/aicr-mirror-artifacts/kind/source-package-oci.yaml,data/aicr-mirror-artifacts/kind/literal-config-oci.yaml,runs/aicr-mirror-artifacts/kind/source-package-receipt.yaml,runs/aicr-mirror-artifacts/kind/literal-config-receipt.yaml
kind-inference,aicr-kind-inference-v1-0-0-argocd,v1.0.0,kind-inference,17,60,oci://europe-west1-docker.pkg.dev/nth-fort-499605-q5/helm-expt/aicr-kind-inference/aicr-bundle:1.0.0,sha256:f289244ec0de61e1d8b99207ce2b9b35c87b11049f5fcc9c094780b3a0283617,907352,oci://europe-west1-docker.pkg.dev/nth-fort-499605-q5/helm-expt/bundles/catalog-aicr-kind-inference-v1-0-0-argocd:v1.0.0,sha256:c4904646906f9f267a512fa1b7feb588c0897613c2fea54e2def97ee12156688,22,3,nodeGroup=system-worker,dra-node-labeler,data/aicr-mirror-artifacts/kind-inference/source-package-oci.yaml,data/aicr-mirror-artifacts/kind-inference/literal-config-oci.yaml,runs/aicr-mirror-artifacts/kind-inference/source-package-receipt.yaml,runs/aicr-mirror-artifacts/kind-inference/literal-config-receipt.yaml
l40-any,aicr-l40-any-v1-0-0-argocd,v1.0.0,l40-any,12,42,oci://europe-west1-docker.pkg.dev/nth-fort-499605-q5/helm-expt/aicr-l40-any/aicr-bundle:1.0.0,sha256:e686dab45c371ece91daf2bb331a8c020e9042db449adb942d5912c51363c345,187425,oci://europe-west1-docker.pkg.dev/nth-fort-499605-q5/helm-expt/bundles/catalog-aicr-l40-any-v1-0-0-argocd:v1.0.0,sha256:1052994cd2b60bd7faed20f9ff57de4bda53c7133bff0db4ca09e703e5327ac4,17,3,nodeGroup=system-worker,dra-node-labeler,data/aicr-mirror-artifacts/l40-any/source-package-oci.yaml,data/aicr-mirror-artifacts/l40-any/literal-config-oci.yaml,runs/aicr-mirror-artifacts/l40-any/source-package-receipt.yaml,runs/aicr-mirror-artifacts/l40-any/literal-config-receipt.yaml
l40s-any,aicr-l40s-any-v1-0-0-argocd,v1.0.0,l40s-any,12,42,oci://europe-west1-docker.pkg.dev/nth-fort-499605-q5/helm-expt/aicr-l40s-any/aicr-bundle:1.0.0,sha256:9fe45e8153c3f88d85a1e6449f52c45cdfc54fd91a39f7bed1f6a3ce762a9e45,187425,oci://europe-west1-docker.pkg.dev/nth-fort-499605-q5/helm-expt/bundles/catalog-aicr-l40s-any-v1-0-0-argocd:v1.0.0,sha256:386c911be78039ce30ffeb54338845252eafbc5fa6addf6c1bb59dcb4bf58b31,17,3,nodeGroup=system-worker,dra-node-labeler,data/aicr-mirror-artifacts/l40s-any/source-package-oci.yaml,data/aicr-mirror-artifacts/l40s-any/literal-config-oci.yaml,runs/aicr-mirror-artifacts/l40s-any/source-package-receipt.yaml,runs/aicr-mirror-artifacts/l40s-any/literal-config-receipt.yaml
l40s-oke-inference,aicr-l40s-oke-inference-v1-0-0-argocd,v1.0.0,l40s-oke-inference,16,58,oci://europe-west1-docker.pkg.dev/nth-fort-499605-q5/helm-expt/aicr-l40s-oke-inference/aicr-bundle:1.0.0,sha256:b029f459d0b6b8c6fa0289a2ce91acecd1a978679e5ffcc24688900c8d752322,914008,oci://europe-west1-docker.pkg.dev/nth-fort-499605-q5/helm-expt/bundles/catalog-aicr-l40s-oke-inference-v1-0-0-argocd:v1.0.0,sha256:86ad103dc2494700b09868d58b921b8136f0432de15bc5dff77a0a4df51c6d73,21,3,nodeGroup=system-worker,dra-node-labeler,data/aicr-mirror-artifacts/l40s-oke-inference/source-package-oci.yaml,data/aicr-mirror-artifacts/l40s-oke-inference/literal-config-oci.yaml,runs/aicr-mirror-artifacts/l40s-oke-inference/source-package-receipt.yaml,runs/aicr-mirror-artifacts/l40s-oke-inference/literal-config-receipt.yaml
l40s-oke-training,aicr-l40s-oke-training-v1-0-0-argocd,v1.0.0,l40s-oke-training,14,50,oci://europe-west1-docker.pkg.dev/nth-fort-499605-q5/helm-expt/aicr-l40s-oke-training/aicr-bundle:1.0.0,sha256:9a3c62b74561cb8a7699f86fbbe6dea59bfa9b0986736237e3525383ea861317,220198,oci://europe-west1-docker.pkg.dev/nth-fort-499605-q5/helm-expt/bundles/catalog-aicr-l40s-oke-training-v1-0-0-argocd:v1.0.0,sha256:dcf17dec3c811642158df67de5b7b374e41a83c89695f10ee59178e5ed7f62e7,19,3,nodeGroup=system-worker,dra-node-labeler,data/aicr-mirror-artifacts/l40s-oke-training/source-package-oci.yaml,data/aicr-mirror-artifacts/l40s-oke-training/literal-config-oci.yaml,runs/aicr-mirror-artifacts/l40s-oke-training/source-package-receipt.yaml,runs/aicr-mirror-artifacts/l40s-oke-training/literal-config-receipt.yaml
l40s-oke-training-kubeflow,aicr-l40s-oke-training-kubeflow-v1-0-0-argocd,v1.0.0,l40s-oke-training-kubeflow,16,57,oci://europe-west1-docker.pkg.dev/nth-fort-499605-q5/helm-expt/aicr-l40s-oke-training-kubeflow/aicr-bundle:1.0.0,sha256:348ed7aa908a0a226f7290b64a1a66ffa614d873bb91630b44a4a592f5f48a39,242726,oci://europe-west1-docker.pkg.dev/nth-fort-499605-q5/helm-expt/bundles/catalog-aicr-l40s-oke-training-kubeflow-v1-0-0-argocd:v1.0.0,sha256:03133dac781ad777ff0a70d5c059ebc9e5477d29b936cf2490c864ea70ced410,21,3,nodeGroup=system-worker,dra-node-labeler,data/aicr-mirror-artifacts/l40s-oke-training-kubeflow/source-package-oci.yaml,data/aicr-mirror-artifacts/l40s-oke-training-kubeflow/literal-config-oci.yaml,runs/aicr-mirror-artifacts/l40s-oke-training-kubeflow/source-package-receipt.yaml,runs/aicr-mirror-artifacts/l40s-oke-training-kubeflow/literal-config-receipt.yaml
lke,aicr-lke-v1-0-0-argocd,v1.0.0,lke,12,42,oci://europe-west1-docker.pkg.dev/nth-fort-499605-q5/helm-expt/aicr-lke/aicr-bundle:1.0.0,sha256:22e59329bfd3f0835f1b6b20439f6f6989a18a68b0186f8d8dcf0d8a88712884,187425,oci://europe-west1-docker.pkg.dev/nth-fort-499605-q5/helm-expt/bundles/catalog-aicr-lke-v1-0-0-argocd:v1.0.0,sha256:db2dab7f208e10007ac7ba96b3ec0d88c7a6cd66851f05c289d63a4ea0ed86a6,17,3,nodeGroup=system-worker,dra-node-labeler,data/aicr-mirror-artifacts/lke/source-package-oci.yaml,data/aicr-mirror-artifacts/lke/literal-config-oci.yaml,runs/aicr-mirror-artifacts/lke/source-package-receipt.yaml,runs/aicr-mirror-artifacts/lke/literal-config-receipt.yaml
lke-inference,aicr-lke-inference-v1-0-0-argocd,v1.0.0,lke-inference,16,57,oci://europe-west1-docker.pkg.dev/nth-fort-499605-q5/helm-expt/aicr-lke-inference/aicr-bundle:1.0.0,sha256:af15d553d9710531e30e1e5999493f71d01f113c5eb7521d0fef56c8d584bded,903256,oci://europe-west1-docker.pkg.dev/nth-fort-499605-q5/helm-expt/bundles/catalog-aicr-lke-inference-v1-0-0-argocd:v1.0.0,sha256:fab10129c6e0018ab1a1225e10601cb450f66169f2e47f8b89277dbb43c65798,21,3,nodeGroup=system-worker,dra-node-labeler,data/aicr-mirror-artifacts/lke-inference/source-package-oci.yaml,data/aicr-mirror-artifacts/lke-inference/literal-config-oci.yaml,runs/aicr-mirror-artifacts/lke-inference/source-package-receipt.yaml,runs/aicr-mirror-artifacts/lke-inference/literal-config-receipt.yaml
lke-training,aicr-lke-training-v1-0-0-argocd,v1.0.0,lke-training,12,42,oci://europe-west1-docker.pkg.dev/nth-fort-499605-q5/helm-expt/aicr-lke-training/aicr-bundle:1.0.0,sha256:40d88df9af95e18ac977cedffab7f76587f03ecaf3ec5f5b406e3da3592fef37,187425,oci://europe-west1-docker.pkg.dev/nth-fort-499605-q5/helm-expt/bundles/catalog-aicr-lke-training-v1-0-0-argocd:v1.0.0,sha256:1958fe96b24616415d7be27ace732d3225a7ea9e0c27b8a22ddae9dfbf2b22c0,17,3,nodeGroup=system-worker,dra-node-labeler,data/aicr-mirror-artifacts/lke-training/source-package-oci.yaml,data/aicr-mirror-artifacts/lke-training/literal-config-oci.yaml,runs/aicr-mirror-artifacts/lke-training/source-package-receipt.yaml,runs/aicr-mirror-artifacts/lke-training/literal-config-receipt.yaml
ocp,aicr-ocp-v1-0-0-argocd,v1.0.0,ocp,14,64,oci://europe-west1-docker.pkg.dev/nth-fort-499605-q5/helm-expt/aicr-ocp/aicr-bundle:1.0.0,sha256:edb6527a35c2757363deebda2a377e54f6b4756b5aad0189a6ff07641b9ef4b2,176673,oci://europe-west1-docker.pkg.dev/nth-fort-499605-q5/helm-expt/bundles/catalog-aicr-ocp-v1-0-0-argocd:v1.0.0,sha256:7adbbdf251dfc6357cae8e39c50bfa7f9cf1d7a2a546ea96a43c536b62de8d41,18,2,,cert-manager dra-node-labeler gpu-operator k8s-ephemeral-storage-metrics kai-scheduler kube-prometheus-stack nfd nodewright-operator nvidia-dra-driver-gpu nvsentinel prometheus-adapter prometheus-operator-crds,data/aicr-mirror-artifacts/ocp/source-package-oci.yaml,data/aicr-mirror-artifacts/ocp/literal-config-oci.yaml,runs/aicr-mirror-artifacts/ocp/source-package-receipt.yaml,runs/aicr-mirror-artifacts/ocp/literal-config-receipt.yaml
ocp-inference,aicr-ocp-inference-v1-0-0-argocd,v1.0.0,ocp-inference,14,64,oci://europe-west1-docker.pkg.dev/nth-fort-499605-q5/helm-expt/aicr-ocp-inference/aicr-bundle:1.0.0,sha256:a806e1b33a89fa7f8cebc14953c0d2f6b25d846896b9d108c597714d9ef5e072,176673,oci://europe-west1-docker.pkg.dev/nth-fort-499605-q5/helm-expt/bundles/catalog-aicr-ocp-inference-v1-0-0-argocd:v1.0.0,sha256:3174d88f1b538d6b99473c8053c89a65034a53ec8ba438e5458d61f4703b6651,18,2,,cert-manager dra-node-labeler gpu-operator k8s-ephemeral-storage-metrics kai-scheduler kube-prometheus-stack nfd nodewright-operator nvidia-dra-driver-gpu nvsentinel prometheus-adapter prometheus-operator-crds,data/aicr-mirror-artifacts/ocp-inference/source-package-oci.yaml,data/aicr-mirror-artifacts/ocp-inference/literal-config-oci.yaml,runs/aicr-mirror-artifacts/ocp-inference/source-package-receipt.yaml,runs/aicr-mirror-artifacts/ocp-inference/literal-config-receipt.yaml
ocp-inference-nim,aicr-ocp-inference-nim-v1-0-0-argocd,v1.0.0,ocp-inference-nim,16,71,oci://europe-west1-docker.pkg.dev/nth-fort-499605-q5/helm-expt/aicr-ocp-inference-nim/aicr-bundle:1.0.0,sha256:cf6e2e4b5f58db65d6f903ddff2a2479ed8bc347a97ae4e7a0bd879e70799b1a,196646,oci://europe-west1-docker.pkg.dev/nth-fort-499605-q5/helm-expt/bundles/catalog-aicr-ocp-inference-nim-v1-0-0-argocd:v1.0.0,sha256:6fa9624bc16700fb1ad1251d1fac629595287960c01e35a9d1e3fd7fb6c85ec8,20,2,,cert-manager dra-node-labeler gpu-operator k8s-ephemeral-storage-metrics kai-scheduler kube-prometheus-stack nfd nodewright-operator nvidia-dra-driver-gpu nvsentinel prometheus-adapter prometheus-operator-crds,data/aicr-mirror-artifacts/ocp-inference-nim/source-package-oci.yaml,data/aicr-mirror-artifacts/ocp-inference-nim/literal-config-oci.yaml,runs/aicr-mirror-artifacts/ocp-inference-nim/source-package-receipt.yaml,runs/aicr-mirror-artifacts/ocp-inference-nim/literal-config-receipt.yaml
ocp-training,aicr-ocp-training-v1-0-0-argocd,v1.0.0,ocp-training,14,64,oci://europe-west1-docker.pkg.dev/nth-fort-499605-q5/helm-expt/aicr-ocp-training/aicr-bundle:1.0.0,sha256:3bf9b14a96502af769ea1607dc09f2eb648bf054c31d3469bf7ca99be213decd,176673,oci://europe-west1-docker.pkg.dev/nth-fort-499605-q5/helm-expt/bundles/catalog-aicr-ocp-training-v1-0-0-argocd:v1.0.0,sha256:8d1da230bfac586506fa608e92b0a0968f9551b14eb36aad305eb3c7288295e6,18,2,,cert-manager dra-node-labeler gpu-operator k8s-ephemeral-storage-metrics kai-scheduler kube-prometheus-stack nfd nodewright-operator nvidia-dra-driver-gpu nvsentinel prometheus-adapter prometheus-operator-crds,data/aicr-mirror-artifacts/ocp-training/source-package-oci.yaml,data/aicr-mirror-artifacts/ocp-training/literal-config-oci.yaml,runs/aicr-mirror-artifacts/ocp-training/source-package-receipt.yaml,runs/aicr-mirror-artifacts/ocp-training/literal-config-receipt.yaml
oke-ol,aicr-oke-ol-v1-0-0-argocd,v1.0.0,oke-ol,12,43,oci://europe-west1-docker.pkg.dev/nth-fort-499605-q5/helm-expt/aicr-oke-ol/aicr-bundle:1.0.0,sha256:ad831e45abf2cc037f36845e2ca6f81c76e2bce2e09ab19429c90e2d03a05cce,197670,oci://europe-west1-docker.pkg.dev/nth-fort-499605-q5/helm-expt/bundles/catalog-aicr-oke-ol-v1-0-0-argocd:v1.0.0,sha256:ca09fba65dc6cb11271db4c39cf382b7b38134f4ec6bed3f6656ab330544433e,17,3,nodeGroup=system-worker,dra-node-labeler,data/aicr-mirror-artifacts/oke-ol/source-package-oci.yaml,data/aicr-mirror-artifacts/oke-ol/literal-config-oci.yaml,runs/aicr-mirror-artifacts/oke-ol/source-package-receipt.yaml,runs/aicr-mirror-artifacts/oke-ol/literal-config-receipt.yaml
oke-ol-inference,aicr-oke-ol-inference-v1-0-0-argocd,v1.0.0,oke-ol-inference,16,58,oci://europe-west1-docker.pkg.dev/nth-fort-499605-q5/helm-expt/aicr-oke-ol-inference/aicr-bundle:1.0.0,sha256:1e482fe2fe81dbfe490335b14b728b4e192272bafffdb8d0e653c8e2341c3848,913496,oci://europe-west1-docker.pkg.dev/nth-fort-499605-q5/helm-expt/bundles/catalog-aicr-oke-ol-inference-v1-0-0-argocd:v1.0.0,sha256:23f62b3fab5c561ffdbb34014352e416f06bdb28574b2482a972dff502b215da,21,3,nodeGroup=system-worker,dra-node-labeler,data/aicr-mirror-artifacts/oke-ol-inference/source-package-oci.yaml,data/aicr-mirror-artifacts/oke-ol-inference/literal-config-oci.yaml,runs/aicr-mirror-artifacts/oke-ol-inference/source-package-receipt.yaml,runs/aicr-mirror-artifacts/oke-ol-inference/literal-config-receipt.yaml
oke-ol-training,aicr-oke-ol-training-v1-0-0-argocd,v1.0.0,oke-ol-training,12,43,oci://europe-west1-docker.pkg.dev/nth-fort-499605-q5/helm-expt/aicr-oke-ol-training/aicr-bundle:1.0.0,sha256:ab0aa9f3ebc8f6090f9cf457e33c2ced82406db5cbecf2e27a3fafa2d542f795,197670,oci://europe-west1-docker.pkg.dev/nth-fort-499605-q5/helm-expt/bundles/catalog-aicr-oke-ol-training-v1-0-0-argocd:v1.0.0,sha256:51e6beeeee4ac7bdd26fab6472c116c7fa0fbd58d3307a73d47c6cfdd041d896,17,3,nodeGroup=system-worker,dra-node-labeler,data/aicr-mirror-artifacts/oke-ol-training/source-package-oci.yaml,data/aicr-mirror-artifacts/oke-ol-training/literal-config-oci.yaml,runs/aicr-mirror-artifacts/oke-ol-training/source-package-receipt.yaml,runs/aicr-mirror-artifacts/oke-ol-training/literal-config-receipt.yaml
rke2,aicr-rke2-v1-0-0-argocd,v1.0.0,rke2,12,42,oci://europe-west1-docker.pkg.dev/nth-fort-499605-q5/helm-expt/aicr-rke2/aicr-bundle:1.0.0,sha256:ff0f3cc5824fe62da255a2ccad85905c89c431eb9b359a706179fcbdbcf1c2ef,187425,oci://europe-west1-docker.pkg.dev/nth-fort-499605-q5/helm-expt/bundles/catalog-aicr-rke2-v1-0-0-argocd:v1.0.0,sha256:423705616058f4511571a155f59c43d9312c406b0decb8d6bf82d94728dc44a9,17,3,nodeGroup=system-worker,dra-node-labeler,data/aicr-mirror-artifacts/rke2/source-package-oci.yaml,data/aicr-mirror-artifacts/rke2/literal-config-oci.yaml,runs/aicr-mirror-artifacts/rke2/source-package-receipt.yaml,runs/aicr-mirror-artifacts/rke2/literal-config-receipt.yaml
rke2-inference,aicr-rke2-inference-v1-0-0-argocd,v1.0.0,rke2-inference,16,58,oci://europe-west1-docker.pkg.dev/nth-fort-499605-q5/helm-expt/aicr-rke2-inference/aicr-bundle:1.0.0,sha256:f2eb6c676f545ef39731614b5fffcabca95abb8c2bca914f5f8144c66ab12aba,950365,oci://europe-west1-docker.pkg.dev/nth-fort-499605-q5/helm-expt/bundles/catalog-aicr-rke2-inference-v1-0-0-argocd:v1.0.0,sha256:0ea178a3d5d7c26c61a3b866dabf517d7fc4c62f3b0f144d10dc9c0f73f30190,21,3,nodeGroup=system-worker,dra-node-labeler,data/aicr-mirror-artifacts/rke2-inference/source-package-oci.yaml,data/aicr-mirror-artifacts/rke2-inference/literal-config-oci.yaml,runs/aicr-mirror-artifacts/rke2-inference/source-package-receipt.yaml,runs/aicr-mirror-artifacts/rke2-inference/literal-config-receipt.yaml
rke2-training,aicr-rke2-training-v1-0-0-argocd,v1.0.0,rke2-training,12,42,oci://europe-west1-docker.pkg.dev/nth-fort-499605-q5/helm-expt/aicr-rke2-training/aicr-bundle:1.0.0,sha256:488df4dd089eeb6322daac0464f9398c28d7bfb6cdc78c140f05c2e34b822752,187425,oci://europe-west1-docker.pkg.dev/nth-fort-499605-q5/helm-expt/bundles/catalog-aicr-rke2-training-v1-0-0-argocd:v1.0.0,sha256:ff8080bceb0e7a00a5c08166f078dfc8a81095c85ec98a8cac277f8799fe638f,17,3,nodeGroup=system-worker,dra-node-labeler,data/aicr-mirror-artifacts/rke2-training/source-package-oci.yaml,data/aicr-mirror-artifacts/rke2-training/literal-config-oci.yaml,runs/aicr-mirror-artifacts/rke2-training/source-package-receipt.yaml,runs/aicr-mirror-artifacts/rke2-training/literal-config-receipt.yaml
rtx-pro-6000-any,aicr-rtx-pro-6000-any-v1-0-0-argocd,v1.0.0,rtx-pro-6000-any,12,42,oci://europe-west1-docker.pkg.dev/nth-fort-499605-q5/helm-expt/aicr-rtx-pro-6000-any/aicr-bundle:1.0.0,sha256:42ebd58d5288ddaa616904c1c489f807f20ead25ca799e2678c2673c1ddba722,187425,oci://europe-west1-docker.pkg.dev/nth-fort-499605-q5/helm-expt/bundles/catalog-aicr-rtx-pro-6000-any-v1-0-0-argocd:v1.0.0,sha256:ed82f793dc9d81e5c5fd3ba1008ab5de551a02c3cbde01ef95c1861c66cb4395,17,3,nodeGroup=system-worker,dra-node-labeler,data/aicr-mirror-artifacts/rtx-pro-6000-any/source-package-oci.yaml,data/aicr-mirror-artifacts/rtx-pro-6000-any/literal-config-oci.yaml,runs/aicr-mirror-artifacts/rtx-pro-6000-any/source-package-receipt.yaml,runs/aicr-mirror-artifacts/rtx-pro-6000-any/literal-config-receipt.yaml
rtx-pro-6000-eks-inference,aicr-rtx-pro-6000-eks-inference-v1-0-0-argocd,v1.0.0,rtx-pro-6000-eks-inference,19,67,oci://europe-west1-docker.pkg.dev/nth-fort-499605-q5/helm-expt/aicr-rtx-pro-6000-eks-inference/aicr-bundle:1.0.0,sha256:d81ac51f30046e65586e504c7faae26d40e4ece336f8f203ad09dbd1dfe25b43,946269,oci://europe-west1-docker.pkg.dev/nth-fort-499605-q5/helm-expt/bundles/catalog-aicr-rtx-pro-6000-eks-inference-v1-0-0-argocd:v1.0.0,sha256:6cc8871a4fccb0a78119eba9b4efab84bc4ee971ba1b033e0b2610dcb5a29206,24,3,nodeGroup=system-worker,dra-node-labeler,data/aicr-mirror-artifacts/rtx-pro-6000-eks-inference/source-package-oci.yaml,data/aicr-mirror-artifacts/rtx-pro-6000-eks-inference/literal-config-oci.yaml,runs/aicr-mirror-artifacts/rtx-pro-6000-eks-inference/source-package-receipt.yaml,runs/aicr-mirror-artifacts/rtx-pro-6000-eks-inference/literal-config-receipt.yaml
rtx-pro-6000-eks-training,aicr-rtx-pro-6000-eks-training-v1-0-0-argocd,v1.0.0,rtx-pro-6000-eks-training,15,52,oci://europe-west1-docker.pkg.dev/nth-fort-499605-q5/helm-expt/aicr-rtx-pro-6000-eks-training/aicr-bundle:1.0.0,sha256:68b345ca6faf5b3e5a6d23548cdfb71ae9db88f11ce676339d2507082502b33e,230438,oci://europe-west1-docker.pkg.dev/nth-fort-499605-q5/helm-expt/bundles/catalog-aicr-rtx-pro-6000-eks-training-v1-0-0-argocd:v1.0.0,sha256:4beaafd2fbb00998dc4459aec0ea42838b03137220eabbad5bd0f33c6ab59a0e,20,3,nodeGroup=system-worker,dra-node-labeler,data/aicr-mirror-artifacts/rtx-pro-6000-eks-training/source-package-oci.yaml,data/aicr-mirror-artifacts/rtx-pro-6000-eks-training/literal-config-oci.yaml,runs/aicr-mirror-artifacts/rtx-pro-6000-eks-training/source-package-receipt.yaml,runs/aicr-mirror-artifacts/rtx-pro-6000-eks-training/literal-config-receipt.yaml
rtx-pro-6000-eks-ubuntu-inference,aicr-rtx-pro-6000-eks-ubuntu-inference-v1-0-0-argocd,v1.0.0,rtx-pro-6000-eks-ubuntu-inference,19,67,oci://europe-west1-docker.pkg.dev/nth-fort-499605-q5/helm-expt/aicr-rtx-pro-6000-eks-ubuntu-inference/aicr-bundle:1.0.0,sha256:80ea33a3c0d80f19f2fec420327535569dd73c63f5cf678903f6911e0f7c5b1c,946269,oci://europe-west1-docker.pkg.dev/nth-fort-499605-q5/helm-expt/bundles/catalog-aicr-rtx-pro-6000-eks-ubuntu-inference-v1-0-0-argocd:v1.0.0,sha256:6d4235fc13818e1eadad3c577edee1fcb49b45ea3e1dcee8945a44e92e6e39df,24,3,nodeGroup=system-worker,dra-node-labeler,data/aicr-mirror-artifacts/rtx-pro-6000-eks-ubuntu-inference/source-package-oci.yaml,data/aicr-mirror-artifacts/rtx-pro-6000-eks-ubuntu-inference/literal-config-oci.yaml,runs/aicr-mirror-artifacts/rtx-pro-6000-eks-ubuntu-inference/source-package-receipt.yaml,runs/aicr-mirror-artifacts/rtx-pro-6000-eks-ubuntu-inference/literal-config-receipt.yaml
rtx-pro-6000-eks-ubuntu-inference-dynamo,aicr-rtx-pro-6000-eks-ubuntu-inference-dynamo-v1-0-0-argocd,v1.0.0,rtx-pro-6000-eks-ubuntu-inference-dynamo,21,73,oci://europe-west1-docker.pkg.dev/nth-fort-499605-q5/helm-expt/aicr-rtx-pro-6000-eks-ubuntu-inference-dynamo/aicr-bundle:1.0.0,sha256:f3bf7b6cb477dafc535d755105fc4c446b93f279153dd1ea2ceb7281765f49f7,968797,oci://europe-west1-docker.pkg.dev/nth-fort-499605-q5/helm-expt/bundles/catalog-aicr-rtx-pro-6000-eks-ubuntu-inference-dynamo-v1-0-0-argocd:v1.0.0,sha256:fadd191acf687af263cc83e41323ae958a6161183c7e3c3c735b2c2dc47dcd47,26,3,nodeGroup=system-worker,dra-node-labeler,data/aicr-mirror-artifacts/rtx-pro-6000-eks-ubuntu-inference-dynamo/source-package-oci.yaml,data/aicr-mirror-artifacts/rtx-pro-6000-eks-ubuntu-inference-dynamo/literal-config-oci.yaml,runs/aicr-mirror-artifacts/rtx-pro-6000-eks-ubuntu-inference-dynamo/source-package-receipt.yaml,runs/aicr-mirror-artifacts/rtx-pro-6000-eks-ubuntu-inference-dynamo/literal-config-receipt.yaml
rtx-pro-6000-eks-ubuntu-inference-nim,aicr-rtx-pro-6000-eks-ubuntu-inference-nim-v1-0-0-argocd,v1.0.0,rtx-pro-6000-eks-ubuntu-inference-nim,20,70,oci://europe-west1-docker.pkg.dev/nth-fort-499605-q5/helm-expt/aicr-rtx-pro-6000-eks-ubuntu-inference-nim/aicr-bundle:1.0.0,sha256:dfe175eace185acc8207a82ea14348aae3f7137e5c74055e01cf0f014902b6cc,958045,oci://europe-west1-docker.pkg.dev/nth-fort-499605-q5/helm-expt/bundles/catalog-aicr-rtx-pro-6000-eks-ubuntu-inference-nim-v1-0-0-argocd:v1.0.0,sha256:402081be3c9c4d242187bf5b90f8242af66602f153afcd5d679312beb6066771,25,3,nodeGroup=system-worker,dra-node-labeler,data/aicr-mirror-artifacts/rtx-pro-6000-eks-ubuntu-inference-nim/source-package-oci.yaml,data/aicr-mirror-artifacts/rtx-pro-6000-eks-ubuntu-inference-nim/literal-config-oci.yaml,runs/aicr-mirror-artifacts/rtx-pro-6000-eks-ubuntu-inference-nim/source-package-receipt.yaml,runs/aicr-mirror-artifacts/rtx-pro-6000-eks-ubuntu-inference-nim/literal-config-receipt.yaml
rtx-pro-6000-eks-ubuntu-training,aicr-rtx-pro-6000-eks-ubuntu-training-v1-0-0-argocd,v1.0.0,rtx-pro-6000-eks-ubuntu-training,15,52,oci://europe-west1-docker.pkg.dev/nth-fort-499605-q5/helm-expt/aicr-rtx-pro-6000-eks-ubuntu-training/aicr-bundle:1.0.0,sha256:23722a6a5733477e35f7e7b06c9dfa5ca4e6061021e704b6c7744d68155d03a6,230438,oci://europe-west1-docker.pkg.dev/nth-fort-499605-q5/helm-expt/bundles/catalog-aicr-rtx-pro-6000-eks-ubuntu-training-v1-0-0-argocd:v1.0.0,sha256:b2909535b4da4f34b87f94eca1193257598c0c7aca596dfa6249fc06dc1cd669,20,3,nodeGroup=system-worker,dra-node-labeler,data/aicr-mirror-artifacts/rtx-pro-6000-eks-ubuntu-training/source-package-oci.yaml,data/aicr-mirror-artifacts/rtx-pro-6000-eks-ubuntu-training/literal-config-oci.yaml,runs/aicr-mirror-artifacts/rtx-pro-6000-eks-ubuntu-training/source-package-receipt.yaml,runs/aicr-mirror-artifacts/rtx-pro-6000-eks-ubuntu-training/literal-config-receipt.yaml
rtx-pro-6000-eks-ubuntu-training-kubeflow,aicr-rtx-pro-6000-eks-ubuntu-training-kubeflow-v1-0-0-argocd,v1.0.0,rtx-pro-6000-eks-ubuntu-training-kubeflow,17,59,oci://europe-west1-docker.pkg.dev/nth-fort-499605-q5/helm-expt/aicr-rtx-pro-6000-eks-ubuntu-training-kubeflow/aicr-bundle:1.0.0,sha256:47cc7f540fd2ad96bd6f1c2a84083358cf88287fb7b12aa19ffe425c50b143a3,252966,oci://europe-west1-docker.pkg.dev/nth-fort-499605-q5/helm-expt/bundles/catalog-aicr-rtx-pro-6000-eks-ubuntu-training-kubeflow-v1-0-0-argocd:v1.0.0,sha256:f279fc257b2aca5dbc59235fc0bf0b899d10f1cb143e67f25b6fe5beeade6f05,22,3,nodeGroup=system-worker,dra-node-labeler,data/aicr-mirror-artifacts/rtx-pro-6000-eks-ubuntu-training-kubeflow/source-package-oci.yaml,data/aicr-mirror-artifacts/rtx-pro-6000-eks-ubuntu-training-kubeflow/literal-config-oci.yaml,runs/aicr-mirror-artifacts/rtx-pro-6000-eks-ubuntu-training-kubeflow/source-package-receipt.yaml,runs/aicr-mirror-artifacts/rtx-pro-6000-eks-ubuntu-training-kubeflow/literal-config-receipt.yaml
rtx-pro-6000-lke-inference,aicr-rtx-pro-6000-lke-inference-v1-0-0-argocd,v1.0.0,rtx-pro-6000-lke-inference,16,57,oci://europe-west1-docker.pkg.dev/nth-fort-499605-q5/helm-expt/aicr-rtx-pro-6000-lke-inference/aicr-bundle:1.0.0,sha256:405fcf4201d1bac59792c07bf2203c15c7634c09b7da6b7ba79d9bcfaa9476ce,903768,oci://europe-west1-docker.pkg.dev/nth-fort-499605-q5/helm-expt/bundles/catalog-aicr-rtx-pro-6000-lke-inference-v1-0-0-argocd:v1.0.0,sha256:abcd6d8bcc578065f7844005f860a5d559ca6af6fa2f3120c9f60acbbb74a45a,21,3,nodeGroup=system-worker,dra-node-labeler,data/aicr-mirror-artifacts/rtx-pro-6000-lke-inference/source-package-oci.yaml,data/aicr-mirror-artifacts/rtx-pro-6000-lke-inference/literal-config-oci.yaml,runs/aicr-mirror-artifacts/rtx-pro-6000-lke-inference/source-package-receipt.yaml,runs/aicr-mirror-artifacts/rtx-pro-6000-lke-inference/literal-config-receipt.yaml
rtx-pro-6000-lke-training,aicr-rtx-pro-6000-lke-training-v1-0-0-argocd,v1.0.0,rtx-pro-6000-lke-training,12,42,oci://europe-west1-docker.pkg.dev/nth-fort-499605-q5/helm-expt/aicr-rtx-pro-6000-lke-training/aicr-bundle:1.0.0,sha256:68dfdb2e8199aeaec0b1090cde2ee061509fe8401e9f86a22ebce8b81bd771f1,187937,oci://europe-west1-docker.pkg.dev/nth-fort-499605-q5/helm-expt/bundles/catalog-aicr-rtx-pro-6000-lke-training-v1-0-0-argocd:v1.0.0,sha256:f7a63fe57695b4f6d50fac2cbe3173d4a598cbd8bd3133b0e8c922f6263c39b6,17,3,nodeGroup=system-worker,dra-node-labeler,data/aicr-mirror-artifacts/rtx-pro-6000-lke-training/source-package-oci.yaml,data/aicr-mirror-artifacts/rtx-pro-6000-lke-training/literal-config-oci.yaml,runs/aicr-mirror-artifacts/rtx-pro-6000-lke-training/source-package-receipt.yaml,runs/aicr-mirror-artifacts/rtx-pro-6000-lke-training/literal-config-receipt.yaml
rtx-pro-6000-lke-ubuntu-inference,aicr-rtx-pro-6000-lke-ubuntu-inference-v1-0-0-argocd,v1.0.0,rtx-pro-6000-lke-ubuntu-inference,16,57,oci://europe-west1-docker.pkg.dev/nth-fort-499605-q5/helm-expt/aicr-rtx-pro-6000-lke-ubuntu-inference/aicr-bundle:1.0.0,sha256:1a563facfd069f128f4cc41de035523ab0a57ede1702ea9412fe3398d2e0fce2,903768,oci://europe-west1-docker.pkg.dev/nth-fort-499605-q5/helm-expt/bundles/catalog-aicr-rtx-pro-6000-lke-ubuntu-inference-v1-0-0-argocd:v1.0.0,sha256:7bc6cdb48927e13d70a8f3cc20daff4e91d7bcadbb69783fd22f3ac7884f19ff,21,3,nodeGroup=system-worker,dra-node-labeler,data/aicr-mirror-artifacts/rtx-pro-6000-lke-ubuntu-inference/source-package-oci.yaml,data/aicr-mirror-artifacts/rtx-pro-6000-lke-ubuntu-inference/literal-config-oci.yaml,runs/aicr-mirror-artifacts/rtx-pro-6000-lke-ubuntu-inference/source-package-receipt.yaml,runs/aicr-mirror-artifacts/rtx-pro-6000-lke-ubuntu-inference/literal-config-receipt.yaml
rtx-pro-6000-lke-ubuntu-training,aicr-rtx-pro-6000-lke-ubuntu-training-v1-0-0-argocd,v1.0.0,rtx-pro-6000-lke-ubuntu-training,12,42,oci://europe-west1-docker.pkg.dev/nth-fort-499605-q5/helm-expt/aicr-rtx-pro-6000-lke-ubuntu-training/aicr-bundle:1.0.0,sha256:9c248c8371d9136dc30660d6b181ae95f7f02c8014fcea2349f2a5ea0d075c9b,187937,oci://europe-west1-docker.pkg.dev/nth-fort-499605-q5/helm-expt/bundles/catalog-aicr-rtx-pro-6000-lke-ubuntu-training-v1-0-0-argocd:v1.0.0,sha256:0775537eb29ae9da5e533e68d458c333e7a23890b91d3e28f3672e5af4da0a35,17,3,nodeGroup=system-worker,dra-node-labeler,data/aicr-mirror-artifacts/rtx-pro-6000-lke-ubuntu-training/source-package-oci.yaml,data/aicr-mirror-artifacts/rtx-pro-6000-lke-ubuntu-training/literal-config-oci.yaml,runs/aicr-mirror-artifacts/rtx-pro-6000-lke-ubuntu-training/source-package-receipt.yaml,runs/aicr-mirror-artifacts/rtx-pro-6000-lke-ubuntu-training/literal-config-receipt.yaml
rtx-pro-6000-lke-ubuntu-training-kubeflow,aicr-rtx-pro-6000-lke-ubuntu-training-kubeflow-v1-0-0-argocd,v1.0.0,rtx-pro-6000-lke-ubuntu-training-kubeflow,14,49,oci://europe-west1-docker.pkg.dev/nth-fort-499605-q5/helm-expt/aicr-rtx-pro-6000-lke-ubuntu-training-kubeflow/aicr-bundle:1.0.0,sha256:8c98e5c98cb5129570d89d2f5a335f8466f3985a2f88863715537037d9be17eb,210982,oci://europe-west1-docker.pkg.dev/nth-fort-499605-q5/helm-expt/bundles/catalog-aicr-rtx-pro-6000-lke-ubuntu-training-kubeflow-v1-0-0-argocd:v1.0.0,sha256:6e049032249ef0c2872f535e7a78ed937ee12602bf70001dd7deeacc579f0ba1,19,3,nodeGroup=system-worker,dra-node-labeler,data/aicr-mirror-artifacts/rtx-pro-6000-lke-ubuntu-training-kubeflow/source-package-oci.yaml,data/aicr-mirror-artifacts/rtx-pro-6000-lke-ubuntu-training-kubeflow/literal-config-oci.yaml,runs/aicr-mirror-artifacts/rtx-pro-6000-lke-ubuntu-training-kubeflow/source-package-receipt.yaml,runs/aicr-mirror-artifacts/rtx-pro-6000-lke-ubuntu-training-kubeflow/literal-config-receipt.yaml
vr200-rke2-ubuntu-inference,aicr-vr200-rke2-ubuntu-inference-v1-0-0-argocd,v1.0.0,vr200-rke2-ubuntu-inference,18,66,oci://europe-west1-docker.pkg.dev/nth-fort-499605-q5/helm-expt/aicr-vr200-rke2-ubuntu-inference/aicr-bundle:1.0.0,sha256:1f8d5e2c2266bf3b12414c5ab6d7182eaa70798fb49a099a35241f356838ba1b,989794,oci://europe-west1-docker.pkg.dev/nth-fort-499605-q5/helm-expt/bundles/catalog-aicr-vr200-rke2-ubuntu-inference-v1-0-0-argocd:v1.0.0,sha256:ea7ad92e8060a9ebaca0ca7fcfe8bb7afe61333dd20d293d1c92057fbed65e8e,23,3,nodeGroup=system-worker,dra-node-labeler,data/aicr-mirror-artifacts/vr200-rke2-ubuntu-inference/source-package-oci.yaml,data/aicr-mirror-artifacts/vr200-rke2-ubuntu-inference/literal-config-oci.yaml,runs/aicr-mirror-artifacts/vr200-rke2-ubuntu-inference/source-package-receipt.yaml,runs/aicr-mirror-artifacts/vr200-rke2-ubuntu-inference/literal-config-receipt.yaml
vr200-rke2-ubuntu-inference-dynamo,aicr-vr200-rke2-ubuntu-inference-dynamo-v1-0-0-argocd,v1.0.0,vr200-rke2-ubuntu-inference-dynamo,20,72,oci://europe-west1-docker.pkg.dev/nth-fort-499605-q5/helm-expt/aicr-vr200-rke2-ubuntu-inference-dynamo/aicr-bundle:1.0.0,sha256:392eee227abec725b051ea306276d465727cf3cd39d8c659d441fd4d538f7ea2,1011298,oci://europe-west1-docker.pkg.dev/nth-fort-499605-q5/helm-expt/bundles/catalog-aicr-vr200-rke2-ubuntu-inference-dynamo-v1-0-0-argocd:v1.0.0,sha256:9710785ba4033139dde6977264f6088dc7e4eb46f342c1ba8be6747ea026dcac,25,3,nodeGroup=system-worker,dra-node-labeler,data/aicr-mirror-artifacts/vr200-rke2-ubuntu-inference-dynamo/source-package-oci.yaml,data/aicr-mirror-artifacts/vr200-rke2-ubuntu-inference-dynamo/literal-config-oci.yaml,runs/aicr-mirror-artifacts/vr200-rke2-ubuntu-inference-dynamo/source-package-receipt.yaml,runs/aicr-mirror-artifacts/vr200-rke2-ubuntu-inference-dynamo/literal-config-receipt.yaml
vr200-rke2-ubuntu-training,aicr-vr200-rke2-ubuntu-training-v1-0-0-argocd,v1.0.0,vr200-rke2-ubuntu-training,14,50,oci://europe-west1-docker.pkg.dev/nth-fort-499605-q5/helm-expt/aicr-vr200-rke2-ubuntu-training/aicr-bundle:1.0.0,sha256:e2846eb0069e53cb59f4d4048d410e6bda8aaba82f2dab1bafc5e9c5cf4a9246,226854,oci://europe-west1-docker.pkg.dev/nth-fort-499605-q5/helm-expt/bundles/catalog-aicr-vr200-rke2-ubuntu-training-v1-0-0-argocd:v1.0.0,sha256:d457dfdf9e7a4e5f08136ffd0c06e26b5b2131982561f00a2fcc1081046eee0d,19,3,nodeGroup=system-worker,dra-node-labeler,data/aicr-mirror-artifacts/vr200-rke2-ubuntu-training/source-package-oci.yaml,data/aicr-mirror-artifacts/vr200-rke2-ubuntu-training/literal-config-oci.yaml,runs/aicr-mirror-artifacts/vr200-rke2-ubuntu-training/source-package-receipt.yaml,runs/aicr-mirror-artifacts/vr200-rke2-ubuntu-training/literal-config-receipt.yaml
vr200-rke2-ubuntu-training-kubeflow,aicr-vr200-rke2-ubuntu-training-kubeflow-v1-0-0-argocd,v1.0.0,vr200-rke2-ubuntu-training-kubeflow,16,57,oci://europe-west1-docker.pkg.dev/nth-fort-499605-q5/helm-expt/aicr-vr200-rke2-ubuntu-training-kubeflow/aicr-bundle:1.0.0,sha256:5425b74b116cf4084c1503dd748f0d92825c65a15555d756c579732b18f389c7,249382,oci://europe-west1-docker.pkg.dev/nth-fort-499605-q5/helm-expt/bundles/catalog-aicr-vr200-rke2-ubuntu-training-kubeflow-v1-0-0-argocd:v1.0.0,sha256:72847f280cde5cfbca506dab2050710c9aad4f974e6d14e3c889219eea867ca0,21,3,nodeGroup=system-worker,dra-node-labeler,data/aicr-mirror-artifacts/vr200-rke2-ubuntu-training-kubeflow/source-package-oci.yaml,data/aicr-mirror-artifacts/vr200-rke2-ubuntu-training-kubeflow/literal-config-oci.yaml,runs/aicr-mirror-artifacts/vr200-rke2-ubuntu-training-kubeflow/source-package-receipt.yaml,runs/aicr-mirror-artifacts/vr200-rke2-ubuntu-training-kubeflow/literal-config-receipt.yaml
