"persona","run_id","category","format","goal_code","goal","start_url","outcome","clicks","elapsed_ms","start_complete","start_matched_groups","first_click_accurate","matched_groups","total_groups","actionable","next_action_clear","disposition","evidence_url","evidence_title","evidence_excerpt","path"
"developer","developer-001","comprehension","mixed","D-C1","understand what this site does","https://confighub.github.io/helm-expt/site/index.html","success","0","106","yes","2","no","2","2","yes","yes","continue","https://confighub.github.io/helm-expt/site/index.html","Config Workshop · Understand and test your configuration","ion Config Workshop AN EXPERIMENTAL TEST SITE FOR CONFIG TOOLS Guides Catalog Check my config Promote my config Deployment Docs ConfigHub Helm first · AICR, OCI and YAML also supported See What Your Configuration Will Do See th","https://confighub.github.io/helm-expt/site/index.html"
"developer","developer-002","comprehension","mixed","D-C1","understand what this site does","https://confighub.github.io/helm-expt/site/guides.html","success","0","66","yes","2","no","2","2","yes","yes","continue","https://confighub.github.io/helm-expt/site/guides.html","Guides · Config Workshop","hop Config Workshop AN EXPERIMENTAL TEST SITE FOR CONFIG TOOLS Guides Catalog Check my config Promote my config Deployment Docs ConfigHub Learn this by doing it Three guides, shortest first. Each one runs real commands against","https://confighub.github.io/helm-expt/site/guides.html"
"developer","developer-003","comprehension","mixed","D-C1","understand what this site does","https://confighub.github.io/helm-expt/site/ask.html","success","0","70","yes","2","no","2","2","yes","yes","continue","https://confighub.github.io/helm-expt/site/ask.html","Check my config · Config Workshop","hop Config Workshop AN EXPERIMENTAL TEST SITE FOR CONFIG TOOLS Guides Catalog Check my config Promote my config Deployment Docs ConfigHub Check your configuration &ldquo;Here is the chart and values my AI produced. Compare them","https://confighub.github.io/helm-expt/site/ask.html"
"developer","developer-004","comprehension","mixed","D-C1","understand what this site does","https://confighub.github.io/helm-expt/site/charts/index.html","success","0","71","yes","2","no","2","2","yes","yes","continue","https://confighub.github.io/helm-expt/site/charts/index.html","Component Catalog · Config Workshop","Component Catalog · Config Workshop Config Workshop AN EXPERIMENTAL TEST SITE FOR CONFIG TOOLS Guides Catalog Check my config Promote my config Deployment Docs ConfigH","https://confighub.github.io/helm-expt/site/charts/index.html"
"developer","developer-005","comprehension","mixed","D-C1","understand what this site does","https://confighub.github.io/helm-expt/site/try.html","success","0","66","yes","2","no","2","2","yes","yes","continue","https://confighub.github.io/helm-expt/site/try.html","Try Redis · Config Workshop","hop Config Workshop AN EXPERIMENTAL TEST SITE FOR CONFIG TOOLS Guides Catalog Check my config Promote my config Deployment Docs ConfigHub Try a simple example: Redis Runs on your laptop Render one reviewed Redis configuration a","https://confighub.github.io/helm-expt/site/try.html"
"developer","developer-006","comprehension","mixed","D-C1","understand what this site does","https://confighub.github.io/helm-expt/site/testing.html","success","0","66","yes","2","no","2","2","yes","yes","continue","https://confighub.github.io/helm-expt/site/testing.html","Worked Examples · Config Workshop","hop Config Workshop AN EXPERIMENTAL TEST SITE FOR CONFIG TOOLS Guides Catalog Check my config Promote my config Deployment Docs ConfigHub Choose a worked example Runs on your laptop Choose the kind of configuration you have, th","https://confighub.github.io/helm-expt/site/testing.html"
"developer","developer-007","comprehension","mixed","D-C1","understand what this site does","https://confighub.github.io/helm-expt/site/how-it-works.html","success","0","69","yes","2","no","2","2","yes","yes","continue","https://confighub.github.io/helm-expt/site/how-it-works.html","Choose How To Deploy It · Config Workshop","hop Config Workshop AN EXPERIMENTAL TEST SITE FOR CONFIG TOOLS Guides Catalog Check my config Promote my config Deployment Docs ConfigHub Choose how to deploy it Come here after you have inspected the Kubernetes objects. They m","https://confighub.github.io/helm-expt/site/how-it-works.html"
"developer","developer-008","comprehension","mixed","D-C1","understand what this site does","https://confighub.github.io/helm-expt/site/docs.html","success","0","65","yes","2","no","2","2","yes","yes","continue","https://confighub.github.io/helm-expt/site/docs.html","Docs · Config Workshop","hop Config Workshop AN EXPERIMENTAL TEST SITE FOR CONFIG TOOLS Guides Catalog Check my config Promote my config Deployment Docs ConfigHub Find instructions for the step you are doing Choose the question closest to your current","https://confighub.github.io/helm-expt/site/docs.html"
"developer","developer-009","comprehension","mixed","D-C1","understand what this site does","https://confighub.github.io/helm-expt/site/confighub.html","success","0","19","yes","2","no","2","2","yes","yes","continue","https://confighub.github.io/helm-expt/site/confighub.html","Use ConfigHub · Config Workshop","hop Config Workshop AN EXPERIMENTAL TEST SITE FOR CONFIG TOOLS Guides Catalog Check my config Promote my config Deployment Docs ConfigHub Keep This Reviewed Configuration in ConfigHub Needs a ConfigHub account Save the exact Ku","https://confighub.github.io/helm-expt/site/confighub.html"
"developer","developer-010","comprehension","mixed","D-C2","understand Catalog versus my own case","https://confighub.github.io/helm-expt/site/index.html","success","0","19","yes","2","no","2","2","yes","yes","continue","https://confighub.github.io/helm-expt/site/index.html","Config Workshop · Understand and test your configuration","ion Config Workshop AN EXPERIMENTAL TEST SITE FOR CONFIG TOOLS Guides Catalog Check my config Promote my config Deployment Docs ConfigHub Helm first · AICR, OCI and YAML also supported See What Your Configuration Will Do See th","https://confighub.github.io/helm-expt/site/index.html"
"developer","developer-011","comprehension","mixed","D-C2","understand Catalog versus my own case","https://confighub.github.io/helm-expt/site/guides.html","success","3","158","no","1","no","2","2","yes","yes","continue","https://confighub.github.io/helm-expt/site/ask.html","Check my config · Config Workshop","hop Config Workshop AN EXPERIMENTAL TEST SITE FOR CONFIG TOOLS Guides Catalog Check my config Promote my config Deployment Docs ConfigHub Check your configuration &ldquo;Here is the chart and values my AI produced. Compare them","https://confighub.github.io/helm-expt/site/guides.html -> https://confighub.github.io/helm-expt/site/charts/index.html -> https://confighub.github.io/helm-expt/site/d/docs/reference/how-the-catalog-is-built.html -> https://confighub.github.io/helm-expt/site/ask.html"
"developer","developer-012","comprehension","mixed","D-C2","understand Catalog versus my own case","https://confighub.github.io/helm-expt/site/ask.html","success","0","21","yes","2","no","2","2","yes","yes","continue","https://confighub.github.io/helm-expt/site/ask.html","Check my config · Config Workshop","hop Config Workshop AN EXPERIMENTAL TEST SITE FOR CONFIG TOOLS Guides Catalog Check my config Promote my config Deployment Docs ConfigHub Check your configuration &ldquo;Here is the chart and values my AI produced. Compare them","https://confighub.github.io/helm-expt/site/ask.html"
"developer","developer-013","comprehension","mixed","D-C2","understand Catalog versus my own case","https://confighub.github.io/helm-expt/site/charts/index.html","success","2","157","no","1","no","2","2","yes","yes","continue","https://confighub.github.io/helm-expt/site/ask.html","Check my config · Config Workshop","hop Config Workshop AN EXPERIMENTAL TEST SITE FOR CONFIG TOOLS Guides Catalog Check my config Promote my config Deployment Docs ConfigHub Check your configuration &ldquo;Here is the chart and values my AI produced. Compare them","https://confighub.github.io/helm-expt/site/charts/index.html -> https://confighub.github.io/helm-expt/site/d/docs/reference/how-the-catalog-is-built.html -> https://confighub.github.io/helm-expt/site/ask.html"
"developer","developer-014","comprehension","mixed","D-C2","understand Catalog versus my own case","https://confighub.github.io/helm-expt/site/try.html","success","0","19","yes","2","no","2","2","yes","yes","continue","https://confighub.github.io/helm-expt/site/try.html","Try Redis · Config Workshop","hop Config Workshop AN EXPERIMENTAL TEST SITE FOR CONFIG TOOLS Guides Catalog Check my config Promote my config Deployment Docs ConfigHub Try a simple example: Redis Runs on your laptop Render one reviewed Redis configuration a","https://confighub.github.io/helm-expt/site/try.html"
"developer","developer-015","comprehension","mixed","D-C2","understand Catalog versus my own case","https://confighub.github.io/helm-expt/site/testing.html","success","4","100","no","1","no","2","2","yes","yes","continue","https://confighub.github.io/helm-expt/site/ask.html","Check my config · Config Workshop","hop Config Workshop AN EXPERIMENTAL TEST SITE FOR CONFIG TOOLS Guides Catalog Check my config Promote my config Deployment Docs ConfigHub Check your configuration &ldquo;Here is the chart and values my AI produced. Compare them","https://confighub.github.io/helm-expt/site/testing.html -> https://confighub.github.io/helm-expt/site/d/data/helm-catalog-readmes/spaces/byo-nginx-ai-values-24-0-2-reviewed/README.html -> https://confighub.github.io/helm-expt/site/charts/index.html -> https://confighub.github.io/helm-expt/site/d/docs/reference/how-the-catalog-is-built.html -> https://confighub.github.io/helm-expt/site/ask.html"
"developer","developer-016","comprehension","mixed","D-C2","understand Catalog versus my own case","https://confighub.github.io/helm-expt/site/how-it-works.html","success","3","83","no","1","no","2","2","yes","yes","continue","https://confighub.github.io/helm-expt/site/ask.html","Check my config · Config Workshop","hop Config Workshop AN EXPERIMENTAL TEST SITE FOR CONFIG TOOLS Guides Catalog Check my config Promote my config Deployment Docs ConfigHub Check your configuration &ldquo;Here is the chart and values my AI produced. Compare them","https://confighub.github.io/helm-expt/site/how-it-works.html -> https://confighub.github.io/helm-expt/site/charts/index.html -> https://confighub.github.io/helm-expt/site/d/docs/reference/how-the-catalog-is-built.html -> https://confighub.github.io/helm-expt/site/ask.html"
"developer","developer-017","comprehension","mixed","D-C2","understand Catalog versus my own case","https://confighub.github.io/helm-expt/site/docs.html","success","3","79","no","1","no","2","2","yes","yes","continue","https://confighub.github.io/helm-expt/site/ask.html","Check my config · Config Workshop","hop Config Workshop AN EXPERIMENTAL TEST SITE FOR CONFIG TOOLS Guides Catalog Check my config Promote my config Deployment Docs ConfigHub Check your configuration &ldquo;Here is the chart and values my AI produced. Compare them","https://confighub.github.io/helm-expt/site/docs.html -> https://confighub.github.io/helm-expt/site/charts/index.html -> https://confighub.github.io/helm-expt/site/d/docs/reference/how-the-catalog-is-built.html -> https://confighub.github.io/helm-expt/site/ask.html"
"developer","developer-018","comprehension","mixed","D-C2","understand Catalog versus my own case","https://confighub.github.io/helm-expt/site/confighub.html","success","3","87","no","1","no","2","2","yes","yes","continue","https://confighub.github.io/helm-expt/site/ask.html","Check my config · Config Workshop","hop Config Workshop AN EXPERIMENTAL TEST SITE FOR CONFIG TOOLS Guides Catalog Check my config Promote my config Deployment Docs ConfigHub Check your configuration &ldquo;Here is the chart and values my AI produced. Compare them","https://confighub.github.io/helm-expt/site/confighub.html -> https://confighub.github.io/helm-expt/site/charts/index.html -> https://confighub.github.io/helm-expt/site/d/docs/reference/how-the-catalog-is-built.html -> https://confighub.github.io/helm-expt/site/ask.html"
"developer","developer-019","comprehension","Helm","D-C3","understand cub installer","https://confighub.github.io/helm-expt/site/index.html","success","0","20","yes","3","no","3","3","yes","yes","continue","https://confighub.github.io/helm-expt/site/index.html","Config Workshop · Understand and test your configuration","ations Try Redis catalog package → files + OCI · no cluster touched $ cub installer setup \ --pull oci://europe-west1-docker.pkg.dev/nth-fort-499605-q5/helm-expt/bitnami-redis:25.5.3 \ --base reuse-existing-secret \ --namespace redis","https://confighub.github.io/helm-expt/site/index.html"
"developer","developer-020","comprehension","Helm","D-C3","understand cub installer","https://confighub.github.io/helm-expt/site/guides.html","success","1","42","no","1","yes","3","3","yes","yes","continue","https://confighub.github.io/helm-expt/site/try.html","Try Redis · Config Workshop","H=""$HOME/.confighub/bin:$PATH"" cub plugin install confighub/installer cub installer version kustomize version The plugin release contains the program for your operating system. You do not need Go. If cub is already installed, run cub","https://confighub.github.io/helm-expt/site/guides.html -> https://confighub.github.io/helm-expt/site/try.html"
"developer","developer-021","comprehension","Helm","D-C3","understand cub installer","https://confighub.github.io/helm-expt/site/ask.html","success","2","61","no","1","no","3","3","yes","yes","continue","https://confighub.github.io/helm-expt/site/try.html#install-cub","Try Redis · Config Workshop","H=""$HOME/.confighub/bin:$PATH"" cub plugin install confighub/installer cub installer version kustomize version The plugin release contains the program for your operating system. You do not need Go. If cub is already installed, run cub","https://confighub.github.io/helm-expt/site/ask.html -> https://confighub.github.io/helm-expt/site/ask.html#ignored-values -> https://confighub.github.io/helm-expt/site/try.html#install-cub"
"developer","developer-022","comprehension","Helm","D-C3","understand cub installer","https://confighub.github.io/helm-expt/site/charts/index.html","success","3","172","no","1","yes","3","3","yes","yes","continue","https://confighub.github.io/helm-expt/site/try.html#install-cub","Try Redis · Config Workshop","H=""$HOME/.confighub/bin:$PATH"" cub plugin install confighub/installer cub installer version kustomize version The plugin release contains the program for your operating system. You do not need Go. If cub is already installed, run cub","https://confighub.github.io/helm-expt/site/charts/index.html -> https://confighub.github.io/helm-expt/site/how-it-works.html#setting-sources -> https://confighub.github.io/helm-expt/site/d/docs/user/cub-deployment-path.html -> https://confighub.github.io/helm-expt/site/try.html#install-cub"
"developer","developer-023","comprehension","Helm","D-C3","understand cub installer","https://confighub.github.io/helm-expt/site/try.html","success","0","22","yes","3","no","3","3","yes","yes","continue","https://confighub.github.io/helm-expt/site/try.html","Try Redis · Config Workshop","H=""$HOME/.confighub/bin:$PATH"" cub plugin install confighub/installer cub installer version kustomize version The plugin release contains the program for your operating system. You do not need Go. If cub is already installed, run cub","https://confighub.github.io/helm-expt/site/try.html"
"developer","developer-024","comprehension","Helm","D-C3","understand cub installer","https://confighub.github.io/helm-expt/site/testing.html","success","0","20","yes","3","no","3","3","yes","yes","continue","https://confighub.github.io/helm-expt/site/testing.html","Worked Examples · Config Workshop","change ConfigHub data require you to sign in. What this command does. cub installer is a released, open-source plugin for the cub CLI. cub installer setup pulls a catalog package and writes its Kubernetes files locally. It does not a","https://confighub.github.io/helm-expt/site/testing.html"
"developer","developer-025","comprehension","Helm","D-C3","understand cub installer","https://confighub.github.io/helm-expt/site/how-it-works.html","success","2","58","no","2","no","3","3","yes","yes","continue","https://confighub.github.io/helm-expt/site/try.html#install-cub","Try Redis · Config Workshop","H=""$HOME/.confighub/bin:$PATH"" cub plugin install confighub/installer cub installer version kustomize version The plugin release contains the program for your operating system. You do not need Go. If cub is already installed, run cub","https://confighub.github.io/helm-expt/site/how-it-works.html -> https://confighub.github.io/helm-expt/site/d/docs/user/cub-deployment-path.html -> https://confighub.github.io/helm-expt/site/try.html#install-cub"
"developer","developer-026","comprehension","Helm","D-C3","understand cub installer","https://confighub.github.io/helm-expt/site/docs.html","success","1","35","no","1","yes","3","3","yes","yes","continue","https://confighub.github.io/helm-expt/site/d/docs/user/helm-presets-and-values.html","Helm Chart Presets And Values · Config Workshop","Installer package OCI ref The public package address users pull with cub installer setup --pull oci://... . Package base The generated package users can inspect and try. Evidence lanes The checks, receipts, scans, and live observati","https://confighub.github.io/helm-expt/site/docs.html -> https://confighub.github.io/helm-expt/site/d/docs/user/helm-presets-and-values.html"
"developer","developer-027","comprehension","Helm","D-C3","understand cub installer","https://confighub.github.io/helm-expt/site/confighub.html","success","1","41","no","1","yes","3","3","yes","yes","continue","https://confighub.github.io/helm-expt/site/try.html#install-cub","Try Redis · Config Workshop","H=""$HOME/.confighub/bin:$PATH"" cub plugin install confighub/installer cub installer version kustomize version The plugin release contains the program for your operating system. You do not need Go. If cub is already installed, run cub","https://confighub.github.io/helm-expt/site/confighub.html -> https://confighub.github.io/helm-expt/site/try.html#install-cub"
"developer","developer-028","comprehension","mixed","D-C4","understand what ConfigHub adds","https://confighub.github.io/helm-expt/site/index.html","success","0","17","yes","3","no","3","3","yes","yes","continue","https://confighub.github.io/helm-expt/site/index.html","Config Workshop · Understand and test your configuration","OOLS Guides Catalog Check my config Promote my config Deployment Docs ConfigHub Helm first · AICR, OCI and YAML also supported See What Your Configuration Will Do See the exact Kubernetes objects before you deploy. Compare them w","https://confighub.github.io/helm-expt/site/index.html"
"developer","developer-029","comprehension","mixed","D-C4","understand what ConfigHub adds","https://confighub.github.io/helm-expt/site/guides.html","success","0","18","yes","3","no","3","3","yes","yes","continue","https://confighub.github.io/helm-expt/site/guides.html","Guides · Config Workshop","OOLS Guides Catalog Check my config Promote my config Deployment Docs ConfigHub Learn this by doing it Three guides, shortest first. Each one runs real commands against real packages, so you finish with output you can check rathe","https://confighub.github.io/helm-expt/site/guides.html"
"developer","developer-030","comprehension","mixed","D-C4","understand what ConfigHub adds","https://confighub.github.io/helm-expt/site/ask.html","success","0","20","yes","3","no","3","3","yes","yes","continue","https://confighub.github.io/helm-expt/site/ask.html","Check my config · Config Workshop","OOLS Guides Catalog Check my config Promote my config Deployment Docs ConfigHub Check your configuration &ldquo;Here is the chart and values my AI produced. Compare them with the chart defaults, the Catalog, and what I run now. T","https://confighub.github.io/helm-expt/site/ask.html"
"developer","developer-031","comprehension","mixed","D-C4","understand what ConfigHub adds","https://confighub.github.io/helm-expt/site/charts/index.html","success","0","29","yes","3","no","3","3","yes","yes","continue","https://confighub.github.io/helm-expt/site/charts/index.html","Component Catalog · Config Workshop","OOLS Guides Catalog Check my config Promote my config Deployment Docs ConfigHub Find a Tested Configuration Runs on your laptop Choose a tested starting configuration for a Helm component or an AI infrastructure stack. Helm is th","https://confighub.github.io/helm-expt/site/charts/index.html"
"developer","developer-032","comprehension","mixed","D-C4","understand what ConfigHub adds","https://confighub.github.io/helm-expt/site/try.html","success","0","18","yes","3","no","3","3","yes","yes","continue","https://confighub.github.io/helm-expt/site/try.html","Try Redis · Config Workshop","OOLS Guides Catalog Check my config Promote my config Deployment Docs ConfigHub Try a simple example: Redis Runs on your laptop Render one reviewed Redis configuration and inspect the 14 Kubernetes objects it creates: 13 from the","https://confighub.github.io/helm-expt/site/try.html"
"developer","developer-033","comprehension","mixed","D-C4","understand what ConfigHub adds","https://confighub.github.io/helm-expt/site/testing.html","success","0","20","yes","3","no","3","3","yes","yes","continue","https://confighub.github.io/helm-expt/site/testing.html","Worked Examples · Config Workshop","OOLS Guides Catalog Check my config Promote my config Deployment Docs ConfigHub Choose a worked example Runs on your laptop Choose the kind of configuration you have, then follow one worked example to exact Kubernetes objects and","https://confighub.github.io/helm-expt/site/testing.html"
"developer","developer-034","comprehension","mixed","D-C4","understand what ConfigHub adds","https://confighub.github.io/helm-expt/site/how-it-works.html","success","0","17","yes","3","no","3","3","yes","yes","continue","https://confighub.github.io/helm-expt/site/how-it-works.html","Choose How To Deploy It · Config Workshop","OOLS Guides Catalog Check my config Promote my config Deployment Docs ConfigHub Choose how to deploy it Come here after you have inspected the Kubernetes objects. They may have come from Helm, an AICR recipe for AI infrastructure","https://confighub.github.io/helm-expt/site/how-it-works.html"
"developer","developer-035","comprehension","mixed","D-C4","understand what ConfigHub adds","https://confighub.github.io/helm-expt/site/docs.html","success","0","18","yes","3","no","3","3","yes","yes","continue","https://confighub.github.io/helm-expt/site/docs.html","Docs · Config Workshop","OOLS Guides Catalog Check my config Promote my config Deployment Docs ConfigHub Find instructions for the step you are doing Choose the question closest to your current work. Each link opens the commands, example, or evidence you","https://confighub.github.io/helm-expt/site/docs.html"
"developer","developer-036","comprehension","mixed","D-C4","understand what ConfigHub adds","https://confighub.github.io/helm-expt/site/confighub.html","success","0","18","yes","3","no","3","3","yes","yes","continue","https://confighub.github.io/helm-expt/site/confighub.html","Use ConfigHub · Config Workshop","Use ConfigHub · Config Workshop Config Workshop AN EXPERIMENTAL TEST SITE FOR CONFIG TOOLS Guides Catalog Check my config Promote my config Deployment Docs ConfigH","https://confighub.github.io/helm-expt/site/confighub.html"
"developer","developer-037","navigation","Helm","D-N1","find a checked Redis configuration","https://confighub.github.io/helm-expt/site/index.html","success","0","18","yes","2","no","2","2","yes","yes","continue","https://confighub.github.io/helm-expt/site/index.html","Config Workshop · Understand and test your configuration","and cluster record. Check my config Search tested configurations Try Redis catalog package → files + OCI · no cluster touched $ cub installer setup \ --pull oci://europe-west1-docker.pkg.dev/nth-fort-499605-q5/helm-expt/bitn","https://confighub.github.io/helm-expt/site/index.html"
"developer","developer-038","navigation","Helm","D-N1","find a checked Redis configuration","https://confighub.github.io/helm-expt/site/guides.html","success","0","17","yes","2","no","2","2","yes","yes","continue","https://confighub.github.io/helm-expt/site/guides.html","Guides · Config Workshop","es Follow one package end to end The longest guide. It takes a single Redis configuration through pulling, inspecting, verifying, changing, and upgrading, and shows what stays the same across versions. Open the detailed walkt","https://confighub.github.io/helm-expt/site/guides.html"
"developer","developer-039","navigation","Helm","D-N1","find a checked Redis configuration","https://confighub.github.io/helm-expt/site/ask.html","success","1","46","no","1","yes","2","2","yes","yes","continue","https://confighub.github.io/helm-expt/site/charts/index.html","Component Catalog · Config Workshop","static-passwords , existing-secret 2 packaged configurations bitnami/redis Databases and messaging Successors recorded: cloudpirates/redis · valkey/valkey 27.0.0 receipt 25.5.3 receipt reuse-existing-secret Recommended confi","https://confighub.github.io/helm-expt/site/ask.html -> https://confighub.github.io/helm-expt/site/charts/index.html"
"developer","developer-040","navigation","Helm","D-N1","find a checked Redis configuration","https://confighub.github.io/helm-expt/site/charts/index.html","success","0","25","yes","2","no","2","2","yes","yes","continue","https://confighub.github.io/helm-expt/site/charts/index.html","Component Catalog · Config Workshop","static-passwords , existing-secret 2 packaged configurations bitnami/redis Databases and messaging Successors recorded: cloudpirates/redis · valkey/valkey 27.0.0 receipt 25.5.3 receipt reuse-existing-secret Recommended confi","https://confighub.github.io/helm-expt/site/charts/index.html"
"developer","developer-041","navigation","Helm","D-N1","find a checked Redis configuration","https://confighub.github.io/helm-expt/site/try.html","success","0","17","yes","2","no","2","2","yes","yes","continue","https://confighub.github.io/helm-expt/site/try.html","Try Redis · Config Workshop","Try Redis · Config Workshop Config Workshop AN EXPERIMENTAL TEST SITE FOR CONFIG TOOLS Guides Catalog Check my config Promote my config Deployment Docs ConfigH","https://confighub.github.io/helm-expt/site/try.html"
"developer","developer-042","navigation","Helm","D-N1","find a checked Redis configuration","https://confighub.github.io/helm-expt/site/testing.html","success","0","22","yes","2","no","2","2","yes","yes","continue","https://confighub.github.io/helm-expt/site/testing.html","Worked Examples · Config Workshop","ds a render alone cannot show. 1. Start with a configuration See what Redis installs, before you install it Turn the published Redis package into the exact Kubernetes files it produces. You need no account, no login, and no c","https://confighub.github.io/helm-expt/site/testing.html"
"developer","developer-043","navigation","Helm","D-N1","find a checked Redis configuration","https://confighub.github.io/helm-expt/site/how-it-works.html","success","0","21","yes","2","no","2","2","yes","yes","continue","https://confighub.github.io/helm-expt/site/how-it-works.html","Choose How To Deploy It · Config Workshop","le somewhere a controller can pull: flux push artifact oci://REGISTRY/redis-rendered:v1 --path ./redis/out/manifests --source local --revision v1 (or oras cp the local layout). kubectl kubectl apply -f ./redis/out/manifests/","https://confighub.github.io/helm-expt/site/how-it-works.html"
"developer","developer-044","navigation","Helm","D-N1","find a checked Redis configuration","https://confighub.github.io/helm-expt/site/docs.html","success","0","17","yes","2","no","2","2","yes","yes","continue","https://confighub.github.io/helm-expt/site/docs.html","Docs · Config Workshop","nfigHub. Start with a configuration Can I try one simple package? Try Redis for a short local exercise with no server, cluster, or account. Can I try one AICR configuration without a GPU? Pull and verify the seven-Application","https://confighub.github.io/helm-expt/site/docs.html"
"developer","developer-045","navigation","Helm","D-N1","find a checked Redis configuration","https://confighub.github.io/helm-expt/site/confighub.html","success","0","21","yes","2","no","2","2","yes","yes","continue","https://confighub.github.io/helm-expt/site/confighub.html","Use ConfigHub · Config Workshop","r release digest. External effects remain outside the rollback claim. Redis promotion and rollback Compare desired with live The approved desired objects and a separately dated live observation. Desired and live comparison Ro","https://confighub.github.io/helm-expt/site/confighub.html"
"developer","developer-046","navigation","Helm","D-N2","find help for AI-written Helm values","https://confighub.github.io/helm-expt/site/index.html","success","0","21","yes","3","no","3","3","yes","yes","continue","https://confighub.github.io/helm-expt/site/index.html","Config Workshop · Understand and test your configuration","ck my config Promote my config Deployment Docs ConfigHub Helm first · AICR, OCI and YAML also supported See What Your Configuration Will Do See the exact Kubernetes objects before you deploy. Compare them with a tested Cat","https://confighub.github.io/helm-expt/site/index.html"
"developer","developer-047","navigation","Helm","D-N2","find help for AI-written Helm values","https://confighub.github.io/helm-expt/site/guides.html","success","0","21","yes","3","no","3","3","yes","yes","continue","https://confighub.github.io/helm-expt/site/guides.html","Guides · Config Workshop","doing it Three guides, shortest first. Each one runs real commands against real packages, so you finish with output you can check rather than a description of what would happen. The first needs no account, no server, and","https://confighub.github.io/helm-expt/site/guides.html"
"developer","developer-048","navigation","Helm","D-N2","find help for AI-written Helm values","https://confighub.github.io/helm-expt/site/ask.html","success","0","22","yes","3","no","3","3","yes","yes","continue","https://confighub.github.io/helm-expt/site/ask.html","Check my config · Config Workshop","igHub Check your configuration &ldquo;Here is the chart and values my AI produced. Compare them with the chart defaults, the Catalog, and what I run now. Tell me what matters, then give me a reviewed result I can keep.&rdq","https://confighub.github.io/helm-expt/site/ask.html"
"developer","developer-049","navigation","Helm","D-N2","find help for AI-written Helm values","https://confighub.github.io/helm-expt/site/charts/index.html","success","0","22","yes","3","no","3","3","yes","yes","continue","https://confighub.github.io/helm-expt/site/charts/index.html","Component Catalog · Config Workshop","top Choose a tested starting configuration for a Helm component or an AI infrastructure stack. Helm is the largest section. Each chart page shows the values, rendered Kubernetes objects, required setup, checks, and known l","https://confighub.github.io/helm-expt/site/charts/index.html"
"developer","developer-050","navigation","Helm","D-N2","find help for AI-written Helm values","https://confighub.github.io/helm-expt/site/try.html","success","0","19","yes","3","no","3","3","yes","yes","continue","https://confighub.github.io/helm-expt/site/try.html","Try Redis · Config Workshop","taller cub installer version kustomize version The plugin release contains the program for your operating system. You do not need Go. If cub is already installed, run cub upgrade first. Upgrade the plugin separately with c","https://confighub.github.io/helm-expt/site/try.html"
"developer","developer-051","navigation","Helm","D-N2","find help for AI-written Helm values","https://confighub.github.io/helm-expt/site/testing.html","success","0","24","yes","3","no","3","3","yes","yes","continue","https://confighub.github.io/helm-expt/site/testing.html","Worked Examples · Config Workshop","t redis/redis-existing-secret yourself. These 14 files were checked against Helm's own output and matched. See the detailed Redis walkthrough for the recorded parity, upgrade, and rollback evidence. To keep an edit to the","https://confighub.github.io/helm-expt/site/testing.html"
"developer","developer-052","navigation","Helm","D-N2","find help for AI-written Helm values","https://confighub.github.io/helm-expt/site/how-it-works.html","success","0","19","yes","3","no","3","3","yes","yes","continue","https://confighub.github.io/helm-expt/site/how-it-works.html","Choose How To Deploy It · Config Workshop","ve inspected the Kubernetes objects. They may have come from Helm, an AICR recipe for AI infrastructure, cub installer, OCI, or plain YAML. You can stop with local files, publish them directly as OCI, or save them in Confi","https://confighub.github.io/helm-expt/site/how-it-works.html"
"developer","developer-053","navigation","Helm","D-N2","find help for AI-written Helm values","https://confighub.github.io/helm-expt/site/docs.html","success","0","19","yes","3","no","3","3","yes","yes","continue","https://confighub.github.io/helm-expt/site/docs.html","Docs · Config Workshop",", example, or evidence you need. Use these guides for commands and detailed instructions for Helm, AICR, OCI, YAML, and ConfigHub. Start with a configuration Can I try one simple package? Try Redis for a short local exerci","https://confighub.github.io/helm-expt/site/docs.html"
"developer","developer-054","navigation","Helm","D-N2","find help for AI-written Helm values","https://confighub.github.io/helm-expt/site/confighub.html","success","0","18","yes","3","no","3","3","yes","yes","continue","https://confighub.github.io/helm-expt/site/confighub.html","Use ConfigHub · Config Workshop","cluster. 2. See one exact handoff A worked NGINX example starts with AI-written Helm values. The review keeps the requested three replicas, removes six risky settings, and produces 5 Kubernetes objects. We calculate one h","https://confighub.github.io/helm-expt/site/confighub.html"
"developer","developer-055","navigation","AICR","D-N3","find the AICR starting example","https://confighub.github.io/helm-expt/site/index.html","success","0","21","yes","2","no","2","2","yes","yes","continue","https://confighub.github.io/helm-expt/site/index.html","Config Workshop · Understand and test your configuration","ck my config Promote my config Deployment Docs ConfigHub Helm first · AICR, OCI and YAML also supported See What Your Configuration Will Do See the exact Kubernetes objects before you deploy. Compare them with a tested Catal","https://confighub.github.io/helm-expt/site/index.html"
"developer","developer-056","navigation","AICR","D-N3","find the AICR starting example","https://confighub.github.io/helm-expt/site/guides.html","success","0","18","yes","2","no","2","2","yes","yes","continue","https://confighub.github.io/helm-expt/site/guides.html","Guides · Config Workshop","ork through an example like yours Start from your own Helm values, an AICR recipe for AI infrastructure, an existing OCI package, or Kubernetes YAML. Each example carries the commands and the evidence for one worked flow, in","https://confighub.github.io/helm-expt/site/guides.html"
"developer","developer-057","navigation","AICR","D-N3","find the AICR starting example","https://confighub.github.io/helm-expt/site/ask.html","success","0","19","yes","2","no","2","2","yes","yes","continue","https://confighub.github.io/helm-expt/site/ask.html","Check my config · Config Workshop","ial you are allowed to publish. Starting format Helm chart and values AICR recipe OCI package Kubernetes YAML Existing release or deployment More than one source Unknown Source reference Candidate objects Comparison objects","https://confighub.github.io/helm-expt/site/ask.html"
"developer","developer-058","navigation","AICR","D-N3","find the AICR starting example","https://confighub.github.io/helm-expt/site/charts/index.html","success","0","22","yes","2","no","2","2","yes","yes","continue","https://confighub.github.io/helm-expt/site/charts/index.html","Component Catalog · Config Workshop","AI infrastructure section starts with a CPU model and continues into AICR, NIM, and EKS. A new review adds a version instead of replacing the package you already used. If your chart, version, or question is missing, check y","https://confighub.github.io/helm-expt/site/charts/index.html"
"developer","developer-059","navigation","AICR","D-N3","find the AICR starting example","https://confighub.github.io/helm-expt/site/try.html","success","0","18","yes","2","no","2","2","yes","yes","continue","https://confighub.github.io/helm-expt/site/try.html","Try Redis · Config Workshop","ur configuration with your AI assistant . Other paths: choose a Helm, AICR, OCI, YAML, promotion, or fleet example , continue the detailed Redis walkthrough , or keep the result in ConfigHub . The first three steps use no Co","https://confighub.github.io/helm-expt/site/try.html"
"developer","developer-060","navigation","AICR","D-N3","find the AICR starting example","https://confighub.github.io/helm-expt/site/testing.html","success","0","21","yes","2","no","2","2","yes","yes","continue","https://confighub.github.io/helm-expt/site/testing.html","Worked Examples · Config Workshop","NGINX review · OCI publication · GitHub source · ConfigHub example An AICR recipe or inference stack Try one AICR configuration. Pull and verify the seven-Application CPU starter without an account, cluster, or GPU. Then com","https://confighub.github.io/helm-expt/site/testing.html"
"developer","developer-061","navigation","AICR","D-N3","find the AICR starting example","https://confighub.github.io/helm-expt/site/how-it-works.html","success","0","20","yes","2","no","2","2","yes","yes","continue","https://confighub.github.io/helm-expt/site/how-it-works.html","Choose How To Deploy It · Config Workshop","ve inspected the Kubernetes objects. They may have come from Helm, an AICR recipe for AI infrastructure, cub installer, OCI, or plain YAML. You can stop with local files, publish them directly as OCI, or save them in ConfigH","https://confighub.github.io/helm-expt/site/how-it-works.html"
"developer","developer-062","navigation","AICR","D-N3","find the AICR starting example","https://confighub.github.io/helm-expt/site/docs.html","success","0","19","yes","2","no","2","2","yes","yes","continue","https://confighub.github.io/helm-expt/site/docs.html","Docs · Config Workshop","ed. Use these guides for commands and detailed instructions for Helm, AICR, OCI, YAML, and ConfigHub. Start with a configuration Can I try one simple package? Try Redis for a short local exercise with no server, cluster, or","https://confighub.github.io/helm-expt/site/docs.html"
"developer","developer-063","navigation","AICR","D-N3","find the AICR starting example","https://confighub.github.io/helm-expt/site/confighub.html","success","1","41","no","1","yes","2","2","yes","yes","continue","https://confighub.github.io/helm-expt/site/testing.html#managed","Worked Examples · Config Workshop","NGINX review · OCI publication · GitHub source · ConfigHub example An AICR recipe or inference stack Try one AICR configuration. Pull and verify the seven-Application CPU starter without an account, cluster, or GPU. Then com","https://confighub.github.io/helm-expt/site/confighub.html -> https://confighub.github.io/helm-expt/site/testing.html#managed"
"developer","developer-064","navigation","OCI","D-N4","find an existing OCI package example","https://confighub.github.io/helm-expt/site/index.html","success","1","36","no","2","yes","2","2","yes","yes","continue","https://confighub.github.io/helm-expt/site/ask.html","Check my config · Config Workshop","page starts with rendered Kubernetes YAML. Render a chart or pull an OCI package on your machine, then check the exact objects here. Your files stay in this browser. Checking private configuration? Keep the chart, values,","https://confighub.github.io/helm-expt/site/index.html -> https://confighub.github.io/helm-expt/site/ask.html"
"developer","developer-065","navigation","OCI","D-N4","find an existing OCI package example","https://confighub.github.io/helm-expt/site/guides.html","success","0","19","yes","2","no","2","2","yes","yes","continue","https://confighub.github.io/helm-expt/site/guides.html","Guides · Config Workshop","ur own Helm values, an AICR recipe for AI infrastructure, an existing OCI package, or Kubernetes YAML. Each example carries the commands and the evidence for one worked flow, including promotions, fleet rollouts, and policy","https://confighub.github.io/helm-expt/site/guides.html"
"developer","developer-066","navigation","OCI","D-N4","find an existing OCI package example","https://confighub.github.io/helm-expt/site/ask.html","success","0","19","yes","2","no","2","2","yes","yes","continue","https://confighub.github.io/helm-expt/site/ask.html","Check my config · Config Workshop","page starts with rendered Kubernetes YAML. Render a chart or pull an OCI package on your machine, then check the exact objects here. Your files stay in this browser. Checking private configuration? Keep the chart, values,","https://confighub.github.io/helm-expt/site/ask.html"
"developer","developer-067","navigation","OCI","D-N4","find an existing OCI package example","https://confighub.github.io/helm-expt/site/charts/index.html","success","2","59","no","2","no","2","2","yes","yes","continue","https://confighub.github.io/helm-expt/site/d/data/installer-oci-packages/summary.html","Installer OCI Packages · Config Workshop","Installer OCI Packages · Config Workshop Config Workshop AN EXPERIMENTAL TEST SITE FOR CONFIG TOOLS Guides Catalog Check my config Promote my config Deployment Doc","https://confighub.github.io/helm-expt/site/charts/index.html -> https://confighub.github.io/helm-expt/site/charts/bitnami-mongodb-19-0-7.html#matrix-options -> https://confighub.github.io/helm-expt/site/d/data/installer-oci-packages/summary.html"
"developer","developer-068","navigation","OCI","D-N4","find an existing OCI package example","https://confighub.github.io/helm-expt/site/try.html","success","0","22","yes","2","no","2","2","yes","yes","continue","https://confighub.github.io/helm-expt/site/try.html","Try Redis · Config Workshop","ide a Kubernetes Secret before deployment. cub installer setup --pull oci://europe-west1-docker.pkg.dev/nth-fort-499605-q5/helm-expt/bitnami-redis:25.5.3 \ --base reuse-existing-secret \ --work-dir ./redis \ --namespace red","https://confighub.github.io/helm-expt/site/try.html"
"developer","developer-069","navigation","OCI","D-N4","find an existing OCI package example","https://confighub.github.io/helm-expt/site/testing.html","success","0","22","yes","2","no","2","2","yes","yes","continue","https://confighub.github.io/helm-expt/site/testing.html","Worked Examples · Config Workshop","en the plugin or kustomize is missing. $ cub installer setup \ --pull oci://europe-west1-docker.pkg.dev/nth-fort-499605-q5/helm-expt/bitnami-redis:25.5.3 \ --base reuse-existing-secret \ --work-dir ./redis \ --non-interacti","https://confighub.github.io/helm-expt/site/testing.html"
"developer","developer-070","navigation","OCI","D-N4","find an existing OCI package example","https://confighub.github.io/helm-expt/site/how-it-works.html","success","3","79","no","2","no","2","2","yes","yes","continue","https://confighub.github.io/helm-expt/site/d/data/installer-oci-packages/summary.html","Installer OCI Packages · Config Workshop","Installer OCI Packages · Config Workshop Config Workshop AN EXPERIMENTAL TEST SITE FOR CONFIG TOOLS Guides Catalog Check my config Promote my config Deployment Doc","https://confighub.github.io/helm-expt/site/how-it-works.html -> https://confighub.github.io/helm-expt/site/charts/index.html -> https://confighub.github.io/helm-expt/site/charts/bitnami-mongodb-19-0-7.html#matrix-options -> https://confighub.github.io/helm-expt/site/d/data/installer-oci-packages/summary.html"
"developer","developer-071","navigation","OCI","D-N4","find an existing OCI package example","https://confighub.github.io/helm-expt/site/docs.html","success","0","22","yes","2","no","2","2","yes","yes","continue","https://confighub.github.io/helm-expt/site/docs.html","Docs · Config Workshop","e these guides for commands and detailed instructions for Helm, AICR, OCI, YAML, and ConfigHub. Start with a configuration Can I try one simple package? Try Redis for a short local exercise with no server, cluster, or accou","https://confighub.github.io/helm-expt/site/docs.html"
"developer","developer-072","navigation","OCI","D-N4","find an existing OCI package example","https://confighub.github.io/helm-expt/site/confighub.html","success","0","21","yes","2","no","2","2","yes","yes","continue","https://confighub.github.io/helm-expt/site/confighub.html","Use ConfigHub · Config Workshop","quire you to sign in. 1. What ConfigHub adds Upload reviewed files or OCI. ConfigHub stores each Kubernetes object and keeps the source and review record beside it. Create a version for each environment. ConfigHub shows the","https://confighub.github.io/helm-expt/site/confighub.html"
"developer","developer-073","action","Helm","D-A1","render Redis locally without an account","https://confighub.github.io/helm-expt/site/index.html","success","0","18","yes","3","no","3","3","yes","yes","continue","https://confighub.github.io/helm-expt/site/index.html","Config Workshop · Understand and test your configuration","and cluster record. Check my config Search tested configurations Try Redis catalog package → files + OCI · no cluster touched $ cub installer setup \ --pull oci://europe-west1-docker.pkg.dev/nth-fort-499605-q5/helm-expt/bitn","https://confighub.github.io/helm-expt/site/index.html"
"developer","developer-074","action","Helm","D-A1","render Redis locally without an account","https://confighub.github.io/helm-expt/site/guides.html","success","1","39","no","3","yes","3","3","yes","yes","continue","https://confighub.github.io/helm-expt/site/redis-walkthrough.html","Detailed Redis Walkthrough · Config Workshop","Detailed Redis Walkthrough · Config Workshop Config Workshop AN EXPERIMENTAL TEST SITE FOR CONFIG TOOLS Guides Catalog Check my config Promote my config Deployment","https://confighub.github.io/helm-expt/site/guides.html -> https://confighub.github.io/helm-expt/site/redis-walkthrough.html"
"developer","developer-075","action","Helm","D-A1","render Redis locally without an account","https://confighub.github.io/helm-expt/site/ask.html","success","1","42","no","1","yes","3","3","yes","yes","continue","https://confighub.github.io/helm-expt/site/redis-walkthrough.html","Detailed Redis Walkthrough · Config Workshop","Detailed Redis Walkthrough · Config Workshop Config Workshop AN EXPERIMENTAL TEST SITE FOR CONFIG TOOLS Guides Catalog Check my config Promote my config Deployment","https://confighub.github.io/helm-expt/site/ask.html -> https://confighub.github.io/helm-expt/site/redis-walkthrough.html"
"developer","developer-076","action","Helm","D-A1","render Redis locally without an account","https://confighub.github.io/helm-expt/site/charts/index.html","success","0","23","yes","3","no","3","3","yes","yes","continue","https://confighub.github.io/helm-expt/site/charts/index.html","Component Catalog · Config Workshop","static-passwords , existing-secret 2 packaged configurations bitnami/redis Databases and messaging Successors recorded: cloudpirates/redis · valkey/valkey 27.0.0 receipt 25.5.3 receipt reuse-existing-secret Recommended confi","https://confighub.github.io/helm-expt/site/charts/index.html"
"developer","developer-077","action","Helm","D-A1","render Redis locally without an account","https://confighub.github.io/helm-expt/site/try.html","success","0","20","yes","3","no","3","3","yes","yes","continue","https://confighub.github.io/helm-expt/site/try.html","Try Redis · Config Workshop","Try Redis · Config Workshop Config Workshop AN EXPERIMENTAL TEST SITE FOR CONFIG TOOLS Guides Catalog Check my config Promote my config Deployment Docs ConfigH","https://confighub.github.io/helm-expt/site/try.html"
"developer","developer-078","action","Helm","D-A1","render Redis locally without an account","https://confighub.github.io/helm-expt/site/testing.html","success","0","20","yes","3","no","3","3","yes","yes","continue","https://confighub.github.io/helm-expt/site/testing.html","Worked Examples · Config Workshop","ds a render alone cannot show. 1. Start with a configuration See what Redis installs, before you install it Turn the published Redis package into the exact Kubernetes files it produces. You need no account, no login, and no c","https://confighub.github.io/helm-expt/site/testing.html"
"developer","developer-079","action","Helm","D-A1","render Redis locally without an account","https://confighub.github.io/helm-expt/site/how-it-works.html","success","1","39","no","2","yes","3","3","yes","yes","continue","https://confighub.github.io/helm-expt/site/charts/index.html","Component Catalog · Config Workshop","static-passwords , existing-secret 2 packaged configurations bitnami/redis Databases and messaging Successors recorded: cloudpirates/redis · valkey/valkey 27.0.0 receipt 25.5.3 receipt reuse-existing-secret Recommended confi","https://confighub.github.io/helm-expt/site/how-it-works.html -> https://confighub.github.io/helm-expt/site/charts/index.html"
"developer","developer-080","action","Helm","D-A1","render Redis locally without an account","https://confighub.github.io/helm-expt/site/docs.html","success","1","37","no","2","yes","3","3","yes","yes","continue","https://confighub.github.io/helm-expt/site/redis-walkthrough.html","Detailed Redis Walkthrough · Config Workshop","Detailed Redis Walkthrough · Config Workshop Config Workshop AN EXPERIMENTAL TEST SITE FOR CONFIG TOOLS Guides Catalog Check my config Promote my config Deployment","https://confighub.github.io/helm-expt/site/docs.html -> https://confighub.github.io/helm-expt/site/redis-walkthrough.html"
"developer","developer-081","action","Helm","D-A1","render Redis locally without an account","https://confighub.github.io/helm-expt/site/confighub.html","success","1","38","no","2","yes","3","3","yes","yes","continue","https://confighub.github.io/helm-expt/site/redis-walkthrough.html","Detailed Redis Walkthrough · Config Workshop","Detailed Redis Walkthrough · Config Workshop Config Workshop AN EXPERIMENTAL TEST SITE FOR CONFIG TOOLS Guides Catalog Check my config Promote my config Deployment","https://confighub.github.io/helm-expt/site/confighub.html -> https://confighub.github.io/helm-expt/site/redis-walkthrough.html"
"developer","developer-082","action","Helm","D-A2","build a question for my own values","https://confighub.github.io/helm-expt/site/index.html","success","0","17","yes","3","no","3","3","yes","yes","continue","https://confighub.github.io/helm-expt/site/index.html","Config Workshop · Understand and test your configuration","kage you used. Search the Catalog → 2. Check my own configuration one question Bring the chart and values your AI produced, or compare rendered YAML in your browser. Keep the result as files or OCI. Check my config → 3. Test the","https://confighub.github.io/helm-expt/site/index.html"
"developer","developer-083","action","Helm","D-A2","build a question for my own values","https://confighub.github.io/helm-expt/site/guides.html","success","2","66","no","1","yes","3","3","yes","yes","continue","https://confighub.github.io/helm-expt/site/ask.html","Check my config · Config Workshop","b data require you to sign in. 1. Check a chart and values Choose one question. We build a prompt for your AI assistant. It runs Helm locally, records the inputs, and compares the exact objects. Choose a question What will this","https://confighub.github.io/helm-expt/site/guides.html -> https://confighub.github.io/helm-expt/site/charts/index.html -> https://confighub.github.io/helm-expt/site/ask.html"
"developer","developer-084","action","Helm","D-A2","build a question for my own values","https://confighub.github.io/helm-expt/site/ask.html","success","0","18","yes","3","no","3","3","yes","yes","continue","https://confighub.github.io/helm-expt/site/ask.html","Check my config · Config Workshop","b data require you to sign in. 1. Check a chart and values Choose one question. We build a prompt for your AI assistant. It runs Helm locally, records the inputs, and compares the exact objects. Choose a question What will this","https://confighub.github.io/helm-expt/site/ask.html"
"developer","developer-085","action","Helm","D-A2","build a question for my own values","https://confighub.github.io/helm-expt/site/charts/index.html","success","1","43","no","2","yes","3","3","yes","yes","continue","https://confighub.github.io/helm-expt/site/ask.html","Check my config · Config Workshop","b data require you to sign in. 1. Check a chart and values Choose one question. We build a prompt for your AI assistant. It runs Helm locally, records the inputs, and compares the exact objects. Choose a question What will this","https://confighub.github.io/helm-expt/site/charts/index.html -> https://confighub.github.io/helm-expt/site/ask.html"
"developer","developer-086","action","Helm","D-A2","build a question for my own values","https://confighub.github.io/helm-expt/site/try.html","success","1","38","no","2","yes","3","3","yes","yes","continue","https://confighub.github.io/helm-expt/site/ask.html","Check my config · Config Workshop","b data require you to sign in. 1. Check a chart and values Choose one question. We build a prompt for your AI assistant. It runs Helm locally, records the inputs, and compares the exact objects. Choose a question What will this","https://confighub.github.io/helm-expt/site/try.html -> https://confighub.github.io/helm-expt/site/ask.html"
"developer","developer-087","action","Helm","D-A2","build a question for my own values","https://confighub.github.io/helm-expt/site/testing.html","success","0","22","yes","3","no","3","3","yes","yes","continue","https://confighub.github.io/helm-expt/site/testing.html","Worked Examples · Config Workshop","ion. Get inference running Choose the row that answers your immediate question. The first path runs a model on ordinary ARM64 hardware. The later paths explain larger AI platforms without claiming that their GPU workloads have r","https://confighub.github.io/helm-expt/site/testing.html"
"developer","developer-088","action","Helm","D-A2","build a question for my own values","https://confighub.github.io/helm-expt/site/how-it-works.html","success","2","59","no","2","no","3","3","yes","yes","continue","https://confighub.github.io/helm-expt/site/ask.html","Check my config · Config Workshop","b data require you to sign in. 1. Check a chart and values Choose one question. We build a prompt for your AI assistant. It runs Helm locally, records the inputs, and compares the exact objects. Choose a question What will this","https://confighub.github.io/helm-expt/site/how-it-works.html -> https://confighub.github.io/helm-expt/site/charts/index.html -> https://confighub.github.io/helm-expt/site/ask.html"
"developer","developer-089","action","Helm","D-A2","build a question for my own values","https://confighub.github.io/helm-expt/site/docs.html","success","0","18","yes","3","no","3","3","yes","yes","continue","https://confighub.github.io/helm-expt/site/docs.html","Docs · Config Workshop","ocs ConfigHub Find instructions for the step you are doing Choose the question closest to your current work. Each link opens the commands, example, or evidence you need. Use these guides for commands and detailed instructions fo","https://confighub.github.io/helm-expt/site/docs.html"
"developer","developer-090","action","Helm","D-A2","build a question for my own values","https://confighub.github.io/helm-expt/site/confighub.html","success","2","54","no","2","no","3","3","yes","yes","continue","https://confighub.github.io/helm-expt/site/ask.html","Check my config · Config Workshop","b data require you to sign in. 1. Check a chart and values Choose one question. We build a prompt for your AI assistant. It runs Helm locally, records the inputs, and compares the exact objects. Choose a question What will this","https://confighub.github.io/helm-expt/site/confighub.html -> https://confighub.github.io/helm-expt/site/charts/index.html -> https://confighub.github.io/helm-expt/site/ask.html"
"developer","developer-091","action","YAML","D-A3","inspect plain Kubernetes YAML","https://confighub.github.io/helm-expt/site/index.html","success","2","53","no","1","no","2","2","yes","yes","continue","https://confighub.github.io/helm-expt/site/testing.html#managed","Worked Examples · Config Workshop","of · GitHub source · Publication and import proof · ConfigHub example Kubernetes YAML or an existing app Check or compare the YAML in the browser. Keep the review beside the files, then follow the existing-app guide to upload four ordi","https://confighub.github.io/helm-expt/site/index.html -> https://confighub.github.io/helm-expt/site/confighub.html -> https://confighub.github.io/helm-expt/site/testing.html#managed"
"developer","developer-092","action","YAML","D-A3","inspect plain Kubernetes YAML","https://confighub.github.io/helm-expt/site/guides.html","success","0","18","yes","2","no","2","2","yes","yes","continue","https://confighub.github.io/helm-expt/site/guides.html","Guides · Config Workshop","es, an AICR recipe for AI infrastructure, an existing OCI package, or Kubernetes YAML. Each example carries the commands and the evidence for one worked flow, including promotions, fleet rollouts, and policy checks. Open Helm, AICR, OC","https://confighub.github.io/helm-expt/site/guides.html"
"developer","developer-093","action","YAML","D-A3","inspect plain Kubernetes YAML","https://confighub.github.io/helm-expt/site/ask.html","success","0","21","yes","2","no","2","2","yes","yes","continue","https://confighub.github.io/helm-expt/site/ask.html","Check my config · Config Workshop","es, new version, or unexpected result. This page starts with rendered Kubernetes YAML. Render a chart or pull an OCI package on your machine, then check the exact objects here. Your files stay in this browser. Checking private configur","https://confighub.github.io/helm-expt/site/ask.html"
"developer","developer-094","action","YAML","D-A3","inspect plain Kubernetes YAML","https://confighub.github.io/helm-expt/site/charts/index.html","success","0","22","yes","2","no","2","2","yes","yes","continue","https://confighub.github.io/helm-expt/site/charts/index.html","Component Catalog · Config Workshop","published package versions Start here Status Check first Flattens as plain YAML? Packaged configurations by version aqua/trivy-operator Security and secrets 0.32.1 receipt default Available configuration. Read the chart page befo","https://confighub.github.io/helm-expt/site/charts/index.html"
"developer","developer-095","action","YAML","D-A3","inspect plain Kubernetes YAML","https://confighub.github.io/helm-expt/site/try.html","success","0","20","yes","2","no","2","2","yes","yes","continue","https://confighub.github.io/helm-expt/site/try.html","Try Redis · Config Workshop","required Secret and the checks for this configuration. Read the full Kubernetes YAML · Read the recorded inputs and requirements · Read the anonymous run result You have finished the first example You now have readable Kubernetes file","https://confighub.github.io/helm-expt/site/try.html"
"developer","developer-096","action","YAML","D-A3","inspect plain Kubernetes YAML","https://confighub.github.io/helm-expt/site/testing.html","success","0","20","yes","2","no","2","2","yes","yes","continue","https://confighub.github.io/helm-expt/site/testing.html","Worked Examples · Config Workshop","of · GitHub source · Publication and import proof · ConfigHub example Kubernetes YAML or an existing app Check or compare the YAML in the browser. Keep the review beside the files, then follow the existing-app guide to upload four ordi","https://confighub.github.io/helm-expt/site/testing.html"
"developer","developer-097","action","YAML","D-A3","inspect plain Kubernetes YAML","https://confighub.github.io/helm-expt/site/how-it-works.html","success","0","19","yes","2","no","2","2","yes","yes","continue","https://confighub.github.io/helm-expt/site/how-it-works.html","Choose How To Deploy It · Config Workshop","om Helm, an AICR recipe for AI infrastructure, cub installer, OCI, or plain YAML. You can stop with local files, publish them directly as OCI, or save them in ConfigHub and publish a reviewed release OCI later. ConfigHub stores yo","https://confighub.github.io/helm-expt/site/how-it-works.html"
"developer","developer-098","action","YAML","D-A3","inspect plain Kubernetes YAML","https://confighub.github.io/helm-expt/site/docs.html","success","0","18","yes","2","no","2","2","yes","yes","continue","https://confighub.github.io/helm-expt/site/docs.html","Docs · Config Workshop","ers your own Helm values, AICR recipes for AI infrastructure, OCI, or Kubernetes YAML. How do I check my own Helm values or a result I do not understand? Build a local prompt for the AI assistant you already use. Private charts and val","https://confighub.github.io/helm-expt/site/docs.html"
"developer","developer-099","action","YAML","D-A3","inspect plain Kubernetes YAML","https://confighub.github.io/helm-expt/site/confighub.html","success","1","46","no","1","yes","2","2","yes","yes","continue","https://confighub.github.io/helm-expt/site/testing.html#managed","Worked Examples · Config Workshop","of · GitHub source · Publication and import proof · ConfigHub example Kubernetes YAML or an existing app Check or compare the YAML in the browser. Keep the review beside the files, then follow the existing-app guide to upload four ordi","https://confighub.github.io/helm-expt/site/confighub.html -> https://confighub.github.io/helm-expt/site/testing.html#managed"
"developer","developer-100","action","OCI","D-A4","write reviewed objects as OCI","https://confighub.github.io/helm-expt/site/index.html","success","0","18","yes","3","no","3","3","yes","yes","continue","https://confighub.github.io/helm-expt/site/index.html","Config Workshop · Understand and test your configuration","config Promote my config Deployment Docs ConfigHub Helm first · AICR, OCI and YAML also supported See What Your Configuration Will Do See the exact Kubernetes objects before you deploy. Compare them with a tested Catalog co","https://confighub.github.io/helm-expt/site/index.html"
"developer","developer-101","action","OCI","D-A4","write reviewed objects as OCI","https://confighub.github.io/helm-expt/site/guides.html","success","1","35","no","3","yes","3","3","yes","yes","continue","https://confighub.github.io/helm-expt/site/testing.html","Worked Examples · Config Workshop","en the plugin or kustomize is missing. $ cub installer setup \ --pull oci://europe-west1-docker.pkg.dev/nth-fort-499605-q5/helm-expt/bitnami-redis:25.5.3 \ --base reuse-existing-secret \ --work-dir ./redis \ --non-interacti","https://confighub.github.io/helm-expt/site/guides.html -> https://confighub.github.io/helm-expt/site/testing.html"
"developer","developer-102","action","OCI","D-A4","write reviewed objects as OCI","https://confighub.github.io/helm-expt/site/ask.html","success","0","19","yes","3","no","3","3","yes","yes","continue","https://confighub.github.io/helm-expt/site/ask.html","Check my config · Config Workshop","page starts with rendered Kubernetes YAML. Render a chart or pull an OCI package on your machine, then check the exact objects here. Your files stay in this browser. Checking private configuration? Keep the chart, values,","https://confighub.github.io/helm-expt/site/ask.html"
"developer","developer-103","action","OCI","D-A4","write reviewed objects as OCI","https://confighub.github.io/helm-expt/site/charts/index.html","partial","2","61","no","3","no","3","3","no","no","bookmark","https://confighub.github.io/helm-expt/site/charts/index.html","Component Catalog · Config Workshop","model credential. ConfigHub retained the two changed Units, published OCI, Argo CD pulled the same digest, the pod became ready, and the model answered. Read the proof . Learn the AICR platform shape An anonymous pull of th","https://confighub.github.io/helm-expt/site/charts/index.html -> https://confighub.github.io/helm-expt/site/charts/argo-cd-argo-workflows-1-0-14.html#matrix-options -> https://confighub.github.io/helm-expt/site/sh/argo-cd-argo-workflows-1-0-14/controller-default-reviewed/try.sh"
"developer","developer-104","action","OCI","D-A4","write reviewed objects as OCI","https://confighub.github.io/helm-expt/site/try.html","success","0","18","yes","3","no","3","3","yes","yes","continue","https://confighub.github.io/helm-expt/site/try.html","Try Redis · Config Workshop","ide a Kubernetes Secret before deployment. cub installer setup --pull oci://europe-west1-docker.pkg.dev/nth-fort-499605-q5/helm-expt/bitnami-redis:25.5.3 \ --base reuse-existing-secret \ --work-dir ./redis \ --namespace red","https://confighub.github.io/helm-expt/site/try.html"
"developer","developer-105","action","OCI","D-A4","write reviewed objects as OCI","https://confighub.github.io/helm-expt/site/testing.html","success","0","21","yes","3","no","3","3","yes","yes","continue","https://confighub.github.io/helm-expt/site/testing.html","Worked Examples · Config Workshop","en the plugin or kustomize is missing. $ cub installer setup \ --pull oci://europe-west1-docker.pkg.dev/nth-fort-499605-q5/helm-expt/bitnami-redis:25.5.3 \ --base reuse-existing-secret \ --work-dir ./redis \ --non-interacti","https://confighub.github.io/helm-expt/site/testing.html"
"developer","developer-106","action","OCI","D-A4","write reviewed objects as OCI","https://confighub.github.io/helm-expt/site/how-it-works.html","success","0","21","yes","3","no","3","3","yes","yes","continue","https://confighub.github.io/helm-expt/site/how-it-works.html","Choose How To Deploy It · Config Workshop","come from Helm, an AICR recipe for AI infrastructure, cub installer, OCI, or plain YAML. You can stop with local files, publish them directly as OCI, or save them in ConfigHub and publish a reviewed release OCI later. Conf","https://confighub.github.io/helm-expt/site/how-it-works.html"
"developer","developer-107","action","OCI","D-A4","write reviewed objects as OCI","https://confighub.github.io/helm-expt/site/docs.html","success","1","42","no","3","yes","3","3","yes","yes","continue","https://confighub.github.io/helm-expt/site/how-it-works.html#now-deploy","Choose How To Deploy It · Config Workshop","come from Helm, an AICR recipe for AI infrastructure, cub installer, OCI, or plain YAML. You can stop with local files, publish them directly as OCI, or save them in ConfigHub and publish a reviewed release OCI later. Conf","https://confighub.github.io/helm-expt/site/docs.html -> https://confighub.github.io/helm-expt/site/how-it-works.html#now-deploy"
"developer","developer-108","action","OCI","D-A4","write reviewed objects as OCI","https://confighub.github.io/helm-expt/site/confighub.html","success","1","43","no","3","yes","3","3","yes","yes","continue","https://confighub.github.io/helm-expt/site/testing.html#managed","Worked Examples · Config Workshop","en the plugin or kustomize is missing. $ cub installer setup \ --pull oci://europe-west1-docker.pkg.dev/nth-fort-499605-q5/helm-expt/bitnami-redis:25.5.3 \ --base reuse-existing-secret \ --work-dir ./redis \ --non-interacti","https://confighub.github.io/helm-expt/site/confighub.html -> https://confighub.github.io/helm-expt/site/testing.html#managed"
"developer","developer-109","recovery","Helm","D-R1","recover when my chart is missing","https://confighub.github.io/helm-expt/site/index.html","success","1","43","no","2","yes","2","2","yes","yes","continue","https://confighub.github.io/helm-expt/site/ask.html","Check my config · Config Workshop","ic Catalog case Use this only for a public source when the Catalog is missing the case or its answer is wrong. GitHub opens with a short chart, version, and question link. Paste the copied finding or review record, remove priva","https://confighub.github.io/helm-expt/site/index.html -> https://confighub.github.io/helm-expt/site/ask.html"
"developer","developer-110","recovery","Helm","D-R1","recover when my chart is missing","https://confighub.github.io/helm-expt/site/guides.html","success","1","44","no","1","yes","2","2","yes","yes","continue","https://confighub.github.io/helm-expt/site/charts/index.html","Component Catalog · Config Workshop","re complete. Not ready yet marks a planned path that is not runnable. Chart not listed here? Any public chart still renders locally with no account: helm template rel <chart> -f your-values.yaml --include-crds . Check one question about","https://confighub.github.io/helm-expt/site/guides.html -> https://confighub.github.io/helm-expt/site/charts/index.html"
"developer","developer-111","recovery","Helm","D-R1","recover when my chart is missing","https://confighub.github.io/helm-expt/site/ask.html","success","0","22","yes","2","no","2","2","yes","yes","continue","https://confighub.github.io/helm-expt/site/ask.html","Check my config · Config Workshop","ic Catalog case Use this only for a public source when the Catalog is missing the case or its answer is wrong. GitHub opens with a short chart, version, and question link. Paste the copied finding or review record, remove priva","https://confighub.github.io/helm-expt/site/ask.html"
"developer","developer-112","recovery","Helm","D-R1","recover when my chart is missing","https://confighub.github.io/helm-expt/site/charts/index.html","success","0","24","yes","2","no","2","2","yes","yes","continue","https://confighub.github.io/helm-expt/site/charts/index.html","Component Catalog · Config Workshop","re complete. Not ready yet marks a planned path that is not runnable. Chart not listed here? Any public chart still renders locally with no account: helm template rel <chart> -f your-values.yaml --include-crds . Check one question about","https://confighub.github.io/helm-expt/site/charts/index.html"
"developer","developer-113","recovery","Helm","D-R1","recover when my chart is missing","https://confighub.github.io/helm-expt/site/try.html","success","1","43","no","2","yes","2","2","yes","yes","continue","https://confighub.github.io/helm-expt/site/charts/index.html","Component Catalog · Config Workshop","re complete. Not ready yet marks a planned path that is not runnable. Chart not listed here? Any public chart still renders locally with no account: helm template rel <chart> -f your-values.yaml --include-crds . Check one question about","https://confighub.github.io/helm-expt/site/try.html -> https://confighub.github.io/helm-expt/site/charts/index.html"
"developer","developer-114","recovery","Helm","D-R1","recover when my chart is missing","https://confighub.github.io/helm-expt/site/testing.html","success","0","21","yes","2","no","2","2","yes","yes","continue","https://confighub.github.io/helm-expt/site/testing.html","Worked Examples · Config Workshop","ed scripts stop before doing any work when the plugin or kustomize is missing. $ cub installer setup \ --pull oci://europe-west1-docker.pkg.dev/nth-fort-499605-q5/helm-expt/bitnami-redis:25.5.3 \ --base reuse-existing-secret \","https://confighub.github.io/helm-expt/site/testing.html"
"developer","developer-115","recovery","Helm","D-R1","recover when my chart is missing","https://confighub.github.io/helm-expt/site/how-it-works.html","success","1","50","no","1","yes","2","2","yes","yes","continue","https://confighub.github.io/helm-expt/site/charts/index.html","Component Catalog · Config Workshop","re complete. Not ready yet marks a planned path that is not runnable. Chart not listed here? Any public chart still renders locally with no account: helm template rel <chart> -f your-values.yaml --include-crds . Check one question about","https://confighub.github.io/helm-expt/site/how-it-works.html -> https://confighub.github.io/helm-expt/site/charts/index.html"
"developer","developer-116","recovery","Helm","D-R1","recover when my chart is missing","https://confighub.github.io/helm-expt/site/docs.html","success","1","47","no","1","yes","2","2","yes","yes","continue","https://confighub.github.io/helm-expt/site/charts/index.html","Component Catalog · Config Workshop","re complete. Not ready yet marks a planned path that is not runnable. Chart not listed here? Any public chart still renders locally with no account: helm template rel <chart> -f your-values.yaml --include-crds . Check one question about","https://confighub.github.io/helm-expt/site/docs.html -> https://confighub.github.io/helm-expt/site/charts/index.html"
"developer","developer-117","recovery","Helm","D-R1","recover when my chart is missing","https://confighub.github.io/helm-expt/site/confighub.html","success","1","44","no","1","yes","2","2","yes","yes","continue","https://confighub.github.io/helm-expt/site/charts/index.html","Component Catalog · Config Workshop","re complete. Not ready yet marks a planned path that is not runnable. Chart not listed here? Any public chart still renders locally with no account: helm template rel <chart> -f your-values.yaml --include-crds . Check one question about","https://confighub.github.io/helm-expt/site/confighub.html -> https://confighub.github.io/helm-expt/site/charts/index.html"
"developer","developer-118","recovery","Helm","D-R2","find why Helm ignored my value","https://confighub.github.io/helm-expt/site/index.html","success","0","20","yes","2","no","2","2","yes","yes","continue","https://confighub.github.io/helm-expt/site/index.html","Config Workshop · Understand and test your configuration","ons 03 I set a value. Why did the rendered object not change? If Helm ignored a setting, check first for a misspelled or wrong values path. Render with and without the value, identify the correct path, or report that the chart","https://confighub.github.io/helm-expt/site/index.html"
"developer","developer-119","recovery","Helm","D-R2","find why Helm ignored my value","https://confighub.github.io/helm-expt/site/guides.html","success","1","42","no","1","yes","2","2","yes","yes","continue","https://confighub.github.io/helm-expt/site/ask.html","Check my config · Config Workshop","ift. 5 I set a value. Why did the rendered object not change? If Helm ignored a setting, check first for a misspelled or wrong values path. Render with and without the value, identify the correct path, or report that the chart","https://confighub.github.io/helm-expt/site/guides.html -> https://confighub.github.io/helm-expt/site/ask.html"
"developer","developer-120","recovery","Helm","D-R2","find why Helm ignored my value","https://confighub.github.io/helm-expt/site/ask.html","success","0","22","yes","2","no","2","2","yes","yes","continue","https://confighub.github.io/helm-expt/site/ask.html","Check my config · Config Workshop","ift. 5 I set a value. Why did the rendered object not change? If Helm ignored a setting, check first for a misspelled or wrong values path. Render with and without the value, identify the correct path, or report that the chart","https://confighub.github.io/helm-expt/site/ask.html"
"developer","developer-121","recovery","Helm","D-R2","find why Helm ignored my value","https://confighub.github.io/helm-expt/site/charts/index.html","success","2","59","no","1","no","2","2","yes","yes","continue","https://confighub.github.io/helm-expt/site/ask.html","Check my config · Config Workshop","ift. 5 I set a value. Why did the rendered object not change? If Helm ignored a setting, check first for a misspelled or wrong values path. Render with and without the value, identify the correct path, or report that the chart","https://confighub.github.io/helm-expt/site/charts/index.html -> https://confighub.github.io/helm-expt/site/how-it-works.html#setting-sources -> https://confighub.github.io/helm-expt/site/ask.html"
"developer","developer-122","recovery","Helm","D-R2","find why Helm ignored my value","https://confighub.github.io/helm-expt/site/try.html","success","1","37","no","1","yes","2","2","yes","yes","continue","https://confighub.github.io/helm-expt/site/ask.html","Check my config · Config Workshop","ift. 5 I set a value. Why did the rendered object not change? If Helm ignored a setting, check first for a misspelled or wrong values path. Render with and without the value, identify the correct path, or report that the chart","https://confighub.github.io/helm-expt/site/try.html -> https://confighub.github.io/helm-expt/site/ask.html"
"developer","developer-123","recovery","Helm","D-R2","find why Helm ignored my value","https://confighub.github.io/helm-expt/site/testing.html","success","1","39","no","1","yes","2","2","yes","yes","continue","https://confighub.github.io/helm-expt/site/ask.html#ai-values","Check my config · Config Workshop","ift. 5 I set a value. Why did the rendered object not change? If Helm ignored a setting, check first for a misspelled or wrong values path. Render with and without the value, identify the correct path, or report that the chart","https://confighub.github.io/helm-expt/site/testing.html -> https://confighub.github.io/helm-expt/site/ask.html#ai-values"
"developer","developer-124","recovery","Helm","D-R2","find why Helm ignored my value","https://confighub.github.io/helm-expt/site/how-it-works.html","success","1","38","no","1","yes","2","2","yes","yes","continue","https://confighub.github.io/helm-expt/site/ask.html","Check my config · Config Workshop","ift. 5 I set a value. Why did the rendered object not change? If Helm ignored a setting, check first for a misspelled or wrong values path. Render with and without the value, identify the correct path, or report that the chart","https://confighub.github.io/helm-expt/site/how-it-works.html -> https://confighub.github.io/helm-expt/site/ask.html"
"developer","developer-125","recovery","Helm","D-R2","find why Helm ignored my value","https://confighub.github.io/helm-expt/site/docs.html","success","1","38","no","1","yes","2","2","yes","yes","continue","https://confighub.github.io/helm-expt/site/ask.html","Check my config · Config Workshop","ift. 5 I set a value. Why did the rendered object not change? If Helm ignored a setting, check first for a misspelled or wrong values path. Render with and without the value, identify the correct path, or report that the chart","https://confighub.github.io/helm-expt/site/docs.html -> https://confighub.github.io/helm-expt/site/ask.html"
"developer","developer-126","recovery","Helm","D-R2","find why Helm ignored my value","https://confighub.github.io/helm-expt/site/confighub.html","success","3","74","no","1","no","2","2","yes","yes","continue","https://confighub.github.io/helm-expt/site/ask.html","Check my config · Config Workshop","ift. 5 I set a value. Why did the rendered object not change? If Helm ignored a setting, check first for a misspelled or wrong values path. Render with and without the value, identify the correct path, or report that the chart","https://confighub.github.io/helm-expt/site/confighub.html -> https://confighub.github.io/helm-expt/site/d/data/byo-helm-values-review/public-and-confighub.html -> https://confighub.github.io/helm-expt/site/d/data/helm-catalog-readmes/spaces/byo-nginx-ai-values-24-0-2-reviewed/README.html -> https://confighub.github.io/helm-expt/site/ask.html"
"developer","developer-127","recovery","Helm","D-R3","keep a private configuration private","https://confighub.github.io/helm-expt/site/index.html","success","1","41","no","1","yes","3","3","yes","yes","continue","https://confighub.github.io/helm-expt/site/ask.html","Check my config · Config Workshop","eck the exact objects here. Your files stay in this browser. Checking private configuration? Keep the chart, values, and output on your machine. Do not upload private files; this page does not upload them for you. Keep secrets","https://confighub.github.io/helm-expt/site/index.html -> https://confighub.github.io/helm-expt/site/ask.html"
"developer","developer-128","recovery","Helm","D-R3","keep a private configuration private","https://confighub.github.io/helm-expt/site/guides.html","success","1","38","no","1","yes","3","3","yes","yes","continue","https://confighub.github.io/helm-expt/site/ask.html","Check my config · Config Workshop","eck the exact objects here. Your files stay in this browser. Checking private configuration? Keep the chart, values, and output on your machine. Do not upload private files; this page does not upload them for you. Keep secrets","https://confighub.github.io/helm-expt/site/guides.html -> https://confighub.github.io/helm-expt/site/ask.html"
"developer","developer-129","recovery","Helm","D-R3","keep a private configuration private","https://confighub.github.io/helm-expt/site/ask.html","success","0","20","yes","3","no","3","3","yes","yes","continue","https://confighub.github.io/helm-expt/site/ask.html","Check my config · Config Workshop","eck the exact objects here. Your files stay in this browser. Checking private configuration? Keep the chart, values, and output on your machine. Do not upload private files; this page does not upload them for you. Keep secrets","https://confighub.github.io/helm-expt/site/ask.html"
"developer","developer-130","recovery","Helm","D-R3","keep a private configuration private","https://confighub.github.io/helm-expt/site/charts/index.html","success","1","39","no","1","yes","3","3","yes","yes","continue","https://confighub.github.io/helm-expt/site/ask.html","Check my config · Config Workshop","eck the exact objects here. Your files stay in this browser. Checking private configuration? Keep the chart, values, and output on your machine. Do not upload private files; this page does not upload them for you. Keep secrets","https://confighub.github.io/helm-expt/site/charts/index.html -> https://confighub.github.io/helm-expt/site/ask.html"
"developer","developer-131","recovery","Helm","D-R3","keep a private configuration private","https://confighub.github.io/helm-expt/site/try.html","success","1","45","no","1","yes","3","3","yes","yes","continue","https://confighub.github.io/helm-expt/site/ask.html","Check my config · Config Workshop","eck the exact objects here. Your files stay in this browser. Checking private configuration? Keep the chart, values, and output on your machine. Do not upload private files; this page does not upload them for you. Keep secrets","https://confighub.github.io/helm-expt/site/try.html -> https://confighub.github.io/helm-expt/site/ask.html"
"developer","developer-132","recovery","Helm","D-R3","keep a private configuration private","https://confighub.github.io/helm-expt/site/testing.html","success","3","263","no","2","no","3","3","yes","yes","continue","https://confighub.github.io/helm-expt/site/ask.html","Check my config · Config Workshop","eck the exact objects here. Your files stay in this browser. Checking private configuration? Keep the chart, values, and output on your machine. Do not upload private files; this page does not upload them for you. Keep secrets","https://confighub.github.io/helm-expt/site/testing.html -> https://confighub.github.io/helm-expt/site/d/docs/demo/kubara/local-platform.html -> https://confighub.github.io/helm-expt/site/d/examples/kubara/local-platform/README.html -> https://confighub.github.io/helm-expt/site/ask.html"
"developer","developer-133","recovery","Helm","D-R3","keep a private configuration private","https://confighub.github.io/helm-expt/site/how-it-works.html","success","3","74","no","1","no","3","3","yes","yes","continue","https://confighub.github.io/helm-expt/site/ask.html","Check my config · Config Workshop","eck the exact objects here. Your files stay in this browser. Checking private configuration? Keep the chart, values, and output on your machine. Do not upload private files; this page does not upload them for you. Keep secrets","https://confighub.github.io/helm-expt/site/how-it-works.html -> https://confighub.github.io/helm-expt/site/d/docs/user/confighub-data-model.html -> https://confighub.github.io/helm-expt/site/d/docs/user/cub-deployment-path.html -> https://confighub.github.io/helm-expt/site/ask.html"
"developer","developer-134","recovery","Helm","D-R3","keep a private configuration private","https://confighub.github.io/helm-expt/site/docs.html","success","2","59","no","2","no","3","3","yes","yes","continue","https://confighub.github.io/helm-expt/site/ask.html","Check my config · Config Workshop","eck the exact objects here. Your files stay in this browser. Checking private configuration? Keep the chart, values, and output on your machine. Do not upload private files; this page does not upload them for you. Keep secrets","https://confighub.github.io/helm-expt/site/docs.html -> https://confighub.github.io/helm-expt/site/try-aicr.html -> https://confighub.github.io/helm-expt/site/ask.html"
"developer","developer-135","recovery","Helm","D-R3","keep a private configuration private","https://confighub.github.io/helm-expt/site/confighub.html","success","1","45","no","1","yes","3","3","yes","yes","continue","https://confighub.github.io/helm-expt/site/ask.html","Check my config · Config Workshop","eck the exact objects here. Your files stay in this browser. Checking private configuration? Keep the chart, values, and output on your machine. Do not upload private files; this page does not upload them for you. Keep secrets","https://confighub.github.io/helm-expt/site/confighub.html -> https://confighub.github.io/helm-expt/site/ask.html"
"developer","developer-136","recovery","Helm","D-R4","find what to do after a surprising render","https://confighub.github.io/helm-expt/site/index.html","success","0","18","yes","2","no","2","2","yes","yes","continue","https://confighub.github.io/helm-expt/site/index.html","Config Workshop · Understand and test your configuration","ersion. Use Check my config for your own values, a new version, or an unexpected result. If AI wrote the values, Check my config builds a local prompt for the assistant you already use. Your files stay on your machine. Both paths","https://confighub.github.io/helm-expt/site/index.html"
"developer","developer-137","recovery","Helm","D-R4","find what to do after a surprising render","https://confighub.github.io/helm-expt/site/guides.html","success","1","36","no","1","yes","2","2","yes","yes","continue","https://confighub.github.io/helm-expt/site/ask.html","Check my config · Config Workshop","documented. Use this page for your own chart, values, new version, or unexpected result. This page starts with rendered Kubernetes YAML. Render a chart or pull an OCI package on your machine, then check the exact objects here. You","https://confighub.github.io/helm-expt/site/guides.html -> https://confighub.github.io/helm-expt/site/ask.html"
"developer","developer-138","recovery","Helm","D-R4","find what to do after a surprising render","https://confighub.github.io/helm-expt/site/ask.html","success","0","22","yes","2","no","2","2","yes","yes","continue","https://confighub.github.io/helm-expt/site/ask.html","Check my config · Config Workshop","documented. Use this page for your own chart, values, new version, or unexpected result. This page starts with rendered Kubernetes YAML. Render a chart or pull an OCI package on your machine, then check the exact objects here. You","https://confighub.github.io/helm-expt/site/ask.html"
"developer","developer-139","recovery","Helm","D-R4","find what to do after a surprising render","https://confighub.github.io/helm-expt/site/charts/index.html","success","1","45","no","1","yes","2","2","yes","yes","continue","https://confighub.github.io/helm-expt/site/ask.html","Check my config · Config Workshop","documented. Use this page for your own chart, values, new version, or unexpected result. This page starts with rendered Kubernetes YAML. Render a chart or pull an OCI package on your machine, then check the exact objects here. You","https://confighub.github.io/helm-expt/site/charts/index.html -> https://confighub.github.io/helm-expt/site/ask.html"
"developer","developer-140","recovery","Helm","D-R4","find what to do after a surprising render","https://confighub.github.io/helm-expt/site/try.html","success","0","22","yes","2","no","2","2","yes","yes","continue","https://confighub.github.io/helm-expt/site/try.html","Try Redis · Config Workshop","se how to deploy the reviewed result . For your own Helm values or an unexpected result, check your configuration with your AI assistant . Other paths: choose a Helm, AICR, OCI, YAML, promotion, or fleet example , continue the det","https://confighub.github.io/helm-expt/site/try.html"
"developer","developer-141","recovery","Helm","D-R4","find what to do after a surprising render","https://confighub.github.io/helm-expt/site/testing.html","success","1","43","no","1","yes","2","2","yes","yes","continue","https://confighub.github.io/helm-expt/site/ask.html#ai-values","Check my config · Config Workshop","documented. Use this page for your own chart, values, new version, or unexpected result. This page starts with rendered Kubernetes YAML. Render a chart or pull an OCI package on your machine, then check the exact objects here. You","https://confighub.github.io/helm-expt/site/testing.html -> https://confighub.github.io/helm-expt/site/ask.html#ai-values"
"developer","developer-142","recovery","Helm","D-R4","find what to do after a surprising render","https://confighub.github.io/helm-expt/site/how-it-works.html","success","1","40","no","1","yes","2","2","yes","yes","continue","https://confighub.github.io/helm-expt/site/ask.html","Check my config · Config Workshop","documented. Use this page for your own chart, values, new version, or unexpected result. This page starts with rendered Kubernetes YAML. Render a chart or pull an OCI package on your machine, then check the exact objects here. You","https://confighub.github.io/helm-expt/site/how-it-works.html -> https://confighub.github.io/helm-expt/site/ask.html"
"developer","developer-143","recovery","Helm","D-R4","find what to do after a surprising render","https://confighub.github.io/helm-expt/site/docs.html","success","1","52","no","1","yes","2","2","yes","yes","continue","https://confighub.github.io/helm-expt/site/ask.html","Check my config · Config Workshop","documented. Use this page for your own chart, values, new version, or unexpected result. This page starts with rendered Kubernetes YAML. Render a chart or pull an OCI package on your machine, then check the exact objects here. You","https://confighub.github.io/helm-expt/site/docs.html -> https://confighub.github.io/helm-expt/site/ask.html"
"developer","developer-144","recovery","Helm","D-R4","find what to do after a surprising render","https://confighub.github.io/helm-expt/site/confighub.html","success","1","39","no","1","yes","2","2","yes","yes","continue","https://confighub.github.io/helm-expt/site/ask.html","Check my config · Config Workshop","documented. Use this page for your own chart, values, new version, or unexpected result. This page starts with rendered Kubernetes YAML. Render a chart or pull an OCI package on your machine, then check the exact objects here. You","https://confighub.github.io/helm-expt/site/confighub.html -> https://confighub.github.io/helm-expt/site/ask.html"
"developer","developer-145","conversion","Helm","D-X1","save a reviewed result for my team","https://confighub.github.io/helm-expt/site/index.html","success","0","15","yes","3","no","3","3","yes","yes","signup","https://confighub.github.io/helm-expt/site/index.html","Config Workshop · Understand and test your configuration","ch promotion with its approval, release, and cluster result. Keep the reviewed result → Additional paths: run the short Redis example , review your own values , choose a deployment method , or compare this with existing tools .","https://confighub.github.io/helm-expt/site/index.html"
"developer","developer-146","conversion","Helm","D-X1","save a reviewed result for my team","https://confighub.github.io/helm-expt/site/guides.html","success","1","37","no","3","yes","3","3","yes","yes","signup","https://confighub.github.io/helm-expt/site/confighub.html","Use ConfigHub · Config Workshop","Check my config Promote my config Deployment Docs ConfigHub Keep This Reviewed Configuration in ConfigHub Needs a ConfigHub account Save the exact Kubernetes configuration you approved. ConfigHub keeps it with its source, checks","https://confighub.github.io/helm-expt/site/guides.html -> https://confighub.github.io/helm-expt/site/confighub.html"
"developer","developer-147","conversion","Helm","D-X1","save a reviewed result for my team","https://confighub.github.io/helm-expt/site/ask.html","success","0","22","yes","3","no","3","3","yes","yes","signup","https://confighub.github.io/helm-expt/site/ask.html","Check my config · Config Workshop","the Catalog, and what I run now. Tell me what matters, then give me a reviewed result I can keep.&rdquo; The Catalog has chart configurations we have already tested and documented. Use this page for your own chart, values, new v","https://confighub.github.io/helm-expt/site/ask.html"
"developer","developer-148","conversion","Helm","D-X1","save a reviewed result for my team","https://confighub.github.io/helm-expt/site/charts/index.html","partial","2","59","no","2","yes","3","3","no","no","bookmark","https://confighub.github.io/helm-expt/site/charts/argo-cd-argo-workflows-1-0-14.html#matrix-options","argo-cd/argo-workflows 1.0.14 · Config Workshop","hart and version Try the package Plan an upgrade or promotion Already reviewed the result? Keep it in ConfigHub when you need history, variants, approvals, or delivery. What this page gives you Every chart page follows the same","https://confighub.github.io/helm-expt/site/charts/index.html -> https://confighub.github.io/helm-expt/site/charts/argo-cd-argo-workflows-1-0-14.html#matrix-options -> https://confighub.github.io/helm-expt/site/sh/argo-cd-argo-workflows-1-0-14/controller-default-reviewed/confighub.sh"
"developer","developer-149","conversion","Helm","D-X1","save a reviewed result for my team","https://confighub.github.io/helm-expt/site/try.html","success","2","60","no","3","no","3","3","yes","yes","signup","https://confighub.github.io/helm-expt/site/confighub.html","Use ConfigHub · Config Workshop","Check my config Promote my config Deployment Docs ConfigHub Keep This Reviewed Configuration in ConfigHub Needs a ConfigHub account Save the exact Kubernetes configuration you approved. ConfigHub keeps it with its source, checks","https://confighub.github.io/helm-expt/site/try.html -> https://confighub.github.io/helm-expt/site/how-it-works.html#now-deploy -> https://confighub.github.io/helm-expt/site/confighub.html"
"developer","developer-150","conversion","Helm","D-X1","save a reviewed result for my team","https://confighub.github.io/helm-expt/site/testing.html","success","0","21","yes","3","no","3","3","yes","yes","signup","https://confighub.github.io/helm-expt/site/testing.html","Worked Examples · Config Workshop","shape An anonymous pull of the retained AICR platform, followed by a reviewed seven-Application CPU-starter selection and a checked local OCI. Read the detailed record . ORAS and a laptop. No GPU, cloud account, NGC key, Config","https://confighub.github.io/helm-expt/site/testing.html"
"developer","developer-151","conversion","Helm","D-X1","save a reviewed result for my team","https://confighub.github.io/helm-expt/site/how-it-works.html","success","1","43","no","3","yes","3","3","yes","yes","signup","https://confighub.github.io/helm-expt/site/confighub.html","Use ConfigHub · Config Workshop","Check my config Promote my config Deployment Docs ConfigHub Keep This Reviewed Configuration in ConfigHub Needs a ConfigHub account Save the exact Kubernetes configuration you approved. ConfigHub keeps it with its source, checks","https://confighub.github.io/helm-expt/site/how-it-works.html -> https://confighub.github.io/helm-expt/site/confighub.html"
"developer","developer-152","conversion","Helm","D-X1","save a reviewed result for my team","https://confighub.github.io/helm-expt/site/docs.html","success","0","20","yes","3","no","3","3","yes","yes","signup","https://confighub.github.io/helm-expt/site/docs.html","Docs · Config Workshop","ocal files, OCI, and ConfigHub choices in one sequence. How do I turn reviewed files into a deployable OCI? Choose the local OCI or ConfigHub release path, then let Argo CD or Flux pull the reviewed objects. What happens to hook","https://confighub.github.io/helm-expt/site/docs.html"
"developer","developer-153","conversion","Helm","D-X1","save a reviewed result for my team","https://confighub.github.io/helm-expt/site/confighub.html","success","0","19","yes","3","no","3","3","yes","yes","signup","https://confighub.github.io/helm-expt/site/confighub.html","Use ConfigHub · Config Workshop","Check my config Promote my config Deployment Docs ConfigHub Keep This Reviewed Configuration in ConfigHub Needs a ConfigHub account Save the exact Kubernetes configuration you approved. ConfigHub keeps it with its source, checks","https://confighub.github.io/helm-expt/site/confighub.html"
"developer","developer-154","conversion","Helm","D-X2","compare development and production","https://confighub.github.io/helm-expt/site/index.html","success","0","20","yes","3","no","3","3","yes","yes","signup","https://confighub.github.io/helm-expt/site/index.html","Config Workshop · Understand and test your configuration","touched $ cub installer setup \ --pull oci://europe-west1-docker.pkg.dev/nth-fort-499605-q5/helm-expt/bitnami-redis:25.5.3 \ --base reuse-existing-secret \ --namespace redis --work-dir ./redis \ --non-interactive --output-","https://confighub.github.io/helm-expt/site/index.html"
"developer","developer-155","conversion","Helm","D-X2","compare development and production","https://confighub.github.io/helm-expt/site/guides.html","success","3","89","no","1","no","3","3","yes","yes","signup","https://confighub.github.io/helm-expt/site/d/docs/reference/promotion-diff-classes.html","What a promotion diff should show, class by class · Config Workshop","of/receipt.yaml records the bring-your-own NGINX review promoted from development into staging. View source markdown . New to cub ? Install the cub CLI first. You can pull and render public catalog packages without an account. Comm","https://confighub.github.io/helm-expt/site/guides.html -> https://confighub.github.io/helm-expt/site/try.html -> https://confighub.github.io/helm-expt/site/promote.html -> https://confighub.github.io/helm-expt/site/d/docs/reference/promotion-diff-classes.html"
"developer","developer-156","conversion","Helm","D-X2","compare development and production","https://confighub.github.io/helm-expt/site/ask.html","success","5","117","no","2","no","3","3","yes","yes","signup","https://confighub.github.io/helm-expt/site/d/docs/reference/promotion-diff-classes.html","What a promotion diff should show, class by class · Config Workshop","of/receipt.yaml records the bring-your-own NGINX review promoted from development into staging. View source markdown . New to cub ? Install the cub CLI first. You can pull and render public catalog packages without an account. Comm","https://confighub.github.io/helm-expt/site/ask.html -> https://confighub.github.io/helm-expt/site/ask.html#config-diff -> https://confighub.github.io/helm-expt/site/ask.html#upgrade-risk -> https://confighub.github.io/helm-expt/site/charts/index.html -> https://confighub.github.io/helm-expt/site/promote.html -> https://confighub.github.io/helm-expt/site/d/docs/reference/promotion-diff-classes.html"
"developer","developer-157","conversion","Helm","D-X2","compare development and production","https://confighub.github.io/helm-expt/site/charts/index.html","success","2","65","no","2","no","3","3","yes","yes","signup","https://confighub.github.io/helm-expt/site/d/docs/reference/promotion-diff-classes.html","What a promotion diff should show, class by class · Config Workshop","of/receipt.yaml records the bring-your-own NGINX review promoted from development into staging. View source markdown . New to cub ? Install the cub CLI first. You can pull and render public catalog packages without an account. Comm","https://confighub.github.io/helm-expt/site/charts/index.html -> https://confighub.github.io/helm-expt/site/promote.html -> https://confighub.github.io/helm-expt/site/d/docs/reference/promotion-diff-classes.html"
"developer","developer-158","conversion","Helm","D-X2","compare development and production","https://confighub.github.io/helm-expt/site/try.html","success","2","62","no","1","yes","3","3","yes","yes","signup","https://confighub.github.io/helm-expt/site/d/docs/reference/promotion-diff-classes.html","What a promotion diff should show, class by class · Config Workshop","of/receipt.yaml records the bring-your-own NGINX review promoted from development into staging. View source markdown . New to cub ? Install the cub CLI first. You can pull and render public catalog packages without an account. Comm","https://confighub.github.io/helm-expt/site/try.html -> https://confighub.github.io/helm-expt/site/promote.html -> https://confighub.github.io/helm-expt/site/d/docs/reference/promotion-diff-classes.html"
"developer","developer-159","conversion","Helm","D-X2","compare development and production","https://confighub.github.io/helm-expt/site/testing.html","success","0","21","yes","3","no","3","3","yes","yes","signup","https://confighub.github.io/helm-expt/site/testing.html","Worked Examples · Config Workshop","ame objects go into ConfigHub. There you change a value, move it from development to staging, and roll it back. Keep the result in ConfigHub . If you do not want Redis, choose the input you have below. Every path ends with exact fi","https://confighub.github.io/helm-expt/site/testing.html"
"developer","developer-160","conversion","Helm","D-X2","compare development and production","https://confighub.github.io/helm-expt/site/how-it-works.html","success","2","63","no","2","no","3","3","yes","yes","signup","https://confighub.github.io/helm-expt/site/d/docs/reference/promotion-diff-classes.html","What a promotion diff should show, class by class · Config Workshop","of/receipt.yaml records the bring-your-own NGINX review promoted from development into staging. View source markdown . New to cub ? Install the cub CLI first. You can pull and render public catalog packages without an account. Comm","https://confighub.github.io/helm-expt/site/how-it-works.html -> https://confighub.github.io/helm-expt/site/promote.html -> https://confighub.github.io/helm-expt/site/d/docs/reference/promotion-diff-classes.html"
"developer","developer-161","conversion","Helm","D-X2","compare development and production","https://confighub.github.io/helm-expt/site/docs.html","success","0","18","yes","3","no","3","3","yes","yes","signup","https://confighub.github.io/helm-expt/site/docs.html","Docs · Config Workshop","tion How do I make environment variants? Create, compare, and promote development and production variants. How do I test a change before promotion? Compare the current and proposed Kubernetes objects in your browser. The result nam","https://confighub.github.io/helm-expt/site/docs.html"
"developer","developer-162","conversion","Helm","D-X2","compare development and production","https://confighub.github.io/helm-expt/site/confighub.html","success","0","18","yes","3","no","3","3","yes","yes","signup","https://confighub.github.io/helm-expt/site/confighub.html","Use ConfigHub · Config Workshop","t change. ConfigHub shows exact diffs, promotes reviewed changes from development to production, and compares approved configuration with your clusters. Keep a reviewed result in ConfigHub Open the tutorial New to cub ? Install the","https://confighub.github.io/helm-expt/site/confighub.html"
"developer","developer-163","conversion","Helm","D-X3","promote a reviewed change","https://confighub.github.io/helm-expt/site/index.html","success","0","19","yes","2","no","2","2","yes","yes","signup","https://confighub.github.io/helm-expt/site/index.html","Config Workshop · Understand and test your configuration","XPERIMENTAL TEST SITE FOR CONFIG TOOLS Guides Catalog Check my config Promote my config Deployment Docs ConfigHub Helm first · AICR, OCI and YAML also supported See What Your Configuration Will Do See the exact Kubernetes objec","https://confighub.github.io/helm-expt/site/index.html"
"developer","developer-164","conversion","Helm","D-X3","promote a reviewed change","https://confighub.github.io/helm-expt/site/guides.html","success","0","19","yes","2","no","2","2","yes","yes","signup","https://confighub.github.io/helm-expt/site/guides.html","Guides · Config Workshop","XPERIMENTAL TEST SITE FOR CONFIG TOOLS Guides Catalog Check my config Promote my config Deployment Docs ConfigHub Learn this by doing it Three guides, shortest first. Each one runs real commands against real packages, so you fi","https://confighub.github.io/helm-expt/site/guides.html"
"developer","developer-165","conversion","Helm","D-X3","promote a reviewed change","https://confighub.github.io/helm-expt/site/ask.html","success","0","20","yes","2","no","2","2","yes","yes","signup","https://confighub.github.io/helm-expt/site/ask.html","Check my config · Config Workshop","XPERIMENTAL TEST SITE FOR CONFIG TOOLS Guides Catalog Check my config Promote my config Deployment Docs ConfigHub Check your configuration &ldquo;Here is the chart and values my AI produced. Compare them with the chart defaults","https://confighub.github.io/helm-expt/site/ask.html"
"developer","developer-166","conversion","Helm","D-X3","promote a reviewed change","https://confighub.github.io/helm-expt/site/charts/index.html","success","0","23","yes","2","no","2","2","yes","yes","signup","https://confighub.github.io/helm-expt/site/charts/index.html","Component Catalog · Config Workshop","XPERIMENTAL TEST SITE FOR CONFIG TOOLS Guides Catalog Check my config Promote my config Deployment Docs ConfigHub Find a Tested Configuration Runs on your laptop Choose a tested starting configuration for a Helm component or an","https://confighub.github.io/helm-expt/site/charts/index.html"
"developer","developer-167","conversion","Helm","D-X3","promote a reviewed change","https://confighub.github.io/helm-expt/site/try.html","success","0","19","yes","2","no","2","2","yes","yes","signup","https://confighub.github.io/helm-expt/site/try.html","Try Redis · Config Workshop","XPERIMENTAL TEST SITE FOR CONFIG TOOLS Guides Catalog Check my config Promote my config Deployment Docs ConfigHub Try a simple example: Redis Runs on your laptop Render one reviewed Redis configuration and inspect the 14 Kubern","https://confighub.github.io/helm-expt/site/try.html"
"developer","developer-168","conversion","Helm","D-X3","promote a reviewed change","https://confighub.github.io/helm-expt/site/testing.html","success","0","19","yes","2","no","2","2","yes","yes","signup","https://confighub.github.io/helm-expt/site/testing.html","Worked Examples · Config Workshop","XPERIMENTAL TEST SITE FOR CONFIG TOOLS Guides Catalog Check my config Promote my config Deployment Docs ConfigHub Choose a worked example Runs on your laptop Choose the kind of configuration you have, then follow one worked exa","https://confighub.github.io/helm-expt/site/testing.html"
"developer","developer-169","conversion","Helm","D-X3","promote a reviewed change","https://confighub.github.io/helm-expt/site/how-it-works.html","success","0","19","yes","2","no","2","2","yes","yes","signup","https://confighub.github.io/helm-expt/site/how-it-works.html","Choose How To Deploy It · Config Workshop","XPERIMENTAL TEST SITE FOR CONFIG TOOLS Guides Catalog Check my config Promote my config Deployment Docs ConfigHub Choose how to deploy it Come here after you have inspected the Kubernetes objects. They may have come from Helm,","https://confighub.github.io/helm-expt/site/how-it-works.html"
"developer","developer-170","conversion","Helm","D-X3","promote a reviewed change","https://confighub.github.io/helm-expt/site/docs.html","success","0","17","yes","2","no","2","2","yes","yes","signup","https://confighub.github.io/helm-expt/site/docs.html","Docs · Config Workshop","XPERIMENTAL TEST SITE FOR CONFIG TOOLS Guides Catalog Check my config Promote my config Deployment Docs ConfigHub Find instructions for the step you are doing Choose the question closest to your current work. Each link opens th","https://confighub.github.io/helm-expt/site/docs.html"
"developer","developer-171","conversion","Helm","D-X3","promote a reviewed change","https://confighub.github.io/helm-expt/site/confighub.html","success","0","21","yes","2","no","2","2","yes","yes","signup","https://confighub.github.io/helm-expt/site/confighub.html","Use ConfigHub · Config Workshop","XPERIMENTAL TEST SITE FOR CONFIG TOOLS Guides Catalog Check my config Promote my config Deployment Docs ConfigHub Keep This Reviewed Configuration in ConfigHub Needs a ConfigHub account Save the exact Kubernetes configuration y","https://confighub.github.io/helm-expt/site/confighub.html"
"developer","developer-172","conversion","Helm","D-X4","continue into ConfigHub","https://confighub.github.io/helm-expt/site/index.html","success","1","34","no","2","yes","3","3","yes","yes","signup","https://confighub.github.io/helm-expt/site/confighub.html","Use ConfigHub · Config Workshop","Use ConfigHub · Config Workshop Config Workshop AN EXPERIMENTAL TEST SITE FOR CONFIG TOOLS Guides Catalog Check my config Promote my config Deployment Docs ConfigH","https://confighub.github.io/helm-expt/site/index.html -> https://confighub.github.io/helm-expt/site/confighub.html"
"developer","developer-173","conversion","Helm","D-X4","continue into ConfigHub","https://confighub.github.io/helm-expt/site/guides.html","success","1","36","no","2","yes","3","3","yes","yes","signup","https://confighub.github.io/helm-expt/site/confighub.html","Use ConfigHub · Config Workshop","Use ConfigHub · Config Workshop Config Workshop AN EXPERIMENTAL TEST SITE FOR CONFIG TOOLS Guides Catalog Check my config Promote my config Deployment Docs ConfigH","https://confighub.github.io/helm-expt/site/guides.html -> https://confighub.github.io/helm-expt/site/confighub.html"
"developer","developer-174","conversion","Helm","D-X4","continue into ConfigHub","https://confighub.github.io/helm-expt/site/ask.html","success","1","38","no","3","yes","3","3","yes","yes","signup","https://confighub.github.io/helm-expt/site/confighub.html","Use ConfigHub · Config Workshop","Use ConfigHub · Config Workshop Config Workshop AN EXPERIMENTAL TEST SITE FOR CONFIG TOOLS Guides Catalog Check my config Promote my config Deployment Docs ConfigH","https://confighub.github.io/helm-expt/site/ask.html -> https://confighub.github.io/helm-expt/site/confighub.html"
"developer","developer-175","conversion","Helm","D-X4","continue into ConfigHub","https://confighub.github.io/helm-expt/site/charts/index.html","success","2","60","no","2","yes","3","3","yes","yes","signup","https://confighub.github.io/helm-expt/site/confighub.html","Use ConfigHub · Config Workshop","Use ConfigHub · Config Workshop Config Workshop AN EXPERIMENTAL TEST SITE FOR CONFIG TOOLS Guides Catalog Check my config Promote my config Deployment Docs ConfigH","https://confighub.github.io/helm-expt/site/charts/index.html -> https://confighub.github.io/helm-expt/site/how-it-works.html#setting-sources -> https://confighub.github.io/helm-expt/site/confighub.html"
"developer","developer-176","conversion","Helm","D-X4","continue into ConfigHub","https://confighub.github.io/helm-expt/site/try.html","success","1","35","no","3","yes","3","3","yes","yes","signup","https://confighub.github.io/helm-expt/site/confighub.html","Use ConfigHub · Config Workshop","Use ConfigHub · Config Workshop Config Workshop AN EXPERIMENTAL TEST SITE FOR CONFIG TOOLS Guides Catalog Check my config Promote my config Deployment Docs ConfigH","https://confighub.github.io/helm-expt/site/try.html -> https://confighub.github.io/helm-expt/site/confighub.html"
"developer","developer-177","conversion","Helm","D-X4","continue into ConfigHub","https://confighub.github.io/helm-expt/site/testing.html","success","2","150","no","3","no","3","3","yes","yes","signup","https://confighub.github.io/helm-expt/site/confighub.html","Use ConfigHub · Config Workshop","Use ConfigHub · Config Workshop Config Workshop AN EXPERIMENTAL TEST SITE FOR CONFIG TOOLS Guides Catalog Check my config Promote my config Deployment Docs ConfigH","https://confighub.github.io/helm-expt/site/testing.html -> https://confighub.github.io/helm-expt/site/d/data/helm-catalog-readmes/spaces/byo-nginx-ai-values-24-0-2-reviewed/README.html -> https://confighub.github.io/helm-expt/site/confighub.html"
"developer","developer-178","conversion","Helm","D-X4","continue into ConfigHub","https://confighub.github.io/helm-expt/site/how-it-works.html","success","1","38","no","3","yes","3","3","yes","yes","signup","https://confighub.github.io/helm-expt/site/confighub.html","Use ConfigHub · Config Workshop","Use ConfigHub · Config Workshop Config Workshop AN EXPERIMENTAL TEST SITE FOR CONFIG TOOLS Guides Catalog Check my config Promote my config Deployment Docs ConfigH","https://confighub.github.io/helm-expt/site/how-it-works.html -> https://confighub.github.io/helm-expt/site/confighub.html"
"developer","developer-179","conversion","Helm","D-X4","continue into ConfigHub","https://confighub.github.io/helm-expt/site/docs.html","success","1","35","no","3","yes","3","3","yes","yes","signup","https://confighub.github.io/helm-expt/site/confighub.html","Use ConfigHub · Config Workshop","Use ConfigHub · Config Workshop Config Workshop AN EXPERIMENTAL TEST SITE FOR CONFIG TOOLS Guides Catalog Check my config Promote my config Deployment Docs ConfigH","https://confighub.github.io/helm-expt/site/docs.html -> https://confighub.github.io/helm-expt/site/confighub.html"
"developer","developer-180","conversion","Helm","D-X4","continue into ConfigHub","https://confighub.github.io/helm-expt/site/confighub.html","success","0","21","yes","3","no","3","3","yes","yes","signup","https://confighub.github.io/helm-expt/site/confighub.html","Use ConfigHub · Config Workshop","Use ConfigHub · Config Workshop Config Workshop AN EXPERIMENTAL TEST SITE FOR CONFIG TOOLS Guides Catalog Check my config Promote my config Deployment Docs ConfigH","https://confighub.github.io/helm-expt/site/confighub.html"
"gitops","gitops-001","comprehension","Helm","O-C1","confirm this does not replace Helm","https://confighub.github.io/helm-expt/site/index.html","success","0","20","yes","2","no","2","2","yes","yes","continue","https://confighub.github.io/helm-expt/site/index.html","Config Workshop · Understand and test your configuration","s Catalog Check my config Promote my config Deployment Docs ConfigHub Helm first · AICR, OCI and YAML also supported See What Your Configuration Will Do See the exact Kubernetes objects before you deploy. Compare them with a","https://confighub.github.io/helm-expt/site/index.html"
"gitops","gitops-002","comprehension","Helm","O-C1","confirm this does not replace Helm","https://confighub.github.io/helm-expt/site/guides.html","success","1","34","no","1","yes","2","2","yes","yes","continue","https://confighub.github.io/helm-expt/site/how-it-works.html","Choose How To Deploy It · Config Workshop","er you have inspected the Kubernetes objects. They may have come from Helm, an AICR recipe for AI infrastructure, cub installer, OCI, or plain YAML. You can stop with local files, publish them directly as OCI, or save them i","https://confighub.github.io/helm-expt/site/guides.html -> https://confighub.github.io/helm-expt/site/how-it-works.html"
"gitops","gitops-003","comprehension","Helm","O-C1","confirm this does not replace Helm","https://confighub.github.io/helm-expt/site/ask.html","success","0","22","yes","2","no","2","2","yes","yes","continue","https://confighub.github.io/helm-expt/site/ask.html","Check my config · Config Workshop","Choose one question. We build a prompt for your AI assistant. It runs Helm locally, records the inputs, and compares the exact objects. Choose a question What will this install, and what must already exist? How is this candi","https://confighub.github.io/helm-expt/site/ask.html"
"gitops","gitops-004","comprehension","Helm","O-C1","confirm this does not replace Helm","https://confighub.github.io/helm-expt/site/charts/index.html","success","0","23","yes","2","no","2","2","yes","yes","continue","https://confighub.github.io/helm-expt/site/charts/index.html","Component Catalog · Config Workshop","tion Runs on your laptop Choose a tested starting configuration for a Helm component or an AI infrastructure stack. Helm is the largest section. Each chart page shows the values, rendered Kubernetes objects, required setup,","https://confighub.github.io/helm-expt/site/charts/index.html"
"gitops","gitops-005","comprehension","Helm","O-C1","confirm this does not replace Helm","https://confighub.github.io/helm-expt/site/try.html","success","0","16","yes","2","no","2","2","yes","yes","continue","https://confighub.github.io/helm-expt/site/try.html","Try Redis · Config Workshop","ler setup --pull oci://europe-west1-docker.pkg.dev/nth-fort-499605-q5/helm-expt/bitnami-redis:25.5.3 \ --base reuse-existing-secret \ --work-dir ./redis \ --namespace redis \ --non-interactive \ --output-oci ./redis-25.oci T","https://confighub.github.io/helm-expt/site/try.html"
"gitops","gitops-006","comprehension","Helm","O-C1","confirm this does not replace Helm","https://confighub.github.io/helm-expt/site/testing.html","success","0","23","yes","2","no","2","2","yes","yes","continue","https://confighub.github.io/helm-expt/site/testing.html","Worked Examples · Config Workshop","tional jobs. In a hurry with your own chart? One command, no account: helm template rel <chart> -f your-values.yaml --include-crds . Then check the chart's catalog page for the hazards a render alone cannot show. 1. Start wi","https://confighub.github.io/helm-expt/site/testing.html"
"gitops","gitops-007","comprehension","Helm","O-C1","confirm this does not replace Helm","https://confighub.github.io/helm-expt/site/how-it-works.html","success","0","21","yes","2","no","2","2","yes","yes","continue","https://confighub.github.io/helm-expt/site/how-it-works.html","Choose How To Deploy It · Config Workshop","er you have inspected the Kubernetes objects. They may have come from Helm, an AICR recipe for AI infrastructure, cub installer, OCI, or plain YAML. You can stop with local files, publish them directly as OCI, or save them i","https://confighub.github.io/helm-expt/site/how-it-works.html"
"gitops","gitops-008","comprehension","Helm","O-C1","confirm this does not replace Helm","https://confighub.github.io/helm-expt/site/docs.html","success","0","21","yes","2","no","2","2","yes","yes","continue","https://confighub.github.io/helm-expt/site/docs.html","Docs · Config Workshop","you need. Use these guides for commands and detailed instructions for Helm, AICR, OCI, YAML, and ConfigHub. Start with a configuration Can I try one simple package? Try Redis for a short local exercise with no server, cluste","https://confighub.github.io/helm-expt/site/docs.html"
"gitops","gitops-009","comprehension","Helm","O-C1","confirm this does not replace Helm","https://confighub.github.io/helm-expt/site/confighub.html","success","0","22","yes","2","no","2","2","yes","yes","continue","https://confighub.github.io/helm-expt/site/confighub.html","Use ConfigHub · Config Workshop",". See one exact handoff A worked NGINX example starts with AI-written Helm values. The review keeps the requested three replicas, removes six risky settings, and produces 5 Kubernetes objects. We calculate one hash from thos","https://confighub.github.io/helm-expt/site/confighub.html"
"gitops","gitops-010","comprehension","Helm","O-C2","confirm Argo CD or Flux still delivers","https://confighub.github.io/helm-expt/site/index.html","success","1","39","no","1","yes","2","2","yes","yes","continue","https://confighub.github.io/helm-expt/site/d/docs/user/gitops-adopter-guide.html","Use ConfigHub With Argo CD Or Flux · Config Workshop","Use ConfigHub With Argo CD Or Flux · Config Workshop Config Workshop AN EXPERIMENTAL TEST SITE FOR CONFIG TOOLS Guides Catalog Check my config Promote my config Deployment Docs","https://confighub.github.io/helm-expt/site/index.html -> https://confighub.github.io/helm-expt/site/d/docs/user/gitops-adopter-guide.html"
"gitops","gitops-011","comprehension","Helm","O-C2","confirm Argo CD or Flux still delivers","https://confighub.github.io/helm-expt/site/guides.html","success","1","38","no","0","yes","2","2","yes","yes","continue","https://confighub.github.io/helm-expt/site/how-it-works.html","Choose How To Deploy It · Config Workshop","egistry and reconciler. Publish the reviewed files as a rendered OCI. Argo CD or Flux can pull the same objects you inspected. ConfigHub Import the files or OCI as a base: the reviewed starting configuration. Make variants when","https://confighub.github.io/helm-expt/site/guides.html -> https://confighub.github.io/helm-expt/site/how-it-works.html"
"gitops","gitops-012","comprehension","Helm","O-C2","confirm Argo CD or Flux still delivers","https://confighub.github.io/helm-expt/site/ask.html","success","0","24","yes","2","no","2","2","yes","yes","continue","https://confighub.github.io/helm-expt/site/ask.html","Check my config · Config Workshop","it? Can I upgrade this chart without breaking production? How should Argo CD or Flux handle this chart's hooks and CRDs? Where does this vulnerable image run, and how can I update it safely? Can I roll back to exactly what ran","https://confighub.github.io/helm-expt/site/ask.html"
"gitops","gitops-013","comprehension","Helm","O-C2","confirm Argo CD or Flux still delivers","https://confighub.github.io/helm-expt/site/charts/index.html","success","0","24","yes","2","no","2","2","yes","yes","continue","https://confighub.github.io/helm-expt/site/charts/index.html","Component Catalog · Config Workshop","and evidence for that choice. Useful choices differ by chart. Redis, Argo CD, and kube-prometheus-stack do not need the same starting configurations. See where Helm values, later ConfigHub changes, install work, and live state","https://confighub.github.io/helm-expt/site/charts/index.html"
"gitops","gitops-014","comprehension","Helm","O-C2","confirm Argo CD or Flux still delivers","https://confighub.github.io/helm-expt/site/try.html","success","0","19","yes","2","no","2","2","yes","yes","continue","https://confighub.github.io/helm-expt/site/try.html","Try Redis · Config Workshop","les locally. It does not apply those files to a cluster; use kubectl, Argo CD, or Flux for delivery. The generated scripts stop before doing any work when the plugin or kustomize is missing. 2. Render the Redis package The publ","https://confighub.github.io/helm-expt/site/try.html"
"gitops","gitops-015","comprehension","Helm","O-C2","confirm Argo CD or Flux still delivers","https://confighub.github.io/helm-expt/site/testing.html","success","0","21","yes","2","no","2","2","yes","yes","continue","https://confighub.github.io/helm-expt/site/testing.html","Worked Examples · Config Workshop","les locally. It does not apply those files to a cluster; use kubectl, Argo CD, or Flux for delivery. The generated scripts stop before doing any work when the plugin or kustomize is missing. $ cub installer setup \ --pull oci:/","https://confighub.github.io/helm-expt/site/testing.html"
"gitops","gitops-016","comprehension","Helm","O-C2","confirm Argo CD or Flux still delivers","https://confighub.github.io/helm-expt/site/how-it-works.html","success","0","19","yes","2","no","2","2","yes","yes","continue","https://confighub.github.io/helm-expt/site/how-it-works.html","Choose How To Deploy It · Config Workshop","egistry and reconciler. Publish the reviewed files as a rendered OCI. Argo CD or Flux can pull the same objects you inspected. ConfigHub Import the files or OCI as a base: the reviewed starting configuration. Make variants when","https://confighub.github.io/helm-expt/site/how-it-works.html"
"gitops","gitops-017","comprehension","Helm","O-C2","confirm Argo CD or Flux still delivers","https://confighub.github.io/helm-expt/site/docs.html","success","0","21","yes","2","no","2","2","yes","yes","continue","https://confighub.github.io/helm-expt/site/docs.html","Docs · Config Workshop","loyable OCI? Choose the local OCI or ConfigHub release path, then let Argo CD or Flux pull the reviewed objects. What happens to hooks and CRDs? See how required setup is recorded, ordered, tested, or blocked. Should I change t","https://confighub.github.io/helm-expt/site/docs.html"
"gitops","gitops-018","comprehension","Helm","O-C2","confirm Argo CD or Flux still delivers","https://confighub.github.io/helm-expt/site/confighub.html","success","1","38","no","1","yes","2","2","yes","yes","continue","https://confighub.github.io/helm-expt/site/how-it-works.html","Choose How To Deploy It · Config Workshop","egistry and reconciler. Publish the reviewed files as a rendered OCI. Argo CD or Flux can pull the same objects you inspected. ConfigHub Import the files or OCI as a base: the reviewed starting configuration. Make variants when","https://confighub.github.io/helm-expt/site/confighub.html -> https://confighub.github.io/helm-expt/site/how-it-works.html"
"gitops","gitops-019","comprehension","OCI","O-C3","understand OCI in and OCI out","https://confighub.github.io/helm-expt/site/index.html","success","1","39","no","3","yes","3","3","yes","yes","continue","https://confighub.github.io/helm-expt/site/ask.html","Check my config · Config Workshop","page starts with rendered Kubernetes YAML. Render a chart or pull an OCI package on your machine, then check the exact objects here. Your files stay in this browser. Checking private configuration? Keep the chart, values,","https://confighub.github.io/helm-expt/site/index.html -> https://confighub.github.io/helm-expt/site/ask.html"
"gitops","gitops-020","comprehension","OCI","O-C3","understand OCI in and OCI out","https://confighub.github.io/helm-expt/site/guides.html","success","1","38","no","3","yes","3","3","yes","yes","continue","https://confighub.github.io/helm-expt/site/testing.html","Worked Examples · Config Workshop","en the plugin or kustomize is missing. $ cub installer setup \ --pull oci://europe-west1-docker.pkg.dev/nth-fort-499605-q5/helm-expt/bitnami-redis:25.5.3 \ --base reuse-existing-secret \ --work-dir ./redis \ --non-interacti","https://confighub.github.io/helm-expt/site/guides.html -> https://confighub.github.io/helm-expt/site/testing.html"
"gitops","gitops-021","comprehension","OCI","O-C3","understand OCI in and OCI out","https://confighub.github.io/helm-expt/site/ask.html","success","0","26","yes","3","no","3","3","yes","yes","continue","https://confighub.github.io/helm-expt/site/ask.html","Check my config · Config Workshop","page starts with rendered Kubernetes YAML. Render a chart or pull an OCI package on your machine, then check the exact objects here. Your files stay in this browser. Checking private configuration? Keep the chart, values,","https://confighub.github.io/helm-expt/site/ask.html"
"gitops","gitops-022","comprehension","OCI","O-C3","understand OCI in and OCI out","https://confighub.github.io/helm-expt/site/charts/index.html","success","2","155","no","3","no","3","3","yes","yes","continue","https://confighub.github.io/helm-expt/site/d/data/installer-oci-packages/summary.html","Installer OCI Packages · Config Workshop","Installer OCI Packages · Config Workshop Config Workshop AN EXPERIMENTAL TEST SITE FOR CONFIG TOOLS Guides Catalog Check my config Promote my config Deployment Doc","https://confighub.github.io/helm-expt/site/charts/index.html -> https://confighub.github.io/helm-expt/site/charts/rook-release-rook-ceph-v1-19-5.html -> https://confighub.github.io/helm-expt/site/d/data/installer-oci-packages/summary.html"
"gitops","gitops-023","comprehension","OCI","O-C3","understand OCI in and OCI out","https://confighub.github.io/helm-expt/site/try.html","success","1","46","no","3","yes","3","3","yes","yes","continue","https://confighub.github.io/helm-expt/site/testing.html","Worked Examples · Config Workshop","en the plugin or kustomize is missing. $ cub installer setup \ --pull oci://europe-west1-docker.pkg.dev/nth-fort-499605-q5/helm-expt/bitnami-redis:25.5.3 \ --base reuse-existing-secret \ --work-dir ./redis \ --non-interacti","https://confighub.github.io/helm-expt/site/try.html -> https://confighub.github.io/helm-expt/site/testing.html"
"gitops","gitops-024","comprehension","OCI","O-C3","understand OCI in and OCI out","https://confighub.github.io/helm-expt/site/testing.html","success","0","25","yes","3","no","3","3","yes","yes","continue","https://confighub.github.io/helm-expt/site/testing.html","Worked Examples · Config Workshop","en the plugin or kustomize is missing. $ cub installer setup \ --pull oci://europe-west1-docker.pkg.dev/nth-fort-499605-q5/helm-expt/bitnami-redis:25.5.3 \ --base reuse-existing-secret \ --work-dir ./redis \ --non-interacti","https://confighub.github.io/helm-expt/site/testing.html"
"gitops","gitops-025","comprehension","OCI","O-C3","understand OCI in and OCI out","https://confighub.github.io/helm-expt/site/how-it-works.html","success","4","98","no","3","no","3","3","yes","yes","continue","https://confighub.github.io/helm-expt/site/testing.html","Worked Examples · Config Workshop","en the plugin or kustomize is missing. $ cub installer setup \ --pull oci://europe-west1-docker.pkg.dev/nth-fort-499605-q5/helm-expt/bitnami-redis:25.5.3 \ --base reuse-existing-secret \ --work-dir ./redis \ --non-interacti","https://confighub.github.io/helm-expt/site/how-it-works.html -> https://confighub.github.io/helm-expt/site/d/docs/demo/hooks-crds/kube-prometheus-stack.html -> https://confighub.github.io/helm-expt/site/d/data/hooks-crds-app/summary.html -> https://confighub.github.io/helm-expt/site/guides.html -> https://confighub.github.io/helm-expt/site/testing.html"
"gitops","gitops-026","comprehension","OCI","O-C3","understand OCI in and OCI out","https://confighub.github.io/helm-expt/site/docs.html","partial","5","202","no","3","no","3","3","no","no","bookmark","https://confighub.github.io/helm-expt/site/docs.html","Docs · Config Workshop","e these guides for commands and detailed instructions for Helm, AICR, OCI, YAML, and ConfigHub. Start with a configuration Can I try one simple package? Try Redis for a short local exercise with no server, cluster, or accou","https://confighub.github.io/helm-expt/site/docs.html -> https://confighub.github.io/helm-expt/site/how-it-works.html#now-deploy -> https://confighub.github.io/helm-expt/site/d/docs/demo/hooks-crds/kube-prometheus-stack.html -> https://confighub.github.io/helm-expt/site/how-it-works.html -> https://confighub.github.io/helm-expt/site/d/docs/user/gitops-adopter-guide.html -> https://confighub.github.io/helm-expt/site/d/data/catalog-oci-delivery-proof/summary.html"
"gitops","gitops-027","comprehension","OCI","O-C3","understand OCI in and OCI out","https://confighub.github.io/helm-expt/site/confighub.html","success","1","45","no","3","yes","3","3","yes","yes","continue","https://confighub.github.io/helm-expt/site/testing.html#managed","Worked Examples · Config Workshop","en the plugin or kustomize is missing. $ cub installer setup \ --pull oci://europe-west1-docker.pkg.dev/nth-fort-499605-q5/helm-expt/bitnami-redis:25.5.3 \ --base reuse-existing-secret \ --work-dir ./redis \ --non-interacti","https://confighub.github.io/helm-expt/site/confighub.html -> https://confighub.github.io/helm-expt/site/testing.html#managed"
"gitops","gitops-028","comprehension","Helm","O-C4","understand hooks and CRDs","https://confighub.github.io/helm-expt/site/index.html","success","1","42","no","2","yes","3","3","yes","yes","continue","https://confighub.github.io/helm-expt/site/d/docs/user/gitops-adopter-guide.html","Use ConfigHub With Argo CD Or Flux · Config Workshop","ted objects from the bundle. Any extra work around the chart, such as hooks or setup jobs, still needs a documented action, check, target fact, blocker, or refusal. Do not assume Flux will automatically recreate Helm hook be","https://confighub.github.io/helm-expt/site/index.html -> https://confighub.github.io/helm-expt/site/d/docs/user/gitops-adopter-guide.html"
"gitops","gitops-029","comprehension","Helm","O-C4","understand hooks and CRDs","https://confighub.github.io/helm-expt/site/guides.html","success","1","36","no","0","yes","3","3","yes","yes","continue","https://confighub.github.io/helm-expt/site/how-it-works.html","Choose How To Deploy It · Config Workshop","configuration when they can. Keep them with recorded setup when CRDs, hooks, certificates, Secrets, or jobs must run too. Process the source later when it still depends on live data or behavior that cannot yet be carried saf","https://confighub.github.io/helm-expt/site/guides.html -> https://confighub.github.io/helm-expt/site/how-it-works.html"
"gitops","gitops-030","comprehension","Helm","O-C4","understand hooks and CRDs","https://confighub.github.io/helm-expt/site/ask.html","success","0","29","yes","3","no","3","3","yes","yes","continue","https://confighub.github.io/helm-expt/site/ask.html","Check my config · Config Workshop","t breaking production? How should Argo CD or Flux handle this chart's hooks and CRDs? Where does this vulnerable image run, and how can I update it safely? Can I roll back to exactly what ran before? AI wrote these values. W","https://confighub.github.io/helm-expt/site/ask.html"
"gitops","gitops-031","comprehension","Helm","O-C4","understand hooks and CRDs","https://confighub.github.io/helm-expt/site/charts/index.html","success","0","31","yes","3","no","3","3","yes","yes","continue","https://confighub.github.io/helm-expt/site/charts/index.html","Component Catalog · Config Workshop","l Recommended first path Rendering checked; read page Read chart page Hooks All Needs lifecycle review No hook signal recorded CRDs All Includes or needs CRDs No CRD signal recorded Ready to try entries have maintained start","https://confighub.github.io/helm-expt/site/charts/index.html"
"gitops","gitops-032","comprehension","Helm","O-C4","understand hooks and CRDs","https://confighub.github.io/helm-expt/site/try.html","success","2","58","no","0","no","3","3","yes","yes","continue","https://confighub.github.io/helm-expt/site/how-it-works.html","Choose How To Deploy It · Config Workshop","configuration when they can. Keep them with recorded setup when CRDs, hooks, certificates, Secrets, or jobs must run too. Process the source later when it still depends on live data or behavior that cannot yet be carried saf","https://confighub.github.io/helm-expt/site/try.html -> https://confighub.github.io/helm-expt/site/guides.html -> https://confighub.github.io/helm-expt/site/how-it-works.html"
"gitops","gitops-033","comprehension","Helm","O-C4","understand hooks and CRDs","https://confighub.github.io/helm-expt/site/testing.html","success","0","29","yes","3","no","3","3","yes","yes","continue","https://confighub.github.io/helm-expt/site/testing.html","Worked Examples · Config Workshop","/out . Check images, credentials, permissions, storage, CRDs, and any hooks reported by the command. If you omit --namespace , cub uses confighubplaceholder until a deployment variant supplies the real namespace. Hooks are o","https://confighub.github.io/helm-expt/site/testing.html"
"gitops","gitops-034","comprehension","Helm","O-C4","understand hooks and CRDs","https://confighub.github.io/helm-expt/site/how-it-works.html","success","0","27","yes","3","no","3","3","yes","yes","continue","https://confighub.github.io/helm-expt/site/how-it-works.html","Choose How To Deploy It · Config Workshop","configuration when they can. Keep them with recorded setup when CRDs, hooks, certificates, Secrets, or jobs must run too. Process the source later when it still depends on live data or behavior that cannot yet be carried saf","https://confighub.github.io/helm-expt/site/how-it-works.html"
"gitops","gitops-035","comprehension","Helm","O-C4","understand hooks and CRDs","https://confighub.github.io/helm-expt/site/docs.html","success","0","27","yes","3","no","3","3","yes","yes","continue","https://confighub.github.io/helm-expt/site/docs.html","Docs · Config Workshop",", then let Argo CD or Flux pull the reviewed objects. What happens to hooks and CRDs? See how required setup is recorded, ordered, tested, or blocked. Should I change the source input or the rendered object? Use this guide t","https://confighub.github.io/helm-expt/site/docs.html"
"gitops","gitops-036","comprehension","Helm","O-C4","understand hooks and CRDs","https://confighub.github.io/helm-expt/site/confighub.html","success","1","43","no","0","yes","3","3","yes","yes","continue","https://confighub.github.io/helm-expt/site/how-it-works.html","Choose How To Deploy It · Config Workshop","configuration when they can. Keep them with recorded setup when CRDs, hooks, certificates, Secrets, or jobs must run too. Process the source later when it still depends on live data or behavior that cannot yet be carried saf","https://confighub.github.io/helm-expt/site/confighub.html -> https://confighub.github.io/helm-expt/site/how-it-works.html"
"gitops","gitops-037","navigation","Helm","O-N1","find the hook handling guide","https://confighub.github.io/helm-expt/site/index.html","success","0","19","yes","2","no","2","2","yes","yes","continue","https://confighub.github.io/helm-expt/site/index.html","Config Workshop · Understand and test your configuration","y required namespace, Secret, CRD, API, storage class, cloud service, hook, and setup job. Start this check → 8 of 40 discussions 02 How is this candidate different from production? Compare the two exact object sets and thei","https://confighub.github.io/helm-expt/site/index.html"
"gitops","gitops-038","navigation","Helm","O-N1","find the hook handling guide","https://confighub.github.io/helm-expt/site/guides.html","success","2","51","no","1","no","2","2","yes","yes","continue","https://confighub.github.io/helm-expt/site/verification.html","Check One Claim · Config Workshop","explains how it was produced. Lifecycle records explain work such as hooks, CRDs, Secrets, and setup jobs. Move Meaning What gets checked Render Turn the chart and its recorded settings into the exact Kubernetes objects. Th","https://confighub.github.io/helm-expt/site/guides.html -> https://confighub.github.io/helm-expt/site/redis-walkthrough.html -> https://confighub.github.io/helm-expt/site/verification.html"
"gitops","gitops-039","navigation","Helm","O-N1","find the hook handling guide","https://confighub.github.io/helm-expt/site/ask.html","success","0","22","yes","2","no","2","2","yes","yes","continue","https://confighub.github.io/helm-expt/site/ask.html","Check my config · Config Workshop","t breaking production? How should Argo CD or Flux handle this chart's hooks and CRDs? Where does this vulnerable image run, and how can I update it safely? Can I roll back to exactly what ran before? AI wrote these values. W","https://confighub.github.io/helm-expt/site/ask.html"
"gitops","gitops-040","navigation","Helm","O-N1","find the hook handling guide","https://confighub.github.io/helm-expt/site/charts/index.html","success","0","24","yes","2","no","2","2","yes","yes","continue","https://confighub.github.io/helm-expt/site/charts/index.html","Component Catalog · Config Workshop","l Recommended first path Rendering checked; read page Read chart page Hooks All Needs lifecycle review No hook signal recorded CRDs All Includes or needs CRDs No CRD signal recorded Ready to try entries have maintained start","https://confighub.github.io/helm-expt/site/charts/index.html"
"gitops","gitops-041","navigation","Helm","O-N1","find the hook handling guide","https://confighub.github.io/helm-expt/site/try.html","success","3","73","no","1","no","2","2","yes","yes","continue","https://confighub.github.io/helm-expt/site/verification.html","Check One Claim · Config Workshop","explains how it was produced. Lifecycle records explain work such as hooks, CRDs, Secrets, and setup jobs. Move Meaning What gets checked Render Turn the chart and its recorded settings into the exact Kubernetes objects. Th","https://confighub.github.io/helm-expt/site/try.html -> https://confighub.github.io/helm-expt/site/guides.html -> https://confighub.github.io/helm-expt/site/redis-walkthrough.html -> https://confighub.github.io/helm-expt/site/verification.html"
"gitops","gitops-042","navigation","Helm","O-N1","find the hook handling guide","https://confighub.github.io/helm-expt/site/testing.html","success","0","20","yes","2","no","2","2","yes","yes","continue","https://confighub.github.io/helm-expt/site/testing.html","Worked Examples · Config Workshop","/out . Check images, credentials, permissions, storage, CRDs, and any hooks reported by the command. If you omit --namespace , cub uses confighubplaceholder until a deployment variant supplies the real namespace. Hooks are o","https://confighub.github.io/helm-expt/site/testing.html"
"gitops","gitops-043","navigation","Helm","O-N1","find the hook handling guide","https://confighub.github.io/helm-expt/site/how-it-works.html","success","0","21","yes","2","no","2","2","yes","yes","continue","https://confighub.github.io/helm-expt/site/how-it-works.html","Choose How To Deploy It · Config Workshop","configuration when they can. Keep them with recorded setup when CRDs, hooks, certificates, Secrets, or jobs must run too. Process the source later when it still depends on live data or behavior that cannot yet be carried saf","https://confighub.github.io/helm-expt/site/how-it-works.html"
"gitops","gitops-044","navigation","Helm","O-N1","find the hook handling guide","https://confighub.github.io/helm-expt/site/docs.html","success","0","19","yes","2","no","2","2","yes","yes","continue","https://confighub.github.io/helm-expt/site/docs.html","Docs · Config Workshop",", then let Argo CD or Flux pull the reviewed objects. What happens to hooks and CRDs? See how required setup is recorded, ordered, tested, or blocked. Should I change the source input or the rendered object? Use this guide t","https://confighub.github.io/helm-expt/site/docs.html"
"gitops","gitops-045","navigation","Helm","O-N1","find the hook handling guide","https://confighub.github.io/helm-expt/site/confighub.html","success","3","71","no","1","no","2","2","yes","yes","continue","https://confighub.github.io/helm-expt/site/verification.html","Check One Claim · Config Workshop","explains how it was produced. Lifecycle records explain work such as hooks, CRDs, Secrets, and setup jobs. Move Meaning What gets checked Render Turn the chart and its recorded settings into the exact Kubernetes objects. Th","https://confighub.github.io/helm-expt/site/confighub.html -> https://confighub.github.io/helm-expt/site/guides.html -> https://confighub.github.io/helm-expt/site/redis-walkthrough.html -> https://confighub.github.io/helm-expt/site/verification.html"
"gitops","gitops-046","navigation","Helm","O-N2","find CRD ownership and ordering","https://confighub.github.io/helm-expt/site/index.html","success","1","39","no","1","yes","2","2","yes","yes","continue","https://confighub.github.io/helm-expt/site/d/docs/user/gitops-adopter-guide.html","Use ConfigHub With Argo CD Or Flux · Config Workshop","but it also means you must be more explicit about ordering, pruning, CRDs, and setup work. This proves that the release OCI is portable. It is not ConfigHub's managed delivery path. When Argo CD renders Helm directly Argo'","https://confighub.github.io/helm-expt/site/index.html -> https://confighub.github.io/helm-expt/site/d/docs/user/gitops-adopter-guide.html"
"gitops","gitops-047","navigation","Helm","O-N2","find CRD ownership and ordering","https://confighub.github.io/helm-expt/site/guides.html","success","1","35","no","0","yes","2","2","yes","yes","continue","https://confighub.github.io/helm-expt/site/how-it-works.html","Choose How To Deploy It · Config Workshop","flat configuration when they can. Keep them with recorded setup when CRDs, hooks, certificates, Secrets, or jobs must run too. Process the source later when it still depends on live data or behavior that cannot yet be carr","https://confighub.github.io/helm-expt/site/guides.html -> https://confighub.github.io/helm-expt/site/how-it-works.html"
"gitops","gitops-048","navigation","Helm","O-N2","find CRD ownership and ordering","https://confighub.github.io/helm-expt/site/ask.html","success","0","23","yes","2","no","2","2","yes","yes","continue","https://confighub.github.io/helm-expt/site/ask.html","Check my config · Config Workshop","production? How should Argo CD or Flux handle this chart's hooks and CRDs? Where does this vulnerable image run, and how can I update it safely? Can I roll back to exactly what ran before? AI wrote these values. What did t","https://confighub.github.io/helm-expt/site/ask.html"
"gitops","gitops-049","navigation","Helm","O-N2","find CRD ownership and ordering","https://confighub.github.io/helm-expt/site/charts/index.html","success","1","46","no","1","yes","2","2","yes","yes","continue","https://confighub.github.io/helm-expt/site/charts/argo-cd-argo-cd-9-5-15.html#matrix-options","argo-cd/argo-cd 9.5.15 · Config Workshop","or the Helm comparison, live install, and delivery checks. See hooks, CRDs, and setup work The page names the work and says which delivery path has actually run. What To Use default configuration: 49 rendered objects · 3 im","https://confighub.github.io/helm-expt/site/charts/index.html -> https://confighub.github.io/helm-expt/site/charts/argo-cd-argo-cd-9-5-15.html#matrix-options"
"gitops","gitops-050","navigation","Helm","O-N2","find CRD ownership and ordering","https://confighub.github.io/helm-expt/site/try.html","success","2","57","no","0","no","2","2","yes","yes","continue","https://confighub.github.io/helm-expt/site/how-it-works.html","Choose How To Deploy It · Config Workshop","flat configuration when they can. Keep them with recorded setup when CRDs, hooks, certificates, Secrets, or jobs must run too. Process the source later when it still depends on live data or behavior that cannot yet be carr","https://confighub.github.io/helm-expt/site/try.html -> https://confighub.github.io/helm-expt/site/guides.html -> https://confighub.github.io/helm-expt/site/how-it-works.html"
"gitops","gitops-051","navigation","Helm","O-N2","find CRD ownership and ordering","https://confighub.github.io/helm-expt/site/testing.html","success","1","43","no","1","yes","2","2","yes","yes","continue","https://confighub.github.io/helm-expt/site/d/docs/demo/hooks-crds/kube-prometheus-stack.html","Hooks and CRDs: Kube Prometheus Stack · Config Workshop","Hooks and CRDs: Kube Prometheus Stack · Config Workshop Config Workshop AN EXPERIMENTAL TEST SITE FOR CONFIG TOOLS Guides Catalog Check my config Promote my config","https://confighub.github.io/helm-expt/site/testing.html -> https://confighub.github.io/helm-expt/site/d/docs/demo/hooks-crds/kube-prometheus-stack.html"
"gitops","gitops-052","navigation","Helm","O-N2","find CRD ownership and ordering","https://confighub.github.io/helm-expt/site/how-it-works.html","success","0","23","yes","2","no","2","2","yes","yes","continue","https://confighub.github.io/helm-expt/site/how-it-works.html","Choose How To Deploy It · Config Workshop","flat configuration when they can. Keep them with recorded setup when CRDs, hooks, certificates, Secrets, or jobs must run too. Process the source later when it still depends on live data or behavior that cannot yet be carr","https://confighub.github.io/helm-expt/site/how-it-works.html"
"gitops","gitops-053","navigation","Helm","O-N2","find CRD ownership and ordering","https://confighub.github.io/helm-expt/site/docs.html","success","1","38","no","1","yes","2","2","yes","yes","continue","https://confighub.github.io/helm-expt/site/d/docs/user/chart-hooks-what-happens.html","If My Chart Has Hooks, What Happens? · Config Workshop","ource markdown . UNOFFICIAL/EXPERIMENTAL. That may be a setup step, a CRD ownership choice, a GitOps action where evidence exists, a target-specific decision, a blocker, or a refusal. The answer is chart-specific because He","https://confighub.github.io/helm-expt/site/docs.html -> https://confighub.github.io/helm-expt/site/d/docs/user/chart-hooks-what-happens.html"
"gitops","gitops-054","navigation","Helm","O-N2","find CRD ownership and ordering","https://confighub.github.io/helm-expt/site/confighub.html","success","2","54","no","0","no","2","2","yes","yes","continue","https://confighub.github.io/helm-expt/site/how-it-works.html","Choose How To Deploy It · Config Workshop","flat configuration when they can. Keep them with recorded setup when CRDs, hooks, certificates, Secrets, or jobs must run too. Process the source later when it still depends on live data or behavior that cannot yet be carr","https://confighub.github.io/helm-expt/site/confighub.html -> https://confighub.github.io/helm-expt/site/guides.html -> https://confighub.github.io/helm-expt/site/how-it-works.html"
"gitops","gitops-055","navigation","Helm","O-N3","find an Argo CD OCI example","https://confighub.github.io/helm-expt/site/index.html","success","0","22","yes","3","no","3","3","yes","yes","continue","https://confighub.github.io/helm-expt/site/index.html","Config Workshop · Understand and test your configuration","etes files locally. It does not apply them to a cluster. Use kubectl, Argo CD, or Flux for that. Before you run it. Install the cub CLI . No account is needed to pull and render public catalog packages. One public path Find, Ch","https://confighub.github.io/helm-expt/site/index.html"
"gitops","gitops-056","navigation","Helm","O-N3","find an Argo CD OCI example","https://confighub.github.io/helm-expt/site/guides.html","success","1","41","no","2","yes","3","3","yes","yes","continue","https://confighub.github.io/helm-expt/site/testing.html","Worked Examples · Config Workshop","les locally. It does not apply those files to a cluster; use kubectl, Argo CD, or Flux for delivery. The generated scripts stop before doing any work when the plugin or kustomize is missing. $ cub installer setup \ --pull oci:/","https://confighub.github.io/helm-expt/site/guides.html -> https://confighub.github.io/helm-expt/site/testing.html"
"gitops","gitops-057","navigation","Helm","O-N3","find an Argo CD OCI example","https://confighub.github.io/helm-expt/site/ask.html","success","0","23","yes","3","no","3","3","yes","yes","continue","https://confighub.github.io/helm-expt/site/ask.html","Check my config · Config Workshop","it? Can I upgrade this chart without breaking production? How should Argo CD or Flux handle this chart's hooks and CRDs? Where does this vulnerable image run, and how can I update it safely? Can I roll back to exactly what ran","https://confighub.github.io/helm-expt/site/ask.html"
"gitops","gitops-058","navigation","Helm","O-N3","find an Argo CD OCI example","https://confighub.github.io/helm-expt/site/charts/index.html","success","0","25","yes","3","no","3","3","yes","yes","continue","https://confighub.github.io/helm-expt/site/charts/index.html","Component Catalog · Config Workshop","and evidence for that choice. Useful choices differ by chart. Redis, Argo CD, and kube-prometheus-stack do not need the same starting configurations. See where Helm values, later ConfigHub changes, install work, and live state","https://confighub.github.io/helm-expt/site/charts/index.html"
"gitops","gitops-059","navigation","Helm","O-N3","find an Argo CD OCI example","https://confighub.github.io/helm-expt/site/try.html","success","0","22","yes","3","no","3","3","yes","yes","continue","https://confighub.github.io/helm-expt/site/try.html","Try Redis · Config Workshop","les locally. It does not apply those files to a cluster; use kubectl, Argo CD, or Flux for delivery. The generated scripts stop before doing any work when the plugin or kustomize is missing. 2. Render the Redis package The publ","https://confighub.github.io/helm-expt/site/try.html"
"gitops","gitops-060","navigation","Helm","O-N3","find an Argo CD OCI example","https://confighub.github.io/helm-expt/site/testing.html","success","0","22","yes","3","no","3","3","yes","yes","continue","https://confighub.github.io/helm-expt/site/testing.html","Worked Examples · Config Workshop","les locally. It does not apply those files to a cluster; use kubectl, Argo CD, or Flux for delivery. The generated scripts stop before doing any work when the plugin or kustomize is missing. $ cub installer setup \ --pull oci:/","https://confighub.github.io/helm-expt/site/testing.html"
"gitops","gitops-061","navigation","Helm","O-N3","find an Argo CD OCI example","https://confighub.github.io/helm-expt/site/how-it-works.html","success","0","19","yes","3","no","3","3","yes","yes","continue","https://confighub.github.io/helm-expt/site/how-it-works.html","Choose How To Deploy It · Config Workshop","egistry and reconciler. Publish the reviewed files as a rendered OCI. Argo CD or Flux can pull the same objects you inspected. ConfigHub Import the files or OCI as a base: the reviewed starting configuration. Make variants when","https://confighub.github.io/helm-expt/site/how-it-works.html"
"gitops","gitops-062","navigation","Helm","O-N3","find an Argo CD OCI example","https://confighub.github.io/helm-expt/site/docs.html","success","0","19","yes","3","no","3","3","yes","yes","continue","https://confighub.github.io/helm-expt/site/docs.html","Docs · Config Workshop","loyable OCI? Choose the local OCI or ConfigHub release path, then let Argo CD or Flux pull the reviewed objects. What happens to hooks and CRDs? See how required setup is recorded, ordered, tested, or blocked. Should I change t","https://confighub.github.io/helm-expt/site/docs.html"
"gitops","gitops-063","navigation","Helm","O-N3","find an Argo CD OCI example","https://confighub.github.io/helm-expt/site/confighub.html","success","0","20","yes","3","no","3","3","yes","yes","continue","https://confighub.github.io/helm-expt/site/confighub.html","Use ConfigHub · Config Workshop","the approval, and keeps the promotion history. Publish a release for Argo CD or Flux. Add live observations when you need to compare the approved configuration with a cluster. 2. See one exact handoff A worked NGINX example st","https://confighub.github.io/helm-expt/site/confighub.html"
"gitops","gitops-064","navigation","Helm","O-N4","find a Flux OCI example","https://confighub.github.io/helm-expt/site/index.html","success","0","19","yes","3","no","3","3","yes","yes","continue","https://confighub.github.io/helm-expt/site/index.html","Config Workshop · Understand and test your configuration","ocally. It does not apply them to a cluster. Use kubectl, Argo CD, or Flux for that. Before you run it. Install the cub CLI . No account is needed to pull and render public catalog packages. One public path Find, Check, Then","https://confighub.github.io/helm-expt/site/index.html"
"gitops","gitops-065","navigation","Helm","O-N4","find a Flux OCI example","https://confighub.github.io/helm-expt/site/guides.html","success","1","36","no","2","yes","3","3","yes","yes","continue","https://confighub.github.io/helm-expt/site/testing.html","Worked Examples · Config Workshop","It does not apply those files to a cluster; use kubectl, Argo CD, or Flux for delivery. The generated scripts stop before doing any work when the plugin or kustomize is missing. $ cub installer setup \ --pull oci://europe-w","https://confighub.github.io/helm-expt/site/guides.html -> https://confighub.github.io/helm-expt/site/testing.html"
"gitops","gitops-066","navigation","Helm","O-N4","find a Flux OCI example","https://confighub.github.io/helm-expt/site/ask.html","success","0","21","yes","3","no","3","3","yes","yes","continue","https://confighub.github.io/helm-expt/site/ask.html","Check my config · Config Workshop","upgrade this chart without breaking production? How should Argo CD or Flux handle this chart's hooks and CRDs? Where does this vulnerable image run, and how can I update it safely? Can I roll back to exactly what ran before?","https://confighub.github.io/helm-expt/site/ask.html"
"gitops","gitops-067","navigation","Helm","O-N4","find a Flux OCI example","https://confighub.github.io/helm-expt/site/charts/index.html","success","3","181","no","2","no","3","3","yes","yes","continue","https://confighub.github.io/helm-expt/site/testing.html","Worked Examples · Config Workshop","It does not apply those files to a cluster; use kubectl, Argo CD, or Flux for delivery. The generated scripts stop before doing any work when the plugin or kustomize is missing. $ cub installer setup \ --pull oci://europe-w","https://confighub.github.io/helm-expt/site/charts/index.html -> https://confighub.github.io/helm-expt/site/d/examples/inference/vllm-cpu-starter/README.html -> https://confighub.github.io/helm-expt/site/guides.html -> https://confighub.github.io/helm-expt/site/testing.html"
"gitops","gitops-068","navigation","Helm","O-N4","find a Flux OCI example","https://confighub.github.io/helm-expt/site/try.html","success","0","20","yes","3","no","3","3","yes","yes","continue","https://confighub.github.io/helm-expt/site/try.html","Try Redis · Config Workshop","It does not apply those files to a cluster; use kubectl, Argo CD, or Flux for delivery. The generated scripts stop before doing any work when the plugin or kustomize is missing. 2. Render the Redis package The public packag","https://confighub.github.io/helm-expt/site/try.html"
"gitops","gitops-069","navigation","Helm","O-N4","find a Flux OCI example","https://confighub.github.io/helm-expt/site/testing.html","success","0","24","yes","3","no","3","3","yes","yes","continue","https://confighub.github.io/helm-expt/site/testing.html","Worked Examples · Config Workshop","It does not apply those files to a cluster; use kubectl, Argo CD, or Flux for delivery. The generated scripts stop before doing any work when the plugin or kustomize is missing. $ cub installer setup \ --pull oci://europe-w","https://confighub.github.io/helm-expt/site/testing.html"
"gitops","gitops-070","navigation","Helm","O-N4","find a Flux OCI example","https://confighub.github.io/helm-expt/site/how-it-works.html","success","0","22","yes","3","no","3","3","yes","yes","continue","https://confighub.github.io/helm-expt/site/how-it-works.html","Choose How To Deploy It · Config Workshop","reconciler. Publish the reviewed files as a rendered OCI. Argo CD or Flux can pull the same objects you inspected. ConfigHub Import the files or OCI as a base: the reviewed starting configuration. Make variants when an envi","https://confighub.github.io/helm-expt/site/how-it-works.html"
"gitops","gitops-071","navigation","Helm","O-N4","find a Flux OCI example","https://confighub.github.io/helm-expt/site/docs.html","success","0","23","yes","3","no","3","3","yes","yes","continue","https://confighub.github.io/helm-expt/site/docs.html","Docs · Config Workshop","? Choose the local OCI or ConfigHub release path, then let Argo CD or Flux pull the reviewed objects. What happens to hooks and CRDs? See how required setup is recorded, ordered, tested, or blocked. Should I change the sourc","https://confighub.github.io/helm-expt/site/docs.html"
"gitops","gitops-072","navigation","Helm","O-N4","find a Flux OCI example","https://confighub.github.io/helm-expt/site/confighub.html","success","0","21","yes","3","no","3","3","yes","yes","continue","https://confighub.github.io/helm-expt/site/confighub.html","Use ConfigHub · Config Workshop","al, and keeps the promotion history. Publish a release for Argo CD or Flux. Add live observations when you need to compare the approved configuration with a cluster. 2. See one exact handoff A worked NGINX example starts wit","https://confighub.github.io/helm-expt/site/confighub.html"
"gitops","gitops-073","action","Helm","O-A1","render and inspect without applying","https://confighub.github.io/helm-expt/site/index.html","success","0","23","yes","3","no","3","3","yes","yes","continue","https://confighub.github.io/helm-expt/site/index.html","Config Workshop · Understand and test your configuration","ace redis --work-dir ./redis \ --non-interactive --output-oci ./redis-rendered.oci Rendered 14 manifest(s) to ./redis/out/manifests Wrote rendered OCI ./redis-rendered.oci:latest objects: sha256:... (14 manifest files) pull-ba","https://confighub.github.io/helm-expt/site/index.html"
"gitops","gitops-074","action","Helm","O-A1","render and inspect without applying","https://confighub.github.io/helm-expt/site/guides.html","success","1","38","no","2","yes","3","3","yes","yes","continue","https://confighub.github.io/helm-expt/site/try.html","Try Redis · Config Workshop","oyment Docs ConfigHub Try a simple example: Redis Runs on your laptop Render one reviewed Redis configuration and inspect the 14 Kubernetes objects it creates: 13 from the chart, plus one Namespace cub adds. You do not need Co","https://confighub.github.io/helm-expt/site/guides.html -> https://confighub.github.io/helm-expt/site/try.html"
"gitops","gitops-075","action","Helm","O-A1","render and inspect without applying","https://confighub.github.io/helm-expt/site/ask.html","partial","5","112","no","2","no","2","3","yes","no","bookmark","https://confighub.github.io/helm-expt/site/ask.html","Check my config · Config Workshop","art, values, new version, or unexpected result. This page starts with rendered Kubernetes YAML. Render a chart or pull an OCI package on your machine, then check the exact objects here. Your files stay in this browser. Checkin","https://confighub.github.io/helm-expt/site/ask.html -> https://confighub.github.io/helm-expt/site/ask.html#check-files -> https://confighub.github.io/helm-expt/site/ask.html#ignored-values -> https://confighub.github.io/helm-expt/site/ask.html#lifecycle-work -> https://confighub.github.io/helm-expt/site/d/docs/user/chart-hooks-what-happens.html -> https://confighub.github.io/helm-expt/site/d/docs/demo/hooks-crds/kube-prometheus-stack.html"
"gitops","gitops-076","action","Helm","O-A1","render and inspect without applying","https://confighub.github.io/helm-expt/site/charts/index.html","success","1","45","no","2","yes","3","3","yes","yes","continue","https://confighub.github.io/helm-expt/site/charts/open-telemetry-opentelemetry-operator-0-114-0.html#matrix-options","open-telemetry/opentelemetry-operator 0.114.0 · Config Workshop","delivery path has actually run. What To Use default configuration: 17 rendered objects · 3 images · 3 target prerequisites · 0 hook or setup routes · 3/4 checks passing. These counts come from the linked test records. default","https://confighub.github.io/helm-expt/site/charts/index.html -> https://confighub.github.io/helm-expt/site/charts/open-telemetry-opentelemetry-operator-0-114-0.html#matrix-options"
"gitops","gitops-077","action","Helm","O-A1","render and inspect without applying","https://confighub.github.io/helm-expt/site/try.html","success","0","18","yes","3","no","3","3","yes","yes","continue","https://confighub.github.io/helm-expt/site/try.html","Try Redis · Config Workshop","oyment Docs ConfigHub Try a simple example: Redis Runs on your laptop Render one reviewed Redis configuration and inspect the 14 Kubernetes objects it creates: 13 from the chart, plus one Namespace cub adds. You do not need Co","https://confighub.github.io/helm-expt/site/try.html"
"gitops","gitops-078","action","Helm","O-A1","render and inspect without applying","https://confighub.github.io/helm-expt/site/testing.html","success","0","19","yes","3","no","3","3","yes","yes","continue","https://confighub.github.io/helm-expt/site/testing.html","Worked Examples · Config Workshop","-include-crds . Then check the chart's catalog page for the hazards a render alone cannot show. 1. Start with a configuration See what Redis installs, before you install it Turn the published Redis package into the exact Kuber","https://confighub.github.io/helm-expt/site/testing.html"
"gitops","gitops-079","action","Helm","O-A1","render and inspect without applying","https://confighub.github.io/helm-expt/site/how-it-works.html","success","2","57","no","2","no","3","3","yes","yes","continue","https://confighub.github.io/helm-expt/site/try.html#install-cub","Try Redis · Config Workshop","oyment Docs ConfigHub Try a simple example: Redis Runs on your laptop Render one reviewed Redis configuration and inspect the 14 Kubernetes objects it creates: 13 from the chart, plus one Namespace cub adds. You do not need Co","https://confighub.github.io/helm-expt/site/how-it-works.html -> https://confighub.github.io/helm-expt/site/d/docs/demo/hooks-crds/kube-prometheus-stack.html -> https://confighub.github.io/helm-expt/site/try.html#install-cub"
"gitops","gitops-080","action","Helm","O-A1","render and inspect without applying","https://confighub.github.io/helm-expt/site/docs.html","success","1","122","no","2","yes","3","3","yes","yes","continue","https://confighub.github.io/helm-expt/site/d/docs/user/helm-presets-and-values.html","Helm Chart Presets And Values · Config Workshop","e markdown . New to cub ? Install the cub CLI first. You can pull and render public catalog packages without an account. Commands that save or change ConfigHub data require you to sign in. UNOFFICIAL/EXPERIMENTAL The public ph","https://confighub.github.io/helm-expt/site/docs.html -> https://confighub.github.io/helm-expt/site/d/docs/user/helm-presets-and-values.html"
"gitops","gitops-081","action","Helm","O-A1","render and inspect without applying","https://confighub.github.io/helm-expt/site/confighub.html","success","1","39","no","1","yes","3","3","yes","yes","continue","https://confighub.github.io/helm-expt/site/try.html#install-cub","Try Redis · Config Workshop","oyment Docs ConfigHub Try a simple example: Redis Runs on your laptop Render one reviewed Redis configuration and inspect the 14 Kubernetes objects it creates: 13 from the chart, plus one Namespace cub adds. You do not need Co","https://confighub.github.io/helm-expt/site/confighub.html -> https://confighub.github.io/helm-expt/site/try.html#install-cub"
"gitops","gitops-082","action","OCI","O-A2","publish rendered files as OCI","https://confighub.github.io/helm-expt/site/index.html","success","0","23","yes","3","no","3","3","yes","yes","continue","https://confighub.github.io/helm-expt/site/index.html","Config Workshop · Understand and test your configuration","ace redis --work-dir ./redis \ --non-interactive --output-oci ./redis-rendered.oci Rendered 14 manifest(s) to ./redis/out/manifests Wrote rendered OCI ./redis-rendered.oci:latest objects: sha256:... (14 manifest files) pull-back","https://confighub.github.io/helm-expt/site/index.html"
"gitops","gitops-083","action","OCI","O-A2","publish rendered files as OCI","https://confighub.github.io/helm-expt/site/guides.html","success","3","79","no","1","yes","3","3","yes","yes","continue","https://confighub.github.io/helm-expt/site/how-it-works.html","Choose How To Deploy It · Config Workshop","ks with your registry and reconciler. Publish the reviewed files as a rendered OCI. Argo CD or Flux can pull the same objects you inspected. ConfigHub Import the files or OCI as a base: the reviewed starting configuration. Make","https://confighub.github.io/helm-expt/site/guides.html -> https://confighub.github.io/helm-expt/site/testing.html -> https://confighub.github.io/helm-expt/site/d/data/oci-deploy-stage-rollout-proof/summary.html -> https://confighub.github.io/helm-expt/site/how-it-works.html"
"gitops","gitops-084","action","OCI","O-A2","publish rendered files as OCI","https://confighub.github.io/helm-expt/site/ask.html","success","0","23","yes","3","no","3","3","yes","yes","continue","https://confighub.github.io/helm-expt/site/ask.html","Check my config · Config Workshop","art, values, new version, or unexpected result. This page starts with rendered Kubernetes YAML. Render a chart or pull an OCI package on your machine, then check the exact objects here. Your files stay in this browser. Checking","https://confighub.github.io/helm-expt/site/ask.html"
"gitops","gitops-085","action","OCI","O-A2","publish rendered files as OCI","https://confighub.github.io/helm-expt/site/charts/index.html","success","2","167","no","3","no","3","3","yes","yes","continue","https://confighub.github.io/helm-expt/site/d/data/installer-oci-packages/summary.html","Installer OCI Packages · Config Workshop","ployment Docs ConfigHub Installer OCI Packages A repository document, rendered for the site. View source markdown . Generated at: 2026-08-08T00:00:00Z UTC · source: committed helm-expt evidence for this rendered repository docum","https://confighub.github.io/helm-expt/site/charts/index.html -> https://confighub.github.io/helm-expt/site/charts/prometheus-community-prometheus-pushgateway-3-6-0.html -> https://confighub.github.io/helm-expt/site/d/data/installer-oci-packages/summary.html"
"gitops","gitops-086","action","OCI","O-A2","publish rendered files as OCI","https://confighub.github.io/helm-expt/site/try.html","success","3","68","no","2","yes","3","3","yes","yes","continue","https://confighub.github.io/helm-expt/site/how-it-works.html","Choose How To Deploy It · Config Workshop","ks with your registry and reconciler. Publish the reviewed files as a rendered OCI. Argo CD or Flux can pull the same objects you inspected. ConfigHub Import the files or OCI as a base: the reviewed starting configuration. Make","https://confighub.github.io/helm-expt/site/try.html -> https://confighub.github.io/helm-expt/site/testing.html -> https://confighub.github.io/helm-expt/site/d/data/oci-deploy-stage-rollout-proof/summary.html -> https://confighub.github.io/helm-expt/site/how-it-works.html"
"gitops","gitops-087","action","OCI","O-A2","publish rendered files as OCI","https://confighub.github.io/helm-expt/site/testing.html","success","2","150","no","3","no","3","3","yes","yes","continue","https://confighub.github.io/helm-expt/site/how-it-works.html","Choose How To Deploy It · Config Workshop","ks with your registry and reconciler. Publish the reviewed files as a rendered OCI. Argo CD or Flux can pull the same objects you inspected. ConfigHub Import the files or OCI as a base: the reviewed starting configuration. Make","https://confighub.github.io/helm-expt/site/testing.html -> https://confighub.github.io/helm-expt/site/d/data/oci-deploy-stage-rollout-proof/summary.html -> https://confighub.github.io/helm-expt/site/how-it-works.html"
"gitops","gitops-088","action","OCI","O-A2","publish rendered files as OCI","https://confighub.github.io/helm-expt/site/how-it-works.html","success","0","22","yes","3","no","3","3","yes","yes","continue","https://confighub.github.io/helm-expt/site/how-it-works.html","Choose How To Deploy It · Config Workshop","ks with your registry and reconciler. Publish the reviewed files as a rendered OCI. Argo CD or Flux can pull the same objects you inspected. ConfigHub Import the files or OCI as a base: the reviewed starting configuration. Make","https://confighub.github.io/helm-expt/site/how-it-works.html"
"gitops","gitops-089","action","OCI","O-A2","publish rendered files as OCI","https://confighub.github.io/helm-expt/site/docs.html","success","1","43","no","2","yes","3","3","yes","yes","continue","https://confighub.github.io/helm-expt/site/how-it-works.html#now-deploy","Choose How To Deploy It · Config Workshop","ks with your registry and reconciler. Publish the reviewed files as a rendered OCI. Argo CD or Flux can pull the same objects you inspected. ConfigHub Import the files or OCI as a base: the reviewed starting configuration. Make","https://confighub.github.io/helm-expt/site/docs.html -> https://confighub.github.io/helm-expt/site/how-it-works.html#now-deploy"
"gitops","gitops-090","action","OCI","O-A2","publish rendered files as OCI","https://confighub.github.io/helm-expt/site/confighub.html","success","3","166","no","2","yes","3","3","yes","yes","continue","https://confighub.github.io/helm-expt/site/how-it-works.html","Choose How To Deploy It · Config Workshop","ks with your registry and reconciler. Publish the reviewed files as a rendered OCI. Argo CD or Flux can pull the same objects you inspected. ConfigHub Import the files or OCI as a base: the reviewed starting configuration. Make","https://confighub.github.io/helm-expt/site/confighub.html -> https://confighub.github.io/helm-expt/site/testing.html#managed -> https://confighub.github.io/helm-expt/site/d/data/oci-deploy-stage-rollout-proof/summary.html -> https://confighub.github.io/helm-expt/site/how-it-works.html"
"gitops","gitops-091","action","Helm","O-A3","deliver with kubectl","https://confighub.github.io/helm-expt/site/index.html","success","4","195","no","3","no","3","3","yes","yes","continue","https://confighub.github.io/helm-expt/site/how-it-works.html","Choose How To Deploy It · Config Workshop","t ConfigHub adds . 1. Choose what happens next Local files Works with kubectl alone. Keep readable Kubernetes files. Test them, apply them with kubectl, or commit them to Git. OCI package Works with your registry and reconciler","https://confighub.github.io/helm-expt/site/index.html -> https://confighub.github.io/helm-expt/site/ask.html -> https://confighub.github.io/helm-expt/site/d/data/apply-policy-profiles/summary.html -> https://confighub.github.io/helm-expt/site/d/data/apply-policy-functional-proof/summary.html -> https://confighub.github.io/helm-expt/site/how-it-works.html"
"gitops","gitops-092","action","Helm","O-A3","deliver with kubectl","https://confighub.github.io/helm-expt/site/guides.html","success","1","37","no","0","yes","3","3","yes","yes","continue","https://confighub.github.io/helm-expt/site/how-it-works.html","Choose How To Deploy It · Config Workshop","t ConfigHub adds . 1. Choose what happens next Local files Works with kubectl alone. Keep readable Kubernetes files. Test them, apply them with kubectl, or commit them to Git. OCI package Works with your registry and reconciler","https://confighub.github.io/helm-expt/site/guides.html -> https://confighub.github.io/helm-expt/site/how-it-works.html"
"gitops","gitops-093","action","Helm","O-A3","deliver with kubectl","https://confighub.github.io/helm-expt/site/ask.html","success","3","72","no","2","no","3","3","yes","yes","continue","https://confighub.github.io/helm-expt/site/how-it-works.html","Choose How To Deploy It · Config Workshop","t ConfigHub adds . 1. Choose what happens next Local files Works with kubectl alone. Keep readable Kubernetes files. Test them, apply them with kubectl, or commit them to Git. OCI package Works with your registry and reconciler","https://confighub.github.io/helm-expt/site/ask.html -> https://confighub.github.io/helm-expt/site/d/data/apply-policy-profiles/summary.html -> https://confighub.github.io/helm-expt/site/d/data/apply-policy-functional-proof/summary.html -> https://confighub.github.io/helm-expt/site/how-it-works.html"
"gitops","gitops-094","action","Helm","O-A3","deliver with kubectl","https://confighub.github.io/helm-expt/site/charts/index.html","partial","2","163","no","1","yes","3","3","no","no","bookmark","https://confighub.github.io/helm-expt/site/charts/grafana-loki-7-0-0.html#matrix-options","grafana/loki 7.0.0 · Config Workshop","your ConfigHub Space. Before you run try.sh : it changes your current kubectl context. It runs the named prerequisites and applies the rendered objects. Read it first and use a disposable test cluster. confighub.sh does not app","https://confighub.github.io/helm-expt/site/charts/index.html -> https://confighub.github.io/helm-expt/site/charts/grafana-loki-7-0-0.html#matrix-options -> https://confighub.github.io/helm-expt/site/sh/grafana-loki-7-0-0/single-binary-filesystem/try.sh"
"gitops","gitops-095","action","Helm","O-A3","deliver with kubectl","https://confighub.github.io/helm-expt/site/try.html","success","1","39","no","3","yes","3","3","yes","yes","continue","https://confighub.github.io/helm-expt/site/how-it-works.html","Choose How To Deploy It · Config Workshop","t ConfigHub adds . 1. Choose what happens next Local files Works with kubectl alone. Keep readable Kubernetes files. Test them, apply them with kubectl, or commit them to Git. OCI package Works with your registry and reconciler","https://confighub.github.io/helm-expt/site/try.html -> https://confighub.github.io/helm-expt/site/how-it-works.html"
"gitops","gitops-096","action","Helm","O-A3","deliver with kubectl","https://confighub.github.io/helm-expt/site/testing.html","success","3","80","no","3","no","3","3","yes","yes","continue","https://confighub.github.io/helm-expt/site/how-it-works.html","Choose How To Deploy It · Config Workshop","t ConfigHub adds . 1. Choose what happens next Local files Works with kubectl alone. Keep readable Kubernetes files. Test them, apply them with kubectl, or commit them to Git. OCI package Works with your registry and reconciler","https://confighub.github.io/helm-expt/site/testing.html -> https://confighub.github.io/helm-expt/site/d/data/apply-policy-profiles/summary.html -> https://confighub.github.io/helm-expt/site/d/data/apply-policy-functional-proof/summary.html -> https://confighub.github.io/helm-expt/site/how-it-works.html"
"gitops","gitops-097","action","Helm","O-A3","deliver with kubectl","https://confighub.github.io/helm-expt/site/how-it-works.html","success","0","21","yes","3","no","3","3","yes","yes","continue","https://confighub.github.io/helm-expt/site/how-it-works.html","Choose How To Deploy It · Config Workshop","t ConfigHub adds . 1. Choose what happens next Local files Works with kubectl alone. Keep readable Kubernetes files. Test them, apply them with kubectl, or commit them to Git. OCI package Works with your registry and reconciler","https://confighub.github.io/helm-expt/site/how-it-works.html"
"gitops","gitops-098","action","Helm","O-A3","deliver with kubectl","https://confighub.github.io/helm-expt/site/docs.html","success","1","35","no","1","yes","3","3","yes","yes","continue","https://confighub.github.io/helm-expt/site/how-it-works.html#now-deploy","Choose How To Deploy It · Config Workshop","t ConfigHub adds . 1. Choose what happens next Local files Works with kubectl alone. Keep readable Kubernetes files. Test them, apply them with kubectl, or commit them to Git. OCI package Works with your registry and reconciler","https://confighub.github.io/helm-expt/site/docs.html -> https://confighub.github.io/helm-expt/site/how-it-works.html#now-deploy"
"gitops","gitops-099","action","Helm","O-A3","deliver with kubectl","https://confighub.github.io/helm-expt/site/confighub.html","success","4","90","no","1","yes","3","3","yes","yes","continue","https://confighub.github.io/helm-expt/site/how-it-works.html","Choose How To Deploy It · Config Workshop","t ConfigHub adds . 1. Choose what happens next Local files Works with kubectl alone. Keep readable Kubernetes files. Test them, apply them with kubectl, or commit them to Git. OCI package Works with your registry and reconciler","https://confighub.github.io/helm-expt/site/confighub.html -> https://confighub.github.io/helm-expt/site/ask.html#check-files -> https://confighub.github.io/helm-expt/site/d/data/apply-policy-profiles/summary.html -> https://confighub.github.io/helm-expt/site/d/data/apply-policy-functional-proof/summary.html -> https://confighub.github.io/helm-expt/site/how-it-works.html"
"gitops","gitops-100","action","Helm","O-A4","deliver with Argo CD or Flux","https://confighub.github.io/helm-expt/site/index.html","success","0","17","yes","3","no","3","3","yes","yes","continue","https://confighub.github.io/helm-expt/site/index.html","Config Workshop · Understand and test your configuration","etes files locally. It does not apply them to a cluster. Use kubectl, Argo CD, or Flux for that. Before you run it. Install the cub CLI . No account is needed to pull and render public catalog packages. One public path Find, Ch","https://confighub.github.io/helm-expt/site/index.html"
"gitops","gitops-101","action","Helm","O-A4","deliver with Argo CD or Flux","https://confighub.github.io/helm-expt/site/guides.html","success","1","39","no","2","yes","3","3","yes","yes","continue","https://confighub.github.io/helm-expt/site/testing.html","Worked Examples · Config Workshop","les locally. It does not apply those files to a cluster; use kubectl, Argo CD, or Flux for delivery. The generated scripts stop before doing any work when the plugin or kustomize is missing. $ cub installer setup \ --pull oci:/","https://confighub.github.io/helm-expt/site/guides.html -> https://confighub.github.io/helm-expt/site/testing.html"
"gitops","gitops-102","action","Helm","O-A4","deliver with Argo CD or Flux","https://confighub.github.io/helm-expt/site/ask.html","success","0","22","yes","3","no","3","3","yes","yes","continue","https://confighub.github.io/helm-expt/site/ask.html","Check my config · Config Workshop","it? Can I upgrade this chart without breaking production? How should Argo CD or Flux handle this chart's hooks and CRDs? Where does this vulnerable image run, and how can I update it safely? Can I roll back to exactly what ran","https://confighub.github.io/helm-expt/site/ask.html"
"gitops","gitops-103","action","Helm","O-A4","deliver with Argo CD or Flux","https://confighub.github.io/helm-expt/site/charts/index.html","success","0","24","yes","3","no","3","3","yes","yes","continue","https://confighub.github.io/helm-expt/site/charts/index.html","Component Catalog · Config Workshop","and evidence for that choice. Useful choices differ by chart. Redis, Argo CD, and kube-prometheus-stack do not need the same starting configurations. See where Helm values, later ConfigHub changes, install work, and live state","https://confighub.github.io/helm-expt/site/charts/index.html"
"gitops","gitops-104","action","Helm","O-A4","deliver with Argo CD or Flux","https://confighub.github.io/helm-expt/site/try.html","success","0","21","yes","3","no","3","3","yes","yes","continue","https://confighub.github.io/helm-expt/site/try.html","Try Redis · Config Workshop","les locally. It does not apply those files to a cluster; use kubectl, Argo CD, or Flux for delivery. The generated scripts stop before doing any work when the plugin or kustomize is missing. 2. Render the Redis package The publ","https://confighub.github.io/helm-expt/site/try.html"
"gitops","gitops-105","action","Helm","O-A4","deliver with Argo CD or Flux","https://confighub.github.io/helm-expt/site/testing.html","success","0","29","yes","3","no","3","3","yes","yes","continue","https://confighub.github.io/helm-expt/site/testing.html","Worked Examples · Config Workshop","les locally. It does not apply those files to a cluster; use kubectl, Argo CD, or Flux for delivery. The generated scripts stop before doing any work when the plugin or kustomize is missing. $ cub installer setup \ --pull oci:/","https://confighub.github.io/helm-expt/site/testing.html"
"gitops","gitops-106","action","Helm","O-A4","deliver with Argo CD or Flux","https://confighub.github.io/helm-expt/site/how-it-works.html","success","0","21","yes","3","no","3","3","yes","yes","continue","https://confighub.github.io/helm-expt/site/how-it-works.html","Choose How To Deploy It · Config Workshop","egistry and reconciler. Publish the reviewed files as a rendered OCI. Argo CD or Flux can pull the same objects you inspected. ConfigHub Import the files or OCI as a base: the reviewed starting configuration. Make variants when","https://confighub.github.io/helm-expt/site/how-it-works.html"
"gitops","gitops-107","action","Helm","O-A4","deliver with Argo CD or Flux","https://confighub.github.io/helm-expt/site/docs.html","success","0","22","yes","3","no","3","3","yes","yes","continue","https://confighub.github.io/helm-expt/site/docs.html","Docs · Config Workshop","loyable OCI? Choose the local OCI or ConfigHub release path, then let Argo CD or Flux pull the reviewed objects. What happens to hooks and CRDs? See how required setup is recorded, ordered, tested, or blocked. Should I change t","https://confighub.github.io/helm-expt/site/docs.html"
"gitops","gitops-108","action","Helm","O-A4","deliver with Argo CD or Flux","https://confighub.github.io/helm-expt/site/confighub.html","success","0","18","yes","3","no","3","3","yes","yes","continue","https://confighub.github.io/helm-expt/site/confighub.html","Use ConfigHub · Config Workshop","the approval, and keeps the promotion history. Publish a release for Argo CD or Flux. Add live observations when you need to compare the approved configuration with a cluster. 2. See one exact handoff A worked NGINX example st","https://confighub.github.io/helm-expt/site/confighub.html"
"gitops","gitops-109","recovery","Helm","O-R1","handle an object removed during upgrade","https://confighub.github.io/helm-expt/site/index.html","success","3","172","no","1","yes","2","2","yes","yes","continue","https://confighub.github.io/helm-expt/site/how-it-works.html","Choose How To Deploy It · Config Workshop","onfiguration. The objects contain a reference or requirement instead. Prune-protected resource The delivery path must not delete this object when it disappears from a later configuration. It does not protect individual fields","https://confighub.github.io/helm-expt/site/index.html -> https://confighub.github.io/helm-expt/site/known-gaps.html -> https://confighub.github.io/helm-expt/site/d/data/prune-gap-proof/summary.html -> https://confighub.github.io/helm-expt/site/how-it-works.html"
"gitops","gitops-110","recovery","Helm","O-R1","handle an object removed during upgrade","https://confighub.github.io/helm-expt/site/guides.html","success","1","35","no","0","yes","2","2","yes","yes","continue","https://confighub.github.io/helm-expt/site/how-it-works.html","Choose How To Deploy It · Config Workshop","onfiguration. The objects contain a reference or requirement instead. Prune-protected resource The delivery path must not delete this object when it disappears from a later configuration. It does not protect individual fields","https://confighub.github.io/helm-expt/site/guides.html -> https://confighub.github.io/helm-expt/site/how-it-works.html"
"gitops","gitops-111","recovery","Helm","O-R1","handle an object removed during upgrade","https://confighub.github.io/helm-expt/site/ask.html","success","4","103","no","1","no","2","2","yes","yes","continue","https://confighub.github.io/helm-expt/site/how-it-works.html","Choose How To Deploy It · Config Workshop","onfiguration. The objects contain a reference or requirement instead. Prune-protected resource The delivery path must not delete this object when it disappears from a later configuration. It does not protect individual fields","https://confighub.github.io/helm-expt/site/ask.html -> https://confighub.github.io/helm-expt/site/ask.html#lifecycle-work -> https://confighub.github.io/helm-expt/site/redis-walkthrough.html -> https://confighub.github.io/helm-expt/site/d/data/redis-upgrade-app-proof/summary.html -> https://confighub.github.io/helm-expt/site/how-it-works.html"
"gitops","gitops-112","recovery","Helm","O-R1","handle an object removed during upgrade","https://confighub.github.io/helm-expt/site/charts/index.html","success","1","44","no","0","yes","2","2","yes","yes","continue","https://confighub.github.io/helm-expt/site/charts/argo-cd-argo-cd-9-5-15.html#matrix-options","argo-cd/argo-cd 9.5.15 · Config Workshop","e, or fire under a different hook dialect. Keep policy 3 A reconciler prunes what Helm promised to keep. Capability branching 16 The chart chooses apiVersions from the cluster it renders against. Custom resource definitions 3","https://confighub.github.io/helm-expt/site/charts/index.html -> https://confighub.github.io/helm-expt/site/charts/argo-cd-argo-cd-9-5-15.html#matrix-options"
"gitops","gitops-113","recovery","Helm","O-R1","handle an object removed during upgrade","https://confighub.github.io/helm-expt/site/try.html","success","1","40","no","1","yes","2","2","yes","yes","continue","https://confighub.github.io/helm-expt/site/how-it-works.html","Choose How To Deploy It · Config Workshop","onfiguration. The objects contain a reference or requirement instead. Prune-protected resource The delivery path must not delete this object when it disappears from a later configuration. It does not protect individual fields","https://confighub.github.io/helm-expt/site/try.html -> https://confighub.github.io/helm-expt/site/how-it-works.html"
"gitops","gitops-114","recovery","Helm","O-R1","handle an object removed during upgrade","https://confighub.github.io/helm-expt/site/testing.html","success","2","61","no","1","no","2","2","yes","yes","continue","https://confighub.github.io/helm-expt/site/how-it-works.html","Choose How To Deploy It · Config Workshop","onfiguration. The objects contain a reference or requirement instead. Prune-protected resource The delivery path must not delete this object when it disappears from a later configuration. It does not protect individual fields","https://confighub.github.io/helm-expt/site/testing.html -> https://confighub.github.io/helm-expt/site/d/data/redis-upgrade-app-proof/summary.html -> https://confighub.github.io/helm-expt/site/how-it-works.html"
"gitops","gitops-115","recovery","Helm","O-R1","handle an object removed during upgrade","https://confighub.github.io/helm-expt/site/how-it-works.html","success","0","23","yes","2","no","2","2","yes","yes","continue","https://confighub.github.io/helm-expt/site/how-it-works.html","Choose How To Deploy It · Config Workshop","onfiguration. The objects contain a reference or requirement instead. Prune-protected resource The delivery path must not delete this object when it disappears from a later configuration. It does not protect individual fields","https://confighub.github.io/helm-expt/site/how-it-works.html"
"gitops","gitops-116","recovery","Helm","O-R1","handle an object removed during upgrade","https://confighub.github.io/helm-expt/site/docs.html","success","4","215","no","1","no","2","2","yes","yes","continue","https://confighub.github.io/helm-expt/site/how-it-works.html","Choose How To Deploy It · Config Workshop","onfiguration. The objects contain a reference or requirement instead. Prune-protected resource The delivery path must not delete this object when it disappears from a later configuration. It does not protect individual fields","https://confighub.github.io/helm-expt/site/docs.html -> https://confighub.github.io/helm-expt/site/d/docs/user/day2-upgrade-story.html -> https://confighub.github.io/helm-expt/site/d/docs/user/day2-upgrade-rollback.html -> https://confighub.github.io/helm-expt/site/d/data/redis-upgrade-app-proof/summary.html -> https://confighub.github.io/helm-expt/site/how-it-works.html"
"gitops","gitops-117","recovery","Helm","O-R1","handle an object removed during upgrade","https://confighub.github.io/helm-expt/site/confighub.html","success","1","37","no","0","yes","2","2","yes","yes","continue","https://confighub.github.io/helm-expt/site/how-it-works.html","Choose How To Deploy It · Config Workshop","onfiguration. The objects contain a reference or requirement instead. Prune-protected resource The delivery path must not delete this object when it disappears from a later configuration. It does not protect individual fields","https://confighub.github.io/helm-expt/site/confighub.html -> https://confighub.github.io/helm-expt/site/how-it-works.html"
"gitops","gitops-118","recovery","Helm","O-R2","handle CRDs on first install","https://confighub.github.io/helm-expt/site/index.html","partial","5","106","no","2","no","3","3","no","no","bookmark","https://confighub.github.io/helm-expt/site/how-it-works.html","Choose How To Deploy It · Config Workshop","flat configuration when they can. Keep them with recorded setup when CRDs, hooks, certificates, Secrets, or jobs must run too. Process the source later when it still depends on live data or behavior that cannot yet be carr","https://confighub.github.io/helm-expt/site/index.html -> https://confighub.github.io/helm-expt/site/try.html#install-cub -> https://confighub.github.io/helm-expt/site/how-it-works.html -> https://confighub.github.io/helm-expt/site/d/data/crd-ordering-gap/summary.html -> https://confighub.github.io/helm-expt/site/guides.html -> https://confighub.github.io/helm-expt/site/testing.html"
"gitops","gitops-119","recovery","Helm","O-R2","handle CRDs on first install","https://confighub.github.io/helm-expt/site/guides.html","success","4","103","no","1","yes","3","3","yes","yes","continue","https://confighub.github.io/helm-expt/site/charts/argo-cd-argo-cd-9-5-15.html#matrix-options","argo-cd/argo-cd 9.5.15 · Config Workshop","or the Helm comparison, live install, and delivery checks. See hooks, CRDs, and setup work The page names the work and says which delivery path has actually run. What To Use default configuration: 49 rendered objects · 3 im","https://confighub.github.io/helm-expt/site/guides.html -> https://confighub.github.io/helm-expt/site/how-it-works.html -> https://confighub.github.io/helm-expt/site/d/data/crd-ordering-gap/summary.html -> https://confighub.github.io/helm-expt/site/charts/index.html -> https://confighub.github.io/helm-expt/site/charts/argo-cd-argo-cd-9-5-15.html#matrix-options"
"gitops","gitops-120","recovery","Helm","O-R2","handle CRDs on first install","https://confighub.github.io/helm-expt/site/ask.html","success","3","77","no","2","no","3","3","yes","yes","continue","https://confighub.github.io/helm-expt/site/d/docs/demo/hooks-crds/kube-prometheus-stack.html","Hooks and CRDs: Kube Prometheus Stack · Config Workshop","Hooks and CRDs: Kube Prometheus Stack · Config Workshop Config Workshop AN EXPERIMENTAL TEST SITE FOR CONFIG TOOLS Guides Catalog Check my config Promote my config","https://confighub.github.io/helm-expt/site/ask.html -> https://confighub.github.io/helm-expt/site/ask.html#lifecycle-work -> https://confighub.github.io/helm-expt/site/d/docs/user/chart-hooks-what-happens.html -> https://confighub.github.io/helm-expt/site/d/docs/demo/hooks-crds/kube-prometheus-stack.html"
"gitops","gitops-121","recovery","Helm","O-R2","handle CRDs on first install","https://confighub.github.io/helm-expt/site/charts/index.html","success","1","47","no","2","yes","3","3","yes","yes","continue","https://confighub.github.io/helm-expt/site/charts/argo-cd-argo-cd-9-5-15.html#matrix-options","argo-cd/argo-cd 9.5.15 · Config Workshop","or the Helm comparison, live install, and delivery checks. See hooks, CRDs, and setup work The page names the work and says which delivery path has actually run. What To Use default configuration: 49 rendered objects · 3 im","https://confighub.github.io/helm-expt/site/charts/index.html -> https://confighub.github.io/helm-expt/site/charts/argo-cd-argo-cd-9-5-15.html#matrix-options"
"gitops","gitops-122","recovery","Helm","O-R2","handle CRDs on first install","https://confighub.github.io/helm-expt/site/try.html","success","5","111","no","1","yes","3","3","yes","yes","continue","https://confighub.github.io/helm-expt/site/d/docs/demo/hooks-crds/kube-prometheus-stack.html","Hooks and CRDs: Kube Prometheus Stack · Config Workshop","Hooks and CRDs: Kube Prometheus Stack · Config Workshop Config Workshop AN EXPERIMENTAL TEST SITE FOR CONFIG TOOLS Guides Catalog Check my config Promote my config","https://confighub.github.io/helm-expt/site/try.html -> https://confighub.github.io/helm-expt/site/how-it-works.html -> https://confighub.github.io/helm-expt/site/d/data/crd-ordering-gap/summary.html -> https://confighub.github.io/helm-expt/site/guides.html -> https://confighub.github.io/helm-expt/site/testing.html -> https://confighub.github.io/helm-expt/site/d/docs/demo/hooks-crds/kube-prometheus-stack.html"
"gitops","gitops-123","recovery","Helm","O-R2","handle CRDs on first install","https://confighub.github.io/helm-expt/site/testing.html","success","1","46","no","2","yes","3","3","yes","yes","continue","https://confighub.github.io/helm-expt/site/d/docs/demo/hooks-crds/kube-prometheus-stack.html","Hooks and CRDs: Kube Prometheus Stack · Config Workshop","Hooks and CRDs: Kube Prometheus Stack · Config Workshop Config Workshop AN EXPERIMENTAL TEST SITE FOR CONFIG TOOLS Guides Catalog Check my config Promote my config","https://confighub.github.io/helm-expt/site/testing.html -> https://confighub.github.io/helm-expt/site/d/docs/demo/hooks-crds/kube-prometheus-stack.html"
"gitops","gitops-124","recovery","Helm","O-R2","handle CRDs on first install","https://confighub.github.io/helm-expt/site/how-it-works.html","success","4","98","no","3","no","3","3","yes","yes","continue","https://confighub.github.io/helm-expt/site/d/docs/demo/hooks-crds/kube-prometheus-stack.html","Hooks and CRDs: Kube Prometheus Stack · Config Workshop","Hooks and CRDs: Kube Prometheus Stack · Config Workshop Config Workshop AN EXPERIMENTAL TEST SITE FOR CONFIG TOOLS Guides Catalog Check my config Promote my config","https://confighub.github.io/helm-expt/site/how-it-works.html -> https://confighub.github.io/helm-expt/site/d/data/crd-ordering-gap/summary.html -> https://confighub.github.io/helm-expt/site/guides.html -> https://confighub.github.io/helm-expt/site/testing.html -> https://confighub.github.io/helm-expt/site/d/docs/demo/hooks-crds/kube-prometheus-stack.html"
"gitops","gitops-125","recovery","Helm","O-R2","handle CRDs on first install","https://confighub.github.io/helm-expt/site/docs.html","success","2","49","no","2","no","3","3","yes","yes","continue","https://confighub.github.io/helm-expt/site/d/docs/demo/hooks-crds/kube-prometheus-stack.html","Hooks and CRDs: Kube Prometheus Stack · Config Workshop","Hooks and CRDs: Kube Prometheus Stack · Config Workshop Config Workshop AN EXPERIMENTAL TEST SITE FOR CONFIG TOOLS Guides Catalog Check my config Promote my config","https://confighub.github.io/helm-expt/site/docs.html -> https://confighub.github.io/helm-expt/site/d/docs/user/chart-hooks-what-happens.html -> https://confighub.github.io/helm-expt/site/d/docs/demo/hooks-crds/kube-prometheus-stack.html"
"gitops","gitops-126","recovery","Helm","O-R2","handle CRDs on first install","https://confighub.github.io/helm-expt/site/confighub.html","partial","5","107","no","1","no","3","3","no","no","bookmark","https://confighub.github.io/helm-expt/site/how-it-works.html","Choose How To Deploy It · Config Workshop","flat configuration when they can. Keep them with recorded setup when CRDs, hooks, certificates, Secrets, or jobs must run too. Process the source later when it still depends on live data or behavior that cannot yet be carr","https://confighub.github.io/helm-expt/site/confighub.html -> https://confighub.github.io/helm-expt/site/try.html#install-cub -> https://confighub.github.io/helm-expt/site/how-it-works.html -> https://confighub.github.io/helm-expt/site/d/data/crd-ordering-gap/summary.html -> https://confighub.github.io/helm-expt/site/guides.html -> https://confighub.github.io/helm-expt/site/testing.html"
"gitops","gitops-127","recovery","Helm","O-R3","understand a Helm hook result","https://confighub.github.io/helm-expt/site/index.html","success","1","38","no","1","yes","2","2","yes","yes","continue","https://confighub.github.io/helm-expt/site/ask.html","Check my config · Config Workshop","t breaking production? How should Argo CD or Flux handle this chart's hooks and CRDs? Where does this vulnerable image run, and how can I update it safely? Can I roll back to exactly what ran before? AI wrote these values. W","https://confighub.github.io/helm-expt/site/index.html -> https://confighub.github.io/helm-expt/site/ask.html"
"gitops","gitops-128","recovery","Helm","O-R3","understand a Helm hook result","https://confighub.github.io/helm-expt/site/guides.html","success","1","35","no","0","yes","2","2","yes","yes","continue","https://confighub.github.io/helm-expt/site/how-it-works.html","Choose How To Deploy It · Config Workshop","configuration when they can. Keep them with recorded setup when CRDs, hooks, certificates, Secrets, or jobs must run too. Process the source later when it still depends on live data or behavior that cannot yet be carried saf","https://confighub.github.io/helm-expt/site/guides.html -> https://confighub.github.io/helm-expt/site/how-it-works.html"
"gitops","gitops-129","recovery","Helm","O-R3","understand a Helm hook result","https://confighub.github.io/helm-expt/site/ask.html","success","0","20","yes","2","no","2","2","yes","yes","continue","https://confighub.github.io/helm-expt/site/ask.html","Check my config · Config Workshop","t breaking production? How should Argo CD or Flux handle this chart's hooks and CRDs? Where does this vulnerable image run, and how can I update it safely? Can I roll back to exactly what ran before? AI wrote these values. W","https://confighub.github.io/helm-expt/site/ask.html"
"gitops","gitops-130","recovery","Helm","O-R3","understand a Helm hook result","https://confighub.github.io/helm-expt/site/charts/index.html","success","0","23","yes","2","no","2","2","yes","yes","continue","https://confighub.github.io/helm-expt/site/charts/index.html","Component Catalog · Config Workshop","l Recommended first path Rendering checked; read page Read chart page Hooks All Needs lifecycle review No hook signal recorded CRDs All Includes or needs CRDs No CRD signal recorded Ready to try entries have maintained start","https://confighub.github.io/helm-expt/site/charts/index.html"
"gitops","gitops-131","recovery","Helm","O-R3","understand a Helm hook result","https://confighub.github.io/helm-expt/site/try.html","success","1","39","no","0","yes","2","2","yes","yes","continue","https://confighub.github.io/helm-expt/site/how-it-works.html#now-deploy","Choose How To Deploy It · Config Workshop","configuration when they can. Keep them with recorded setup when CRDs, hooks, certificates, Secrets, or jobs must run too. Process the source later when it still depends on live data or behavior that cannot yet be carried saf","https://confighub.github.io/helm-expt/site/try.html -> https://confighub.github.io/helm-expt/site/how-it-works.html#now-deploy"
"gitops","gitops-132","recovery","Helm","O-R3","understand a Helm hook result","https://confighub.github.io/helm-expt/site/testing.html","success","0","19","yes","2","no","2","2","yes","yes","continue","https://confighub.github.io/helm-expt/site/testing.html","Worked Examples · Config Workshop","/out . Check images, credentials, permissions, storage, CRDs, and any hooks reported by the command. If you omit --namespace , cub uses confighubplaceholder until a deployment variant supplies the real namespace. Hooks are o","https://confighub.github.io/helm-expt/site/testing.html"
"gitops","gitops-133","recovery","Helm","O-R3","understand a Helm hook result","https://confighub.github.io/helm-expt/site/how-it-works.html","success","0","16","yes","2","no","2","2","yes","yes","continue","https://confighub.github.io/helm-expt/site/how-it-works.html","Choose How To Deploy It · Config Workshop","configuration when they can. Keep them with recorded setup when CRDs, hooks, certificates, Secrets, or jobs must run too. Process the source later when it still depends on live data or behavior that cannot yet be carried saf","https://confighub.github.io/helm-expt/site/how-it-works.html"
"gitops","gitops-134","recovery","Helm","O-R3","understand a Helm hook result","https://confighub.github.io/helm-expt/site/docs.html","success","0","20","yes","2","no","2","2","yes","yes","continue","https://confighub.github.io/helm-expt/site/docs.html","Docs · Config Workshop",", then let Argo CD or Flux pull the reviewed objects. What happens to hooks and CRDs? See how required setup is recorded, ordered, tested, or blocked. Should I change the source input or the rendered object? Use this guide t","https://confighub.github.io/helm-expt/site/docs.html"
"gitops","gitops-135","recovery","Helm","O-R3","understand a Helm hook result","https://confighub.github.io/helm-expt/site/confighub.html","success","2","53","no","0","no","2","2","yes","yes","continue","https://confighub.github.io/helm-expt/site/how-it-works.html","Choose How To Deploy It · Config Workshop","configuration when they can. Keep them with recorded setup when CRDs, hooks, certificates, Secrets, or jobs must run too. Process the source later when it still depends on live data or behavior that cannot yet be carried saf","https://confighub.github.io/helm-expt/site/confighub.html -> https://confighub.github.io/helm-expt/site/guides.html -> https://confighub.github.io/helm-expt/site/how-it-works.html"
"gitops","gitops-136","recovery","Helm","O-R4","find delivery limitations","https://confighub.github.io/helm-expt/site/index.html","success","0","20","yes","2","no","2","2","yes","yes","continue","https://confighub.github.io/helm-expt/site/index.html","Config Workshop · Understand and test your configuration","otion, or rollback. The page says which checks ran and which did not. Known gaps stay visible. Check my config Open verification Read known gaps You know the saying about not wanting to see how the sausage gets made. We are the pl","https://confighub.github.io/helm-expt/site/index.html"
"gitops","gitops-137","recovery","Helm","O-R4","find delivery limitations","https://confighub.github.io/helm-expt/site/guides.html","success","2","61","no","0","yes","2","2","yes","yes","continue","https://confighub.github.io/helm-expt/site/known-gaps.html","Delivery Limitations · Config Workshop","Promote my config Deployment Docs ConfigHub Delivery limitations and known gaps Check this page before choosing a delivery path. Each row names a current limitation, explains how it could affect a deployment, and gives the safest","https://confighub.github.io/helm-expt/site/guides.html -> https://confighub.github.io/helm-expt/site/how-it-works.html -> https://confighub.github.io/helm-expt/site/known-gaps.html"
"gitops","gitops-138","recovery","Helm","O-R4","find delivery limitations","https://confighub.github.io/helm-expt/site/ask.html","success","0","22","yes","2","no","2","2","yes","yes","continue","https://confighub.github.io/helm-expt/site/ask.html","Check my config · Config Workshop","environment and cluster, test the candidate, and promote it through a limited rollout wave. 2 Can I roll back to exactly what ran before? Find a retained rendered revision or OCI digest and restore those exact objects. Keep d","https://confighub.github.io/helm-expt/site/ask.html"
"gitops","gitops-139","recovery","Helm","O-R4","find delivery limitations","https://confighub.github.io/helm-expt/site/charts/index.html","partial","3","175","no","2","no","2","2","no","no","bookmark","https://confighub.github.io/helm-expt/site/charts/index.html","Component Catalog · Config Workshop","alues, rendered Kubernetes objects, required setup, checks, and known limits. The AI infrastructure section starts with a CPU model and continues into AICR, NIM, and EKS. A new review adds a version instead of replacing the p","https://confighub.github.io/helm-expt/site/charts/index.html -> https://confighub.github.io/helm-expt/site/charts/argo-cd-argo-cd-9-5-15.html#matrix-options -> https://confighub.github.io/helm-expt/site/charts/argo-cd-argo-cd-9-5-15.html#lifecycle -> https://confighub.github.io/helm-expt/site/sh/argo-cd-argo-cd-9-5-15/no-crds/try.sh"
"gitops","gitops-140","recovery","Helm","O-R4","find delivery limitations","https://confighub.github.io/helm-expt/site/try.html","success","2","57","no","1","no","2","2","yes","yes","continue","https://confighub.github.io/helm-expt/site/known-gaps.html","Delivery Limitations · Config Workshop","Promote my config Deployment Docs ConfigHub Delivery limitations and known gaps Check this page before choosing a delivery path. Each row names a current limitation, explains how it could affect a deployment, and gives the safest","https://confighub.github.io/helm-expt/site/try.html -> https://confighub.github.io/helm-expt/site/how-it-works.html -> https://confighub.github.io/helm-expt/site/known-gaps.html"
"gitops","gitops-141","recovery","Helm","O-R4","find delivery limitations","https://confighub.github.io/helm-expt/site/testing.html","success","4","101","no","1","yes","2","2","yes","yes","continue","https://confighub.github.io/helm-expt/site/known-gaps.html","Delivery Limitations · Config Workshop","Promote my config Deployment Docs ConfigHub Delivery limitations and known gaps Check this page before choosing a delivery path. Each row names a current limitation, explains how it could affect a deployment, and gives the safest","https://confighub.github.io/helm-expt/site/testing.html -> https://confighub.github.io/helm-expt/site/operations.html -> https://confighub.github.io/helm-expt/site/d/data/runtime-gitops/summary.html -> https://confighub.github.io/helm-expt/site/how-it-works.html -> https://confighub.github.io/helm-expt/site/known-gaps.html"
"gitops","gitops-142","recovery","Helm","O-R4","find delivery limitations","https://confighub.github.io/helm-expt/site/how-it-works.html","success","1","43","no","1","yes","2","2","yes","yes","continue","https://confighub.github.io/helm-expt/site/known-gaps.html","Delivery Limitations · Config Workshop","Promote my config Deployment Docs ConfigHub Delivery limitations and known gaps Check this page before choosing a delivery path. Each row names a current limitation, explains how it could affect a deployment, and gives the safest","https://confighub.github.io/helm-expt/site/how-it-works.html -> https://confighub.github.io/helm-expt/site/known-gaps.html"
"gitops","gitops-143","recovery","Helm","O-R4","find delivery limitations","https://confighub.github.io/helm-expt/site/docs.html","success","0","23","yes","2","no","2","2","yes","yes","continue","https://confighub.github.io/helm-expt/site/docs.html","Docs · Config Workshop","ifferences it can still miss. What is not working yet? Read the named limitations and the evidence behind them. Why did a chart fail? Separate source, render, setup, target, and runtime failures. What are the difficult questi","https://confighub.github.io/helm-expt/site/docs.html"
"gitops","gitops-144","recovery","Helm","O-R4","find delivery limitations","https://confighub.github.io/helm-expt/site/confighub.html","success","2","62","no","0","yes","2","2","yes","yes","continue","https://confighub.github.io/helm-expt/site/known-gaps.html","Delivery Limitations · Config Workshop","Promote my config Deployment Docs ConfigHub Delivery limitations and known gaps Check this page before choosing a delivery path. Each row names a current limitation, explains how it could affect a deployment, and gives the safest","https://confighub.github.io/helm-expt/site/confighub.html -> https://confighub.github.io/helm-expt/site/how-it-works.html -> https://confighub.github.io/helm-expt/site/known-gaps.html"
"gitops","gitops-145","conversion","Helm","O-X1","store the reviewed configuration","https://confighub.github.io/helm-expt/site/index.html","success","1","46","no","3","yes","3","3","yes","yes","signup","https://confighub.github.io/helm-expt/site/confighub.html","Use ConfigHub · Config Workshop","Check my config Promote my config Deployment Docs ConfigHub Keep This Reviewed Configuration in ConfigHub Needs a ConfigHub account Save the exact Kubernetes configuration you approved. ConfigHub keeps it with its source, checks","https://confighub.github.io/helm-expt/site/index.html -> https://confighub.github.io/helm-expt/site/confighub.html"
"gitops","gitops-146","conversion","Helm","O-X1","store the reviewed configuration","https://confighub.github.io/helm-expt/site/guides.html","success","1","41","no","3","yes","3","3","yes","yes","signup","https://confighub.github.io/helm-expt/site/confighub.html","Use ConfigHub · Config Workshop","Check my config Promote my config Deployment Docs ConfigHub Keep This Reviewed Configuration in ConfigHub Needs a ConfigHub account Save the exact Kubernetes configuration you approved. ConfigHub keeps it with its source, checks","https://confighub.github.io/helm-expt/site/guides.html -> https://confighub.github.io/helm-expt/site/confighub.html"
"gitops","gitops-147","conversion","Helm","O-X1","store the reviewed configuration","https://confighub.github.io/helm-expt/site/ask.html","success","0","28","yes","3","no","3","3","yes","yes","signup","https://confighub.github.io/helm-expt/site/ask.html","Check my config · Config Workshop","the Catalog, and what I run now. Tell me what matters, then give me a reviewed result I can keep.&rdquo; The Catalog has chart configurations we have already tested and documented. Use this page for your own chart, values, new v","https://confighub.github.io/helm-expt/site/ask.html"
"gitops","gitops-148","conversion","Helm","O-X1","store the reviewed configuration","https://confighub.github.io/helm-expt/site/charts/index.html","success","2","67","no","3","no","3","3","yes","yes","signup","https://confighub.github.io/helm-expt/site/d/docs/user/confighub-data-model.html","The ConfigHub data model · Config Workshop","Space metadata rather than a separate API object. Base variant is the reviewed starting configuration. For a Helm source, it corresponds to a supported render shape such as no-crds or reuse-existing-secret . Derived variant is a","https://confighub.github.io/helm-expt/site/charts/index.html -> https://confighub.github.io/helm-expt/site/how-it-works.html -> https://confighub.github.io/helm-expt/site/d/docs/user/confighub-data-model.html"
"gitops","gitops-149","conversion","Helm","O-X1","store the reviewed configuration","https://confighub.github.io/helm-expt/site/try.html","success","2","57","no","3","no","3","3","yes","yes","signup","https://confighub.github.io/helm-expt/site/d/docs/user/confighub-data-model.html","The ConfigHub data model · Config Workshop","Space metadata rather than a separate API object. Base variant is the reviewed starting configuration. For a Helm source, it corresponds to a supported render shape such as no-crds or reuse-existing-secret . Derived variant is a","https://confighub.github.io/helm-expt/site/try.html -> https://confighub.github.io/helm-expt/site/how-it-works.html#now-deploy -> https://confighub.github.io/helm-expt/site/d/docs/user/confighub-data-model.html"
"gitops","gitops-150","conversion","Helm","O-X1","store the reviewed configuration","https://confighub.github.io/helm-expt/site/testing.html","success","0","23","yes","3","no","3","3","yes","yes","signup","https://confighub.github.io/helm-expt/site/testing.html","Worked Examples · Config Workshop","shape An anonymous pull of the retained AICR platform, followed by a reviewed seven-Application CPU-starter selection and a checked local OCI. Read the detailed record . ORAS and a laptop. No GPU, cloud account, NGC key, Config","https://confighub.github.io/helm-expt/site/testing.html"
"gitops","gitops-151","conversion","Helm","O-X1","store the reviewed configuration","https://confighub.github.io/helm-expt/site/how-it-works.html","success","1","42","no","3","yes","3","3","yes","yes","signup","https://confighub.github.io/helm-expt/site/d/docs/user/confighub-data-model.html","The ConfigHub data model · Config Workshop","Space metadata rather than a separate API object. Base variant is the reviewed starting configuration. For a Helm source, it corresponds to a supported render shape such as no-crds or reuse-existing-secret . Derived variant is a","https://confighub.github.io/helm-expt/site/how-it-works.html -> https://confighub.github.io/helm-expt/site/d/docs/user/confighub-data-model.html"
"gitops","gitops-152","conversion","Helm","O-X1","store the reviewed configuration","https://confighub.github.io/helm-expt/site/docs.html","success","0","21","yes","3","no","3","3","yes","yes","signup","https://confighub.github.io/helm-expt/site/docs.html","Docs · Config Workshop","ocal files, OCI, and ConfigHub choices in one sequence. How do I turn reviewed files into a deployable OCI? Choose the local OCI or ConfigHub release path, then let Argo CD or Flux pull the reviewed objects. What happens to hook","https://confighub.github.io/helm-expt/site/docs.html"
"gitops","gitops-153","conversion","Helm","O-X1","store the reviewed configuration","https://confighub.github.io/helm-expt/site/confighub.html","success","0","22","yes","3","no","3","3","yes","yes","signup","https://confighub.github.io/helm-expt/site/confighub.html","Use ConfigHub · Config Workshop","Check my config Promote my config Deployment Docs ConfigHub Keep This Reviewed Configuration in ConfigHub Needs a ConfigHub account Save the exact Kubernetes configuration you approved. ConfigHub keeps it with its source, checks","https://confighub.github.io/helm-expt/site/confighub.html"
"gitops","gitops-154","conversion","Helm","O-X2","promote and publish a release","https://confighub.github.io/helm-expt/site/index.html","success","0","21","yes","3","no","3","3","yes","yes","signup","https://confighub.github.io/helm-expt/site/index.html","Config Workshop · Understand and test your configuration","XPERIMENTAL TEST SITE FOR CONFIG TOOLS Guides Catalog Check my config Promote my config Deployment Docs ConfigHub Helm first · AICR, OCI and YAML also supported See What Your Configuration Will Do See the exact Kubernetes objec","https://confighub.github.io/helm-expt/site/index.html"
"gitops","gitops-155","conversion","Helm","O-X2","promote and publish a release","https://confighub.github.io/helm-expt/site/guides.html","success","1","40","no","2","yes","3","3","yes","yes","signup","https://confighub.github.io/helm-expt/site/promote.html","Promote my config · Config Workshop","Promote my config · Config Workshop Config Workshop AN EXPERIMENTAL TEST SITE FOR CONFIG TOOLS Guides Catalog Check my config Promote my config Deployment Do","https://confighub.github.io/helm-expt/site/guides.html -> https://confighub.github.io/helm-expt/site/promote.html"
"gitops","gitops-156","conversion","Helm","O-X2","promote and publish a release","https://confighub.github.io/helm-expt/site/ask.html","success","0","24","yes","3","no","3","3","yes","yes","signup","https://confighub.github.io/helm-expt/site/ask.html","Check my config · Config Workshop","XPERIMENTAL TEST SITE FOR CONFIG TOOLS Guides Catalog Check my config Promote my config Deployment Docs ConfigHub Check your configuration &ldquo;Here is the chart and values my AI produced. Compare them with the chart defaults","https://confighub.github.io/helm-expt/site/ask.html"
"gitops","gitops-157","conversion","Helm","O-X2","promote and publish a release","https://confighub.github.io/helm-expt/site/charts/index.html","success","0","23","yes","3","no","3","3","yes","yes","signup","https://confighub.github.io/helm-expt/site/charts/index.html","Component Catalog · Config Workshop","XPERIMENTAL TEST SITE FOR CONFIG TOOLS Guides Catalog Check my config Promote my config Deployment Docs ConfigHub Find a Tested Configuration Runs on your laptop Choose a tested starting configuration for a Helm component or an","https://confighub.github.io/helm-expt/site/charts/index.html"
"gitops","gitops-158","conversion","Helm","O-X2","promote and publish a release","https://confighub.github.io/helm-expt/site/try.html","success","0","19","yes","3","no","3","3","yes","yes","signup","https://confighub.github.io/helm-expt/site/try.html","Try Redis · Config Workshop","XPERIMENTAL TEST SITE FOR CONFIG TOOLS Guides Catalog Check my config Promote my config Deployment Docs ConfigHub Try a simple example: Redis Runs on your laptop Render one reviewed Redis configuration and inspect the 14 Kubern","https://confighub.github.io/helm-expt/site/try.html"
"gitops","gitops-159","conversion","Helm","O-X2","promote and publish a release","https://confighub.github.io/helm-expt/site/testing.html","success","0","21","yes","3","no","3","3","yes","yes","signup","https://confighub.github.io/helm-expt/site/testing.html","Worked Examples · Config Workshop","XPERIMENTAL TEST SITE FOR CONFIG TOOLS Guides Catalog Check my config Promote my config Deployment Docs ConfigHub Choose a worked example Runs on your laptop Choose the kind of configuration you have, then follow one worked exa","https://confighub.github.io/helm-expt/site/testing.html"
"gitops","gitops-160","conversion","Helm","O-X2","promote and publish a release","https://confighub.github.io/helm-expt/site/how-it-works.html","success","1","41","no","3","yes","3","3","yes","yes","signup","https://confighub.github.io/helm-expt/site/promote.html","Promote my config · Config Workshop","Promote my config · Config Workshop Config Workshop AN EXPERIMENTAL TEST SITE FOR CONFIG TOOLS Guides Catalog Check my config Promote my config Deployment Do","https://confighub.github.io/helm-expt/site/how-it-works.html -> https://confighub.github.io/helm-expt/site/promote.html"
"gitops","gitops-161","conversion","Helm","O-X2","promote and publish a release","https://confighub.github.io/helm-expt/site/docs.html","success","0","22","yes","3","no","3","3","yes","yes","signup","https://confighub.github.io/helm-expt/site/docs.html","Docs · Config Workshop","XPERIMENTAL TEST SITE FOR CONFIG TOOLS Guides Catalog Check my config Promote my config Deployment Docs ConfigHub Find instructions for the step you are doing Choose the question closest to your current work. Each link opens th","https://confighub.github.io/helm-expt/site/docs.html"
"gitops","gitops-162","conversion","Helm","O-X2","promote and publish a release","https://confighub.github.io/helm-expt/site/confighub.html","success","0","19","yes","3","no","3","3","yes","yes","signup","https://confighub.github.io/helm-expt/site/confighub.html","Use ConfigHub · Config Workshop","XPERIMENTAL TEST SITE FOR CONFIG TOOLS Guides Catalog Check my config Promote my config Deployment Docs ConfigHub Keep This Reviewed Configuration in ConfigHub Needs a ConfigHub account Save the exact Kubernetes configuration y","https://confighub.github.io/helm-expt/site/confighub.html"
"gitops","gitops-163","conversion","Helm","O-X3","compare desired and live state","https://confighub.github.io/helm-expt/site/index.html","success","0","19","yes","3","no","3","3","yes","yes","signup","https://confighub.github.io/helm-expt/site/index.html","Config Workshop · Understand and test your configuration","ion? Compare the two exact object sets and their source records. Keep desired-configuration differences separate from live-cluster drift. Start this check → 6 of 40 discussions 03 I set a value. Why did the rendered object not","https://confighub.github.io/helm-expt/site/index.html"
"gitops","gitops-164","conversion","Helm","O-X3","compare desired and live state","https://confighub.github.io/helm-expt/site/guides.html","success","4","88","no","0","yes","3","3","yes","yes","signup","https://confighub.github.io/helm-expt/site/d/docs/user/live-parity.html","Live Parity · Config Workshop","test harness drive the proof: they upload Units, publish or apply the desired state, and collect receipts. That is the test driver, not a resident cluster worker. Argo CD then pulls the ConfigHub OCI artifact and Kubernetes run","https://confighub.github.io/helm-expt/site/guides.html -> https://confighub.github.io/helm-expt/site/how-it-works.html -> https://confighub.github.io/helm-expt/site/known-gaps.html -> https://confighub.github.io/helm-expt/site/verification.html -> https://confighub.github.io/helm-expt/site/d/docs/user/live-parity.html"
"gitops","gitops-165","conversion","Helm","O-X3","compare desired and live state","https://confighub.github.io/helm-expt/site/ask.html","success","0","21","yes","3","no","3","3","yes","yes","signup","https://confighub.github.io/helm-expt/site/ask.html","Check my config · Config Workshop","ion? Compare the two exact object sets and their source records. Keep desired-configuration differences separate from live-cluster drift. 5 I set a value. Why did the rendered object not change? If Helm ignored a setting, check","https://confighub.github.io/helm-expt/site/ask.html"
"gitops","gitops-166","conversion","Helm","O-X3","compare desired and live state","https://confighub.github.io/helm-expt/site/charts/index.html","partial","5","110","no","2","no","2","3","yes","no","bookmark","https://confighub.github.io/helm-expt/site/charts/index.html","Component Catalog · Config Workshop","s Networking and ingress Storage and backup Databases and messaging Delivery and automation Cluster operations Web and compute First configuration All Recommended first path Rendering checked; read page Read chart page Hooks","https://confighub.github.io/helm-expt/site/charts/index.html -> https://confighub.github.io/helm-expt/site/promote.html -> https://confighub.github.io/helm-expt/site/guides.html -> https://confighub.github.io/helm-expt/site/how-it-works.html -> https://confighub.github.io/helm-expt/site/known-gaps.html -> https://confighub.github.io/helm-expt/site/verification.html"
"gitops","gitops-167","conversion","Helm","O-X3","compare desired and live state","https://confighub.github.io/helm-expt/site/try.html","success","5","107","no","1","no","3","3","yes","yes","signup","https://confighub.github.io/helm-expt/site/d/docs/user/live-parity.html","Live Parity · Config Workshop","test harness drive the proof: they upload Units, publish or apply the desired state, and collect receipts. That is the test driver, not a resident cluster worker. Argo CD then pulls the ConfigHub OCI artifact and Kubernetes run","https://confighub.github.io/helm-expt/site/try.html -> https://confighub.github.io/helm-expt/site/guides.html -> https://confighub.github.io/helm-expt/site/how-it-works.html -> https://confighub.github.io/helm-expt/site/known-gaps.html -> https://confighub.github.io/helm-expt/site/verification.html -> https://confighub.github.io/helm-expt/site/d/docs/user/live-parity.html"
"gitops","gitops-168","conversion","Helm","O-X3","compare desired and live state","https://confighub.github.io/helm-expt/site/testing.html","success","1","40","no","2","yes","3","3","yes","yes","signup","https://confighub.github.io/helm-expt/site/operations.html","Operate saved configuration · Config Workshop","pprove it, deliver it, and check the live result. ConfigHub keeps the desired configuration and revision history. OCI carries a reviewed release to Argo CD or Flux. Live checks show what reached the cluster. If you have not cho","https://confighub.github.io/helm-expt/site/testing.html -> https://confighub.github.io/helm-expt/site/operations.html"
"gitops","gitops-169","conversion","Helm","O-X3","compare desired and live state","https://confighub.github.io/helm-expt/site/how-it-works.html","success","3","74","no","2","no","3","3","yes","yes","signup","https://confighub.github.io/helm-expt/site/d/docs/user/live-parity.html","Live Parity · Config Workshop","test harness drive the proof: they upload Units, publish or apply the desired state, and collect receipts. That is the test driver, not a resident cluster worker. Argo CD then pulls the ConfigHub OCI artifact and Kubernetes run","https://confighub.github.io/helm-expt/site/how-it-works.html -> https://confighub.github.io/helm-expt/site/known-gaps.html -> https://confighub.github.io/helm-expt/site/verification.html -> https://confighub.github.io/helm-expt/site/d/docs/user/live-parity.html"
"gitops","gitops-170","conversion","Helm","O-X3","compare desired and live state","https://confighub.github.io/helm-expt/site/docs.html","success","4","88","no","2","no","3","3","yes","yes","signup","https://confighub.github.io/helm-expt/site/d/docs/user/live-parity.html","Live Parity · Config Workshop","test harness drive the proof: they upload Units, publish or apply the desired state, and collect receipts. That is the test driver, not a resident cluster worker. Argo CD then pulls the ConfigHub OCI artifact and Kubernetes run","https://confighub.github.io/helm-expt/site/docs.html -> https://confighub.github.io/helm-expt/site/how-it-works.html -> https://confighub.github.io/helm-expt/site/known-gaps.html -> https://confighub.github.io/helm-expt/site/verification.html -> https://confighub.github.io/helm-expt/site/d/docs/user/live-parity.html"
"gitops","gitops-171","conversion","Helm","O-X3","compare desired and live state","https://confighub.github.io/helm-expt/site/confighub.html","success","0","22","yes","3","no","3","3","yes","yes","signup","https://confighub.github.io/helm-expt/site/confighub.html","Use ConfigHub · Config Workshop","main outside the rollback claim. Redis promotion and rollback Compare desired with live The approved desired objects and a separately dated live observation. Desired and live comparison Roll out to a fleet The selected targets,","https://confighub.github.io/helm-expt/site/confighub.html"
"gitops","gitops-172","conversion","Helm","O-X4","keep GitOps while adding ConfigHub","https://confighub.github.io/helm-expt/site/index.html","success","0","17","yes","3","no","3","3","yes","yes","signup","https://confighub.github.io/helm-expt/site/index.html","Config Workshop · Understand and test your configuration","OOLS Guides Catalog Check my config Promote my config Deployment Docs ConfigHub Helm first · AICR, OCI and YAML also supported See What Your Configuration Will Do See the exact Kubernetes objects before you deploy. Compare them w","https://confighub.github.io/helm-expt/site/index.html"
"gitops","gitops-173","conversion","Helm","O-X4","keep GitOps while adding ConfigHub","https://confighub.github.io/helm-expt/site/guides.html","success","1","33","no","1","yes","3","3","yes","yes","signup","https://confighub.github.io/helm-expt/site/confighub.html","Use ConfigHub · Config Workshop","Use ConfigHub · Config Workshop Config Workshop AN EXPERIMENTAL TEST SITE FOR CONFIG TOOLS Guides Catalog Check my config Promote my config Deployment Docs ConfigH","https://confighub.github.io/helm-expt/site/guides.html -> https://confighub.github.io/helm-expt/site/confighub.html"
"gitops","gitops-174","conversion","Helm","O-X4","keep GitOps while adding ConfigHub","https://confighub.github.io/helm-expt/site/ask.html","success","0","21","yes","3","no","3","3","yes","yes","signup","https://confighub.github.io/helm-expt/site/ask.html","Check my config · Config Workshop","OOLS Guides Catalog Check my config Promote my config Deployment Docs ConfigHub Check your configuration &ldquo;Here is the chart and values my AI produced. Compare them with the chart defaults, the Catalog, and what I run now. T","https://confighub.github.io/helm-expt/site/ask.html"
"gitops","gitops-175","conversion","Helm","O-X4","keep GitOps while adding ConfigHub","https://confighub.github.io/helm-expt/site/charts/index.html","success","0","23","yes","3","no","3","3","yes","yes","signup","https://confighub.github.io/helm-expt/site/charts/index.html","Component Catalog · Config Workshop","OOLS Guides Catalog Check my config Promote my config Deployment Docs ConfigHub Find a Tested Configuration Runs on your laptop Choose a tested starting configuration for a Helm component or an AI infrastructure stack. Helm is th","https://confighub.github.io/helm-expt/site/charts/index.html"
"gitops","gitops-176","conversion","Helm","O-X4","keep GitOps while adding ConfigHub","https://confighub.github.io/helm-expt/site/try.html","success","0","20","yes","3","no","3","3","yes","yes","signup","https://confighub.github.io/helm-expt/site/try.html","Try Redis · Config Workshop","OOLS Guides Catalog Check my config Promote my config Deployment Docs ConfigHub Try a simple example: Redis Runs on your laptop Render one reviewed Redis configuration and inspect the 14 Kubernetes objects it creates: 13 from the","https://confighub.github.io/helm-expt/site/try.html"
"gitops","gitops-177","conversion","Helm","O-X4","keep GitOps while adding ConfigHub","https://confighub.github.io/helm-expt/site/testing.html","success","0","20","yes","3","no","3","3","yes","yes","signup","https://confighub.github.io/helm-expt/site/testing.html","Worked Examples · Config Workshop","OOLS Guides Catalog Check my config Promote my config Deployment Docs ConfigHub Choose a worked example Runs on your laptop Choose the kind of configuration you have, then follow one worked example to exact Kubernetes objects and","https://confighub.github.io/helm-expt/site/testing.html"
"gitops","gitops-178","conversion","Helm","O-X4","keep GitOps while adding ConfigHub","https://confighub.github.io/helm-expt/site/how-it-works.html","success","0","19","yes","3","no","3","3","yes","yes","signup","https://confighub.github.io/helm-expt/site/how-it-works.html","Choose How To Deploy It · Config Workshop","OOLS Guides Catalog Check my config Promote my config Deployment Docs ConfigHub Choose how to deploy it Come here after you have inspected the Kubernetes objects. They may have come from Helm, an AICR recipe for AI infrastructure","https://confighub.github.io/helm-expt/site/how-it-works.html"
"gitops","gitops-179","conversion","Helm","O-X4","keep GitOps while adding ConfigHub","https://confighub.github.io/helm-expt/site/docs.html","success","0","22","yes","3","no","3","3","yes","yes","signup","https://confighub.github.io/helm-expt/site/docs.html","Docs · Config Workshop","OOLS Guides Catalog Check my config Promote my config Deployment Docs ConfigHub Find instructions for the step you are doing Choose the question closest to your current work. Each link opens the commands, example, or evidence you","https://confighub.github.io/helm-expt/site/docs.html"
"gitops","gitops-180","conversion","Helm","O-X4","keep GitOps while adding ConfigHub","https://confighub.github.io/helm-expt/site/confighub.html","success","0","17","yes","3","no","3","3","yes","yes","signup","https://confighub.github.io/helm-expt/site/confighub.html","Use ConfigHub · Config Workshop","Use ConfigHub · Config Workshop Config Workshop AN EXPERIMENTAL TEST SITE FOR CONFIG TOOLS Guides Catalog Check my config Promote my config Deployment Docs ConfigH","https://confighub.github.io/helm-expt/site/confighub.html"
"platform","platform-001","comprehension","Helm","P-C1","understand base and derived variants","https://confighub.github.io/helm-expt/site/index.html","success","2","56","no","2","no","3","3","yes","yes","continue","https://confighub.github.io/helm-expt/site/testing.html#managed","Worked Examples · Config Workshop","-docker.pkg.dev/nth-fort-499605-q5/helm-expt/bitnami-redis:25.5.3 \ --base reuse-existing-secret \ --work-dir ./redis \ --non-interactive \ --namespace redis Base: reuse-existing-secret; components: [] Namespace: redis Rende","https://confighub.github.io/helm-expt/site/index.html -> https://confighub.github.io/helm-expt/site/confighub.html -> https://confighub.github.io/helm-expt/site/testing.html#managed"
"platform","platform-002","comprehension","Helm","P-C1","understand base and derived variants","https://confighub.github.io/helm-expt/site/guides.html","success","1","44","no","0","yes","3","3","yes","yes","continue","https://confighub.github.io/helm-expt/site/testing.html","Worked Examples · Config Workshop","-docker.pkg.dev/nth-fort-499605-q5/helm-expt/bitnami-redis:25.5.3 \ --base reuse-existing-secret \ --work-dir ./redis \ --non-interactive \ --namespace redis Base: reuse-existing-secret; components: [] Namespace: redis Rende","https://confighub.github.io/helm-expt/site/guides.html -> https://confighub.github.io/helm-expt/site/testing.html"
"platform","platform-003","comprehension","Helm","P-C1","understand base and derived variants","https://confighub.github.io/helm-expt/site/ask.html","success","1","43","no","2","yes","3","3","yes","yes","continue","https://confighub.github.io/helm-expt/site/testing.html#platforms","Worked Examples · Config Workshop","-docker.pkg.dev/nth-fort-499605-q5/helm-expt/bitnami-redis:25.5.3 \ --base reuse-existing-secret \ --work-dir ./redis \ --non-interactive \ --namespace redis Base: reuse-existing-secret; components: [] Namespace: redis Rende","https://confighub.github.io/helm-expt/site/ask.html -> https://confighub.github.io/helm-expt/site/testing.html#platforms"
"platform","platform-004","comprehension","Helm","P-C1","understand base and derived variants","https://confighub.github.io/helm-expt/site/charts/index.html","success","2","60","no","2","no","3","3","yes","yes","continue","https://confighub.github.io/helm-expt/site/testing.html","Worked Examples · Config Workshop","-docker.pkg.dev/nth-fort-499605-q5/helm-expt/bitnami-redis:25.5.3 \ --base reuse-existing-secret \ --work-dir ./redis \ --non-interactive \ --namespace redis Base: reuse-existing-secret; components: [] Namespace: redis Rende","https://confighub.github.io/helm-expt/site/charts/index.html -> https://confighub.github.io/helm-expt/site/guides.html -> https://confighub.github.io/helm-expt/site/testing.html"
"platform","platform-005","comprehension","Helm","P-C1","understand base and derived variants","https://confighub.github.io/helm-expt/site/try.html","success","1","41","no","1","yes","3","3","yes","yes","continue","https://confighub.github.io/helm-expt/site/testing.html","Worked Examples · Config Workshop","-docker.pkg.dev/nth-fort-499605-q5/helm-expt/bitnami-redis:25.5.3 \ --base reuse-existing-secret \ --work-dir ./redis \ --non-interactive \ --namespace redis Base: reuse-existing-secret; components: [] Namespace: redis Rende","https://confighub.github.io/helm-expt/site/try.html -> https://confighub.github.io/helm-expt/site/testing.html"
"platform","platform-006","comprehension","Helm","P-C1","understand base and derived variants","https://confighub.github.io/helm-expt/site/testing.html","success","0","23","yes","3","no","3","3","yes","yes","continue","https://confighub.github.io/helm-expt/site/testing.html","Worked Examples · Config Workshop","-docker.pkg.dev/nth-fort-499605-q5/helm-expt/bitnami-redis:25.5.3 \ --base reuse-existing-secret \ --work-dir ./redis \ --non-interactive \ --namespace redis Base: reuse-existing-secret; components: [] Namespace: redis Rende","https://confighub.github.io/helm-expt/site/testing.html"
"platform","platform-007","comprehension","Helm","P-C1","understand base and derived variants","https://confighub.github.io/helm-expt/site/how-it-works.html","success","2","57","no","2","no","3","3","yes","yes","continue","https://confighub.github.io/helm-expt/site/testing.html","Worked Examples · Config Workshop","-docker.pkg.dev/nth-fort-499605-q5/helm-expt/bitnami-redis:25.5.3 \ --base reuse-existing-secret \ --work-dir ./redis \ --non-interactive \ --namespace redis Base: reuse-existing-secret; components: [] Namespace: redis Rende","https://confighub.github.io/helm-expt/site/how-it-works.html -> https://confighub.github.io/helm-expt/site/guides.html -> https://confighub.github.io/helm-expt/site/testing.html"
"platform","platform-008","comprehension","Helm","P-C1","understand base and derived variants","https://confighub.github.io/helm-expt/site/docs.html","success","1","40","no","1","yes","3","3","yes","yes","continue","https://confighub.github.io/helm-expt/site/d/docs/user/variants-after-upload.html","After Upload: Create A Variant And Promote Changes · Config Workshop","onfigHub After Upload: Create A Variant And Promote Changes You ran a base variant's confighub.sh (or cub installer upload yourself). Your rendered chart objects now live in a ConfigHub Space as Units. This page is the next","https://confighub.github.io/helm-expt/site/docs.html -> https://confighub.github.io/helm-expt/site/d/docs/user/variants-after-upload.html"
"platform","platform-009","comprehension","Helm","P-C1","understand base and derived variants","https://confighub.github.io/helm-expt/site/confighub.html","success","1","40","no","2","yes","3","3","yes","yes","continue","https://confighub.github.io/helm-expt/site/testing.html#managed","Worked Examples · Config Workshop","-docker.pkg.dev/nth-fort-499605-q5/helm-expt/bitnami-redis:25.5.3 \ --base reuse-existing-secret \ --work-dir ./redis \ --non-interactive \ --namespace redis Base: reuse-existing-secret; components: [] Namespace: redis Rende","https://confighub.github.io/helm-expt/site/confighub.html -> https://confighub.github.io/helm-expt/site/testing.html#managed"
"platform","platform-010","comprehension","Helm","P-C2","understand environment promotion","https://confighub.github.io/helm-expt/site/index.html","success","3","75","no","3","no","3","3","yes","yes","continue","https://confighub.github.io/helm-expt/site/confighub.html","Use ConfigHub · Config Workshop","t change. ConfigHub shows exact diffs, promotes reviewed changes from development to production, and compares approved configuration with your clusters. Keep a reviewed result in ConfigHub Open the tutorial New to cub ? Install the","https://confighub.github.io/helm-expt/site/index.html -> https://confighub.github.io/helm-expt/site/promote.html -> https://confighub.github.io/helm-expt/site/d/docs/reference/promotion-diff-classes.html -> https://confighub.github.io/helm-expt/site/confighub.html"
"platform","platform-011","comprehension","Helm","P-C2","understand environment promotion","https://confighub.github.io/helm-expt/site/guides.html","success","3","79","no","2","no","3","3","yes","yes","continue","https://confighub.github.io/helm-expt/site/confighub.html","Use ConfigHub · Config Workshop","t change. ConfigHub shows exact diffs, promotes reviewed changes from development to production, and compares approved configuration with your clusters. Keep a reviewed result in ConfigHub Open the tutorial New to cub ? Install the","https://confighub.github.io/helm-expt/site/guides.html -> https://confighub.github.io/helm-expt/site/promote.html -> https://confighub.github.io/helm-expt/site/d/docs/reference/promotion-diff-classes.html -> https://confighub.github.io/helm-expt/site/confighub.html"
"platform","platform-012","comprehension","Helm","P-C2","understand environment promotion","https://confighub.github.io/helm-expt/site/ask.html","success","3","79","no","2","no","3","3","yes","yes","continue","https://confighub.github.io/helm-expt/site/confighub.html","Use ConfigHub · Config Workshop","t change. ConfigHub shows exact diffs, promotes reviewed changes from development to production, and compares approved configuration with your clusters. Keep a reviewed result in ConfigHub Open the tutorial New to cub ? Install the","https://confighub.github.io/helm-expt/site/ask.html -> https://confighub.github.io/helm-expt/site/promote.html -> https://confighub.github.io/helm-expt/site/d/docs/reference/promotion-diff-classes.html -> https://confighub.github.io/helm-expt/site/confighub.html"
"platform","platform-013","comprehension","Helm","P-C2","understand environment promotion","https://confighub.github.io/helm-expt/site/charts/index.html","success","3","79","no","2","no","3","3","yes","yes","continue","https://confighub.github.io/helm-expt/site/confighub.html","Use ConfigHub · Config Workshop","t change. ConfigHub shows exact diffs, promotes reviewed changes from development to production, and compares approved configuration with your clusters. Keep a reviewed result in ConfigHub Open the tutorial New to cub ? Install the","https://confighub.github.io/helm-expt/site/charts/index.html -> https://confighub.github.io/helm-expt/site/promote.html -> https://confighub.github.io/helm-expt/site/d/docs/reference/promotion-diff-classes.html -> https://confighub.github.io/helm-expt/site/confighub.html"
"platform","platform-014","comprehension","Helm","P-C2","understand environment promotion","https://confighub.github.io/helm-expt/site/try.html","success","3","76","no","2","no","3","3","yes","yes","continue","https://confighub.github.io/helm-expt/site/confighub.html","Use ConfigHub · Config Workshop","t change. ConfigHub shows exact diffs, promotes reviewed changes from development to production, and compares approved configuration with your clusters. Keep a reviewed result in ConfigHub Open the tutorial New to cub ? Install the","https://confighub.github.io/helm-expt/site/try.html -> https://confighub.github.io/helm-expt/site/promote.html -> https://confighub.github.io/helm-expt/site/d/docs/reference/promotion-diff-classes.html -> https://confighub.github.io/helm-expt/site/confighub.html"
"platform","platform-015","comprehension","Helm","P-C2","understand environment promotion","https://confighub.github.io/helm-expt/site/testing.html","success","0","22","yes","3","no","3","3","yes","yes","continue","https://confighub.github.io/helm-expt/site/testing.html","Worked Examples · Config Workshop","ame objects go into ConfigHub. There you change a value, move it from development to staging, and roll it back. Keep the result in ConfigHub . If you do not want Redis, choose the input you have below. Every path ends with exact fi","https://confighub.github.io/helm-expt/site/testing.html"
"platform","platform-016","comprehension","Helm","P-C2","understand environment promotion","https://confighub.github.io/helm-expt/site/how-it-works.html","success","3","73","no","2","no","3","3","yes","yes","continue","https://confighub.github.io/helm-expt/site/confighub.html","Use ConfigHub · Config Workshop","t change. ConfigHub shows exact diffs, promotes reviewed changes from development to production, and compares approved configuration with your clusters. Keep a reviewed result in ConfigHub Open the tutorial New to cub ? Install the","https://confighub.github.io/helm-expt/site/how-it-works.html -> https://confighub.github.io/helm-expt/site/promote.html -> https://confighub.github.io/helm-expt/site/d/docs/reference/promotion-diff-classes.html -> https://confighub.github.io/helm-expt/site/confighub.html"
"platform","platform-017","comprehension","Helm","P-C2","understand environment promotion","https://confighub.github.io/helm-expt/site/docs.html","success","0","19","yes","3","no","3","3","yes","yes","continue","https://confighub.github.io/helm-expt/site/docs.html","Docs · Config Workshop","tion How do I make environment variants? Create, compare, and promote development and production variants. How do I test a change before promotion? Compare the current and proposed Kubernetes objects in your browser. The result nam","https://confighub.github.io/helm-expt/site/docs.html"
"platform","platform-018","comprehension","Helm","P-C2","understand environment promotion","https://confighub.github.io/helm-expt/site/confighub.html","success","0","19","yes","3","no","3","3","yes","yes","continue","https://confighub.github.io/helm-expt/site/confighub.html","Use ConfigHub · Config Workshop","t change. ConfigHub shows exact diffs, promotes reviewed changes from development to production, and compares approved configuration with your clusters. Keep a reviewed result in ConfigHub Open the tutorial New to cub ? Install the","https://confighub.github.io/helm-expt/site/confighub.html"
"platform","platform-019","comprehension","Helm","P-C3","understand fleet rollout","https://confighub.github.io/helm-expt/site/index.html","success","0","19","yes","3","no","3","3","yes","yes","continue","https://confighub.github.io/helm-expt/site/index.html","Config Workshop · Understand and test your configuration","ls, and rollout history. Needs an account and a cluster: the standing fleet record. 1. Find a tested configuration 112 components Choose an exact chart version and a useful starting configuration. Retained versions stay pulla","https://confighub.github.io/helm-expt/site/index.html"
"platform","platform-020","comprehension","Helm","P-C3","understand fleet rollout","https://confighub.github.io/helm-expt/site/guides.html","success","0","20","yes","3","no","3","3","yes","yes","continue","https://confighub.github.io/helm-expt/site/guides.html","Guides · Config Workshop","commands and the evidence for one worked flow, including promotions, fleet rollouts, and policy checks. Open Helm, AICR, OCI, YAML, promotion, and fleet examples Follow one package end to end The longest guide. It takes a si","https://confighub.github.io/helm-expt/site/guides.html"
"platform","platform-021","comprehension","Helm","P-C3","understand fleet rollout","https://confighub.github.io/helm-expt/site/ask.html","success","0","22","yes","3","no","3","3","yes","yes","continue","https://confighub.github.io/helm-expt/site/ask.html","Check my config · Config Workshop","elivery limitations · checks and publication receipts · promotion and fleet examples This page runs in your browser. It has no telemetry and sends nothing until you choose a public GitHub issue.","https://confighub.github.io/helm-expt/site/ask.html"
"platform","platform-022","comprehension","Helm","P-C3","understand fleet rollout","https://confighub.github.io/helm-expt/site/charts/index.html","partial","3","78","no","2","no","2","3","yes","no","bookmark","https://confighub.github.io/helm-expt/site/charts/index.html","Component Catalog · Config Workshop","tes 2.4.21 : default , no-crds 2 packaged configurations argo-cd/argo-rollouts Delivery and automation 2.40.9 receipt default Available configuration. Read the chart page before use. Review before use Checks exist, but this cha","https://confighub.github.io/helm-expt/site/charts/index.html -> https://confighub.github.io/helm-expt/site/charts/argo-cd-argo-rollouts-2-40-9.html -> https://confighub.github.io/helm-expt/site/charts/argo-cd-argo-rollouts-2-40-9.html#proof -> https://confighub.github.io/helm-expt/site/sh/argo-cd-argo-rollouts-2-40-9/default/confighub.sh"
"platform","platform-023","comprehension","Helm","P-C3","understand fleet rollout","https://confighub.github.io/helm-expt/site/try.html","success","1","38","no","2","yes","3","3","yes","yes","continue","https://confighub.github.io/helm-expt/site/testing.html","Worked Examples · Config Workshop","lt. After the starting examples, see how ConfigHub handles promotion, fleet rollouts, and repeated operational jobs. In a hurry with your own chart? One command, no account: helm template rel <chart> -f your-values.yaml --inc","https://confighub.github.io/helm-expt/site/try.html -> https://confighub.github.io/helm-expt/site/testing.html"
"platform","platform-024","comprehension","Helm","P-C3","understand fleet rollout","https://confighub.github.io/helm-expt/site/testing.html","success","0","21","yes","3","no","3","3","yes","yes","continue","https://confighub.github.io/helm-expt/site/testing.html","Worked Examples · Config Workshop","lt. After the starting examples, see how ConfigHub handles promotion, fleet rollouts, and repeated operational jobs. In a hurry with your own chart? One command, no account: helm template rel <chart> -f your-values.yaml --inc","https://confighub.github.io/helm-expt/site/testing.html"
"platform","platform-025","comprehension","Helm","P-C3","understand fleet rollout","https://confighub.github.io/helm-expt/site/how-it-works.html","success","0","20","yes","3","no","3","3","yes","yes","continue","https://confighub.github.io/helm-expt/site/how-it-works.html","Choose How To Deploy It · Config Workshop","examples for promotion and OCI delivery, or the platform examples for fleet rollouts. Use ConfigHub when you want shared configuration, approvals, and rollout history. Find the right technical guide · Continue with ConfigHub","https://confighub.github.io/helm-expt/site/how-it-works.html"
"platform","platform-026","comprehension","Helm","P-C3","understand fleet rollout","https://confighub.github.io/helm-expt/site/docs.html","success","0","20","yes","3","no","3","3","yes","yes","continue","https://confighub.github.io/helm-expt/site/docs.html","Docs · Config Workshop","ub App automate? Apps on ConfigHub includes upgrade, lifecycle, RBAC, fleet, and AI review examples. How do I roll a change through a fleet? Open the Kubara and Sveltos examples for platform configuration, cluster assignments","https://confighub.github.io/helm-expt/site/docs.html"
"platform","platform-027","comprehension","Helm","P-C3","understand fleet rollout","https://confighub.github.io/helm-expt/site/confighub.html","success","0","21","yes","3","no","3","3","yes","yes","continue","https://confighub.github.io/helm-expt/site/confighub.html","Use ConfigHub · Config Workshop","ely dated live observation. Desired and live comparison Roll out to a fleet The selected targets, waves, approvals, and result for every target. Fleet examples 4. Continue with the official tutorial Create a ConfigHub account","https://confighub.github.io/helm-expt/site/confighub.html"
"platform","platform-028","comprehension","Helm","P-C4","understand account and cluster boundaries","https://confighub.github.io/helm-expt/site/index.html","success","0","21","yes","3","no","3","3","yes","yes","continue","https://confighub.github.io/helm-expt/site/index.html","Config Workshop · Understand and test your configuration","eady use. Your files stay on your machine. Both paths work without an account. Keep the version you approve as files or OCI, and test its next move . Save it in ConfigHub when your team needs a shared promotion and cluster reco","https://confighub.github.io/helm-expt/site/index.html"
"platform","platform-029","comprehension","Helm","P-C4","understand account and cluster boundaries","https://confighub.github.io/helm-expt/site/guides.html","success","0","22","yes","3","no","3","3","yes","yes","continue","https://confighub.github.io/helm-expt/site/guides.html","Guides · Config Workshop","ck rather than a description of what would happen. The first needs no account, no server, and no cluster. The later two use ConfigHub and a cluster where the flow being shown requires them, and each says so before it asks. If y","https://confighub.github.io/helm-expt/site/guides.html"
"platform","platform-030","comprehension","Helm","P-C4","understand account and cluster boundaries","https://confighub.github.io/helm-expt/site/ask.html","success","0","22","yes","3","no","3","3","yes","yes","continue","https://confighub.github.io/helm-expt/site/ask.html","Check my config · Config Workshop","CLI first. You can pull and render public catalog packages without an account. Commands that save or change ConfigHub data require you to sign in. 1. Check a chart and values Choose one question. We build a prompt for your AI a","https://confighub.github.io/helm-expt/site/ask.html"
"platform","platform-031","comprehension","Helm","P-C4","understand account and cluster boundaries","https://confighub.github.io/helm-expt/site/charts/index.html","success","0","23","yes","3","no","3","3","yes","yes","continue","https://confighub.github.io/helm-expt/site/charts/index.html","Component Catalog · Config Workshop","Chart not listed here? Any public chart still renders locally with no account: helm template rel <chart> -f your-values.yaml --include-crds . Check one question about the result , then choose whether to report a public finding","https://confighub.github.io/helm-expt/site/charts/index.html"
"platform","platform-032","comprehension","Helm","P-C4","understand account and cluster boundaries","https://confighub.github.io/helm-expt/site/try.html","success","1","36","no","3","yes","3","3","yes","yes","continue","https://confighub.github.io/helm-expt/site/testing.html","Worked Examples · Config Workshop","ted operational jobs. In a hurry with your own chart? One command, no account: helm template rel <chart> -f your-values.yaml --include-crds . Then check the chart's catalog page for the hazards a render alone cannot show. 1. St","https://confighub.github.io/helm-expt/site/try.html -> https://confighub.github.io/helm-expt/site/testing.html"
"platform","platform-033","comprehension","Helm","P-C4","understand account and cluster boundaries","https://confighub.github.io/helm-expt/site/testing.html","success","0","21","yes","3","no","3","3","yes","yes","continue","https://confighub.github.io/helm-expt/site/testing.html","Worked Examples · Config Workshop","ted operational jobs. In a hurry with your own chart? One command, no account: helm template rel <chart> -f your-values.yaml --include-crds . Then check the chart's catalog page for the hazards a render alone cannot show. 1. St","https://confighub.github.io/helm-expt/site/testing.html"
"platform","platform-034","comprehension","Helm","P-C4","understand account and cluster boundaries","https://confighub.github.io/helm-expt/site/how-it-works.html","success","0","19","yes","3","no","3","3","yes","yes","continue","https://confighub.github.io/helm-expt/site/how-it-works.html","Choose How To Deploy It · Config Workshop","layout to a registry needs only registry credentials, not a ConfigHub account. First, put the rendered bundle somewhere a controller can pull: flux push artifact oci://REGISTRY/redis-rendered:v1 --path ./redis/out/manifests --s","https://confighub.github.io/helm-expt/site/how-it-works.html"
"platform","platform-035","comprehension","Helm","P-C4","understand account and cluster boundaries","https://confighub.github.io/helm-expt/site/docs.html","success","0","20","yes","3","no","3","3","yes","yes","continue","https://confighub.github.io/helm-expt/site/docs.html","Docs · Config Workshop","age? Try Redis for a short local exercise with no server, cluster, or account. Can I try one AICR configuration without a GPU? Pull and verify the seven-Application CPU starter, then write it as a local OCI without ConfigHub or","https://confighub.github.io/helm-expt/site/docs.html"
"platform","platform-036","comprehension","Helm","P-C4","understand account and cluster boundaries","https://confighub.github.io/helm-expt/site/confighub.html","success","0","21","yes","3","no","3","3","yes","yes","continue","https://confighub.github.io/helm-expt/site/confighub.html","Use ConfigHub · Config Workshop","igHub Keep This Reviewed Configuration in ConfigHub Needs a ConfigHub account Save the exact Kubernetes configuration you approved. ConfigHub keeps it with its source, checks, and later changes. Use the Catalog or Check my conf","https://confighub.github.io/helm-expt/site/confighub.html"
"platform","platform-037","navigation","Helm","P-N1","find the variants guide","https://confighub.github.io/helm-expt/site/index.html","success","0","20","yes","2","no","2","2","yes","yes","continue","https://confighub.github.io/helm-expt/site/index.html","Config Workshop · Understand and test your configuration",", and every catalog pull, with no account. Needs a ConfigHub account: variants, approvals, and rollout history. Needs an account and a cluster: the standing fleet record. 1. Find a tested configuration 112 components Choose an","https://confighub.github.io/helm-expt/site/index.html"
"platform","platform-038","navigation","Helm","P-N1","find the variants guide","https://confighub.github.io/helm-expt/site/guides.html","success","1","35","no","0","yes","2","2","yes","yes","continue","https://confighub.github.io/helm-expt/site/testing.html","Worked Examples · Config Workshop","u omit --namespace , cub uses confighubplaceholder until a deployment variant supplies the real namespace. Hooks are omitted unless you add --include-hooks . A chart that requires live lookup results or target-specific capabili","https://confighub.github.io/helm-expt/site/guides.html -> https://confighub.github.io/helm-expt/site/testing.html"
"platform","platform-039","navigation","Helm","P-N1","find the variants guide","https://confighub.github.io/helm-expt/site/ask.html","success","0","22","yes","2","no","2","2","yes","yes","continue","https://confighub.github.io/helm-expt/site/ask.html","Check my config · Config Workshop","ord If the candidate starts from a Catalog configuration, add its BaseVariantRecord . It connects the source, rendered objects, OCI package, prerequisites, lifecycle routes, policy, and evidence status. Assistant's WORKSHOP FIN","https://confighub.github.io/helm-expt/site/ask.html"
"platform","platform-040","navigation","Helm","P-N1","find the variants guide","https://confighub.github.io/helm-expt/site/charts/index.html","success","0","23","yes","2","no","2","2","yes","yes","continue","https://confighub.github.io/helm-expt/site/charts/index.html","Component Catalog · Config Workshop","r separately managed CRDs. We call each starting configuration a base variant. Its page records the Helm values, rendered YAML, required setup, and evidence for that choice. Useful choices differ by chart. Redis, Argo CD, and k","https://confighub.github.io/helm-expt/site/charts/index.html"
"platform","platform-041","navigation","Helm","P-N1","find the variants guide","https://confighub.github.io/helm-expt/site/try.html","success","2","80","no","1","no","2","2","yes","yes","continue","https://confighub.github.io/helm-expt/site/testing.html","Worked Examples · Config Workshop","u omit --namespace , cub uses confighubplaceholder until a deployment variant supplies the real namespace. Hooks are omitted unless you add --include-hooks . A chart that requires live lookup results or target-specific capabili","https://confighub.github.io/helm-expt/site/try.html -> https://confighub.github.io/helm-expt/site/guides.html -> https://confighub.github.io/helm-expt/site/testing.html"
"platform","platform-042","navigation","Helm","P-N1","find the variants guide","https://confighub.github.io/helm-expt/site/testing.html","success","0","43","yes","2","no","2","2","yes","yes","continue","https://confighub.github.io/helm-expt/site/testing.html","Worked Examples · Config Workshop","u omit --namespace , cub uses confighubplaceholder until a deployment variant supplies the real namespace. Hooks are omitted unless you add --include-hooks . A chart that requires live lookup results or target-specific capabili","https://confighub.github.io/helm-expt/site/testing.html"
"platform","platform-043","navigation","Helm","P-N1","find the variants guide","https://confighub.github.io/helm-expt/site/how-it-works.html","success","0","49","yes","2","no","2","2","yes","yes","continue","https://confighub.github.io/helm-expt/site/how-it-works.html","Choose How To Deploy It · Config Workshop","the files or OCI as a base: the reviewed starting configuration. Make variants when an environment, region, or customer needs a different field. During an upgrade, non-conflicting recorded changes remain. Review a conflict when","https://confighub.github.io/helm-expt/site/how-it-works.html"
"platform","platform-044","navigation","Helm","P-N1","find the variants guide","https://confighub.github.io/helm-expt/site/docs.html","success","1","62","no","1","yes","2","2","yes","yes","continue","https://confighub.github.io/helm-expt/site/d/docs/user/variants-after-upload.html","After Upload: Create A Variant And Promote Changes · Config Workshop","After Upload: Create A Variant And Promote Changes · Config Workshop Config Workshop AN EXPERIMENTAL TEST SITE FOR CONFIG TOOLS Guides Catalog Check my config Promote my config Dep","https://confighub.github.io/helm-expt/site/docs.html -> https://confighub.github.io/helm-expt/site/d/docs/user/variants-after-upload.html"
"platform","platform-045","navigation","Helm","P-N1","find the variants guide","https://confighub.github.io/helm-expt/site/confighub.html","success","0","42","yes","2","no","2","2","yes","yes","continue","https://confighub.github.io/helm-expt/site/confighub.html","Use ConfigHub · Config Workshop","rkshop-review.json . Its handoff commands upload the objects with cub variant upload and attach both file hashes. The commands also create a Provider None review Unit in the same Space. Provider None keeps the review beside the","https://confighub.github.io/helm-expt/site/confighub.html"
"platform","platform-046","navigation","Helm","P-N2","find a promotion example","https://confighub.github.io/helm-expt/site/index.html","success","1","59","no","2","yes","2","2","yes","yes","continue","https://confighub.github.io/helm-expt/site/confighub.html","Use ConfigHub · Config Workshop","XPERIMENTAL TEST SITE FOR CONFIG TOOLS Guides Catalog Check my config Promote my config Deployment Docs ConfigHub Keep This Reviewed Configuration in ConfigHub Needs a ConfigHub account Save the exact Kubernetes configuration y","https://confighub.github.io/helm-expt/site/index.html -> https://confighub.github.io/helm-expt/site/confighub.html"
"platform","platform-047","navigation","Helm","P-N2","find a promotion example","https://confighub.github.io/helm-expt/site/guides.html","success","0","42","yes","2","no","2","2","yes","yes","continue","https://confighub.github.io/helm-expt/site/guides.html","Guides · Config Workshop","XPERIMENTAL TEST SITE FOR CONFIG TOOLS Guides Catalog Check my config Promote my config Deployment Docs ConfigHub Learn this by doing it Three guides, shortest first. Each one runs real commands against real packages, so you fi","https://confighub.github.io/helm-expt/site/guides.html"
"platform","platform-048","navigation","Helm","P-N2","find a promotion example","https://confighub.github.io/helm-expt/site/ask.html","success","0","43","yes","2","no","2","2","yes","yes","continue","https://confighub.github.io/helm-expt/site/ask.html","Check my config · Config Workshop","XPERIMENTAL TEST SITE FOR CONFIG TOOLS Guides Catalog Check my config Promote my config Deployment Docs ConfigHub Check your configuration &ldquo;Here is the chart and values my AI produced. Compare them with the chart defaults","https://confighub.github.io/helm-expt/site/ask.html"
"platform","platform-049","navigation","Helm","P-N2","find a promotion example","https://confighub.github.io/helm-expt/site/charts/index.html","success","0","27","yes","2","no","2","2","yes","yes","continue","https://confighub.github.io/helm-expt/site/charts/index.html","Component Catalog · Config Workshop","XPERIMENTAL TEST SITE FOR CONFIG TOOLS Guides Catalog Check my config Promote my config Deployment Docs ConfigHub Find a Tested Configuration Runs on your laptop Choose a tested starting configuration for a Helm component or an","https://confighub.github.io/helm-expt/site/charts/index.html"
"platform","platform-050","navigation","Helm","P-N2","find a promotion example","https://confighub.github.io/helm-expt/site/try.html","success","0","19","yes","2","no","2","2","yes","yes","continue","https://confighub.github.io/helm-expt/site/try.html","Try Redis · Config Workshop","XPERIMENTAL TEST SITE FOR CONFIG TOOLS Guides Catalog Check my config Promote my config Deployment Docs ConfigHub Try a simple example: Redis Runs on your laptop Render one reviewed Redis configuration and inspect the 14 Kubern","https://confighub.github.io/helm-expt/site/try.html"
"platform","platform-051","navigation","Helm","P-N2","find a promotion example","https://confighub.github.io/helm-expt/site/testing.html","success","0","19","yes","2","no","2","2","yes","yes","continue","https://confighub.github.io/helm-expt/site/testing.html","Worked Examples · Config Workshop","XPERIMENTAL TEST SITE FOR CONFIG TOOLS Guides Catalog Check my config Promote my config Deployment Docs ConfigHub Choose a worked example Runs on your laptop Choose the kind of configuration you have, then follow one worked exa","https://confighub.github.io/helm-expt/site/testing.html"
"platform","platform-052","navigation","Helm","P-N2","find a promotion example","https://confighub.github.io/helm-expt/site/how-it-works.html","success","1","35","no","2","yes","2","2","yes","yes","continue","https://confighub.github.io/helm-expt/site/testing.html#managed","Worked Examples · Config Workshop","XPERIMENTAL TEST SITE FOR CONFIG TOOLS Guides Catalog Check my config Promote my config Deployment Docs ConfigHub Choose a worked example Runs on your laptop Choose the kind of configuration you have, then follow one worked exa","https://confighub.github.io/helm-expt/site/how-it-works.html -> https://confighub.github.io/helm-expt/site/testing.html#managed"
"platform","platform-053","navigation","Helm","P-N2","find a promotion example","https://confighub.github.io/helm-expt/site/docs.html","success","0","19","yes","2","no","2","2","yes","yes","continue","https://confighub.github.io/helm-expt/site/docs.html","Docs · Config Workshop","XPERIMENTAL TEST SITE FOR CONFIG TOOLS Guides Catalog Check my config Promote my config Deployment Docs ConfigHub Find instructions for the step you are doing Choose the question closest to your current work. Each link opens th","https://confighub.github.io/helm-expt/site/docs.html"
"platform","platform-054","navigation","Helm","P-N2","find a promotion example","https://confighub.github.io/helm-expt/site/confighub.html","success","0","19","yes","2","no","2","2","yes","yes","continue","https://confighub.github.io/helm-expt/site/confighub.html","Use ConfigHub · Config Workshop","XPERIMENTAL TEST SITE FOR CONFIG TOOLS Guides Catalog Check my config Promote my config Deployment Docs ConfigHub Keep This Reviewed Configuration in ConfigHub Needs a ConfigHub account Save the exact Kubernetes configuration y","https://confighub.github.io/helm-expt/site/confighub.html"
"platform","platform-055","navigation","AICR","P-N3","find the AICR platform example","https://confighub.github.io/helm-expt/site/index.html","success","1","37","no","2","yes","3","3","yes","yes","continue","https://confighub.github.io/helm-expt/site/testing.html","Worked Examples · Config Workshop","NGINX review · OCI publication · GitHub source · ConfigHub example An AICR recipe or inference stack Try one AICR configuration. Pull and verify the seven-Application CPU starter without an account, cluster, or GPU. Then com","https://confighub.github.io/helm-expt/site/index.html -> https://confighub.github.io/helm-expt/site/testing.html"
"platform","platform-056","navigation","AICR","P-N3","find the AICR platform example","https://confighub.github.io/helm-expt/site/guides.html","success","0","20","yes","3","no","3","3","yes","yes","continue","https://confighub.github.io/helm-expt/site/guides.html","Guides · Config Workshop","ork through an example like yours Start from your own Helm values, an AICR recipe for AI infrastructure, an existing OCI package, or Kubernetes YAML. Each example carries the commands and the evidence for one worked flow, in","https://confighub.github.io/helm-expt/site/guides.html"
"platform","platform-057","navigation","AICR","P-N3","find the AICR platform example","https://confighub.github.io/helm-expt/site/ask.html","success","1","45","no","2","yes","3","3","yes","yes","continue","https://confighub.github.io/helm-expt/site/testing.html#platforms","Worked Examples · Config Workshop","NGINX review · OCI publication · GitHub source · ConfigHub example An AICR recipe or inference stack Try one AICR configuration. Pull and verify the seven-Application CPU starter without an account, cluster, or GPU. Then com","https://confighub.github.io/helm-expt/site/ask.html -> https://confighub.github.io/helm-expt/site/testing.html#platforms"
"platform","platform-058","navigation","AICR","P-N3","find the AICR platform example","https://confighub.github.io/helm-expt/site/charts/index.html","success","0","25","yes","3","no","3","3","yes","yes","continue","https://confighub.github.io/helm-expt/site/charts/index.html","Component Catalog · Config Workshop","AI infrastructure section starts with a CPU model and continues into AICR, NIM, and EKS. A new review adds a version instead of replacing the package you already used. If your chart, version, or question is missing, check y","https://confighub.github.io/helm-expt/site/charts/index.html"
"platform","platform-059","navigation","AICR","P-N3","find the AICR platform example","https://confighub.github.io/helm-expt/site/try.html","success","1","37","no","2","yes","3","3","yes","yes","continue","https://confighub.github.io/helm-expt/site/testing.html","Worked Examples · Config Workshop","NGINX review · OCI publication · GitHub source · ConfigHub example An AICR recipe or inference stack Try one AICR configuration. Pull and verify the seven-Application CPU starter without an account, cluster, or GPU. Then com","https://confighub.github.io/helm-expt/site/try.html -> https://confighub.github.io/helm-expt/site/testing.html"
"platform","platform-060","navigation","AICR","P-N3","find the AICR platform example","https://confighub.github.io/helm-expt/site/testing.html","success","0","22","yes","3","no","3","3","yes","yes","continue","https://confighub.github.io/helm-expt/site/testing.html","Worked Examples · Config Workshop","NGINX review · OCI publication · GitHub source · ConfigHub example An AICR recipe or inference stack Try one AICR configuration. Pull and verify the seven-Application CPU starter without an account, cluster, or GPU. Then com","https://confighub.github.io/helm-expt/site/testing.html"
"platform","platform-061","navigation","AICR","P-N3","find the AICR platform example","https://confighub.github.io/helm-expt/site/how-it-works.html","success","0","22","yes","3","no","3","3","yes","yes","continue","https://confighub.github.io/helm-expt/site/how-it-works.html","Choose How To Deploy It · Config Workshop","ve inspected the Kubernetes objects. They may have come from Helm, an AICR recipe for AI infrastructure, cub installer, OCI, or plain YAML. You can stop with local files, publish them directly as OCI, or save them in ConfigH","https://confighub.github.io/helm-expt/site/how-it-works.html"
"platform","platform-062","navigation","AICR","P-N3","find the AICR platform example","https://confighub.github.io/helm-expt/site/docs.html","success","0","20","yes","3","no","3","3","yes","yes","continue","https://confighub.github.io/helm-expt/site/docs.html","Docs · Config Workshop","ed. Use these guides for commands and detailed instructions for Helm, AICR, OCI, YAML, and ConfigHub. Start with a configuration Can I try one simple package? Try Redis for a short local exercise with no server, cluster, or","https://confighub.github.io/helm-expt/site/docs.html"
"platform","platform-063","navigation","AICR","P-N3","find the AICR platform example","https://confighub.github.io/helm-expt/site/confighub.html","success","1","38","no","1","yes","3","3","yes","yes","continue","https://confighub.github.io/helm-expt/site/testing.html#platforms","Worked Examples · Config Workshop","NGINX review · OCI publication · GitHub source · ConfigHub example An AICR recipe or inference stack Try one AICR configuration. Pull and verify the seven-Application CPU starter without an account, cluster, or GPU. Then com","https://confighub.github.io/helm-expt/site/confighub.html -> https://confighub.github.io/helm-expt/site/testing.html#platforms"
"platform","platform-064","navigation","YAML","P-N4","find existing YAML app adoption","https://confighub.github.io/helm-expt/site/index.html","success","0","19","yes","3","no","3","3","yes","yes","continue","https://confighub.github.io/helm-expt/site/index.html","Config Workshop · Understand and test your configuration",".dev/nth-fort-499605-q5/helm-expt/bitnami-redis:25.5.3 \ --base reuse-existing-secret \ --namespace redis --work-dir ./redis \ --non-interactive --output-oci ./redis-rendered.oci Rendered 14 manifest(s) to ./redis/out/manifests","https://confighub.github.io/helm-expt/site/index.html"
"platform","platform-065","navigation","YAML","P-N4","find existing YAML app adoption","https://confighub.github.io/helm-expt/site/guides.html","success","0","20","yes","3","no","3","3","yes","yes","continue","https://confighub.github.io/helm-expt/site/guides.html","Guides · Config Workshop","t from your own Helm values, an AICR recipe for AI infrastructure, an existing OCI package, or Kubernetes YAML. Each example carries the commands and the evidence for one worked flow, including promotions, fleet rollouts, and po","https://confighub.github.io/helm-expt/site/guides.html"
"platform","platform-066","navigation","YAML","P-N4","find existing YAML app adoption","https://confighub.github.io/helm-expt/site/ask.html","success","0","20","yes","3","no","3","3","yes","yes","continue","https://confighub.github.io/helm-expt/site/ask.html","Check my config · Config Workshop","CI, Git, or live Kubernetes output. Everything stays on your machine. Existing configuration No comparison; check the candidate by itself Another chart version Installed Helm release Local YAML files OCI package Git path or revi","https://confighub.github.io/helm-expt/site/ask.html"
"platform","platform-067","navigation","YAML","P-N4","find existing YAML app adoption","https://confighub.github.io/helm-expt/site/charts/index.html","success","0","31","yes","3","no","3","3","yes","yes","continue","https://confighub.github.io/helm-expt/site/charts/index.html","Component Catalog · Config Workshop","lookup, generated facts, tpl templates, Kubernetes API capabilities; Existing secret (chart ships no Secret toggle) default: safe-to-flatten 11.4.29 : legacy , default 2 packaged configurations bitnami/contour Networking and in","https://confighub.github.io/helm-expt/site/charts/index.html"
"platform","platform-068","navigation","YAML","P-N4","find existing YAML app adoption","https://confighub.github.io/helm-expt/site/try.html","success","0","18","yes","3","no","3","3","yes","yes","continue","https://confighub.github.io/helm-expt/site/try.html","Try Redis · Config Workshop",".dev/nth-fort-499605-q5/helm-expt/bitnami-redis:25.5.3 \ --base reuse-existing-secret \ --work-dir ./redis \ --namespace redis \ --non-interactive \ --output-oci ./redis-25.oci The chart renders 13 objects. cub installer adds on","https://confighub.github.io/helm-expt/site/try.html"
"platform","platform-069","navigation","YAML","P-N4","find existing YAML app adoption","https://confighub.github.io/helm-expt/site/testing.html","success","0","21","yes","3","no","3","3","yes","yes","continue","https://confighub.github.io/helm-expt/site/testing.html","Worked Examples · Config Workshop",".dev/nth-fort-499605-q5/helm-expt/bitnami-redis:25.5.3 \ --base reuse-existing-secret \ --work-dir ./redis \ --non-interactive \ --namespace redis Base: reuse-existing-secret; components: [] Namespace: redis Rendered 14 manifest","https://confighub.github.io/helm-expt/site/testing.html"
"platform","platform-070","navigation","YAML","P-N4","find existing YAML app adoption","https://confighub.github.io/helm-expt/site/how-it-works.html","success","0","20","yes","3","no","3","3","yes","yes","continue","https://confighub.github.io/helm-expt/site/how-it-works.html","Choose How To Deploy It · Config Workshop","this work before deployment. It may include a tested step, require an existing resource, offer another configuration, or block the path. Read the configuration processing model · Decide whether to flatten · How chart hooks are h","https://confighub.github.io/helm-expt/site/how-it-works.html"
"platform","platform-071","navigation","YAML","P-N4","find existing YAML app adoption","https://confighub.github.io/helm-expt/site/docs.html","success","0","20","yes","3","no","3","3","yes","yes","continue","https://confighub.github.io/helm-expt/site/docs.html","Docs · Config Workshop","charts and values stay on your machine. How do I add ConfigHub to an existing Kubara platform? Keep Kubara's component selection, generated topology, Git hand-off, and Argo reconciliation while following one six-step adoption t","https://confighub.github.io/helm-expt/site/docs.html"
"platform","platform-072","navigation","YAML","P-N4","find existing YAML app adoption","https://confighub.github.io/helm-expt/site/confighub.html","success","2","136","no","2","no","3","3","yes","yes","continue","https://confighub.github.io/helm-expt/site/guides.html","Guides · Config Workshop","t from your own Helm values, an AICR recipe for AI infrastructure, an existing OCI package, or Kubernetes YAML. Each example carries the commands and the evidence for one worked flow, including promotions, fleet rollouts, and po","https://confighub.github.io/helm-expt/site/confighub.html -> https://confighub.github.io/helm-expt/site/does-cluster-match-approved-config.html -> https://confighub.github.io/helm-expt/site/guides.html"
"platform","platform-073","action","Helm","P-A1","save a base configuration","https://confighub.github.io/helm-expt/site/index.html","success","1","40","no","2","yes","2","2","yes","yes","continue","https://confighub.github.io/helm-expt/site/confighub.html","Use ConfigHub · Config Workshop","50b952d1a168a5cad614ef47f652cf44b11806a93bf6cc7a79c6e9c683 . Save the base in ConfigHub. ConfigHub reads back the same 5 objects with the same object-set hash, and records the same OCI digest as their source. The matching ha","https://confighub.github.io/helm-expt/site/index.html -> https://confighub.github.io/helm-expt/site/confighub.html"
"platform","platform-074","action","Helm","P-A1","save a base configuration","https://confighub.github.io/helm-expt/site/guides.html","success","1","42","no","1","yes","2","2","yes","yes","continue","https://confighub.github.io/helm-expt/site/testing.html","Worked Examples · Config Workshop","-docker.pkg.dev/nth-fort-499605-q5/helm-expt/bitnami-redis:25.5.3 \ --base reuse-existing-secret \ --work-dir ./redis \ --non-interactive \ --namespace redis Base: reuse-existing-secret; components: [] Namespace: redis Rende","https://confighub.github.io/helm-expt/site/guides.html -> https://confighub.github.io/helm-expt/site/testing.html"
"platform","platform-075","action","Helm","P-A1","save a base configuration","https://confighub.github.io/helm-expt/site/ask.html","success","0","23","yes","2","no","2","2","yes","yes","continue","https://confighub.github.io/helm-expt/site/ask.html","Check my config · Config Workshop","record If the candidate starts from a Catalog configuration, add its BaseVariantRecord . It connects the source, rendered objects, OCI package, prerequisites, lifecycle routes, policy, and evidence status. Assistant's WORKS","https://confighub.github.io/helm-expt/site/ask.html"
"platform","platform-076","action","Helm","P-A1","save a base configuration","https://confighub.github.io/helm-expt/site/charts/index.html","success","1","42","no","2","yes","2","2","yes","yes","continue","https://confighub.github.io/helm-expt/site/ask.html","Check my config · Config Workshop","record If the candidate starts from a Catalog configuration, add its BaseVariantRecord . It connects the source, rendered objects, OCI package, prerequisites, lifecycle routes, policy, and evidence status. Assistant's WORKS","https://confighub.github.io/helm-expt/site/charts/index.html -> https://confighub.github.io/helm-expt/site/ask.html"
"platform","platform-077","action","Helm","P-A1","save a base configuration","https://confighub.github.io/helm-expt/site/try.html","success","1","40","no","1","yes","2","2","yes","yes","continue","https://confighub.github.io/helm-expt/site/ask.html","Check my config · Config Workshop","record If the candidate starts from a Catalog configuration, add its BaseVariantRecord . It connects the source, rendered objects, OCI package, prerequisites, lifecycle routes, policy, and evidence status. Assistant's WORKS","https://confighub.github.io/helm-expt/site/try.html -> https://confighub.github.io/helm-expt/site/ask.html"
"platform","platform-078","action","Helm","P-A1","save a base configuration","https://confighub.github.io/helm-expt/site/testing.html","success","0","22","yes","2","no","2","2","yes","yes","continue","https://confighub.github.io/helm-expt/site/testing.html","Worked Examples · Config Workshop","-docker.pkg.dev/nth-fort-499605-q5/helm-expt/bitnami-redis:25.5.3 \ --base reuse-existing-secret \ --work-dir ./redis \ --non-interactive \ --namespace redis Base: reuse-existing-secret; components: [] Namespace: redis Rende","https://confighub.github.io/helm-expt/site/testing.html"
"platform","platform-079","action","Helm","P-A1","save a base configuration","https://confighub.github.io/helm-expt/site/how-it-works.html","success","0","21","yes","2","no","2","2","yes","yes","continue","https://confighub.github.io/helm-expt/site/how-it-works.html","Choose How To Deploy It · Config Workshop","he same objects you inspected. ConfigHub Import the files or OCI as a base: the reviewed starting configuration. Make variants when an environment, region, or customer needs a different field. During an upgrade, non-conflict","https://confighub.github.io/helm-expt/site/how-it-works.html"
"platform","platform-080","action","Helm","P-A1","save a base configuration","https://confighub.github.io/helm-expt/site/docs.html","success","1","40","no","1","yes","2","2","yes","yes","continue","https://confighub.github.io/helm-expt/site/d/docs/user/variants-after-upload.html","After Upload: Create A Variant And Promote Changes · Config Workshop","onfigHub After Upload: Create A Variant And Promote Changes You ran a base variant's confighub.sh (or cub installer upload yourself). Your rendered chart objects now live in a ConfigHub Space as Units. This page is the next","https://confighub.github.io/helm-expt/site/docs.html -> https://confighub.github.io/helm-expt/site/d/docs/user/variants-after-upload.html"
"platform","platform-081","action","Helm","P-A1","save a base configuration","https://confighub.github.io/helm-expt/site/confighub.html","success","0","21","yes","2","no","2","2","yes","yes","continue","https://confighub.github.io/helm-expt/site/confighub.html","Use ConfigHub · Config Workshop","50b952d1a168a5cad614ef47f652cf44b11806a93bf6cc7a79c6e9c683 . Save the base in ConfigHub. ConfigHub reads back the same 5 objects with the same object-set hash, and records the same OCI digest as their source. The matching ha","https://confighub.github.io/helm-expt/site/confighub.html"
"platform","platform-082","action","Helm","P-A2","create an environment variant","https://confighub.github.io/helm-expt/site/index.html","success","2","55","no","2","no","3","3","yes","yes","continue","https://confighub.github.io/helm-expt/site/redis-walkthrough.html","Detailed Redis Walkthrough · Config Workshop","rendered package files. Every chart page links its own try.sh ; base variants that need target resources name them instead of guessing. Clean up with kind delete cluster . The longer path below shows the same process next to p","https://confighub.github.io/helm-expt/site/index.html -> https://confighub.github.io/helm-expt/site/promote.html -> https://confighub.github.io/helm-expt/site/redis-walkthrough.html"
"platform","platform-083","action","Helm","P-A2","create an environment variant","https://confighub.github.io/helm-expt/site/guides.html","success","2","54","no","0","yes","3","3","yes","yes","continue","https://confighub.github.io/helm-expt/site/d/docs/user/variants-after-upload.html","After Upload: Create A Variant And Promote Changes · Config Workshop","After Upload: Create A Variant And Promote Changes · Config Workshop Config Workshop AN EXPERIMENTAL TEST SITE FOR CONFIG TOOLS Guides Catalog Check my config Promote my config Dep","https://confighub.github.io/helm-expt/site/guides.html -> https://confighub.github.io/helm-expt/site/testing.html -> https://confighub.github.io/helm-expt/site/d/docs/user/variants-after-upload.html"
"platform","platform-084","action","Helm","P-A2","create an environment variant","https://confighub.github.io/helm-expt/site/ask.html","success","0","21","yes","3","no","3","3","yes","yes","continue","https://confighub.github.io/helm-expt/site/ask.html","Check my config · Config Workshop","ord If the candidate starts from a Catalog configuration, add its BaseVariantRecord . It connects the source, rendered objects, OCI package, prerequisites, lifecycle routes, policy, and evidence status. Assistant's WORKSHOP FIN","https://confighub.github.io/helm-expt/site/ask.html"
"platform","platform-085","action","Helm","P-A2","create an environment variant","https://confighub.github.io/helm-expt/site/charts/index.html","success","2","62","no","2","no","3","3","yes","yes","continue","https://confighub.github.io/helm-expt/site/redis-walkthrough.html","Detailed Redis Walkthrough · Config Workshop","rendered package files. Every chart page links its own try.sh ; base variants that need target resources name them instead of guessing. Clean up with kind delete cluster . The longer path below shows the same process next to p","https://confighub.github.io/helm-expt/site/charts/index.html -> https://confighub.github.io/helm-expt/site/promote.html -> https://confighub.github.io/helm-expt/site/redis-walkthrough.html"
"platform","platform-086","action","Helm","P-A2","create an environment variant","https://confighub.github.io/helm-expt/site/try.html","success","2","62","no","2","no","3","3","yes","yes","continue","https://confighub.github.io/helm-expt/site/d/docs/user/variants-after-upload.html","After Upload: Create A Variant And Promote Changes · Config Workshop","After Upload: Create A Variant And Promote Changes · Config Workshop Config Workshop AN EXPERIMENTAL TEST SITE FOR CONFIG TOOLS Guides Catalog Check my config Promote my config Dep","https://confighub.github.io/helm-expt/site/try.html -> https://confighub.github.io/helm-expt/site/testing.html -> https://confighub.github.io/helm-expt/site/d/docs/user/variants-after-upload.html"
"platform","platform-087","action","Helm","P-A2","create an environment variant","https://confighub.github.io/helm-expt/site/testing.html","success","1","51","no","2","yes","3","3","yes","yes","continue","https://confighub.github.io/helm-expt/site/d/docs/user/variants-after-upload.html","After Upload: Create A Variant And Promote Changes · Config Workshop","After Upload: Create A Variant And Promote Changes · Config Workshop Config Workshop AN EXPERIMENTAL TEST SITE FOR CONFIG TOOLS Guides Catalog Check my config Promote my config Dep","https://confighub.github.io/helm-expt/site/testing.html -> https://confighub.github.io/helm-expt/site/d/docs/user/variants-after-upload.html"
"platform","platform-088","action","Helm","P-A2","create an environment variant","https://confighub.github.io/helm-expt/site/how-it-works.html","success","1","39","no","3","yes","3","3","yes","yes","continue","https://confighub.github.io/helm-expt/site/confighub.html","Use ConfigHub · Config Workshop","rkshop-review.json . Its handoff commands upload the objects with cub variant upload and attach both file hashes. The commands also create a Provider None review Unit in the same Space. Provider None keeps the review beside the","https://confighub.github.io/helm-expt/site/how-it-works.html -> https://confighub.github.io/helm-expt/site/confighub.html"
"platform","platform-089","action","Helm","P-A2","create an environment variant","https://confighub.github.io/helm-expt/site/docs.html","success","0","20","yes","3","no","3","3","yes","yes","continue","https://confighub.github.io/helm-expt/site/docs.html","Docs · Config Workshop","OCI. Change or operate saved configuration How do I make environment variants? Create, compare, and promote development and production variants. How do I test a change before promotion? Compare the current and proposed Kuberne","https://confighub.github.io/helm-expt/site/docs.html"
"platform","platform-090","action","Helm","P-A2","create an environment variant","https://confighub.github.io/helm-expt/site/confighub.html","success","0","18","yes","3","no","3","3","yes","yes","continue","https://confighub.github.io/helm-expt/site/confighub.html","Use ConfigHub · Config Workshop","rkshop-review.json . Its handoff commands upload the objects with cub variant upload and attach both file hashes. The commands also create a Provider None review Unit in the same Space. Provider None keeps the review beside the","https://confighub.github.io/helm-expt/site/confighub.html"
"platform","platform-091","action","Helm","P-A3","promote development to production","https://confighub.github.io/helm-expt/site/index.html","success","0","18","yes","3","no","3","3","yes","yes","continue","https://confighub.github.io/helm-expt/site/index.html","Config Workshop · Understand and test your configuration","touched $ cub installer setup \ --pull oci://europe-west1-docker.pkg.dev/nth-fort-499605-q5/helm-expt/bitnami-redis:25.5.3 \ --base reuse-existing-secret \ --namespace redis --work-dir ./redis \ --non-interactive --output-","https://confighub.github.io/helm-expt/site/index.html"
"platform","platform-092","action","Helm","P-A3","promote development to production","https://confighub.github.io/helm-expt/site/guides.html","success","2","50","no","2","no","3","3","yes","yes","continue","https://confighub.github.io/helm-expt/site/confighub.html","Use ConfigHub · Config Workshop","t change. ConfigHub shows exact diffs, promotes reviewed changes from development to production, and compares approved configuration with your clusters. Keep a reviewed result in ConfigHub Open the tutorial New to cub ? Install the","https://confighub.github.io/helm-expt/site/guides.html -> https://confighub.github.io/helm-expt/site/promote.html -> https://confighub.github.io/helm-expt/site/confighub.html"
"platform","platform-093","action","Helm","P-A3","promote development to production","https://confighub.github.io/helm-expt/site/ask.html","success","2","61","no","2","no","3","3","yes","yes","continue","https://confighub.github.io/helm-expt/site/confighub.html","Use ConfigHub · Config Workshop","t change. ConfigHub shows exact diffs, promotes reviewed changes from development to production, and compares approved configuration with your clusters. Keep a reviewed result in ConfigHub Open the tutorial New to cub ? Install the","https://confighub.github.io/helm-expt/site/ask.html -> https://confighub.github.io/helm-expt/site/promote.html -> https://confighub.github.io/helm-expt/site/confighub.html"
"platform","platform-094","action","Helm","P-A3","promote development to production","https://confighub.github.io/helm-expt/site/charts/index.html","success","2","61","no","2","no","3","3","yes","yes","continue","https://confighub.github.io/helm-expt/site/confighub.html","Use ConfigHub · Config Workshop","t change. ConfigHub shows exact diffs, promotes reviewed changes from development to production, and compares approved configuration with your clusters. Keep a reviewed result in ConfigHub Open the tutorial New to cub ? Install the","https://confighub.github.io/helm-expt/site/charts/index.html -> https://confighub.github.io/helm-expt/site/promote.html -> https://confighub.github.io/helm-expt/site/confighub.html"
"platform","platform-095","action","Helm","P-A3","promote development to production","https://confighub.github.io/helm-expt/site/try.html","success","2","58","no","2","no","3","3","yes","yes","continue","https://confighub.github.io/helm-expt/site/confighub.html","Use ConfigHub · Config Workshop","t change. ConfigHub shows exact diffs, promotes reviewed changes from development to production, and compares approved configuration with your clusters. Keep a reviewed result in ConfigHub Open the tutorial New to cub ? Install the","https://confighub.github.io/helm-expt/site/try.html -> https://confighub.github.io/helm-expt/site/promote.html -> https://confighub.github.io/helm-expt/site/confighub.html"
"platform","platform-096","action","Helm","P-A3","promote development to production","https://confighub.github.io/helm-expt/site/testing.html","success","0","20","yes","3","no","3","3","yes","yes","continue","https://confighub.github.io/helm-expt/site/testing.html","Worked Examples · Config Workshop","ame objects go into ConfigHub. There you change a value, move it from development to staging, and roll it back. Keep the result in ConfigHub . If you do not want Redis, choose the input you have below. Every path ends with exact fi","https://confighub.github.io/helm-expt/site/testing.html"
"platform","platform-097","action","Helm","P-A3","promote development to production","https://confighub.github.io/helm-expt/site/how-it-works.html","success","2","62","no","2","no","3","3","yes","yes","continue","https://confighub.github.io/helm-expt/site/confighub.html","Use ConfigHub · Config Workshop","t change. ConfigHub shows exact diffs, promotes reviewed changes from development to production, and compares approved configuration with your clusters. Keep a reviewed result in ConfigHub Open the tutorial New to cub ? Install the","https://confighub.github.io/helm-expt/site/how-it-works.html -> https://confighub.github.io/helm-expt/site/promote.html -> https://confighub.github.io/helm-expt/site/confighub.html"
"platform","platform-098","action","Helm","P-A3","promote development to production","https://confighub.github.io/helm-expt/site/docs.html","success","0","17","yes","3","no","3","3","yes","yes","continue","https://confighub.github.io/helm-expt/site/docs.html","Docs · Config Workshop","tion How do I make environment variants? Create, compare, and promote development and production variants. How do I test a change before promotion? Compare the current and proposed Kubernetes objects in your browser. The result nam","https://confighub.github.io/helm-expt/site/docs.html"
"platform","platform-099","action","Helm","P-A3","promote development to production","https://confighub.github.io/helm-expt/site/confighub.html","success","0","18","yes","3","no","3","3","yes","yes","continue","https://confighub.github.io/helm-expt/site/confighub.html","Use ConfigHub · Config Workshop","t change. ConfigHub shows exact diffs, promotes reviewed changes from development to production, and compares approved configuration with your clusters. Keep a reviewed result in ConfigHub Open the tutorial New to cub ? Install the","https://confighub.github.io/helm-expt/site/confighub.html"
"platform","platform-100","action","Helm","P-A4","assign configuration to a fleet","https://confighub.github.io/helm-expt/site/index.html","success","0","18","yes","3","no","3","3","yes","yes","continue","https://confighub.github.io/helm-expt/site/index.html","Config Workshop · Understand and test your configuration","ls, and rollout history. Needs an account and a cluster: the standing fleet record. 1. Find a tested configuration 112 components Choose an exact chart version and a useful starting configuration. Retained versions stay pulla","https://confighub.github.io/helm-expt/site/index.html"
"platform","platform-101","action","Helm","P-A4","assign configuration to a fleet","https://confighub.github.io/helm-expt/site/guides.html","success","0","19","yes","3","no","3","3","yes","yes","continue","https://confighub.github.io/helm-expt/site/guides.html","Guides · Config Workshop","commands and the evidence for one worked flow, including promotions, fleet rollouts, and policy checks. Open Helm, AICR, OCI, YAML, promotion, and fleet examples Follow one package end to end The longest guide. It takes a si","https://confighub.github.io/helm-expt/site/guides.html"
"platform","platform-102","action","Helm","P-A4","assign configuration to a fleet","https://confighub.github.io/helm-expt/site/ask.html","success","0","20","yes","3","no","3","3","yes","yes","continue","https://confighub.github.io/helm-expt/site/ask.html","Check my config · Config Workshop","elivery limitations · checks and publication receipts · promotion and fleet examples This page runs in your browser. It has no telemetry and sends nothing until you choose a public GitHub issue.","https://confighub.github.io/helm-expt/site/ask.html"
"platform","platform-103","action","Helm","P-A4","assign configuration to a fleet","https://confighub.github.io/helm-expt/site/charts/index.html","partial","2","62","no","2","no","2","3","yes","no","bookmark","https://confighub.github.io/helm-expt/site/charts/index.html","Component Catalog · Config Workshop","ss Storage and backup Databases and messaging Delivery and automation Cluster operations Web and compute First configuration All Recommended first path Rendering checked; read page Read chart page Hooks All Needs lifecycle revi","https://confighub.github.io/helm-expt/site/charts/index.html -> https://confighub.github.io/helm-expt/site/charts/argo-cd-argo-rollouts-2-40-9.html -> https://confighub.github.io/helm-expt/site/sh/argo-cd-argo-rollouts-2-40-9/default/confighub.sh"
"platform","platform-104","action","Helm","P-A4","assign configuration to a fleet","https://confighub.github.io/helm-expt/site/try.html","success","1","36","no","2","yes","3","3","yes","yes","continue","https://confighub.github.io/helm-expt/site/testing.html","Worked Examples · Config Workshop","lt. After the starting examples, see how ConfigHub handles promotion, fleet rollouts, and repeated operational jobs. In a hurry with your own chart? One command, no account: helm template rel <chart> -f your-values.yaml --inc","https://confighub.github.io/helm-expt/site/try.html -> https://confighub.github.io/helm-expt/site/testing.html"
"platform","platform-105","action","Helm","P-A4","assign configuration to a fleet","https://confighub.github.io/helm-expt/site/testing.html","success","0","22","yes","3","no","3","3","yes","yes","continue","https://confighub.github.io/helm-expt/site/testing.html","Worked Examples · Config Workshop","lt. After the starting examples, see how ConfigHub handles promotion, fleet rollouts, and repeated operational jobs. In a hurry with your own chart? One command, no account: helm template rel <chart> -f your-values.yaml --inc","https://confighub.github.io/helm-expt/site/testing.html"
"platform","platform-106","action","Helm","P-A4","assign configuration to a fleet","https://confighub.github.io/helm-expt/site/how-it-works.html","success","0","19","yes","3","no","3","3","yes","yes","continue","https://confighub.github.io/helm-expt/site/how-it-works.html","Choose How To Deploy It · Config Workshop","examples for promotion and OCI delivery, or the platform examples for fleet rollouts. Use ConfigHub when you want shared configuration, approvals, and rollout history. Find the right technical guide · Continue with ConfigHub","https://confighub.github.io/helm-expt/site/how-it-works.html"
"platform","platform-107","action","Helm","P-A4","assign configuration to a fleet","https://confighub.github.io/helm-expt/site/docs.html","success","0","21","yes","3","no","3","3","yes","yes","continue","https://confighub.github.io/helm-expt/site/docs.html","Docs · Config Workshop","ub App automate? Apps on ConfigHub includes upgrade, lifecycle, RBAC, fleet, and AI review examples. How do I roll a change through a fleet? Open the Kubara and Sveltos examples for platform configuration, cluster assignments","https://confighub.github.io/helm-expt/site/docs.html"
"platform","platform-108","action","Helm","P-A4","assign configuration to a fleet","https://confighub.github.io/helm-expt/site/confighub.html","success","0","20","yes","3","no","3","3","yes","yes","continue","https://confighub.github.io/helm-expt/site/confighub.html","Use ConfigHub · Config Workshop","ely dated live observation. Desired and live comparison Roll out to a fleet The selected targets, waves, approvals, and result for every target. Fleet examples 4. Continue with the official tutorial Create a ConfigHub account","https://confighub.github.io/helm-expt/site/confighub.html"
"platform","platform-109","recovery","Helm","P-R1","roll back a promoted release","https://confighub.github.io/helm-expt/site/index.html","success","1","38","no","3","yes","3","3","yes","yes","continue","https://confighub.github.io/helm-expt/site/confighub.html","Use ConfigHub · Config Workshop","bject revision or release digest. External effects remain outside the rollback claim. Redis promotion and rollback Compare desired with live The approved desired objects and a separately dated live observation. Desired and live","https://confighub.github.io/helm-expt/site/index.html -> https://confighub.github.io/helm-expt/site/confighub.html"
"platform","platform-110","recovery","Helm","P-R1","roll back a promoted release","https://confighub.github.io/helm-expt/site/guides.html","success","1","36","no","1","yes","3","3","yes","yes","continue","https://confighub.github.io/helm-expt/site/testing.html","Worked Examples · Config Workshop","the detailed Redis walkthrough for the recorded parity, upgrade, and rollback evidence. To keep an edit to the files as well, the same objects go into ConfigHub. There you change a value, move it from development to staging, an","https://confighub.github.io/helm-expt/site/guides.html -> https://confighub.github.io/helm-expt/site/testing.html"
"platform","platform-111","recovery","Helm","P-R1","roll back a promoted release","https://confighub.github.io/helm-expt/site/ask.html","success","0","21","yes","3","no","3","3","yes","yes","continue","https://confighub.github.io/helm-expt/site/ask.html","Check my config · Config Workshop","e comparison is a separate check after delivery. Read the upgrade and rollback walkthrough before claiming that a rollback will restore the exact release. Read the ConfigurationReview schema . Keep this reviewed result in Config","https://confighub.github.io/helm-expt/site/ask.html"
"platform","platform-112","recovery","Helm","P-R1","roll back a promoted release","https://confighub.github.io/helm-expt/site/charts/index.html","partial","2","158","no","2","no","2","3","no","no","bookmark","https://confighub.github.io/helm-expt/site/charts/index.html","Component Catalog · Config Workshop","efault: safe-to-flatten 3.6.0 : default 1 packaged configuration rook-release/rook-ceph Storage and backup v1.19.5 receipt default Available configuration. Read the chart page before use. Review before use Checks exist, but thi","https://confighub.github.io/helm-expt/site/charts/index.html -> https://confighub.github.io/helm-expt/site/charts/rook-release-rook-ceph-v1-19-5.html -> https://confighub.github.io/helm-expt/site/sh/rook-release-rook-ceph-v1-19-5/default/confighub.sh"
"platform","platform-113","recovery","Helm","P-R1","roll back a promoted release","https://confighub.github.io/helm-expt/site/try.html","success","1","37","no","2","yes","3","3","yes","yes","continue","https://confighub.github.io/helm-expt/site/testing.html","Worked Examples · Config Workshop","the detailed Redis walkthrough for the recorded parity, upgrade, and rollback evidence. To keep an edit to the files as well, the same objects go into ConfigHub. There you change a value, move it from development to staging, an","https://confighub.github.io/helm-expt/site/try.html -> https://confighub.github.io/helm-expt/site/testing.html"
"platform","platform-114","recovery","Helm","P-R1","roll back a promoted release","https://confighub.github.io/helm-expt/site/testing.html","success","0","22","yes","3","no","3","3","yes","yes","continue","https://confighub.github.io/helm-expt/site/testing.html","Worked Examples · Config Workshop","the detailed Redis walkthrough for the recorded parity, upgrade, and rollback evidence. To keep an edit to the files as well, the same objects go into ConfigHub. There you change a value, move it from development to staging, an","https://confighub.github.io/helm-expt/site/testing.html"
"platform","platform-115","recovery","Helm","P-R1","roll back a promoted release","https://confighub.github.io/helm-expt/site/how-it-works.html","success","1","36","no","3","yes","3","3","yes","yes","continue","https://confighub.github.io/helm-expt/site/confighub.html","Use ConfigHub · Config Workshop","bject revision or release digest. External effects remain outside the rollback claim. Redis promotion and rollback Compare desired with live The approved desired objects and a separately dated live observation. Desired and live","https://confighub.github.io/helm-expt/site/how-it-works.html -> https://confighub.github.io/helm-expt/site/confighub.html"
"platform","platform-116","recovery","Helm","P-R1","roll back a promoted release","https://confighub.github.io/helm-expt/site/docs.html","success","0","19","yes","3","no","3","3","yes","yes","continue","https://confighub.github.io/helm-expt/site/docs.html","Docs · Config Workshop","The Redis walkthrough shows one full upgrade, promotion, rollout, and rollback. What can a ConfigHub App automate? Apps on ConfigHub includes upgrade, lifecycle, RBAC, fleet, and AI review examples. How do I roll a change throug","https://confighub.github.io/helm-expt/site/docs.html"
"platform","platform-117","recovery","Helm","P-R1","roll back a promoted release","https://confighub.github.io/helm-expt/site/confighub.html","success","0","20","yes","3","no","3","3","yes","yes","continue","https://confighub.github.io/helm-expt/site/confighub.html","Use ConfigHub · Config Workshop","bject revision or release digest. External effects remain outside the rollback claim. Redis promotion and rollback Compare desired with live The approved desired objects and a separately dated live observation. Desired and live","https://confighub.github.io/helm-expt/site/confighub.html"
"platform","platform-118","recovery","Helm","P-R2","pause or inspect a rollout wave","https://confighub.github.io/helm-expt/site/index.html","success","1","38","no","2","yes","3","3","yes","yes","continue","https://confighub.github.io/helm-expt/site/ask.html","Check my config · Config Workshop","ent and cluster, test the candidate, and promote it through a limited rollout wave. 2 Can I roll back to exactly what ran before? Find a retained rendered revision or OCI digest and restore those exact objects. Keep database mi","https://confighub.github.io/helm-expt/site/index.html -> https://confighub.github.io/helm-expt/site/ask.html"
"platform","platform-119","recovery","Helm","P-R2","pause or inspect a rollout wave","https://confighub.github.io/helm-expt/site/guides.html","success","1","40","no","2","yes","3","3","yes","yes","continue","https://confighub.github.io/helm-expt/site/testing.html","Worked Examples · Config Workshop","ter the starting examples, see how ConfigHub handles promotion, fleet rollouts, and repeated operational jobs. In a hurry with your own chart? One command, no account: helm template rel <chart> -f your-values.yaml --include-crd","https://confighub.github.io/helm-expt/site/guides.html -> https://confighub.github.io/helm-expt/site/testing.html"
"platform","platform-120","recovery","Helm","P-R2","pause or inspect a rollout wave","https://confighub.github.io/helm-expt/site/ask.html","success","0","22","yes","3","no","3","3","yes","yes","continue","https://confighub.github.io/helm-expt/site/ask.html","Check my config · Config Workshop","ent and cluster, test the candidate, and promote it through a limited rollout wave. 2 Can I roll back to exactly what ran before? Find a retained rendered revision or OCI digest and restore those exact objects. Keep database mi","https://confighub.github.io/helm-expt/site/ask.html"
"platform","platform-121","recovery","Helm","P-R2","pause or inspect a rollout wave","https://confighub.github.io/helm-expt/site/charts/index.html","partial","3","87","no","2","no","2","3","yes","no","bookmark","https://confighub.github.io/helm-expt/site/charts/index.html","Component Catalog · Config Workshop","tes 2.4.21 : default , no-crds 2 packaged configurations argo-cd/argo-rollouts Delivery and automation 2.40.9 receipt default Available configuration. Read the chart page before use. Review before use Checks exist, but this cha","https://confighub.github.io/helm-expt/site/charts/index.html -> https://confighub.github.io/helm-expt/site/charts/argo-cd-argo-rollouts-2-40-9.html -> https://confighub.github.io/helm-expt/site/charts/argo-cd-argo-rollouts-2-40-9.html#proof -> https://confighub.github.io/helm-expt/site/sh/argo-cd-argo-rollouts-2-40-9/default/confighub.sh"
"platform","platform-122","recovery","Helm","P-R2","pause or inspect a rollout wave","https://confighub.github.io/helm-expt/site/try.html","success","1","39","no","1","yes","3","3","yes","yes","continue","https://confighub.github.io/helm-expt/site/testing.html","Worked Examples · Config Workshop","ter the starting examples, see how ConfigHub handles promotion, fleet rollouts, and repeated operational jobs. In a hurry with your own chart? One command, no account: helm template rel <chart> -f your-values.yaml --include-crd","https://confighub.github.io/helm-expt/site/try.html -> https://confighub.github.io/helm-expt/site/testing.html"
"platform","platform-123","recovery","Helm","P-R2","pause or inspect a rollout wave","https://confighub.github.io/helm-expt/site/testing.html","success","0","20","yes","3","no","3","3","yes","yes","continue","https://confighub.github.io/helm-expt/site/testing.html","Worked Examples · Config Workshop","ter the starting examples, see how ConfigHub handles promotion, fleet rollouts, and repeated operational jobs. In a hurry with your own chart? One command, no account: helm template rel <chart> -f your-values.yaml --include-crd","https://confighub.github.io/helm-expt/site/testing.html"
"platform","platform-124","recovery","Helm","P-R2","pause or inspect a rollout wave","https://confighub.github.io/helm-expt/site/how-it-works.html","success","1","36","no","2","yes","3","3","yes","yes","continue","https://confighub.github.io/helm-expt/site/ask.html","Check my config · Config Workshop","ent and cluster, test the candidate, and promote it through a limited rollout wave. 2 Can I roll back to exactly what ran before? Find a retained rendered revision or OCI digest and restore those exact objects. Keep database mi","https://confighub.github.io/helm-expt/site/how-it-works.html -> https://confighub.github.io/helm-expt/site/ask.html"
"platform","platform-125","recovery","Helm","P-R2","pause or inspect a rollout wave","https://confighub.github.io/helm-expt/site/docs.html","success","1","39","no","2","yes","3","3","yes","yes","continue","https://confighub.github.io/helm-expt/site/ask.html","Check my config · Config Workshop","ent and cluster, test the candidate, and promote it through a limited rollout wave. 2 Can I roll back to exactly what ran before? Find a retained rendered revision or OCI digest and restore those exact objects. Keep database mi","https://confighub.github.io/helm-expt/site/docs.html -> https://confighub.github.io/helm-expt/site/ask.html"
"platform","platform-126","recovery","Helm","P-R2","pause or inspect a rollout wave","https://confighub.github.io/helm-expt/site/confighub.html","success","1","36","no","2","yes","3","3","yes","yes","continue","https://confighub.github.io/helm-expt/site/testing.html#managed","Worked Examples · Config Workshop","ter the starting examples, see how ConfigHub handles promotion, fleet rollouts, and repeated operational jobs. In a hurry with your own chart? One command, no account: helm template rel <chart> -f your-values.yaml --include-crd","https://confighub.github.io/helm-expt/site/confighub.html -> https://confighub.github.io/helm-expt/site/testing.html#managed"
"platform","platform-127","recovery","Helm","P-R3","find live drift","https://confighub.github.io/helm-expt/site/index.html","success","0","20","yes","3","no","3","3","yes","yes","continue","https://confighub.github.io/helm-expt/site/index.html","Config Workshop · Understand and test your configuration","ds. Keep desired-configuration differences separate from live-cluster drift. Start this check → 6 of 40 discussions 03 I set a value. Why did the rendered object not change? If Helm ignored a setting, check first for a misspe","https://confighub.github.io/helm-expt/site/index.html"
"platform","platform-128","recovery","Helm","P-R3","find live drift","https://confighub.github.io/helm-expt/site/guides.html","success","5","112","no","0","yes","3","3","yes","yes","continue","https://confighub.github.io/helm-expt/site/does-cluster-match-approved-config.html","Does the cluster match what we approved? · Config Workshop","e observation remain separate results. Check the record Open the live drift receipt . The plain-English summary shows the detected field and the missed field. Check removal behavior and check field conflicts separately. Do th","https://confighub.github.io/helm-expt/site/guides.html -> https://confighub.github.io/helm-expt/site/testing.html -> https://confighub.github.io/helm-expt/site/operations.html -> https://confighub.github.io/helm-expt/site/d/docs/user/day2-upgrade-rollback.html -> https://confighub.github.io/helm-expt/site/confighub.html -> https://confighub.github.io/helm-expt/site/does-cluster-match-approved-config.html"
"platform","platform-129","recovery","Helm","P-R3","find live drift","https://confighub.github.io/helm-expt/site/ask.html","success","0","23","yes","3","no","3","3","yes","yes","continue","https://confighub.github.io/helm-expt/site/ask.html","Check my config · Config Workshop","ds. Keep desired-configuration differences separate from live-cluster drift. 5 I set a value. Why did the rendered object not change? If Helm ignored a setting, check first for a misspelled or wrong values path. Render with a","https://confighub.github.io/helm-expt/site/ask.html"
"platform","platform-130","recovery","Helm","P-R3","find live drift","https://confighub.github.io/helm-expt/site/charts/index.html","success","1","42","no","1","yes","3","3","yes","yes","continue","https://confighub.github.io/helm-expt/site/how-it-works.html#setting-sources","Choose How To Deploy It · Config Workshop","eck each required step. Live cluster Observe what is running and find drift. Record an intended correction before redeploying. Do not change the same field in both the source and ConfigHub. If both changed it, choose which va","https://confighub.github.io/helm-expt/site/charts/index.html -> https://confighub.github.io/helm-expt/site/how-it-works.html#setting-sources"
"platform","platform-131","recovery","Helm","P-R3","find live drift","https://confighub.github.io/helm-expt/site/try.html","success","5","123","no","1","yes","3","3","yes","yes","continue","https://confighub.github.io/helm-expt/site/does-cluster-match-approved-config.html","Does the cluster match what we approved? · Config Workshop","e observation remain separate results. Check the record Open the live drift receipt . The plain-English summary shows the detected field and the missed field. Check removal behavior and check field conflicts separately. Do th","https://confighub.github.io/helm-expt/site/try.html -> https://confighub.github.io/helm-expt/site/testing.html -> https://confighub.github.io/helm-expt/site/operations.html -> https://confighub.github.io/helm-expt/site/guides.html -> https://confighub.github.io/helm-expt/site/confighub.html -> https://confighub.github.io/helm-expt/site/does-cluster-match-approved-config.html"
"platform","platform-132","recovery","Helm","P-R3","find live drift","https://confighub.github.io/helm-expt/site/testing.html","success","4","87","no","2","no","3","3","yes","yes","continue","https://confighub.github.io/helm-expt/site/does-cluster-match-approved-config.html","Does the cluster match what we approved? · Config Workshop","e observation remain separate results. Check the record Open the live drift receipt . The plain-English summary shows the detected field and the missed field. Check removal behavior and check field conflicts separately. Do th","https://confighub.github.io/helm-expt/site/testing.html -> https://confighub.github.io/helm-expt/site/operations.html -> https://confighub.github.io/helm-expt/site/guides.html -> https://confighub.github.io/helm-expt/site/confighub.html -> https://confighub.github.io/helm-expt/site/does-cluster-match-approved-config.html"
"platform","platform-133","recovery","Helm","P-R3","find live drift","https://confighub.github.io/helm-expt/site/how-it-works.html","success","0","21","yes","3","no","3","3","yes","yes","continue","https://confighub.github.io/helm-expt/site/how-it-works.html","Choose How To Deploy It · Config Workshop","eck each required step. Live cluster Observe what is running and find drift. Record an intended correction before redeploying. Do not change the same field in both the source and ConfigHub. If both changed it, choose which va","https://confighub.github.io/helm-expt/site/how-it-works.html"
"platform","platform-134","recovery","Helm","P-R3","find live drift","https://confighub.github.io/helm-expt/site/docs.html","success","1","37","no","2","yes","3","3","yes","yes","continue","https://confighub.github.io/helm-expt/site/does-cluster-match-approved-config.html","Does the cluster match what we approved? · Config Workshop","e observation remain separate results. Check the record Open the live drift receipt . The plain-English summary shows the detected field and the missed field. Check removal behavior and check field conflicts separately. Do th","https://confighub.github.io/helm-expt/site/docs.html -> https://confighub.github.io/helm-expt/site/does-cluster-match-approved-config.html"
"platform","platform-135","recovery","Helm","P-R3","find live drift","https://confighub.github.io/helm-expt/site/confighub.html","success","1","44","no","2","yes","3","3","yes","yes","continue","https://confighub.github.io/helm-expt/site/does-cluster-match-approved-config.html","Does the cluster match what we approved? · Config Workshop","e observation remain separate results. Check the record Open the live drift receipt . The plain-English summary shows the detected field and the missed field. Check removal behavior and check field conflicts separately. Do th","https://confighub.github.io/helm-expt/site/confighub.html -> https://confighub.github.io/helm-expt/site/does-cluster-match-approved-config.html"
"platform","platform-136","recovery","Helm","P-R4","require approval for production","https://confighub.github.io/helm-expt/site/index.html","success","0","18","yes","3","no","3","3","yes","yes","continue","https://confighub.github.io/helm-expt/site/index.html","Config Workshop · Understand and test your configuration","y catalog pull, with no account. Needs a ConfigHub account: variants, approvals, and rollout history. Needs an account and a cluster: the standing fleet record. 1. Find a tested configuration 112 components Choose an exact chart","https://confighub.github.io/helm-expt/site/index.html"
"platform","platform-137","recovery","Helm","P-R4","require approval for production","https://confighub.github.io/helm-expt/site/guides.html","success","1","41","no","2","yes","3","3","yes","yes","continue","https://confighub.github.io/helm-expt/site/testing.html","Worked Examples · Config Workshop","e artifacts. Delivery guide · Argo CD and Flux proof Apply checks and approvals Schema, placeholder, and lifecycle-route checks can block bad configuration. Image and probe checks warn. Selected production and system configurati","https://confighub.github.io/helm-expt/site/guides.html -> https://confighub.github.io/helm-expt/site/testing.html"
"platform","platform-138","recovery","Helm","P-R4","require approval for production","https://confighub.github.io/helm-expt/site/ask.html","success","1","40","no","2","yes","3","3","yes","yes","continue","https://confighub.github.io/helm-expt/site/d/data/apply-policy-profiles/summary.html","Apply policy profiles · Config Workshop","ernetes workload containers that have no readiness or liveness probe. Approval required Filter: platform/helm-catalog-prod-gates Production releases and system configuration keep the 7 common checks and add one required approval","https://confighub.github.io/helm-expt/site/ask.html -> https://confighub.github.io/helm-expt/site/d/data/apply-policy-profiles/summary.html"
"platform","platform-139","recovery","Helm","P-R4","require approval for production","https://confighub.github.io/helm-expt/site/charts/index.html","success","1","51","no","1","yes","3","3","yes","yes","continue","https://confighub.github.io/helm-expt/site/charts/gatekeeper-gatekeeper-3-22-2.html","gatekeeper/gatekeeper 3.22.2 · Config Workshop","wed the result? Keep it in ConfigHub when you need history, variants, approvals, or delivery. What this page gives you Every chart page follows the same order. Choose a configuration, inspect its objects and setup work, then rea","https://confighub.github.io/helm-expt/site/charts/index.html -> https://confighub.github.io/helm-expt/site/charts/gatekeeper-gatekeeper-3-22-2.html"
"platform","platform-140","recovery","Helm","P-R4","require approval for production","https://confighub.github.io/helm-expt/site/try.html","success","1","38","no","1","yes","3","3","yes","yes","continue","https://confighub.github.io/helm-expt/site/testing.html","Worked Examples · Config Workshop","e artifacts. Delivery guide · Argo CD and Flux proof Apply checks and approvals Schema, placeholder, and lifecycle-route checks can block bad configuration. Image and probe checks warn. Selected production and system configurati","https://confighub.github.io/helm-expt/site/try.html -> https://confighub.github.io/helm-expt/site/testing.html"
"platform","platform-141","recovery","Helm","P-R4","require approval for production","https://confighub.github.io/helm-expt/site/testing.html","success","0","22","yes","3","no","3","3","yes","yes","continue","https://confighub.github.io/helm-expt/site/testing.html","Worked Examples · Config Workshop","e artifacts. Delivery guide · Argo CD and Flux proof Apply checks and approvals Schema, placeholder, and lifecycle-route checks can block bad configuration. Image and probe checks warn. Selected production and system configurati","https://confighub.github.io/helm-expt/site/testing.html"
"platform","platform-142","recovery","Helm","P-R4","require approval for production","https://confighub.github.io/helm-expt/site/how-it-works.html","success","0","19","yes","3","no","3","3","yes","yes","continue","https://confighub.github.io/helm-expt/site/how-it-works.html","Choose How To Deploy It · Config Workshop","Use it when you need to track changes across environments, require an approval before production, or roll back to a recorded release. Start with what ConfigHub adds . 1. Choose what happens next Local files Works with kubectl al","https://confighub.github.io/helm-expt/site/how-it-works.html"
"platform","platform-143","recovery","Helm","P-R4","require approval for production","https://confighub.github.io/helm-expt/site/docs.html","success","1","39","no","2","yes","3","3","yes","yes","continue","https://confighub.github.io/helm-expt/site/testing.html#platforms","Worked Examples · Config Workshop","e artifacts. Delivery guide · Argo CD and Flux proof Apply checks and approvals Schema, placeholder, and lifecycle-route checks can block bad configuration. Image and probe checks warn. Selected production and system configurati","https://confighub.github.io/helm-expt/site/docs.html -> https://confighub.github.io/helm-expt/site/testing.html#platforms"
"platform","platform-144","recovery","Helm","P-R4","require approval for production","https://confighub.github.io/helm-expt/site/confighub.html","success","1","36","no","2","yes","3","3","yes","yes","continue","https://confighub.github.io/helm-expt/site/testing.html#managed","Worked Examples · Config Workshop","e artifacts. Delivery guide · Argo CD and Flux proof Apply checks and approvals Schema, placeholder, and lifecycle-route checks can block bad configuration. Image and probe checks warn. Selected production and system configurati","https://confighub.github.io/helm-expt/site/confighub.html -> https://confighub.github.io/helm-expt/site/testing.html#managed"
"platform","platform-145","conversion","Helm","P-X1","start the ConfigHub tutorial","https://confighub.github.io/helm-expt/site/index.html","success","1","41","no","2","yes","3","3","yes","yes","signup","https://confighub.github.io/helm-expt/site/confighub.html","Use ConfigHub · Config Workshop","Use ConfigHub · Config Workshop Config Workshop AN EXPERIMENTAL TEST SITE FOR CONFIG TOOLS Guides Catalog Check my config Promote my config Deployment Docs ConfigH","https://confighub.github.io/helm-expt/site/index.html -> https://confighub.github.io/helm-expt/site/confighub.html"
"platform","platform-146","conversion","Helm","P-X1","start the ConfigHub tutorial","https://confighub.github.io/helm-expt/site/guides.html","success","1","33","no","2","yes","3","3","yes","yes","signup","https://confighub.github.io/helm-expt/site/confighub.html","Use ConfigHub · Config Workshop","Use ConfigHub · Config Workshop Config Workshop AN EXPERIMENTAL TEST SITE FOR CONFIG TOOLS Guides Catalog Check my config Promote my config Deployment Docs ConfigH","https://confighub.github.io/helm-expt/site/guides.html -> https://confighub.github.io/helm-expt/site/confighub.html"
"platform","platform-147","conversion","Helm","P-X1","start the ConfigHub tutorial","https://confighub.github.io/helm-expt/site/ask.html","success","1","40","no","3","yes","3","3","yes","yes","signup","https://confighub.github.io/helm-expt/site/confighub.html","Use ConfigHub · Config Workshop","Use ConfigHub · Config Workshop Config Workshop AN EXPERIMENTAL TEST SITE FOR CONFIG TOOLS Guides Catalog Check my config Promote my config Deployment Docs ConfigH","https://confighub.github.io/helm-expt/site/ask.html -> https://confighub.github.io/helm-expt/site/confighub.html"
"platform","platform-148","conversion","Helm","P-X1","start the ConfigHub tutorial","https://confighub.github.io/helm-expt/site/charts/index.html","success","1","43","no","2","yes","3","3","yes","yes","signup","https://confighub.github.io/helm-expt/site/confighub.html","Use ConfigHub · Config Workshop","Use ConfigHub · Config Workshop Config Workshop AN EXPERIMENTAL TEST SITE FOR CONFIG TOOLS Guides Catalog Check my config Promote my config Deployment Docs ConfigH","https://confighub.github.io/helm-expt/site/charts/index.html -> https://confighub.github.io/helm-expt/site/confighub.html"
"platform","platform-149","conversion","Helm","P-X1","start the ConfigHub tutorial","https://confighub.github.io/helm-expt/site/try.html","success","1","38","no","2","yes","3","3","yes","yes","signup","https://confighub.github.io/helm-expt/site/confighub.html","Use ConfigHub · Config Workshop","Use ConfigHub · Config Workshop Config Workshop AN EXPERIMENTAL TEST SITE FOR CONFIG TOOLS Guides Catalog Check my config Promote my config Deployment Docs ConfigH","https://confighub.github.io/helm-expt/site/try.html -> https://confighub.github.io/helm-expt/site/confighub.html"
"platform","platform-150","conversion","Helm","P-X1","start the ConfigHub tutorial","https://confighub.github.io/helm-expt/site/testing.html","success","1","38","no","3","yes","3","3","yes","yes","signup","https://confighub.github.io/helm-expt/site/confighub.html","Use ConfigHub · Config Workshop","Use ConfigHub · Config Workshop Config Workshop AN EXPERIMENTAL TEST SITE FOR CONFIG TOOLS Guides Catalog Check my config Promote my config Deployment Docs ConfigH","https://confighub.github.io/helm-expt/site/testing.html -> https://confighub.github.io/helm-expt/site/confighub.html"
"platform","platform-151","conversion","Helm","P-X1","start the ConfigHub tutorial","https://confighub.github.io/helm-expt/site/how-it-works.html","success","1","43","no","2","yes","3","3","yes","yes","signup","https://confighub.github.io/helm-expt/site/confighub.html","Use ConfigHub · Config Workshop","Use ConfigHub · Config Workshop Config Workshop AN EXPERIMENTAL TEST SITE FOR CONFIG TOOLS Guides Catalog Check my config Promote my config Deployment Docs ConfigH","https://confighub.github.io/helm-expt/site/how-it-works.html -> https://confighub.github.io/helm-expt/site/confighub.html"
"platform","platform-152","conversion","Helm","P-X1","start the ConfigHub tutorial","https://confighub.github.io/helm-expt/site/docs.html","success","1","36","no","3","yes","3","3","yes","yes","signup","https://confighub.github.io/helm-expt/site/confighub.html","Use ConfigHub · Config Workshop","Use ConfigHub · Config Workshop Config Workshop AN EXPERIMENTAL TEST SITE FOR CONFIG TOOLS Guides Catalog Check my config Promote my config Deployment Docs ConfigH","https://confighub.github.io/helm-expt/site/docs.html -> https://confighub.github.io/helm-expt/site/confighub.html"
"platform","platform-153","conversion","Helm","P-X1","start the ConfigHub tutorial","https://confighub.github.io/helm-expt/site/confighub.html","success","0","19","yes","3","no","3","3","yes","yes","signup","https://confighub.github.io/helm-expt/site/confighub.html","Use ConfigHub · Config Workshop","Use ConfigHub · Config Workshop Config Workshop AN EXPERIMENTAL TEST SITE FOR CONFIG TOOLS Guides Catalog Check my config Promote my config Deployment Docs ConfigH","https://confighub.github.io/helm-expt/site/confighub.html"
"platform","platform-154","conversion","Helm","P-X2","keep configuration history","https://confighub.github.io/helm-expt/site/index.html","success","2","53","no","3","no","3","3","yes","yes","signup","https://confighub.github.io/helm-expt/site/ask.html","Check my config · Config Workshop","reviewed objects as OCI, or retain it in ConfigHub when a team needs history and promotion. See the complete example Start with my chart and values I have rendered YAML New to cub ? Install the cub CLI first. You can pull and","https://confighub.github.io/helm-expt/site/index.html -> https://confighub.github.io/helm-expt/site/charts/index.html -> https://confighub.github.io/helm-expt/site/ask.html"
"platform","platform-155","conversion","Helm","P-X2","keep configuration history","https://confighub.github.io/helm-expt/site/guides.html","success","0","19","yes","3","no","3","3","yes","yes","signup","https://confighub.github.io/helm-expt/site/guides.html","Guides · Config Workshop","t ConfigHub adds to see why a reviewed configuration becomes a shared record when your team needs changes, approvals, promotion, and rollout, and how far you get without an account if you would rather not. Each guide runs real","https://confighub.github.io/helm-expt/site/guides.html"
"platform","platform-156","conversion","Helm","P-X2","keep configuration history","https://confighub.github.io/helm-expt/site/ask.html","success","0","20","yes","3","no","3","3","yes","yes","signup","https://confighub.github.io/helm-expt/site/ask.html","Check my config · Config Workshop","reviewed objects as OCI, or retain it in ConfigHub when a team needs history and promotion. See the complete example Start with my chart and values I have rendered YAML New to cub ? Install the cub CLI first. You can pull and","https://confighub.github.io/helm-expt/site/ask.html"
"platform","platform-157","conversion","Helm","P-X2","keep configuration history","https://confighub.github.io/helm-expt/site/charts/index.html","success","1","39","no","3","yes","3","3","yes","yes","signup","https://confighub.github.io/helm-expt/site/ask.html","Check my config · Config Workshop","reviewed objects as OCI, or retain it in ConfigHub when a team needs history and promotion. See the complete example Start with my chart and values I have rendered YAML New to cub ? Install the cub CLI first. You can pull and","https://confighub.github.io/helm-expt/site/charts/index.html -> https://confighub.github.io/helm-expt/site/ask.html"
"platform","platform-158","conversion","Helm","P-X2","keep configuration history","https://confighub.github.io/helm-expt/site/try.html","success","1","32","no","3","yes","3","3","yes","yes","signup","https://confighub.github.io/helm-expt/site/ask.html","Check my config · Config Workshop","reviewed objects as OCI, or retain it in ConfigHub when a team needs history and promotion. See the complete example Start with my chart and values I have rendered YAML New to cub ? Install the cub CLI first. You can pull and","https://confighub.github.io/helm-expt/site/try.html -> https://confighub.github.io/helm-expt/site/ask.html"
"platform","platform-159","conversion","Helm","P-X2","keep configuration history","https://confighub.github.io/helm-expt/site/testing.html","success","0","27","yes","3","no","3","3","yes","yes","signup","https://confighub.github.io/helm-expt/site/testing.html","Worked Examples · Config Workshop","'s own output and matched. See the detailed Redis walkthrough for the recorded parity, upgrade, and rollback evidence. To keep an edit to the files as well, the same objects go into ConfigHub. There you change a value, move it","https://confighub.github.io/helm-expt/site/testing.html"
"platform","platform-160","conversion","Helm","P-X2","keep configuration history","https://confighub.github.io/helm-expt/site/how-it-works.html","success","3","79","no","3","no","3","3","yes","yes","signup","https://confighub.github.io/helm-expt/site/confighub.html","Use ConfigHub · Config Workshop","b shows the exact diff, records the approval, and keeps the promotion history. Publish a release for Argo CD or Flux. Add live observations when you need to compare the approved configuration with a cluster. 2. See one exact ha","https://confighub.github.io/helm-expt/site/how-it-works.html -> https://confighub.github.io/helm-expt/site/d/docs/user/confighub-data-model.html -> https://confighub.github.io/helm-expt/site/d/docs/user/cub-deployment-path.html -> https://confighub.github.io/helm-expt/site/confighub.html"
"platform","platform-161","conversion","Helm","P-X2","keep configuration history","https://confighub.github.io/helm-expt/site/docs.html","success","3","75","no","3","no","3","3","yes","yes","signup","https://confighub.github.io/helm-expt/site/confighub.html","Use ConfigHub · Config Workshop","b shows the exact diff, records the approval, and keeps the promotion history. Publish a release for Argo CD or Flux. Add live observations when you need to compare the approved configuration with a cluster. 2. See one exact ha","https://confighub.github.io/helm-expt/site/docs.html -> https://confighub.github.io/helm-expt/site/try-aicr.html -> https://confighub.github.io/helm-expt/site/d/data/aicr-cpu-starter-public-proof/summary.html -> https://confighub.github.io/helm-expt/site/confighub.html"
"platform","platform-162","conversion","Helm","P-X2","keep configuration history","https://confighub.github.io/helm-expt/site/confighub.html","success","0","19","yes","3","no","3","3","yes","yes","signup","https://confighub.github.io/helm-expt/site/confighub.html","Use ConfigHub · Config Workshop","b shows the exact diff, records the approval, and keeps the promotion history. Publish a release for Argo CD or Flux. Add live observations when you need to compare the approved configuration with a cluster. 2. See one exact ha","https://confighub.github.io/helm-expt/site/confighub.html"
"platform","platform-163","conversion","Helm","P-X3","connect Git OCI and live targets","https://confighub.github.io/helm-expt/site/index.html","success","1","34","no","2","yes","3","3","yes","yes","signup","https://confighub.github.io/helm-expt/site/d/docs/user/gitops-adopter-guide.html","Use ConfigHub With Argo CD Or Flux · Config Workshop","concile as they do today. ConfigHub is not asking you to replace your GitOps controller. It changes the source that the controller reads. What changes: the source Instead of pointing the controller at Helm values that it mu","https://confighub.github.io/helm-expt/site/index.html -> https://confighub.github.io/helm-expt/site/d/docs/user/gitops-adopter-guide.html"
"platform","platform-164","conversion","Helm","P-X3","connect Git OCI and live targets","https://confighub.github.io/helm-expt/site/guides.html","success","1","38","no","1","yes","3","3","yes","yes","signup","https://confighub.github.io/helm-expt/site/testing.html","Worked Examples · Config Workshop","d install requirements. Detailed walkthrough · Package and evidence · GitHub source · ConfigHub example Your own Helm chart and values Check the chart and values your AI produced. Render locally with cub helm , compare exac","https://confighub.github.io/helm-expt/site/guides.html -> https://confighub.github.io/helm-expt/site/testing.html"
"platform","platform-165","conversion","Helm","P-X3","connect Git OCI and live targets","https://confighub.github.io/helm-expt/site/ask.html","success","0","21","yes","3","no","3","3","yes","yes","signup","https://confighub.github.io/helm-expt/site/ask.html","Check my config · Config Workshop","te with an older version, an installed Helm release, local YAML, OCI, Git, or live Kubernetes output. Everything stays on your machine. Existing configuration No comparison; check the candidate by itself Another chart versi","https://confighub.github.io/helm-expt/site/ask.html"
"platform","platform-166","conversion","Helm","P-X3","connect Git OCI and live targets","https://confighub.github.io/helm-expt/site/charts/index.html","success","0","23","yes","3","no","3","3","yes","yes","signup","https://confighub.github.io/helm-expt/site/charts/index.html","Component Catalog · Config Workshop","tten-with-routes 3.22.2 : default , no-crds 2 packaged configurations gitlab/gitlab-runner Delivery and automation 0.89.0 receipt default Available configuration. Read the chart page before use. Review before use Checks exi","https://confighub.github.io/helm-expt/site/charts/index.html"
"platform","platform-167","conversion","Helm","P-X3","connect Git OCI and live targets","https://confighub.github.io/helm-expt/site/try.html","success","1","39","no","2","yes","3","3","yes","yes","signup","https://confighub.github.io/helm-expt/site/testing.html","Worked Examples · Config Workshop","d install requirements. Detailed walkthrough · Package and evidence · GitHub source · ConfigHub example Your own Helm chart and values Check the chart and values your AI produced. Render locally with cub helm , compare exac","https://confighub.github.io/helm-expt/site/try.html -> https://confighub.github.io/helm-expt/site/testing.html"
"platform","platform-168","conversion","Helm","P-X3","connect Git OCI and live targets","https://confighub.github.io/helm-expt/site/testing.html","success","0","19","yes","3","no","3","3","yes","yes","signup","https://confighub.github.io/helm-expt/site/testing.html","Worked Examples · Config Workshop","d install requirements. Detailed walkthrough · Package and evidence · GitHub source · ConfigHub example Your own Helm chart and values Check the chart and values your AI produced. Render locally with cub helm , compare exac","https://confighub.github.io/helm-expt/site/testing.html"
"platform","platform-169","conversion","Helm","P-X3","connect Git OCI and live targets","https://confighub.github.io/helm-expt/site/how-it-works.html","success","0","21","yes","3","no","3","3","yes","yes","signup","https://confighub.github.io/helm-expt/site/how-it-works.html","Choose How To Deploy It · Config Workshop","bernetes files. Test them, apply them with kubectl, or commit them to Git. OCI package Works with your registry and reconciler. Publish the reviewed files as a rendered OCI. Argo CD or Flux can pull the same objects you ins","https://confighub.github.io/helm-expt/site/how-it-works.html"
"platform","platform-170","conversion","Helm","P-X3","connect Git OCI and live targets","https://confighub.github.io/helm-expt/site/docs.html","success","0","18","yes","3","no","3","3","yes","yes","signup","https://confighub.github.io/helm-expt/site/docs.html","Docs · Config Workshop","bara platform? Keep Kubara's component selection, generated topology, Git hand-off, and Argo reconciliation while following one six-step adoption tutorial with explicit evidence checkpoints. Prepare it for deployment Where","https://confighub.github.io/helm-expt/site/docs.html"
"platform","platform-171","conversion","Helm","P-X3","connect Git OCI and live targets","https://confighub.github.io/helm-expt/site/confighub.html","success","1","34","no","2","yes","3","3","yes","yes","signup","https://confighub.github.io/helm-expt/site/testing.html#managed","Worked Examples · Config Workshop","d install requirements. Detailed walkthrough · Package and evidence · GitHub source · ConfigHub example Your own Helm chart and values Check the chart and values your AI produced. Render locally with cub helm , compare exac","https://confighub.github.io/helm-expt/site/confighub.html -> https://confighub.github.io/helm-expt/site/testing.html#managed"
"platform","platform-172","conversion","Helm","P-X4","operate a small fleet","https://confighub.github.io/helm-expt/site/index.html","success","0","18","yes","3","no","3","3","yes","yes","signup","https://confighub.github.io/helm-expt/site/index.html","Config Workshop · Understand and test your configuration","ls, and rollout history. Needs an account and a cluster: the standing fleet record. 1. Find a tested configuration 112 components Choose an exact chart version and a useful starting configuration. Retained versions stay pulla","https://confighub.github.io/helm-expt/site/index.html"
"platform","platform-173","conversion","Helm","P-X4","operate a small fleet","https://confighub.github.io/helm-expt/site/guides.html","success","0","19","yes","3","no","3","3","yes","yes","signup","https://confighub.github.io/helm-expt/site/guides.html","Guides · Config Workshop","commands and the evidence for one worked flow, including promotions, fleet rollouts, and policy checks. Open Helm, AICR, OCI, YAML, promotion, and fleet examples Follow one package end to end The longest guide. It takes a si","https://confighub.github.io/helm-expt/site/guides.html"
"platform","platform-174","conversion","Helm","P-X4","operate a small fleet","https://confighub.github.io/helm-expt/site/ask.html","success","0","19","yes","3","no","3","3","yes","yes","signup","https://confighub.github.io/helm-expt/site/ask.html","Check my config · Config Workshop","elivery limitations · checks and publication receipts · promotion and fleet examples This page runs in your browser. It has no telemetry and sends nothing until you choose a public GitHub issue.","https://confighub.github.io/helm-expt/site/ask.html"
"platform","platform-175","conversion","Helm","P-X4","operate a small fleet","https://confighub.github.io/helm-expt/site/charts/index.html","partial","2","57","no","2","no","2","3","yes","no","bookmark","https://confighub.github.io/helm-expt/site/charts/index.html","Component Catalog · Config Workshop","tes 2.4.21 : default , no-crds 2 packaged configurations argo-cd/argo-rollouts Delivery and automation 2.40.9 receipt default Available configuration. Read the chart page before use. Review before use Checks exist, but this cha","https://confighub.github.io/helm-expt/site/charts/index.html -> https://confighub.github.io/helm-expt/site/charts/argo-cd-argo-rollouts-2-40-9.html -> https://confighub.github.io/helm-expt/site/sh/argo-cd-argo-rollouts-2-40-9/default/confighub.sh"
"platform","platform-176","conversion","Helm","P-X4","operate a small fleet","https://confighub.github.io/helm-expt/site/try.html","success","0","17","yes","3","no","3","3","yes","yes","signup","https://confighub.github.io/helm-expt/site/try.html","Try Redis · Config Workshop","ssistant . Other paths: choose a Helm, AICR, OCI, YAML, promotion, or fleet example , continue the detailed Redis walkthrough , or keep the result in ConfigHub . The first three steps use no ConfigHub Server and no ConfigHub","https://confighub.github.io/helm-expt/site/try.html"
"platform","platform-177","conversion","Helm","P-X4","operate a small fleet","https://confighub.github.io/helm-expt/site/testing.html","success","0","23","yes","3","no","3","3","yes","yes","signup","https://confighub.github.io/helm-expt/site/testing.html","Worked Examples · Config Workshop","lt. After the starting examples, see how ConfigHub handles promotion, fleet rollouts, and repeated operational jobs. In a hurry with your own chart? One command, no account: helm template rel <chart> -f your-values.yaml --inc","https://confighub.github.io/helm-expt/site/testing.html"
"platform","platform-178","conversion","Helm","P-X4","operate a small fleet","https://confighub.github.io/helm-expt/site/how-it-works.html","success","0","24","yes","3","no","3","3","yes","yes","signup","https://confighub.github.io/helm-expt/site/how-it-works.html","Choose How To Deploy It · Config Workshop","examples for promotion and OCI delivery, or the platform examples for fleet rollouts. Use ConfigHub when you want shared configuration, approvals, and rollout history. Find the right technical guide · Continue with ConfigHub","https://confighub.github.io/helm-expt/site/how-it-works.html"
"platform","platform-179","conversion","Helm","P-X4","operate a small fleet","https://confighub.github.io/helm-expt/site/docs.html","success","0","22","yes","3","no","3","3","yes","yes","signup","https://confighub.github.io/helm-expt/site/docs.html","Docs · Config Workshop","ub App automate? Apps on ConfigHub includes upgrade, lifecycle, RBAC, fleet, and AI review examples. How do I roll a change through a fleet? Open the Kubara and Sveltos examples for platform configuration, cluster assignments","https://confighub.github.io/helm-expt/site/docs.html"
"platform","platform-180","conversion","Helm","P-X4","operate a small fleet","https://confighub.github.io/helm-expt/site/confighub.html","success","0","25","yes","3","no","3","3","yes","yes","signup","https://confighub.github.io/helm-expt/site/confighub.html","Use ConfigHub · Config Workshop","ely dated live observation. Desired and live comparison Roll out to a fleet The selected targets, waves, approvals, and result for every target. Fleet examples 4. Continue with the official tutorial Create a ConfigHub account","https://confighub.github.io/helm-expt/site/confighub.html"
"reviewer","reviewer-001","comprehension","Helm","S-C1","understand checked versus not checked","https://confighub.github.io/helm-expt/site/index.html","success","1","42","no","1","yes","3","3","yes","yes","continue","https://confighub.github.io/helm-expt/site/verification.html","Check One Claim · Config Workshop","sult. The table tells you which kind you are about to run. A claim is checked only when the named command or receipt covers it. Everything else is not checked , even when a nearby test passed. Choose a command · See current res","https://confighub.github.io/helm-expt/site/index.html -> https://confighub.github.io/helm-expt/site/verification.html"
"reviewer","reviewer-002","comprehension","Helm","S-C1","understand checked versus not checked","https://confighub.github.io/helm-expt/site/guides.html","success","1","44","no","1","yes","3","3","yes","yes","continue","https://confighub.github.io/helm-expt/site/ask.html","Check my config · Config Workshop","use. Only completed checks count as evidence. Everything else is not checked and cannot support a safety claim. Complete result hash: Download complete result Keep this reviewed result in ConfigHub Open the ConfigHub tutorial","https://confighub.github.io/helm-expt/site/guides.html -> https://confighub.github.io/helm-expt/site/ask.html"
"reviewer","reviewer-003","comprehension","Helm","S-C1","understand checked versus not checked","https://confighub.github.io/helm-expt/site/ask.html","success","0","26","yes","3","no","3","3","yes","yes","continue","https://confighub.github.io/helm-expt/site/ask.html","Check my config · Config Workshop","use. Only completed checks count as evidence. Everything else is not checked and cannot support a safety claim. Complete result hash: Download complete result Keep this reviewed result in ConfigHub Open the ConfigHub tutorial","https://confighub.github.io/helm-expt/site/ask.html"
"reviewer","reviewer-004","comprehension","Helm","S-C1","understand checked versus not checked","https://confighub.github.io/helm-expt/site/charts/index.html","success","2","70","no","2","no","3","3","yes","yes","continue","https://confighub.github.io/helm-expt/site/ask.html","Check my config · Config Workshop","use. Only completed checks count as evidence. Everything else is not checked and cannot support a safety claim. Complete result hash: Download complete result Keep this reviewed result in ConfigHub Open the ConfigHub tutorial","https://confighub.github.io/helm-expt/site/charts/index.html -> https://confighub.github.io/helm-expt/site/d/data/vllm-cpu-starter-proof/summary.html -> https://confighub.github.io/helm-expt/site/ask.html"
"reviewer","reviewer-005","comprehension","Helm","S-C1","understand checked versus not checked","https://confighub.github.io/helm-expt/site/try.html","success","3","77","no","0","yes","3","3","yes","yes","continue","https://confighub.github.io/helm-expt/site/ask.html","Check my config · Config Workshop","use. Only completed checks count as evidence. Everything else is not checked and cannot support a safety claim. Complete result hash: Download complete result Keep this reviewed result in ConfigHub Open the ConfigHub tutorial","https://confighub.github.io/helm-expt/site/try.html -> https://confighub.github.io/helm-expt/site/d/data/redis-public-walkthrough-proof/summary.html -> https://confighub.github.io/helm-expt/site/d/data/redis-upgrade-app-proof/summary.html -> https://confighub.github.io/helm-expt/site/ask.html"
"reviewer","reviewer-006","comprehension","Helm","S-C1","understand checked versus not checked","https://confighub.github.io/helm-expt/site/testing.html","success","1","126","no","2","yes","3","3","yes","yes","continue","https://confighub.github.io/helm-expt/site/charts/bitnami-redis-25-5-3.html","bitnami/redis 25.5.3 · Config Workshop","find this chart on Artifact Hub · Helm documentation . This page adds checked configurations and test results. Catalog readiness: Ready to try. Licenses: chart Apache-2.0 ( the chart's own Chart.yaml license metadata, read 2026","https://confighub.github.io/helm-expt/site/testing.html -> https://confighub.github.io/helm-expt/site/charts/bitnami-redis-25-5-3.html"
"reviewer","reviewer-007","comprehension","Helm","S-C1","understand checked versus not checked","https://confighub.github.io/helm-expt/site/how-it-works.html","success","1","42","no","0","yes","3","3","yes","yes","continue","https://confighub.github.io/helm-expt/site/ask.html","Check my config · Config Workshop","use. Only completed checks count as evidence. Everything else is not checked and cannot support a safety claim. Complete result hash: Download complete result Keep this reviewed result in ConfigHub Open the ConfigHub tutorial","https://confighub.github.io/helm-expt/site/how-it-works.html -> https://confighub.github.io/helm-expt/site/ask.html"
"reviewer","reviewer-008","comprehension","Helm","S-C1","understand checked versus not checked","https://confighub.github.io/helm-expt/site/docs.html","success","1","36","no","1","yes","3","3","yes","yes","continue","https://confighub.github.io/helm-expt/site/verification.html","Check One Claim · Config Workshop","sult. The table tells you which kind you are about to run. A claim is checked only when the named command or receipt covers it. Everything else is not checked , even when a nearby test passed. Choose a command · See current res","https://confighub.github.io/helm-expt/site/docs.html -> https://confighub.github.io/helm-expt/site/verification.html"
"reviewer","reviewer-009","comprehension","Helm","S-C1","understand checked versus not checked","https://confighub.github.io/helm-expt/site/confighub.html","success","1","43","no","1","yes","3","3","yes","yes","continue","https://confighub.github.io/helm-expt/site/ask.html","Check my config · Config Workshop","use. Only completed checks count as evidence. Everything else is not checked and cannot support a safety claim. Complete result hash: Download complete result Keep this reviewed result in ConfigHub Open the ConfigHub tutorial","https://confighub.github.io/helm-expt/site/confighub.html -> https://confighub.github.io/helm-expt/site/ask.html"
"reviewer","reviewer-010","comprehension","OCI","S-C2","understand package provenance","https://confighub.github.io/helm-expt/site/index.html","success","1","44","no","2","yes","3","3","yes","yes","continue","https://confighub.github.io/helm-expt/site/charts/index.html","Component Catalog · Config Workshop","R, NIM, and EKS. A new review adds a version instead of replacing the package you already used. If your chart, version, or question is missing, check your own configuration . A useful public result can become a new Catalog conf","https://confighub.github.io/helm-expt/site/index.html -> https://confighub.github.io/helm-expt/site/charts/index.html"
"reviewer","reviewer-011","comprehension","OCI","S-C2","understand package provenance","https://confighub.github.io/helm-expt/site/guides.html","success","1","38","no","1","yes","3","3","yes","yes","continue","https://confighub.github.io/helm-expt/site/testing.html","Worked Examples · Config Workshop","e what Redis installs, before you install it Turn the published Redis package into the exact Kubernetes files it produces. You need no account, no login, and no cluster. redis package → exact Kubernetes files New to cub ? Insta","https://confighub.github.io/helm-expt/site/guides.html -> https://confighub.github.io/helm-expt/site/testing.html"
"reviewer","reviewer-012","comprehension","OCI","S-C2","understand package provenance","https://confighub.github.io/helm-expt/site/ask.html","success","0","22","yes","3","no","3","3","yes","yes","continue","https://confighub.github.io/helm-expt/site/ask.html","Check my config · Config Workshop","e starts with rendered Kubernetes YAML. Render a chart or pull an OCI package on your machine, then check the exact objects here. Your files stay in this browser. Checking private configuration? Keep the chart, values, and outp","https://confighub.github.io/helm-expt/site/ask.html"
"reviewer","reviewer-013","comprehension","OCI","S-C2","understand package provenance","https://confighub.github.io/helm-expt/site/charts/index.html","success","0","28","yes","3","no","3","3","yes","yes","continue","https://confighub.github.io/helm-expt/site/charts/index.html","Component Catalog · Config Workshop","R, NIM, and EKS. A new review adds a version instead of replacing the package you already used. If your chart, version, or question is missing, check your own configuration . A useful public result can become a new Catalog conf","https://confighub.github.io/helm-expt/site/charts/index.html"
"reviewer","reviewer-014","comprehension","OCI","S-C2","understand package provenance","https://confighub.github.io/helm-expt/site/try.html","success","1","42","no","2","yes","3","3","yes","yes","continue","https://confighub.github.io/helm-expt/site/testing.html","Worked Examples · Config Workshop","e what Redis installs, before you install it Turn the published Redis package into the exact Kubernetes files it produces. You need no account, no login, and no cluster. redis package → exact Kubernetes files New to cub ? Insta","https://confighub.github.io/helm-expt/site/try.html -> https://confighub.github.io/helm-expt/site/testing.html"
"reviewer","reviewer-015","comprehension","OCI","S-C2","understand package provenance","https://confighub.github.io/helm-expt/site/testing.html","success","0","25","yes","3","no","3","3","yes","yes","continue","https://confighub.github.io/helm-expt/site/testing.html","Worked Examples · Config Workshop","e what Redis installs, before you install it Turn the published Redis package into the exact Kubernetes files it produces. You need no account, no login, and no cluster. redis package → exact Kubernetes files New to cub ? Insta","https://confighub.github.io/helm-expt/site/testing.html"
"reviewer","reviewer-016","comprehension","OCI","S-C2","understand package provenance","https://confighub.github.io/helm-expt/site/how-it-works.html","success","0","23","yes","3","no","3","3","yes","yes","continue","https://confighub.github.io/helm-expt/site/how-it-works.html","Choose How To Deploy It · Config Workshop","files. Test them, apply them with kubectl, or commit them to Git. OCI package Works with your registry and reconciler. Publish the reviewed files as a rendered OCI. Argo CD or Flux can pull the same objects you inspected. Confi","https://confighub.github.io/helm-expt/site/how-it-works.html"
"reviewer","reviewer-017","comprehension","OCI","S-C2","understand package provenance","https://confighub.github.io/helm-expt/site/docs.html","success","2","61","no","3","no","3","3","yes","yes","continue","https://confighub.github.io/helm-expt/site/testing.html","Worked Examples · Config Workshop","e what Redis installs, before you install it Turn the published Redis package into the exact Kubernetes files it produces. You need no account, no login, and no cluster. redis package → exact Kubernetes files New to cub ? Insta","https://confighub.github.io/helm-expt/site/docs.html -> https://confighub.github.io/helm-expt/site/try.html -> https://confighub.github.io/helm-expt/site/testing.html"
"reviewer","reviewer-018","comprehension","OCI","S-C2","understand package provenance","https://confighub.github.io/helm-expt/site/confighub.html","success","0","22","yes","3","no","3","3","yes","yes","continue","https://confighub.github.io/helm-expt/site/confighub.html","Use ConfigHub · Config Workshop","b ? Install the cub CLI first. You can pull and render public catalog packages without an account. Commands that save or change ConfigHub data require you to sign in. 1. What ConfigHub adds Upload reviewed files or OCI. ConfigH","https://confighub.github.io/helm-expt/site/confighub.html"
"reviewer","reviewer-019","comprehension","Helm","S-C3","understand apply gates","https://confighub.github.io/helm-expt/site/index.html","success","2","61","no","3","no","3","3","yes","yes","continue","https://confighub.github.io/helm-expt/site/ask.html","Check my config · Config Workshop","nfiguration that uses an existing Secret , see the blocking ConfigHub apply gate , or read the credential limitation . The render is surprising Do not deploy it yet. Compare it with the defaults and the configuration you run","https://confighub.github.io/helm-expt/site/index.html -> https://confighub.github.io/helm-expt/site/confighub.html -> https://confighub.github.io/helm-expt/site/ask.html"
"reviewer","reviewer-020","comprehension","Helm","S-C3","understand apply gates","https://confighub.github.io/helm-expt/site/guides.html","success","1","39","no","2","yes","3","3","yes","yes","continue","https://confighub.github.io/helm-expt/site/ask.html","Check my config · Config Workshop","nfiguration that uses an existing Secret , see the blocking ConfigHub apply gate , or read the credential limitation . The render is surprising Do not deploy it yet. Compare it with the defaults and the configuration you run","https://confighub.github.io/helm-expt/site/guides.html -> https://confighub.github.io/helm-expt/site/ask.html"
"reviewer","reviewer-021","comprehension","Helm","S-C3","understand apply gates","https://confighub.github.io/helm-expt/site/ask.html","success","0","23","yes","3","no","3","3","yes","yes","continue","https://confighub.github.io/helm-expt/site/ask.html","Check my config · Config Workshop","nfiguration that uses an existing Secret , see the blocking ConfigHub apply gate , or read the credential limitation . The render is surprising Do not deploy it yet. Compare it with the defaults and the configuration you run","https://confighub.github.io/helm-expt/site/ask.html"
"reviewer","reviewer-022","comprehension","Helm","S-C3","understand apply gates","https://confighub.github.io/helm-expt/site/charts/index.html","success","1","47","no","2","yes","3","3","yes","yes","continue","https://confighub.github.io/helm-expt/site/charts/gatekeeper-gatekeeper-3-22-2.html","gatekeeper/gatekeeper 3.22.2 · Config Workshop","le registry login is needed for the local setup path. Required before apply None recorded for the recommended base variant. No separate setup command recorded. External resources the recommended base variant expects, such as","https://confighub.github.io/helm-expt/site/charts/index.html -> https://confighub.github.io/helm-expt/site/charts/gatekeeper-gatekeeper-3-22-2.html"
"reviewer","reviewer-023","comprehension","Helm","S-C3","understand apply gates","https://confighub.github.io/helm-expt/site/try.html","success","1","36","no","2","yes","3","3","yes","yes","continue","https://confighub.github.io/helm-expt/site/ask.html","Check my config · Config Workshop","nfiguration that uses an existing Secret , see the blocking ConfigHub apply gate , or read the credential limitation . The render is surprising Do not deploy it yet. Compare it with the defaults and the configuration you run","https://confighub.github.io/helm-expt/site/try.html -> https://confighub.github.io/helm-expt/site/ask.html"
"reviewer","reviewer-024","comprehension","Helm","S-C3","understand apply gates","https://confighub.github.io/helm-expt/site/testing.html","success","0","21","yes","3","no","3","3","yes","yes","continue","https://confighub.github.io/helm-expt/site/testing.html","Worked Examples · Config Workshop","catalog package and writes its Kubernetes files locally. It does not apply those files to a cluster; use kubectl, Argo CD, or Flux for delivery. The generated scripts stop before doing any work when the plugin or kustomize i","https://confighub.github.io/helm-expt/site/testing.html"
"reviewer","reviewer-025","comprehension","Helm","S-C3","understand apply gates","https://confighub.github.io/helm-expt/site/how-it-works.html","success","0","20","yes","3","no","3","3","yes","yes","continue","https://confighub.github.io/helm-expt/site/how-it-works.html","Choose How To Deploy It · Config Workshop","Works with kubectl alone. Keep readable Kubernetes files. Test them, apply them with kubectl, or commit them to Git. OCI package Works with your registry and reconciler. Publish the reviewed files as a rendered OCI. Argo CD","https://confighub.github.io/helm-expt/site/how-it-works.html"
"reviewer","reviewer-026","comprehension","Helm","S-C3","understand apply gates","https://confighub.github.io/helm-expt/site/docs.html","success","1","39","no","2","yes","3","3","yes","yes","continue","https://confighub.github.io/helm-expt/site/ask.html","Check my config · Config Workshop","nfiguration that uses an existing Secret , see the blocking ConfigHub apply gate , or read the credential limitation . The render is surprising Do not deploy it yet. Compare it with the defaults and the configuration you run","https://confighub.github.io/helm-expt/site/docs.html -> https://confighub.github.io/helm-expt/site/ask.html"
"reviewer","reviewer-027","comprehension","Helm","S-C3","understand apply gates","https://confighub.github.io/helm-expt/site/confighub.html","success","1","40","no","2","yes","3","3","yes","yes","continue","https://confighub.github.io/helm-expt/site/ask.html","Check my config · Config Workshop","nfiguration that uses an existing Secret , see the blocking ConfigHub apply gate , or read the credential limitation . The render is surprising Do not deploy it yet. Compare it with the defaults and the configuration you run","https://confighub.github.io/helm-expt/site/confighub.html -> https://confighub.github.io/helm-expt/site/ask.html"
"reviewer","reviewer-028","comprehension","Helm","S-C4","understand rollback proof","https://confighub.github.io/helm-expt/site/index.html","success","0","19","yes","3","no","3","3","yes","yes","continue","https://confighub.github.io/helm-expt/site/index.html","Config Workshop · Understand and test your configuration","isky defaults, prerequisites, live readiness, upgrades, promotion, or rollback. The page says which checks ran and which did not. Known gaps stay visible. Check my config Open verification Read known gaps You know the saying abo","https://confighub.github.io/helm-expt/site/index.html"
"reviewer","reviewer-029","comprehension","Helm","S-C4","understand rollback proof","https://confighub.github.io/helm-expt/site/guides.html","success","1","37","no","1","yes","3","3","yes","yes","continue","https://confighub.github.io/helm-expt/site/redis-walkthrough.html","Detailed Redis Walkthrough · Config Workshop","record a change, compare it with an upgrade, promote it, and record a rollback. You'll: pull Redis → read and verify it → write OCI → upgrade the same selection → review one stored change Use the short Try page if you only want","https://confighub.github.io/helm-expt/site/guides.html -> https://confighub.github.io/helm-expt/site/redis-walkthrough.html"
"reviewer","reviewer-030","comprehension","Helm","S-C4","understand rollback proof","https://confighub.github.io/helm-expt/site/ask.html","success","0","21","yes","3","no","3","3","yes","yes","continue","https://confighub.github.io/helm-expt/site/ask.html","Check my config · Config Workshop","e comparison is a separate check after delivery. Read the upgrade and rollback walkthrough before claiming that a rollback will restore the exact release. Read the ConfigurationReview schema . Keep this reviewed result in Config","https://confighub.github.io/helm-expt/site/ask.html"
"reviewer","reviewer-031","comprehension","Helm","S-C4","understand rollback proof","https://confighub.github.io/helm-expt/site/charts/index.html","success","2","65","no","2","no","3","3","yes","yes","continue","https://confighub.github.io/helm-expt/site/ask.html","Check my config · Config Workshop","e comparison is a separate check after delivery. Read the upgrade and rollback walkthrough before claiming that a rollback will restore the exact release. Read the ConfigurationReview schema . Keep this reviewed result in Config","https://confighub.github.io/helm-expt/site/charts/index.html -> https://confighub.github.io/helm-expt/site/d/data/vllm-cpu-starter-proof/summary.html -> https://confighub.github.io/helm-expt/site/ask.html"
"reviewer","reviewer-032","comprehension","Helm","S-C4","understand rollback proof","https://confighub.github.io/helm-expt/site/try.html","success","3","75","no","1","yes","3","3","yes","yes","continue","https://confighub.github.io/helm-expt/site/ask.html","Check my config · Config Workshop","e comparison is a separate check after delivery. Read the upgrade and rollback walkthrough before claiming that a rollback will restore the exact release. Read the ConfigurationReview schema . Keep this reviewed result in Config","https://confighub.github.io/helm-expt/site/try.html -> https://confighub.github.io/helm-expt/site/d/data/redis-public-walkthrough-proof/summary.html -> https://confighub.github.io/helm-expt/site/d/data/redis-upgrade-app-proof/summary.html -> https://confighub.github.io/helm-expt/site/ask.html"
"reviewer","reviewer-033","comprehension","Helm","S-C4","understand rollback proof","https://confighub.github.io/helm-expt/site/testing.html","success","0","21","yes","3","no","3","3","yes","yes","continue","https://confighub.github.io/helm-expt/site/testing.html","Worked Examples · Config Workshop","the detailed Redis walkthrough for the recorded parity, upgrade, and rollback evidence. To keep an edit to the files as well, the same objects go into ConfigHub. There you change a value, move it from development to staging, an","https://confighub.github.io/helm-expt/site/testing.html"
"reviewer","reviewer-034","comprehension","Helm","S-C4","understand rollback proof","https://confighub.github.io/helm-expt/site/how-it-works.html","success","1","39","no","2","yes","3","3","yes","yes","continue","https://confighub.github.io/helm-expt/site/ask.html","Check my config · Config Workshop","e comparison is a separate check after delivery. Read the upgrade and rollback walkthrough before claiming that a rollback will restore the exact release. Read the ConfigurationReview schema . Keep this reviewed result in Config","https://confighub.github.io/helm-expt/site/how-it-works.html -> https://confighub.github.io/helm-expt/site/ask.html"
"reviewer","reviewer-035","comprehension","Helm","S-C4","understand rollback proof","https://confighub.github.io/helm-expt/site/docs.html","success","4","104","no","2","no","3","3","yes","yes","continue","https://confighub.github.io/helm-expt/site/d/docs/user/current-proof-status.html","Current Proof Status · Config Workshop","is limited to this version pair and target profile. It does not prove rollback, long-running soak, automatic ConfigHub route selection, or automatic post-success removal of every temporary hook resource. The webhook certificate","https://confighub.github.io/helm-expt/site/docs.html -> https://confighub.github.io/helm-expt/site/verification.html -> https://confighub.github.io/helm-expt/site/proof.html -> https://confighub.github.io/helm-expt/site/d/docs/user/chain-of-proof.html -> https://confighub.github.io/helm-expt/site/d/docs/user/current-proof-status.html"
"reviewer","reviewer-036","comprehension","Helm","S-C4","understand rollback proof","https://confighub.github.io/helm-expt/site/confighub.html","success","0","17","yes","3","no","3","3","yes","yes","continue","https://confighub.github.io/helm-expt/site/confighub.html","Use ConfigHub · Config Workshop","bject revision or release digest. External effects remain outside the rollback claim. Redis promotion and rollback Compare desired with live The approved desired objects and a separately dated live observation. Desired and live","https://confighub.github.io/helm-expt/site/confighub.html"
"reviewer","reviewer-037","navigation","Helm","S-N1","find credential warnings","https://confighub.github.io/helm-expt/site/index.html","success","1","38","no","1","yes","2","2","yes","yes","continue","https://confighub.github.io/helm-expt/site/ask.html","Check my config · Config Workshop","sed commands, objects, and evidence before accepting them. Do not add credentials or Secret values. Keep private source names and paths local. The optional public Catalog proposal is only for material you are allowed to publish. S","https://confighub.github.io/helm-expt/site/index.html -> https://confighub.github.io/helm-expt/site/ask.html"
"reviewer","reviewer-038","navigation","Helm","S-N1","find credential warnings","https://confighub.github.io/helm-expt/site/guides.html","success","1","42","no","0","yes","2","2","yes","yes","continue","https://confighub.github.io/helm-expt/site/charts/index.html","Component Catalog · Config Workshop","10 GiB available. No GPU, cloud account, ConfigHub account, or model credential. ConfigHub retained the two changed Units, published OCI, Argo CD pulled the same digest, the pod became ready, and the model answered. Read the proo","https://confighub.github.io/helm-expt/site/guides.html -> https://confighub.github.io/helm-expt/site/charts/index.html"
"reviewer","reviewer-039","navigation","Helm","S-N1","find credential warnings","https://confighub.github.io/helm-expt/site/ask.html","success","0","22","yes","2","no","2","2","yes","yes","continue","https://confighub.github.io/helm-expt/site/ask.html","Check my config · Config Workshop","sed commands, objects, and evidence before accepting them. Do not add credentials or Secret values. Keep private source names and paths local. The optional public Catalog proposal is only for material you are allowed to publish. S","https://confighub.github.io/helm-expt/site/ask.html"
"reviewer","reviewer-040","navigation","Helm","S-N1","find credential warnings","https://confighub.github.io/helm-expt/site/charts/index.html","success","0","25","yes","2","no","2","2","yes","yes","continue","https://confighub.github.io/helm-expt/site/charts/index.html","Component Catalog · Config Workshop","10 GiB available. No GPU, cloud account, ConfigHub account, or model credential. ConfigHub retained the two changed Units, published OCI, Argo CD pulled the same digest, the pod became ready, and the model answered. Read the proo","https://confighub.github.io/helm-expt/site/charts/index.html"
"reviewer","reviewer-041","navigation","Helm","S-N1","find credential warnings","https://confighub.github.io/helm-expt/site/try.html","success","1","50","no","1","yes","2","2","yes","yes","continue","https://confighub.github.io/helm-expt/site/charts/index.html","Component Catalog · Config Workshop","10 GiB available. No GPU, cloud account, ConfigHub account, or model credential. ConfigHub retained the two changed Units, published OCI, Argo CD pulled the same digest, the pod became ready, and the model answered. Read the proo","https://confighub.github.io/helm-expt/site/try.html -> https://confighub.github.io/helm-expt/site/charts/index.html"
"reviewer","reviewer-042","navigation","Helm","S-N1","find credential warnings","https://confighub.github.io/helm-expt/site/testing.html","success","0","21","yes","2","no","2","2","yes","yes","continue","https://confighub.github.io/helm-expt/site/testing.html","Worked Examples · Config Workshop","10 GiB available. No GPU, cloud account, ConfigHub account, or model credential. ConfigHub retained the two changed Units, published OCI, Argo CD pulled the same digest, the pod became ready, and the model answered. Read the proo","https://confighub.github.io/helm-expt/site/testing.html"
"reviewer","reviewer-043","navigation","Helm","S-N1","find credential warnings","https://confighub.github.io/helm-expt/site/how-it-works.html","success","0","23","yes","2","no","2","2","yes","yes","continue","https://confighub.github.io/helm-expt/site/how-it-works.html","Choose How To Deploy It · Config Workshop","te it silently; overlapping changes require review. Protected input A credential or other sensitive value stays outside portable configuration. The objects contain a reference or requirement instead. Prune-protected resource The d","https://confighub.github.io/helm-expt/site/how-it-works.html"
"reviewer","reviewer-044","navigation","Helm","S-N1","find credential warnings","https://confighub.github.io/helm-expt/site/docs.html","success","1","46","no","0","yes","2","2","yes","yes","continue","https://confighub.github.io/helm-expt/site/charts/index.html","Component Catalog · Config Workshop","10 GiB available. No GPU, cloud account, ConfigHub account, or model credential. ConfigHub retained the two changed Units, published OCI, Argo CD pulled the same digest, the pod became ready, and the model answered. Read the proo","https://confighub.github.io/helm-expt/site/docs.html -> https://confighub.github.io/helm-expt/site/charts/index.html"
"reviewer","reviewer-045","navigation","Helm","S-N1","find credential warnings","https://confighub.github.io/helm-expt/site/confighub.html","success","1","42","no","0","yes","2","2","yes","yes","continue","https://confighub.github.io/helm-expt/site/charts/index.html","Component Catalog · Config Workshop","10 GiB available. No GPU, cloud account, ConfigHub account, or model credential. ConfigHub retained the two changed Units, published OCI, Argo CD pulled the same digest, the pod became ready, and the model answered. Read the proo","https://confighub.github.io/helm-expt/site/confighub.html -> https://confighub.github.io/helm-expt/site/charts/index.html"
"reviewer","reviewer-046","navigation","Helm","S-N2","find image or package digests","https://confighub.github.io/helm-expt/site/index.html","success","1","47","no","1","yes","2","2","yes","yes","continue","https://confighub.github.io/helm-expt/site/charts/index.html","Component Catalog · Config Workshop","m Configurations Pick a chart and version. Its page shows the package digest, available configurations, and the evidence attached to that exact version. Search Helm charts Readiness All Ready to try Review before use Package p","https://confighub.github.io/helm-expt/site/index.html -> https://confighub.github.io/helm-expt/site/charts/index.html"
"reviewer","reviewer-047","navigation","Helm","S-N2","find image or package digests","https://confighub.github.io/helm-expt/site/guides.html","success","1","40","no","1","yes","2","2","yes","yes","continue","https://confighub.github.io/helm-expt/site/testing.html","Worked Examples · Config Workshop","etained the two changed Units, published OCI, Argo CD pulled the same digest, the pod became ready, and the model answered. Read the proof . Learn the AICR platform shape An anonymous pull of the retained AICR platform, follow","https://confighub.github.io/helm-expt/site/guides.html -> https://confighub.github.io/helm-expt/site/testing.html"
"reviewer","reviewer-048","navigation","Helm","S-N2","find image or package digests","https://confighub.github.io/helm-expt/site/ask.html","success","0","21","yes","2","no","2","2","yes","yes","continue","https://confighub.github.io/helm-expt/site/ask.html","Check my config · Config Workshop","ote these values. What did they actually change? Do these version and digest records identify the same bytes? Add detail to the question (optional) Chart Version or version pair 27.0.0""> Values, flags, or symptoms (optional, r","https://confighub.github.io/helm-expt/site/ask.html"
"reviewer","reviewer-049","navigation","Helm","S-N2","find image or package digests","https://confighub.github.io/helm-expt/site/charts/index.html","success","0","23","yes","2","no","2","2","yes","yes","continue","https://confighub.github.io/helm-expt/site/charts/index.html","Component Catalog · Config Workshop","m Configurations Pick a chart and version. Its page shows the package digest, available configurations, and the evidence attached to that exact version. Search Helm charts Readiness All Ready to try Review before use Package p","https://confighub.github.io/helm-expt/site/charts/index.html"
"reviewer","reviewer-050","navigation","Helm","S-N2","find image or package digests","https://confighub.github.io/helm-expt/site/try.html","success","1","37","no","1","yes","2","2","yes","yes","continue","https://confighub.github.io/helm-expt/site/testing.html","Worked Examples · Config Workshop","etained the two changed Units, published OCI, Argo CD pulled the same digest, the pod became ready, and the model answered. Read the proof . Learn the AICR platform shape An anonymous pull of the retained AICR platform, follow","https://confighub.github.io/helm-expt/site/try.html -> https://confighub.github.io/helm-expt/site/testing.html"
"reviewer","reviewer-051","navigation","Helm","S-N2","find image or package digests","https://confighub.github.io/helm-expt/site/testing.html","success","0","22","yes","2","no","2","2","yes","yes","continue","https://confighub.github.io/helm-expt/site/testing.html","Worked Examples · Config Workshop","etained the two changed Units, published OCI, Argo CD pulled the same digest, the pod became ready, and the model answered. Read the proof . Learn the AICR platform shape An anonymous pull of the retained AICR platform, follow","https://confighub.github.io/helm-expt/site/testing.html"
"reviewer","reviewer-052","navigation","Helm","S-N2","find image or package digests","https://confighub.github.io/helm-expt/site/how-it-works.html","success","0","20","yes","2","no","2","2","yes","yes","continue","https://confighub.github.io/helm-expt/site/how-it-works.html","Choose How To Deploy It · Config Workshop","un its declared generation or composition step. Source OCI Pull it by digest, then run the processor it declares. Configuration OCI Read the exact objects it already contains. Plain YAML Parse and record the exact objects; no","https://confighub.github.io/helm-expt/site/how-it-works.html"
"reviewer","reviewer-053","navigation","Helm","S-N2","find image or package digests","https://confighub.github.io/helm-expt/site/docs.html","success","2","56","no","2","no","2","2","yes","yes","continue","https://confighub.github.io/helm-expt/site/testing.html","Worked Examples · Config Workshop","etained the two changed Units, published OCI, Argo CD pulled the same digest, the pod became ready, and the model answered. Read the proof . Learn the AICR platform shape An anonymous pull of the retained AICR platform, follow","https://confighub.github.io/helm-expt/site/docs.html -> https://confighub.github.io/helm-expt/site/try.html -> https://confighub.github.io/helm-expt/site/testing.html"
"reviewer","reviewer-054","navigation","Helm","S-N2","find image or package digests","https://confighub.github.io/helm-expt/site/confighub.html","success","0","18","yes","2","no","2","2","yes","yes","continue","https://confighub.github.io/helm-expt/site/confighub.html","Use ConfigHub · Config Workshop","ai-values:24.0.2-r001 back produces the same object-set hash. The OCI digest is sha256:34af6a50b952d1a168a5cad614ef47f652cf44b11806a93bf6cc7a79c6e9c683 . Save the base in ConfigHub. ConfigHub reads back the same 5 objects with","https://confighub.github.io/helm-expt/site/confighub.html"
"reviewer","reviewer-055","navigation","Helm","S-N3","find lifecycle risks","https://confighub.github.io/helm-expt/site/index.html","success","0","18","yes","2","no","2","2","yes","yes","continue","https://confighub.github.io/helm-expt/site/index.html","Config Workshop · Understand and test your configuration","y required namespace, Secret, CRD, API, storage class, cloud service, hook, and setup job. Start this check → 8 of 40 discussions 02 How is this candidate different from production? Compare the two exact object sets and thei","https://confighub.github.io/helm-expt/site/index.html"
"reviewer","reviewer-056","navigation","Helm","S-N3","find lifecycle risks","https://confighub.github.io/helm-expt/site/guides.html","success","1","45","no","1","yes","2","2","yes","yes","continue","https://confighub.github.io/helm-expt/site/charts/index.html","Component Catalog · Config Workshop","l Recommended first path Rendering checked; read page Read chart page Hooks All Needs lifecycle review No hook signal recorded CRDs All Includes or needs CRDs No CRD signal recorded Ready to try entries have maintained start","https://confighub.github.io/helm-expt/site/guides.html -> https://confighub.github.io/helm-expt/site/charts/index.html"
"reviewer","reviewer-057","navigation","Helm","S-N3","find lifecycle risks","https://confighub.github.io/helm-expt/site/ask.html","success","0","23","yes","2","no","2","2","yes","yes","continue","https://confighub.github.io/helm-expt/site/ask.html","Check my config · Config Workshop","t breaking production? How should Argo CD or Flux handle this chart's hooks and CRDs? Where does this vulnerable image run, and how can I update it safely? Can I roll back to exactly what ran before? AI wrote these values. W","https://confighub.github.io/helm-expt/site/ask.html"
"reviewer","reviewer-058","navigation","Helm","S-N3","find lifecycle risks","https://confighub.github.io/helm-expt/site/charts/index.html","success","0","23","yes","2","no","2","2","yes","yes","continue","https://confighub.github.io/helm-expt/site/charts/index.html","Component Catalog · Config Workshop","l Recommended first path Rendering checked; read page Read chart page Hooks All Needs lifecycle review No hook signal recorded CRDs All Includes or needs CRDs No CRD signal recorded Ready to try entries have maintained start","https://confighub.github.io/helm-expt/site/charts/index.html"
"reviewer","reviewer-059","navigation","Helm","S-N3","find lifecycle risks","https://confighub.github.io/helm-expt/site/try.html","success","1","41","no","1","yes","2","2","yes","yes","continue","https://confighub.github.io/helm-expt/site/how-it-works.html#now-deploy","Choose How To Deploy It · Config Workshop","configuration when they can. Keep them with recorded setup when CRDs, hooks, certificates, Secrets, or jobs must run too. Process the source later when it still depends on live data or behavior that cannot yet be carried saf","https://confighub.github.io/helm-expt/site/try.html -> https://confighub.github.io/helm-expt/site/how-it-works.html#now-deploy"
"reviewer","reviewer-060","navigation","Helm","S-N3","find lifecycle risks","https://confighub.github.io/helm-expt/site/testing.html","success","0","21","yes","2","no","2","2","yes","yes","continue","https://confighub.github.io/helm-expt/site/testing.html","Worked Examples · Config Workshop","/out . Check images, credentials, permissions, storage, CRDs, and any hooks reported by the command. If you omit --namespace , cub uses confighubplaceholder until a deployment variant supplies the real namespace. Hooks are o","https://confighub.github.io/helm-expt/site/testing.html"
"reviewer","reviewer-061","navigation","Helm","S-N3","find lifecycle risks","https://confighub.github.io/helm-expt/site/how-it-works.html","success","0","21","yes","2","no","2","2","yes","yes","continue","https://confighub.github.io/helm-expt/site/how-it-works.html","Choose How To Deploy It · Config Workshop","configuration when they can. Keep them with recorded setup when CRDs, hooks, certificates, Secrets, or jobs must run too. Process the source later when it still depends on live data or behavior that cannot yet be carried saf","https://confighub.github.io/helm-expt/site/how-it-works.html"
"reviewer","reviewer-062","navigation","Helm","S-N3","find lifecycle risks","https://confighub.github.io/helm-expt/site/docs.html","success","0","20","yes","2","no","2","2","yes","yes","continue","https://confighub.github.io/helm-expt/site/docs.html","Docs · Config Workshop",", then let Argo CD or Flux pull the reviewed objects. What happens to hooks and CRDs? See how required setup is recorded, ordered, tested, or blocked. Should I change the source input or the rendered object? Use this guide t","https://confighub.github.io/helm-expt/site/docs.html"
"reviewer","reviewer-063","navigation","Helm","S-N3","find lifecycle risks","https://confighub.github.io/helm-expt/site/confighub.html","success","1","39","no","1","yes","2","2","yes","yes","continue","https://confighub.github.io/helm-expt/site/how-it-works.html","Choose How To Deploy It · Config Workshop","configuration when they can. Keep them with recorded setup when CRDs, hooks, certificates, Secrets, or jobs must run too. Process the source later when it still depends on live data or behavior that cannot yet be carried saf","https://confighub.github.io/helm-expt/site/confighub.html -> https://confighub.github.io/helm-expt/site/how-it-works.html"
"reviewer","reviewer-064","navigation","Helm","S-N4","find known limitations","https://confighub.github.io/helm-expt/site/index.html","success","0","20","yes","2","no","2","2","yes","yes","continue","https://confighub.github.io/helm-expt/site/index.html","Config Workshop · Understand and test your configuration","otion, or rollback. The page says which checks ran and which did not. Known gaps stay visible. Check my config Open verification Read known gaps You know the saying about not wanting to see how the sausage gets made. We are the pl","https://confighub.github.io/helm-expt/site/index.html"
"reviewer","reviewer-065","navigation","Helm","S-N4","find known limitations","https://confighub.github.io/helm-expt/site/guides.html","success","1","36","no","1","yes","2","2","yes","yes","continue","https://confighub.github.io/helm-expt/site/known-gaps.html","Delivery Limitations · Config Workshop","Promote my config Deployment Docs ConfigHub Delivery limitations and known gaps Check this page before choosing a delivery path. Each row names a current limitation, explains how it could affect a deployment, and gives the safest","https://confighub.github.io/helm-expt/site/guides.html -> https://confighub.github.io/helm-expt/site/known-gaps.html"
"reviewer","reviewer-066","navigation","Helm","S-N4","find known limitations","https://confighub.github.io/helm-expt/site/ask.html","success","1","50","no","1","yes","2","2","yes","yes","continue","https://confighub.github.io/helm-expt/site/known-gaps.html","Delivery Limitations · Config Workshop","Promote my config Deployment Docs ConfigHub Delivery limitations and known gaps Check this page before choosing a delivery path. Each row names a current limitation, explains how it could affect a deployment, and gives the safest","https://confighub.github.io/helm-expt/site/ask.html -> https://confighub.github.io/helm-expt/site/known-gaps.html"
"reviewer","reviewer-067","navigation","Helm","S-N4","find known limitations","https://confighub.github.io/helm-expt/site/charts/index.html","success","0","23","yes","2","no","2","2","yes","yes","continue","https://confighub.github.io/helm-expt/site/charts/index.html","Component Catalog · Config Workshop","l Ready to try Review before use Package published; review before use Not ready yet Workload category All Security and secrets Monitoring and logs Networking and ingress Storage and backup Databases and messaging Delivery and aut","https://confighub.github.io/helm-expt/site/charts/index.html"
"reviewer","reviewer-068","navigation","Helm","S-N4","find known limitations","https://confighub.github.io/helm-expt/site/try.html","success","3","79","no","0","yes","2","2","yes","yes","continue","https://confighub.github.io/helm-expt/site/known-gaps.html","Delivery Limitations · Config Workshop","Promote my config Deployment Docs ConfigHub Delivery limitations and known gaps Check this page before choosing a delivery path. Each row names a current limitation, explains how it could affect a deployment, and gives the safest","https://confighub.github.io/helm-expt/site/try.html -> https://confighub.github.io/helm-expt/site/d/data/redis-public-walkthrough-proof/summary.html -> https://confighub.github.io/helm-expt/site/ask.html -> https://confighub.github.io/helm-expt/site/known-gaps.html"
"reviewer","reviewer-069","navigation","Helm","S-N4","find known limitations","https://confighub.github.io/helm-expt/site/testing.html","success","5","124","no","0","yes","2","2","yes","yes","continue","https://confighub.github.io/helm-expt/site/known-gaps.html","Delivery Limitations · Config Workshop","Promote my config Deployment Docs ConfigHub Delivery limitations and known gaps Check this page before choosing a delivery path. Each row names a current limitation, explains how it could affect a deployment, and gives the safest","https://confighub.github.io/helm-expt/site/testing.html -> https://confighub.github.io/helm-expt/site/charts/bitnami-redis-25-5-3.html -> https://confighub.github.io/helm-expt/site/charts/bitnami-redis-25-5-3.html#proof -> https://confighub.github.io/helm-expt/site/d/docs/user/helm-presets-and-values.html#where-each-setting-lives -> https://confighub.github.io/helm-expt/site/ask.html -> https://confighub.github.io/helm-expt/site/known-gaps.html"
"reviewer","reviewer-070","navigation","Helm","S-N4","find known limitations","https://confighub.github.io/helm-expt/site/how-it-works.html","success","3","74","no","0","no","2","2","yes","yes","continue","https://confighub.github.io/helm-expt/site/known-gaps.html","Delivery Limitations · Config Workshop","Promote my config Deployment Docs ConfigHub Delivery limitations and known gaps Check this page before choosing a delivery path. Each row names a current limitation, explains how it could affect a deployment, and gives the safest","https://confighub.github.io/helm-expt/site/how-it-works.html -> https://confighub.github.io/helm-expt/site/d/docs/user/confighub-data-model.html -> https://confighub.github.io/helm-expt/site/ask.html -> https://confighub.github.io/helm-expt/site/known-gaps.html"
"reviewer","reviewer-071","navigation","Helm","S-N4","find known limitations","https://confighub.github.io/helm-expt/site/docs.html","success","2","54","no","1","no","2","2","yes","yes","continue","https://confighub.github.io/helm-expt/site/known-gaps.html","Delivery Limitations · Config Workshop","Promote my config Deployment Docs ConfigHub Delivery limitations and known gaps Check this page before choosing a delivery path. Each row names a current limitation, explains how it could affect a deployment, and gives the safest","https://confighub.github.io/helm-expt/site/docs.html -> https://confighub.github.io/helm-expt/site/ask.html -> https://confighub.github.io/helm-expt/site/known-gaps.html"
"reviewer","reviewer-072","navigation","Helm","S-N4","find known limitations","https://confighub.github.io/helm-expt/site/confighub.html","success","2","54","no","0","yes","2","2","yes","yes","continue","https://confighub.github.io/helm-expt/site/known-gaps.html","Delivery Limitations · Config Workshop","Promote my config Deployment Docs ConfigHub Delivery limitations and known gaps Check this page before choosing a delivery path. Each row names a current limitation, explains how it could affect a deployment, and gives the safest","https://confighub.github.io/helm-expt/site/confighub.html -> https://confighub.github.io/helm-expt/site/ask.html -> https://confighub.github.io/helm-expt/site/known-gaps.html"
"reviewer","reviewer-073","action","Helm","S-A1","inspect a publication receipt","https://confighub.github.io/helm-expt/site/index.html","success","1","42","no","2","yes","3","3","yes","yes","continue","https://confighub.github.io/helm-expt/site/ask.html","Check my config · Config Workshop","· hooks and CRD setup · delivery limitations · checks and publication receipts · promotion and fleet examples This page runs in your browser. It has no telemetry and sends nothing until you choose a public GitHub issue.","https://confighub.github.io/helm-expt/site/index.html -> https://confighub.github.io/helm-expt/site/ask.html"
"reviewer","reviewer-074","action","Helm","S-A1","inspect a publication receipt","https://confighub.github.io/helm-expt/site/guides.html","success","1","35","no","0","yes","3","3","yes","yes","continue","https://confighub.github.io/helm-expt/site/ask.html","Check my config · Config Workshop","· hooks and CRD setup · delivery limitations · checks and publication receipts · promotion and fleet examples This page runs in your browser. It has no telemetry and sends nothing until you choose a public GitHub issue.","https://confighub.github.io/helm-expt/site/guides.html -> https://confighub.github.io/helm-expt/site/ask.html"
"reviewer","reviewer-075","action","Helm","S-A1","inspect a publication receipt","https://confighub.github.io/helm-expt/site/ask.html","success","0","23","yes","3","no","3","3","yes","yes","continue","https://confighub.github.io/helm-expt/site/ask.html","Check my config · Config Workshop","· hooks and CRD setup · delivery limitations · checks and publication receipts · promotion and fleet examples This page runs in your browser. It has no telemetry and sends nothing until you choose a public GitHub issue.","https://confighub.github.io/helm-expt/site/ask.html"
"reviewer","reviewer-076","action","Helm","S-A1","inspect a publication receipt","https://confighub.github.io/helm-expt/site/charts/index.html","success","0","24","yes","3","no","3","3","yes","yes","continue","https://confighub.github.io/helm-expt/site/charts/index.html","Component Catalog · Config Workshop","igurations by version aqua/trivy-operator Security and secrets 0.32.1 receipt default Available configuration. Read the chart page before use. Review before use Checks exist, but this chart still needs chart-specific review. No","https://confighub.github.io/helm-expt/site/charts/index.html"
"reviewer","reviewer-077","action","Helm","S-A1","inspect a publication receipt","https://confighub.github.io/helm-expt/site/try.html","success","1","42","no","0","yes","3","3","yes","yes","continue","https://confighub.github.io/helm-expt/site/ask.html","Check my config · Config Workshop","· hooks and CRD setup · delivery limitations · checks and publication receipts · promotion and fleet examples This page runs in your browser. It has no telemetry and sends nothing until you choose a public GitHub issue.","https://confighub.github.io/helm-expt/site/try.html -> https://confighub.github.io/helm-expt/site/ask.html"
"reviewer","reviewer-078","action","Helm","S-A1","inspect a publication receipt","https://confighub.github.io/helm-expt/site/testing.html","success","0","22","yes","3","no","3","3","yes","yes","continue","https://confighub.github.io/helm-expt/site/testing.html","Worked Examples · Config Workshop","ce · Ordinary Kubara output · Prepared importer handoff · Preparation receipt · Catalog parity receipt · Historical v0.12 proof Sveltos A reviewed ClusterProfile moved from one pilot cluster to two staging clusters at a second","https://confighub.github.io/helm-expt/site/testing.html"
"reviewer","reviewer-079","action","Helm","S-A1","inspect a publication receipt","https://confighub.github.io/helm-expt/site/how-it-works.html","success","1","41","no","2","yes","3","3","yes","yes","continue","https://confighub.github.io/helm-expt/site/ask.html","Check my config · Config Workshop","· hooks and CRD setup · delivery limitations · checks and publication receipts · promotion and fleet examples This page runs in your browser. It has no telemetry and sends nothing until you choose a public GitHub issue.","https://confighub.github.io/helm-expt/site/how-it-works.html -> https://confighub.github.io/helm-expt/site/ask.html"
"reviewer","reviewer-080","action","Helm","S-A1","inspect a publication receipt","https://confighub.github.io/helm-expt/site/docs.html","success","1","39","no","1","yes","3","3","yes","yes","continue","https://confighub.github.io/helm-expt/site/ask.html","Check my config · Config Workshop","· hooks and CRD setup · delivery limitations · checks and publication receipts · promotion and fleet examples This page runs in your browser. It has no telemetry and sends nothing until you choose a public GitHub issue.","https://confighub.github.io/helm-expt/site/docs.html -> https://confighub.github.io/helm-expt/site/ask.html"
"reviewer","reviewer-081","action","Helm","S-A1","inspect a publication receipt","https://confighub.github.io/helm-expt/site/confighub.html","success","1","46","no","2","yes","3","3","yes","yes","continue","https://confighub.github.io/helm-expt/site/ask.html","Check my config · Config Workshop","· hooks and CRD setup · delivery limitations · checks and publication receipts · promotion and fleet examples This page runs in your browser. It has no telemetry and sends nothing until you choose a public GitHub issue.","https://confighub.github.io/helm-expt/site/confighub.html -> https://confighub.github.io/helm-expt/site/ask.html"
"reviewer","reviewer-082","action","Helm","S-A2","ask whether two digests are the same bytes","https://confighub.github.io/helm-expt/site/index.html","success","1","39","no","2","yes","3","3","yes","yes","continue","https://confighub.github.io/helm-expt/site/ask.html","Check my config · Config Workshop","ote these values. What did they actually change? Do these version and digest records identify the same bytes? Add detail to the question (optional) Chart Version or version pair 27.0.0""> Values, flags, or symptoms (optional, r","https://confighub.github.io/helm-expt/site/index.html -> https://confighub.github.io/helm-expt/site/ask.html"
"reviewer","reviewer-083","action","Helm","S-A2","ask whether two digests are the same bytes","https://confighub.github.io/helm-expt/site/guides.html","success","1","41","no","0","yes","3","3","yes","yes","continue","https://confighub.github.io/helm-expt/site/ask.html","Check my config · Config Workshop","ote these values. What did they actually change? Do these version and digest records identify the same bytes? Add detail to the question (optional) Chart Version or version pair 27.0.0""> Values, flags, or symptoms (optional, r","https://confighub.github.io/helm-expt/site/guides.html -> https://confighub.github.io/helm-expt/site/ask.html"
"reviewer","reviewer-084","action","Helm","S-A2","ask whether two digests are the same bytes","https://confighub.github.io/helm-expt/site/ask.html","success","0","23","yes","3","no","3","3","yes","yes","continue","https://confighub.github.io/helm-expt/site/ask.html","Check my config · Config Workshop","ote these values. What did they actually change? Do these version and digest records identify the same bytes? Add detail to the question (optional) Chart Version or version pair 27.0.0""> Values, flags, or symptoms (optional, r","https://confighub.github.io/helm-expt/site/ask.html"
"reviewer","reviewer-085","action","Helm","S-A2","ask whether two digests are the same bytes","https://confighub.github.io/helm-expt/site/charts/index.html","success","1","48","no","2","yes","3","3","yes","yes","continue","https://confighub.github.io/helm-expt/site/ask.html","Check my config · Config Workshop","ote these values. What did they actually change? Do these version and digest records identify the same bytes? Add detail to the question (optional) Chart Version or version pair 27.0.0""> Values, flags, or symptoms (optional, r","https://confighub.github.io/helm-expt/site/charts/index.html -> https://confighub.github.io/helm-expt/site/ask.html"
"reviewer","reviewer-086","action","Helm","S-A2","ask whether two digests are the same bytes","https://confighub.github.io/helm-expt/site/try.html","success","1","36","no","0","yes","3","3","yes","yes","continue","https://confighub.github.io/helm-expt/site/ask.html","Check my config · Config Workshop","ote these values. What did they actually change? Do these version and digest records identify the same bytes? Add detail to the question (optional) Chart Version or version pair 27.0.0""> Values, flags, or symptoms (optional, r","https://confighub.github.io/helm-expt/site/try.html -> https://confighub.github.io/helm-expt/site/ask.html"
"reviewer","reviewer-087","action","Helm","S-A2","ask whether two digests are the same bytes","https://confighub.github.io/helm-expt/site/testing.html","success","1","40","no","2","yes","3","3","yes","yes","continue","https://confighub.github.io/helm-expt/site/ask.html","Check my config · Config Workshop","ote these values. What did they actually change? Do these version and digest records identify the same bytes? Add detail to the question (optional) Chart Version or version pair 27.0.0""> Values, flags, or symptoms (optional, r","https://confighub.github.io/helm-expt/site/testing.html -> https://confighub.github.io/helm-expt/site/ask.html"
"reviewer","reviewer-088","action","Helm","S-A2","ask whether two digests are the same bytes","https://confighub.github.io/helm-expt/site/how-it-works.html","success","1","37","no","2","yes","3","3","yes","yes","continue","https://confighub.github.io/helm-expt/site/ask.html","Check my config · Config Workshop","ote these values. What did they actually change? Do these version and digest records identify the same bytes? Add detail to the question (optional) Chart Version or version pair 27.0.0""> Values, flags, or symptoms (optional, r","https://confighub.github.io/helm-expt/site/how-it-works.html -> https://confighub.github.io/helm-expt/site/ask.html"
"reviewer","reviewer-089","action","Helm","S-A2","ask whether two digests are the same bytes","https://confighub.github.io/helm-expt/site/docs.html","success","1","44","no","2","yes","3","3","yes","yes","continue","https://confighub.github.io/helm-expt/site/ask.html","Check my config · Config Workshop","ote these values. What did they actually change? Do these version and digest records identify the same bytes? Add detail to the question (optional) Chart Version or version pair 27.0.0""> Values, flags, or symptoms (optional, r","https://confighub.github.io/helm-expt/site/docs.html -> https://confighub.github.io/helm-expt/site/ask.html"
"reviewer","reviewer-090","action","Helm","S-A2","ask whether two digests are the same bytes","https://confighub.github.io/helm-expt/site/confighub.html","success","1","36","no","2","yes","3","3","yes","yes","continue","https://confighub.github.io/helm-expt/site/ask.html","Check my config · Config Workshop","ote these values. What did they actually change? Do these version and digest records identify the same bytes? Add detail to the question (optional) Chart Version or version pair 27.0.0""> Values, flags, or symptoms (optional, r","https://confighub.github.io/helm-expt/site/confighub.html -> https://confighub.github.io/helm-expt/site/ask.html"
"reviewer","reviewer-091","action","OCI","S-A3","inspect OCI without deploying","https://confighub.github.io/helm-expt/site/index.html","success","0","31","yes","3","no","3","3","yes","yes","continue","https://confighub.github.io/helm-expt/site/index.html","Config Workshop · Understand and test your configuration","config Promote my config Deployment Docs ConfigHub Helm first · AICR, OCI and YAML also supported See What Your Configuration Will Do See the exact Kubernetes objects before you deploy. Compare them with a tested Catalog co","https://confighub.github.io/helm-expt/site/index.html"
"reviewer","reviewer-092","action","OCI","S-A3","inspect OCI without deploying","https://confighub.github.io/helm-expt/site/guides.html","success","0","18","yes","3","no","3","3","yes","yes","continue","https://confighub.github.io/helm-expt/site/guides.html","Guides · Config Workshop","ur own Helm values, an AICR recipe for AI infrastructure, an existing OCI package, or Kubernetes YAML. Each example carries the commands and the evidence for one worked flow, including promotions, fleet rollouts, and policy","https://confighub.github.io/helm-expt/site/guides.html"
"reviewer","reviewer-093","action","OCI","S-A3","inspect OCI without deploying","https://confighub.github.io/helm-expt/site/ask.html","success","0","22","yes","3","no","3","3","yes","yes","continue","https://confighub.github.io/helm-expt/site/ask.html","Check my config · Config Workshop","page starts with rendered Kubernetes YAML. Render a chart or pull an OCI package on your machine, then check the exact objects here. Your files stay in this browser. Checking private configuration? Keep the chart, values,","https://confighub.github.io/helm-expt/site/ask.html"
"reviewer","reviewer-094","action","OCI","S-A3","inspect OCI without deploying","https://confighub.github.io/helm-expt/site/charts/index.html","success","0","23","yes","3","no","3","3","yes","yes","continue","https://confighub.github.io/helm-expt/site/charts/index.html","Component Catalog · Config Workshop","model credential. ConfigHub retained the two changed Units, published OCI, Argo CD pulled the same digest, the pod became ready, and the model answered. Read the proof . Learn the AICR platform shape An anonymous pull of th","https://confighub.github.io/helm-expt/site/charts/index.html"
"reviewer","reviewer-095","action","OCI","S-A3","inspect OCI without deploying","https://confighub.github.io/helm-expt/site/try.html","success","0","18","yes","3","no","3","3","yes","yes","continue","https://confighub.github.io/helm-expt/site/try.html","Try Redis · Config Workshop","ide a Kubernetes Secret before deployment. cub installer setup --pull oci://europe-west1-docker.pkg.dev/nth-fort-499605-q5/helm-expt/bitnami-redis:25.5.3 \ --base reuse-existing-secret \ --work-dir ./redis \ --namespace red","https://confighub.github.io/helm-expt/site/try.html"
"reviewer","reviewer-096","action","OCI","S-A3","inspect OCI without deploying","https://confighub.github.io/helm-expt/site/testing.html","success","0","18","yes","3","no","3","3","yes","yes","continue","https://confighub.github.io/helm-expt/site/testing.html","Worked Examples · Config Workshop","en the plugin or kustomize is missing. $ cub installer setup \ --pull oci://europe-west1-docker.pkg.dev/nth-fort-499605-q5/helm-expt/bitnami-redis:25.5.3 \ --base reuse-existing-secret \ --work-dir ./redis \ --non-interacti","https://confighub.github.io/helm-expt/site/testing.html"
"reviewer","reviewer-097","action","OCI","S-A3","inspect OCI without deploying","https://confighub.github.io/helm-expt/site/how-it-works.html","success","0","20","yes","3","no","3","3","yes","yes","continue","https://confighub.github.io/helm-expt/site/how-it-works.html","Choose How To Deploy It · Config Workshop","come from Helm, an AICR recipe for AI infrastructure, cub installer, OCI, or plain YAML. You can stop with local files, publish them directly as OCI, or save them in ConfigHub and publish a reviewed release OCI later. Conf","https://confighub.github.io/helm-expt/site/how-it-works.html"
"reviewer","reviewer-098","action","OCI","S-A3","inspect OCI without deploying","https://confighub.github.io/helm-expt/site/docs.html","success","0","16","yes","3","no","3","3","yes","yes","continue","https://confighub.github.io/helm-expt/site/docs.html","Docs · Config Workshop","e these guides for commands and detailed instructions for Helm, AICR, OCI, YAML, and ConfigHub. Start with a configuration Can I try one simple package? Try Redis for a short local exercise with no server, cluster, or accou","https://confighub.github.io/helm-expt/site/docs.html"
"reviewer","reviewer-099","action","OCI","S-A3","inspect OCI without deploying","https://confighub.github.io/helm-expt/site/confighub.html","success","1","37","no","2","yes","3","3","yes","yes","continue","https://confighub.github.io/helm-expt/site/testing.html#managed","Worked Examples · Config Workshop","en the plugin or kustomize is missing. $ cub installer setup \ --pull oci://europe-west1-docker.pkg.dev/nth-fort-499605-q5/helm-expt/bitnami-redis:25.5.3 \ --base reuse-existing-secret \ --work-dir ./redis \ --non-interacti","https://confighub.github.io/helm-expt/site/confighub.html -> https://confighub.github.io/helm-expt/site/testing.html#managed"
"reviewer","reviewer-100","action","YAML","S-A4","review plain YAML before upload","https://confighub.github.io/helm-expt/site/index.html","success","0","16","yes","3","no","3","3","yes","yes","continue","https://confighub.github.io/helm-expt/site/index.html","Config Workshop · Understand and test your configuration","romote my config Deployment Docs ConfigHub Helm first · AICR, OCI and YAML also supported See What Your Configuration Will Do See the exact Kubernetes objects before you deploy. Compare them with a tested Catalog configurati","https://confighub.github.io/helm-expt/site/index.html"
"reviewer","reviewer-101","action","YAML","S-A4","review plain YAML before upload","https://confighub.github.io/helm-expt/site/guides.html","success","0","21","yes","3","no","3","3","yes","yes","continue","https://confighub.github.io/helm-expt/site/guides.html","Guides · Config Workshop","recipe for AI infrastructure, an existing OCI package, or Kubernetes YAML. Each example carries the commands and the evidence for one worked flow, including promotions, fleet rollouts, and policy checks. Open Helm, AICR, OC","https://confighub.github.io/helm-expt/site/guides.html"
"reviewer","reviewer-102","action","YAML","S-A4","review plain YAML before upload","https://confighub.github.io/helm-expt/site/ask.html","success","0","22","yes","3","no","3","3","yes","yes","continue","https://confighub.github.io/helm-expt/site/ask.html","Check my config · Config Workshop","sion, or unexpected result. This page starts with rendered Kubernetes YAML. Render a chart or pull an OCI package on your machine, then check the exact objects here. Your files stay in this browser. Checking private configur","https://confighub.github.io/helm-expt/site/ask.html"
"reviewer","reviewer-103","action","YAML","S-A4","review plain YAML before upload","https://confighub.github.io/helm-expt/site/charts/index.html","success","0","24","yes","3","no","3","3","yes","yes","continue","https://confighub.github.io/helm-expt/site/charts/index.html","Component Catalog · Config Workshop","ers locally with no account: helm template rel <chart> -f your-values.yaml --include-crds . Check one question about the result , then choose whether to report a public finding for Catalog review. Component Retained publishe","https://confighub.github.io/helm-expt/site/charts/index.html"
"reviewer","reviewer-104","action","YAML","S-A4","review plain YAML before upload","https://confighub.github.io/helm-expt/site/try.html","success","0","20","yes","3","no","3","3","yes","yes","continue","https://confighub.github.io/helm-expt/site/try.html","Try Redis · Config Workshop","Nothing has been applied to a cluster. cat ./redis/out/spec/selection.yaml ls ./redis/out/manifests grep -R ""^kind:"" ./redis/out/manifests The catalog keeps the source inputs beside the result. It also records the required S","https://confighub.github.io/helm-expt/site/try.html"
"reviewer","reviewer-105","action","YAML","S-A4","review plain YAML before upload","https://confighub.github.io/helm-expt/site/testing.html","success","0","22","yes","3","no","3","3","yes","yes","continue","https://confighub.github.io/helm-expt/site/testing.html","Worked Examples · Config Workshop","rt? One command, no account: helm template rel <chart> -f your-values.yaml --include-crds . Then check the chart's catalog page for the hazards a render alone cannot show. 1. Start with a configuration See what Redis install","https://confighub.github.io/helm-expt/site/testing.html"
"reviewer","reviewer-106","action","YAML","S-A4","review plain YAML before upload","https://confighub.github.io/helm-expt/site/how-it-works.html","success","0","20","yes","3","no","3","3","yes","yes","continue","https://confighub.github.io/helm-expt/site/how-it-works.html","Choose How To Deploy It · Config Workshop","m, an AICR recipe for AI infrastructure, cub installer, OCI, or plain YAML. You can stop with local files, publish them directly as OCI, or save them in ConfigHub and publish a reviewed release OCI later. ConfigHub stores yo","https://confighub.github.io/helm-expt/site/how-it-works.html"
"reviewer","reviewer-107","action","YAML","S-A4","review plain YAML before upload","https://confighub.github.io/helm-expt/site/docs.html","success","0","21","yes","3","no","3","3","yes","yes","continue","https://confighub.github.io/helm-expt/site/docs.html","Docs · Config Workshop","se guides for commands and detailed instructions for Helm, AICR, OCI, YAML, and ConfigHub. Start with a configuration Can I try one simple package? Try Redis for a short local exercise with no server, cluster, or account. Ca","https://confighub.github.io/helm-expt/site/docs.html"
"reviewer","reviewer-108","action","YAML","S-A4","review plain YAML before upload","https://confighub.github.io/helm-expt/site/confighub.html","success","0","21","yes","3","no","3","3","yes","yes","continue","https://confighub.github.io/helm-expt/site/confighub.html","Use ConfigHub · Config Workshop","he ConfigHub upload receipt . Check my config now downloads candidate.yaml and workshop-review.json . Its handoff commands upload the objects with cub variant upload and attach both file hashes. The commands also create a Pr","https://confighub.github.io/helm-expt/site/confighub.html"
"reviewer","reviewer-109","recovery","Helm","S-R1","block placeholder credentials","https://confighub.github.io/helm-expt/site/index.html","success","4","95","no","1","yes","3","3","yes","yes","continue","https://confighub.github.io/helm-expt/site/ask.html","Check my config · Config Workshop","r again. Keep the new object hash with the review. The review finds a placeholder credential Fix it by replacing the placeholder or using an existing external Secret. Find a configuration that uses an existing Secret , see the bloc","https://confighub.github.io/helm-expt/site/index.html -> https://confighub.github.io/helm-expt/site/promote.html -> https://confighub.github.io/helm-expt/site/known-gaps.html -> https://confighub.github.io/helm-expt/site/d/data/default-credential-check/summary.html -> https://confighub.github.io/helm-expt/site/ask.html"
"reviewer","reviewer-110","recovery","Helm","S-R1","block placeholder credentials","https://confighub.github.io/helm-expt/site/guides.html","success","1","43","no","0","yes","3","3","yes","yes","continue","https://confighub.github.io/helm-expt/site/ask.html","Check my config · Config Workshop","r again. Keep the new object hash with the review. The review finds a placeholder credential Fix it by replacing the placeholder or using an existing external Secret. Find a configuration that uses an existing Secret , see the bloc","https://confighub.github.io/helm-expt/site/guides.html -> https://confighub.github.io/helm-expt/site/ask.html"
"reviewer","reviewer-111","recovery","Helm","S-R1","block placeholder credentials","https://confighub.github.io/helm-expt/site/ask.html","success","0","23","yes","3","no","3","3","yes","yes","continue","https://confighub.github.io/helm-expt/site/ask.html","Check my config · Config Workshop","r again. Keep the new object hash with the review. The review finds a placeholder credential Fix it by replacing the placeholder or using an existing external Secret. Find a configuration that uses an existing Secret , see the bloc","https://confighub.github.io/helm-expt/site/ask.html"
"reviewer","reviewer-112","recovery","Helm","S-R1","block placeholder credentials","https://confighub.github.io/helm-expt/site/charts/index.html","partial","2","242","no","2","yes","3","3","no","no","bookmark","https://confighub.github.io/helm-expt/site/charts/bitnami-mongodb-19-0-7.html#matrix-options","bitnami/mongodb 19.0.7 · Config Workshop","and its pruning settings are recorded for the selected preset. Shared placeholder password No shared placeholder password caveat recorded for this chart. CRD first-ordering No CRD first-ordering caveat recorded for this chart. Open","https://confighub.github.io/helm-expt/site/charts/index.html -> https://confighub.github.io/helm-expt/site/charts/bitnami-mongodb-19-0-7.html#matrix-options -> https://confighub.github.io/helm-expt/site/sh/bitnami-mongodb-19-0-7/static-passwords/try.sh"
"reviewer","reviewer-113","recovery","Helm","S-R1","block placeholder credentials","https://confighub.github.io/helm-expt/site/try.html","success","1","37","no","0","yes","3","3","yes","yes","continue","https://confighub.github.io/helm-expt/site/ask.html","Check my config · Config Workshop","r again. Keep the new object hash with the review. The review finds a placeholder credential Fix it by replacing the placeholder or using an existing external Secret. Find a configuration that uses an existing Secret , see the bloc","https://confighub.github.io/helm-expt/site/try.html -> https://confighub.github.io/helm-expt/site/ask.html"
"reviewer","reviewer-114","recovery","Helm","S-R1","block placeholder credentials","https://confighub.github.io/helm-expt/site/testing.html","success","0","22","yes","3","no","3","3","yes","yes","continue","https://confighub.github.io/helm-expt/site/testing.html","Worked Examples · Config Workshop","reported by the command. If you omit --namespace , cub uses confighubplaceholder until a deployment variant supplies the real namespace. Hooks are omitted unless you add --include-hooks . A chart that requires live lookup results","https://confighub.github.io/helm-expt/site/testing.html"
"reviewer","reviewer-115","recovery","Helm","S-R1","block placeholder credentials","https://confighub.github.io/helm-expt/site/how-it-works.html","success","1","41","no","3","yes","3","3","yes","yes","continue","https://confighub.github.io/helm-expt/site/ask.html","Check my config · Config Workshop","r again. Keep the new object hash with the review. The review finds a placeholder credential Fix it by replacing the placeholder or using an existing external Secret. Find a configuration that uses an existing Secret , see the bloc","https://confighub.github.io/helm-expt/site/how-it-works.html -> https://confighub.github.io/helm-expt/site/ask.html"
"reviewer","reviewer-116","recovery","Helm","S-R1","block placeholder credentials","https://confighub.github.io/helm-expt/site/docs.html","success","1","38","no","1","yes","3","3","yes","yes","continue","https://confighub.github.io/helm-expt/site/ask.html","Check my config · Config Workshop","r again. Keep the new object hash with the review. The review finds a placeholder credential Fix it by replacing the placeholder or using an existing external Secret. Find a configuration that uses an existing Secret , see the bloc","https://confighub.github.io/helm-expt/site/docs.html -> https://confighub.github.io/helm-expt/site/ask.html"
"reviewer","reviewer-117","recovery","Helm","S-R1","block placeholder credentials","https://confighub.github.io/helm-expt/site/confighub.html","success","1","43","no","1","yes","3","3","yes","yes","continue","https://confighub.github.io/helm-expt/site/ask.html","Check my config · Config Workshop","r again. Keep the new object hash with the review. The review finds a placeholder credential Fix it by replacing the placeholder or using an existing external Secret. Find a configuration that uses an existing Secret , see the bloc","https://confighub.github.io/helm-expt/site/confighub.html -> https://confighub.github.io/helm-expt/site/ask.html"
"reviewer","reviewer-118","recovery","Helm","S-R2","understand partial drift coverage","https://confighub.github.io/helm-expt/site/index.html","success","1","37","no","1","yes","3","3","yes","yes","continue","https://confighub.github.io/helm-expt/site/known-gaps.html","Delivery Limitations · Config Workshop","he ordered Argo CD and Flux paths are tested. Open evidence cub-scout drift field coverage Treat results as partial The current drift check finds changes to replicas and images, but it does not find every container environmen","https://confighub.github.io/helm-expt/site/index.html -> https://confighub.github.io/helm-expt/site/known-gaps.html"
"reviewer","reviewer-119","recovery","Helm","S-R2","understand partial drift coverage","https://confighub.github.io/helm-expt/site/guides.html","success","4","93","no","0","yes","3","3","yes","yes","continue","https://confighub.github.io/helm-expt/site/known-gaps.html","Delivery Limitations · Config Workshop","he ordered Argo CD and Flux paths are tested. Open evidence cub-scout drift field coverage Treat results as partial The current drift check finds changes to replicas and images, but it does not find every container environmen","https://confighub.github.io/helm-expt/site/guides.html -> https://confighub.github.io/helm-expt/site/ask.html -> https://confighub.github.io/helm-expt/site/ask.html#supply-drift -> https://confighub.github.io/helm-expt/site/verification.html -> https://confighub.github.io/helm-expt/site/known-gaps.html"
"reviewer","reviewer-120","recovery","Helm","S-R2","understand partial drift coverage","https://confighub.github.io/helm-expt/site/ask.html","success","3","84","no","2","no","3","3","yes","yes","continue","https://confighub.github.io/helm-expt/site/known-gaps.html","Delivery Limitations · Config Workshop","he ordered Argo CD and Flux paths are tested. Open evidence cub-scout drift field coverage Treat results as partial The current drift check finds changes to replicas and images, but it does not find every container environmen","https://confighub.github.io/helm-expt/site/ask.html -> https://confighub.github.io/helm-expt/site/ask.html#supply-drift -> https://confighub.github.io/helm-expt/site/verification.html -> https://confighub.github.io/helm-expt/site/known-gaps.html"
"reviewer","reviewer-121","recovery","Helm","S-R2","understand partial drift coverage","https://confighub.github.io/helm-expt/site/charts/index.html","success","5","120","no","1","no","3","3","yes","yes","continue","https://confighub.github.io/helm-expt/site/known-gaps.html","Delivery Limitations · Config Workshop","he ordered Argo CD and Flux paths are tested. Open evidence cub-scout drift field coverage Treat results as partial The current drift check finds changes to replicas and images, but it does not find every container environmen","https://confighub.github.io/helm-expt/site/charts/index.html -> https://confighub.github.io/helm-expt/site/d/data/upstream-drift/summary.html -> https://confighub.github.io/helm-expt/site/ask.html -> https://confighub.github.io/helm-expt/site/ask.html#supply-drift -> https://confighub.github.io/helm-expt/site/verification.html -> https://confighub.github.io/helm-expt/site/known-gaps.html"
"reviewer","reviewer-122","recovery","Helm","S-R2","understand partial drift coverage","https://confighub.github.io/helm-expt/site/try.html","success","4","98","no","1","yes","3","3","yes","yes","continue","https://confighub.github.io/helm-expt/site/known-gaps.html","Delivery Limitations · Config Workshop","he ordered Argo CD and Flux paths are tested. Open evidence cub-scout drift field coverage Treat results as partial The current drift check finds changes to replicas and images, but it does not find every container environmen","https://confighub.github.io/helm-expt/site/try.html -> https://confighub.github.io/helm-expt/site/ask.html -> https://confighub.github.io/helm-expt/site/ask.html#supply-drift -> https://confighub.github.io/helm-expt/site/verification.html -> https://confighub.github.io/helm-expt/site/known-gaps.html"
"reviewer","reviewer-123","recovery","Helm","S-R2","understand partial drift coverage","https://confighub.github.io/helm-expt/site/testing.html","success","4","101","no","1","yes","3","3","yes","yes","continue","https://confighub.github.io/helm-expt/site/known-gaps.html","Delivery Limitations · Config Workshop","he ordered Argo CD and Flux paths are tested. Open evidence cub-scout drift field coverage Treat results as partial The current drift check finds changes to replicas and images, but it does not find every container environmen","https://confighub.github.io/helm-expt/site/testing.html -> https://confighub.github.io/helm-expt/site/ask.html -> https://confighub.github.io/helm-expt/site/ask.html#supply-drift -> https://confighub.github.io/helm-expt/site/verification.html -> https://confighub.github.io/helm-expt/site/known-gaps.html"
"reviewer","reviewer-124","recovery","Helm","S-R2","understand partial drift coverage","https://confighub.github.io/helm-expt/site/how-it-works.html","success","4","101","no","2","no","3","3","yes","yes","continue","https://confighub.github.io/helm-expt/site/known-gaps.html","Delivery Limitations · Config Workshop","he ordered Argo CD and Flux paths are tested. Open evidence cub-scout drift field coverage Treat results as partial The current drift check finds changes to replicas and images, but it does not find every container environmen","https://confighub.github.io/helm-expt/site/how-it-works.html -> https://confighub.github.io/helm-expt/site/ask.html -> https://confighub.github.io/helm-expt/site/ask.html#supply-drift -> https://confighub.github.io/helm-expt/site/verification.html -> https://confighub.github.io/helm-expt/site/known-gaps.html"
"reviewer","reviewer-125","recovery","Helm","S-R2","understand partial drift coverage","https://confighub.github.io/helm-expt/site/docs.html","success","1","37","no","1","yes","3","3","yes","yes","continue","https://confighub.github.io/helm-expt/site/does-cluster-match-approved-config.html","Does the cluster match what we approved? · Config Workshop","e observation remain separate results. Check the record Open the live drift receipt . The plain-English summary shows the detected field and the missed field. Check removal behavior and check field conflicts separately. Do th","https://confighub.github.io/helm-expt/site/docs.html -> https://confighub.github.io/helm-expt/site/does-cluster-match-approved-config.html"
"reviewer","reviewer-126","recovery","Helm","S-R2","understand partial drift coverage","https://confighub.github.io/helm-expt/site/confighub.html","success","4","96","no","1","yes","3","3","yes","yes","continue","https://confighub.github.io/helm-expt/site/known-gaps.html","Delivery Limitations · Config Workshop","he ordered Argo CD and Flux paths are tested. Open evidence cub-scout drift field coverage Treat results as partial The current drift check finds changes to replicas and images, but it does not find every container environmen","https://confighub.github.io/helm-expt/site/confighub.html -> https://confighub.github.io/helm-expt/site/ask.html -> https://confighub.github.io/helm-expt/site/ask.html#supply-drift -> https://confighub.github.io/helm-expt/site/verification.html -> https://confighub.github.io/helm-expt/site/known-gaps.html"
"reviewer","reviewer-127","recovery","Helm","S-R3","see when no proof exists","https://confighub.github.io/helm-expt/site/index.html","success","1","41","no","0","yes","2","2","yes","yes","continue","https://confighub.github.io/helm-expt/site/ask.html","Check my config · Config Workshop","eady use. Only completed checks count as evidence. Everything else is not checked and cannot support a safety claim. Complete result hash: Download complete result Keep this reviewed result in ConfigHub Open the ConfigHub tutorial","https://confighub.github.io/helm-expt/site/index.html -> https://confighub.github.io/helm-expt/site/ask.html"
"reviewer","reviewer-128","recovery","Helm","S-R3","see when no proof exists","https://confighub.github.io/helm-expt/site/guides.html","success","1","42","no","0","yes","2","2","yes","yes","continue","https://confighub.github.io/helm-expt/site/ask.html","Check my config · Config Workshop","eady use. Only completed checks count as evidence. Everything else is not checked and cannot support a safety claim. Complete result hash: Download complete result Keep this reviewed result in ConfigHub Open the ConfigHub tutorial","https://confighub.github.io/helm-expt/site/guides.html -> https://confighub.github.io/helm-expt/site/ask.html"
"reviewer","reviewer-129","recovery","Helm","S-R3","see when no proof exists","https://confighub.github.io/helm-expt/site/ask.html","success","0","21","yes","2","no","2","2","yes","yes","continue","https://confighub.github.io/helm-expt/site/ask.html","Check my config · Config Workshop","eady use. Only completed checks count as evidence. Everything else is not checked and cannot support a safety claim. Complete result hash: Download complete result Keep this reviewed result in ConfigHub Open the ConfigHub tutorial","https://confighub.github.io/helm-expt/site/ask.html"
"reviewer","reviewer-130","recovery","Helm","S-R3","see when no proof exists","https://confighub.github.io/helm-expt/site/charts/index.html","success","1","41","no","1","yes","2","2","yes","yes","continue","https://confighub.github.io/helm-expt/site/ask.html","Check my config · Config Workshop","eady use. Only completed checks count as evidence. Everything else is not checked and cannot support a safety claim. Complete result hash: Download complete result Keep this reviewed result in ConfigHub Open the ConfigHub tutorial","https://confighub.github.io/helm-expt/site/charts/index.html -> https://confighub.github.io/helm-expt/site/ask.html"
"reviewer","reviewer-131","recovery","Helm","S-R3","see when no proof exists","https://confighub.github.io/helm-expt/site/try.html","success","1","43","no","0","yes","2","2","yes","yes","continue","https://confighub.github.io/helm-expt/site/ask.html","Check my config · Config Workshop","eady use. Only completed checks count as evidence. Everything else is not checked and cannot support a safety claim. Complete result hash: Download complete result Keep this reviewed result in ConfigHub Open the ConfigHub tutorial","https://confighub.github.io/helm-expt/site/try.html -> https://confighub.github.io/helm-expt/site/ask.html"
"reviewer","reviewer-132","recovery","Helm","S-R3","see when no proof exists","https://confighub.github.io/helm-expt/site/testing.html","success","1","42","no","1","yes","2","2","yes","yes","continue","https://confighub.github.io/helm-expt/site/ask.html","Check my config · Config Workshop","eady use. Only completed checks count as evidence. Everything else is not checked and cannot support a safety claim. Complete result hash: Download complete result Keep this reviewed result in ConfigHub Open the ConfigHub tutorial","https://confighub.github.io/helm-expt/site/testing.html -> https://confighub.github.io/helm-expt/site/ask.html"
"reviewer","reviewer-133","recovery","Helm","S-R3","see when no proof exists","https://confighub.github.io/helm-expt/site/how-it-works.html","success","1","46","no","0","yes","2","2","yes","yes","continue","https://confighub.github.io/helm-expt/site/ask.html","Check my config · Config Workshop","eady use. Only completed checks count as evidence. Everything else is not checked and cannot support a safety claim. Complete result hash: Download complete result Keep this reviewed result in ConfigHub Open the ConfigHub tutorial","https://confighub.github.io/helm-expt/site/how-it-works.html -> https://confighub.github.io/helm-expt/site/ask.html"
"reviewer","reviewer-134","recovery","Helm","S-R3","see when no proof exists","https://confighub.github.io/helm-expt/site/docs.html","success","1","40","no","0","yes","2","2","yes","yes","continue","https://confighub.github.io/helm-expt/site/ask.html","Check my config · Config Workshop","eady use. Only completed checks count as evidence. Everything else is not checked and cannot support a safety claim. Complete result hash: Download complete result Keep this reviewed result in ConfigHub Open the ConfigHub tutorial","https://confighub.github.io/helm-expt/site/docs.html -> https://confighub.github.io/helm-expt/site/ask.html"
"reviewer","reviewer-135","recovery","Helm","S-R3","see when no proof exists","https://confighub.github.io/helm-expt/site/confighub.html","success","1","39","no","1","yes","2","2","yes","yes","continue","https://confighub.github.io/helm-expt/site/ask.html","Check my config · Config Workshop","eady use. Only completed checks count as evidence. Everything else is not checked and cannot support a safety claim. Complete result hash: Download complete result Keep this reviewed result in ConfigHub Open the ConfigHub tutorial","https://confighub.github.io/helm-expt/site/confighub.html -> https://confighub.github.io/helm-expt/site/ask.html"
"reviewer","reviewer-136","recovery","Helm","S-R4","handle CRD ordering risk","https://confighub.github.io/helm-expt/site/index.html","success","1","37","no","2","yes","3","3","yes","yes","continue","https://confighub.github.io/helm-expt/site/known-gaps.html","Delivery Limitations · Config Workshop","go CD and Flux pruning are the tested paths. Open evidence cub-direct CRD ordering Plan around it Kubernetes must establish a CRD before it can accept objects that use that CRD. Do now: Install and wait for the CRDs first,","https://confighub.github.io/helm-expt/site/index.html -> https://confighub.github.io/helm-expt/site/known-gaps.html"
"reviewer","reviewer-137","recovery","Helm","S-R4","handle CRD ordering risk","https://confighub.github.io/helm-expt/site/guides.html","success","1","47","no","0","yes","3","3","yes","yes","continue","https://confighub.github.io/helm-expt/site/known-gaps.html","Delivery Limitations · Config Workshop","go CD and Flux pruning are the tested paths. Open evidence cub-direct CRD ordering Plan around it Kubernetes must establish a CRD before it can accept objects that use that CRD. Do now: Install and wait for the CRDs first,","https://confighub.github.io/helm-expt/site/guides.html -> https://confighub.github.io/helm-expt/site/known-gaps.html"
"reviewer","reviewer-138","recovery","Helm","S-R4","handle CRD ordering risk","https://confighub.github.io/helm-expt/site/ask.html","partial","5","117","no","2","no","2","3","yes","no","bookmark","https://confighub.github.io/helm-expt/site/ask.html","Check my config · Config Workshop","production? How should Argo CD or Flux handle this chart's hooks and CRDs? Where does this vulnerable image run, and how can I update it safely? Can I roll back to exactly what ran before? AI wrote these values. What did t","https://confighub.github.io/helm-expt/site/ask.html -> https://confighub.github.io/helm-expt/site/ask.html#upgrade-risk -> https://confighub.github.io/helm-expt/site/ask.html#lifecycle-work -> https://confighub.github.io/helm-expt/site/d/docs/user/chart-hooks-what-happens.html -> https://confighub.github.io/helm-expt/site/d/docs/demo/hooks-crds/kube-prometheus-stack.html -> https://confighub.github.io/helm-expt/site/d/data/hooks-crds-app/summary.html"
"reviewer","reviewer-139","recovery","Helm","S-R4","handle CRD ordering risk","https://confighub.github.io/helm-expt/site/charts/index.html","partial","3","84","no","1","yes","2","3","yes","no","bookmark","https://confighub.github.io/helm-expt/site/charts/aqua-trivy-operator-0-32-1.html#matrix-options","aqua/trivy-operator 0.32.1 · Config Workshop","or the Helm comparison, live install, and delivery checks. See hooks, CRDs, and setup work The page names the work and says which delivery path has actually run. What To Use default configuration: 33 rendered objects · 1 im","https://confighub.github.io/helm-expt/site/charts/index.html -> https://confighub.github.io/helm-expt/site/charts/aqua-trivy-operator-0-32-1.html#matrix-options -> https://confighub.github.io/helm-expt/site/charts/aqua-trivy-operator-0-32-1.html#lifecycle -> https://confighub.github.io/helm-expt/site/sh/aqua-trivy-operator-0-32-1/no-crds/try.sh"
"reviewer","reviewer-140","recovery","Helm","S-R4","handle CRD ordering risk","https://confighub.github.io/helm-expt/site/try.html","success","2","57","no","0","no","3","3","yes","yes","continue","https://confighub.github.io/helm-expt/site/known-gaps.html","Delivery Limitations · Config Workshop","go CD and Flux pruning are the tested paths. Open evidence cub-direct CRD ordering Plan around it Kubernetes must establish a CRD before it can accept objects that use that CRD. Do now: Install and wait for the CRDs first,","https://confighub.github.io/helm-expt/site/try.html -> https://confighub.github.io/helm-expt/site/guides.html -> https://confighub.github.io/helm-expt/site/known-gaps.html"
"reviewer","reviewer-141","recovery","Helm","S-R4","handle CRD ordering risk","https://confighub.github.io/helm-expt/site/testing.html","success","4","101","no","2","no","3","3","yes","yes","continue","https://confighub.github.io/helm-expt/site/known-gaps.html","Delivery Limitations · Config Workshop","go CD and Flux pruning are the tested paths. Open evidence cub-direct CRD ordering Plan around it Kubernetes must establish a CRD before it can accept objects that use that CRD. Do now: Install and wait for the CRDs first,","https://confighub.github.io/helm-expt/site/testing.html -> https://confighub.github.io/helm-expt/site/d/docs/demo/hooks-crds/kube-prometheus-stack.html -> https://confighub.github.io/helm-expt/site/d/data/hooks-crds-app/summary.html -> https://confighub.github.io/helm-expt/site/guides.html -> https://confighub.github.io/helm-expt/site/known-gaps.html"
"reviewer","reviewer-142","recovery","Helm","S-R4","handle CRD ordering risk","https://confighub.github.io/helm-expt/site/how-it-works.html","success","0","22","yes","3","no","3","3","yes","yes","continue","https://confighub.github.io/helm-expt/site/how-it-works.html","Choose How To Deploy It · Config Workshop","flat configuration when they can. Keep them with recorded setup when CRDs, hooks, certificates, Secrets, or jobs must run too. Process the source later when it still depends on live data or behavior that cannot yet be carr","https://confighub.github.io/helm-expt/site/how-it-works.html"
"reviewer","reviewer-143","recovery","Helm","S-R4","handle CRD ordering risk","https://confighub.github.io/helm-expt/site/docs.html","success","5","105","no","1","no","3","3","yes","yes","continue","https://confighub.github.io/helm-expt/site/known-gaps.html","Delivery Limitations · Config Workshop","go CD and Flux pruning are the tested paths. Open evidence cub-direct CRD ordering Plan around it Kubernetes must establish a CRD before it can accept objects that use that CRD. Do now: Install and wait for the CRDs first,","https://confighub.github.io/helm-expt/site/docs.html -> https://confighub.github.io/helm-expt/site/d/docs/user/chart-hooks-what-happens.html -> https://confighub.github.io/helm-expt/site/d/docs/demo/hooks-crds/kube-prometheus-stack.html -> https://confighub.github.io/helm-expt/site/d/data/hooks-crds-app/summary.html -> https://confighub.github.io/helm-expt/site/guides.html -> https://confighub.github.io/helm-expt/site/known-gaps.html"
"reviewer","reviewer-144","recovery","Helm","S-R4","handle CRD ordering risk","https://confighub.github.io/helm-expt/site/confighub.html","success","2","58","no","1","no","3","3","yes","yes","continue","https://confighub.github.io/helm-expt/site/known-gaps.html","Delivery Limitations · Config Workshop","go CD and Flux pruning are the tested paths. Open evidence cub-direct CRD ordering Plan around it Kubernetes must establish a CRD before it can accept objects that use that CRD. Do now: Install and wait for the CRDs first,","https://confighub.github.io/helm-expt/site/confighub.html -> https://confighub.github.io/helm-expt/site/guides.html -> https://confighub.github.io/helm-expt/site/known-gaps.html"
"reviewer","reviewer-145","conversion","Helm","S-X1","keep an approval record","https://confighub.github.io/helm-expt/site/index.html","success","1","37","no","3","yes","3","3","yes","yes","signup","https://confighub.github.io/helm-expt/site/confighub.html","Use ConfigHub · Config Workshop","ion for each environment. ConfigHub shows the exact diff, records the approval, and keeps the promotion history. Publish a release for Argo CD or Flux. Add live observations when you need to compare the approved configuration wi","https://confighub.github.io/helm-expt/site/index.html -> https://confighub.github.io/helm-expt/site/confighub.html"
"reviewer","reviewer-146","conversion","Helm","S-X1","keep an approval record","https://confighub.github.io/helm-expt/site/guides.html","success","0","20","yes","3","no","3","3","yes","yes","signup","https://confighub.github.io/helm-expt/site/guides.html","Guides · Config Workshop","d configuration becomes a shared record when your team needs changes, approvals, promotion, and rollout, and how far you get without an account if you would rather not. Each guide runs real commands and ends with output you can","https://confighub.github.io/helm-expt/site/guides.html"
"reviewer","reviewer-147","conversion","Helm","S-X1","keep an approval record","https://confighub.github.io/helm-expt/site/ask.html","success","2","59","no","2","no","3","3","yes","yes","signup","https://confighub.github.io/helm-expt/site/confighub.html","Use ConfigHub · Config Workshop","ion for each environment. ConfigHub shows the exact diff, records the approval, and keeps the promotion history. Publish a release for Argo CD or Flux. Add live observations when you need to compare the approved configuration wi","https://confighub.github.io/helm-expt/site/ask.html -> https://confighub.github.io/helm-expt/site/ask.html#supply-drift -> https://confighub.github.io/helm-expt/site/confighub.html"
"reviewer","reviewer-148","conversion","Helm","S-X1","keep an approval record","https://confighub.github.io/helm-expt/site/charts/index.html","success","1","42","no","2","yes","3","3","yes","yes","signup","https://confighub.github.io/helm-expt/site/confighub.html","Use ConfigHub · Config Workshop","ion for each environment. ConfigHub shows the exact diff, records the approval, and keeps the promotion history. Publish a release for Argo CD or Flux. Add live observations when you need to compare the approved configuration wi","https://confighub.github.io/helm-expt/site/charts/index.html -> https://confighub.github.io/helm-expt/site/confighub.html"
"reviewer","reviewer-149","conversion","Helm","S-X1","keep an approval record","https://confighub.github.io/helm-expt/site/try.html","success","1","39","no","2","yes","3","3","yes","yes","signup","https://confighub.github.io/helm-expt/site/confighub.html","Use ConfigHub · Config Workshop","ion for each environment. ConfigHub shows the exact diff, records the approval, and keeps the promotion history. Publish a release for Argo CD or Flux. Add live observations when you need to compare the approved configuration wi","https://confighub.github.io/helm-expt/site/try.html -> https://confighub.github.io/helm-expt/site/confighub.html"
"reviewer","reviewer-150","conversion","Helm","S-X1","keep an approval record","https://confighub.github.io/helm-expt/site/testing.html","success","0","19","yes","3","no","3","3","yes","yes","signup","https://confighub.github.io/helm-expt/site/testing.html","Worked Examples · Config Workshop","e artifacts. Delivery guide · Argo CD and Flux proof Apply checks and approvals Schema, placeholder, and lifecycle-route checks can block bad configuration. Image and probe checks warn. Selected production and system configurati","https://confighub.github.io/helm-expt/site/testing.html"
"reviewer","reviewer-151","conversion","Helm","S-X1","keep an approval record","https://confighub.github.io/helm-expt/site/how-it-works.html","success","1","39","no","3","yes","3","3","yes","yes","signup","https://confighub.github.io/helm-expt/site/confighub.html","Use ConfigHub · Config Workshop","ion for each environment. ConfigHub shows the exact diff, records the approval, and keeps the promotion history. Publish a release for Argo CD or Flux. Add live observations when you need to compare the approved configuration wi","https://confighub.github.io/helm-expt/site/how-it-works.html -> https://confighub.github.io/helm-expt/site/confighub.html"
"reviewer","reviewer-152","conversion","Helm","S-X1","keep an approval record","https://confighub.github.io/helm-expt/site/docs.html","success","1","34","no","3","yes","3","3","yes","yes","signup","https://confighub.github.io/helm-expt/site/confighub.html","Use ConfigHub · Config Workshop","ion for each environment. ConfigHub shows the exact diff, records the approval, and keeps the promotion history. Publish a release for Argo CD or Flux. Add live observations when you need to compare the approved configuration wi","https://confighub.github.io/helm-expt/site/docs.html -> https://confighub.github.io/helm-expt/site/confighub.html"
"reviewer","reviewer-153","conversion","Helm","S-X1","keep an approval record","https://confighub.github.io/helm-expt/site/confighub.html","success","0","20","yes","3","no","3","3","yes","yes","signup","https://confighub.github.io/helm-expt/site/confighub.html","Use ConfigHub · Config Workshop","ion for each environment. ConfigHub shows the exact diff, records the approval, and keeps the promotion history. Publish a release for Argo CD or Flux. Add live observations when you need to compare the approved configuration wi","https://confighub.github.io/helm-expt/site/confighub.html"
"reviewer","reviewer-154","conversion","Helm","S-X2","relate source release and live state","https://confighub.github.io/helm-expt/site/index.html","success","0","18","yes","3","no","3","3","yes","yes","signup","https://confighub.github.io/helm-expt/site/index.html","Config Workshop · Understand and test your configuration","k: verified What this command does. cub installer is a released, open-source plugin for the cub CLI. cub installer setup pulls a catalog package and writes its Kubernetes files locally. It does not apply them to a cluster. Use","https://confighub.github.io/helm-expt/site/index.html"
"reviewer","reviewer-155","conversion","Helm","S-X2","relate source release and live state","https://confighub.github.io/helm-expt/site/guides.html","success","1","40","no","1","yes","3","3","yes","yes","signup","https://confighub.github.io/helm-expt/site/testing.html","Worked Examples · Config Workshop","to sign in. What this command does. cub installer is a released, open-source plugin for the cub CLI. cub installer setup pulls a catalog package and writes its Kubernetes files locally. It does not apply those files to a clust","https://confighub.github.io/helm-expt/site/guides.html -> https://confighub.github.io/helm-expt/site/testing.html"
"reviewer","reviewer-156","conversion","Helm","S-X2","relate source release and live state","https://confighub.github.io/helm-expt/site/ask.html","success","0","21","yes","3","no","3","3","yes","yes","signup","https://confighub.github.io/helm-expt/site/ask.html","Check my config · Config Workshop","name Existing namespace Read the existing-release commands . Can the source be discussed publicly? Yes, it is a public chart No, keep this investigation private Build my prompt 2. Run the investigation on your machine Paste t","https://confighub.github.io/helm-expt/site/ask.html"
"reviewer","reviewer-157","conversion","Helm","S-X2","relate source release and live state","https://confighub.github.io/helm-expt/site/charts/index.html","success","0","24","yes","3","no","3","3","yes","yes","signup","https://confighub.github.io/helm-expt/site/charts/index.html","Component Catalog · Config Workshop","this chart still needs chart-specific review. Gitops runtime: CustomResourceDefinition OutOfSync health Healthy (parity passed) default: flatten-with-routes 1.8.0 : default 1 packaged configuration longhorn/longhorn Storage an","https://confighub.github.io/helm-expt/site/charts/index.html"
"reviewer","reviewer-158","conversion","Helm","S-X2","relate source release and live state","https://confighub.github.io/helm-expt/site/try.html","success","0","18","yes","3","no","3","3","yes","yes","signup","https://confighub.github.io/helm-expt/site/try.html","Try Redis · Config Workshop","tructions . What this command does. cub installer is a released, open-source plugin for the cub CLI. cub installer setup pulls a catalog package and writes its Kubernetes files locally. It does not apply those files to a clust","https://confighub.github.io/helm-expt/site/try.html"
"reviewer","reviewer-159","conversion","Helm","S-X2","relate source release and live state","https://confighub.github.io/helm-expt/site/testing.html","success","0","20","yes","3","no","3","3","yes","yes","signup","https://confighub.github.io/helm-expt/site/testing.html","Worked Examples · Config Workshop","to sign in. What this command does. cub installer is a released, open-source plugin for the cub CLI. cub installer setup pulls a catalog package and writes its Kubernetes files locally. It does not apply those files to a clust","https://confighub.github.io/helm-expt/site/testing.html"
"reviewer","reviewer-160","conversion","Helm","S-X2","relate source release and live state","https://confighub.github.io/helm-expt/site/how-it-works.html","success","0","20","yes","3","no","3","3","yes","yes","signup","https://confighub.github.io/helm-expt/site/how-it-works.html","Choose How To Deploy It · Config Workshop","n-conflicting recorded changes remain. Review a conflict when the new source render and a ConfigHub revision change the same field. These OCI artifacts have different jobs. A Catalog installer OCI is input to cub installer. A","https://confighub.github.io/helm-expt/site/how-it-works.html"
"reviewer","reviewer-161","conversion","Helm","S-X2","relate source release and live state","https://confighub.github.io/helm-expt/site/docs.html","success","0","20","yes","3","no","3","3","yes","yes","signup","https://confighub.github.io/helm-expt/site/docs.html","Docs · Config Workshop","d setup is recorded, ordered, tested, or blocked. Should I change the source input or the rendered object? Use this guide to decide whether a change belongs in Helm values or in the stored Kubernetes objects. How do Argo CD an","https://confighub.github.io/helm-expt/site/docs.html"
"reviewer","reviewer-162","conversion","Helm","S-X2","relate source release and live state","https://confighub.github.io/helm-expt/site/confighub.html","success","0","20","yes","3","no","3","3","yes","yes","signup","https://confighub.github.io/helm-expt/site/confighub.html","Use ConfigHub · Config Workshop","ct Kubernetes configuration you approved. ConfigHub keeps it with its source, checks, and later changes. Use the Catalog or Check my config before you sign up. Continue here when your team needs the same answer tomorrow, in an","https://confighub.github.io/helm-expt/site/confighub.html"
"reviewer","reviewer-163","conversion","Helm","S-X3","audit an exact diff","https://confighub.github.io/helm-expt/site/index.html","success","1","40","no","3","yes","3","3","yes","yes","signup","https://confighub.github.io/helm-expt/site/ask.html#config-diff","Check my config · Config Workshop","will this install, and what must already exist? How is this candidate different from production? I set a value. Why did the rendered object not change? The chart does not expose the field I need. Must I fork it? Can I upgrad","https://confighub.github.io/helm-expt/site/index.html -> https://confighub.github.io/helm-expt/site/ask.html#config-diff"
"reviewer","reviewer-164","conversion","Helm","S-X3","audit an exact diff","https://confighub.github.io/helm-expt/site/guides.html","success","2","142","no","2","no","3","3","yes","yes","signup","https://confighub.github.io/helm-expt/site/ask.html","Check my config · Config Workshop","will this install, and what must already exist? How is this candidate different from production? I set a value. Why did the rendered object not change? The chart does not expose the field I need. Must I fork it? Can I upgrad","https://confighub.github.io/helm-expt/site/guides.html -> https://confighub.github.io/helm-expt/site/serverless.html -> https://confighub.github.io/helm-expt/site/ask.html"
"reviewer","reviewer-165","conversion","Helm","S-X3","audit an exact diff","https://confighub.github.io/helm-expt/site/ask.html","success","0","22","yes","3","no","3","3","yes","yes","signup","https://confighub.github.io/helm-expt/site/ask.html","Check my config · Config Workshop","will this install, and what must already exist? How is this candidate different from production? I set a value. Why did the rendered object not change? The chart does not expose the field I need. Must I fork it? Can I upgrad","https://confighub.github.io/helm-expt/site/ask.html"
"reviewer","reviewer-166","conversion","Helm","S-X3","audit an exact diff","https://confighub.github.io/helm-expt/site/charts/index.html","partial","3","78","no","3","no","3","3","no","no","bookmark","https://confighub.github.io/helm-expt/site/charts/index.html","Component Catalog · Config Workshop","this chart still needs chart-specific review. Parity: semantic object diff default: flatten-with-routes 0.34.0 : default , no-crds 2 packaged configurations nats/nats Databases and messaging 2.14.0 receipt default Available","https://confighub.github.io/helm-expt/site/charts/index.html -> https://confighub.github.io/helm-expt/site/charts/argo-cd-argo-workflows-1-0-14.html#matrix-options -> https://confighub.github.io/helm-expt/site/charts/argo-cd-argo-workflows-1-0-14.html#render-record-route -> https://confighub.github.io/helm-expt/site/sh/argo-cd-argo-workflows-1-0-14/controller-default-reviewed/try.sh"
"reviewer","reviewer-167","conversion","Helm","S-X3","audit an exact diff","https://confighub.github.io/helm-expt/site/try.html","success","3","74","no","1","yes","3","3","yes","yes","signup","https://confighub.github.io/helm-expt/site/ask.html","Check my config · Config Workshop","will this install, and what must already exist? How is this candidate different from production? I set a value. Why did the rendered object not change? The chart does not expose the field I need. Must I fork it? Can I upgrad","https://confighub.github.io/helm-expt/site/try.html -> https://confighub.github.io/helm-expt/site/how-it-works.html#now-deploy -> https://confighub.github.io/helm-expt/site/d/data/crd-ordering-gap/summary.html -> https://confighub.github.io/helm-expt/site/ask.html"
"reviewer","reviewer-168","conversion","Helm","S-X3","audit an exact diff","https://confighub.github.io/helm-expt/site/testing.html","success","0","20","yes","3","no","3","3","yes","yes","signup","https://confighub.github.io/helm-expt/site/testing.html","Worked Examples · Config Workshop","requires live lookup results or target-specific capabilities needs a different recorded render path. The worked NGINX review starts with AI-written values. It keeps the requested replica count and corrects six settings befo","https://confighub.github.io/helm-expt/site/testing.html"
"reviewer","reviewer-169","conversion","Helm","S-X3","audit an exact diff","https://confighub.github.io/helm-expt/site/how-it-works.html","success","2","62","no","3","no","3","3","yes","yes","signup","https://confighub.github.io/helm-expt/site/ask.html","Check my config · Config Workshop","will this install, and what must already exist? How is this candidate different from production? I set a value. Why did the rendered object not change? The chart does not expose the field I need. Must I fork it? Can I upgrad","https://confighub.github.io/helm-expt/site/how-it-works.html -> https://confighub.github.io/helm-expt/site/d/data/crd-ordering-gap/summary.html -> https://confighub.github.io/helm-expt/site/ask.html"
"reviewer","reviewer-170","conversion","Helm","S-X3","audit an exact diff","https://confighub.github.io/helm-expt/site/docs.html","success","1","125","no","3","yes","3","3","yes","yes","signup","https://confighub.github.io/helm-expt/site/hard-questions.html","FAQ · Config Workshop","hey produce. Why this exists · Creating variants How is cub installer different from cub helm? answered cub helm starts with any chart and values. It can render locally or record the rendered base and Helm source in ConfigHu","https://confighub.github.io/helm-expt/site/docs.html -> https://confighub.github.io/helm-expt/site/hard-questions.html"
"reviewer","reviewer-171","conversion","Helm","S-X3","audit an exact diff","https://confighub.github.io/helm-expt/site/confighub.html","success","0","21","yes","3","no","3","3","yes","yes","signup","https://confighub.github.io/helm-expt/site/confighub.html","Use ConfigHub · Config Workshop","another environment, or after the next change. ConfigHub shows exact diffs, promotes reviewed changes from development to production, and compares approved configuration with your clusters. Keep a reviewed result in ConfigH","https://confighub.github.io/helm-expt/site/confighub.html"
"reviewer","reviewer-172","conversion","Helm","S-X4","see why ConfigHub is more than a scanner","https://confighub.github.io/helm-expt/site/index.html","success","2","56","no","3","no","3","3","yes","yes","signup","https://confighub.github.io/helm-expt/site/confighub.html","Use ConfigHub · Config Workshop","Use ConfigHub · Config Workshop Config Workshop AN EXPERIMENTAL TEST SITE FOR CONFIG TOOLS Guides Catalog Check my config Promote my config Deployment Docs ConfigH","https://confighub.github.io/helm-expt/site/index.html -> https://confighub.github.io/helm-expt/site/promote.html -> https://confighub.github.io/helm-expt/site/confighub.html"
"reviewer","reviewer-173","conversion","Helm","S-X4","see why ConfigHub is more than a scanner","https://confighub.github.io/helm-expt/site/guides.html","success","2","61","no","3","no","3","3","yes","yes","signup","https://confighub.github.io/helm-expt/site/confighub.html","Use ConfigHub · Config Workshop","Use ConfigHub · Config Workshop Config Workshop AN EXPERIMENTAL TEST SITE FOR CONFIG TOOLS Guides Catalog Check my config Promote my config Deployment Docs ConfigH","https://confighub.github.io/helm-expt/site/guides.html -> https://confighub.github.io/helm-expt/site/promote.html -> https://confighub.github.io/helm-expt/site/confighub.html"
"reviewer","reviewer-174","conversion","Helm","S-X4","see why ConfigHub is more than a scanner","https://confighub.github.io/helm-expt/site/ask.html","success","0","20","yes","3","no","3","3","yes","yes","signup","https://confighub.github.io/helm-expt/site/ask.html","Check my config · Config Workshop","OOLS Guides Catalog Check my config Promote my config Deployment Docs ConfigHub Check your configuration &ldquo;Here is the chart and values my AI produced. Compare them with the chart defaults, the Catalog, and what I run now. T","https://confighub.github.io/helm-expt/site/ask.html"
"reviewer","reviewer-175","conversion","Helm","S-X4","see why ConfigHub is more than a scanner","https://confighub.github.io/helm-expt/site/charts/index.html","success","3","78","no","3","no","3","3","yes","yes","signup","https://confighub.github.io/helm-expt/site/confighub.html","Use ConfigHub · Config Workshop","Use ConfigHub · Config Workshop Config Workshop AN EXPERIMENTAL TEST SITE FOR CONFIG TOOLS Guides Catalog Check my config Promote my config Deployment Docs ConfigH","https://confighub.github.io/helm-expt/site/charts/index.html -> https://confighub.github.io/helm-expt/site/how-it-works.html#setting-sources -> https://confighub.github.io/helm-expt/site/promote.html -> https://confighub.github.io/helm-expt/site/confighub.html"
"reviewer","reviewer-176","conversion","Helm","S-X4","see why ConfigHub is more than a scanner","https://confighub.github.io/helm-expt/site/try.html","success","2","56","no","3","no","3","3","yes","yes","signup","https://confighub.github.io/helm-expt/site/confighub.html","Use ConfigHub · Config Workshop","Use ConfigHub · Config Workshop Config Workshop AN EXPERIMENTAL TEST SITE FOR CONFIG TOOLS Guides Catalog Check my config Promote my config Deployment Docs ConfigH","https://confighub.github.io/helm-expt/site/try.html -> https://confighub.github.io/helm-expt/site/promote.html -> https://confighub.github.io/helm-expt/site/confighub.html"
"reviewer","reviewer-177","conversion","Helm","S-X4","see why ConfigHub is more than a scanner","https://confighub.github.io/helm-expt/site/testing.html","success","0","19","yes","3","no","3","3","yes","yes","signup","https://confighub.github.io/helm-expt/site/testing.html","Worked Examples · Config Workshop","OOLS Guides Catalog Check my config Promote my config Deployment Docs ConfigHub Choose a worked example Runs on your laptop Choose the kind of configuration you have, then follow one worked example to exact Kubernetes objects and","https://confighub.github.io/helm-expt/site/testing.html"
"reviewer","reviewer-178","conversion","Helm","S-X4","see why ConfigHub is more than a scanner","https://confighub.github.io/helm-expt/site/how-it-works.html","success","2","53","no","3","no","3","3","yes","yes","signup","https://confighub.github.io/helm-expt/site/confighub.html","Use ConfigHub · Config Workshop","Use ConfigHub · Config Workshop Config Workshop AN EXPERIMENTAL TEST SITE FOR CONFIG TOOLS Guides Catalog Check my config Promote my config Deployment Docs ConfigH","https://confighub.github.io/helm-expt/site/how-it-works.html -> https://confighub.github.io/helm-expt/site/promote.html -> https://confighub.github.io/helm-expt/site/confighub.html"
"reviewer","reviewer-179","conversion","Helm","S-X4","see why ConfigHub is more than a scanner","https://confighub.github.io/helm-expt/site/docs.html","success","2","61","no","3","no","3","3","yes","yes","signup","https://confighub.github.io/helm-expt/site/confighub.html","Use ConfigHub · Config Workshop","Use ConfigHub · Config Workshop Config Workshop AN EXPERIMENTAL TEST SITE FOR CONFIG TOOLS Guides Catalog Check my config Promote my config Deployment Docs ConfigH","https://confighub.github.io/helm-expt/site/docs.html -> https://confighub.github.io/helm-expt/site/promote.html -> https://confighub.github.io/helm-expt/site/confighub.html"
"reviewer","reviewer-180","conversion","Helm","S-X4","see why ConfigHub is more than a scanner","https://confighub.github.io/helm-expt/site/confighub.html","success","0","18","yes","3","no","3","3","yes","yes","signup","https://confighub.github.io/helm-expt/site/confighub.html","Use ConfigHub · Config Workshop","Use ConfigHub · Config Workshop Config Workshop AN EXPERIMENTAL TEST SITE FOR CONFIG TOOLS Guides Catalog Check my config Promote my config Deployment Docs ConfigH","https://confighub.github.io/helm-expt/site/confighub.html"
