chart,feature,status,support_meaning,evidence
aqua/trivy-operator@0.32.1,post_deploy_hooks,-,not observed or not applicable in chart facts,data/chart-facts/chart-facts.csv;recipes/aqua/trivy-operator/0.32.1/helm-pain-report.yaml;recipes/aqua/trivy-operator/0.32.1/weirdness-and-mitigations.md
aqua/trivy-operator@0.32.1,other_hooks,-,not observed or not applicable in chart facts,data/chart-facts/chart-facts.csv;recipes/aqua/trivy-operator/0.32.1/helm-pain-report.yaml;recipes/aqua/trivy-operator/0.32.1/weirdness-and-mitigations.md
aqua/trivy-operator@0.32.1,hook_status,-,not observed or not applicable in chart facts,data/chart-facts/chart-facts.csv;recipes/aqua/trivy-operator/0.32.1/helm-pain-report.yaml;recipes/aqua/trivy-operator/0.32.1/weirdness-and-mitigations.md
aqua/trivy-operator@0.32.1,generates_secrets,-,not observed or not applicable in chart facts,data/chart-facts/chart-facts.csv;recipes/aqua/trivy-operator/0.32.1/helm-pain-report.yaml;recipes/aqua/trivy-operator/0.32.1/weirdness-and-mitigations.md
aqua/trivy-operator@0.32.1,existing_secret,buildable - not yet run,bring-your-own-secret route status,data/chart-facts/chart-facts.csv;recipes/aqua/trivy-operator/0.32.1/helm-pain-report.yaml;recipes/aqua/trivy-operator/0.32.1/weirdness-and-mitigations.md
aqua/trivy-operator@0.32.1,crds,present,tracked chart fact,data/chart-facts/chart-facts.csv;recipes/aqua/trivy-operator/0.32.1/helm-pain-report.yaml;recipes/aqua/trivy-operator/0.32.1/weirdness-and-mitigations.md
aqua/trivy-operator@0.32.1,no_crds_variant,built,CRD ownership route status,data/chart-facts/chart-facts.csv;recipes/aqua/trivy-operator/0.32.1/helm-pain-report.yaml;recipes/aqua/trivy-operator/0.32.1/weirdness-and-mitigations.md
aqua/trivy-operator@0.32.1,webhooks,-,not observed or not applicable in chart facts,data/chart-facts/chart-facts.csv;recipes/aqua/trivy-operator/0.32.1/helm-pain-report.yaml;recipes/aqua/trivy-operator/0.32.1/weirdness-and-mitigations.md
aqua/trivy-operator@0.32.1,required_values,-,not observed or not applicable in chart facts,data/chart-facts/chart-facts.csv;recipes/aqua/trivy-operator/0.32.1/helm-pain-report.yaml;recipes/aqua/trivy-operator/0.32.1/weirdness-and-mitigations.md
aqua/trivy-operator@0.32.1,values_schema,-,not observed or not applicable in chart facts,data/chart-facts/chart-facts.csv;recipes/aqua/trivy-operator/0.32.1/helm-pain-report.yaml;recipes/aqua/trivy-operator/0.32.1/weirdness-and-mitigations.md
aqua/trivy-operator@0.32.1,install_vs_upgrade,-,not observed or not applicable in chart facts,data/chart-facts/chart-facts.csv;recipes/aqua/trivy-operator/0.32.1/helm-pain-report.yaml;recipes/aqua/trivy-operator/0.32.1/weirdness-and-mitigations.md
aqua/trivy-operator@0.32.1,notes,-,not observed or not applicable in chart facts,data/chart-facts/chart-facts.csv;recipes/aqua/trivy-operator/0.32.1/helm-pain-report.yaml;recipes/aqua/trivy-operator/0.32.1/weirdness-and-mitigations.md
aqua/trivy-operator@0.32.1,extension_slots,yes - per-use review,open extension slots require per-use review,data/chart-facts/chart-facts.csv;recipes/aqua/trivy-operator/0.32.1/helm-pain-report.yaml;recipes/aqua/trivy-operator/0.32.1/weirdness-and-mitigations.md
aqua/trivy-operator@0.32.1,buildable_not_yet_run,existing-secret (buildable - not yet run),known build path exists but has not been promoted,data/chart-facts/chart-facts.csv;recipes/aqua/trivy-operator/0.32.1/helm-pain-report.yaml;recipes/aqua/trivy-operator/0.32.1/weirdness-and-mitigations.md
aqua/trivy-operator@0.32.1,not_yet_enabled,- (no open gap: recommended capabilities built or n/a; quirks modeled - Level 2),no hard capability gap recorded,data/chart-facts/chart-facts.csv;recipes/aqua/trivy-operator/0.32.1/helm-pain-report.yaml;recipes/aqua/trivy-operator/0.32.1/weirdness-and-mitigations.md
argo-cd/argo-cd@9.5.15,post_deploy_hooks,-,not observed or not applicable in chart facts,data/chart-facts/chart-facts.csv;recipes/argo-cd/argo-cd/9.5.15/helm-pain-report.yaml;recipes/argo-cd/argo-cd/9.5.15/weirdness-and-mitigations.md
argo-cd/argo-cd@9.5.15,other_hooks,-,not observed or not applicable in chart facts,data/chart-facts/chart-facts.csv;recipes/argo-cd/argo-cd/9.5.15/helm-pain-report.yaml;recipes/argo-cd/argo-cd/9.5.15/weirdness-and-mitigations.md
argo-cd/argo-cd@9.5.15,hook_status,-,not observed or not applicable in chart facts,data/chart-facts/chart-facts.csv;recipes/argo-cd/argo-cd/9.5.15/helm-pain-report.yaml;recipes/argo-cd/argo-cd/9.5.15/weirdness-and-mitigations.md
argo-cd/argo-cd@9.5.15,generates_secrets,-,not observed or not applicable in chart facts,data/chart-facts/chart-facts.csv;recipes/argo-cd/argo-cd/9.5.15/helm-pain-report.yaml;recipes/argo-cd/argo-cd/9.5.15/weirdness-and-mitigations.md
argo-cd/argo-cd@9.5.15,existing_secret,n/a,bring-your-own-secret route status,data/chart-facts/chart-facts.csv;recipes/argo-cd/argo-cd/9.5.15/helm-pain-report.yaml;recipes/argo-cd/argo-cd/9.5.15/weirdness-and-mitigations.md
argo-cd/argo-cd@9.5.15,crds,present,tracked chart fact,data/chart-facts/chart-facts.csv;recipes/argo-cd/argo-cd/9.5.15/helm-pain-report.yaml;recipes/argo-cd/argo-cd/9.5.15/weirdness-and-mitigations.md
argo-cd/argo-cd@9.5.15,no_crds_variant,built,CRD ownership route status,data/chart-facts/chart-facts.csv;recipes/argo-cd/argo-cd/9.5.15/helm-pain-report.yaml;recipes/argo-cd/argo-cd/9.5.15/weirdness-and-mitigations.md
argo-cd/argo-cd@9.5.15,webhooks,-,not observed or not applicable in chart facts,data/chart-facts/chart-facts.csv;recipes/argo-cd/argo-cd/9.5.15/helm-pain-report.yaml;recipes/argo-cd/argo-cd/9.5.15/weirdness-and-mitigations.md
argo-cd/argo-cd@9.5.15,required_values,-,not observed or not applicable in chart facts,data/chart-facts/chart-facts.csv;recipes/argo-cd/argo-cd/9.5.15/helm-pain-report.yaml;recipes/argo-cd/argo-cd/9.5.15/weirdness-and-mitigations.md
argo-cd/argo-cd@9.5.15,values_schema,-,not observed or not applicable in chart facts,data/chart-facts/chart-facts.csv;recipes/argo-cd/argo-cd/9.5.15/helm-pain-report.yaml;recipes/argo-cd/argo-cd/9.5.15/weirdness-and-mitigations.md
argo-cd/argo-cd@9.5.15,install_vs_upgrade,-,not observed or not applicable in chart facts,data/chart-facts/chart-facts.csv;recipes/argo-cd/argo-cd/9.5.15/helm-pain-report.yaml;recipes/argo-cd/argo-cd/9.5.15/weirdness-and-mitigations.md
argo-cd/argo-cd@9.5.15,notes,-,not observed or not applicable in chart facts,data/chart-facts/chart-facts.csv;recipes/argo-cd/argo-cd/9.5.15/helm-pain-report.yaml;recipes/argo-cd/argo-cd/9.5.15/weirdness-and-mitigations.md
argo-cd/argo-cd@9.5.15,extension_slots,yes - per-use review,open extension slots require per-use review,data/chart-facts/chart-facts.csv;recipes/argo-cd/argo-cd/9.5.15/helm-pain-report.yaml;recipes/argo-cd/argo-cd/9.5.15/weirdness-and-mitigations.md
argo-cd/argo-cd@9.5.15,buildable_not_yet_run,-,not observed or not applicable in chart facts,data/chart-facts/chart-facts.csv;recipes/argo-cd/argo-cd/9.5.15/helm-pain-report.yaml;recipes/argo-cd/argo-cd/9.5.15/weirdness-and-mitigations.md
argo-cd/argo-cd@9.5.15,not_yet_enabled,ha (curated proof lane - bespoke teaching needed),hard gap or curated proof lane remains,data/chart-facts/chart-facts.csv;recipes/argo-cd/argo-cd/9.5.15/helm-pain-report.yaml;recipes/argo-cd/argo-cd/9.5.15/weirdness-and-mitigations.md
argo-cd/argo-events@2.4.21,post_deploy_hooks,-,not observed or not applicable in chart facts,data/chart-facts/chart-facts.csv;recipes/argo-cd/argo-events/2.4.21/helm-pain-report.yaml;recipes/argo-cd/argo-events/2.4.21/weirdness-and-mitigations.md
argo-cd/argo-events@2.4.21,other_hooks,-,not observed or not applicable in chart facts,data/chart-facts/chart-facts.csv;recipes/argo-cd/argo-events/2.4.21/helm-pain-report.yaml;recipes/argo-cd/argo-events/2.4.21/weirdness-and-mitigations.md
argo-cd/argo-events@2.4.21,hook_status,-,not observed or not applicable in chart facts,data/chart-facts/chart-facts.csv;recipes/argo-cd/argo-events/2.4.21/helm-pain-report.yaml;recipes/argo-cd/argo-events/2.4.21/weirdness-and-mitigations.md
argo-cd/argo-events@2.4.21,generates_secrets,-,not observed or not applicable in chart facts,data/chart-facts/chart-facts.csv;recipes/argo-cd/argo-events/2.4.21/helm-pain-report.yaml;recipes/argo-cd/argo-events/2.4.21/weirdness-and-mitigations.md
argo-cd/argo-events@2.4.21,existing_secret,n/a,bring-your-own-secret route status,data/chart-facts/chart-facts.csv;recipes/argo-cd/argo-events/2.4.21/helm-pain-report.yaml;recipes/argo-cd/argo-events/2.4.21/weirdness-and-mitigations.md
argo-cd/argo-events@2.4.21,crds,present,tracked chart fact,data/chart-facts/chart-facts.csv;recipes/argo-cd/argo-events/2.4.21/helm-pain-report.yaml;recipes/argo-cd/argo-events/2.4.21/weirdness-and-mitigations.md
argo-cd/argo-events@2.4.21,no_crds_variant,built,CRD ownership route status,data/chart-facts/chart-facts.csv;recipes/argo-cd/argo-events/2.4.21/helm-pain-report.yaml;recipes/argo-cd/argo-events/2.4.21/weirdness-and-mitigations.md
argo-cd/argo-events@2.4.21,webhooks,-,not observed or not applicable in chart facts,data/chart-facts/chart-facts.csv;recipes/argo-cd/argo-events/2.4.21/helm-pain-report.yaml;recipes/argo-cd/argo-events/2.4.21/weirdness-and-mitigations.md
argo-cd/argo-events@2.4.21,required_values,-,not observed or not applicable in chart facts,data/chart-facts/chart-facts.csv;recipes/argo-cd/argo-events/2.4.21/helm-pain-report.yaml;recipes/argo-cd/argo-events/2.4.21/weirdness-and-mitigations.md
argo-cd/argo-events@2.4.21,values_schema,-,not observed or not applicable in chart facts,data/chart-facts/chart-facts.csv;recipes/argo-cd/argo-events/2.4.21/helm-pain-report.yaml;recipes/argo-cd/argo-events/2.4.21/weirdness-and-mitigations.md
argo-cd/argo-events@2.4.21,install_vs_upgrade,-,not observed or not applicable in chart facts,data/chart-facts/chart-facts.csv;recipes/argo-cd/argo-events/2.4.21/helm-pain-report.yaml;recipes/argo-cd/argo-events/2.4.21/weirdness-and-mitigations.md
argo-cd/argo-events@2.4.21,notes,-,not observed or not applicable in chart facts,data/chart-facts/chart-facts.csv;recipes/argo-cd/argo-events/2.4.21/helm-pain-report.yaml;recipes/argo-cd/argo-events/2.4.21/weirdness-and-mitigations.md
argo-cd/argo-events@2.4.21,extension_slots,yes - per-use review,open extension slots require per-use review,data/chart-facts/chart-facts.csv;recipes/argo-cd/argo-events/2.4.21/helm-pain-report.yaml;recipes/argo-cd/argo-events/2.4.21/weirdness-and-mitigations.md
argo-cd/argo-events@2.4.21,buildable_not_yet_run,-,not observed or not applicable in chart facts,data/chart-facts/chart-facts.csv;recipes/argo-cd/argo-events/2.4.21/helm-pain-report.yaml;recipes/argo-cd/argo-events/2.4.21/weirdness-and-mitigations.md
argo-cd/argo-events@2.4.21,not_yet_enabled,- (no open gap: recommended capabilities built or n/a; quirks modeled - Level 2),no hard capability gap recorded,data/chart-facts/chart-facts.csv;recipes/argo-cd/argo-events/2.4.21/helm-pain-report.yaml;recipes/argo-cd/argo-events/2.4.21/weirdness-and-mitigations.md
argo-cd/argo-rollouts@2.40.9,post_deploy_hooks,-,not observed or not applicable in chart facts,data/chart-facts/chart-facts.csv;recipes/argo-cd/argo-rollouts/2.40.9/helm-pain-report.yaml;recipes/argo-cd/argo-rollouts/2.40.9/weirdness-and-mitigations.md
argo-cd/argo-rollouts@2.40.9,other_hooks,-,not observed or not applicable in chart facts,data/chart-facts/chart-facts.csv;recipes/argo-cd/argo-rollouts/2.40.9/helm-pain-report.yaml;recipes/argo-cd/argo-rollouts/2.40.9/weirdness-and-mitigations.md
argo-cd/argo-rollouts@2.40.9,hook_status,-,not observed or not applicable in chart facts,data/chart-facts/chart-facts.csv;recipes/argo-cd/argo-rollouts/2.40.9/helm-pain-report.yaml;recipes/argo-cd/argo-rollouts/2.40.9/weirdness-and-mitigations.md
argo-cd/argo-rollouts@2.40.9,generates_secrets,-,not observed or not applicable in chart facts,data/chart-facts/chart-facts.csv;recipes/argo-cd/argo-rollouts/2.40.9/helm-pain-report.yaml;recipes/argo-cd/argo-rollouts/2.40.9/weirdness-and-mitigations.md
argo-cd/argo-rollouts@2.40.9,existing_secret,n/a,bring-your-own-secret route status,data/chart-facts/chart-facts.csv;recipes/argo-cd/argo-rollouts/2.40.9/helm-pain-report.yaml;recipes/argo-cd/argo-rollouts/2.40.9/weirdness-and-mitigations.md
argo-cd/argo-rollouts@2.40.9,crds,present,tracked chart fact,data/chart-facts/chart-facts.csv;recipes/argo-cd/argo-rollouts/2.40.9/helm-pain-report.yaml;recipes/argo-cd/argo-rollouts/2.40.9/weirdness-and-mitigations.md
argo-cd/argo-rollouts@2.40.9,no_crds_variant,built,CRD ownership route status,data/chart-facts/chart-facts.csv;recipes/argo-cd/argo-rollouts/2.40.9/helm-pain-report.yaml;recipes/argo-cd/argo-rollouts/2.40.9/weirdness-and-mitigations.md
argo-cd/argo-rollouts@2.40.9,webhooks,-,not observed or not applicable in chart facts,data/chart-facts/chart-facts.csv;recipes/argo-cd/argo-rollouts/2.40.9/helm-pain-report.yaml;recipes/argo-cd/argo-rollouts/2.40.9/weirdness-and-mitigations.md
argo-cd/argo-rollouts@2.40.9,required_values,-,not observed or not applicable in chart facts,data/chart-facts/chart-facts.csv;recipes/argo-cd/argo-rollouts/2.40.9/helm-pain-report.yaml;recipes/argo-cd/argo-rollouts/2.40.9/weirdness-and-mitigations.md
argo-cd/argo-rollouts@2.40.9,values_schema,-,not observed or not applicable in chart facts,data/chart-facts/chart-facts.csv;recipes/argo-cd/argo-rollouts/2.40.9/helm-pain-report.yaml;recipes/argo-cd/argo-rollouts/2.40.9/weirdness-and-mitigations.md
argo-cd/argo-rollouts@2.40.9,install_vs_upgrade,-,not observed or not applicable in chart facts,data/chart-facts/chart-facts.csv;recipes/argo-cd/argo-rollouts/2.40.9/helm-pain-report.yaml;recipes/argo-cd/argo-rollouts/2.40.9/weirdness-and-mitigations.md
argo-cd/argo-rollouts@2.40.9,notes,-,not observed or not applicable in chart facts,data/chart-facts/chart-facts.csv;recipes/argo-cd/argo-rollouts/2.40.9/helm-pain-report.yaml;recipes/argo-cd/argo-rollouts/2.40.9/weirdness-and-mitigations.md
argo-cd/argo-rollouts@2.40.9,extension_slots,yes - per-use review,open extension slots require per-use review,data/chart-facts/chart-facts.csv;recipes/argo-cd/argo-rollouts/2.40.9/helm-pain-report.yaml;recipes/argo-cd/argo-rollouts/2.40.9/weirdness-and-mitigations.md
argo-cd/argo-rollouts@2.40.9,buildable_not_yet_run,-,not observed or not applicable in chart facts,data/chart-facts/chart-facts.csv;recipes/argo-cd/argo-rollouts/2.40.9/helm-pain-report.yaml;recipes/argo-cd/argo-rollouts/2.40.9/weirdness-and-mitigations.md
argo-cd/argo-rollouts@2.40.9,not_yet_enabled,- (no open gap: recommended capabilities built or n/a; quirks modeled - Level 2),no hard capability gap recorded,data/chart-facts/chart-facts.csv;recipes/argo-cd/argo-rollouts/2.40.9/helm-pain-report.yaml;recipes/argo-cd/argo-rollouts/2.40.9/weirdness-and-mitigations.md
argo-cd/argo-workflows@1.0.14,post_deploy_hooks,-,not observed or not applicable in chart facts,data/chart-facts/chart-facts.csv;recipes/argo-cd/argo-workflows/1.0.14/helm-pain-report.yaml;recipes/argo-cd/argo-workflows/1.0.14/weirdness-and-mitigations.md
argo-cd/argo-workflows@1.0.14,other_hooks,-,not observed or not applicable in chart facts,data/chart-facts/chart-facts.csv;recipes/argo-cd/argo-workflows/1.0.14/helm-pain-report.yaml;recipes/argo-cd/argo-workflows/1.0.14/weirdness-and-mitigations.md
argo-cd/argo-workflows@1.0.14,hook_status,-,not observed or not applicable in chart facts,data/chart-facts/chart-facts.csv;recipes/argo-cd/argo-workflows/1.0.14/helm-pain-report.yaml;recipes/argo-cd/argo-workflows/1.0.14/weirdness-and-mitigations.md
argo-cd/argo-workflows@1.0.14,generates_secrets,-,not observed or not applicable in chart facts,data/chart-facts/chart-facts.csv;recipes/argo-cd/argo-workflows/1.0.14/helm-pain-report.yaml;recipes/argo-cd/argo-workflows/1.0.14/weirdness-and-mitigations.md
argo-cd/argo-workflows@1.0.14,existing_secret,n/a,bring-your-own-secret route status,data/chart-facts/chart-facts.csv;recipes/argo-cd/argo-workflows/1.0.14/helm-pain-report.yaml;recipes/argo-cd/argo-workflows/1.0.14/weirdness-and-mitigations.md
argo-cd/argo-workflows@1.0.14,crds,-,not observed or not applicable in chart facts,data/chart-facts/chart-facts.csv;recipes/argo-cd/argo-workflows/1.0.14/helm-pain-report.yaml;recipes/argo-cd/argo-workflows/1.0.14/weirdness-and-mitigations.md
argo-cd/argo-workflows@1.0.14,no_crds_variant,n/a (no CRDs),CRD ownership route status,data/chart-facts/chart-facts.csv;recipes/argo-cd/argo-workflows/1.0.14/helm-pain-report.yaml;recipes/argo-cd/argo-workflows/1.0.14/weirdness-and-mitigations.md
argo-cd/argo-workflows@1.0.14,webhooks,-,not observed or not applicable in chart facts,data/chart-facts/chart-facts.csv;recipes/argo-cd/argo-workflows/1.0.14/helm-pain-report.yaml;recipes/argo-cd/argo-workflows/1.0.14/weirdness-and-mitigations.md
argo-cd/argo-workflows@1.0.14,required_values,-,not observed or not applicable in chart facts,data/chart-facts/chart-facts.csv;recipes/argo-cd/argo-workflows/1.0.14/helm-pain-report.yaml;recipes/argo-cd/argo-workflows/1.0.14/weirdness-and-mitigations.md
argo-cd/argo-workflows@1.0.14,values_schema,-,not observed or not applicable in chart facts,data/chart-facts/chart-facts.csv;recipes/argo-cd/argo-workflows/1.0.14/helm-pain-report.yaml;recipes/argo-cd/argo-workflows/1.0.14/weirdness-and-mitigations.md
argo-cd/argo-workflows@1.0.14,install_vs_upgrade,-,not observed or not applicable in chart facts,data/chart-facts/chart-facts.csv;recipes/argo-cd/argo-workflows/1.0.14/helm-pain-report.yaml;recipes/argo-cd/argo-workflows/1.0.14/weirdness-and-mitigations.md
argo-cd/argo-workflows@1.0.14,notes,-,not observed or not applicable in chart facts,data/chart-facts/chart-facts.csv;recipes/argo-cd/argo-workflows/1.0.14/helm-pain-report.yaml;recipes/argo-cd/argo-workflows/1.0.14/weirdness-and-mitigations.md
argo-cd/argo-workflows@1.0.14,extension_slots,yes - per-use review,open extension slots require per-use review,data/chart-facts/chart-facts.csv;recipes/argo-cd/argo-workflows/1.0.14/helm-pain-report.yaml;recipes/argo-cd/argo-workflows/1.0.14/weirdness-and-mitigations.md
argo-cd/argo-workflows@1.0.14,buildable_not_yet_run,-,not observed or not applicable in chart facts,data/chart-facts/chart-facts.csv;recipes/argo-cd/argo-workflows/1.0.14/helm-pain-report.yaml;recipes/argo-cd/argo-workflows/1.0.14/weirdness-and-mitigations.md
argo-cd/argo-workflows@1.0.14,not_yet_enabled,- (no open gap: recommended capabilities built or n/a; quirks modeled - Level 2),no hard capability gap recorded,data/chart-facts/chart-facts.csv;recipes/argo-cd/argo-workflows/1.0.14/helm-pain-report.yaml;recipes/argo-cd/argo-workflows/1.0.14/weirdness-and-mitigations.md
argo-cd/argocd-image-updater@1.2.2,post_deploy_hooks,-,not observed or not applicable in chart facts,data/chart-facts/chart-facts.csv;recipes/argo-cd/argocd-image-updater/1.2.2/helm-pain-report.yaml;recipes/argo-cd/argocd-image-updater/1.2.2/weirdness-and-mitigations.md
argo-cd/argocd-image-updater@1.2.2,other_hooks,-,not observed or not applicable in chart facts,data/chart-facts/chart-facts.csv;recipes/argo-cd/argocd-image-updater/1.2.2/helm-pain-report.yaml;recipes/argo-cd/argocd-image-updater/1.2.2/weirdness-and-mitigations.md
argo-cd/argocd-image-updater@1.2.2,hook_status,-,not observed or not applicable in chart facts,data/chart-facts/chart-facts.csv;recipes/argo-cd/argocd-image-updater/1.2.2/helm-pain-report.yaml;recipes/argo-cd/argocd-image-updater/1.2.2/weirdness-and-mitigations.md
argo-cd/argocd-image-updater@1.2.2,generates_secrets,-,not observed or not applicable in chart facts,data/chart-facts/chart-facts.csv;recipes/argo-cd/argocd-image-updater/1.2.2/helm-pain-report.yaml;recipes/argo-cd/argocd-image-updater/1.2.2/weirdness-and-mitigations.md
argo-cd/argocd-image-updater@1.2.2,existing_secret,buildable - not yet run,bring-your-own-secret route status,data/chart-facts/chart-facts.csv;recipes/argo-cd/argocd-image-updater/1.2.2/helm-pain-report.yaml;recipes/argo-cd/argocd-image-updater/1.2.2/weirdness-and-mitigations.md
argo-cd/argocd-image-updater@1.2.2,crds,present,tracked chart fact,data/chart-facts/chart-facts.csv;recipes/argo-cd/argocd-image-updater/1.2.2/helm-pain-report.yaml;recipes/argo-cd/argocd-image-updater/1.2.2/weirdness-and-mitigations.md
argo-cd/argocd-image-updater@1.2.2,no_crds_variant,"NOT built - template-baked CRDs, no toggle (#114)",CRD ownership route status,data/chart-facts/chart-facts.csv;recipes/argo-cd/argocd-image-updater/1.2.2/helm-pain-report.yaml;recipes/argo-cd/argocd-image-updater/1.2.2/weirdness-and-mitigations.md
argo-cd/argocd-image-updater@1.2.2,webhooks,-,not observed or not applicable in chart facts,data/chart-facts/chart-facts.csv;recipes/argo-cd/argocd-image-updater/1.2.2/helm-pain-report.yaml;recipes/argo-cd/argocd-image-updater/1.2.2/weirdness-and-mitigations.md
argo-cd/argocd-image-updater@1.2.2,required_values,-,not observed or not applicable in chart facts,data/chart-facts/chart-facts.csv;recipes/argo-cd/argocd-image-updater/1.2.2/helm-pain-report.yaml;recipes/argo-cd/argocd-image-updater/1.2.2/weirdness-and-mitigations.md
argo-cd/argocd-image-updater@1.2.2,values_schema,-,not observed or not applicable in chart facts,data/chart-facts/chart-facts.csv;recipes/argo-cd/argocd-image-updater/1.2.2/helm-pain-report.yaml;recipes/argo-cd/argocd-image-updater/1.2.2/weirdness-and-mitigations.md
argo-cd/argocd-image-updater@1.2.2,install_vs_upgrade,-,not observed or not applicable in chart facts,data/chart-facts/chart-facts.csv;recipes/argo-cd/argocd-image-updater/1.2.2/helm-pain-report.yaml;recipes/argo-cd/argocd-image-updater/1.2.2/weirdness-and-mitigations.md
argo-cd/argocd-image-updater@1.2.2,notes,-,not observed or not applicable in chart facts,data/chart-facts/chart-facts.csv;recipes/argo-cd/argocd-image-updater/1.2.2/helm-pain-report.yaml;recipes/argo-cd/argocd-image-updater/1.2.2/weirdness-and-mitigations.md
argo-cd/argocd-image-updater@1.2.2,extension_slots,yes - per-use review,open extension slots require per-use review,data/chart-facts/chart-facts.csv;recipes/argo-cd/argocd-image-updater/1.2.2/helm-pain-report.yaml;recipes/argo-cd/argocd-image-updater/1.2.2/weirdness-and-mitigations.md
argo-cd/argocd-image-updater@1.2.2,buildable_not_yet_run,existing-secret (buildable - not yet run),known build path exists but has not been promoted,data/chart-facts/chart-facts.csv;recipes/argo-cd/argocd-image-updater/1.2.2/helm-pain-report.yaml;recipes/argo-cd/argocd-image-updater/1.2.2/weirdness-and-mitigations.md
argo-cd/argocd-image-updater@1.2.2,not_yet_enabled,"no-crds (template-baked CRDs, no toggle - #114)",hard gap or curated proof lane remains,data/chart-facts/chart-facts.csv;recipes/argo-cd/argocd-image-updater/1.2.2/helm-pain-report.yaml;recipes/argo-cd/argocd-image-updater/1.2.2/weirdness-and-mitigations.md
autoscaler/cluster-autoscaler@9.57.0,post_deploy_hooks,-,not observed or not applicable in chart facts,data/chart-facts/chart-facts.csv;recipes/autoscaler/cluster-autoscaler/9.57.0/helm-pain-report.yaml;recipes/autoscaler/cluster-autoscaler/9.57.0/weirdness-and-mitigations.md
autoscaler/cluster-autoscaler@9.57.0,other_hooks,-,not observed or not applicable in chart facts,data/chart-facts/chart-facts.csv;recipes/autoscaler/cluster-autoscaler/9.57.0/helm-pain-report.yaml;recipes/autoscaler/cluster-autoscaler/9.57.0/weirdness-and-mitigations.md
autoscaler/cluster-autoscaler@9.57.0,hook_status,-,not observed or not applicable in chart facts,data/chart-facts/chart-facts.csv;recipes/autoscaler/cluster-autoscaler/9.57.0/helm-pain-report.yaml;recipes/autoscaler/cluster-autoscaler/9.57.0/weirdness-and-mitigations.md
autoscaler/cluster-autoscaler@9.57.0,generates_secrets,-,not observed or not applicable in chart facts,data/chart-facts/chart-facts.csv;recipes/autoscaler/cluster-autoscaler/9.57.0/helm-pain-report.yaml;recipes/autoscaler/cluster-autoscaler/9.57.0/weirdness-and-mitigations.md
autoscaler/cluster-autoscaler@9.57.0,existing_secret,n/a,bring-your-own-secret route status,data/chart-facts/chart-facts.csv;recipes/autoscaler/cluster-autoscaler/9.57.0/helm-pain-report.yaml;recipes/autoscaler/cluster-autoscaler/9.57.0/weirdness-and-mitigations.md
autoscaler/cluster-autoscaler@9.57.0,crds,-,not observed or not applicable in chart facts,data/chart-facts/chart-facts.csv;recipes/autoscaler/cluster-autoscaler/9.57.0/helm-pain-report.yaml;recipes/autoscaler/cluster-autoscaler/9.57.0/weirdness-and-mitigations.md
autoscaler/cluster-autoscaler@9.57.0,no_crds_variant,n/a (no CRDs),CRD ownership route status,data/chart-facts/chart-facts.csv;recipes/autoscaler/cluster-autoscaler/9.57.0/helm-pain-report.yaml;recipes/autoscaler/cluster-autoscaler/9.57.0/weirdness-and-mitigations.md
autoscaler/cluster-autoscaler@9.57.0,webhooks,-,not observed or not applicable in chart facts,data/chart-facts/chart-facts.csv;recipes/autoscaler/cluster-autoscaler/9.57.0/helm-pain-report.yaml;recipes/autoscaler/cluster-autoscaler/9.57.0/weirdness-and-mitigations.md
autoscaler/cluster-autoscaler@9.57.0,required_values,-,not observed or not applicable in chart facts,data/chart-facts/chart-facts.csv;recipes/autoscaler/cluster-autoscaler/9.57.0/helm-pain-report.yaml;recipes/autoscaler/cluster-autoscaler/9.57.0/weirdness-and-mitigations.md
autoscaler/cluster-autoscaler@9.57.0,values_schema,-,not observed or not applicable in chart facts,data/chart-facts/chart-facts.csv;recipes/autoscaler/cluster-autoscaler/9.57.0/helm-pain-report.yaml;recipes/autoscaler/cluster-autoscaler/9.57.0/weirdness-and-mitigations.md
autoscaler/cluster-autoscaler@9.57.0,install_vs_upgrade,-,not observed or not applicable in chart facts,data/chart-facts/chart-facts.csv;recipes/autoscaler/cluster-autoscaler/9.57.0/helm-pain-report.yaml;recipes/autoscaler/cluster-autoscaler/9.57.0/weirdness-and-mitigations.md
autoscaler/cluster-autoscaler@9.57.0,notes,-,not observed or not applicable in chart facts,data/chart-facts/chart-facts.csv;recipes/autoscaler/cluster-autoscaler/9.57.0/helm-pain-report.yaml;recipes/autoscaler/cluster-autoscaler/9.57.0/weirdness-and-mitigations.md
autoscaler/cluster-autoscaler@9.57.0,extension_slots,yes - per-use review,open extension slots require per-use review,data/chart-facts/chart-facts.csv;recipes/autoscaler/cluster-autoscaler/9.57.0/helm-pain-report.yaml;recipes/autoscaler/cluster-autoscaler/9.57.0/weirdness-and-mitigations.md
autoscaler/cluster-autoscaler@9.57.0,buildable_not_yet_run,-,not observed or not applicable in chart facts,data/chart-facts/chart-facts.csv;recipes/autoscaler/cluster-autoscaler/9.57.0/helm-pain-report.yaml;recipes/autoscaler/cluster-autoscaler/9.57.0/weirdness-and-mitigations.md
autoscaler/cluster-autoscaler@9.57.0,not_yet_enabled,- (no open gap: recommended capabilities built or n/a; quirks modeled - Level 2),no hard capability gap recorded,data/chart-facts/chart-facts.csv;recipes/autoscaler/cluster-autoscaler/9.57.0/helm-pain-report.yaml;recipes/autoscaler/cluster-autoscaler/9.57.0/weirdness-and-mitigations.md
autoscaler/vertical-pod-autoscaler@0.9.0,post_deploy_hooks,-,not observed or not applicable in chart facts,data/chart-facts/chart-facts.csv;recipes/autoscaler/vertical-pod-autoscaler/0.9.0/helm-pain-report.yaml;recipes/autoscaler/vertical-pod-autoscaler/0.9.0/weirdness-and-mitigations.md
autoscaler/vertical-pod-autoscaler@0.9.0,other_hooks,-,not observed or not applicable in chart facts,data/chart-facts/chart-facts.csv;recipes/autoscaler/vertical-pod-autoscaler/0.9.0/helm-pain-report.yaml;recipes/autoscaler/vertical-pod-autoscaler/0.9.0/weirdness-and-mitigations.md
autoscaler/vertical-pod-autoscaler@0.9.0,hook_status,-,not observed or not applicable in chart facts,data/chart-facts/chart-facts.csv;recipes/autoscaler/vertical-pod-autoscaler/0.9.0/helm-pain-report.yaml;recipes/autoscaler/vertical-pod-autoscaler/0.9.0/weirdness-and-mitigations.md
autoscaler/vertical-pod-autoscaler@0.9.0,generates_secrets,-,not observed or not applicable in chart facts,data/chart-facts/chart-facts.csv;recipes/autoscaler/vertical-pod-autoscaler/0.9.0/helm-pain-report.yaml;recipes/autoscaler/vertical-pod-autoscaler/0.9.0/weirdness-and-mitigations.md
autoscaler/vertical-pod-autoscaler@0.9.0,existing_secret,buildable - not yet run,bring-your-own-secret route status,data/chart-facts/chart-facts.csv;recipes/autoscaler/vertical-pod-autoscaler/0.9.0/helm-pain-report.yaml;recipes/autoscaler/vertical-pod-autoscaler/0.9.0/weirdness-and-mitigations.md
autoscaler/vertical-pod-autoscaler@0.9.0,crds,present,tracked chart fact,data/chart-facts/chart-facts.csv;recipes/autoscaler/vertical-pod-autoscaler/0.9.0/helm-pain-report.yaml;recipes/autoscaler/vertical-pod-autoscaler/0.9.0/weirdness-and-mitigations.md
autoscaler/vertical-pod-autoscaler@0.9.0,no_crds_variant,built,CRD ownership route status,data/chart-facts/chart-facts.csv;recipes/autoscaler/vertical-pod-autoscaler/0.9.0/helm-pain-report.yaml;recipes/autoscaler/vertical-pod-autoscaler/0.9.0/weirdness-and-mitigations.md
autoscaler/vertical-pod-autoscaler@0.9.0,webhooks,-,not observed or not applicable in chart facts,data/chart-facts/chart-facts.csv;recipes/autoscaler/vertical-pod-autoscaler/0.9.0/helm-pain-report.yaml;recipes/autoscaler/vertical-pod-autoscaler/0.9.0/weirdness-and-mitigations.md
autoscaler/vertical-pod-autoscaler@0.9.0,required_values,-,not observed or not applicable in chart facts,data/chart-facts/chart-facts.csv;recipes/autoscaler/vertical-pod-autoscaler/0.9.0/helm-pain-report.yaml;recipes/autoscaler/vertical-pod-autoscaler/0.9.0/weirdness-and-mitigations.md
autoscaler/vertical-pod-autoscaler@0.9.0,values_schema,-,not observed or not applicable in chart facts,data/chart-facts/chart-facts.csv;recipes/autoscaler/vertical-pod-autoscaler/0.9.0/helm-pain-report.yaml;recipes/autoscaler/vertical-pod-autoscaler/0.9.0/weirdness-and-mitigations.md
autoscaler/vertical-pod-autoscaler@0.9.0,install_vs_upgrade,-,not observed or not applicable in chart facts,data/chart-facts/chart-facts.csv;recipes/autoscaler/vertical-pod-autoscaler/0.9.0/helm-pain-report.yaml;recipes/autoscaler/vertical-pod-autoscaler/0.9.0/weirdness-and-mitigations.md
autoscaler/vertical-pod-autoscaler@0.9.0,notes,-,not observed or not applicable in chart facts,data/chart-facts/chart-facts.csv;recipes/autoscaler/vertical-pod-autoscaler/0.9.0/helm-pain-report.yaml;recipes/autoscaler/vertical-pod-autoscaler/0.9.0/weirdness-and-mitigations.md
autoscaler/vertical-pod-autoscaler@0.9.0,extension_slots,yes - per-use review,open extension slots require per-use review,data/chart-facts/chart-facts.csv;recipes/autoscaler/vertical-pod-autoscaler/0.9.0/helm-pain-report.yaml;recipes/autoscaler/vertical-pod-autoscaler/0.9.0/weirdness-and-mitigations.md
autoscaler/vertical-pod-autoscaler@0.9.0,buildable_not_yet_run,existing-secret (buildable - not yet run),known build path exists but has not been promoted,data/chart-facts/chart-facts.csv;recipes/autoscaler/vertical-pod-autoscaler/0.9.0/helm-pain-report.yaml;recipes/autoscaler/vertical-pod-autoscaler/0.9.0/weirdness-and-mitigations.md
autoscaler/vertical-pod-autoscaler@0.9.0,not_yet_enabled,- (no open gap: recommended capabilities built or n/a; quirks modeled - Level 2),no hard capability gap recorded,data/chart-facts/chart-facts.csv;recipes/autoscaler/vertical-pod-autoscaler/0.9.0/helm-pain-report.yaml;recipes/autoscaler/vertical-pod-autoscaler/0.9.0/weirdness-and-mitigations.md
aws-ebs-csi-driver/aws-ebs-csi-driver@2.60.1,post_deploy_hooks,-,not observed or not applicable in chart facts,data/chart-facts/chart-facts.csv;recipes/aws-ebs-csi-driver/aws-ebs-csi-driver/2.60.1/helm-pain-report.yaml;recipes/aws-ebs-csi-driver/aws-ebs-csi-driver/2.60.1/weirdness-and-mitigations.md
aws-ebs-csi-driver/aws-ebs-csi-driver@2.60.1,other_hooks,-,not observed or not applicable in chart facts,data/chart-facts/chart-facts.csv;recipes/aws-ebs-csi-driver/aws-ebs-csi-driver/2.60.1/helm-pain-report.yaml;recipes/aws-ebs-csi-driver/aws-ebs-csi-driver/2.60.1/weirdness-and-mitigations.md
aws-ebs-csi-driver/aws-ebs-csi-driver@2.60.1,hook_status,-,not observed or not applicable in chart facts,data/chart-facts/chart-facts.csv;recipes/aws-ebs-csi-driver/aws-ebs-csi-driver/2.60.1/helm-pain-report.yaml;recipes/aws-ebs-csi-driver/aws-ebs-csi-driver/2.60.1/weirdness-and-mitigations.md
aws-ebs-csi-driver/aws-ebs-csi-driver@2.60.1,generates_secrets,-,not observed or not applicable in chart facts,data/chart-facts/chart-facts.csv;recipes/aws-ebs-csi-driver/aws-ebs-csi-driver/2.60.1/helm-pain-report.yaml;recipes/aws-ebs-csi-driver/aws-ebs-csi-driver/2.60.1/weirdness-and-mitigations.md
aws-ebs-csi-driver/aws-ebs-csi-driver@2.60.1,existing_secret,n/a,bring-your-own-secret route status,data/chart-facts/chart-facts.csv;recipes/aws-ebs-csi-driver/aws-ebs-csi-driver/2.60.1/helm-pain-report.yaml;recipes/aws-ebs-csi-driver/aws-ebs-csi-driver/2.60.1/weirdness-and-mitigations.md
aws-ebs-csi-driver/aws-ebs-csi-driver@2.60.1,crds,-,not observed or not applicable in chart facts,data/chart-facts/chart-facts.csv;recipes/aws-ebs-csi-driver/aws-ebs-csi-driver/2.60.1/helm-pain-report.yaml;recipes/aws-ebs-csi-driver/aws-ebs-csi-driver/2.60.1/weirdness-and-mitigations.md
aws-ebs-csi-driver/aws-ebs-csi-driver@2.60.1,no_crds_variant,n/a (no CRDs),CRD ownership route status,data/chart-facts/chart-facts.csv;recipes/aws-ebs-csi-driver/aws-ebs-csi-driver/2.60.1/helm-pain-report.yaml;recipes/aws-ebs-csi-driver/aws-ebs-csi-driver/2.60.1/weirdness-and-mitigations.md
aws-ebs-csi-driver/aws-ebs-csi-driver@2.60.1,webhooks,-,not observed or not applicable in chart facts,data/chart-facts/chart-facts.csv;recipes/aws-ebs-csi-driver/aws-ebs-csi-driver/2.60.1/helm-pain-report.yaml;recipes/aws-ebs-csi-driver/aws-ebs-csi-driver/2.60.1/weirdness-and-mitigations.md
aws-ebs-csi-driver/aws-ebs-csi-driver@2.60.1,required_values,yes - mandatory inputs (required/fail),tracked chart fact,data/chart-facts/chart-facts.csv;recipes/aws-ebs-csi-driver/aws-ebs-csi-driver/2.60.1/helm-pain-report.yaml;recipes/aws-ebs-csi-driver/aws-ebs-csi-driver/2.60.1/weirdness-and-mitigations.md
aws-ebs-csi-driver/aws-ebs-csi-driver@2.60.1,values_schema,yes - values.schema.json,tracked chart fact,data/chart-facts/chart-facts.csv;recipes/aws-ebs-csi-driver/aws-ebs-csi-driver/2.60.1/helm-pain-report.yaml;recipes/aws-ebs-csi-driver/aws-ebs-csi-driver/2.60.1/weirdness-and-mitigations.md
aws-ebs-csi-driver/aws-ebs-csi-driver@2.60.1,install_vs_upgrade,-,not observed or not applicable in chart facts,data/chart-facts/chart-facts.csv;recipes/aws-ebs-csi-driver/aws-ebs-csi-driver/2.60.1/helm-pain-report.yaml;recipes/aws-ebs-csi-driver/aws-ebs-csi-driver/2.60.1/weirdness-and-mitigations.md
aws-ebs-csi-driver/aws-ebs-csi-driver@2.60.1,notes,yes - NOTES.txt,tracked chart fact,data/chart-facts/chart-facts.csv;recipes/aws-ebs-csi-driver/aws-ebs-csi-driver/2.60.1/helm-pain-report.yaml;recipes/aws-ebs-csi-driver/aws-ebs-csi-driver/2.60.1/weirdness-and-mitigations.md
aws-ebs-csi-driver/aws-ebs-csi-driver@2.60.1,extension_slots,yes - per-use review,open extension slots require per-use review,data/chart-facts/chart-facts.csv;recipes/aws-ebs-csi-driver/aws-ebs-csi-driver/2.60.1/helm-pain-report.yaml;recipes/aws-ebs-csi-driver/aws-ebs-csi-driver/2.60.1/weirdness-and-mitigations.md
aws-ebs-csi-driver/aws-ebs-csi-driver@2.60.1,buildable_not_yet_run,-,not observed or not applicable in chart facts,data/chart-facts/chart-facts.csv;recipes/aws-ebs-csi-driver/aws-ebs-csi-driver/2.60.1/helm-pain-report.yaml;recipes/aws-ebs-csi-driver/aws-ebs-csi-driver/2.60.1/weirdness-and-mitigations.md
aws-ebs-csi-driver/aws-ebs-csi-driver@2.60.1,not_yet_enabled,- (no open gap: recommended capabilities built or n/a; quirks modeled - Level 2),no hard capability gap recorded,data/chart-facts/chart-facts.csv;recipes/aws-ebs-csi-driver/aws-ebs-csi-driver/2.60.1/helm-pain-report.yaml;recipes/aws-ebs-csi-driver/aws-ebs-csi-driver/2.60.1/weirdness-and-mitigations.md
bitnami/apache@11.4.29,post_deploy_hooks,-,not observed or not applicable in chart facts,data/chart-facts/chart-facts.csv;recipes/bitnami/apache/11.4.29/helm-pain-report.yaml;recipes/bitnami/apache/11.4.29/weirdness-and-mitigations.md
bitnami/apache@11.4.29,other_hooks,-,not observed or not applicable in chart facts,data/chart-facts/chart-facts.csv;recipes/bitnami/apache/11.4.29/helm-pain-report.yaml;recipes/bitnami/apache/11.4.29/weirdness-and-mitigations.md
bitnami/apache@11.4.29,hook_status,-,not observed or not applicable in chart facts,data/chart-facts/chart-facts.csv;recipes/bitnami/apache/11.4.29/helm-pain-report.yaml;recipes/bitnami/apache/11.4.29/weirdness-and-mitigations.md
bitnami/apache@11.4.29,generates_secrets,yes,tracked chart fact,data/chart-facts/chart-facts.csv;recipes/bitnami/apache/11.4.29/helm-pain-report.yaml;recipes/bitnami/apache/11.4.29/weirdness-and-mitigations.md
bitnami/apache@11.4.29,existing_secret,NOT built - chart ships no Secret toggle (#113),bring-your-own-secret route status,data/chart-facts/chart-facts.csv;recipes/bitnami/apache/11.4.29/helm-pain-report.yaml;recipes/bitnami/apache/11.4.29/weirdness-and-mitigations.md
bitnami/apache@11.4.29,crds,-,not observed or not applicable in chart facts,data/chart-facts/chart-facts.csv;recipes/bitnami/apache/11.4.29/helm-pain-report.yaml;recipes/bitnami/apache/11.4.29/weirdness-and-mitigations.md
bitnami/apache@11.4.29,no_crds_variant,n/a (no CRDs),CRD ownership route status,data/chart-facts/chart-facts.csv;recipes/bitnami/apache/11.4.29/helm-pain-report.yaml;recipes/bitnami/apache/11.4.29/weirdness-and-mitigations.md
bitnami/apache@11.4.29,webhooks,-,not observed or not applicable in chart facts,data/chart-facts/chart-facts.csv;recipes/bitnami/apache/11.4.29/helm-pain-report.yaml;recipes/bitnami/apache/11.4.29/weirdness-and-mitigations.md
bitnami/apache@11.4.29,required_values,-,not observed or not applicable in chart facts,data/chart-facts/chart-facts.csv;recipes/bitnami/apache/11.4.29/helm-pain-report.yaml;recipes/bitnami/apache/11.4.29/weirdness-and-mitigations.md
bitnami/apache@11.4.29,values_schema,yes - values.schema.json,tracked chart fact,data/chart-facts/chart-facts.csv;recipes/bitnami/apache/11.4.29/helm-pain-report.yaml;recipes/bitnami/apache/11.4.29/weirdness-and-mitigations.md
bitnami/apache@11.4.29,install_vs_upgrade,yes - renders differ install vs upgrade,tracked chart fact,data/chart-facts/chart-facts.csv;recipes/bitnami/apache/11.4.29/helm-pain-report.yaml;recipes/bitnami/apache/11.4.29/weirdness-and-mitigations.md
bitnami/apache@11.4.29,notes,yes - NOTES.txt,tracked chart fact,data/chart-facts/chart-facts.csv;recipes/bitnami/apache/11.4.29/helm-pain-report.yaml;recipes/bitnami/apache/11.4.29/weirdness-and-mitigations.md
bitnami/apache@11.4.29,extension_slots,yes - per-use review,open extension slots require per-use review,data/chart-facts/chart-facts.csv;recipes/bitnami/apache/11.4.29/helm-pain-report.yaml;recipes/bitnami/apache/11.4.29/weirdness-and-mitigations.md
bitnami/apache@11.4.29,buildable_not_yet_run,-,not observed or not applicable in chart facts,data/chart-facts/chart-facts.csv;recipes/bitnami/apache/11.4.29/helm-pain-report.yaml;recipes/bitnami/apache/11.4.29/weirdness-and-mitigations.md
bitnami/apache@11.4.29,not_yet_enabled,existing-secret (chart ships no Secret toggle - #113),hard gap or curated proof lane remains,data/chart-facts/chart-facts.csv;recipes/bitnami/apache/11.4.29/helm-pain-report.yaml;recipes/bitnami/apache/11.4.29/weirdness-and-mitigations.md
bitnami/contour@21.1.4,post_deploy_hooks,-,not observed or not applicable in chart facts,data/chart-facts/chart-facts.csv;recipes/bitnami/contour/21.1.4/helm-pain-report.yaml;recipes/bitnami/contour/21.1.4/weirdness-and-mitigations.md
bitnami/contour@21.1.4,other_hooks,-,not observed or not applicable in chart facts,data/chart-facts/chart-facts.csv;recipes/bitnami/contour/21.1.4/helm-pain-report.yaml;recipes/bitnami/contour/21.1.4/weirdness-and-mitigations.md
bitnami/contour@21.1.4,hook_status,-,not observed or not applicable in chart facts,data/chart-facts/chart-facts.csv;recipes/bitnami/contour/21.1.4/helm-pain-report.yaml;recipes/bitnami/contour/21.1.4/weirdness-and-mitigations.md
bitnami/contour@21.1.4,generates_secrets,yes,tracked chart fact,data/chart-facts/chart-facts.csv;recipes/bitnami/contour/21.1.4/helm-pain-report.yaml;recipes/bitnami/contour/21.1.4/weirdness-and-mitigations.md
bitnami/contour@21.1.4,existing_secret,NOT built - chart ships no Secret toggle (#113),bring-your-own-secret route status,data/chart-facts/chart-facts.csv;recipes/bitnami/contour/21.1.4/helm-pain-report.yaml;recipes/bitnami/contour/21.1.4/weirdness-and-mitigations.md
bitnami/contour@21.1.4,crds,present,CRDs are present; count 2; raw count is in chart-facts.csv,data/chart-facts/chart-facts.csv;recipes/bitnami/contour/21.1.4/helm-pain-report.yaml;recipes/bitnami/contour/21.1.4/weirdness-and-mitigations.md
bitnami/contour@21.1.4,no_crds_variant,built,CRD ownership route status,data/chart-facts/chart-facts.csv;recipes/bitnami/contour/21.1.4/helm-pain-report.yaml;recipes/bitnami/contour/21.1.4/weirdness-and-mitigations.md
bitnami/contour@21.1.4,webhooks,-,not observed or not applicable in chart facts,data/chart-facts/chart-facts.csv;recipes/bitnami/contour/21.1.4/helm-pain-report.yaml;recipes/bitnami/contour/21.1.4/weirdness-and-mitigations.md
bitnami/contour@21.1.4,required_values,-,not observed or not applicable in chart facts,data/chart-facts/chart-facts.csv;recipes/bitnami/contour/21.1.4/helm-pain-report.yaml;recipes/bitnami/contour/21.1.4/weirdness-and-mitigations.md
bitnami/contour@21.1.4,values_schema,-,not observed or not applicable in chart facts,data/chart-facts/chart-facts.csv;recipes/bitnami/contour/21.1.4/helm-pain-report.yaml;recipes/bitnami/contour/21.1.4/weirdness-and-mitigations.md
bitnami/contour@21.1.4,install_vs_upgrade,yes - renders differ install vs upgrade,tracked chart fact,data/chart-facts/chart-facts.csv;recipes/bitnami/contour/21.1.4/helm-pain-report.yaml;recipes/bitnami/contour/21.1.4/weirdness-and-mitigations.md
bitnami/contour@21.1.4,notes,yes - NOTES.txt,tracked chart fact,data/chart-facts/chart-facts.csv;recipes/bitnami/contour/21.1.4/helm-pain-report.yaml;recipes/bitnami/contour/21.1.4/weirdness-and-mitigations.md
bitnami/contour@21.1.4,extension_slots,yes - per-use review,open extension slots require per-use review,data/chart-facts/chart-facts.csv;recipes/bitnami/contour/21.1.4/helm-pain-report.yaml;recipes/bitnami/contour/21.1.4/weirdness-and-mitigations.md
bitnami/contour@21.1.4,buildable_not_yet_run,-,not observed or not applicable in chart facts,data/chart-facts/chart-facts.csv;recipes/bitnami/contour/21.1.4/helm-pain-report.yaml;recipes/bitnami/contour/21.1.4/weirdness-and-mitigations.md
bitnami/contour@21.1.4,not_yet_enabled,existing-secret (chart ships no Secret toggle - #113),hard gap or curated proof lane remains,data/chart-facts/chart-facts.csv;recipes/bitnami/contour/21.1.4/helm-pain-report.yaml;recipes/bitnami/contour/21.1.4/weirdness-and-mitigations.md
bitnami/elasticsearch@22.1.6,post_deploy_hooks,-,not observed or not applicable in chart facts,data/chart-facts/chart-facts.csv;recipes/bitnami/elasticsearch/22.1.6/helm-pain-report.yaml;recipes/bitnami/elasticsearch/22.1.6/weirdness-and-mitigations.md
bitnami/elasticsearch@22.1.6,other_hooks,-,not observed or not applicable in chart facts,data/chart-facts/chart-facts.csv;recipes/bitnami/elasticsearch/22.1.6/helm-pain-report.yaml;recipes/bitnami/elasticsearch/22.1.6/weirdness-and-mitigations.md
bitnami/elasticsearch@22.1.6,hook_status,-,not observed or not applicable in chart facts,data/chart-facts/chart-facts.csv;recipes/bitnami/elasticsearch/22.1.6/helm-pain-report.yaml;recipes/bitnami/elasticsearch/22.1.6/weirdness-and-mitigations.md
bitnami/elasticsearch@22.1.6,generates_secrets,yes,tracked chart fact,data/chart-facts/chart-facts.csv;recipes/bitnami/elasticsearch/22.1.6/helm-pain-report.yaml;recipes/bitnami/elasticsearch/22.1.6/weirdness-and-mitigations.md
bitnami/elasticsearch@22.1.6,existing_secret,NOT built - chart ships no Secret toggle (#113),bring-your-own-secret route status,data/chart-facts/chart-facts.csv;recipes/bitnami/elasticsearch/22.1.6/helm-pain-report.yaml;recipes/bitnami/elasticsearch/22.1.6/weirdness-and-mitigations.md
bitnami/elasticsearch@22.1.6,crds,-,not observed or not applicable in chart facts,data/chart-facts/chart-facts.csv;recipes/bitnami/elasticsearch/22.1.6/helm-pain-report.yaml;recipes/bitnami/elasticsearch/22.1.6/weirdness-and-mitigations.md
bitnami/elasticsearch@22.1.6,no_crds_variant,n/a (no CRDs),CRD ownership route status,data/chart-facts/chart-facts.csv;recipes/bitnami/elasticsearch/22.1.6/helm-pain-report.yaml;recipes/bitnami/elasticsearch/22.1.6/weirdness-and-mitigations.md
bitnami/elasticsearch@22.1.6,webhooks,-,not observed or not applicable in chart facts,data/chart-facts/chart-facts.csv;recipes/bitnami/elasticsearch/22.1.6/helm-pain-report.yaml;recipes/bitnami/elasticsearch/22.1.6/weirdness-and-mitigations.md
bitnami/elasticsearch@22.1.6,required_values,yes - mandatory inputs (required/fail),tracked chart fact,data/chart-facts/chart-facts.csv;recipes/bitnami/elasticsearch/22.1.6/helm-pain-report.yaml;recipes/bitnami/elasticsearch/22.1.6/weirdness-and-mitigations.md
bitnami/elasticsearch@22.1.6,values_schema,-,not observed or not applicable in chart facts,data/chart-facts/chart-facts.csv;recipes/bitnami/elasticsearch/22.1.6/helm-pain-report.yaml;recipes/bitnami/elasticsearch/22.1.6/weirdness-and-mitigations.md
bitnami/elasticsearch@22.1.6,install_vs_upgrade,yes - renders differ install vs upgrade,tracked chart fact,data/chart-facts/chart-facts.csv;recipes/bitnami/elasticsearch/22.1.6/helm-pain-report.yaml;recipes/bitnami/elasticsearch/22.1.6/weirdness-and-mitigations.md
bitnami/elasticsearch@22.1.6,notes,yes - NOTES.txt,tracked chart fact,data/chart-facts/chart-facts.csv;recipes/bitnami/elasticsearch/22.1.6/helm-pain-report.yaml;recipes/bitnami/elasticsearch/22.1.6/weirdness-and-mitigations.md
bitnami/elasticsearch@22.1.6,extension_slots,yes - per-use review,open extension slots require per-use review,data/chart-facts/chart-facts.csv;recipes/bitnami/elasticsearch/22.1.6/helm-pain-report.yaml;recipes/bitnami/elasticsearch/22.1.6/weirdness-and-mitigations.md
bitnami/elasticsearch@22.1.6,buildable_not_yet_run,-,not observed or not applicable in chart facts,data/chart-facts/chart-facts.csv;recipes/bitnami/elasticsearch/22.1.6/helm-pain-report.yaml;recipes/bitnami/elasticsearch/22.1.6/weirdness-and-mitigations.md
bitnami/elasticsearch@22.1.6,not_yet_enabled,existing-secret (chart ships no Secret toggle - #113),hard gap or curated proof lane remains,data/chart-facts/chart-facts.csv;recipes/bitnami/elasticsearch/22.1.6/helm-pain-report.yaml;recipes/bitnami/elasticsearch/22.1.6/weirdness-and-mitigations.md
bitnami/memcached@8.5.5,post_deploy_hooks,-,not observed or not applicable in chart facts,data/chart-facts/chart-facts.csv;recipes/bitnami/memcached/8.5.5/helm-pain-report.yaml;recipes/bitnami/memcached/8.5.5/weirdness-and-mitigations.md
bitnami/memcached@8.5.5,other_hooks,-,not observed or not applicable in chart facts,data/chart-facts/chart-facts.csv;recipes/bitnami/memcached/8.5.5/helm-pain-report.yaml;recipes/bitnami/memcached/8.5.5/weirdness-and-mitigations.md
bitnami/memcached@8.5.5,hook_status,-,not observed or not applicable in chart facts,data/chart-facts/chart-facts.csv;recipes/bitnami/memcached/8.5.5/helm-pain-report.yaml;recipes/bitnami/memcached/8.5.5/weirdness-and-mitigations.md
bitnami/memcached@8.5.5,generates_secrets,yes,tracked chart fact,data/chart-facts/chart-facts.csv;recipes/bitnami/memcached/8.5.5/helm-pain-report.yaml;recipes/bitnami/memcached/8.5.5/weirdness-and-mitigations.md
bitnami/memcached@8.5.5,existing_secret,NOT built - chart ships no Secret toggle (#113),bring-your-own-secret route status,data/chart-facts/chart-facts.csv;recipes/bitnami/memcached/8.5.5/helm-pain-report.yaml;recipes/bitnami/memcached/8.5.5/weirdness-and-mitigations.md
bitnami/memcached@8.5.5,crds,-,not observed or not applicable in chart facts,data/chart-facts/chart-facts.csv;recipes/bitnami/memcached/8.5.5/helm-pain-report.yaml;recipes/bitnami/memcached/8.5.5/weirdness-and-mitigations.md
bitnami/memcached@8.5.5,no_crds_variant,n/a (no CRDs),CRD ownership route status,data/chart-facts/chart-facts.csv;recipes/bitnami/memcached/8.5.5/helm-pain-report.yaml;recipes/bitnami/memcached/8.5.5/weirdness-and-mitigations.md
bitnami/memcached@8.5.5,webhooks,-,not observed or not applicable in chart facts,data/chart-facts/chart-facts.csv;recipes/bitnami/memcached/8.5.5/helm-pain-report.yaml;recipes/bitnami/memcached/8.5.5/weirdness-and-mitigations.md
bitnami/memcached@8.5.5,required_values,-,not observed or not applicable in chart facts,data/chart-facts/chart-facts.csv;recipes/bitnami/memcached/8.5.5/helm-pain-report.yaml;recipes/bitnami/memcached/8.5.5/weirdness-and-mitigations.md
bitnami/memcached@8.5.5,values_schema,-,not observed or not applicable in chart facts,data/chart-facts/chart-facts.csv;recipes/bitnami/memcached/8.5.5/helm-pain-report.yaml;recipes/bitnami/memcached/8.5.5/weirdness-and-mitigations.md
bitnami/memcached@8.5.5,install_vs_upgrade,yes - renders differ install vs upgrade,tracked chart fact,data/chart-facts/chart-facts.csv;recipes/bitnami/memcached/8.5.5/helm-pain-report.yaml;recipes/bitnami/memcached/8.5.5/weirdness-and-mitigations.md
bitnami/memcached@8.5.5,notes,yes - NOTES.txt,tracked chart fact,data/chart-facts/chart-facts.csv;recipes/bitnami/memcached/8.5.5/helm-pain-report.yaml;recipes/bitnami/memcached/8.5.5/weirdness-and-mitigations.md
bitnami/memcached@8.5.5,extension_slots,yes - per-use review,open extension slots require per-use review,data/chart-facts/chart-facts.csv;recipes/bitnami/memcached/8.5.5/helm-pain-report.yaml;recipes/bitnami/memcached/8.5.5/weirdness-and-mitigations.md
bitnami/memcached@8.5.5,buildable_not_yet_run,-,not observed or not applicable in chart facts,data/chart-facts/chart-facts.csv;recipes/bitnami/memcached/8.5.5/helm-pain-report.yaml;recipes/bitnami/memcached/8.5.5/weirdness-and-mitigations.md
bitnami/memcached@8.5.5,not_yet_enabled,existing-secret (chart ships no Secret toggle - #113),hard gap or curated proof lane remains,data/chart-facts/chart-facts.csv;recipes/bitnami/memcached/8.5.5/helm-pain-report.yaml;recipes/bitnami/memcached/8.5.5/weirdness-and-mitigations.md
bitnami/mongodb@19.0.7,post_deploy_hooks,-,not observed or not applicable in chart facts,data/chart-facts/chart-facts.csv;recipes/bitnami/mongodb/19.0.7/helm-pain-report.yaml;recipes/bitnami/mongodb/19.0.7/weirdness-and-mitigations.md
bitnami/mongodb@19.0.7,other_hooks,-,not observed or not applicable in chart facts,data/chart-facts/chart-facts.csv;recipes/bitnami/mongodb/19.0.7/helm-pain-report.yaml;recipes/bitnami/mongodb/19.0.7/weirdness-and-mitigations.md
bitnami/mongodb@19.0.7,hook_status,-,not observed or not applicable in chart facts,data/chart-facts/chart-facts.csv;recipes/bitnami/mongodb/19.0.7/helm-pain-report.yaml;recipes/bitnami/mongodb/19.0.7/weirdness-and-mitigations.md
bitnami/mongodb@19.0.7,generates_secrets,yes,tracked chart fact,data/chart-facts/chart-facts.csv;recipes/bitnami/mongodb/19.0.7/helm-pain-report.yaml;recipes/bitnami/mongodb/19.0.7/weirdness-and-mitigations.md
bitnami/mongodb@19.0.7,existing_secret,n/a (generated only),bring-your-own-secret route status,data/chart-facts/chart-facts.csv;recipes/bitnami/mongodb/19.0.7/helm-pain-report.yaml;recipes/bitnami/mongodb/19.0.7/weirdness-and-mitigations.md
bitnami/mongodb@19.0.7,crds,-,not observed or not applicable in chart facts,data/chart-facts/chart-facts.csv;recipes/bitnami/mongodb/19.0.7/helm-pain-report.yaml;recipes/bitnami/mongodb/19.0.7/weirdness-and-mitigations.md
bitnami/mongodb@19.0.7,no_crds_variant,n/a (no CRDs),CRD ownership route status,data/chart-facts/chart-facts.csv;recipes/bitnami/mongodb/19.0.7/helm-pain-report.yaml;recipes/bitnami/mongodb/19.0.7/weirdness-and-mitigations.md
bitnami/mongodb@19.0.7,webhooks,-,not observed or not applicable in chart facts,data/chart-facts/chart-facts.csv;recipes/bitnami/mongodb/19.0.7/helm-pain-report.yaml;recipes/bitnami/mongodb/19.0.7/weirdness-and-mitigations.md
bitnami/mongodb@19.0.7,required_values,yes - mandatory inputs (required/fail),tracked chart fact,data/chart-facts/chart-facts.csv;recipes/bitnami/mongodb/19.0.7/helm-pain-report.yaml;recipes/bitnami/mongodb/19.0.7/weirdness-and-mitigations.md
bitnami/mongodb@19.0.7,values_schema,-,not observed or not applicable in chart facts,data/chart-facts/chart-facts.csv;recipes/bitnami/mongodb/19.0.7/helm-pain-report.yaml;recipes/bitnami/mongodb/19.0.7/weirdness-and-mitigations.md
bitnami/mongodb@19.0.7,install_vs_upgrade,yes - renders differ install vs upgrade,tracked chart fact,data/chart-facts/chart-facts.csv;recipes/bitnami/mongodb/19.0.7/helm-pain-report.yaml;recipes/bitnami/mongodb/19.0.7/weirdness-and-mitigations.md
bitnami/mongodb@19.0.7,notes,yes - NOTES.txt,tracked chart fact,data/chart-facts/chart-facts.csv;recipes/bitnami/mongodb/19.0.7/helm-pain-report.yaml;recipes/bitnami/mongodb/19.0.7/weirdness-and-mitigations.md
bitnami/mongodb@19.0.7,extension_slots,yes - per-use review,open extension slots require per-use review,data/chart-facts/chart-facts.csv;recipes/bitnami/mongodb/19.0.7/helm-pain-report.yaml;recipes/bitnami/mongodb/19.0.7/weirdness-and-mitigations.md
bitnami/mongodb@19.0.7,buildable_not_yet_run,-,not observed or not applicable in chart facts,data/chart-facts/chart-facts.csv;recipes/bitnami/mongodb/19.0.7/helm-pain-report.yaml;recipes/bitnami/mongodb/19.0.7/weirdness-and-mitigations.md
bitnami/mongodb@19.0.7,not_yet_enabled,- (no open gap: recommended capabilities built or n/a; quirks modeled - Level 2),no hard capability gap recorded,data/chart-facts/chart-facts.csv;recipes/bitnami/mongodb/19.0.7/helm-pain-report.yaml;recipes/bitnami/mongodb/19.0.7/weirdness-and-mitigations.md
bitnami/mysql@14.0.3,post_deploy_hooks,-,not observed or not applicable in chart facts,data/chart-facts/chart-facts.csv;recipes/bitnami/mysql/14.0.3/helm-pain-report.yaml;recipes/bitnami/mysql/14.0.3/weirdness-and-mitigations.md
bitnami/mysql@14.0.3,other_hooks,-,not observed or not applicable in chart facts,data/chart-facts/chart-facts.csv;recipes/bitnami/mysql/14.0.3/helm-pain-report.yaml;recipes/bitnami/mysql/14.0.3/weirdness-and-mitigations.md
bitnami/mysql@14.0.3,hook_status,-,not observed or not applicable in chart facts,data/chart-facts/chart-facts.csv;recipes/bitnami/mysql/14.0.3/helm-pain-report.yaml;recipes/bitnami/mysql/14.0.3/weirdness-and-mitigations.md
bitnami/mysql@14.0.3,generates_secrets,yes,tracked chart fact,data/chart-facts/chart-facts.csv;recipes/bitnami/mysql/14.0.3/helm-pain-report.yaml;recipes/bitnami/mysql/14.0.3/weirdness-and-mitigations.md
bitnami/mysql@14.0.3,existing_secret,built,bring-your-own-secret route status,data/chart-facts/chart-facts.csv;recipes/bitnami/mysql/14.0.3/helm-pain-report.yaml;recipes/bitnami/mysql/14.0.3/weirdness-and-mitigations.md
bitnami/mysql@14.0.3,crds,-,not observed or not applicable in chart facts,data/chart-facts/chart-facts.csv;recipes/bitnami/mysql/14.0.3/helm-pain-report.yaml;recipes/bitnami/mysql/14.0.3/weirdness-and-mitigations.md
bitnami/mysql@14.0.3,no_crds_variant,n/a (no CRDs),CRD ownership route status,data/chart-facts/chart-facts.csv;recipes/bitnami/mysql/14.0.3/helm-pain-report.yaml;recipes/bitnami/mysql/14.0.3/weirdness-and-mitigations.md
bitnami/mysql@14.0.3,webhooks,-,not observed or not applicable in chart facts,data/chart-facts/chart-facts.csv;recipes/bitnami/mysql/14.0.3/helm-pain-report.yaml;recipes/bitnami/mysql/14.0.3/weirdness-and-mitigations.md
bitnami/mysql@14.0.3,required_values,yes - mandatory inputs (required/fail),tracked chart fact,data/chart-facts/chart-facts.csv;recipes/bitnami/mysql/14.0.3/helm-pain-report.yaml;recipes/bitnami/mysql/14.0.3/weirdness-and-mitigations.md
bitnami/mysql@14.0.3,values_schema,yes - values.schema.json,tracked chart fact,data/chart-facts/chart-facts.csv;recipes/bitnami/mysql/14.0.3/helm-pain-report.yaml;recipes/bitnami/mysql/14.0.3/weirdness-and-mitigations.md
bitnami/mysql@14.0.3,install_vs_upgrade,yes - renders differ install vs upgrade,tracked chart fact,data/chart-facts/chart-facts.csv;recipes/bitnami/mysql/14.0.3/helm-pain-report.yaml;recipes/bitnami/mysql/14.0.3/weirdness-and-mitigations.md
bitnami/mysql@14.0.3,notes,yes - NOTES.txt,tracked chart fact,data/chart-facts/chart-facts.csv;recipes/bitnami/mysql/14.0.3/helm-pain-report.yaml;recipes/bitnami/mysql/14.0.3/weirdness-and-mitigations.md
bitnami/mysql@14.0.3,extension_slots,-,not observed or not applicable in chart facts,data/chart-facts/chart-facts.csv;recipes/bitnami/mysql/14.0.3/helm-pain-report.yaml;recipes/bitnami/mysql/14.0.3/weirdness-and-mitigations.md
bitnami/mysql@14.0.3,buildable_not_yet_run,-,not observed or not applicable in chart facts,data/chart-facts/chart-facts.csv;recipes/bitnami/mysql/14.0.3/helm-pain-report.yaml;recipes/bitnami/mysql/14.0.3/weirdness-and-mitigations.md
bitnami/mysql@14.0.3,not_yet_enabled,ha (curated proof lane - bespoke teaching needed),hard gap or curated proof lane remains,data/chart-facts/chart-facts.csv;recipes/bitnami/mysql/14.0.3/helm-pain-report.yaml;recipes/bitnami/mysql/14.0.3/weirdness-and-mitigations.md
bitnami/nginx@24.0.2,post_deploy_hooks,-,not observed or not applicable in chart facts,data/chart-facts/chart-facts.csv;recipes/bitnami/nginx/24.0.2/helm-pain-report.yaml;recipes/bitnami/nginx/24.0.2/weirdness-and-mitigations.md
bitnami/nginx@24.0.2,other_hooks,-,not observed or not applicable in chart facts,data/chart-facts/chart-facts.csv;recipes/bitnami/nginx/24.0.2/helm-pain-report.yaml;recipes/bitnami/nginx/24.0.2/weirdness-and-mitigations.md
bitnami/nginx@24.0.2,hook_status,-,not observed or not applicable in chart facts,data/chart-facts/chart-facts.csv;recipes/bitnami/nginx/24.0.2/helm-pain-report.yaml;recipes/bitnami/nginx/24.0.2/weirdness-and-mitigations.md
bitnami/nginx@24.0.2,generates_secrets,yes,tracked chart fact,data/chart-facts/chart-facts.csv;recipes/bitnami/nginx/24.0.2/helm-pain-report.yaml;recipes/bitnami/nginx/24.0.2/weirdness-and-mitigations.md
bitnami/nginx@24.0.2,existing_secret,NOT built - chart ships no Secret toggle (#113),bring-your-own-secret route status,data/chart-facts/chart-facts.csv;recipes/bitnami/nginx/24.0.2/helm-pain-report.yaml;recipes/bitnami/nginx/24.0.2/weirdness-and-mitigations.md
bitnami/nginx@24.0.2,crds,-,not observed or not applicable in chart facts,data/chart-facts/chart-facts.csv;recipes/bitnami/nginx/24.0.2/helm-pain-report.yaml;recipes/bitnami/nginx/24.0.2/weirdness-and-mitigations.md
bitnami/nginx@24.0.2,no_crds_variant,n/a (no CRDs),CRD ownership route status,data/chart-facts/chart-facts.csv;recipes/bitnami/nginx/24.0.2/helm-pain-report.yaml;recipes/bitnami/nginx/24.0.2/weirdness-and-mitigations.md
bitnami/nginx@24.0.2,webhooks,-,not observed or not applicable in chart facts,data/chart-facts/chart-facts.csv;recipes/bitnami/nginx/24.0.2/helm-pain-report.yaml;recipes/bitnami/nginx/24.0.2/weirdness-and-mitigations.md
bitnami/nginx@24.0.2,required_values,-,not observed or not applicable in chart facts,data/chart-facts/chart-facts.csv;recipes/bitnami/nginx/24.0.2/helm-pain-report.yaml;recipes/bitnami/nginx/24.0.2/weirdness-and-mitigations.md
bitnami/nginx@24.0.2,values_schema,-,not observed or not applicable in chart facts,data/chart-facts/chart-facts.csv;recipes/bitnami/nginx/24.0.2/helm-pain-report.yaml;recipes/bitnami/nginx/24.0.2/weirdness-and-mitigations.md
bitnami/nginx@24.0.2,install_vs_upgrade,yes - renders differ install vs upgrade,tracked chart fact,data/chart-facts/chart-facts.csv;recipes/bitnami/nginx/24.0.2/helm-pain-report.yaml;recipes/bitnami/nginx/24.0.2/weirdness-and-mitigations.md
bitnami/nginx@24.0.2,notes,yes - NOTES.txt,tracked chart fact,data/chart-facts/chart-facts.csv;recipes/bitnami/nginx/24.0.2/helm-pain-report.yaml;recipes/bitnami/nginx/24.0.2/weirdness-and-mitigations.md
bitnami/nginx@24.0.2,extension_slots,yes - per-use review,open extension slots require per-use review,data/chart-facts/chart-facts.csv;recipes/bitnami/nginx/24.0.2/helm-pain-report.yaml;recipes/bitnami/nginx/24.0.2/weirdness-and-mitigations.md
bitnami/nginx@24.0.2,buildable_not_yet_run,-,not observed or not applicable in chart facts,data/chart-facts/chart-facts.csv;recipes/bitnami/nginx/24.0.2/helm-pain-report.yaml;recipes/bitnami/nginx/24.0.2/weirdness-and-mitigations.md
bitnami/nginx@24.0.2,not_yet_enabled,existing-secret (chart ships no Secret toggle - #113),hard gap or curated proof lane remains,data/chart-facts/chart-facts.csv;recipes/bitnami/nginx/24.0.2/helm-pain-report.yaml;recipes/bitnami/nginx/24.0.2/weirdness-and-mitigations.md
bitnami/opensearch@2.0.10,post_deploy_hooks,-,not observed or not applicable in chart facts,data/chart-facts/chart-facts.csv;recipes/bitnami/opensearch/2.0.10/helm-pain-report.yaml;recipes/bitnami/opensearch/2.0.10/weirdness-and-mitigations.md
bitnami/opensearch@2.0.10,other_hooks,-,not observed or not applicable in chart facts,data/chart-facts/chart-facts.csv;recipes/bitnami/opensearch/2.0.10/helm-pain-report.yaml;recipes/bitnami/opensearch/2.0.10/weirdness-and-mitigations.md
bitnami/opensearch@2.0.10,hook_status,-,not observed or not applicable in chart facts,data/chart-facts/chart-facts.csv;recipes/bitnami/opensearch/2.0.10/helm-pain-report.yaml;recipes/bitnami/opensearch/2.0.10/weirdness-and-mitigations.md
bitnami/opensearch@2.0.10,generates_secrets,-,not observed or not applicable in chart facts,data/chart-facts/chart-facts.csv;recipes/bitnami/opensearch/2.0.10/helm-pain-report.yaml;recipes/bitnami/opensearch/2.0.10/weirdness-and-mitigations.md
bitnami/opensearch@2.0.10,existing_secret,buildable - not yet run,bring-your-own-secret route status,data/chart-facts/chart-facts.csv;recipes/bitnami/opensearch/2.0.10/helm-pain-report.yaml;recipes/bitnami/opensearch/2.0.10/weirdness-and-mitigations.md
bitnami/opensearch@2.0.10,crds,-,not observed or not applicable in chart facts,data/chart-facts/chart-facts.csv;recipes/bitnami/opensearch/2.0.10/helm-pain-report.yaml;recipes/bitnami/opensearch/2.0.10/weirdness-and-mitigations.md
bitnami/opensearch@2.0.10,no_crds_variant,n/a (no CRDs),CRD ownership route status,data/chart-facts/chart-facts.csv;recipes/bitnami/opensearch/2.0.10/helm-pain-report.yaml;recipes/bitnami/opensearch/2.0.10/weirdness-and-mitigations.md
bitnami/opensearch@2.0.10,webhooks,-,not observed or not applicable in chart facts,data/chart-facts/chart-facts.csv;recipes/bitnami/opensearch/2.0.10/helm-pain-report.yaml;recipes/bitnami/opensearch/2.0.10/weirdness-and-mitigations.md
bitnami/opensearch@2.0.10,required_values,-,not observed or not applicable in chart facts,data/chart-facts/chart-facts.csv;recipes/bitnami/opensearch/2.0.10/helm-pain-report.yaml;recipes/bitnami/opensearch/2.0.10/weirdness-and-mitigations.md
bitnami/opensearch@2.0.10,values_schema,-,not observed or not applicable in chart facts,data/chart-facts/chart-facts.csv;recipes/bitnami/opensearch/2.0.10/helm-pain-report.yaml;recipes/bitnami/opensearch/2.0.10/weirdness-and-mitigations.md
bitnami/opensearch@2.0.10,install_vs_upgrade,-,not observed or not applicable in chart facts,data/chart-facts/chart-facts.csv;recipes/bitnami/opensearch/2.0.10/helm-pain-report.yaml;recipes/bitnami/opensearch/2.0.10/weirdness-and-mitigations.md
bitnami/opensearch@2.0.10,notes,-,not observed or not applicable in chart facts,data/chart-facts/chart-facts.csv;recipes/bitnami/opensearch/2.0.10/helm-pain-report.yaml;recipes/bitnami/opensearch/2.0.10/weirdness-and-mitigations.md
bitnami/opensearch@2.0.10,extension_slots,yes - per-use review,open extension slots require per-use review,data/chart-facts/chart-facts.csv;recipes/bitnami/opensearch/2.0.10/helm-pain-report.yaml;recipes/bitnami/opensearch/2.0.10/weirdness-and-mitigations.md
bitnami/opensearch@2.0.10,buildable_not_yet_run,existing-secret (buildable - not yet run),known build path exists but has not been promoted,data/chart-facts/chart-facts.csv;recipes/bitnami/opensearch/2.0.10/helm-pain-report.yaml;recipes/bitnami/opensearch/2.0.10/weirdness-and-mitigations.md
bitnami/opensearch@2.0.10,not_yet_enabled,- (no open gap: recommended capabilities built or n/a; quirks modeled - Level 2),no hard capability gap recorded,data/chart-facts/chart-facts.csv;recipes/bitnami/opensearch/2.0.10/helm-pain-report.yaml;recipes/bitnami/opensearch/2.0.10/weirdness-and-mitigations.md
bitnami/phpmyadmin@20.0.0,post_deploy_hooks,-,not observed or not applicable in chart facts,data/chart-facts/chart-facts.csv;recipes/bitnami/phpmyadmin/20.0.0/helm-pain-report.yaml;recipes/bitnami/phpmyadmin/20.0.0/weirdness-and-mitigations.md
bitnami/phpmyadmin@20.0.0,other_hooks,-,not observed or not applicable in chart facts,data/chart-facts/chart-facts.csv;recipes/bitnami/phpmyadmin/20.0.0/helm-pain-report.yaml;recipes/bitnami/phpmyadmin/20.0.0/weirdness-and-mitigations.md
bitnami/phpmyadmin@20.0.0,hook_status,-,not observed or not applicable in chart facts,data/chart-facts/chart-facts.csv;recipes/bitnami/phpmyadmin/20.0.0/helm-pain-report.yaml;recipes/bitnami/phpmyadmin/20.0.0/weirdness-and-mitigations.md
bitnami/phpmyadmin@20.0.0,generates_secrets,yes,tracked chart fact,data/chart-facts/chart-facts.csv;recipes/bitnami/phpmyadmin/20.0.0/helm-pain-report.yaml;recipes/bitnami/phpmyadmin/20.0.0/weirdness-and-mitigations.md
bitnami/phpmyadmin@20.0.0,existing_secret,NOT built - chart ships no Secret toggle (#113),bring-your-own-secret route status,data/chart-facts/chart-facts.csv;recipes/bitnami/phpmyadmin/20.0.0/helm-pain-report.yaml;recipes/bitnami/phpmyadmin/20.0.0/weirdness-and-mitigations.md
bitnami/phpmyadmin@20.0.0,crds,-,not observed or not applicable in chart facts,data/chart-facts/chart-facts.csv;recipes/bitnami/phpmyadmin/20.0.0/helm-pain-report.yaml;recipes/bitnami/phpmyadmin/20.0.0/weirdness-and-mitigations.md
bitnami/phpmyadmin@20.0.0,no_crds_variant,n/a (no CRDs),CRD ownership route status,data/chart-facts/chart-facts.csv;recipes/bitnami/phpmyadmin/20.0.0/helm-pain-report.yaml;recipes/bitnami/phpmyadmin/20.0.0/weirdness-and-mitigations.md
bitnami/phpmyadmin@20.0.0,webhooks,-,not observed or not applicable in chart facts,data/chart-facts/chart-facts.csv;recipes/bitnami/phpmyadmin/20.0.0/helm-pain-report.yaml;recipes/bitnami/phpmyadmin/20.0.0/weirdness-and-mitigations.md
bitnami/phpmyadmin@20.0.0,required_values,yes - mandatory inputs (required/fail),tracked chart fact,data/chart-facts/chart-facts.csv;recipes/bitnami/phpmyadmin/20.0.0/helm-pain-report.yaml;recipes/bitnami/phpmyadmin/20.0.0/weirdness-and-mitigations.md
bitnami/phpmyadmin@20.0.0,values_schema,yes - values.schema.json,tracked chart fact,data/chart-facts/chart-facts.csv;recipes/bitnami/phpmyadmin/20.0.0/helm-pain-report.yaml;recipes/bitnami/phpmyadmin/20.0.0/weirdness-and-mitigations.md
bitnami/phpmyadmin@20.0.0,install_vs_upgrade,yes - renders differ install vs upgrade,tracked chart fact,data/chart-facts/chart-facts.csv;recipes/bitnami/phpmyadmin/20.0.0/helm-pain-report.yaml;recipes/bitnami/phpmyadmin/20.0.0/weirdness-and-mitigations.md
bitnami/phpmyadmin@20.0.0,notes,yes - NOTES.txt,tracked chart fact,data/chart-facts/chart-facts.csv;recipes/bitnami/phpmyadmin/20.0.0/helm-pain-report.yaml;recipes/bitnami/phpmyadmin/20.0.0/weirdness-and-mitigations.md
bitnami/phpmyadmin@20.0.0,extension_slots,yes - per-use review,open extension slots require per-use review,data/chart-facts/chart-facts.csv;recipes/bitnami/phpmyadmin/20.0.0/helm-pain-report.yaml;recipes/bitnami/phpmyadmin/20.0.0/weirdness-and-mitigations.md
bitnami/phpmyadmin@20.0.0,buildable_not_yet_run,-,not observed or not applicable in chart facts,data/chart-facts/chart-facts.csv;recipes/bitnami/phpmyadmin/20.0.0/helm-pain-report.yaml;recipes/bitnami/phpmyadmin/20.0.0/weirdness-and-mitigations.md
bitnami/phpmyadmin@20.0.0,not_yet_enabled,existing-secret (chart ships no Secret toggle - #113),hard gap or curated proof lane remains,data/chart-facts/chart-facts.csv;recipes/bitnami/phpmyadmin/20.0.0/helm-pain-report.yaml;recipes/bitnami/phpmyadmin/20.0.0/weirdness-and-mitigations.md
bitnami/postgresql@18.6.7,post_deploy_hooks,-,not observed or not applicable in chart facts,data/chart-facts/chart-facts.csv;recipes/bitnami/postgresql/18.6.7/helm-pain-report.yaml;recipes/bitnami/postgresql/18.6.7/weirdness-and-mitigations.md
bitnami/postgresql@18.6.7,other_hooks,-,not observed or not applicable in chart facts,data/chart-facts/chart-facts.csv;recipes/bitnami/postgresql/18.6.7/helm-pain-report.yaml;recipes/bitnami/postgresql/18.6.7/weirdness-and-mitigations.md
bitnami/postgresql@18.6.7,hook_status,-,not observed or not applicable in chart facts,data/chart-facts/chart-facts.csv;recipes/bitnami/postgresql/18.6.7/helm-pain-report.yaml;recipes/bitnami/postgresql/18.6.7/weirdness-and-mitigations.md
bitnami/postgresql@18.6.7,generates_secrets,yes,tracked chart fact,data/chart-facts/chart-facts.csv;recipes/bitnami/postgresql/18.6.7/helm-pain-report.yaml;recipes/bitnami/postgresql/18.6.7/weirdness-and-mitigations.md
bitnami/postgresql@18.6.7,existing_secret,built,bring-your-own-secret route status,data/chart-facts/chart-facts.csv;recipes/bitnami/postgresql/18.6.7/helm-pain-report.yaml;recipes/bitnami/postgresql/18.6.7/weirdness-and-mitigations.md
bitnami/postgresql@18.6.7,crds,-,not observed or not applicable in chart facts,data/chart-facts/chart-facts.csv;recipes/bitnami/postgresql/18.6.7/helm-pain-report.yaml;recipes/bitnami/postgresql/18.6.7/weirdness-and-mitigations.md
bitnami/postgresql@18.6.7,no_crds_variant,n/a (no CRDs),CRD ownership route status,data/chart-facts/chart-facts.csv;recipes/bitnami/postgresql/18.6.7/helm-pain-report.yaml;recipes/bitnami/postgresql/18.6.7/weirdness-and-mitigations.md
bitnami/postgresql@18.6.7,webhooks,-,not observed or not applicable in chart facts,data/chart-facts/chart-facts.csv;recipes/bitnami/postgresql/18.6.7/helm-pain-report.yaml;recipes/bitnami/postgresql/18.6.7/weirdness-and-mitigations.md
bitnami/postgresql@18.6.7,required_values,yes - mandatory inputs (required/fail),tracked chart fact,data/chart-facts/chart-facts.csv;recipes/bitnami/postgresql/18.6.7/helm-pain-report.yaml;recipes/bitnami/postgresql/18.6.7/weirdness-and-mitigations.md
bitnami/postgresql@18.6.7,values_schema,-,not observed or not applicable in chart facts,data/chart-facts/chart-facts.csv;recipes/bitnami/postgresql/18.6.7/helm-pain-report.yaml;recipes/bitnami/postgresql/18.6.7/weirdness-and-mitigations.md
bitnami/postgresql@18.6.7,install_vs_upgrade,yes - renders differ install vs upgrade,tracked chart fact,data/chart-facts/chart-facts.csv;recipes/bitnami/postgresql/18.6.7/helm-pain-report.yaml;recipes/bitnami/postgresql/18.6.7/weirdness-and-mitigations.md
bitnami/postgresql@18.6.7,notes,yes - NOTES.txt,tracked chart fact,data/chart-facts/chart-facts.csv;recipes/bitnami/postgresql/18.6.7/helm-pain-report.yaml;recipes/bitnami/postgresql/18.6.7/weirdness-and-mitigations.md
bitnami/postgresql@18.6.7,extension_slots,-,not observed or not applicable in chart facts,data/chart-facts/chart-facts.csv;recipes/bitnami/postgresql/18.6.7/helm-pain-report.yaml;recipes/bitnami/postgresql/18.6.7/weirdness-and-mitigations.md
bitnami/postgresql@18.6.7,buildable_not_yet_run,-,not observed or not applicable in chart facts,data/chart-facts/chart-facts.csv;recipes/bitnami/postgresql/18.6.7/helm-pain-report.yaml;recipes/bitnami/postgresql/18.6.7/weirdness-and-mitigations.md
bitnami/postgresql@18.6.7,not_yet_enabled,ha (curated proof lane - bespoke teaching needed),hard gap or curated proof lane remains,data/chart-facts/chart-facts.csv;recipes/bitnami/postgresql/18.6.7/helm-pain-report.yaml;recipes/bitnami/postgresql/18.6.7/weirdness-and-mitigations.md
bitnami/rabbitmq@16.0.14,post_deploy_hooks,-,not observed or not applicable in chart facts,data/chart-facts/chart-facts.csv;recipes/bitnami/rabbitmq/16.0.14/helm-pain-report.yaml;recipes/bitnami/rabbitmq/16.0.14/weirdness-and-mitigations.md
bitnami/rabbitmq@16.0.14,other_hooks,-,not observed or not applicable in chart facts,data/chart-facts/chart-facts.csv;recipes/bitnami/rabbitmq/16.0.14/helm-pain-report.yaml;recipes/bitnami/rabbitmq/16.0.14/weirdness-and-mitigations.md
bitnami/rabbitmq@16.0.14,hook_status,-,not observed or not applicable in chart facts,data/chart-facts/chart-facts.csv;recipes/bitnami/rabbitmq/16.0.14/helm-pain-report.yaml;recipes/bitnami/rabbitmq/16.0.14/weirdness-and-mitigations.md
bitnami/rabbitmq@16.0.14,generates_secrets,yes,tracked chart fact,data/chart-facts/chart-facts.csv;recipes/bitnami/rabbitmq/16.0.14/helm-pain-report.yaml;recipes/bitnami/rabbitmq/16.0.14/weirdness-and-mitigations.md
bitnami/rabbitmq@16.0.14,existing_secret,built,bring-your-own-secret route status,data/chart-facts/chart-facts.csv;recipes/bitnami/rabbitmq/16.0.14/helm-pain-report.yaml;recipes/bitnami/rabbitmq/16.0.14/weirdness-and-mitigations.md
bitnami/rabbitmq@16.0.14,crds,-,not observed or not applicable in chart facts,data/chart-facts/chart-facts.csv;recipes/bitnami/rabbitmq/16.0.14/helm-pain-report.yaml;recipes/bitnami/rabbitmq/16.0.14/weirdness-and-mitigations.md
bitnami/rabbitmq@16.0.14,no_crds_variant,n/a (no CRDs),CRD ownership route status,data/chart-facts/chart-facts.csv;recipes/bitnami/rabbitmq/16.0.14/helm-pain-report.yaml;recipes/bitnami/rabbitmq/16.0.14/weirdness-and-mitigations.md
bitnami/rabbitmq@16.0.14,webhooks,-,not observed or not applicable in chart facts,data/chart-facts/chart-facts.csv;recipes/bitnami/rabbitmq/16.0.14/helm-pain-report.yaml;recipes/bitnami/rabbitmq/16.0.14/weirdness-and-mitigations.md
bitnami/rabbitmq@16.0.14,required_values,yes - mandatory inputs (required/fail),tracked chart fact,data/chart-facts/chart-facts.csv;recipes/bitnami/rabbitmq/16.0.14/helm-pain-report.yaml;recipes/bitnami/rabbitmq/16.0.14/weirdness-and-mitigations.md
bitnami/rabbitmq@16.0.14,values_schema,yes - values.schema.json,tracked chart fact,data/chart-facts/chart-facts.csv;recipes/bitnami/rabbitmq/16.0.14/helm-pain-report.yaml;recipes/bitnami/rabbitmq/16.0.14/weirdness-and-mitigations.md
bitnami/rabbitmq@16.0.14,install_vs_upgrade,yes - renders differ install vs upgrade,tracked chart fact,data/chart-facts/chart-facts.csv;recipes/bitnami/rabbitmq/16.0.14/helm-pain-report.yaml;recipes/bitnami/rabbitmq/16.0.14/weirdness-and-mitigations.md
bitnami/rabbitmq@16.0.14,notes,yes - NOTES.txt,tracked chart fact,data/chart-facts/chart-facts.csv;recipes/bitnami/rabbitmq/16.0.14/helm-pain-report.yaml;recipes/bitnami/rabbitmq/16.0.14/weirdness-and-mitigations.md
bitnami/rabbitmq@16.0.14,extension_slots,-,not observed or not applicable in chart facts,data/chart-facts/chart-facts.csv;recipes/bitnami/rabbitmq/16.0.14/helm-pain-report.yaml;recipes/bitnami/rabbitmq/16.0.14/weirdness-and-mitigations.md
bitnami/rabbitmq@16.0.14,buildable_not_yet_run,-,not observed or not applicable in chart facts,data/chart-facts/chart-facts.csv;recipes/bitnami/rabbitmq/16.0.14/helm-pain-report.yaml;recipes/bitnami/rabbitmq/16.0.14/weirdness-and-mitigations.md
bitnami/rabbitmq@16.0.14,not_yet_enabled,ha (curated proof lane - bespoke teaching needed),hard gap or curated proof lane remains,data/chart-facts/chart-facts.csv;recipes/bitnami/rabbitmq/16.0.14/helm-pain-report.yaml;recipes/bitnami/rabbitmq/16.0.14/weirdness-and-mitigations.md
bitnami/redis@25.5.3,post_deploy_hooks,-,not observed or not applicable in chart facts,data/chart-facts/chart-facts.csv;recipes/bitnami/redis/25.5.3/helm-pain-report.yaml;recipes/bitnami/redis/25.5.3/weirdness-and-mitigations.md
bitnami/redis@25.5.3,other_hooks,-,not observed or not applicable in chart facts,data/chart-facts/chart-facts.csv;recipes/bitnami/redis/25.5.3/helm-pain-report.yaml;recipes/bitnami/redis/25.5.3/weirdness-and-mitigations.md
bitnami/redis@25.5.3,hook_status,-,not observed or not applicable in chart facts,data/chart-facts/chart-facts.csv;recipes/bitnami/redis/25.5.3/helm-pain-report.yaml;recipes/bitnami/redis/25.5.3/weirdness-and-mitigations.md
bitnami/redis@25.5.3,generates_secrets,yes,tracked chart fact,data/chart-facts/chart-facts.csv;recipes/bitnami/redis/25.5.3/helm-pain-report.yaml;recipes/bitnami/redis/25.5.3/weirdness-and-mitigations.md
bitnami/redis@25.5.3,existing_secret,n/a (generated only),bring-your-own-secret route status,data/chart-facts/chart-facts.csv;recipes/bitnami/redis/25.5.3/helm-pain-report.yaml;recipes/bitnami/redis/25.5.3/weirdness-and-mitigations.md
bitnami/redis@25.5.3,crds,-,not observed or not applicable in chart facts,data/chart-facts/chart-facts.csv;recipes/bitnami/redis/25.5.3/helm-pain-report.yaml;recipes/bitnami/redis/25.5.3/weirdness-and-mitigations.md
bitnami/redis@25.5.3,no_crds_variant,n/a (no CRDs),CRD ownership route status,data/chart-facts/chart-facts.csv;recipes/bitnami/redis/25.5.3/helm-pain-report.yaml;recipes/bitnami/redis/25.5.3/weirdness-and-mitigations.md
bitnami/redis@25.5.3,webhooks,-,not observed or not applicable in chart facts,data/chart-facts/chart-facts.csv;recipes/bitnami/redis/25.5.3/helm-pain-report.yaml;recipes/bitnami/redis/25.5.3/weirdness-and-mitigations.md
bitnami/redis@25.5.3,required_values,yes - mandatory inputs (required/fail),tracked chart fact,data/chart-facts/chart-facts.csv;recipes/bitnami/redis/25.5.3/helm-pain-report.yaml;recipes/bitnami/redis/25.5.3/weirdness-and-mitigations.md
bitnami/redis@25.5.3,values_schema,-,not observed or not applicable in chart facts,data/chart-facts/chart-facts.csv;recipes/bitnami/redis/25.5.3/helm-pain-report.yaml;recipes/bitnami/redis/25.5.3/weirdness-and-mitigations.md
bitnami/redis@25.5.3,install_vs_upgrade,yes - renders differ install vs upgrade,tracked chart fact,data/chart-facts/chart-facts.csv;recipes/bitnami/redis/25.5.3/helm-pain-report.yaml;recipes/bitnami/redis/25.5.3/weirdness-and-mitigations.md
bitnami/redis@25.5.3,notes,yes - NOTES.txt,tracked chart fact,data/chart-facts/chart-facts.csv;recipes/bitnami/redis/25.5.3/helm-pain-report.yaml;recipes/bitnami/redis/25.5.3/weirdness-and-mitigations.md
bitnami/redis@25.5.3,extension_slots,-,not observed or not applicable in chart facts,data/chart-facts/chart-facts.csv;recipes/bitnami/redis/25.5.3/helm-pain-report.yaml;recipes/bitnami/redis/25.5.3/weirdness-and-mitigations.md
bitnami/redis@25.5.3,buildable_not_yet_run,-,not observed or not applicable in chart facts,data/chart-facts/chart-facts.csv;recipes/bitnami/redis/25.5.3/helm-pain-report.yaml;recipes/bitnami/redis/25.5.3/weirdness-and-mitigations.md
bitnami/redis@25.5.3,not_yet_enabled,- (no open gap: recommended capabilities built or n/a; quirks modeled - Level 2),no hard capability gap recorded,data/chart-facts/chart-facts.csv;recipes/bitnami/redis/25.5.3/helm-pain-report.yaml;recipes/bitnami/redis/25.5.3/weirdness-and-mitigations.md
bitnami/spark@10.0.3,post_deploy_hooks,-,not observed or not applicable in chart facts,data/chart-facts/chart-facts.csv;recipes/bitnami/spark/10.0.3/helm-pain-report.yaml;recipes/bitnami/spark/10.0.3/weirdness-and-mitigations.md
bitnami/spark@10.0.3,other_hooks,-,not observed or not applicable in chart facts,data/chart-facts/chart-facts.csv;recipes/bitnami/spark/10.0.3/helm-pain-report.yaml;recipes/bitnami/spark/10.0.3/weirdness-and-mitigations.md
bitnami/spark@10.0.3,hook_status,-,not observed or not applicable in chart facts,data/chart-facts/chart-facts.csv;recipes/bitnami/spark/10.0.3/helm-pain-report.yaml;recipes/bitnami/spark/10.0.3/weirdness-and-mitigations.md
bitnami/spark@10.0.3,generates_secrets,yes,tracked chart fact,data/chart-facts/chart-facts.csv;recipes/bitnami/spark/10.0.3/helm-pain-report.yaml;recipes/bitnami/spark/10.0.3/weirdness-and-mitigations.md
bitnami/spark@10.0.3,existing_secret,NOT built - chart ships no Secret toggle (#113),bring-your-own-secret route status,data/chart-facts/chart-facts.csv;recipes/bitnami/spark/10.0.3/helm-pain-report.yaml;recipes/bitnami/spark/10.0.3/weirdness-and-mitigations.md
bitnami/spark@10.0.3,crds,-,not observed or not applicable in chart facts,data/chart-facts/chart-facts.csv;recipes/bitnami/spark/10.0.3/helm-pain-report.yaml;recipes/bitnami/spark/10.0.3/weirdness-and-mitigations.md
bitnami/spark@10.0.3,no_crds_variant,n/a (no CRDs),CRD ownership route status,data/chart-facts/chart-facts.csv;recipes/bitnami/spark/10.0.3/helm-pain-report.yaml;recipes/bitnami/spark/10.0.3/weirdness-and-mitigations.md
bitnami/spark@10.0.3,webhooks,-,not observed or not applicable in chart facts,data/chart-facts/chart-facts.csv;recipes/bitnami/spark/10.0.3/helm-pain-report.yaml;recipes/bitnami/spark/10.0.3/weirdness-and-mitigations.md
bitnami/spark@10.0.3,required_values,-,not observed or not applicable in chart facts,data/chart-facts/chart-facts.csv;recipes/bitnami/spark/10.0.3/helm-pain-report.yaml;recipes/bitnami/spark/10.0.3/weirdness-and-mitigations.md
bitnami/spark@10.0.3,values_schema,-,not observed or not applicable in chart facts,data/chart-facts/chart-facts.csv;recipes/bitnami/spark/10.0.3/helm-pain-report.yaml;recipes/bitnami/spark/10.0.3/weirdness-and-mitigations.md
bitnami/spark@10.0.3,install_vs_upgrade,yes - renders differ install vs upgrade,tracked chart fact,data/chart-facts/chart-facts.csv;recipes/bitnami/spark/10.0.3/helm-pain-report.yaml;recipes/bitnami/spark/10.0.3/weirdness-and-mitigations.md
bitnami/spark@10.0.3,notes,yes - NOTES.txt,tracked chart fact,data/chart-facts/chart-facts.csv;recipes/bitnami/spark/10.0.3/helm-pain-report.yaml;recipes/bitnami/spark/10.0.3/weirdness-and-mitigations.md
bitnami/spark@10.0.3,extension_slots,yes - per-use review,open extension slots require per-use review,data/chart-facts/chart-facts.csv;recipes/bitnami/spark/10.0.3/helm-pain-report.yaml;recipes/bitnami/spark/10.0.3/weirdness-and-mitigations.md
bitnami/spark@10.0.3,buildable_not_yet_run,-,not observed or not applicable in chart facts,data/chart-facts/chart-facts.csv;recipes/bitnami/spark/10.0.3/helm-pain-report.yaml;recipes/bitnami/spark/10.0.3/weirdness-and-mitigations.md
bitnami/spark@10.0.3,not_yet_enabled,existing-secret (chart ships no Secret toggle - #113),hard gap or curated proof lane remains,data/chart-facts/chart-facts.csv;recipes/bitnami/spark/10.0.3/helm-pain-report.yaml;recipes/bitnami/spark/10.0.3/weirdness-and-mitigations.md
bitnami/zookeeper@13.8.7,post_deploy_hooks,-,not observed or not applicable in chart facts,data/chart-facts/chart-facts.csv;recipes/bitnami/zookeeper/13.8.7/helm-pain-report.yaml;recipes/bitnami/zookeeper/13.8.7/weirdness-and-mitigations.md
bitnami/zookeeper@13.8.7,other_hooks,-,not observed or not applicable in chart facts,data/chart-facts/chart-facts.csv;recipes/bitnami/zookeeper/13.8.7/helm-pain-report.yaml;recipes/bitnami/zookeeper/13.8.7/weirdness-and-mitigations.md
bitnami/zookeeper@13.8.7,hook_status,-,not observed or not applicable in chart facts,data/chart-facts/chart-facts.csv;recipes/bitnami/zookeeper/13.8.7/helm-pain-report.yaml;recipes/bitnami/zookeeper/13.8.7/weirdness-and-mitigations.md
bitnami/zookeeper@13.8.7,generates_secrets,yes,tracked chart fact,data/chart-facts/chart-facts.csv;recipes/bitnami/zookeeper/13.8.7/helm-pain-report.yaml;recipes/bitnami/zookeeper/13.8.7/weirdness-and-mitigations.md
bitnami/zookeeper@13.8.7,existing_secret,NOT built - chart ships no Secret toggle (#113),bring-your-own-secret route status,data/chart-facts/chart-facts.csv;recipes/bitnami/zookeeper/13.8.7/helm-pain-report.yaml;recipes/bitnami/zookeeper/13.8.7/weirdness-and-mitigations.md
bitnami/zookeeper@13.8.7,crds,-,not observed or not applicable in chart facts,data/chart-facts/chart-facts.csv;recipes/bitnami/zookeeper/13.8.7/helm-pain-report.yaml;recipes/bitnami/zookeeper/13.8.7/weirdness-and-mitigations.md
bitnami/zookeeper@13.8.7,no_crds_variant,n/a (no CRDs),CRD ownership route status,data/chart-facts/chart-facts.csv;recipes/bitnami/zookeeper/13.8.7/helm-pain-report.yaml;recipes/bitnami/zookeeper/13.8.7/weirdness-and-mitigations.md
bitnami/zookeeper@13.8.7,webhooks,-,not observed or not applicable in chart facts,data/chart-facts/chart-facts.csv;recipes/bitnami/zookeeper/13.8.7/helm-pain-report.yaml;recipes/bitnami/zookeeper/13.8.7/weirdness-and-mitigations.md
bitnami/zookeeper@13.8.7,required_values,-,not observed or not applicable in chart facts,data/chart-facts/chart-facts.csv;recipes/bitnami/zookeeper/13.8.7/helm-pain-report.yaml;recipes/bitnami/zookeeper/13.8.7/weirdness-and-mitigations.md
bitnami/zookeeper@13.8.7,values_schema,-,not observed or not applicable in chart facts,data/chart-facts/chart-facts.csv;recipes/bitnami/zookeeper/13.8.7/helm-pain-report.yaml;recipes/bitnami/zookeeper/13.8.7/weirdness-and-mitigations.md
bitnami/zookeeper@13.8.7,install_vs_upgrade,yes - renders differ install vs upgrade,tracked chart fact,data/chart-facts/chart-facts.csv;recipes/bitnami/zookeeper/13.8.7/helm-pain-report.yaml;recipes/bitnami/zookeeper/13.8.7/weirdness-and-mitigations.md
bitnami/zookeeper@13.8.7,notes,yes - NOTES.txt,tracked chart fact,data/chart-facts/chart-facts.csv;recipes/bitnami/zookeeper/13.8.7/helm-pain-report.yaml;recipes/bitnami/zookeeper/13.8.7/weirdness-and-mitigations.md
bitnami/zookeeper@13.8.7,extension_slots,yes - per-use review,open extension slots require per-use review,data/chart-facts/chart-facts.csv;recipes/bitnami/zookeeper/13.8.7/helm-pain-report.yaml;recipes/bitnami/zookeeper/13.8.7/weirdness-and-mitigations.md
bitnami/zookeeper@13.8.7,buildable_not_yet_run,-,not observed or not applicable in chart facts,data/chart-facts/chart-facts.csv;recipes/bitnami/zookeeper/13.8.7/helm-pain-report.yaml;recipes/bitnami/zookeeper/13.8.7/weirdness-and-mitigations.md
bitnami/zookeeper@13.8.7,not_yet_enabled,existing-secret (chart ships no Secret toggle - #113),hard gap or curated proof lane remains,data/chart-facts/chart-facts.csv;recipes/bitnami/zookeeper/13.8.7/helm-pain-report.yaml;recipes/bitnami/zookeeper/13.8.7/weirdness-and-mitigations.md
cloudnative-pg/cloudnative-pg@0.28.2,post_deploy_hooks,-,not observed or not applicable in chart facts,data/chart-facts/chart-facts.csv;recipes/cloudnative-pg/cloudnative-pg/0.28.2/helm-pain-report.yaml;recipes/cloudnative-pg/cloudnative-pg/0.28.2/weirdness-and-mitigations.md
cloudnative-pg/cloudnative-pg@0.28.2,other_hooks,-,not observed or not applicable in chart facts,data/chart-facts/chart-facts.csv;recipes/cloudnative-pg/cloudnative-pg/0.28.2/helm-pain-report.yaml;recipes/cloudnative-pg/cloudnative-pg/0.28.2/weirdness-and-mitigations.md
cloudnative-pg/cloudnative-pg@0.28.2,hook_status,-,not observed or not applicable in chart facts,data/chart-facts/chart-facts.csv;recipes/cloudnative-pg/cloudnative-pg/0.28.2/helm-pain-report.yaml;recipes/cloudnative-pg/cloudnative-pg/0.28.2/weirdness-and-mitigations.md
cloudnative-pg/cloudnative-pg@0.28.2,generates_secrets,-,not observed or not applicable in chart facts,data/chart-facts/chart-facts.csv;recipes/cloudnative-pg/cloudnative-pg/0.28.2/helm-pain-report.yaml;recipes/cloudnative-pg/cloudnative-pg/0.28.2/weirdness-and-mitigations.md
cloudnative-pg/cloudnative-pg@0.28.2,existing_secret,buildable - not yet run,bring-your-own-secret route status,data/chart-facts/chart-facts.csv;recipes/cloudnative-pg/cloudnative-pg/0.28.2/helm-pain-report.yaml;recipes/cloudnative-pg/cloudnative-pg/0.28.2/weirdness-and-mitigations.md
cloudnative-pg/cloudnative-pg@0.28.2,crds,present,CRDs are present; count 1; raw count is in chart-facts.csv,data/chart-facts/chart-facts.csv;recipes/cloudnative-pg/cloudnative-pg/0.28.2/helm-pain-report.yaml;recipes/cloudnative-pg/cloudnative-pg/0.28.2/weirdness-and-mitigations.md
cloudnative-pg/cloudnative-pg@0.28.2,no_crds_variant,built,CRD ownership route status,data/chart-facts/chart-facts.csv;recipes/cloudnative-pg/cloudnative-pg/0.28.2/helm-pain-report.yaml;recipes/cloudnative-pg/cloudnative-pg/0.28.2/weirdness-and-mitigations.md
cloudnative-pg/cloudnative-pg@0.28.2,webhooks,present,admission webhooks are present; count 2; raw count is in chart-facts.csv,data/chart-facts/chart-facts.csv;recipes/cloudnative-pg/cloudnative-pg/0.28.2/helm-pain-report.yaml;recipes/cloudnative-pg/cloudnative-pg/0.28.2/weirdness-and-mitigations.md
cloudnative-pg/cloudnative-pg@0.28.2,required_values,-,not observed or not applicable in chart facts,data/chart-facts/chart-facts.csv;recipes/cloudnative-pg/cloudnative-pg/0.28.2/helm-pain-report.yaml;recipes/cloudnative-pg/cloudnative-pg/0.28.2/weirdness-and-mitigations.md
cloudnative-pg/cloudnative-pg@0.28.2,values_schema,yes - values.schema.json,tracked chart fact,data/chart-facts/chart-facts.csv;recipes/cloudnative-pg/cloudnative-pg/0.28.2/helm-pain-report.yaml;recipes/cloudnative-pg/cloudnative-pg/0.28.2/weirdness-and-mitigations.md
cloudnative-pg/cloudnative-pg@0.28.2,install_vs_upgrade,-,not observed or not applicable in chart facts,data/chart-facts/chart-facts.csv;recipes/cloudnative-pg/cloudnative-pg/0.28.2/helm-pain-report.yaml;recipes/cloudnative-pg/cloudnative-pg/0.28.2/weirdness-and-mitigations.md
cloudnative-pg/cloudnative-pg@0.28.2,notes,yes - NOTES.txt,tracked chart fact,data/chart-facts/chart-facts.csv;recipes/cloudnative-pg/cloudnative-pg/0.28.2/helm-pain-report.yaml;recipes/cloudnative-pg/cloudnative-pg/0.28.2/weirdness-and-mitigations.md
cloudnative-pg/cloudnative-pg@0.28.2,extension_slots,yes - per-use review,open extension slots require per-use review,data/chart-facts/chart-facts.csv;recipes/cloudnative-pg/cloudnative-pg/0.28.2/helm-pain-report.yaml;recipes/cloudnative-pg/cloudnative-pg/0.28.2/weirdness-and-mitigations.md
cloudnative-pg/cloudnative-pg@0.28.2,buildable_not_yet_run,existing-secret (buildable - not yet run),known build path exists but has not been promoted,data/chart-facts/chart-facts.csv;recipes/cloudnative-pg/cloudnative-pg/0.28.2/helm-pain-report.yaml;recipes/cloudnative-pg/cloudnative-pg/0.28.2/weirdness-and-mitigations.md
cloudnative-pg/cloudnative-pg@0.28.2,not_yet_enabled,- (no open gap: recommended capabilities built or n/a; quirks modeled - Level 2),no hard capability gap recorded,data/chart-facts/chart-facts.csv;recipes/cloudnative-pg/cloudnative-pg/0.28.2/helm-pain-report.yaml;recipes/cloudnative-pg/cloudnative-pg/0.28.2/weirdness-and-mitigations.md
coredns/coredns@1.45.2,post_deploy_hooks,-,not observed or not applicable in chart facts,data/chart-facts/chart-facts.csv;recipes/coredns/coredns/1.45.2/helm-pain-report.yaml;recipes/coredns/coredns/1.45.2/weirdness-and-mitigations.md
coredns/coredns@1.45.2,other_hooks,-,not observed or not applicable in chart facts,data/chart-facts/chart-facts.csv;recipes/coredns/coredns/1.45.2/helm-pain-report.yaml;recipes/coredns/coredns/1.45.2/weirdness-and-mitigations.md
coredns/coredns@1.45.2,hook_status,-,not observed or not applicable in chart facts,data/chart-facts/chart-facts.csv;recipes/coredns/coredns/1.45.2/helm-pain-report.yaml;recipes/coredns/coredns/1.45.2/weirdness-and-mitigations.md
coredns/coredns@1.45.2,generates_secrets,-,not observed or not applicable in chart facts,data/chart-facts/chart-facts.csv;recipes/coredns/coredns/1.45.2/helm-pain-report.yaml;recipes/coredns/coredns/1.45.2/weirdness-and-mitigations.md
coredns/coredns@1.45.2,existing_secret,buildable - not yet run,bring-your-own-secret route status,data/chart-facts/chart-facts.csv;recipes/coredns/coredns/1.45.2/helm-pain-report.yaml;recipes/coredns/coredns/1.45.2/weirdness-and-mitigations.md
coredns/coredns@1.45.2,crds,-,not observed or not applicable in chart facts,data/chart-facts/chart-facts.csv;recipes/coredns/coredns/1.45.2/helm-pain-report.yaml;recipes/coredns/coredns/1.45.2/weirdness-and-mitigations.md
coredns/coredns@1.45.2,no_crds_variant,n/a (no CRDs),CRD ownership route status,data/chart-facts/chart-facts.csv;recipes/coredns/coredns/1.45.2/helm-pain-report.yaml;recipes/coredns/coredns/1.45.2/weirdness-and-mitigations.md
coredns/coredns@1.45.2,webhooks,-,not observed or not applicable in chart facts,data/chart-facts/chart-facts.csv;recipes/coredns/coredns/1.45.2/helm-pain-report.yaml;recipes/coredns/coredns/1.45.2/weirdness-and-mitigations.md
coredns/coredns@1.45.2,required_values,yes - mandatory inputs (required/fail),tracked chart fact,data/chart-facts/chart-facts.csv;recipes/coredns/coredns/1.45.2/helm-pain-report.yaml;recipes/coredns/coredns/1.45.2/weirdness-and-mitigations.md
coredns/coredns@1.45.2,values_schema,-,not observed or not applicable in chart facts,data/chart-facts/chart-facts.csv;recipes/coredns/coredns/1.45.2/helm-pain-report.yaml;recipes/coredns/coredns/1.45.2/weirdness-and-mitigations.md
coredns/coredns@1.45.2,install_vs_upgrade,-,not observed or not applicable in chart facts,data/chart-facts/chart-facts.csv;recipes/coredns/coredns/1.45.2/helm-pain-report.yaml;recipes/coredns/coredns/1.45.2/weirdness-and-mitigations.md
coredns/coredns@1.45.2,notes,yes - NOTES.txt,tracked chart fact,data/chart-facts/chart-facts.csv;recipes/coredns/coredns/1.45.2/helm-pain-report.yaml;recipes/coredns/coredns/1.45.2/weirdness-and-mitigations.md
coredns/coredns@1.45.2,extension_slots,yes - per-use review,open extension slots require per-use review,data/chart-facts/chart-facts.csv;recipes/coredns/coredns/1.45.2/helm-pain-report.yaml;recipes/coredns/coredns/1.45.2/weirdness-and-mitigations.md
coredns/coredns@1.45.2,buildable_not_yet_run,existing-secret (buildable - not yet run),known build path exists but has not been promoted,data/chart-facts/chart-facts.csv;recipes/coredns/coredns/1.45.2/helm-pain-report.yaml;recipes/coredns/coredns/1.45.2/weirdness-and-mitigations.md
coredns/coredns@1.45.2,not_yet_enabled,- (no open gap: recommended capabilities built or n/a; quirks modeled - Level 2),no hard capability gap recorded,data/chart-facts/chart-facts.csv;recipes/coredns/coredns/1.45.2/helm-pain-report.yaml;recipes/coredns/coredns/1.45.2/weirdness-and-mitigations.md
crossplane-stable/crossplane@2.3.1,post_deploy_hooks,-,not observed or not applicable in chart facts,data/chart-facts/chart-facts.csv;recipes/crossplane-stable/crossplane/2.3.1/helm-pain-report.yaml;recipes/crossplane-stable/crossplane/2.3.1/weirdness-and-mitigations.md
crossplane-stable/crossplane@2.3.1,other_hooks,-,not observed or not applicable in chart facts,data/chart-facts/chart-facts.csv;recipes/crossplane-stable/crossplane/2.3.1/helm-pain-report.yaml;recipes/crossplane-stable/crossplane/2.3.1/weirdness-and-mitigations.md
crossplane-stable/crossplane@2.3.1,hook_status,-,not observed or not applicable in chart facts,data/chart-facts/chart-facts.csv;recipes/crossplane-stable/crossplane/2.3.1/helm-pain-report.yaml;recipes/crossplane-stable/crossplane/2.3.1/weirdness-and-mitigations.md
crossplane-stable/crossplane@2.3.1,generates_secrets,-,not observed or not applicable in chart facts,data/chart-facts/chart-facts.csv;recipes/crossplane-stable/crossplane/2.3.1/helm-pain-report.yaml;recipes/crossplane-stable/crossplane/2.3.1/weirdness-and-mitigations.md
crossplane-stable/crossplane@2.3.1,existing_secret,buildable - not yet run,bring-your-own-secret route status,data/chart-facts/chart-facts.csv;recipes/crossplane-stable/crossplane/2.3.1/helm-pain-report.yaml;recipes/crossplane-stable/crossplane/2.3.1/weirdness-and-mitigations.md
crossplane-stable/crossplane@2.3.1,crds,-,not observed or not applicable in chart facts,data/chart-facts/chart-facts.csv;recipes/crossplane-stable/crossplane/2.3.1/helm-pain-report.yaml;recipes/crossplane-stable/crossplane/2.3.1/weirdness-and-mitigations.md
crossplane-stable/crossplane@2.3.1,no_crds_variant,n/a (no CRDs),CRD ownership route status,data/chart-facts/chart-facts.csv;recipes/crossplane-stable/crossplane/2.3.1/helm-pain-report.yaml;recipes/crossplane-stable/crossplane/2.3.1/weirdness-and-mitigations.md
crossplane-stable/crossplane@2.3.1,webhooks,-,not observed or not applicable in chart facts,data/chart-facts/chart-facts.csv;recipes/crossplane-stable/crossplane/2.3.1/helm-pain-report.yaml;recipes/crossplane-stable/crossplane/2.3.1/weirdness-and-mitigations.md
crossplane-stable/crossplane@2.3.1,required_values,-,not observed or not applicable in chart facts,data/chart-facts/chart-facts.csv;recipes/crossplane-stable/crossplane/2.3.1/helm-pain-report.yaml;recipes/crossplane-stable/crossplane/2.3.1/weirdness-and-mitigations.md
crossplane-stable/crossplane@2.3.1,values_schema,-,not observed or not applicable in chart facts,data/chart-facts/chart-facts.csv;recipes/crossplane-stable/crossplane/2.3.1/helm-pain-report.yaml;recipes/crossplane-stable/crossplane/2.3.1/weirdness-and-mitigations.md
crossplane-stable/crossplane@2.3.1,install_vs_upgrade,-,not observed or not applicable in chart facts,data/chart-facts/chart-facts.csv;recipes/crossplane-stable/crossplane/2.3.1/helm-pain-report.yaml;recipes/crossplane-stable/crossplane/2.3.1/weirdness-and-mitigations.md
crossplane-stable/crossplane@2.3.1,notes,-,not observed or not applicable in chart facts,data/chart-facts/chart-facts.csv;recipes/crossplane-stable/crossplane/2.3.1/helm-pain-report.yaml;recipes/crossplane-stable/crossplane/2.3.1/weirdness-and-mitigations.md
crossplane-stable/crossplane@2.3.1,extension_slots,yes - per-use review,open extension slots require per-use review,data/chart-facts/chart-facts.csv;recipes/crossplane-stable/crossplane/2.3.1/helm-pain-report.yaml;recipes/crossplane-stable/crossplane/2.3.1/weirdness-and-mitigations.md
crossplane-stable/crossplane@2.3.1,buildable_not_yet_run,existing-secret (buildable - not yet run),known build path exists but has not been promoted,data/chart-facts/chart-facts.csv;recipes/crossplane-stable/crossplane/2.3.1/helm-pain-report.yaml;recipes/crossplane-stable/crossplane/2.3.1/weirdness-and-mitigations.md
crossplane-stable/crossplane@2.3.1,not_yet_enabled,- (no open gap: recommended capabilities built or n/a; quirks modeled - Level 2),no hard capability gap recorded,data/chart-facts/chart-facts.csv;recipes/crossplane-stable/crossplane/2.3.1/helm-pain-report.yaml;recipes/crossplane-stable/crossplane/2.3.1/weirdness-and-mitigations.md
descheduler/descheduler@0.36.0,post_deploy_hooks,-,not observed or not applicable in chart facts,data/chart-facts/chart-facts.csv;recipes/descheduler/descheduler/0.36.0/helm-pain-report.yaml;recipes/descheduler/descheduler/0.36.0/weirdness-and-mitigations.md
descheduler/descheduler@0.36.0,other_hooks,-,not observed or not applicable in chart facts,data/chart-facts/chart-facts.csv;recipes/descheduler/descheduler/0.36.0/helm-pain-report.yaml;recipes/descheduler/descheduler/0.36.0/weirdness-and-mitigations.md
descheduler/descheduler@0.36.0,hook_status,-,not observed or not applicable in chart facts,data/chart-facts/chart-facts.csv;recipes/descheduler/descheduler/0.36.0/helm-pain-report.yaml;recipes/descheduler/descheduler/0.36.0/weirdness-and-mitigations.md
descheduler/descheduler@0.36.0,generates_secrets,-,not observed or not applicable in chart facts,data/chart-facts/chart-facts.csv;recipes/descheduler/descheduler/0.36.0/helm-pain-report.yaml;recipes/descheduler/descheduler/0.36.0/weirdness-and-mitigations.md
descheduler/descheduler@0.36.0,existing_secret,n/a,bring-your-own-secret route status,data/chart-facts/chart-facts.csv;recipes/descheduler/descheduler/0.36.0/helm-pain-report.yaml;recipes/descheduler/descheduler/0.36.0/weirdness-and-mitigations.md
descheduler/descheduler@0.36.0,crds,-,not observed or not applicable in chart facts,data/chart-facts/chart-facts.csv;recipes/descheduler/descheduler/0.36.0/helm-pain-report.yaml;recipes/descheduler/descheduler/0.36.0/weirdness-and-mitigations.md
descheduler/descheduler@0.36.0,no_crds_variant,n/a (no CRDs),CRD ownership route status,data/chart-facts/chart-facts.csv;recipes/descheduler/descheduler/0.36.0/helm-pain-report.yaml;recipes/descheduler/descheduler/0.36.0/weirdness-and-mitigations.md
descheduler/descheduler@0.36.0,webhooks,-,not observed or not applicable in chart facts,data/chart-facts/chart-facts.csv;recipes/descheduler/descheduler/0.36.0/helm-pain-report.yaml;recipes/descheduler/descheduler/0.36.0/weirdness-and-mitigations.md
descheduler/descheduler@0.36.0,required_values,yes - mandatory inputs (required/fail),tracked chart fact,data/chart-facts/chart-facts.csv;recipes/descheduler/descheduler/0.36.0/helm-pain-report.yaml;recipes/descheduler/descheduler/0.36.0/weirdness-and-mitigations.md
descheduler/descheduler@0.36.0,values_schema,-,not observed or not applicable in chart facts,data/chart-facts/chart-facts.csv;recipes/descheduler/descheduler/0.36.0/helm-pain-report.yaml;recipes/descheduler/descheduler/0.36.0/weirdness-and-mitigations.md
descheduler/descheduler@0.36.0,install_vs_upgrade,-,not observed or not applicable in chart facts,data/chart-facts/chart-facts.csv;recipes/descheduler/descheduler/0.36.0/helm-pain-report.yaml;recipes/descheduler/descheduler/0.36.0/weirdness-and-mitigations.md
descheduler/descheduler@0.36.0,notes,yes - NOTES.txt,tracked chart fact,data/chart-facts/chart-facts.csv;recipes/descheduler/descheduler/0.36.0/helm-pain-report.yaml;recipes/descheduler/descheduler/0.36.0/weirdness-and-mitigations.md
descheduler/descheduler@0.36.0,extension_slots,yes - per-use review,open extension slots require per-use review,data/chart-facts/chart-facts.csv;recipes/descheduler/descheduler/0.36.0/helm-pain-report.yaml;recipes/descheduler/descheduler/0.36.0/weirdness-and-mitigations.md
descheduler/descheduler@0.36.0,buildable_not_yet_run,-,not observed or not applicable in chart facts,data/chart-facts/chart-facts.csv;recipes/descheduler/descheduler/0.36.0/helm-pain-report.yaml;recipes/descheduler/descheduler/0.36.0/weirdness-and-mitigations.md
descheduler/descheduler@0.36.0,not_yet_enabled,- (no open gap: recommended capabilities built or n/a; quirks modeled - Level 2),no hard capability gap recorded,data/chart-facts/chart-facts.csv;recipes/descheduler/descheduler/0.36.0/helm-pain-report.yaml;recipes/descheduler/descheduler/0.36.0/weirdness-and-mitigations.md
dex/dex@0.24.0,post_deploy_hooks,-,not observed or not applicable in chart facts,data/chart-facts/chart-facts.csv;recipes/dex/dex/0.24.0/helm-pain-report.yaml;recipes/dex/dex/0.24.0/weirdness-and-mitigations.md
dex/dex@0.24.0,other_hooks,-,not observed or not applicable in chart facts,data/chart-facts/chart-facts.csv;recipes/dex/dex/0.24.0/helm-pain-report.yaml;recipes/dex/dex/0.24.0/weirdness-and-mitigations.md
dex/dex@0.24.0,hook_status,-,not observed or not applicable in chart facts,data/chart-facts/chart-facts.csv;recipes/dex/dex/0.24.0/helm-pain-report.yaml;recipes/dex/dex/0.24.0/weirdness-and-mitigations.md
dex/dex@0.24.0,generates_secrets,-,not observed or not applicable in chart facts,data/chart-facts/chart-facts.csv;recipes/dex/dex/0.24.0/helm-pain-report.yaml;recipes/dex/dex/0.24.0/weirdness-and-mitigations.md
dex/dex@0.24.0,existing_secret,buildable - not yet run,bring-your-own-secret route status,data/chart-facts/chart-facts.csv;recipes/dex/dex/0.24.0/helm-pain-report.yaml;recipes/dex/dex/0.24.0/weirdness-and-mitigations.md
dex/dex@0.24.0,crds,-,not observed or not applicable in chart facts,data/chart-facts/chart-facts.csv;recipes/dex/dex/0.24.0/helm-pain-report.yaml;recipes/dex/dex/0.24.0/weirdness-and-mitigations.md
dex/dex@0.24.0,no_crds_variant,n/a (no CRDs),CRD ownership route status,data/chart-facts/chart-facts.csv;recipes/dex/dex/0.24.0/helm-pain-report.yaml;recipes/dex/dex/0.24.0/weirdness-and-mitigations.md
dex/dex@0.24.0,webhooks,-,not observed or not applicable in chart facts,data/chart-facts/chart-facts.csv;recipes/dex/dex/0.24.0/helm-pain-report.yaml;recipes/dex/dex/0.24.0/weirdness-and-mitigations.md
dex/dex@0.24.0,required_values,-,not observed or not applicable in chart facts,data/chart-facts/chart-facts.csv;recipes/dex/dex/0.24.0/helm-pain-report.yaml;recipes/dex/dex/0.24.0/weirdness-and-mitigations.md
dex/dex@0.24.0,values_schema,-,not observed or not applicable in chart facts,data/chart-facts/chart-facts.csv;recipes/dex/dex/0.24.0/helm-pain-report.yaml;recipes/dex/dex/0.24.0/weirdness-and-mitigations.md
dex/dex@0.24.0,install_vs_upgrade,-,not observed or not applicable in chart facts,data/chart-facts/chart-facts.csv;recipes/dex/dex/0.24.0/helm-pain-report.yaml;recipes/dex/dex/0.24.0/weirdness-and-mitigations.md
dex/dex@0.24.0,notes,yes - NOTES.txt,tracked chart fact,data/chart-facts/chart-facts.csv;recipes/dex/dex/0.24.0/helm-pain-report.yaml;recipes/dex/dex/0.24.0/weirdness-and-mitigations.md
dex/dex@0.24.0,extension_slots,yes - per-use review,open extension slots require per-use review,data/chart-facts/chart-facts.csv;recipes/dex/dex/0.24.0/helm-pain-report.yaml;recipes/dex/dex/0.24.0/weirdness-and-mitigations.md
dex/dex@0.24.0,buildable_not_yet_run,existing-secret (buildable - not yet run),known build path exists but has not been promoted,data/chart-facts/chart-facts.csv;recipes/dex/dex/0.24.0/helm-pain-report.yaml;recipes/dex/dex/0.24.0/weirdness-and-mitigations.md
dex/dex@0.24.0,not_yet_enabled,- (no open gap: recommended capabilities built or n/a; quirks modeled - Level 2),no hard capability gap recorded,data/chart-facts/chart-facts.csv;recipes/dex/dex/0.24.0/helm-pain-report.yaml;recipes/dex/dex/0.24.0/weirdness-and-mitigations.md
elastic/eck-operator@3.4.0,post_deploy_hooks,-,not observed or not applicable in chart facts,data/chart-facts/chart-facts.csv;recipes/elastic/eck-operator/3.4.0/helm-pain-report.yaml;recipes/elastic/eck-operator/3.4.0/weirdness-and-mitigations.md
elastic/eck-operator@3.4.0,other_hooks,-,not observed or not applicable in chart facts,data/chart-facts/chart-facts.csv;recipes/elastic/eck-operator/3.4.0/helm-pain-report.yaml;recipes/elastic/eck-operator/3.4.0/weirdness-and-mitigations.md
elastic/eck-operator@3.4.0,hook_status,-,not observed or not applicable in chart facts,data/chart-facts/chart-facts.csv;recipes/elastic/eck-operator/3.4.0/helm-pain-report.yaml;recipes/elastic/eck-operator/3.4.0/weirdness-and-mitigations.md
elastic/eck-operator@3.4.0,generates_secrets,-,not observed or not applicable in chart facts,data/chart-facts/chart-facts.csv;recipes/elastic/eck-operator/3.4.0/helm-pain-report.yaml;recipes/elastic/eck-operator/3.4.0/weirdness-and-mitigations.md
elastic/eck-operator@3.4.0,existing_secret,buildable - not yet run,bring-your-own-secret route status,data/chart-facts/chart-facts.csv;recipes/elastic/eck-operator/3.4.0/helm-pain-report.yaml;recipes/elastic/eck-operator/3.4.0/weirdness-and-mitigations.md
elastic/eck-operator@3.4.0,crds,present,tracked chart fact,data/chart-facts/chart-facts.csv;recipes/elastic/eck-operator/3.4.0/helm-pain-report.yaml;recipes/elastic/eck-operator/3.4.0/weirdness-and-mitigations.md
elastic/eck-operator@3.4.0,no_crds_variant,built,CRD ownership route status,data/chart-facts/chart-facts.csv;recipes/elastic/eck-operator/3.4.0/helm-pain-report.yaml;recipes/elastic/eck-operator/3.4.0/weirdness-and-mitigations.md
elastic/eck-operator@3.4.0,webhooks,present,admission webhooks are present; count 1; raw count is in chart-facts.csv,data/chart-facts/chart-facts.csv;recipes/elastic/eck-operator/3.4.0/helm-pain-report.yaml;recipes/elastic/eck-operator/3.4.0/weirdness-and-mitigations.md
elastic/eck-operator@3.4.0,required_values,yes - mandatory inputs (required/fail),tracked chart fact,data/chart-facts/chart-facts.csv;recipes/elastic/eck-operator/3.4.0/helm-pain-report.yaml;recipes/elastic/eck-operator/3.4.0/weirdness-and-mitigations.md
elastic/eck-operator@3.4.0,values_schema,-,not observed or not applicable in chart facts,data/chart-facts/chart-facts.csv;recipes/elastic/eck-operator/3.4.0/helm-pain-report.yaml;recipes/elastic/eck-operator/3.4.0/weirdness-and-mitigations.md
elastic/eck-operator@3.4.0,install_vs_upgrade,-,not observed or not applicable in chart facts,data/chart-facts/chart-facts.csv;recipes/elastic/eck-operator/3.4.0/helm-pain-report.yaml;recipes/elastic/eck-operator/3.4.0/weirdness-and-mitigations.md
elastic/eck-operator@3.4.0,notes,yes - NOTES.txt,tracked chart fact,data/chart-facts/chart-facts.csv;recipes/elastic/eck-operator/3.4.0/helm-pain-report.yaml;recipes/elastic/eck-operator/3.4.0/weirdness-and-mitigations.md
elastic/eck-operator@3.4.0,extension_slots,yes - per-use review,open extension slots require per-use review,data/chart-facts/chart-facts.csv;recipes/elastic/eck-operator/3.4.0/helm-pain-report.yaml;recipes/elastic/eck-operator/3.4.0/weirdness-and-mitigations.md
elastic/eck-operator@3.4.0,buildable_not_yet_run,existing-secret (buildable - not yet run),known build path exists but has not been promoted,data/chart-facts/chart-facts.csv;recipes/elastic/eck-operator/3.4.0/helm-pain-report.yaml;recipes/elastic/eck-operator/3.4.0/weirdness-and-mitigations.md
elastic/eck-operator@3.4.0,not_yet_enabled,- (no open gap: recommended capabilities built or n/a; quirks modeled - Level 2),no hard capability gap recorded,data/chart-facts/chart-facts.csv;recipes/elastic/eck-operator/3.4.0/helm-pain-report.yaml;recipes/elastic/eck-operator/3.4.0/weirdness-and-mitigations.md
elastic/filebeat@8.5.1,post_deploy_hooks,-,not observed or not applicable in chart facts,data/chart-facts/chart-facts.csv;recipes/elastic/filebeat/8.5.1/helm-pain-report.yaml;recipes/elastic/filebeat/8.5.1/weirdness-and-mitigations.md
elastic/filebeat@8.5.1,other_hooks,-,not observed or not applicable in chart facts,data/chart-facts/chart-facts.csv;recipes/elastic/filebeat/8.5.1/helm-pain-report.yaml;recipes/elastic/filebeat/8.5.1/weirdness-and-mitigations.md
elastic/filebeat@8.5.1,hook_status,-,not observed or not applicable in chart facts,data/chart-facts/chart-facts.csv;recipes/elastic/filebeat/8.5.1/helm-pain-report.yaml;recipes/elastic/filebeat/8.5.1/weirdness-and-mitigations.md
elastic/filebeat@8.5.1,generates_secrets,-,not observed or not applicable in chart facts,data/chart-facts/chart-facts.csv;recipes/elastic/filebeat/8.5.1/helm-pain-report.yaml;recipes/elastic/filebeat/8.5.1/weirdness-and-mitigations.md
elastic/filebeat@8.5.1,existing_secret,n/a,bring-your-own-secret route status,data/chart-facts/chart-facts.csv;recipes/elastic/filebeat/8.5.1/helm-pain-report.yaml;recipes/elastic/filebeat/8.5.1/weirdness-and-mitigations.md
elastic/filebeat@8.5.1,crds,-,not observed or not applicable in chart facts,data/chart-facts/chart-facts.csv;recipes/elastic/filebeat/8.5.1/helm-pain-report.yaml;recipes/elastic/filebeat/8.5.1/weirdness-and-mitigations.md
elastic/filebeat@8.5.1,no_crds_variant,n/a (no CRDs),CRD ownership route status,data/chart-facts/chart-facts.csv;recipes/elastic/filebeat/8.5.1/helm-pain-report.yaml;recipes/elastic/filebeat/8.5.1/weirdness-and-mitigations.md
elastic/filebeat@8.5.1,webhooks,-,not observed or not applicable in chart facts,data/chart-facts/chart-facts.csv;recipes/elastic/filebeat/8.5.1/helm-pain-report.yaml;recipes/elastic/filebeat/8.5.1/weirdness-and-mitigations.md
elastic/filebeat@8.5.1,required_values,-,not observed or not applicable in chart facts,data/chart-facts/chart-facts.csv;recipes/elastic/filebeat/8.5.1/helm-pain-report.yaml;recipes/elastic/filebeat/8.5.1/weirdness-and-mitigations.md
elastic/filebeat@8.5.1,values_schema,-,not observed or not applicable in chart facts,data/chart-facts/chart-facts.csv;recipes/elastic/filebeat/8.5.1/helm-pain-report.yaml;recipes/elastic/filebeat/8.5.1/weirdness-and-mitigations.md
elastic/filebeat@8.5.1,install_vs_upgrade,-,not observed or not applicable in chart facts,data/chart-facts/chart-facts.csv;recipes/elastic/filebeat/8.5.1/helm-pain-report.yaml;recipes/elastic/filebeat/8.5.1/weirdness-and-mitigations.md
elastic/filebeat@8.5.1,notes,yes - NOTES.txt,tracked chart fact,data/chart-facts/chart-facts.csv;recipes/elastic/filebeat/8.5.1/helm-pain-report.yaml;recipes/elastic/filebeat/8.5.1/weirdness-and-mitigations.md
elastic/filebeat@8.5.1,extension_slots,yes - per-use review,open extension slots require per-use review,data/chart-facts/chart-facts.csv;recipes/elastic/filebeat/8.5.1/helm-pain-report.yaml;recipes/elastic/filebeat/8.5.1/weirdness-and-mitigations.md
elastic/filebeat@8.5.1,buildable_not_yet_run,-,not observed or not applicable in chart facts,data/chart-facts/chart-facts.csv;recipes/elastic/filebeat/8.5.1/helm-pain-report.yaml;recipes/elastic/filebeat/8.5.1/weirdness-and-mitigations.md
elastic/filebeat@8.5.1,not_yet_enabled,- (no open gap: recommended capabilities built or n/a; quirks modeled - Level 2),no hard capability gap recorded,data/chart-facts/chart-facts.csv;recipes/elastic/filebeat/8.5.1/helm-pain-report.yaml;recipes/elastic/filebeat/8.5.1/weirdness-and-mitigations.md
elastic/kibana@8.5.1,post_deploy_hooks,-,not observed or not applicable in chart facts,data/chart-facts/chart-facts.csv;recipes/elastic/kibana/8.5.1/helm-pain-report.yaml;recipes/elastic/kibana/8.5.1/weirdness-and-mitigations.md
elastic/kibana@8.5.1,other_hooks,-,not observed or not applicable in chart facts,data/chart-facts/chart-facts.csv;recipes/elastic/kibana/8.5.1/helm-pain-report.yaml;recipes/elastic/kibana/8.5.1/weirdness-and-mitigations.md
elastic/kibana@8.5.1,hook_status,-,not observed or not applicable in chart facts,data/chart-facts/chart-facts.csv;recipes/elastic/kibana/8.5.1/helm-pain-report.yaml;recipes/elastic/kibana/8.5.1/weirdness-and-mitigations.md
elastic/kibana@8.5.1,generates_secrets,-,not observed or not applicable in chart facts,data/chart-facts/chart-facts.csv;recipes/elastic/kibana/8.5.1/helm-pain-report.yaml;recipes/elastic/kibana/8.5.1/weirdness-and-mitigations.md
elastic/kibana@8.5.1,existing_secret,n/a,bring-your-own-secret route status,data/chart-facts/chart-facts.csv;recipes/elastic/kibana/8.5.1/helm-pain-report.yaml;recipes/elastic/kibana/8.5.1/weirdness-and-mitigations.md
elastic/kibana@8.5.1,crds,-,not observed or not applicable in chart facts,data/chart-facts/chart-facts.csv;recipes/elastic/kibana/8.5.1/helm-pain-report.yaml;recipes/elastic/kibana/8.5.1/weirdness-and-mitigations.md
elastic/kibana@8.5.1,no_crds_variant,n/a (no CRDs),CRD ownership route status,data/chart-facts/chart-facts.csv;recipes/elastic/kibana/8.5.1/helm-pain-report.yaml;recipes/elastic/kibana/8.5.1/weirdness-and-mitigations.md
elastic/kibana@8.5.1,webhooks,-,not observed or not applicable in chart facts,data/chart-facts/chart-facts.csv;recipes/elastic/kibana/8.5.1/helm-pain-report.yaml;recipes/elastic/kibana/8.5.1/weirdness-and-mitigations.md
elastic/kibana@8.5.1,required_values,-,not observed or not applicable in chart facts,data/chart-facts/chart-facts.csv;recipes/elastic/kibana/8.5.1/helm-pain-report.yaml;recipes/elastic/kibana/8.5.1/weirdness-and-mitigations.md
elastic/kibana@8.5.1,values_schema,-,not observed or not applicable in chart facts,data/chart-facts/chart-facts.csv;recipes/elastic/kibana/8.5.1/helm-pain-report.yaml;recipes/elastic/kibana/8.5.1/weirdness-and-mitigations.md
elastic/kibana@8.5.1,install_vs_upgrade,-,not observed or not applicable in chart facts,data/chart-facts/chart-facts.csv;recipes/elastic/kibana/8.5.1/helm-pain-report.yaml;recipes/elastic/kibana/8.5.1/weirdness-and-mitigations.md
elastic/kibana@8.5.1,notes,yes - NOTES.txt,tracked chart fact,data/chart-facts/chart-facts.csv;recipes/elastic/kibana/8.5.1/helm-pain-report.yaml;recipes/elastic/kibana/8.5.1/weirdness-and-mitigations.md
elastic/kibana@8.5.1,extension_slots,yes - per-use review,open extension slots require per-use review,data/chart-facts/chart-facts.csv;recipes/elastic/kibana/8.5.1/helm-pain-report.yaml;recipes/elastic/kibana/8.5.1/weirdness-and-mitigations.md
elastic/kibana@8.5.1,buildable_not_yet_run,-,not observed or not applicable in chart facts,data/chart-facts/chart-facts.csv;recipes/elastic/kibana/8.5.1/helm-pain-report.yaml;recipes/elastic/kibana/8.5.1/weirdness-and-mitigations.md
elastic/kibana@8.5.1,not_yet_enabled,- (no open gap: recommended capabilities built or n/a; quirks modeled - Level 2),no hard capability gap recorded,data/chart-facts/chart-facts.csv;recipes/elastic/kibana/8.5.1/helm-pain-report.yaml;recipes/elastic/kibana/8.5.1/weirdness-and-mitigations.md
elastic/logstash@8.5.1,post_deploy_hooks,-,not observed or not applicable in chart facts,data/chart-facts/chart-facts.csv;recipes/elastic/logstash/8.5.1/helm-pain-report.yaml;recipes/elastic/logstash/8.5.1/weirdness-and-mitigations.md
elastic/logstash@8.5.1,other_hooks,-,not observed or not applicable in chart facts,data/chart-facts/chart-facts.csv;recipes/elastic/logstash/8.5.1/helm-pain-report.yaml;recipes/elastic/logstash/8.5.1/weirdness-and-mitigations.md
elastic/logstash@8.5.1,hook_status,-,not observed or not applicable in chart facts,data/chart-facts/chart-facts.csv;recipes/elastic/logstash/8.5.1/helm-pain-report.yaml;recipes/elastic/logstash/8.5.1/weirdness-and-mitigations.md
elastic/logstash@8.5.1,generates_secrets,-,not observed or not applicable in chart facts,data/chart-facts/chart-facts.csv;recipes/elastic/logstash/8.5.1/helm-pain-report.yaml;recipes/elastic/logstash/8.5.1/weirdness-and-mitigations.md
elastic/logstash@8.5.1,existing_secret,n/a,bring-your-own-secret route status,data/chart-facts/chart-facts.csv;recipes/elastic/logstash/8.5.1/helm-pain-report.yaml;recipes/elastic/logstash/8.5.1/weirdness-and-mitigations.md
elastic/logstash@8.5.1,crds,-,not observed or not applicable in chart facts,data/chart-facts/chart-facts.csv;recipes/elastic/logstash/8.5.1/helm-pain-report.yaml;recipes/elastic/logstash/8.5.1/weirdness-and-mitigations.md
elastic/logstash@8.5.1,no_crds_variant,n/a (no CRDs),CRD ownership route status,data/chart-facts/chart-facts.csv;recipes/elastic/logstash/8.5.1/helm-pain-report.yaml;recipes/elastic/logstash/8.5.1/weirdness-and-mitigations.md
elastic/logstash@8.5.1,webhooks,-,not observed or not applicable in chart facts,data/chart-facts/chart-facts.csv;recipes/elastic/logstash/8.5.1/helm-pain-report.yaml;recipes/elastic/logstash/8.5.1/weirdness-and-mitigations.md
elastic/logstash@8.5.1,required_values,-,not observed or not applicable in chart facts,data/chart-facts/chart-facts.csv;recipes/elastic/logstash/8.5.1/helm-pain-report.yaml;recipes/elastic/logstash/8.5.1/weirdness-and-mitigations.md
elastic/logstash@8.5.1,values_schema,-,not observed or not applicable in chart facts,data/chart-facts/chart-facts.csv;recipes/elastic/logstash/8.5.1/helm-pain-report.yaml;recipes/elastic/logstash/8.5.1/weirdness-and-mitigations.md
elastic/logstash@8.5.1,install_vs_upgrade,-,not observed or not applicable in chart facts,data/chart-facts/chart-facts.csv;recipes/elastic/logstash/8.5.1/helm-pain-report.yaml;recipes/elastic/logstash/8.5.1/weirdness-and-mitigations.md
elastic/logstash@8.5.1,notes,yes - NOTES.txt,tracked chart fact,data/chart-facts/chart-facts.csv;recipes/elastic/logstash/8.5.1/helm-pain-report.yaml;recipes/elastic/logstash/8.5.1/weirdness-and-mitigations.md
elastic/logstash@8.5.1,extension_slots,yes - per-use review,open extension slots require per-use review,data/chart-facts/chart-facts.csv;recipes/elastic/logstash/8.5.1/helm-pain-report.yaml;recipes/elastic/logstash/8.5.1/weirdness-and-mitigations.md
elastic/logstash@8.5.1,buildable_not_yet_run,-,not observed or not applicable in chart facts,data/chart-facts/chart-facts.csv;recipes/elastic/logstash/8.5.1/helm-pain-report.yaml;recipes/elastic/logstash/8.5.1/weirdness-and-mitigations.md
elastic/logstash@8.5.1,not_yet_enabled,- (no open gap: recommended capabilities built or n/a; quirks modeled - Level 2),no hard capability gap recorded,data/chart-facts/chart-facts.csv;recipes/elastic/logstash/8.5.1/helm-pain-report.yaml;recipes/elastic/logstash/8.5.1/weirdness-and-mitigations.md
elastic/metricbeat@8.5.1,post_deploy_hooks,-,not observed or not applicable in chart facts,data/chart-facts/chart-facts.csv;recipes/elastic/metricbeat/8.5.1/helm-pain-report.yaml;recipes/elastic/metricbeat/8.5.1/weirdness-and-mitigations.md
elastic/metricbeat@8.5.1,other_hooks,-,not observed or not applicable in chart facts,data/chart-facts/chart-facts.csv;recipes/elastic/metricbeat/8.5.1/helm-pain-report.yaml;recipes/elastic/metricbeat/8.5.1/weirdness-and-mitigations.md
elastic/metricbeat@8.5.1,hook_status,-,not observed or not applicable in chart facts,data/chart-facts/chart-facts.csv;recipes/elastic/metricbeat/8.5.1/helm-pain-report.yaml;recipes/elastic/metricbeat/8.5.1/weirdness-and-mitigations.md
elastic/metricbeat@8.5.1,generates_secrets,-,not observed or not applicable in chart facts,data/chart-facts/chart-facts.csv;recipes/elastic/metricbeat/8.5.1/helm-pain-report.yaml;recipes/elastic/metricbeat/8.5.1/weirdness-and-mitigations.md
elastic/metricbeat@8.5.1,existing_secret,n/a,bring-your-own-secret route status,data/chart-facts/chart-facts.csv;recipes/elastic/metricbeat/8.5.1/helm-pain-report.yaml;recipes/elastic/metricbeat/8.5.1/weirdness-and-mitigations.md
elastic/metricbeat@8.5.1,crds,-,not observed or not applicable in chart facts,data/chart-facts/chart-facts.csv;recipes/elastic/metricbeat/8.5.1/helm-pain-report.yaml;recipes/elastic/metricbeat/8.5.1/weirdness-and-mitigations.md
elastic/metricbeat@8.5.1,no_crds_variant,n/a (no CRDs),CRD ownership route status,data/chart-facts/chart-facts.csv;recipes/elastic/metricbeat/8.5.1/helm-pain-report.yaml;recipes/elastic/metricbeat/8.5.1/weirdness-and-mitigations.md
elastic/metricbeat@8.5.1,webhooks,-,not observed or not applicable in chart facts,data/chart-facts/chart-facts.csv;recipes/elastic/metricbeat/8.5.1/helm-pain-report.yaml;recipes/elastic/metricbeat/8.5.1/weirdness-and-mitigations.md
elastic/metricbeat@8.5.1,required_values,-,not observed or not applicable in chart facts,data/chart-facts/chart-facts.csv;recipes/elastic/metricbeat/8.5.1/helm-pain-report.yaml;recipes/elastic/metricbeat/8.5.1/weirdness-and-mitigations.md
elastic/metricbeat@8.5.1,values_schema,-,not observed or not applicable in chart facts,data/chart-facts/chart-facts.csv;recipes/elastic/metricbeat/8.5.1/helm-pain-report.yaml;recipes/elastic/metricbeat/8.5.1/weirdness-and-mitigations.md
elastic/metricbeat@8.5.1,install_vs_upgrade,-,not observed or not applicable in chart facts,data/chart-facts/chart-facts.csv;recipes/elastic/metricbeat/8.5.1/helm-pain-report.yaml;recipes/elastic/metricbeat/8.5.1/weirdness-and-mitigations.md
elastic/metricbeat@8.5.1,notes,yes - NOTES.txt,tracked chart fact,data/chart-facts/chart-facts.csv;recipes/elastic/metricbeat/8.5.1/helm-pain-report.yaml;recipes/elastic/metricbeat/8.5.1/weirdness-and-mitigations.md
elastic/metricbeat@8.5.1,extension_slots,yes - per-use review,open extension slots require per-use review,data/chart-facts/chart-facts.csv;recipes/elastic/metricbeat/8.5.1/helm-pain-report.yaml;recipes/elastic/metricbeat/8.5.1/weirdness-and-mitigations.md
elastic/metricbeat@8.5.1,buildable_not_yet_run,-,not observed or not applicable in chart facts,data/chart-facts/chart-facts.csv;recipes/elastic/metricbeat/8.5.1/helm-pain-report.yaml;recipes/elastic/metricbeat/8.5.1/weirdness-and-mitigations.md
elastic/metricbeat@8.5.1,not_yet_enabled,- (no open gap: recommended capabilities built or n/a; quirks modeled - Level 2),no hard capability gap recorded,data/chart-facts/chart-facts.csv;recipes/elastic/metricbeat/8.5.1/helm-pain-report.yaml;recipes/elastic/metricbeat/8.5.1/weirdness-and-mitigations.md
external-dns/external-dns@1.21.1,post_deploy_hooks,-,not observed or not applicable in chart facts,data/chart-facts/chart-facts.csv;recipes/external-dns/external-dns/1.21.1/helm-pain-report.yaml;recipes/external-dns/external-dns/1.21.1/weirdness-and-mitigations.md
external-dns/external-dns@1.21.1,other_hooks,-,not observed or not applicable in chart facts,data/chart-facts/chart-facts.csv;recipes/external-dns/external-dns/1.21.1/helm-pain-report.yaml;recipes/external-dns/external-dns/1.21.1/weirdness-and-mitigations.md
external-dns/external-dns@1.21.1,hook_status,-,not observed or not applicable in chart facts,data/chart-facts/chart-facts.csv;recipes/external-dns/external-dns/1.21.1/helm-pain-report.yaml;recipes/external-dns/external-dns/1.21.1/weirdness-and-mitigations.md
external-dns/external-dns@1.21.1,generates_secrets,-,not observed or not applicable in chart facts,data/chart-facts/chart-facts.csv;recipes/external-dns/external-dns/1.21.1/helm-pain-report.yaml;recipes/external-dns/external-dns/1.21.1/weirdness-and-mitigations.md
external-dns/external-dns@1.21.1,existing_secret,buildable - not yet run,bring-your-own-secret route status,data/chart-facts/chart-facts.csv;recipes/external-dns/external-dns/1.21.1/helm-pain-report.yaml;recipes/external-dns/external-dns/1.21.1/weirdness-and-mitigations.md
external-dns/external-dns@1.21.1,crds,present,CRDs are present; count 1; raw count is in chart-facts.csv,data/chart-facts/chart-facts.csv;recipes/external-dns/external-dns/1.21.1/helm-pain-report.yaml;recipes/external-dns/external-dns/1.21.1/weirdness-and-mitigations.md
external-dns/external-dns@1.21.1,no_crds_variant,built,CRD ownership route status,data/chart-facts/chart-facts.csv;recipes/external-dns/external-dns/1.21.1/helm-pain-report.yaml;recipes/external-dns/external-dns/1.21.1/weirdness-and-mitigations.md
external-dns/external-dns@1.21.1,webhooks,-,not observed or not applicable in chart facts,data/chart-facts/chart-facts.csv;recipes/external-dns/external-dns/1.21.1/helm-pain-report.yaml;recipes/external-dns/external-dns/1.21.1/weirdness-and-mitigations.md
external-dns/external-dns@1.21.1,required_values,yes - mandatory inputs (required/fail),tracked chart fact,data/chart-facts/chart-facts.csv;recipes/external-dns/external-dns/1.21.1/helm-pain-report.yaml;recipes/external-dns/external-dns/1.21.1/weirdness-and-mitigations.md
external-dns/external-dns@1.21.1,values_schema,yes - values.schema.json,tracked chart fact,data/chart-facts/chart-facts.csv;recipes/external-dns/external-dns/1.21.1/helm-pain-report.yaml;recipes/external-dns/external-dns/1.21.1/weirdness-and-mitigations.md
external-dns/external-dns@1.21.1,install_vs_upgrade,-,not observed or not applicable in chart facts,data/chart-facts/chart-facts.csv;recipes/external-dns/external-dns/1.21.1/helm-pain-report.yaml;recipes/external-dns/external-dns/1.21.1/weirdness-and-mitigations.md
external-dns/external-dns@1.21.1,notes,yes - NOTES.txt,tracked chart fact,data/chart-facts/chart-facts.csv;recipes/external-dns/external-dns/1.21.1/helm-pain-report.yaml;recipes/external-dns/external-dns/1.21.1/weirdness-and-mitigations.md
external-dns/external-dns@1.21.1,extension_slots,yes - per-use review,open extension slots require per-use review,data/chart-facts/chart-facts.csv;recipes/external-dns/external-dns/1.21.1/helm-pain-report.yaml;recipes/external-dns/external-dns/1.21.1/weirdness-and-mitigations.md
external-dns/external-dns@1.21.1,buildable_not_yet_run,existing-secret (buildable - not yet run),known build path exists but has not been promoted,data/chart-facts/chart-facts.csv;recipes/external-dns/external-dns/1.21.1/helm-pain-report.yaml;recipes/external-dns/external-dns/1.21.1/weirdness-and-mitigations.md
external-dns/external-dns@1.21.1,not_yet_enabled,- (no open gap: recommended capabilities built or n/a; quirks modeled - Level 2),no hard capability gap recorded,data/chart-facts/chart-facts.csv;recipes/external-dns/external-dns/1.21.1/helm-pain-report.yaml;recipes/external-dns/external-dns/1.21.1/weirdness-and-mitigations.md
external-secrets/external-secrets@2.5.0,post_deploy_hooks,-,not observed or not applicable in chart facts,data/chart-facts/chart-facts.csv;recipes/external-secrets/external-secrets/2.5.0/helm-pain-report.yaml;recipes/external-secrets/external-secrets/2.5.0/weirdness-and-mitigations.md
external-secrets/external-secrets@2.5.0,other_hooks,-,not observed or not applicable in chart facts,data/chart-facts/chart-facts.csv;recipes/external-secrets/external-secrets/2.5.0/helm-pain-report.yaml;recipes/external-secrets/external-secrets/2.5.0/weirdness-and-mitigations.md
external-secrets/external-secrets@2.5.0,hook_status,-,not observed or not applicable in chart facts,data/chart-facts/chart-facts.csv;recipes/external-secrets/external-secrets/2.5.0/helm-pain-report.yaml;recipes/external-secrets/external-secrets/2.5.0/weirdness-and-mitigations.md
external-secrets/external-secrets@2.5.0,generates_secrets,-,not observed or not applicable in chart facts,data/chart-facts/chart-facts.csv;recipes/external-secrets/external-secrets/2.5.0/helm-pain-report.yaml;recipes/external-secrets/external-secrets/2.5.0/weirdness-and-mitigations.md
external-secrets/external-secrets@2.5.0,existing_secret,buildable - not yet run,bring-your-own-secret route status,data/chart-facts/chart-facts.csv;recipes/external-secrets/external-secrets/2.5.0/helm-pain-report.yaml;recipes/external-secrets/external-secrets/2.5.0/weirdness-and-mitigations.md
external-secrets/external-secrets@2.5.0,crds,present,tracked chart fact,data/chart-facts/chart-facts.csv;recipes/external-secrets/external-secrets/2.5.0/helm-pain-report.yaml;recipes/external-secrets/external-secrets/2.5.0/weirdness-and-mitigations.md
external-secrets/external-secrets@2.5.0,no_crds_variant,built,CRD ownership route status,data/chart-facts/chart-facts.csv;recipes/external-secrets/external-secrets/2.5.0/helm-pain-report.yaml;recipes/external-secrets/external-secrets/2.5.0/weirdness-and-mitigations.md
external-secrets/external-secrets@2.5.0,webhooks,-,not observed or not applicable in chart facts,data/chart-facts/chart-facts.csv;recipes/external-secrets/external-secrets/2.5.0/helm-pain-report.yaml;recipes/external-secrets/external-secrets/2.5.0/weirdness-and-mitigations.md
external-secrets/external-secrets@2.5.0,required_values,-,not observed or not applicable in chart facts,data/chart-facts/chart-facts.csv;recipes/external-secrets/external-secrets/2.5.0/helm-pain-report.yaml;recipes/external-secrets/external-secrets/2.5.0/weirdness-and-mitigations.md
external-secrets/external-secrets@2.5.0,values_schema,-,not observed or not applicable in chart facts,data/chart-facts/chart-facts.csv;recipes/external-secrets/external-secrets/2.5.0/helm-pain-report.yaml;recipes/external-secrets/external-secrets/2.5.0/weirdness-and-mitigations.md
external-secrets/external-secrets@2.5.0,install_vs_upgrade,-,not observed or not applicable in chart facts,data/chart-facts/chart-facts.csv;recipes/external-secrets/external-secrets/2.5.0/helm-pain-report.yaml;recipes/external-secrets/external-secrets/2.5.0/weirdness-and-mitigations.md
external-secrets/external-secrets@2.5.0,notes,-,not observed or not applicable in chart facts,data/chart-facts/chart-facts.csv;recipes/external-secrets/external-secrets/2.5.0/helm-pain-report.yaml;recipes/external-secrets/external-secrets/2.5.0/weirdness-and-mitigations.md
external-secrets/external-secrets@2.5.0,extension_slots,yes - per-use review,open extension slots require per-use review,data/chart-facts/chart-facts.csv;recipes/external-secrets/external-secrets/2.5.0/helm-pain-report.yaml;recipes/external-secrets/external-secrets/2.5.0/weirdness-and-mitigations.md
external-secrets/external-secrets@2.5.0,buildable_not_yet_run,existing-secret (buildable - not yet run),known build path exists but has not been promoted,data/chart-facts/chart-facts.csv;recipes/external-secrets/external-secrets/2.5.0/helm-pain-report.yaml;recipes/external-secrets/external-secrets/2.5.0/weirdness-and-mitigations.md
external-secrets/external-secrets@2.5.0,not_yet_enabled,- (no open gap: recommended capabilities built or n/a; quirks modeled - Level 2),no hard capability gap recorded,data/chart-facts/chart-facts.csv;recipes/external-secrets/external-secrets/2.5.0/helm-pain-report.yaml;recipes/external-secrets/external-secrets/2.5.0/weirdness-and-mitigations.md
fairwinds-stable/goldilocks@10.3.0,post_deploy_hooks,-,not observed or not applicable in chart facts,data/chart-facts/chart-facts.csv;recipes/fairwinds-stable/goldilocks/10.3.0/helm-pain-report.yaml;recipes/fairwinds-stable/goldilocks/10.3.0/weirdness-and-mitigations.md
fairwinds-stable/goldilocks@10.3.0,other_hooks,-,not observed or not applicable in chart facts,data/chart-facts/chart-facts.csv;recipes/fairwinds-stable/goldilocks/10.3.0/helm-pain-report.yaml;recipes/fairwinds-stable/goldilocks/10.3.0/weirdness-and-mitigations.md
fairwinds-stable/goldilocks@10.3.0,hook_status,-,not observed or not applicable in chart facts,data/chart-facts/chart-facts.csv;recipes/fairwinds-stable/goldilocks/10.3.0/helm-pain-report.yaml;recipes/fairwinds-stable/goldilocks/10.3.0/weirdness-and-mitigations.md
fairwinds-stable/goldilocks@10.3.0,generates_secrets,yes,tracked chart fact,data/chart-facts/chart-facts.csv;recipes/fairwinds-stable/goldilocks/10.3.0/helm-pain-report.yaml;recipes/fairwinds-stable/goldilocks/10.3.0/weirdness-and-mitigations.md
fairwinds-stable/goldilocks@10.3.0,existing_secret,NOT built - chart ships no Secret toggle (#113),bring-your-own-secret route status,data/chart-facts/chart-facts.csv;recipes/fairwinds-stable/goldilocks/10.3.0/helm-pain-report.yaml;recipes/fairwinds-stable/goldilocks/10.3.0/weirdness-and-mitigations.md
fairwinds-stable/goldilocks@10.3.0,crds,present,CRDs are present; count 1; raw count is in chart-facts.csv,data/chart-facts/chart-facts.csv;recipes/fairwinds-stable/goldilocks/10.3.0/helm-pain-report.yaml;recipes/fairwinds-stable/goldilocks/10.3.0/weirdness-and-mitigations.md
fairwinds-stable/goldilocks@10.3.0,no_crds_variant,buildable - not yet run,CRD ownership route status,data/chart-facts/chart-facts.csv;recipes/fairwinds-stable/goldilocks/10.3.0/helm-pain-report.yaml;recipes/fairwinds-stable/goldilocks/10.3.0/weirdness-and-mitigations.md
fairwinds-stable/goldilocks@10.3.0,webhooks,present,admission webhooks are present; count 1; raw count is in chart-facts.csv,data/chart-facts/chart-facts.csv;recipes/fairwinds-stable/goldilocks/10.3.0/helm-pain-report.yaml;recipes/fairwinds-stable/goldilocks/10.3.0/weirdness-and-mitigations.md
fairwinds-stable/goldilocks@10.3.0,required_values,-,not observed or not applicable in chart facts,data/chart-facts/chart-facts.csv;recipes/fairwinds-stable/goldilocks/10.3.0/helm-pain-report.yaml;recipes/fairwinds-stable/goldilocks/10.3.0/weirdness-and-mitigations.md
fairwinds-stable/goldilocks@10.3.0,values_schema,-,not observed or not applicable in chart facts,data/chart-facts/chart-facts.csv;recipes/fairwinds-stable/goldilocks/10.3.0/helm-pain-report.yaml;recipes/fairwinds-stable/goldilocks/10.3.0/weirdness-and-mitigations.md
fairwinds-stable/goldilocks@10.3.0,install_vs_upgrade,-,not observed or not applicable in chart facts,data/chart-facts/chart-facts.csv;recipes/fairwinds-stable/goldilocks/10.3.0/helm-pain-report.yaml;recipes/fairwinds-stable/goldilocks/10.3.0/weirdness-and-mitigations.md
fairwinds-stable/goldilocks@10.3.0,notes,yes - NOTES.txt,tracked chart fact,data/chart-facts/chart-facts.csv;recipes/fairwinds-stable/goldilocks/10.3.0/helm-pain-report.yaml;recipes/fairwinds-stable/goldilocks/10.3.0/weirdness-and-mitigations.md
fairwinds-stable/goldilocks@10.3.0,extension_slots,yes - per-use review,open extension slots require per-use review,data/chart-facts/chart-facts.csv;recipes/fairwinds-stable/goldilocks/10.3.0/helm-pain-report.yaml;recipes/fairwinds-stable/goldilocks/10.3.0/weirdness-and-mitigations.md
fairwinds-stable/goldilocks@10.3.0,buildable_not_yet_run,-,not observed or not applicable in chart facts,data/chart-facts/chart-facts.csv;recipes/fairwinds-stable/goldilocks/10.3.0/helm-pain-report.yaml;recipes/fairwinds-stable/goldilocks/10.3.0/weirdness-and-mitigations.md
fairwinds-stable/goldilocks@10.3.0,not_yet_enabled,existing-secret (chart ships no Secret toggle - #113),hard gap or curated proof lane remains,data/chart-facts/chart-facts.csv;recipes/fairwinds-stable/goldilocks/10.3.0/helm-pain-report.yaml;recipes/fairwinds-stable/goldilocks/10.3.0/weirdness-and-mitigations.md
fairwinds-stable/vpa@4.11.0,post_deploy_hooks,-,not observed or not applicable in chart facts,data/chart-facts/chart-facts.csv;recipes/fairwinds-stable/vpa/4.11.0/helm-pain-report.yaml;recipes/fairwinds-stable/vpa/4.11.0/weirdness-and-mitigations.md
fairwinds-stable/vpa@4.11.0,other_hooks,-,not observed or not applicable in chart facts,data/chart-facts/chart-facts.csv;recipes/fairwinds-stable/vpa/4.11.0/helm-pain-report.yaml;recipes/fairwinds-stable/vpa/4.11.0/weirdness-and-mitigations.md
fairwinds-stable/vpa@4.11.0,hook_status,-,not observed or not applicable in chart facts,data/chart-facts/chart-facts.csv;recipes/fairwinds-stable/vpa/4.11.0/helm-pain-report.yaml;recipes/fairwinds-stable/vpa/4.11.0/weirdness-and-mitigations.md
fairwinds-stable/vpa@4.11.0,generates_secrets,-,not observed or not applicable in chart facts,data/chart-facts/chart-facts.csv;recipes/fairwinds-stable/vpa/4.11.0/helm-pain-report.yaml;recipes/fairwinds-stable/vpa/4.11.0/weirdness-and-mitigations.md
fairwinds-stable/vpa@4.11.0,existing_secret,n/a,bring-your-own-secret route status,data/chart-facts/chart-facts.csv;recipes/fairwinds-stable/vpa/4.11.0/helm-pain-report.yaml;recipes/fairwinds-stable/vpa/4.11.0/weirdness-and-mitigations.md
fairwinds-stable/vpa@4.11.0,crds,present,CRDs are present; count 1; raw count is in chart-facts.csv,data/chart-facts/chart-facts.csv;recipes/fairwinds-stable/vpa/4.11.0/helm-pain-report.yaml;recipes/fairwinds-stable/vpa/4.11.0/weirdness-and-mitigations.md
fairwinds-stable/vpa@4.11.0,no_crds_variant,built,CRD ownership route status,data/chart-facts/chart-facts.csv;recipes/fairwinds-stable/vpa/4.11.0/helm-pain-report.yaml;recipes/fairwinds-stable/vpa/4.11.0/weirdness-and-mitigations.md
fairwinds-stable/vpa@4.11.0,webhooks,present,admission webhooks are present; count 1; raw count is in chart-facts.csv,data/chart-facts/chart-facts.csv;recipes/fairwinds-stable/vpa/4.11.0/helm-pain-report.yaml;recipes/fairwinds-stable/vpa/4.11.0/weirdness-and-mitigations.md
fairwinds-stable/vpa@4.11.0,required_values,-,not observed or not applicable in chart facts,data/chart-facts/chart-facts.csv;recipes/fairwinds-stable/vpa/4.11.0/helm-pain-report.yaml;recipes/fairwinds-stable/vpa/4.11.0/weirdness-and-mitigations.md
fairwinds-stable/vpa@4.11.0,values_schema,-,not observed or not applicable in chart facts,data/chart-facts/chart-facts.csv;recipes/fairwinds-stable/vpa/4.11.0/helm-pain-report.yaml;recipes/fairwinds-stable/vpa/4.11.0/weirdness-and-mitigations.md
fairwinds-stable/vpa@4.11.0,install_vs_upgrade,-,not observed or not applicable in chart facts,data/chart-facts/chart-facts.csv;recipes/fairwinds-stable/vpa/4.11.0/helm-pain-report.yaml;recipes/fairwinds-stable/vpa/4.11.0/weirdness-and-mitigations.md
fairwinds-stable/vpa@4.11.0,notes,yes - NOTES.txt,tracked chart fact,data/chart-facts/chart-facts.csv;recipes/fairwinds-stable/vpa/4.11.0/helm-pain-report.yaml;recipes/fairwinds-stable/vpa/4.11.0/weirdness-and-mitigations.md
fairwinds-stable/vpa@4.11.0,extension_slots,yes - per-use review,open extension slots require per-use review,data/chart-facts/chart-facts.csv;recipes/fairwinds-stable/vpa/4.11.0/helm-pain-report.yaml;recipes/fairwinds-stable/vpa/4.11.0/weirdness-and-mitigations.md
fairwinds-stable/vpa@4.11.0,buildable_not_yet_run,-,not observed or not applicable in chart facts,data/chart-facts/chart-facts.csv;recipes/fairwinds-stable/vpa/4.11.0/helm-pain-report.yaml;recipes/fairwinds-stable/vpa/4.11.0/weirdness-and-mitigations.md
fairwinds-stable/vpa@4.11.0,not_yet_enabled,- (no open gap: recommended capabilities built or n/a; quirks modeled - Level 2),no hard capability gap recorded,data/chart-facts/chart-facts.csv;recipes/fairwinds-stable/vpa/4.11.0/helm-pain-report.yaml;recipes/fairwinds-stable/vpa/4.11.0/weirdness-and-mitigations.md
falcosecurity/falco@9.0.0,post_deploy_hooks,-,not observed or not applicable in chart facts,data/chart-facts/chart-facts.csv;recipes/falcosecurity/falco/9.0.0/helm-pain-report.yaml;recipes/falcosecurity/falco/9.0.0/weirdness-and-mitigations.md
falcosecurity/falco@9.0.0,other_hooks,-,not observed or not applicable in chart facts,data/chart-facts/chart-facts.csv;recipes/falcosecurity/falco/9.0.0/helm-pain-report.yaml;recipes/falcosecurity/falco/9.0.0/weirdness-and-mitigations.md
falcosecurity/falco@9.0.0,hook_status,-,not observed or not applicable in chart facts,data/chart-facts/chart-facts.csv;recipes/falcosecurity/falco/9.0.0/helm-pain-report.yaml;recipes/falcosecurity/falco/9.0.0/weirdness-and-mitigations.md
falcosecurity/falco@9.0.0,generates_secrets,-,not observed or not applicable in chart facts,data/chart-facts/chart-facts.csv;recipes/falcosecurity/falco/9.0.0/helm-pain-report.yaml;recipes/falcosecurity/falco/9.0.0/weirdness-and-mitigations.md
falcosecurity/falco@9.0.0,existing_secret,buildable - not yet run,bring-your-own-secret route status,data/chart-facts/chart-facts.csv;recipes/falcosecurity/falco/9.0.0/helm-pain-report.yaml;recipes/falcosecurity/falco/9.0.0/weirdness-and-mitigations.md
falcosecurity/falco@9.0.0,crds,-,not observed or not applicable in chart facts,data/chart-facts/chart-facts.csv;recipes/falcosecurity/falco/9.0.0/helm-pain-report.yaml;recipes/falcosecurity/falco/9.0.0/weirdness-and-mitigations.md
falcosecurity/falco@9.0.0,no_crds_variant,n/a (no CRDs),CRD ownership route status,data/chart-facts/chart-facts.csv;recipes/falcosecurity/falco/9.0.0/helm-pain-report.yaml;recipes/falcosecurity/falco/9.0.0/weirdness-and-mitigations.md
falcosecurity/falco@9.0.0,webhooks,-,not observed or not applicable in chart facts,data/chart-facts/chart-facts.csv;recipes/falcosecurity/falco/9.0.0/helm-pain-report.yaml;recipes/falcosecurity/falco/9.0.0/weirdness-and-mitigations.md
falcosecurity/falco@9.0.0,required_values,yes - mandatory inputs (required/fail),tracked chart fact,data/chart-facts/chart-facts.csv;recipes/falcosecurity/falco/9.0.0/helm-pain-report.yaml;recipes/falcosecurity/falco/9.0.0/weirdness-and-mitigations.md
falcosecurity/falco@9.0.0,values_schema,-,not observed or not applicable in chart facts,data/chart-facts/chart-facts.csv;recipes/falcosecurity/falco/9.0.0/helm-pain-report.yaml;recipes/falcosecurity/falco/9.0.0/weirdness-and-mitigations.md
falcosecurity/falco@9.0.0,install_vs_upgrade,-,not observed or not applicable in chart facts,data/chart-facts/chart-facts.csv;recipes/falcosecurity/falco/9.0.0/helm-pain-report.yaml;recipes/falcosecurity/falco/9.0.0/weirdness-and-mitigations.md
falcosecurity/falco@9.0.0,notes,yes - NOTES.txt,tracked chart fact,data/chart-facts/chart-facts.csv;recipes/falcosecurity/falco/9.0.0/helm-pain-report.yaml;recipes/falcosecurity/falco/9.0.0/weirdness-and-mitigations.md
falcosecurity/falco@9.0.0,extension_slots,yes - per-use review,open extension slots require per-use review,data/chart-facts/chart-facts.csv;recipes/falcosecurity/falco/9.0.0/helm-pain-report.yaml;recipes/falcosecurity/falco/9.0.0/weirdness-and-mitigations.md
falcosecurity/falco@9.0.0,buildable_not_yet_run,existing-secret (buildable - not yet run),known build path exists but has not been promoted,data/chart-facts/chart-facts.csv;recipes/falcosecurity/falco/9.0.0/helm-pain-report.yaml;recipes/falcosecurity/falco/9.0.0/weirdness-and-mitigations.md
falcosecurity/falco@9.0.0,not_yet_enabled,- (no open gap: recommended capabilities built or n/a; quirks modeled - Level 2),no hard capability gap recorded,data/chart-facts/chart-facts.csv;recipes/falcosecurity/falco/9.0.0/helm-pain-report.yaml;recipes/falcosecurity/falco/9.0.0/weirdness-and-mitigations.md
falcosecurity/falcosidekick@0.13.1,post_deploy_hooks,-,not observed or not applicable in chart facts,data/chart-facts/chart-facts.csv;recipes/falcosecurity/falcosidekick/0.13.1/helm-pain-report.yaml;recipes/falcosecurity/falcosidekick/0.13.1/weirdness-and-mitigations.md
falcosecurity/falcosidekick@0.13.1,other_hooks,-,not observed or not applicable in chart facts,data/chart-facts/chart-facts.csv;recipes/falcosecurity/falcosidekick/0.13.1/helm-pain-report.yaml;recipes/falcosecurity/falcosidekick/0.13.1/weirdness-and-mitigations.md
falcosecurity/falcosidekick@0.13.1,hook_status,-,not observed or not applicable in chart facts,data/chart-facts/chart-facts.csv;recipes/falcosecurity/falcosidekick/0.13.1/helm-pain-report.yaml;recipes/falcosecurity/falcosidekick/0.13.1/weirdness-and-mitigations.md
falcosecurity/falcosidekick@0.13.1,generates_secrets,-,not observed or not applicable in chart facts,data/chart-facts/chart-facts.csv;recipes/falcosecurity/falcosidekick/0.13.1/helm-pain-report.yaml;recipes/falcosecurity/falcosidekick/0.13.1/weirdness-and-mitigations.md
falcosecurity/falcosidekick@0.13.1,existing_secret,buildable - not yet run,bring-your-own-secret route status,data/chart-facts/chart-facts.csv;recipes/falcosecurity/falcosidekick/0.13.1/helm-pain-report.yaml;recipes/falcosecurity/falcosidekick/0.13.1/weirdness-and-mitigations.md
falcosecurity/falcosidekick@0.13.1,crds,-,not observed or not applicable in chart facts,data/chart-facts/chart-facts.csv;recipes/falcosecurity/falcosidekick/0.13.1/helm-pain-report.yaml;recipes/falcosecurity/falcosidekick/0.13.1/weirdness-and-mitigations.md
falcosecurity/falcosidekick@0.13.1,no_crds_variant,n/a (no CRDs),CRD ownership route status,data/chart-facts/chart-facts.csv;recipes/falcosecurity/falcosidekick/0.13.1/helm-pain-report.yaml;recipes/falcosecurity/falcosidekick/0.13.1/weirdness-and-mitigations.md
falcosecurity/falcosidekick@0.13.1,webhooks,-,not observed or not applicable in chart facts,data/chart-facts/chart-facts.csv;recipes/falcosecurity/falcosidekick/0.13.1/helm-pain-report.yaml;recipes/falcosecurity/falcosidekick/0.13.1/weirdness-and-mitigations.md
falcosecurity/falcosidekick@0.13.1,required_values,yes - mandatory inputs (required/fail),tracked chart fact,data/chart-facts/chart-facts.csv;recipes/falcosecurity/falcosidekick/0.13.1/helm-pain-report.yaml;recipes/falcosecurity/falcosidekick/0.13.1/weirdness-and-mitigations.md
falcosecurity/falcosidekick@0.13.1,values_schema,-,not observed or not applicable in chart facts,data/chart-facts/chart-facts.csv;recipes/falcosecurity/falcosidekick/0.13.1/helm-pain-report.yaml;recipes/falcosecurity/falcosidekick/0.13.1/weirdness-and-mitigations.md
falcosecurity/falcosidekick@0.13.1,install_vs_upgrade,-,not observed or not applicable in chart facts,data/chart-facts/chart-facts.csv;recipes/falcosecurity/falcosidekick/0.13.1/helm-pain-report.yaml;recipes/falcosecurity/falcosidekick/0.13.1/weirdness-and-mitigations.md
falcosecurity/falcosidekick@0.13.1,notes,yes - NOTES.txt,tracked chart fact,data/chart-facts/chart-facts.csv;recipes/falcosecurity/falcosidekick/0.13.1/helm-pain-report.yaml;recipes/falcosecurity/falcosidekick/0.13.1/weirdness-and-mitigations.md
falcosecurity/falcosidekick@0.13.1,extension_slots,yes - per-use review,open extension slots require per-use review,data/chart-facts/chart-facts.csv;recipes/falcosecurity/falcosidekick/0.13.1/helm-pain-report.yaml;recipes/falcosecurity/falcosidekick/0.13.1/weirdness-and-mitigations.md
falcosecurity/falcosidekick@0.13.1,buildable_not_yet_run,existing-secret (buildable - not yet run),known build path exists but has not been promoted,data/chart-facts/chart-facts.csv;recipes/falcosecurity/falcosidekick/0.13.1/helm-pain-report.yaml;recipes/falcosecurity/falcosidekick/0.13.1/weirdness-and-mitigations.md
falcosecurity/falcosidekick@0.13.1,not_yet_enabled,- (no open gap: recommended capabilities built or n/a; quirks modeled - Level 2),no hard capability gap recorded,data/chart-facts/chart-facts.csv;recipes/falcosecurity/falcosidekick/0.13.1/helm-pain-report.yaml;recipes/falcosecurity/falcosidekick/0.13.1/weirdness-and-mitigations.md
fluent/fluent-bit@0.57.6,post_deploy_hooks,-,not observed or not applicable in chart facts,data/chart-facts/chart-facts.csv;recipes/fluent/fluent-bit/0.57.6/helm-pain-report.yaml;recipes/fluent/fluent-bit/0.57.6/weirdness-and-mitigations.md;data/hook-lifecycle/receipts/fluent-fluent-bit/default/latest.yaml
fluent/fluent-bit@0.57.6,other_hooks,test,hook route is selected; runtime execution or observation is still required,data/chart-facts/chart-facts.csv;recipes/fluent/fluent-bit/0.57.6/helm-pain-report.yaml;recipes/fluent/fluent-bit/0.57.6/weirdness-and-mitigations.md;data/hook-lifecycle/receipts/fluent-fluent-bit/default/latest.yaml
fluent/fluent-bit@0.57.6,hook_status,lifecycle-policy: ConfigHub applies / Flux|Argo runs (live receipt pending),hook route is selected; runtime execution or observation is still required,data/chart-facts/chart-facts.csv;recipes/fluent/fluent-bit/0.57.6/helm-pain-report.yaml;recipes/fluent/fluent-bit/0.57.6/weirdness-and-mitigations.md;data/hook-lifecycle/receipts/fluent-fluent-bit/default/latest.yaml
fluent/fluent-bit@0.57.6,generates_secrets,-,not observed or not applicable in chart facts,data/chart-facts/chart-facts.csv;recipes/fluent/fluent-bit/0.57.6/helm-pain-report.yaml;recipes/fluent/fluent-bit/0.57.6/weirdness-and-mitigations.md
fluent/fluent-bit@0.57.6,existing_secret,n/a,bring-your-own-secret route status,data/chart-facts/chart-facts.csv;recipes/fluent/fluent-bit/0.57.6/helm-pain-report.yaml;recipes/fluent/fluent-bit/0.57.6/weirdness-and-mitigations.md
fluent/fluent-bit@0.57.6,crds,-,not observed or not applicable in chart facts,data/chart-facts/chart-facts.csv;recipes/fluent/fluent-bit/0.57.6/helm-pain-report.yaml;recipes/fluent/fluent-bit/0.57.6/weirdness-and-mitigations.md
fluent/fluent-bit@0.57.6,no_crds_variant,n/a (no CRDs),CRD ownership route status,data/chart-facts/chart-facts.csv;recipes/fluent/fluent-bit/0.57.6/helm-pain-report.yaml;recipes/fluent/fluent-bit/0.57.6/weirdness-and-mitigations.md
fluent/fluent-bit@0.57.6,webhooks,-,not observed or not applicable in chart facts,data/chart-facts/chart-facts.csv;recipes/fluent/fluent-bit/0.57.6/helm-pain-report.yaml;recipes/fluent/fluent-bit/0.57.6/weirdness-and-mitigations.md
fluent/fluent-bit@0.57.6,required_values,-,not observed or not applicable in chart facts,data/chart-facts/chart-facts.csv;recipes/fluent/fluent-bit/0.57.6/helm-pain-report.yaml;recipes/fluent/fluent-bit/0.57.6/weirdness-and-mitigations.md
fluent/fluent-bit@0.57.6,values_schema,-,not observed or not applicable in chart facts,data/chart-facts/chart-facts.csv;recipes/fluent/fluent-bit/0.57.6/helm-pain-report.yaml;recipes/fluent/fluent-bit/0.57.6/weirdness-and-mitigations.md
fluent/fluent-bit@0.57.6,install_vs_upgrade,-,not observed or not applicable in chart facts,data/chart-facts/chart-facts.csv;recipes/fluent/fluent-bit/0.57.6/helm-pain-report.yaml;recipes/fluent/fluent-bit/0.57.6/weirdness-and-mitigations.md
fluent/fluent-bit@0.57.6,notes,yes - NOTES.txt,tracked chart fact,data/chart-facts/chart-facts.csv;recipes/fluent/fluent-bit/0.57.6/helm-pain-report.yaml;recipes/fluent/fluent-bit/0.57.6/weirdness-and-mitigations.md
fluent/fluent-bit@0.57.6,extension_slots,yes - per-use review,open extension slots require per-use review,data/chart-facts/chart-facts.csv;recipes/fluent/fluent-bit/0.57.6/helm-pain-report.yaml;recipes/fluent/fluent-bit/0.57.6/weirdness-and-mitigations.md
fluent/fluent-bit@0.57.6,buildable_not_yet_run,-,not observed or not applicable in chart facts,data/chart-facts/chart-facts.csv;recipes/fluent/fluent-bit/0.57.6/helm-pain-report.yaml;recipes/fluent/fluent-bit/0.57.6/weirdness-and-mitigations.md
fluent/fluent-bit@0.57.6,not_yet_enabled,- (no open gap: recommended capabilities built or n/a; quirks modeled - Level 2),no hard capability gap recorded,data/chart-facts/chart-facts.csv;recipes/fluent/fluent-bit/0.57.6/helm-pain-report.yaml;recipes/fluent/fluent-bit/0.57.6/weirdness-and-mitigations.md
fluent/fluentd@0.5.3,post_deploy_hooks,-,not observed or not applicable in chart facts,data/chart-facts/chart-facts.csv;recipes/fluent/fluentd/0.5.3/helm-pain-report.yaml;recipes/fluent/fluentd/0.5.3/weirdness-and-mitigations.md
fluent/fluentd@0.5.3,other_hooks,-,not observed or not applicable in chart facts,data/chart-facts/chart-facts.csv;recipes/fluent/fluentd/0.5.3/helm-pain-report.yaml;recipes/fluent/fluentd/0.5.3/weirdness-and-mitigations.md
fluent/fluentd@0.5.3,hook_status,-,not observed or not applicable in chart facts,data/chart-facts/chart-facts.csv;recipes/fluent/fluentd/0.5.3/helm-pain-report.yaml;recipes/fluent/fluentd/0.5.3/weirdness-and-mitigations.md
fluent/fluentd@0.5.3,generates_secrets,-,not observed or not applicable in chart facts,data/chart-facts/chart-facts.csv;recipes/fluent/fluentd/0.5.3/helm-pain-report.yaml;recipes/fluent/fluentd/0.5.3/weirdness-and-mitigations.md
fluent/fluentd@0.5.3,existing_secret,n/a,bring-your-own-secret route status,data/chart-facts/chart-facts.csv;recipes/fluent/fluentd/0.5.3/helm-pain-report.yaml;recipes/fluent/fluentd/0.5.3/weirdness-and-mitigations.md
fluent/fluentd@0.5.3,crds,-,not observed or not applicable in chart facts,data/chart-facts/chart-facts.csv;recipes/fluent/fluentd/0.5.3/helm-pain-report.yaml;recipes/fluent/fluentd/0.5.3/weirdness-and-mitigations.md
fluent/fluentd@0.5.3,no_crds_variant,n/a (no CRDs),CRD ownership route status,data/chart-facts/chart-facts.csv;recipes/fluent/fluentd/0.5.3/helm-pain-report.yaml;recipes/fluent/fluentd/0.5.3/weirdness-and-mitigations.md
fluent/fluentd@0.5.3,webhooks,-,not observed or not applicable in chart facts,data/chart-facts/chart-facts.csv;recipes/fluent/fluentd/0.5.3/helm-pain-report.yaml;recipes/fluent/fluentd/0.5.3/weirdness-and-mitigations.md
fluent/fluentd@0.5.3,required_values,-,not observed or not applicable in chart facts,data/chart-facts/chart-facts.csv;recipes/fluent/fluentd/0.5.3/helm-pain-report.yaml;recipes/fluent/fluentd/0.5.3/weirdness-and-mitigations.md
fluent/fluentd@0.5.3,values_schema,-,not observed or not applicable in chart facts,data/chart-facts/chart-facts.csv;recipes/fluent/fluentd/0.5.3/helm-pain-report.yaml;recipes/fluent/fluentd/0.5.3/weirdness-and-mitigations.md
fluent/fluentd@0.5.3,install_vs_upgrade,-,not observed or not applicable in chart facts,data/chart-facts/chart-facts.csv;recipes/fluent/fluentd/0.5.3/helm-pain-report.yaml;recipes/fluent/fluentd/0.5.3/weirdness-and-mitigations.md
fluent/fluentd@0.5.3,notes,yes - NOTES.txt,tracked chart fact,data/chart-facts/chart-facts.csv;recipes/fluent/fluentd/0.5.3/helm-pain-report.yaml;recipes/fluent/fluentd/0.5.3/weirdness-and-mitigations.md
fluent/fluentd@0.5.3,extension_slots,yes - per-use review,open extension slots require per-use review,data/chart-facts/chart-facts.csv;recipes/fluent/fluentd/0.5.3/helm-pain-report.yaml;recipes/fluent/fluentd/0.5.3/weirdness-and-mitigations.md
fluent/fluentd@0.5.3,buildable_not_yet_run,-,not observed or not applicable in chart facts,data/chart-facts/chart-facts.csv;recipes/fluent/fluentd/0.5.3/helm-pain-report.yaml;recipes/fluent/fluentd/0.5.3/weirdness-and-mitigations.md
fluent/fluentd@0.5.3,not_yet_enabled,- (no open gap: recommended capabilities built or n/a; quirks modeled - Level 2),no hard capability gap recorded,data/chart-facts/chart-facts.csv;recipes/fluent/fluentd/0.5.3/helm-pain-report.yaml;recipes/fluent/fluentd/0.5.3/weirdness-and-mitigations.md
gatekeeper/gatekeeper@3.22.2,post_deploy_hooks,-,not observed or not applicable in chart facts,data/chart-facts/chart-facts.csv;recipes/gatekeeper/gatekeeper/3.22.2/helm-pain-report.yaml;recipes/gatekeeper/gatekeeper/3.22.2/weirdness-and-mitigations.md;data/hook-lifecycle/receipts/gatekeeper-gatekeeper/default/latest.yaml
gatekeeper/gatekeeper@3.22.2,other_hooks,pre-install+pre-upgrade,hook route is selected; runtime execution or observation is still required,data/chart-facts/chart-facts.csv;recipes/gatekeeper/gatekeeper/3.22.2/helm-pain-report.yaml;recipes/gatekeeper/gatekeeper/3.22.2/weirdness-and-mitigations.md;data/hook-lifecycle/receipts/gatekeeper-gatekeeper/default/latest.yaml
gatekeeper/gatekeeper@3.22.2,hook_status,lifecycle-policy: ConfigHub applies / Flux|Argo runs (live receipt pending),hook route is selected; runtime execution or observation is still required,data/chart-facts/chart-facts.csv;recipes/gatekeeper/gatekeeper/3.22.2/helm-pain-report.yaml;recipes/gatekeeper/gatekeeper/3.22.2/weirdness-and-mitigations.md;data/hook-lifecycle/receipts/gatekeeper-gatekeeper/default/latest.yaml
gatekeeper/gatekeeper@3.22.2,generates_secrets,-,not observed or not applicable in chart facts,data/chart-facts/chart-facts.csv;recipes/gatekeeper/gatekeeper/3.22.2/helm-pain-report.yaml;recipes/gatekeeper/gatekeeper/3.22.2/weirdness-and-mitigations.md
gatekeeper/gatekeeper@3.22.2,existing_secret,buildable - not yet run,bring-your-own-secret route status,data/chart-facts/chart-facts.csv;recipes/gatekeeper/gatekeeper/3.22.2/helm-pain-report.yaml;recipes/gatekeeper/gatekeeper/3.22.2/weirdness-and-mitigations.md
gatekeeper/gatekeeper@3.22.2,crds,present,CRDs are present; count 17; raw count is in chart-facts.csv,data/chart-facts/chart-facts.csv;recipes/gatekeeper/gatekeeper/3.22.2/helm-pain-report.yaml;recipes/gatekeeper/gatekeeper/3.22.2/weirdness-and-mitigations.md
gatekeeper/gatekeeper@3.22.2,no_crds_variant,built,CRD ownership route status,data/chart-facts/chart-facts.csv;recipes/gatekeeper/gatekeeper/3.22.2/helm-pain-report.yaml;recipes/gatekeeper/gatekeeper/3.22.2/weirdness-and-mitigations.md
gatekeeper/gatekeeper@3.22.2,webhooks,present,admission webhooks are present; count 2; raw count is in chart-facts.csv,data/chart-facts/chart-facts.csv;recipes/gatekeeper/gatekeeper/3.22.2/helm-pain-report.yaml;recipes/gatekeeper/gatekeeper/3.22.2/weirdness-and-mitigations.md
gatekeeper/gatekeeper@3.22.2,required_values,-,not observed or not applicable in chart facts,data/chart-facts/chart-facts.csv;recipes/gatekeeper/gatekeeper/3.22.2/helm-pain-report.yaml;recipes/gatekeeper/gatekeeper/3.22.2/weirdness-and-mitigations.md
gatekeeper/gatekeeper@3.22.2,values_schema,-,not observed or not applicable in chart facts,data/chart-facts/chart-facts.csv;recipes/gatekeeper/gatekeeper/3.22.2/helm-pain-report.yaml;recipes/gatekeeper/gatekeeper/3.22.2/weirdness-and-mitigations.md
gatekeeper/gatekeeper@3.22.2,install_vs_upgrade,-,not observed or not applicable in chart facts,data/chart-facts/chart-facts.csv;recipes/gatekeeper/gatekeeper/3.22.2/helm-pain-report.yaml;recipes/gatekeeper/gatekeeper/3.22.2/weirdness-and-mitigations.md
gatekeeper/gatekeeper@3.22.2,notes,-,not observed or not applicable in chart facts,data/chart-facts/chart-facts.csv;recipes/gatekeeper/gatekeeper/3.22.2/helm-pain-report.yaml;recipes/gatekeeper/gatekeeper/3.22.2/weirdness-and-mitigations.md
gatekeeper/gatekeeper@3.22.2,extension_slots,yes - per-use review,open extension slots require per-use review,data/chart-facts/chart-facts.csv;recipes/gatekeeper/gatekeeper/3.22.2/helm-pain-report.yaml;recipes/gatekeeper/gatekeeper/3.22.2/weirdness-and-mitigations.md
gatekeeper/gatekeeper@3.22.2,buildable_not_yet_run,existing-secret (buildable - not yet run),known build path exists but has not been promoted,data/chart-facts/chart-facts.csv;recipes/gatekeeper/gatekeeper/3.22.2/helm-pain-report.yaml;recipes/gatekeeper/gatekeeper/3.22.2/weirdness-and-mitigations.md
gatekeeper/gatekeeper@3.22.2,not_yet_enabled,- (no open gap: recommended capabilities built or n/a; quirks modeled - Level 2),no hard capability gap recorded,data/chart-facts/chart-facts.csv;recipes/gatekeeper/gatekeeper/3.22.2/helm-pain-report.yaml;recipes/gatekeeper/gatekeeper/3.22.2/weirdness-and-mitigations.md
gitlab/gitlab-runner@0.89.0,post_deploy_hooks,-,not observed or not applicable in chart facts,data/chart-facts/chart-facts.csv;recipes/gitlab/gitlab-runner/0.89.0/helm-pain-report.yaml;recipes/gitlab/gitlab-runner/0.89.0/weirdness-and-mitigations.md
gitlab/gitlab-runner@0.89.0,other_hooks,-,not observed or not applicable in chart facts,data/chart-facts/chart-facts.csv;recipes/gitlab/gitlab-runner/0.89.0/helm-pain-report.yaml;recipes/gitlab/gitlab-runner/0.89.0/weirdness-and-mitigations.md
gitlab/gitlab-runner@0.89.0,hook_status,-,not observed or not applicable in chart facts,data/chart-facts/chart-facts.csv;recipes/gitlab/gitlab-runner/0.89.0/helm-pain-report.yaml;recipes/gitlab/gitlab-runner/0.89.0/weirdness-and-mitigations.md
gitlab/gitlab-runner@0.89.0,generates_secrets,-,not observed or not applicable in chart facts,data/chart-facts/chart-facts.csv;recipes/gitlab/gitlab-runner/0.89.0/helm-pain-report.yaml;recipes/gitlab/gitlab-runner/0.89.0/weirdness-and-mitigations.md
gitlab/gitlab-runner@0.89.0,existing_secret,buildable - not yet run,bring-your-own-secret route status,data/chart-facts/chart-facts.csv;recipes/gitlab/gitlab-runner/0.89.0/helm-pain-report.yaml;recipes/gitlab/gitlab-runner/0.89.0/weirdness-and-mitigations.md
gitlab/gitlab-runner@0.89.0,crds,-,not observed or not applicable in chart facts,data/chart-facts/chart-facts.csv;recipes/gitlab/gitlab-runner/0.89.0/helm-pain-report.yaml;recipes/gitlab/gitlab-runner/0.89.0/weirdness-and-mitigations.md
gitlab/gitlab-runner@0.89.0,no_crds_variant,n/a (no CRDs),CRD ownership route status,data/chart-facts/chart-facts.csv;recipes/gitlab/gitlab-runner/0.89.0/helm-pain-report.yaml;recipes/gitlab/gitlab-runner/0.89.0/weirdness-and-mitigations.md
gitlab/gitlab-runner@0.89.0,webhooks,-,not observed or not applicable in chart facts,data/chart-facts/chart-facts.csv;recipes/gitlab/gitlab-runner/0.89.0/helm-pain-report.yaml;recipes/gitlab/gitlab-runner/0.89.0/weirdness-and-mitigations.md
gitlab/gitlab-runner@0.89.0,required_values,-,not observed or not applicable in chart facts,data/chart-facts/chart-facts.csv;recipes/gitlab/gitlab-runner/0.89.0/helm-pain-report.yaml;recipes/gitlab/gitlab-runner/0.89.0/weirdness-and-mitigations.md
gitlab/gitlab-runner@0.89.0,values_schema,-,not observed or not applicable in chart facts,data/chart-facts/chart-facts.csv;recipes/gitlab/gitlab-runner/0.89.0/helm-pain-report.yaml;recipes/gitlab/gitlab-runner/0.89.0/weirdness-and-mitigations.md
gitlab/gitlab-runner@0.89.0,install_vs_upgrade,-,not observed or not applicable in chart facts,data/chart-facts/chart-facts.csv;recipes/gitlab/gitlab-runner/0.89.0/helm-pain-report.yaml;recipes/gitlab/gitlab-runner/0.89.0/weirdness-and-mitigations.md
gitlab/gitlab-runner@0.89.0,notes,yes - NOTES.txt,tracked chart fact,data/chart-facts/chart-facts.csv;recipes/gitlab/gitlab-runner/0.89.0/helm-pain-report.yaml;recipes/gitlab/gitlab-runner/0.89.0/weirdness-and-mitigations.md
gitlab/gitlab-runner@0.89.0,extension_slots,yes - per-use review,open extension slots require per-use review,data/chart-facts/chart-facts.csv;recipes/gitlab/gitlab-runner/0.89.0/helm-pain-report.yaml;recipes/gitlab/gitlab-runner/0.89.0/weirdness-and-mitigations.md
gitlab/gitlab-runner@0.89.0,buildable_not_yet_run,existing-secret (buildable - not yet run),known build path exists but has not been promoted,data/chart-facts/chart-facts.csv;recipes/gitlab/gitlab-runner/0.89.0/helm-pain-report.yaml;recipes/gitlab/gitlab-runner/0.89.0/weirdness-and-mitigations.md
gitlab/gitlab-runner@0.89.0,not_yet_enabled,- (no open gap: recommended capabilities built or n/a; quirks modeled - Level 2),no hard capability gap recorded,data/chart-facts/chart-facts.csv;recipes/gitlab/gitlab-runner/0.89.0/helm-pain-report.yaml;recipes/gitlab/gitlab-runner/0.89.0/weirdness-and-mitigations.md
grafana/alloy@1.8.2,post_deploy_hooks,-,not observed or not applicable in chart facts,data/chart-facts/chart-facts.csv;recipes/grafana/alloy/1.8.2/helm-pain-report.yaml;recipes/grafana/alloy/1.8.2/weirdness-and-mitigations.md
grafana/alloy@1.8.2,other_hooks,-,not observed or not applicable in chart facts,data/chart-facts/chart-facts.csv;recipes/grafana/alloy/1.8.2/helm-pain-report.yaml;recipes/grafana/alloy/1.8.2/weirdness-and-mitigations.md
grafana/alloy@1.8.2,hook_status,-,not observed or not applicable in chart facts,data/chart-facts/chart-facts.csv;recipes/grafana/alloy/1.8.2/helm-pain-report.yaml;recipes/grafana/alloy/1.8.2/weirdness-and-mitigations.md
grafana/alloy@1.8.2,generates_secrets,-,not observed or not applicable in chart facts,data/chart-facts/chart-facts.csv;recipes/grafana/alloy/1.8.2/helm-pain-report.yaml;recipes/grafana/alloy/1.8.2/weirdness-and-mitigations.md
grafana/alloy@1.8.2,existing_secret,n/a,bring-your-own-secret route status,data/chart-facts/chart-facts.csv;recipes/grafana/alloy/1.8.2/helm-pain-report.yaml;recipes/grafana/alloy/1.8.2/weirdness-and-mitigations.md
grafana/alloy@1.8.2,crds,present,CRDs are present; count 2; raw count is in chart-facts.csv,data/chart-facts/chart-facts.csv;recipes/grafana/alloy/1.8.2/helm-pain-report.yaml;recipes/grafana/alloy/1.8.2/weirdness-and-mitigations.md
grafana/alloy@1.8.2,no_crds_variant,built,CRD ownership route status,data/chart-facts/chart-facts.csv;recipes/grafana/alloy/1.8.2/helm-pain-report.yaml;recipes/grafana/alloy/1.8.2/weirdness-and-mitigations.md
grafana/alloy@1.8.2,webhooks,-,not observed or not applicable in chart facts,data/chart-facts/chart-facts.csv;recipes/grafana/alloy/1.8.2/helm-pain-report.yaml;recipes/grafana/alloy/1.8.2/weirdness-and-mitigations.md
grafana/alloy@1.8.2,required_values,yes - mandatory inputs (required/fail),tracked chart fact,data/chart-facts/chart-facts.csv;recipes/grafana/alloy/1.8.2/helm-pain-report.yaml;recipes/grafana/alloy/1.8.2/weirdness-and-mitigations.md
grafana/alloy@1.8.2,values_schema,-,not observed or not applicable in chart facts,data/chart-facts/chart-facts.csv;recipes/grafana/alloy/1.8.2/helm-pain-report.yaml;recipes/grafana/alloy/1.8.2/weirdness-and-mitigations.md
grafana/alloy@1.8.2,install_vs_upgrade,-,not observed or not applicable in chart facts,data/chart-facts/chart-facts.csv;recipes/grafana/alloy/1.8.2/helm-pain-report.yaml;recipes/grafana/alloy/1.8.2/weirdness-and-mitigations.md
grafana/alloy@1.8.2,notes,yes - NOTES.txt,tracked chart fact,data/chart-facts/chart-facts.csv;recipes/grafana/alloy/1.8.2/helm-pain-report.yaml;recipes/grafana/alloy/1.8.2/weirdness-and-mitigations.md
grafana/alloy@1.8.2,extension_slots,yes - per-use review,open extension slots require per-use review,data/chart-facts/chart-facts.csv;recipes/grafana/alloy/1.8.2/helm-pain-report.yaml;recipes/grafana/alloy/1.8.2/weirdness-and-mitigations.md
grafana/alloy@1.8.2,buildable_not_yet_run,-,not observed or not applicable in chart facts,data/chart-facts/chart-facts.csv;recipes/grafana/alloy/1.8.2/helm-pain-report.yaml;recipes/grafana/alloy/1.8.2/weirdness-and-mitigations.md
grafana/alloy@1.8.2,not_yet_enabled,- (no open gap: recommended capabilities built or n/a; quirks modeled - Level 2),no hard capability gap recorded,data/chart-facts/chart-facts.csv;recipes/grafana/alloy/1.8.2/helm-pain-report.yaml;recipes/grafana/alloy/1.8.2/weirdness-and-mitigations.md
grafana/grafana@10.5.15,post_deploy_hooks,-,not observed or not applicable in chart facts,data/chart-facts/chart-facts.csv;recipes/grafana/grafana/10.5.15/helm-pain-report.yaml;recipes/grafana/grafana/10.5.15/weirdness-and-mitigations.md
grafana/grafana@10.5.15,other_hooks,-,not observed or not applicable in chart facts,data/chart-facts/chart-facts.csv;recipes/grafana/grafana/10.5.15/helm-pain-report.yaml;recipes/grafana/grafana/10.5.15/weirdness-and-mitigations.md
grafana/grafana@10.5.15,hook_status,-,not observed or not applicable in chart facts,data/chart-facts/chart-facts.csv;recipes/grafana/grafana/10.5.15/helm-pain-report.yaml;recipes/grafana/grafana/10.5.15/weirdness-and-mitigations.md
grafana/grafana@10.5.15,generates_secrets,-,not observed or not applicable in chart facts,data/chart-facts/chart-facts.csv;recipes/grafana/grafana/10.5.15/helm-pain-report.yaml;recipes/grafana/grafana/10.5.15/weirdness-and-mitigations.md
grafana/grafana@10.5.15,existing_secret,n/a,bring-your-own-secret route status,data/chart-facts/chart-facts.csv;recipes/grafana/grafana/10.5.15/helm-pain-report.yaml;recipes/grafana/grafana/10.5.15/weirdness-and-mitigations.md
grafana/grafana@10.5.15,crds,-,not observed or not applicable in chart facts,data/chart-facts/chart-facts.csv;recipes/grafana/grafana/10.5.15/helm-pain-report.yaml;recipes/grafana/grafana/10.5.15/weirdness-and-mitigations.md
grafana/grafana@10.5.15,no_crds_variant,n/a (no CRDs),CRD ownership route status,data/chart-facts/chart-facts.csv;recipes/grafana/grafana/10.5.15/helm-pain-report.yaml;recipes/grafana/grafana/10.5.15/weirdness-and-mitigations.md
grafana/grafana@10.5.15,webhooks,-,not observed or not applicable in chart facts,data/chart-facts/chart-facts.csv;recipes/grafana/grafana/10.5.15/helm-pain-report.yaml;recipes/grafana/grafana/10.5.15/weirdness-and-mitigations.md
grafana/grafana@10.5.15,required_values,-,not observed or not applicable in chart facts,data/chart-facts/chart-facts.csv;recipes/grafana/grafana/10.5.15/helm-pain-report.yaml;recipes/grafana/grafana/10.5.15/weirdness-and-mitigations.md
grafana/grafana@10.5.15,values_schema,-,not observed or not applicable in chart facts,data/chart-facts/chart-facts.csv;recipes/grafana/grafana/10.5.15/helm-pain-report.yaml;recipes/grafana/grafana/10.5.15/weirdness-and-mitigations.md
grafana/grafana@10.5.15,install_vs_upgrade,-,not observed or not applicable in chart facts,data/chart-facts/chart-facts.csv;recipes/grafana/grafana/10.5.15/helm-pain-report.yaml;recipes/grafana/grafana/10.5.15/weirdness-and-mitigations.md
grafana/grafana@10.5.15,notes,-,not observed or not applicable in chart facts,data/chart-facts/chart-facts.csv;recipes/grafana/grafana/10.5.15/helm-pain-report.yaml;recipes/grafana/grafana/10.5.15/weirdness-and-mitigations.md
grafana/grafana@10.5.15,extension_slots,yes - per-use review,open extension slots require per-use review,data/chart-facts/chart-facts.csv;recipes/grafana/grafana/10.5.15/helm-pain-report.yaml;recipes/grafana/grafana/10.5.15/weirdness-and-mitigations.md
grafana/grafana@10.5.15,buildable_not_yet_run,-,not observed or not applicable in chart facts,data/chart-facts/chart-facts.csv;recipes/grafana/grafana/10.5.15/helm-pain-report.yaml;recipes/grafana/grafana/10.5.15/weirdness-and-mitigations.md
grafana/grafana@10.5.15,not_yet_enabled,- (no open gap: recommended capabilities built or n/a; quirks modeled - Level 2),no hard capability gap recorded,data/chart-facts/chart-facts.csv;recipes/grafana/grafana/10.5.15/helm-pain-report.yaml;recipes/grafana/grafana/10.5.15/weirdness-and-mitigations.md
grafana/loki@7.0.0,post_deploy_hooks,-,not observed or not applicable in chart facts,data/chart-facts/chart-facts.csv;recipes/grafana/loki/7.0.0/helm-pain-report.yaml;recipes/grafana/loki/7.0.0/weirdness-and-mitigations.md
grafana/loki@7.0.0,other_hooks,-,not observed or not applicable in chart facts,data/chart-facts/chart-facts.csv;recipes/grafana/loki/7.0.0/helm-pain-report.yaml;recipes/grafana/loki/7.0.0/weirdness-and-mitigations.md
grafana/loki@7.0.0,hook_status,-,not observed or not applicable in chart facts,data/chart-facts/chart-facts.csv;recipes/grafana/loki/7.0.0/helm-pain-report.yaml;recipes/grafana/loki/7.0.0/weirdness-and-mitigations.md
grafana/loki@7.0.0,generates_secrets,yes,tracked chart fact,data/chart-facts/chart-facts.csv;recipes/grafana/loki/7.0.0/helm-pain-report.yaml;recipes/grafana/loki/7.0.0/weirdness-and-mitigations.md
grafana/loki@7.0.0,existing_secret,n/a (generated only),bring-your-own-secret route status,data/chart-facts/chart-facts.csv;recipes/grafana/loki/7.0.0/helm-pain-report.yaml;recipes/grafana/loki/7.0.0/weirdness-and-mitigations.md
grafana/loki@7.0.0,crds,present,CRDs are present; count 10; raw count is in chart-facts.csv,data/chart-facts/chart-facts.csv;recipes/grafana/loki/7.0.0/helm-pain-report.yaml;recipes/grafana/loki/7.0.0/weirdness-and-mitigations.md
grafana/loki@7.0.0,no_crds_variant,buildable - not yet run,CRD ownership route status,data/chart-facts/chart-facts.csv;recipes/grafana/loki/7.0.0/helm-pain-report.yaml;recipes/grafana/loki/7.0.0/weirdness-and-mitigations.md
grafana/loki@7.0.0,webhooks,present,admission webhooks are present; count 4; raw count is in chart-facts.csv,data/chart-facts/chart-facts.csv;recipes/grafana/loki/7.0.0/helm-pain-report.yaml;recipes/grafana/loki/7.0.0/weirdness-and-mitigations.md
grafana/loki@7.0.0,required_values,yes - mandatory inputs (required/fail),tracked chart fact,data/chart-facts/chart-facts.csv;recipes/grafana/loki/7.0.0/helm-pain-report.yaml;recipes/grafana/loki/7.0.0/weirdness-and-mitigations.md
grafana/loki@7.0.0,values_schema,yes - values.schema.json,tracked chart fact,data/chart-facts/chart-facts.csv;recipes/grafana/loki/7.0.0/helm-pain-report.yaml;recipes/grafana/loki/7.0.0/weirdness-and-mitigations.md
grafana/loki@7.0.0,install_vs_upgrade,-,not observed or not applicable in chart facts,data/chart-facts/chart-facts.csv;recipes/grafana/loki/7.0.0/helm-pain-report.yaml;recipes/grafana/loki/7.0.0/weirdness-and-mitigations.md
grafana/loki@7.0.0,notes,yes - NOTES.txt,tracked chart fact,data/chart-facts/chart-facts.csv;recipes/grafana/loki/7.0.0/helm-pain-report.yaml;recipes/grafana/loki/7.0.0/weirdness-and-mitigations.md
grafana/loki@7.0.0,extension_slots,yes - per-use review,open extension slots require per-use review,data/chart-facts/chart-facts.csv;recipes/grafana/loki/7.0.0/helm-pain-report.yaml;recipes/grafana/loki/7.0.0/weirdness-and-mitigations.md
grafana/loki@7.0.0,buildable_not_yet_run,-,not observed or not applicable in chart facts,data/chart-facts/chart-facts.csv;recipes/grafana/loki/7.0.0/helm-pain-report.yaml;recipes/grafana/loki/7.0.0/weirdness-and-mitigations.md
grafana/loki@7.0.0,not_yet_enabled,- (no open gap: recommended capabilities built or n/a; quirks modeled - Level 2),no hard capability gap recorded,data/chart-facts/chart-facts.csv;recipes/grafana/loki/7.0.0/helm-pain-report.yaml;recipes/grafana/loki/7.0.0/weirdness-and-mitigations.md
grafana/promtail@6.17.1,post_deploy_hooks,-,not observed or not applicable in chart facts,data/chart-facts/chart-facts.csv;recipes/grafana/promtail/6.17.1/helm-pain-report.yaml;recipes/grafana/promtail/6.17.1/weirdness-and-mitigations.md
grafana/promtail@6.17.1,other_hooks,-,not observed or not applicable in chart facts,data/chart-facts/chart-facts.csv;recipes/grafana/promtail/6.17.1/helm-pain-report.yaml;recipes/grafana/promtail/6.17.1/weirdness-and-mitigations.md
grafana/promtail@6.17.1,hook_status,-,not observed or not applicable in chart facts,data/chart-facts/chart-facts.csv;recipes/grafana/promtail/6.17.1/helm-pain-report.yaml;recipes/grafana/promtail/6.17.1/weirdness-and-mitigations.md
grafana/promtail@6.17.1,generates_secrets,-,not observed or not applicable in chart facts,data/chart-facts/chart-facts.csv;recipes/grafana/promtail/6.17.1/helm-pain-report.yaml;recipes/grafana/promtail/6.17.1/weirdness-and-mitigations.md
grafana/promtail@6.17.1,existing_secret,buildable - not yet run,bring-your-own-secret route status,data/chart-facts/chart-facts.csv;recipes/grafana/promtail/6.17.1/helm-pain-report.yaml;recipes/grafana/promtail/6.17.1/weirdness-and-mitigations.md
grafana/promtail@6.17.1,crds,-,not observed or not applicable in chart facts,data/chart-facts/chart-facts.csv;recipes/grafana/promtail/6.17.1/helm-pain-report.yaml;recipes/grafana/promtail/6.17.1/weirdness-and-mitigations.md
grafana/promtail@6.17.1,no_crds_variant,n/a (no CRDs),CRD ownership route status,data/chart-facts/chart-facts.csv;recipes/grafana/promtail/6.17.1/helm-pain-report.yaml;recipes/grafana/promtail/6.17.1/weirdness-and-mitigations.md
grafana/promtail@6.17.1,webhooks,-,not observed or not applicable in chart facts,data/chart-facts/chart-facts.csv;recipes/grafana/promtail/6.17.1/helm-pain-report.yaml;recipes/grafana/promtail/6.17.1/weirdness-and-mitigations.md
grafana/promtail@6.17.1,required_values,-,not observed or not applicable in chart facts,data/chart-facts/chart-facts.csv;recipes/grafana/promtail/6.17.1/helm-pain-report.yaml;recipes/grafana/promtail/6.17.1/weirdness-and-mitigations.md
grafana/promtail@6.17.1,values_schema,-,not observed or not applicable in chart facts,data/chart-facts/chart-facts.csv;recipes/grafana/promtail/6.17.1/helm-pain-report.yaml;recipes/grafana/promtail/6.17.1/weirdness-and-mitigations.md
grafana/promtail@6.17.1,install_vs_upgrade,-,not observed or not applicable in chart facts,data/chart-facts/chart-facts.csv;recipes/grafana/promtail/6.17.1/helm-pain-report.yaml;recipes/grafana/promtail/6.17.1/weirdness-and-mitigations.md
grafana/promtail@6.17.1,notes,-,not observed or not applicable in chart facts,data/chart-facts/chart-facts.csv;recipes/grafana/promtail/6.17.1/helm-pain-report.yaml;recipes/grafana/promtail/6.17.1/weirdness-and-mitigations.md
grafana/promtail@6.17.1,extension_slots,yes - per-use review,open extension slots require per-use review,data/chart-facts/chart-facts.csv;recipes/grafana/promtail/6.17.1/helm-pain-report.yaml;recipes/grafana/promtail/6.17.1/weirdness-and-mitigations.md
grafana/promtail@6.17.1,buildable_not_yet_run,existing-secret (buildable - not yet run),known build path exists but has not been promoted,data/chart-facts/chart-facts.csv;recipes/grafana/promtail/6.17.1/helm-pain-report.yaml;recipes/grafana/promtail/6.17.1/weirdness-and-mitigations.md
grafana/promtail@6.17.1,not_yet_enabled,- (no open gap: recommended capabilities built or n/a; quirks modeled - Level 2),no hard capability gap recorded,data/chart-facts/chart-facts.csv;recipes/grafana/promtail/6.17.1/helm-pain-report.yaml;recipes/grafana/promtail/6.17.1/weirdness-and-mitigations.md
grafana/pyroscope@2.0.2,post_deploy_hooks,-,not observed or not applicable in chart facts,data/chart-facts/chart-facts.csv;recipes/grafana/pyroscope/2.0.2/helm-pain-report.yaml;recipes/grafana/pyroscope/2.0.2/weirdness-and-mitigations.md
grafana/pyroscope@2.0.2,other_hooks,-,not observed or not applicable in chart facts,data/chart-facts/chart-facts.csv;recipes/grafana/pyroscope/2.0.2/helm-pain-report.yaml;recipes/grafana/pyroscope/2.0.2/weirdness-and-mitigations.md
grafana/pyroscope@2.0.2,hook_status,-,not observed or not applicable in chart facts,data/chart-facts/chart-facts.csv;recipes/grafana/pyroscope/2.0.2/helm-pain-report.yaml;recipes/grafana/pyroscope/2.0.2/weirdness-and-mitigations.md
grafana/pyroscope@2.0.2,generates_secrets,yes,tracked chart fact,data/chart-facts/chart-facts.csv;recipes/grafana/pyroscope/2.0.2/helm-pain-report.yaml;recipes/grafana/pyroscope/2.0.2/weirdness-and-mitigations.md
grafana/pyroscope@2.0.2,existing_secret,NOT built - chart ships no Secret toggle (#113),bring-your-own-secret route status,data/chart-facts/chart-facts.csv;recipes/grafana/pyroscope/2.0.2/helm-pain-report.yaml;recipes/grafana/pyroscope/2.0.2/weirdness-and-mitigations.md
grafana/pyroscope@2.0.2,crds,present,CRDs are present; count 4; raw count is in chart-facts.csv,data/chart-facts/chart-facts.csv;recipes/grafana/pyroscope/2.0.2/helm-pain-report.yaml;recipes/grafana/pyroscope/2.0.2/weirdness-and-mitigations.md
grafana/pyroscope@2.0.2,no_crds_variant,built,CRD ownership route status,data/chart-facts/chart-facts.csv;recipes/grafana/pyroscope/2.0.2/helm-pain-report.yaml;recipes/grafana/pyroscope/2.0.2/weirdness-and-mitigations.md
grafana/pyroscope@2.0.2,webhooks,-,not observed or not applicable in chart facts,data/chart-facts/chart-facts.csv;recipes/grafana/pyroscope/2.0.2/helm-pain-report.yaml;recipes/grafana/pyroscope/2.0.2/weirdness-and-mitigations.md
grafana/pyroscope@2.0.2,required_values,yes - mandatory inputs (required/fail),tracked chart fact,data/chart-facts/chart-facts.csv;recipes/grafana/pyroscope/2.0.2/helm-pain-report.yaml;recipes/grafana/pyroscope/2.0.2/weirdness-and-mitigations.md
grafana/pyroscope@2.0.2,values_schema,-,not observed or not applicable in chart facts,data/chart-facts/chart-facts.csv;recipes/grafana/pyroscope/2.0.2/helm-pain-report.yaml;recipes/grafana/pyroscope/2.0.2/weirdness-and-mitigations.md
grafana/pyroscope@2.0.2,install_vs_upgrade,-,not observed or not applicable in chart facts,data/chart-facts/chart-facts.csv;recipes/grafana/pyroscope/2.0.2/helm-pain-report.yaml;recipes/grafana/pyroscope/2.0.2/weirdness-and-mitigations.md
grafana/pyroscope@2.0.2,notes,yes - NOTES.txt,tracked chart fact,data/chart-facts/chart-facts.csv;recipes/grafana/pyroscope/2.0.2/helm-pain-report.yaml;recipes/grafana/pyroscope/2.0.2/weirdness-and-mitigations.md
grafana/pyroscope@2.0.2,extension_slots,yes - per-use review,open extension slots require per-use review,data/chart-facts/chart-facts.csv;recipes/grafana/pyroscope/2.0.2/helm-pain-report.yaml;recipes/grafana/pyroscope/2.0.2/weirdness-and-mitigations.md
grafana/pyroscope@2.0.2,buildable_not_yet_run,-,not observed or not applicable in chart facts,data/chart-facts/chart-facts.csv;recipes/grafana/pyroscope/2.0.2/helm-pain-report.yaml;recipes/grafana/pyroscope/2.0.2/weirdness-and-mitigations.md
grafana/pyroscope@2.0.2,not_yet_enabled,existing-secret (chart ships no Secret toggle - #113),hard gap or curated proof lane remains,data/chart-facts/chart-facts.csv;recipes/grafana/pyroscope/2.0.2/helm-pain-report.yaml;recipes/grafana/pyroscope/2.0.2/weirdness-and-mitigations.md
grafana/rollout-operator@0.49.0,post_deploy_hooks,-,not observed or not applicable in chart facts,data/chart-facts/chart-facts.csv;recipes/grafana/rollout-operator/0.49.0/helm-pain-report.yaml;recipes/grafana/rollout-operator/0.49.0/weirdness-and-mitigations.md
grafana/rollout-operator@0.49.0,other_hooks,-,not observed or not applicable in chart facts,data/chart-facts/chart-facts.csv;recipes/grafana/rollout-operator/0.49.0/helm-pain-report.yaml;recipes/grafana/rollout-operator/0.49.0/weirdness-and-mitigations.md
grafana/rollout-operator@0.49.0,hook_status,-,not observed or not applicable in chart facts,data/chart-facts/chart-facts.csv;recipes/grafana/rollout-operator/0.49.0/helm-pain-report.yaml;recipes/grafana/rollout-operator/0.49.0/weirdness-and-mitigations.md
grafana/rollout-operator@0.49.0,generates_secrets,-,not observed or not applicable in chart facts,data/chart-facts/chart-facts.csv;recipes/grafana/rollout-operator/0.49.0/helm-pain-report.yaml;recipes/grafana/rollout-operator/0.49.0/weirdness-and-mitigations.md
grafana/rollout-operator@0.49.0,existing_secret,n/a,bring-your-own-secret route status,data/chart-facts/chart-facts.csv;recipes/grafana/rollout-operator/0.49.0/helm-pain-report.yaml;recipes/grafana/rollout-operator/0.49.0/weirdness-and-mitigations.md
grafana/rollout-operator@0.49.0,crds,present,tracked chart fact,data/chart-facts/chart-facts.csv;recipes/grafana/rollout-operator/0.49.0/helm-pain-report.yaml;recipes/grafana/rollout-operator/0.49.0/weirdness-and-mitigations.md
grafana/rollout-operator@0.49.0,no_crds_variant,built,CRD ownership route status,data/chart-facts/chart-facts.csv;recipes/grafana/rollout-operator/0.49.0/helm-pain-report.yaml;recipes/grafana/rollout-operator/0.49.0/weirdness-and-mitigations.md
grafana/rollout-operator@0.49.0,webhooks,-,not observed or not applicable in chart facts,data/chart-facts/chart-facts.csv;recipes/grafana/rollout-operator/0.49.0/helm-pain-report.yaml;recipes/grafana/rollout-operator/0.49.0/weirdness-and-mitigations.md
grafana/rollout-operator@0.49.0,required_values,-,not observed or not applicable in chart facts,data/chart-facts/chart-facts.csv;recipes/grafana/rollout-operator/0.49.0/helm-pain-report.yaml;recipes/grafana/rollout-operator/0.49.0/weirdness-and-mitigations.md
grafana/rollout-operator@0.49.0,values_schema,-,not observed or not applicable in chart facts,data/chart-facts/chart-facts.csv;recipes/grafana/rollout-operator/0.49.0/helm-pain-report.yaml;recipes/grafana/rollout-operator/0.49.0/weirdness-and-mitigations.md
grafana/rollout-operator@0.49.0,install_vs_upgrade,-,not observed or not applicable in chart facts,data/chart-facts/chart-facts.csv;recipes/grafana/rollout-operator/0.49.0/helm-pain-report.yaml;recipes/grafana/rollout-operator/0.49.0/weirdness-and-mitigations.md
grafana/rollout-operator@0.49.0,notes,-,not observed or not applicable in chart facts,data/chart-facts/chart-facts.csv;recipes/grafana/rollout-operator/0.49.0/helm-pain-report.yaml;recipes/grafana/rollout-operator/0.49.0/weirdness-and-mitigations.md
grafana/rollout-operator@0.49.0,extension_slots,yes - per-use review,open extension slots require per-use review,data/chart-facts/chart-facts.csv;recipes/grafana/rollout-operator/0.49.0/helm-pain-report.yaml;recipes/grafana/rollout-operator/0.49.0/weirdness-and-mitigations.md
grafana/rollout-operator@0.49.0,buildable_not_yet_run,-,not observed or not applicable in chart facts,data/chart-facts/chart-facts.csv;recipes/grafana/rollout-operator/0.49.0/helm-pain-report.yaml;recipes/grafana/rollout-operator/0.49.0/weirdness-and-mitigations.md
grafana/rollout-operator@0.49.0,not_yet_enabled,- (no open gap: recommended capabilities built or n/a; quirks modeled - Level 2),no hard capability gap recorded,data/chart-facts/chart-facts.csv;recipes/grafana/rollout-operator/0.49.0/helm-pain-report.yaml;recipes/grafana/rollout-operator/0.49.0/weirdness-and-mitigations.md
grafana/tempo@1.24.4,post_deploy_hooks,-,not observed or not applicable in chart facts,data/chart-facts/chart-facts.csv;recipes/grafana/tempo/1.24.4/helm-pain-report.yaml;recipes/grafana/tempo/1.24.4/weirdness-and-mitigations.md
grafana/tempo@1.24.4,other_hooks,-,not observed or not applicable in chart facts,data/chart-facts/chart-facts.csv;recipes/grafana/tempo/1.24.4/helm-pain-report.yaml;recipes/grafana/tempo/1.24.4/weirdness-and-mitigations.md
grafana/tempo@1.24.4,hook_status,-,not observed or not applicable in chart facts,data/chart-facts/chart-facts.csv;recipes/grafana/tempo/1.24.4/helm-pain-report.yaml;recipes/grafana/tempo/1.24.4/weirdness-and-mitigations.md
grafana/tempo@1.24.4,generates_secrets,-,not observed or not applicable in chart facts,data/chart-facts/chart-facts.csv;recipes/grafana/tempo/1.24.4/helm-pain-report.yaml;recipes/grafana/tempo/1.24.4/weirdness-and-mitigations.md
grafana/tempo@1.24.4,existing_secret,n/a,bring-your-own-secret route status,data/chart-facts/chart-facts.csv;recipes/grafana/tempo/1.24.4/helm-pain-report.yaml;recipes/grafana/tempo/1.24.4/weirdness-and-mitigations.md
grafana/tempo@1.24.4,crds,-,not observed or not applicable in chart facts,data/chart-facts/chart-facts.csv;recipes/grafana/tempo/1.24.4/helm-pain-report.yaml;recipes/grafana/tempo/1.24.4/weirdness-and-mitigations.md
grafana/tempo@1.24.4,no_crds_variant,n/a (no CRDs),CRD ownership route status,data/chart-facts/chart-facts.csv;recipes/grafana/tempo/1.24.4/helm-pain-report.yaml;recipes/grafana/tempo/1.24.4/weirdness-and-mitigations.md
grafana/tempo@1.24.4,webhooks,-,not observed or not applicable in chart facts,data/chart-facts/chart-facts.csv;recipes/grafana/tempo/1.24.4/helm-pain-report.yaml;recipes/grafana/tempo/1.24.4/weirdness-and-mitigations.md
grafana/tempo@1.24.4,required_values,-,not observed or not applicable in chart facts,data/chart-facts/chart-facts.csv;recipes/grafana/tempo/1.24.4/helm-pain-report.yaml;recipes/grafana/tempo/1.24.4/weirdness-and-mitigations.md
grafana/tempo@1.24.4,values_schema,-,not observed or not applicable in chart facts,data/chart-facts/chart-facts.csv;recipes/grafana/tempo/1.24.4/helm-pain-report.yaml;recipes/grafana/tempo/1.24.4/weirdness-and-mitigations.md
grafana/tempo@1.24.4,install_vs_upgrade,-,not observed or not applicable in chart facts,data/chart-facts/chart-facts.csv;recipes/grafana/tempo/1.24.4/helm-pain-report.yaml;recipes/grafana/tempo/1.24.4/weirdness-and-mitigations.md
grafana/tempo@1.24.4,notes,-,not observed or not applicable in chart facts,data/chart-facts/chart-facts.csv;recipes/grafana/tempo/1.24.4/helm-pain-report.yaml;recipes/grafana/tempo/1.24.4/weirdness-and-mitigations.md
grafana/tempo@1.24.4,extension_slots,yes - per-use review,open extension slots require per-use review,data/chart-facts/chart-facts.csv;recipes/grafana/tempo/1.24.4/helm-pain-report.yaml;recipes/grafana/tempo/1.24.4/weirdness-and-mitigations.md
grafana/tempo@1.24.4,buildable_not_yet_run,ingress-tls (buildable - not yet run),known build path exists but has not been promoted,data/chart-facts/chart-facts.csv;recipes/grafana/tempo/1.24.4/helm-pain-report.yaml;recipes/grafana/tempo/1.24.4/weirdness-and-mitigations.md
grafana/tempo@1.24.4,not_yet_enabled,ha (tempo single-binary chart; HA is the separate tempo-distributed chart),hard gap or curated proof lane remains,data/chart-facts/chart-facts.csv;recipes/grafana/tempo/1.24.4/helm-pain-report.yaml;recipes/grafana/tempo/1.24.4/weirdness-and-mitigations.md
haproxytech/kubernetes-ingress@1.52.0,post_deploy_hooks,-,not observed or not applicable in chart facts,data/chart-facts/chart-facts.csv;recipes/haproxytech/kubernetes-ingress/1.52.0/helm-pain-report.yaml;recipes/haproxytech/kubernetes-ingress/1.52.0/weirdness-and-mitigations.md
haproxytech/kubernetes-ingress@1.52.0,other_hooks,-,not observed or not applicable in chart facts,data/chart-facts/chart-facts.csv;recipes/haproxytech/kubernetes-ingress/1.52.0/helm-pain-report.yaml;recipes/haproxytech/kubernetes-ingress/1.52.0/weirdness-and-mitigations.md
haproxytech/kubernetes-ingress@1.52.0,hook_status,-,not observed or not applicable in chart facts,data/chart-facts/chart-facts.csv;recipes/haproxytech/kubernetes-ingress/1.52.0/helm-pain-report.yaml;recipes/haproxytech/kubernetes-ingress/1.52.0/weirdness-and-mitigations.md
haproxytech/kubernetes-ingress@1.52.0,generates_secrets,-,not observed or not applicable in chart facts,data/chart-facts/chart-facts.csv;recipes/haproxytech/kubernetes-ingress/1.52.0/helm-pain-report.yaml;recipes/haproxytech/kubernetes-ingress/1.52.0/weirdness-and-mitigations.md
haproxytech/kubernetes-ingress@1.52.0,existing_secret,buildable - not yet run,bring-your-own-secret route status,data/chart-facts/chart-facts.csv;recipes/haproxytech/kubernetes-ingress/1.52.0/helm-pain-report.yaml;recipes/haproxytech/kubernetes-ingress/1.52.0/weirdness-and-mitigations.md
haproxytech/kubernetes-ingress@1.52.0,crds,-,not observed or not applicable in chart facts,data/chart-facts/chart-facts.csv;recipes/haproxytech/kubernetes-ingress/1.52.0/helm-pain-report.yaml;recipes/haproxytech/kubernetes-ingress/1.52.0/weirdness-and-mitigations.md
haproxytech/kubernetes-ingress@1.52.0,no_crds_variant,n/a (no CRDs),CRD ownership route status,data/chart-facts/chart-facts.csv;recipes/haproxytech/kubernetes-ingress/1.52.0/helm-pain-report.yaml;recipes/haproxytech/kubernetes-ingress/1.52.0/weirdness-and-mitigations.md
haproxytech/kubernetes-ingress@1.52.0,webhooks,-,not observed or not applicable in chart facts,data/chart-facts/chart-facts.csv;recipes/haproxytech/kubernetes-ingress/1.52.0/helm-pain-report.yaml;recipes/haproxytech/kubernetes-ingress/1.52.0/weirdness-and-mitigations.md
haproxytech/kubernetes-ingress@1.52.0,required_values,-,not observed or not applicable in chart facts,data/chart-facts/chart-facts.csv;recipes/haproxytech/kubernetes-ingress/1.52.0/helm-pain-report.yaml;recipes/haproxytech/kubernetes-ingress/1.52.0/weirdness-and-mitigations.md
haproxytech/kubernetes-ingress@1.52.0,values_schema,-,not observed or not applicable in chart facts,data/chart-facts/chart-facts.csv;recipes/haproxytech/kubernetes-ingress/1.52.0/helm-pain-report.yaml;recipes/haproxytech/kubernetes-ingress/1.52.0/weirdness-and-mitigations.md
haproxytech/kubernetes-ingress@1.52.0,install_vs_upgrade,-,not observed or not applicable in chart facts,data/chart-facts/chart-facts.csv;recipes/haproxytech/kubernetes-ingress/1.52.0/helm-pain-report.yaml;recipes/haproxytech/kubernetes-ingress/1.52.0/weirdness-and-mitigations.md
haproxytech/kubernetes-ingress@1.52.0,notes,-,not observed or not applicable in chart facts,data/chart-facts/chart-facts.csv;recipes/haproxytech/kubernetes-ingress/1.52.0/helm-pain-report.yaml;recipes/haproxytech/kubernetes-ingress/1.52.0/weirdness-and-mitigations.md
haproxytech/kubernetes-ingress@1.52.0,extension_slots,yes - per-use review,open extension slots require per-use review,data/chart-facts/chart-facts.csv;recipes/haproxytech/kubernetes-ingress/1.52.0/helm-pain-report.yaml;recipes/haproxytech/kubernetes-ingress/1.52.0/weirdness-and-mitigations.md
haproxytech/kubernetes-ingress@1.52.0,buildable_not_yet_run,existing-secret (buildable - not yet run),known build path exists but has not been promoted,data/chart-facts/chart-facts.csv;recipes/haproxytech/kubernetes-ingress/1.52.0/helm-pain-report.yaml;recipes/haproxytech/kubernetes-ingress/1.52.0/weirdness-and-mitigations.md
haproxytech/kubernetes-ingress@1.52.0,not_yet_enabled,- (no open gap: recommended capabilities built or n/a; quirks modeled - Level 2),no hard capability gap recorded,data/chart-facts/chart-facts.csv;recipes/haproxytech/kubernetes-ingress/1.52.0/helm-pain-report.yaml;recipes/haproxytech/kubernetes-ingress/1.52.0/weirdness-and-mitigations.md
hashicorp/consul@2.0.0,post_deploy_hooks,-,not observed or not applicable in chart facts,data/chart-facts/chart-facts.csv;recipes/hashicorp/consul/2.0.0/helm-pain-report.yaml;recipes/hashicorp/consul/2.0.0/weirdness-and-mitigations.md
hashicorp/consul@2.0.0,other_hooks,-,not observed or not applicable in chart facts,data/chart-facts/chart-facts.csv;recipes/hashicorp/consul/2.0.0/helm-pain-report.yaml;recipes/hashicorp/consul/2.0.0/weirdness-and-mitigations.md
hashicorp/consul@2.0.0,hook_status,-,not observed or not applicable in chart facts,data/chart-facts/chart-facts.csv;recipes/hashicorp/consul/2.0.0/helm-pain-report.yaml;recipes/hashicorp/consul/2.0.0/weirdness-and-mitigations.md
hashicorp/consul@2.0.0,generates_secrets,-,not observed or not applicable in chart facts,data/chart-facts/chart-facts.csv;recipes/hashicorp/consul/2.0.0/helm-pain-report.yaml;recipes/hashicorp/consul/2.0.0/weirdness-and-mitigations.md
hashicorp/consul@2.0.0,existing_secret,n/a,bring-your-own-secret route status,data/chart-facts/chart-facts.csv;recipes/hashicorp/consul/2.0.0/helm-pain-report.yaml;recipes/hashicorp/consul/2.0.0/weirdness-and-mitigations.md
hashicorp/consul@2.0.0,crds,-,not observed or not applicable in chart facts,data/chart-facts/chart-facts.csv;recipes/hashicorp/consul/2.0.0/helm-pain-report.yaml;recipes/hashicorp/consul/2.0.0/weirdness-and-mitigations.md
hashicorp/consul@2.0.0,no_crds_variant,buildable - not yet run,CRD ownership route status,data/chart-facts/chart-facts.csv;recipes/hashicorp/consul/2.0.0/helm-pain-report.yaml;recipes/hashicorp/consul/2.0.0/weirdness-and-mitigations.md
hashicorp/consul@2.0.0,webhooks,present,admission webhooks are present; count 2; raw count is in chart-facts.csv,data/chart-facts/chart-facts.csv;recipes/hashicorp/consul/2.0.0/helm-pain-report.yaml;recipes/hashicorp/consul/2.0.0/weirdness-and-mitigations.md
hashicorp/consul@2.0.0,required_values,yes - mandatory inputs (required/fail),tracked chart fact,data/chart-facts/chart-facts.csv;recipes/hashicorp/consul/2.0.0/helm-pain-report.yaml;recipes/hashicorp/consul/2.0.0/weirdness-and-mitigations.md
hashicorp/consul@2.0.0,values_schema,-,not observed or not applicable in chart facts,data/chart-facts/chart-facts.csv;recipes/hashicorp/consul/2.0.0/helm-pain-report.yaml;recipes/hashicorp/consul/2.0.0/weirdness-and-mitigations.md
hashicorp/consul@2.0.0,install_vs_upgrade,yes - renders differ install vs upgrade,tracked chart fact,data/chart-facts/chart-facts.csv;recipes/hashicorp/consul/2.0.0/helm-pain-report.yaml;recipes/hashicorp/consul/2.0.0/weirdness-and-mitigations.md
hashicorp/consul@2.0.0,notes,yes - NOTES.txt,tracked chart fact,data/chart-facts/chart-facts.csv;recipes/hashicorp/consul/2.0.0/helm-pain-report.yaml;recipes/hashicorp/consul/2.0.0/weirdness-and-mitigations.md
hashicorp/consul@2.0.0,extension_slots,yes - per-use review,open extension slots require per-use review,data/chart-facts/chart-facts.csv;recipes/hashicorp/consul/2.0.0/helm-pain-report.yaml;recipes/hashicorp/consul/2.0.0/weirdness-and-mitigations.md
hashicorp/consul@2.0.0,buildable_not_yet_run,no-crds (buildable - not yet run); ingress-tls (buildable - not yet run),known build path exists but has not been promoted,data/chart-facts/chart-facts.csv;recipes/hashicorp/consul/2.0.0/helm-pain-report.yaml;recipes/hashicorp/consul/2.0.0/weirdness-and-mitigations.md
hashicorp/consul@2.0.0,not_yet_enabled,ha (curated proof lane - bespoke teaching needed),hard gap or curated proof lane remains,data/chart-facts/chart-facts.csv;recipes/hashicorp/consul/2.0.0/helm-pain-report.yaml;recipes/hashicorp/consul/2.0.0/weirdness-and-mitigations.md
hashicorp/terraform@1.1.2,post_deploy_hooks,-,not observed or not applicable in chart facts,data/chart-facts/chart-facts.csv;recipes/hashicorp/terraform/1.1.2/helm-pain-report.yaml;recipes/hashicorp/terraform/1.1.2/weirdness-and-mitigations.md
hashicorp/terraform@1.1.2,other_hooks,-,not observed or not applicable in chart facts,data/chart-facts/chart-facts.csv;recipes/hashicorp/terraform/1.1.2/helm-pain-report.yaml;recipes/hashicorp/terraform/1.1.2/weirdness-and-mitigations.md
hashicorp/terraform@1.1.2,hook_status,-,not observed or not applicable in chart facts,data/chart-facts/chart-facts.csv;recipes/hashicorp/terraform/1.1.2/helm-pain-report.yaml;recipes/hashicorp/terraform/1.1.2/weirdness-and-mitigations.md
hashicorp/terraform@1.1.2,generates_secrets,-,not observed or not applicable in chart facts,data/chart-facts/chart-facts.csv;recipes/hashicorp/terraform/1.1.2/helm-pain-report.yaml;recipes/hashicorp/terraform/1.1.2/weirdness-and-mitigations.md
hashicorp/terraform@1.1.2,existing_secret,n/a,bring-your-own-secret route status,data/chart-facts/chart-facts.csv;recipes/hashicorp/terraform/1.1.2/helm-pain-report.yaml;recipes/hashicorp/terraform/1.1.2/weirdness-and-mitigations.md
hashicorp/terraform@1.1.2,crds,present,CRDs are present; count 1; raw count is in chart-facts.csv,data/chart-facts/chart-facts.csv;recipes/hashicorp/terraform/1.1.2/helm-pain-report.yaml;recipes/hashicorp/terraform/1.1.2/weirdness-and-mitigations.md
hashicorp/terraform@1.1.2,no_crds_variant,built,CRD ownership route status,data/chart-facts/chart-facts.csv;recipes/hashicorp/terraform/1.1.2/helm-pain-report.yaml;recipes/hashicorp/terraform/1.1.2/weirdness-and-mitigations.md
hashicorp/terraform@1.1.2,webhooks,-,not observed or not applicable in chart facts,data/chart-facts/chart-facts.csv;recipes/hashicorp/terraform/1.1.2/helm-pain-report.yaml;recipes/hashicorp/terraform/1.1.2/weirdness-and-mitigations.md
hashicorp/terraform@1.1.2,required_values,yes - mandatory inputs (required/fail),tracked chart fact,data/chart-facts/chart-facts.csv;recipes/hashicorp/terraform/1.1.2/helm-pain-report.yaml;recipes/hashicorp/terraform/1.1.2/weirdness-and-mitigations.md
hashicorp/terraform@1.1.2,values_schema,-,not observed or not applicable in chart facts,data/chart-facts/chart-facts.csv;recipes/hashicorp/terraform/1.1.2/helm-pain-report.yaml;recipes/hashicorp/terraform/1.1.2/weirdness-and-mitigations.md
hashicorp/terraform@1.1.2,install_vs_upgrade,-,not observed or not applicable in chart facts,data/chart-facts/chart-facts.csv;recipes/hashicorp/terraform/1.1.2/helm-pain-report.yaml;recipes/hashicorp/terraform/1.1.2/weirdness-and-mitigations.md
hashicorp/terraform@1.1.2,notes,yes - NOTES.txt,tracked chart fact,data/chart-facts/chart-facts.csv;recipes/hashicorp/terraform/1.1.2/helm-pain-report.yaml;recipes/hashicorp/terraform/1.1.2/weirdness-and-mitigations.md
hashicorp/terraform@1.1.2,extension_slots,-,not observed or not applicable in chart facts,data/chart-facts/chart-facts.csv;recipes/hashicorp/terraform/1.1.2/helm-pain-report.yaml;recipes/hashicorp/terraform/1.1.2/weirdness-and-mitigations.md
hashicorp/terraform@1.1.2,buildable_not_yet_run,-,not observed or not applicable in chart facts,data/chart-facts/chart-facts.csv;recipes/hashicorp/terraform/1.1.2/helm-pain-report.yaml;recipes/hashicorp/terraform/1.1.2/weirdness-and-mitigations.md
hashicorp/terraform@1.1.2,not_yet_enabled,- (no open gap: recommended capabilities built or n/a; quirks modeled - Level 2),no hard capability gap recorded,data/chart-facts/chart-facts.csv;recipes/hashicorp/terraform/1.1.2/helm-pain-report.yaml;recipes/hashicorp/terraform/1.1.2/weirdness-and-mitigations.md
hashicorp/vault@0.32.0,post_deploy_hooks,-,not observed or not applicable in chart facts,data/chart-facts/chart-facts.csv;recipes/hashicorp/vault/0.32.0/helm-pain-report.yaml;recipes/hashicorp/vault/0.32.0/weirdness-and-mitigations.md
hashicorp/vault@0.32.0,other_hooks,-,not observed or not applicable in chart facts,data/chart-facts/chart-facts.csv;recipes/hashicorp/vault/0.32.0/helm-pain-report.yaml;recipes/hashicorp/vault/0.32.0/weirdness-and-mitigations.md
hashicorp/vault@0.32.0,hook_status,-,not observed or not applicable in chart facts,data/chart-facts/chart-facts.csv;recipes/hashicorp/vault/0.32.0/helm-pain-report.yaml;recipes/hashicorp/vault/0.32.0/weirdness-and-mitigations.md
hashicorp/vault@0.32.0,generates_secrets,-,not observed or not applicable in chart facts,data/chart-facts/chart-facts.csv;recipes/hashicorp/vault/0.32.0/helm-pain-report.yaml;recipes/hashicorp/vault/0.32.0/weirdness-and-mitigations.md
hashicorp/vault@0.32.0,existing_secret,n/a,bring-your-own-secret route status,data/chart-facts/chart-facts.csv;recipes/hashicorp/vault/0.32.0/helm-pain-report.yaml;recipes/hashicorp/vault/0.32.0/weirdness-and-mitigations.md
hashicorp/vault@0.32.0,crds,-,not observed or not applicable in chart facts,data/chart-facts/chart-facts.csv;recipes/hashicorp/vault/0.32.0/helm-pain-report.yaml;recipes/hashicorp/vault/0.32.0/weirdness-and-mitigations.md
hashicorp/vault@0.32.0,no_crds_variant,n/a (no CRDs),CRD ownership route status,data/chart-facts/chart-facts.csv;recipes/hashicorp/vault/0.32.0/helm-pain-report.yaml;recipes/hashicorp/vault/0.32.0/weirdness-and-mitigations.md
hashicorp/vault@0.32.0,webhooks,present,admission webhooks are present; count 1; raw count is in chart-facts.csv,data/chart-facts/chart-facts.csv;recipes/hashicorp/vault/0.32.0/helm-pain-report.yaml;recipes/hashicorp/vault/0.32.0/weirdness-and-mitigations.md
hashicorp/vault@0.32.0,required_values,yes - mandatory inputs (required/fail),tracked chart fact,data/chart-facts/chart-facts.csv;recipes/hashicorp/vault/0.32.0/helm-pain-report.yaml;recipes/hashicorp/vault/0.32.0/weirdness-and-mitigations.md
hashicorp/vault@0.32.0,values_schema,yes - values.schema.json,tracked chart fact,data/chart-facts/chart-facts.csv;recipes/hashicorp/vault/0.32.0/helm-pain-report.yaml;recipes/hashicorp/vault/0.32.0/weirdness-and-mitigations.md
hashicorp/vault@0.32.0,install_vs_upgrade,-,not observed or not applicable in chart facts,data/chart-facts/chart-facts.csv;recipes/hashicorp/vault/0.32.0/helm-pain-report.yaml;recipes/hashicorp/vault/0.32.0/weirdness-and-mitigations.md
hashicorp/vault@0.32.0,notes,yes - NOTES.txt,tracked chart fact,data/chart-facts/chart-facts.csv;recipes/hashicorp/vault/0.32.0/helm-pain-report.yaml;recipes/hashicorp/vault/0.32.0/weirdness-and-mitigations.md
hashicorp/vault@0.32.0,extension_slots,yes - per-use review,open extension slots require per-use review,data/chart-facts/chart-facts.csv;recipes/hashicorp/vault/0.32.0/helm-pain-report.yaml;recipes/hashicorp/vault/0.32.0/weirdness-and-mitigations.md
hashicorp/vault@0.32.0,buildable_not_yet_run,ingress-tls (buildable - not yet run); tls (buildable - not yet run),known build path exists but has not been promoted,data/chart-facts/chart-facts.csv;recipes/hashicorp/vault/0.32.0/helm-pain-report.yaml;recipes/hashicorp/vault/0.32.0/weirdness-and-mitigations.md
hashicorp/vault@0.32.0,not_yet_enabled,- (no open gap: recommended capabilities built or n/a; quirks modeled - Level 2),no hard capability gap recorded,data/chart-facts/chart-facts.csv;recipes/hashicorp/vault/0.32.0/helm-pain-report.yaml;recipes/hashicorp/vault/0.32.0/weirdness-and-mitigations.md
ingress-nginx/ingress-nginx@4.15.1,post_deploy_hooks,-,not observed or not applicable in chart facts,data/chart-facts/chart-facts.csv;recipes/ingress-nginx/ingress-nginx/4.15.1/helm-pain-report.yaml;recipes/ingress-nginx/ingress-nginx/4.15.1/weirdness-and-mitigations.md
ingress-nginx/ingress-nginx@4.15.1,other_hooks,-,not observed or not applicable in chart facts,data/chart-facts/chart-facts.csv;recipes/ingress-nginx/ingress-nginx/4.15.1/helm-pain-report.yaml;recipes/ingress-nginx/ingress-nginx/4.15.1/weirdness-and-mitigations.md
ingress-nginx/ingress-nginx@4.15.1,hook_status,-,not observed or not applicable in chart facts,data/chart-facts/chart-facts.csv;recipes/ingress-nginx/ingress-nginx/4.15.1/helm-pain-report.yaml;recipes/ingress-nginx/ingress-nginx/4.15.1/weirdness-and-mitigations.md
ingress-nginx/ingress-nginx@4.15.1,generates_secrets,-,not observed or not applicable in chart facts,data/chart-facts/chart-facts.csv;recipes/ingress-nginx/ingress-nginx/4.15.1/helm-pain-report.yaml;recipes/ingress-nginx/ingress-nginx/4.15.1/weirdness-and-mitigations.md
ingress-nginx/ingress-nginx@4.15.1,existing_secret,n/a,bring-your-own-secret route status,data/chart-facts/chart-facts.csv;recipes/ingress-nginx/ingress-nginx/4.15.1/helm-pain-report.yaml;recipes/ingress-nginx/ingress-nginx/4.15.1/weirdness-and-mitigations.md
ingress-nginx/ingress-nginx@4.15.1,crds,-,not observed or not applicable in chart facts,data/chart-facts/chart-facts.csv;recipes/ingress-nginx/ingress-nginx/4.15.1/helm-pain-report.yaml;recipes/ingress-nginx/ingress-nginx/4.15.1/weirdness-and-mitigations.md
ingress-nginx/ingress-nginx@4.15.1,no_crds_variant,n/a (no CRDs),CRD ownership route status,data/chart-facts/chart-facts.csv;recipes/ingress-nginx/ingress-nginx/4.15.1/helm-pain-report.yaml;recipes/ingress-nginx/ingress-nginx/4.15.1/weirdness-and-mitigations.md
ingress-nginx/ingress-nginx@4.15.1,webhooks,present,admission webhooks are present; count 1; raw count is in chart-facts.csv,data/chart-facts/chart-facts.csv;recipes/ingress-nginx/ingress-nginx/4.15.1/helm-pain-report.yaml;recipes/ingress-nginx/ingress-nginx/4.15.1/weirdness-and-mitigations.md
ingress-nginx/ingress-nginx@4.15.1,required_values,yes - mandatory inputs (required/fail),tracked chart fact,data/chart-facts/chart-facts.csv;recipes/ingress-nginx/ingress-nginx/4.15.1/helm-pain-report.yaml;recipes/ingress-nginx/ingress-nginx/4.15.1/weirdness-and-mitigations.md
ingress-nginx/ingress-nginx@4.15.1,values_schema,-,not observed or not applicable in chart facts,data/chart-facts/chart-facts.csv;recipes/ingress-nginx/ingress-nginx/4.15.1/helm-pain-report.yaml;recipes/ingress-nginx/ingress-nginx/4.15.1/weirdness-and-mitigations.md
ingress-nginx/ingress-nginx@4.15.1,install_vs_upgrade,-,not observed or not applicable in chart facts,data/chart-facts/chart-facts.csv;recipes/ingress-nginx/ingress-nginx/4.15.1/helm-pain-report.yaml;recipes/ingress-nginx/ingress-nginx/4.15.1/weirdness-and-mitigations.md
ingress-nginx/ingress-nginx@4.15.1,notes,yes - NOTES.txt,tracked chart fact,data/chart-facts/chart-facts.csv;recipes/ingress-nginx/ingress-nginx/4.15.1/helm-pain-report.yaml;recipes/ingress-nginx/ingress-nginx/4.15.1/weirdness-and-mitigations.md
ingress-nginx/ingress-nginx@4.15.1,extension_slots,-,not observed or not applicable in chart facts,data/chart-facts/chart-facts.csv;recipes/ingress-nginx/ingress-nginx/4.15.1/helm-pain-report.yaml;recipes/ingress-nginx/ingress-nginx/4.15.1/weirdness-and-mitigations.md
ingress-nginx/ingress-nginx@4.15.1,buildable_not_yet_run,-,not observed or not applicable in chart facts,data/chart-facts/chart-facts.csv;recipes/ingress-nginx/ingress-nginx/4.15.1/helm-pain-report.yaml;recipes/ingress-nginx/ingress-nginx/4.15.1/weirdness-and-mitigations.md
ingress-nginx/ingress-nginx@4.15.1,not_yet_enabled,- (no open gap: recommended capabilities built or n/a; quirks modeled - Level 2),no hard capability gap recorded,data/chart-facts/chart-facts.csv;recipes/ingress-nginx/ingress-nginx/4.15.1/helm-pain-report.yaml;recipes/ingress-nginx/ingress-nginx/4.15.1/weirdness-and-mitigations.md
istio/gateway@1.30.0,post_deploy_hooks,-,not observed or not applicable in chart facts,data/chart-facts/chart-facts.csv;recipes/istio/gateway/1.30.0/helm-pain-report.yaml;recipes/istio/gateway/1.30.0/weirdness-and-mitigations.md
istio/gateway@1.30.0,other_hooks,-,not observed or not applicable in chart facts,data/chart-facts/chart-facts.csv;recipes/istio/gateway/1.30.0/helm-pain-report.yaml;recipes/istio/gateway/1.30.0/weirdness-and-mitigations.md
istio/gateway@1.30.0,hook_status,-,not observed or not applicable in chart facts,data/chart-facts/chart-facts.csv;recipes/istio/gateway/1.30.0/helm-pain-report.yaml;recipes/istio/gateway/1.30.0/weirdness-and-mitigations.md
istio/gateway@1.30.0,generates_secrets,-,not observed or not applicable in chart facts,data/chart-facts/chart-facts.csv;recipes/istio/gateway/1.30.0/helm-pain-report.yaml;recipes/istio/gateway/1.30.0/weirdness-and-mitigations.md
istio/gateway@1.30.0,existing_secret,n/a,bring-your-own-secret route status,data/chart-facts/chart-facts.csv;recipes/istio/gateway/1.30.0/helm-pain-report.yaml;recipes/istio/gateway/1.30.0/weirdness-and-mitigations.md
istio/gateway@1.30.0,crds,-,not observed or not applicable in chart facts,data/chart-facts/chart-facts.csv;recipes/istio/gateway/1.30.0/helm-pain-report.yaml;recipes/istio/gateway/1.30.0/weirdness-and-mitigations.md
istio/gateway@1.30.0,no_crds_variant,n/a (no CRDs),CRD ownership route status,data/chart-facts/chart-facts.csv;recipes/istio/gateway/1.30.0/helm-pain-report.yaml;recipes/istio/gateway/1.30.0/weirdness-and-mitigations.md
istio/gateway@1.30.0,webhooks,-,not observed or not applicable in chart facts,data/chart-facts/chart-facts.csv;recipes/istio/gateway/1.30.0/helm-pain-report.yaml;recipes/istio/gateway/1.30.0/weirdness-and-mitigations.md
istio/gateway@1.30.0,required_values,-,not observed or not applicable in chart facts,data/chart-facts/chart-facts.csv;recipes/istio/gateway/1.30.0/helm-pain-report.yaml;recipes/istio/gateway/1.30.0/weirdness-and-mitigations.md
istio/gateway@1.30.0,values_schema,-,not observed or not applicable in chart facts,data/chart-facts/chart-facts.csv;recipes/istio/gateway/1.30.0/helm-pain-report.yaml;recipes/istio/gateway/1.30.0/weirdness-and-mitigations.md
istio/gateway@1.30.0,install_vs_upgrade,-,not observed or not applicable in chart facts,data/chart-facts/chart-facts.csv;recipes/istio/gateway/1.30.0/helm-pain-report.yaml;recipes/istio/gateway/1.30.0/weirdness-and-mitigations.md
istio/gateway@1.30.0,notes,-,not observed or not applicable in chart facts,data/chart-facts/chart-facts.csv;recipes/istio/gateway/1.30.0/helm-pain-report.yaml;recipes/istio/gateway/1.30.0/weirdness-and-mitigations.md
istio/gateway@1.30.0,extension_slots,-,not observed or not applicable in chart facts,data/chart-facts/chart-facts.csv;recipes/istio/gateway/1.30.0/helm-pain-report.yaml;recipes/istio/gateway/1.30.0/weirdness-and-mitigations.md
istio/gateway@1.30.0,buildable_not_yet_run,-,not observed or not applicable in chart facts,data/chart-facts/chart-facts.csv;recipes/istio/gateway/1.30.0/helm-pain-report.yaml;recipes/istio/gateway/1.30.0/weirdness-and-mitigations.md
istio/gateway@1.30.0,not_yet_enabled,- (no open gap: recommended capabilities built or n/a; quirks modeled - Level 2),no hard capability gap recorded,data/chart-facts/chart-facts.csv;recipes/istio/gateway/1.30.0/helm-pain-report.yaml;recipes/istio/gateway/1.30.0/weirdness-and-mitigations.md
istio/istiod@1.30.0,post_deploy_hooks,-,not observed or not applicable in chart facts,data/chart-facts/chart-facts.csv;recipes/istio/istiod/1.30.0/helm-pain-report.yaml;recipes/istio/istiod/1.30.0/weirdness-and-mitigations.md
istio/istiod@1.30.0,other_hooks,-,not observed or not applicable in chart facts,data/chart-facts/chart-facts.csv;recipes/istio/istiod/1.30.0/helm-pain-report.yaml;recipes/istio/istiod/1.30.0/weirdness-and-mitigations.md
istio/istiod@1.30.0,hook_status,-,not observed or not applicable in chart facts,data/chart-facts/chart-facts.csv;recipes/istio/istiod/1.30.0/helm-pain-report.yaml;recipes/istio/istiod/1.30.0/weirdness-and-mitigations.md
istio/istiod@1.30.0,generates_secrets,-,not observed or not applicable in chart facts,data/chart-facts/chart-facts.csv;recipes/istio/istiod/1.30.0/helm-pain-report.yaml;recipes/istio/istiod/1.30.0/weirdness-and-mitigations.md
istio/istiod@1.30.0,existing_secret,buildable - not yet run,bring-your-own-secret route status,data/chart-facts/chart-facts.csv;recipes/istio/istiod/1.30.0/helm-pain-report.yaml;recipes/istio/istiod/1.30.0/weirdness-and-mitigations.md
istio/istiod@1.30.0,crds,-,not observed or not applicable in chart facts,data/chart-facts/chart-facts.csv;recipes/istio/istiod/1.30.0/helm-pain-report.yaml;recipes/istio/istiod/1.30.0/weirdness-and-mitigations.md
istio/istiod@1.30.0,no_crds_variant,n/a (no CRDs),CRD ownership route status,data/chart-facts/chart-facts.csv;recipes/istio/istiod/1.30.0/helm-pain-report.yaml;recipes/istio/istiod/1.30.0/weirdness-and-mitigations.md
istio/istiod@1.30.0,webhooks,-,not observed or not applicable in chart facts,data/chart-facts/chart-facts.csv;recipes/istio/istiod/1.30.0/helm-pain-report.yaml;recipes/istio/istiod/1.30.0/weirdness-and-mitigations.md
istio/istiod@1.30.0,required_values,-,not observed or not applicable in chart facts,data/chart-facts/chart-facts.csv;recipes/istio/istiod/1.30.0/helm-pain-report.yaml;recipes/istio/istiod/1.30.0/weirdness-and-mitigations.md
istio/istiod@1.30.0,values_schema,-,not observed or not applicable in chart facts,data/chart-facts/chart-facts.csv;recipes/istio/istiod/1.30.0/helm-pain-report.yaml;recipes/istio/istiod/1.30.0/weirdness-and-mitigations.md
istio/istiod@1.30.0,install_vs_upgrade,-,not observed or not applicable in chart facts,data/chart-facts/chart-facts.csv;recipes/istio/istiod/1.30.0/helm-pain-report.yaml;recipes/istio/istiod/1.30.0/weirdness-and-mitigations.md
istio/istiod@1.30.0,notes,-,not observed or not applicable in chart facts,data/chart-facts/chart-facts.csv;recipes/istio/istiod/1.30.0/helm-pain-report.yaml;recipes/istio/istiod/1.30.0/weirdness-and-mitigations.md
istio/istiod@1.30.0,extension_slots,yes - per-use review,open extension slots require per-use review,data/chart-facts/chart-facts.csv;recipes/istio/istiod/1.30.0/helm-pain-report.yaml;recipes/istio/istiod/1.30.0/weirdness-and-mitigations.md
istio/istiod@1.30.0,buildable_not_yet_run,existing-secret (buildable - not yet run),known build path exists but has not been promoted,data/chart-facts/chart-facts.csv;recipes/istio/istiod/1.30.0/helm-pain-report.yaml;recipes/istio/istiod/1.30.0/weirdness-and-mitigations.md
istio/istiod@1.30.0,not_yet_enabled,- (no open gap: recommended capabilities built or n/a; quirks modeled - Level 2),no hard capability gap recorded,data/chart-facts/chart-facts.csv;recipes/istio/istiod/1.30.0/helm-pain-report.yaml;recipes/istio/istiod/1.30.0/weirdness-and-mitigations.md
jaegertracing/jaeger-operator@2.57.0,post_deploy_hooks,-,not observed or not applicable in chart facts,data/chart-facts/chart-facts.csv;recipes/jaegertracing/jaeger-operator/2.57.0/helm-pain-report.yaml;recipes/jaegertracing/jaeger-operator/2.57.0/weirdness-and-mitigations.md
jaegertracing/jaeger-operator@2.57.0,other_hooks,-,not observed or not applicable in chart facts,data/chart-facts/chart-facts.csv;recipes/jaegertracing/jaeger-operator/2.57.0/helm-pain-report.yaml;recipes/jaegertracing/jaeger-operator/2.57.0/weirdness-and-mitigations.md
jaegertracing/jaeger-operator@2.57.0,hook_status,-,not observed or not applicable in chart facts,data/chart-facts/chart-facts.csv;recipes/jaegertracing/jaeger-operator/2.57.0/helm-pain-report.yaml;recipes/jaegertracing/jaeger-operator/2.57.0/weirdness-and-mitigations.md
jaegertracing/jaeger-operator@2.57.0,generates_secrets,-,not observed or not applicable in chart facts,data/chart-facts/chart-facts.csv;recipes/jaegertracing/jaeger-operator/2.57.0/helm-pain-report.yaml;recipes/jaegertracing/jaeger-operator/2.57.0/weirdness-and-mitigations.md
jaegertracing/jaeger-operator@2.57.0,existing_secret,n/a,bring-your-own-secret route status,data/chart-facts/chart-facts.csv;recipes/jaegertracing/jaeger-operator/2.57.0/helm-pain-report.yaml;recipes/jaegertracing/jaeger-operator/2.57.0/weirdness-and-mitigations.md
jaegertracing/jaeger-operator@2.57.0,crds,present,CRDs are present; count 1; raw count is in chart-facts.csv,data/chart-facts/chart-facts.csv;recipes/jaegertracing/jaeger-operator/2.57.0/helm-pain-report.yaml;recipes/jaegertracing/jaeger-operator/2.57.0/weirdness-and-mitigations.md
jaegertracing/jaeger-operator@2.57.0,no_crds_variant,built,CRD ownership route status,data/chart-facts/chart-facts.csv;recipes/jaegertracing/jaeger-operator/2.57.0/helm-pain-report.yaml;recipes/jaegertracing/jaeger-operator/2.57.0/weirdness-and-mitigations.md
jaegertracing/jaeger-operator@2.57.0,webhooks,present,admission webhooks are present; count 2; raw count is in chart-facts.csv,data/chart-facts/chart-facts.csv;recipes/jaegertracing/jaeger-operator/2.57.0/helm-pain-report.yaml;recipes/jaegertracing/jaeger-operator/2.57.0/weirdness-and-mitigations.md
jaegertracing/jaeger-operator@2.57.0,required_values,-,not observed or not applicable in chart facts,data/chart-facts/chart-facts.csv;recipes/jaegertracing/jaeger-operator/2.57.0/helm-pain-report.yaml;recipes/jaegertracing/jaeger-operator/2.57.0/weirdness-and-mitigations.md
jaegertracing/jaeger-operator@2.57.0,values_schema,-,not observed or not applicable in chart facts,data/chart-facts/chart-facts.csv;recipes/jaegertracing/jaeger-operator/2.57.0/helm-pain-report.yaml;recipes/jaegertracing/jaeger-operator/2.57.0/weirdness-and-mitigations.md
jaegertracing/jaeger-operator@2.57.0,install_vs_upgrade,-,not observed or not applicable in chart facts,data/chart-facts/chart-facts.csv;recipes/jaegertracing/jaeger-operator/2.57.0/helm-pain-report.yaml;recipes/jaegertracing/jaeger-operator/2.57.0/weirdness-and-mitigations.md
jaegertracing/jaeger-operator@2.57.0,notes,yes - NOTES.txt,tracked chart fact,data/chart-facts/chart-facts.csv;recipes/jaegertracing/jaeger-operator/2.57.0/helm-pain-report.yaml;recipes/jaegertracing/jaeger-operator/2.57.0/weirdness-and-mitigations.md
jaegertracing/jaeger-operator@2.57.0,extension_slots,yes - per-use review,open extension slots require per-use review,data/chart-facts/chart-facts.csv;recipes/jaegertracing/jaeger-operator/2.57.0/helm-pain-report.yaml;recipes/jaegertracing/jaeger-operator/2.57.0/weirdness-and-mitigations.md
jaegertracing/jaeger-operator@2.57.0,buildable_not_yet_run,-,not observed or not applicable in chart facts,data/chart-facts/chart-facts.csv;recipes/jaegertracing/jaeger-operator/2.57.0/helm-pain-report.yaml;recipes/jaegertracing/jaeger-operator/2.57.0/weirdness-and-mitigations.md
jaegertracing/jaeger-operator@2.57.0,not_yet_enabled,- (no open gap: recommended capabilities built or n/a; quirks modeled - Level 2),no hard capability gap recorded,data/chart-facts/chart-facts.csv;recipes/jaegertracing/jaeger-operator/2.57.0/helm-pain-report.yaml;recipes/jaegertracing/jaeger-operator/2.57.0/weirdness-and-mitigations.md
jaegertracing/jaeger@4.8.0,post_deploy_hooks,-,not observed or not applicable in chart facts,data/chart-facts/chart-facts.csv;recipes/jaegertracing/jaeger/4.8.0/helm-pain-report.yaml;recipes/jaegertracing/jaeger/4.8.0/weirdness-and-mitigations.md
jaegertracing/jaeger@4.8.0,other_hooks,-,not observed or not applicable in chart facts,data/chart-facts/chart-facts.csv;recipes/jaegertracing/jaeger/4.8.0/helm-pain-report.yaml;recipes/jaegertracing/jaeger/4.8.0/weirdness-and-mitigations.md
jaegertracing/jaeger@4.8.0,hook_status,-,not observed or not applicable in chart facts,data/chart-facts/chart-facts.csv;recipes/jaegertracing/jaeger/4.8.0/helm-pain-report.yaml;recipes/jaegertracing/jaeger/4.8.0/weirdness-and-mitigations.md
jaegertracing/jaeger@4.8.0,generates_secrets,yes,tracked chart fact,data/chart-facts/chart-facts.csv;recipes/jaegertracing/jaeger/4.8.0/helm-pain-report.yaml;recipes/jaegertracing/jaeger/4.8.0/weirdness-and-mitigations.md
jaegertracing/jaeger@4.8.0,existing_secret,NOT built - chart ships no Secret toggle (#113),bring-your-own-secret route status,data/chart-facts/chart-facts.csv;recipes/jaegertracing/jaeger/4.8.0/helm-pain-report.yaml;recipes/jaegertracing/jaeger/4.8.0/weirdness-and-mitigations.md
jaegertracing/jaeger@4.8.0,crds,-,not observed or not applicable in chart facts,data/chart-facts/chart-facts.csv;recipes/jaegertracing/jaeger/4.8.0/helm-pain-report.yaml;recipes/jaegertracing/jaeger/4.8.0/weirdness-and-mitigations.md
jaegertracing/jaeger@4.8.0,no_crds_variant,n/a (no CRDs),CRD ownership route status,data/chart-facts/chart-facts.csv;recipes/jaegertracing/jaeger/4.8.0/helm-pain-report.yaml;recipes/jaegertracing/jaeger/4.8.0/weirdness-and-mitigations.md
jaegertracing/jaeger@4.8.0,webhooks,-,not observed or not applicable in chart facts,data/chart-facts/chart-facts.csv;recipes/jaegertracing/jaeger/4.8.0/helm-pain-report.yaml;recipes/jaegertracing/jaeger/4.8.0/weirdness-and-mitigations.md
jaegertracing/jaeger@4.8.0,required_values,-,not observed or not applicable in chart facts,data/chart-facts/chart-facts.csv;recipes/jaegertracing/jaeger/4.8.0/helm-pain-report.yaml;recipes/jaegertracing/jaeger/4.8.0/weirdness-and-mitigations.md
jaegertracing/jaeger@4.8.0,values_schema,-,not observed or not applicable in chart facts,data/chart-facts/chart-facts.csv;recipes/jaegertracing/jaeger/4.8.0/helm-pain-report.yaml;recipes/jaegertracing/jaeger/4.8.0/weirdness-and-mitigations.md
jaegertracing/jaeger@4.8.0,install_vs_upgrade,yes - renders differ install vs upgrade,tracked chart fact,data/chart-facts/chart-facts.csv;recipes/jaegertracing/jaeger/4.8.0/helm-pain-report.yaml;recipes/jaegertracing/jaeger/4.8.0/weirdness-and-mitigations.md
jaegertracing/jaeger@4.8.0,notes,yes - NOTES.txt,tracked chart fact,data/chart-facts/chart-facts.csv;recipes/jaegertracing/jaeger/4.8.0/helm-pain-report.yaml;recipes/jaegertracing/jaeger/4.8.0/weirdness-and-mitigations.md
jaegertracing/jaeger@4.8.0,extension_slots,yes - per-use review,open extension slots require per-use review,data/chart-facts/chart-facts.csv;recipes/jaegertracing/jaeger/4.8.0/helm-pain-report.yaml;recipes/jaegertracing/jaeger/4.8.0/weirdness-and-mitigations.md
jaegertracing/jaeger@4.8.0,buildable_not_yet_run,-,not observed or not applicable in chart facts,data/chart-facts/chart-facts.csv;recipes/jaegertracing/jaeger/4.8.0/helm-pain-report.yaml;recipes/jaegertracing/jaeger/4.8.0/weirdness-and-mitigations.md
jaegertracing/jaeger@4.8.0,not_yet_enabled,existing-secret (chart ships no Secret toggle - #113),hard gap or curated proof lane remains,data/chart-facts/chart-facts.csv;recipes/jaegertracing/jaeger/4.8.0/helm-pain-report.yaml;recipes/jaegertracing/jaeger/4.8.0/weirdness-and-mitigations.md
jetstack/cert-manager-csi-driver@v0.14.0,post_deploy_hooks,-,not observed or not applicable in chart facts,data/chart-facts/chart-facts.csv;recipes/jetstack/cert-manager-csi-driver/v0.14.0/helm-pain-report.yaml;recipes/jetstack/cert-manager-csi-driver/v0.14.0/weirdness-and-mitigations.md
jetstack/cert-manager-csi-driver@v0.14.0,other_hooks,-,not observed or not applicable in chart facts,data/chart-facts/chart-facts.csv;recipes/jetstack/cert-manager-csi-driver/v0.14.0/helm-pain-report.yaml;recipes/jetstack/cert-manager-csi-driver/v0.14.0/weirdness-and-mitigations.md
jetstack/cert-manager-csi-driver@v0.14.0,hook_status,-,not observed or not applicable in chart facts,data/chart-facts/chart-facts.csv;recipes/jetstack/cert-manager-csi-driver/v0.14.0/helm-pain-report.yaml;recipes/jetstack/cert-manager-csi-driver/v0.14.0/weirdness-and-mitigations.md
jetstack/cert-manager-csi-driver@v0.14.0,generates_secrets,-,not observed or not applicable in chart facts,data/chart-facts/chart-facts.csv;recipes/jetstack/cert-manager-csi-driver/v0.14.0/helm-pain-report.yaml;recipes/jetstack/cert-manager-csi-driver/v0.14.0/weirdness-and-mitigations.md
jetstack/cert-manager-csi-driver@v0.14.0,existing_secret,n/a,bring-your-own-secret route status,data/chart-facts/chart-facts.csv;recipes/jetstack/cert-manager-csi-driver/v0.14.0/helm-pain-report.yaml;recipes/jetstack/cert-manager-csi-driver/v0.14.0/weirdness-and-mitigations.md
jetstack/cert-manager-csi-driver@v0.14.0,crds,-,not observed or not applicable in chart facts,data/chart-facts/chart-facts.csv;recipes/jetstack/cert-manager-csi-driver/v0.14.0/helm-pain-report.yaml;recipes/jetstack/cert-manager-csi-driver/v0.14.0/weirdness-and-mitigations.md
jetstack/cert-manager-csi-driver@v0.14.0,no_crds_variant,n/a (no CRDs),CRD ownership route status,data/chart-facts/chart-facts.csv;recipes/jetstack/cert-manager-csi-driver/v0.14.0/helm-pain-report.yaml;recipes/jetstack/cert-manager-csi-driver/v0.14.0/weirdness-and-mitigations.md
jetstack/cert-manager-csi-driver@v0.14.0,webhooks,-,not observed or not applicable in chart facts,data/chart-facts/chart-facts.csv;recipes/jetstack/cert-manager-csi-driver/v0.14.0/helm-pain-report.yaml;recipes/jetstack/cert-manager-csi-driver/v0.14.0/weirdness-and-mitigations.md
jetstack/cert-manager-csi-driver@v0.14.0,required_values,-,not observed or not applicable in chart facts,data/chart-facts/chart-facts.csv;recipes/jetstack/cert-manager-csi-driver/v0.14.0/helm-pain-report.yaml;recipes/jetstack/cert-manager-csi-driver/v0.14.0/weirdness-and-mitigations.md
jetstack/cert-manager-csi-driver@v0.14.0,values_schema,-,not observed or not applicable in chart facts,data/chart-facts/chart-facts.csv;recipes/jetstack/cert-manager-csi-driver/v0.14.0/helm-pain-report.yaml;recipes/jetstack/cert-manager-csi-driver/v0.14.0/weirdness-and-mitigations.md
jetstack/cert-manager-csi-driver@v0.14.0,install_vs_upgrade,-,not observed or not applicable in chart facts,data/chart-facts/chart-facts.csv;recipes/jetstack/cert-manager-csi-driver/v0.14.0/helm-pain-report.yaml;recipes/jetstack/cert-manager-csi-driver/v0.14.0/weirdness-and-mitigations.md
jetstack/cert-manager-csi-driver@v0.14.0,notes,-,not observed or not applicable in chart facts,data/chart-facts/chart-facts.csv;recipes/jetstack/cert-manager-csi-driver/v0.14.0/helm-pain-report.yaml;recipes/jetstack/cert-manager-csi-driver/v0.14.0/weirdness-and-mitigations.md
jetstack/cert-manager-csi-driver@v0.14.0,extension_slots,-,not observed or not applicable in chart facts,data/chart-facts/chart-facts.csv;recipes/jetstack/cert-manager-csi-driver/v0.14.0/helm-pain-report.yaml;recipes/jetstack/cert-manager-csi-driver/v0.14.0/weirdness-and-mitigations.md
jetstack/cert-manager-csi-driver@v0.14.0,buildable_not_yet_run,-,not observed or not applicable in chart facts,data/chart-facts/chart-facts.csv;recipes/jetstack/cert-manager-csi-driver/v0.14.0/helm-pain-report.yaml;recipes/jetstack/cert-manager-csi-driver/v0.14.0/weirdness-and-mitigations.md
jetstack/cert-manager-csi-driver@v0.14.0,not_yet_enabled,- (no open gap: recommended capabilities built or n/a; quirks modeled - Level 2),no hard capability gap recorded,data/chart-facts/chart-facts.csv;recipes/jetstack/cert-manager-csi-driver/v0.14.0/helm-pain-report.yaml;recipes/jetstack/cert-manager-csi-driver/v0.14.0/weirdness-and-mitigations.md
jetstack/cert-manager@v1.20.2,post_deploy_hooks,-,not observed or not applicable in chart facts,data/chart-facts/chart-facts.csv;recipes/jetstack/cert-manager/v1.20.2/helm-pain-report.yaml;recipes/jetstack/cert-manager/v1.20.2/weirdness-and-mitigations.md
jetstack/cert-manager@v1.20.2,other_hooks,-,not observed or not applicable in chart facts,data/chart-facts/chart-facts.csv;recipes/jetstack/cert-manager/v1.20.2/helm-pain-report.yaml;recipes/jetstack/cert-manager/v1.20.2/weirdness-and-mitigations.md
jetstack/cert-manager@v1.20.2,hook_status,-,not observed or not applicable in chart facts,data/chart-facts/chart-facts.csv;recipes/jetstack/cert-manager/v1.20.2/helm-pain-report.yaml;recipes/jetstack/cert-manager/v1.20.2/weirdness-and-mitigations.md
jetstack/cert-manager@v1.20.2,generates_secrets,-,not observed or not applicable in chart facts,data/chart-facts/chart-facts.csv;recipes/jetstack/cert-manager/v1.20.2/helm-pain-report.yaml;recipes/jetstack/cert-manager/v1.20.2/weirdness-and-mitigations.md
jetstack/cert-manager@v1.20.2,existing_secret,n/a,bring-your-own-secret route status,data/chart-facts/chart-facts.csv;recipes/jetstack/cert-manager/v1.20.2/helm-pain-report.yaml;recipes/jetstack/cert-manager/v1.20.2/weirdness-and-mitigations.md
jetstack/cert-manager@v1.20.2,crds,-,not observed or not applicable in chart facts,data/chart-facts/chart-facts.csv;recipes/jetstack/cert-manager/v1.20.2/helm-pain-report.yaml;recipes/jetstack/cert-manager/v1.20.2/weirdness-and-mitigations.md
jetstack/cert-manager@v1.20.2,no_crds_variant,n/a (no CRDs),CRD ownership route status,data/chart-facts/chart-facts.csv;recipes/jetstack/cert-manager/v1.20.2/helm-pain-report.yaml;recipes/jetstack/cert-manager/v1.20.2/weirdness-and-mitigations.md
jetstack/cert-manager@v1.20.2,webhooks,-,not observed or not applicable in chart facts,data/chart-facts/chart-facts.csv;recipes/jetstack/cert-manager/v1.20.2/helm-pain-report.yaml;recipes/jetstack/cert-manager/v1.20.2/weirdness-and-mitigations.md
jetstack/cert-manager@v1.20.2,required_values,-,not observed or not applicable in chart facts,data/chart-facts/chart-facts.csv;recipes/jetstack/cert-manager/v1.20.2/helm-pain-report.yaml;recipes/jetstack/cert-manager/v1.20.2/weirdness-and-mitigations.md
jetstack/cert-manager@v1.20.2,values_schema,-,not observed or not applicable in chart facts,data/chart-facts/chart-facts.csv;recipes/jetstack/cert-manager/v1.20.2/helm-pain-report.yaml;recipes/jetstack/cert-manager/v1.20.2/weirdness-and-mitigations.md
jetstack/cert-manager@v1.20.2,install_vs_upgrade,-,not observed or not applicable in chart facts,data/chart-facts/chart-facts.csv;recipes/jetstack/cert-manager/v1.20.2/helm-pain-report.yaml;recipes/jetstack/cert-manager/v1.20.2/weirdness-and-mitigations.md
jetstack/cert-manager@v1.20.2,notes,-,not observed or not applicable in chart facts,data/chart-facts/chart-facts.csv;recipes/jetstack/cert-manager/v1.20.2/helm-pain-report.yaml;recipes/jetstack/cert-manager/v1.20.2/weirdness-and-mitigations.md
jetstack/cert-manager@v1.20.2,extension_slots,yes - per-use review,open extension slots require per-use review,data/chart-facts/chart-facts.csv;recipes/jetstack/cert-manager/v1.20.2/helm-pain-report.yaml;recipes/jetstack/cert-manager/v1.20.2/weirdness-and-mitigations.md
jetstack/cert-manager@v1.20.2,buildable_not_yet_run,-,not observed or not applicable in chart facts,data/chart-facts/chart-facts.csv;recipes/jetstack/cert-manager/v1.20.2/helm-pain-report.yaml;recipes/jetstack/cert-manager/v1.20.2/weirdness-and-mitigations.md
jetstack/cert-manager@v1.20.2,not_yet_enabled,- (no open gap: recommended capabilities built or n/a; quirks modeled - Level 2),no hard capability gap recorded,data/chart-facts/chart-facts.csv;recipes/jetstack/cert-manager/v1.20.2/helm-pain-report.yaml;recipes/jetstack/cert-manager/v1.20.2/weirdness-and-mitigations.md
jetstack/trust-manager@v0.22.1,post_deploy_hooks,-,not observed or not applicable in chart facts,data/chart-facts/chart-facts.csv;recipes/jetstack/trust-manager/v0.22.1/helm-pain-report.yaml;recipes/jetstack/trust-manager/v0.22.1/weirdness-and-mitigations.md
jetstack/trust-manager@v0.22.1,other_hooks,-,not observed or not applicable in chart facts,data/chart-facts/chart-facts.csv;recipes/jetstack/trust-manager/v0.22.1/helm-pain-report.yaml;recipes/jetstack/trust-manager/v0.22.1/weirdness-and-mitigations.md
jetstack/trust-manager@v0.22.1,hook_status,-,not observed or not applicable in chart facts,data/chart-facts/chart-facts.csv;recipes/jetstack/trust-manager/v0.22.1/helm-pain-report.yaml;recipes/jetstack/trust-manager/v0.22.1/weirdness-and-mitigations.md
jetstack/trust-manager@v0.22.1,generates_secrets,-,not observed or not applicable in chart facts,data/chart-facts/chart-facts.csv;recipes/jetstack/trust-manager/v0.22.1/helm-pain-report.yaml;recipes/jetstack/trust-manager/v0.22.1/weirdness-and-mitigations.md
jetstack/trust-manager@v0.22.1,existing_secret,buildable - not yet run,bring-your-own-secret route status,data/chart-facts/chart-facts.csv;recipes/jetstack/trust-manager/v0.22.1/helm-pain-report.yaml;recipes/jetstack/trust-manager/v0.22.1/weirdness-and-mitigations.md
jetstack/trust-manager@v0.22.1,crds,present,tracked chart fact,data/chart-facts/chart-facts.csv;recipes/jetstack/trust-manager/v0.22.1/helm-pain-report.yaml;recipes/jetstack/trust-manager/v0.22.1/weirdness-and-mitigations.md
jetstack/trust-manager@v0.22.1,no_crds_variant,built,CRD ownership route status,data/chart-facts/chart-facts.csv;recipes/jetstack/trust-manager/v0.22.1/helm-pain-report.yaml;recipes/jetstack/trust-manager/v0.22.1/weirdness-and-mitigations.md
jetstack/trust-manager@v0.22.1,webhooks,-,not observed or not applicable in chart facts,data/chart-facts/chart-facts.csv;recipes/jetstack/trust-manager/v0.22.1/helm-pain-report.yaml;recipes/jetstack/trust-manager/v0.22.1/weirdness-and-mitigations.md
jetstack/trust-manager@v0.22.1,required_values,-,not observed or not applicable in chart facts,data/chart-facts/chart-facts.csv;recipes/jetstack/trust-manager/v0.22.1/helm-pain-report.yaml;recipes/jetstack/trust-manager/v0.22.1/weirdness-and-mitigations.md
jetstack/trust-manager@v0.22.1,values_schema,-,not observed or not applicable in chart facts,data/chart-facts/chart-facts.csv;recipes/jetstack/trust-manager/v0.22.1/helm-pain-report.yaml;recipes/jetstack/trust-manager/v0.22.1/weirdness-and-mitigations.md
jetstack/trust-manager@v0.22.1,install_vs_upgrade,-,not observed or not applicable in chart facts,data/chart-facts/chart-facts.csv;recipes/jetstack/trust-manager/v0.22.1/helm-pain-report.yaml;recipes/jetstack/trust-manager/v0.22.1/weirdness-and-mitigations.md
jetstack/trust-manager@v0.22.1,notes,-,not observed or not applicable in chart facts,data/chart-facts/chart-facts.csv;recipes/jetstack/trust-manager/v0.22.1/helm-pain-report.yaml;recipes/jetstack/trust-manager/v0.22.1/weirdness-and-mitigations.md
jetstack/trust-manager@v0.22.1,extension_slots,yes - per-use review,open extension slots require per-use review,data/chart-facts/chart-facts.csv;recipes/jetstack/trust-manager/v0.22.1/helm-pain-report.yaml;recipes/jetstack/trust-manager/v0.22.1/weirdness-and-mitigations.md
jetstack/trust-manager@v0.22.1,buildable_not_yet_run,existing-secret (buildable - not yet run),known build path exists but has not been promoted,data/chart-facts/chart-facts.csv;recipes/jetstack/trust-manager/v0.22.1/helm-pain-report.yaml;recipes/jetstack/trust-manager/v0.22.1/weirdness-and-mitigations.md
jetstack/trust-manager@v0.22.1,not_yet_enabled,- (no open gap: recommended capabilities built or n/a; quirks modeled - Level 2),no hard capability gap recorded,data/chart-facts/chart-facts.csv;recipes/jetstack/trust-manager/v0.22.1/helm-pain-report.yaml;recipes/jetstack/trust-manager/v0.22.1/weirdness-and-mitigations.md
kedacore/keda@2.19.0,post_deploy_hooks,-,not observed or not applicable in chart facts,data/chart-facts/chart-facts.csv;recipes/kedacore/keda/2.19.0/helm-pain-report.yaml;recipes/kedacore/keda/2.19.0/weirdness-and-mitigations.md
kedacore/keda@2.19.0,other_hooks,-,not observed or not applicable in chart facts,data/chart-facts/chart-facts.csv;recipes/kedacore/keda/2.19.0/helm-pain-report.yaml;recipes/kedacore/keda/2.19.0/weirdness-and-mitigations.md
kedacore/keda@2.19.0,hook_status,-,not observed or not applicable in chart facts,data/chart-facts/chart-facts.csv;recipes/kedacore/keda/2.19.0/helm-pain-report.yaml;recipes/kedacore/keda/2.19.0/weirdness-and-mitigations.md
kedacore/keda@2.19.0,generates_secrets,-,not observed or not applicable in chart facts,data/chart-facts/chart-facts.csv;recipes/kedacore/keda/2.19.0/helm-pain-report.yaml;recipes/kedacore/keda/2.19.0/weirdness-and-mitigations.md
kedacore/keda@2.19.0,existing_secret,n/a,bring-your-own-secret route status,data/chart-facts/chart-facts.csv;recipes/kedacore/keda/2.19.0/helm-pain-report.yaml;recipes/kedacore/keda/2.19.0/weirdness-and-mitigations.md
kedacore/keda@2.19.0,crds,present,CRDs are present; count 6; raw count is in chart-facts.csv,data/chart-facts/chart-facts.csv;recipes/kedacore/keda/2.19.0/helm-pain-report.yaml;recipes/kedacore/keda/2.19.0/weirdness-and-mitigations.md
kedacore/keda@2.19.0,no_crds_variant,built,CRD ownership route status,data/chart-facts/chart-facts.csv;recipes/kedacore/keda/2.19.0/helm-pain-report.yaml;recipes/kedacore/keda/2.19.0/weirdness-and-mitigations.md
kedacore/keda@2.19.0,webhooks,present,admission webhooks are present; count 1; raw count is in chart-facts.csv,data/chart-facts/chart-facts.csv;recipes/kedacore/keda/2.19.0/helm-pain-report.yaml;recipes/kedacore/keda/2.19.0/weirdness-and-mitigations.md
kedacore/keda@2.19.0,required_values,-,not observed or not applicable in chart facts,data/chart-facts/chart-facts.csv;recipes/kedacore/keda/2.19.0/helm-pain-report.yaml;recipes/kedacore/keda/2.19.0/weirdness-and-mitigations.md
kedacore/keda@2.19.0,values_schema,-,not observed or not applicable in chart facts,data/chart-facts/chart-facts.csv;recipes/kedacore/keda/2.19.0/helm-pain-report.yaml;recipes/kedacore/keda/2.19.0/weirdness-and-mitigations.md
kedacore/keda@2.19.0,install_vs_upgrade,-,not observed or not applicable in chart facts,data/chart-facts/chart-facts.csv;recipes/kedacore/keda/2.19.0/helm-pain-report.yaml;recipes/kedacore/keda/2.19.0/weirdness-and-mitigations.md
kedacore/keda@2.19.0,notes,yes - NOTES.txt,tracked chart fact,data/chart-facts/chart-facts.csv;recipes/kedacore/keda/2.19.0/helm-pain-report.yaml;recipes/kedacore/keda/2.19.0/weirdness-and-mitigations.md
kedacore/keda@2.19.0,extension_slots,yes - per-use review,open extension slots require per-use review,data/chart-facts/chart-facts.csv;recipes/kedacore/keda/2.19.0/helm-pain-report.yaml;recipes/kedacore/keda/2.19.0/weirdness-and-mitigations.md
kedacore/keda@2.19.0,buildable_not_yet_run,-,not observed or not applicable in chart facts,data/chart-facts/chart-facts.csv;recipes/kedacore/keda/2.19.0/helm-pain-report.yaml;recipes/kedacore/keda/2.19.0/weirdness-and-mitigations.md
kedacore/keda@2.19.0,not_yet_enabled,- (no open gap: recommended capabilities built or n/a; quirks modeled - Level 2),no hard capability gap recorded,data/chart-facts/chart-facts.csv;recipes/kedacore/keda/2.19.0/helm-pain-report.yaml;recipes/kedacore/keda/2.19.0/weirdness-and-mitigations.md
kyverno/kyverno-policies@3.8.0,post_deploy_hooks,-,not observed or not applicable in chart facts,data/chart-facts/chart-facts.csv;recipes/kyverno/kyverno-policies/3.8.0/helm-pain-report.yaml;recipes/kyverno/kyverno-policies/3.8.0/weirdness-and-mitigations.md
kyverno/kyverno-policies@3.8.0,other_hooks,-,not observed or not applicable in chart facts,data/chart-facts/chart-facts.csv;recipes/kyverno/kyverno-policies/3.8.0/helm-pain-report.yaml;recipes/kyverno/kyverno-policies/3.8.0/weirdness-and-mitigations.md
kyverno/kyverno-policies@3.8.0,hook_status,-,not observed or not applicable in chart facts,data/chart-facts/chart-facts.csv;recipes/kyverno/kyverno-policies/3.8.0/helm-pain-report.yaml;recipes/kyverno/kyverno-policies/3.8.0/weirdness-and-mitigations.md
kyverno/kyverno-policies@3.8.0,generates_secrets,-,not observed or not applicable in chart facts,data/chart-facts/chart-facts.csv;recipes/kyverno/kyverno-policies/3.8.0/helm-pain-report.yaml;recipes/kyverno/kyverno-policies/3.8.0/weirdness-and-mitigations.md
kyverno/kyverno-policies@3.8.0,existing_secret,n/a,bring-your-own-secret route status,data/chart-facts/chart-facts.csv;recipes/kyverno/kyverno-policies/3.8.0/helm-pain-report.yaml;recipes/kyverno/kyverno-policies/3.8.0/weirdness-and-mitigations.md
kyverno/kyverno-policies@3.8.0,crds,-,not observed or not applicable in chart facts,data/chart-facts/chart-facts.csv;recipes/kyverno/kyverno-policies/3.8.0/helm-pain-report.yaml;recipes/kyverno/kyverno-policies/3.8.0/weirdness-and-mitigations.md
kyverno/kyverno-policies@3.8.0,no_crds_variant,n/a (no CRDs),CRD ownership route status,data/chart-facts/chart-facts.csv;recipes/kyverno/kyverno-policies/3.8.0/helm-pain-report.yaml;recipes/kyverno/kyverno-policies/3.8.0/weirdness-and-mitigations.md
kyverno/kyverno-policies@3.8.0,webhooks,-,not observed or not applicable in chart facts,data/chart-facts/chart-facts.csv;recipes/kyverno/kyverno-policies/3.8.0/helm-pain-report.yaml;recipes/kyverno/kyverno-policies/3.8.0/weirdness-and-mitigations.md
kyverno/kyverno-policies@3.8.0,required_values,yes - mandatory inputs (required/fail),tracked chart fact,data/chart-facts/chart-facts.csv;recipes/kyverno/kyverno-policies/3.8.0/helm-pain-report.yaml;recipes/kyverno/kyverno-policies/3.8.0/weirdness-and-mitigations.md
kyverno/kyverno-policies@3.8.0,values_schema,-,not observed or not applicable in chart facts,data/chart-facts/chart-facts.csv;recipes/kyverno/kyverno-policies/3.8.0/helm-pain-report.yaml;recipes/kyverno/kyverno-policies/3.8.0/weirdness-and-mitigations.md
kyverno/kyverno-policies@3.8.0,install_vs_upgrade,-,not observed or not applicable in chart facts,data/chart-facts/chart-facts.csv;recipes/kyverno/kyverno-policies/3.8.0/helm-pain-report.yaml;recipes/kyverno/kyverno-policies/3.8.0/weirdness-and-mitigations.md
kyverno/kyverno-policies@3.8.0,notes,yes - NOTES.txt,tracked chart fact,data/chart-facts/chart-facts.csv;recipes/kyverno/kyverno-policies/3.8.0/helm-pain-report.yaml;recipes/kyverno/kyverno-policies/3.8.0/weirdness-and-mitigations.md
kyverno/kyverno-policies@3.8.0,extension_slots,yes - per-use review,open extension slots require per-use review,data/chart-facts/chart-facts.csv;recipes/kyverno/kyverno-policies/3.8.0/helm-pain-report.yaml;recipes/kyverno/kyverno-policies/3.8.0/weirdness-and-mitigations.md
kyverno/kyverno-policies@3.8.0,buildable_not_yet_run,-,not observed or not applicable in chart facts,data/chart-facts/chart-facts.csv;recipes/kyverno/kyverno-policies/3.8.0/helm-pain-report.yaml;recipes/kyverno/kyverno-policies/3.8.0/weirdness-and-mitigations.md
kyverno/kyverno-policies@3.8.0,not_yet_enabled,- (no open gap: recommended capabilities built or n/a; quirks modeled - Level 2),no hard capability gap recorded,data/chart-facts/chart-facts.csv;recipes/kyverno/kyverno-policies/3.8.0/helm-pain-report.yaml;recipes/kyverno/kyverno-policies/3.8.0/weirdness-and-mitigations.md
kyverno/kyverno@3.8.1,post_deploy_hooks,post-upgrade,hook route is selected; runtime execution or observation is still required,data/chart-facts/chart-facts.csv;recipes/kyverno/kyverno/3.8.1/helm-pain-report.yaml;recipes/kyverno/kyverno/3.8.1/weirdness-and-mitigations.md;data/hook-lifecycle/receipts/kyverno-kyverno/default/latest.yaml
kyverno/kyverno@3.8.1,other_hooks,pre-delete+test,hook route is selected; runtime execution or observation is still required,data/chart-facts/chart-facts.csv;recipes/kyverno/kyverno/3.8.1/helm-pain-report.yaml;recipes/kyverno/kyverno/3.8.1/weirdness-and-mitigations.md;data/hook-lifecycle/receipts/kyverno-kyverno/default/latest.yaml
kyverno/kyverno@3.8.1,hook_status,lifecycle-policy: ConfigHub applies / Flux|Argo runs (live receipt pending),hook route is selected; runtime execution or observation is still required,data/chart-facts/chart-facts.csv;recipes/kyverno/kyverno/3.8.1/helm-pain-report.yaml;recipes/kyverno/kyverno/3.8.1/weirdness-and-mitigations.md;data/hook-lifecycle/receipts/kyverno-kyverno/default/latest.yaml
kyverno/kyverno@3.8.1,generates_secrets,yes,tracked chart fact,data/chart-facts/chart-facts.csv;recipes/kyverno/kyverno/3.8.1/helm-pain-report.yaml;recipes/kyverno/kyverno/3.8.1/weirdness-and-mitigations.md
kyverno/kyverno@3.8.1,existing_secret,NOT built - chart ships no Secret toggle (#113),bring-your-own-secret route status,data/chart-facts/chart-facts.csv;recipes/kyverno/kyverno/3.8.1/helm-pain-report.yaml;recipes/kyverno/kyverno/3.8.1/weirdness-and-mitigations.md
kyverno/kyverno@3.8.1,crds,present,CRDs are present; count 25; raw count is in chart-facts.csv,data/chart-facts/chart-facts.csv;recipes/kyverno/kyverno/3.8.1/helm-pain-report.yaml;recipes/kyverno/kyverno/3.8.1/weirdness-and-mitigations.md
kyverno/kyverno@3.8.1,no_crds_variant,built,CRD ownership route status,data/chart-facts/chart-facts.csv;recipes/kyverno/kyverno/3.8.1/helm-pain-report.yaml;recipes/kyverno/kyverno/3.8.1/weirdness-and-mitigations.md
kyverno/kyverno@3.8.1,webhooks,-,not observed or not applicable in chart facts,data/chart-facts/chart-facts.csv;recipes/kyverno/kyverno/3.8.1/helm-pain-report.yaml;recipes/kyverno/kyverno/3.8.1/weirdness-and-mitigations.md
kyverno/kyverno@3.8.1,required_values,yes - mandatory inputs (required/fail),tracked chart fact,data/chart-facts/chart-facts.csv;recipes/kyverno/kyverno/3.8.1/helm-pain-report.yaml;recipes/kyverno/kyverno/3.8.1/weirdness-and-mitigations.md
kyverno/kyverno@3.8.1,values_schema,yes - values.schema.json,tracked chart fact,data/chart-facts/chart-facts.csv;recipes/kyverno/kyverno/3.8.1/helm-pain-report.yaml;recipes/kyverno/kyverno/3.8.1/weirdness-and-mitigations.md
kyverno/kyverno@3.8.1,install_vs_upgrade,yes - renders differ install vs upgrade,tracked chart fact,data/chart-facts/chart-facts.csv;recipes/kyverno/kyverno/3.8.1/helm-pain-report.yaml;recipes/kyverno/kyverno/3.8.1/weirdness-and-mitigations.md
kyverno/kyverno@3.8.1,notes,yes - NOTES.txt,tracked chart fact,data/chart-facts/chart-facts.csv;recipes/kyverno/kyverno/3.8.1/helm-pain-report.yaml;recipes/kyverno/kyverno/3.8.1/weirdness-and-mitigations.md
kyverno/kyverno@3.8.1,extension_slots,yes - per-use review,open extension slots require per-use review,data/chart-facts/chart-facts.csv;recipes/kyverno/kyverno/3.8.1/helm-pain-report.yaml;recipes/kyverno/kyverno/3.8.1/weirdness-and-mitigations.md
kyverno/kyverno@3.8.1,buildable_not_yet_run,-,not observed or not applicable in chart facts,data/chart-facts/chart-facts.csv;recipes/kyverno/kyverno/3.8.1/helm-pain-report.yaml;recipes/kyverno/kyverno/3.8.1/weirdness-and-mitigations.md
kyverno/kyverno@3.8.1,not_yet_enabled,existing-secret (chart ships no Secret toggle - #113),hard gap or curated proof lane remains,data/chart-facts/chart-facts.csv;recipes/kyverno/kyverno/3.8.1/helm-pain-report.yaml;recipes/kyverno/kyverno/3.8.1/weirdness-and-mitigations.md
linkerd/linkerd-crds@1.8.0,post_deploy_hooks,-,not observed or not applicable in chart facts,data/chart-facts/chart-facts.csv;recipes/linkerd/linkerd-crds/1.8.0/helm-pain-report.yaml;recipes/linkerd/linkerd-crds/1.8.0/weirdness-and-mitigations.md
linkerd/linkerd-crds@1.8.0,other_hooks,-,not observed or not applicable in chart facts,data/chart-facts/chart-facts.csv;recipes/linkerd/linkerd-crds/1.8.0/helm-pain-report.yaml;recipes/linkerd/linkerd-crds/1.8.0/weirdness-and-mitigations.md
linkerd/linkerd-crds@1.8.0,hook_status,-,not observed or not applicable in chart facts,data/chart-facts/chart-facts.csv;recipes/linkerd/linkerd-crds/1.8.0/helm-pain-report.yaml;recipes/linkerd/linkerd-crds/1.8.0/weirdness-and-mitigations.md
linkerd/linkerd-crds@1.8.0,generates_secrets,-,not observed or not applicable in chart facts,data/chart-facts/chart-facts.csv;recipes/linkerd/linkerd-crds/1.8.0/helm-pain-report.yaml;recipes/linkerd/linkerd-crds/1.8.0/weirdness-and-mitigations.md
linkerd/linkerd-crds@1.8.0,existing_secret,buildable - not yet run,bring-your-own-secret route status,data/chart-facts/chart-facts.csv;recipes/linkerd/linkerd-crds/1.8.0/helm-pain-report.yaml;recipes/linkerd/linkerd-crds/1.8.0/weirdness-and-mitigations.md
linkerd/linkerd-crds@1.8.0,crds,present,tracked chart fact,data/chart-facts/chart-facts.csv;recipes/linkerd/linkerd-crds/1.8.0/helm-pain-report.yaml;recipes/linkerd/linkerd-crds/1.8.0/weirdness-and-mitigations.md
linkerd/linkerd-crds@1.8.0,no_crds_variant,buildable - not yet run,CRD ownership route status,data/chart-facts/chart-facts.csv;recipes/linkerd/linkerd-crds/1.8.0/helm-pain-report.yaml;recipes/linkerd/linkerd-crds/1.8.0/weirdness-and-mitigations.md
linkerd/linkerd-crds@1.8.0,webhooks,-,not observed or not applicable in chart facts,data/chart-facts/chart-facts.csv;recipes/linkerd/linkerd-crds/1.8.0/helm-pain-report.yaml;recipes/linkerd/linkerd-crds/1.8.0/weirdness-and-mitigations.md
linkerd/linkerd-crds@1.8.0,required_values,-,not observed or not applicable in chart facts,data/chart-facts/chart-facts.csv;recipes/linkerd/linkerd-crds/1.8.0/helm-pain-report.yaml;recipes/linkerd/linkerd-crds/1.8.0/weirdness-and-mitigations.md
linkerd/linkerd-crds@1.8.0,values_schema,-,not observed or not applicable in chart facts,data/chart-facts/chart-facts.csv;recipes/linkerd/linkerd-crds/1.8.0/helm-pain-report.yaml;recipes/linkerd/linkerd-crds/1.8.0/weirdness-and-mitigations.md
linkerd/linkerd-crds@1.8.0,install_vs_upgrade,-,not observed or not applicable in chart facts,data/chart-facts/chart-facts.csv;recipes/linkerd/linkerd-crds/1.8.0/helm-pain-report.yaml;recipes/linkerd/linkerd-crds/1.8.0/weirdness-and-mitigations.md
linkerd/linkerd-crds@1.8.0,notes,-,not observed or not applicable in chart facts,data/chart-facts/chart-facts.csv;recipes/linkerd/linkerd-crds/1.8.0/helm-pain-report.yaml;recipes/linkerd/linkerd-crds/1.8.0/weirdness-and-mitigations.md
linkerd/linkerd-crds@1.8.0,extension_slots,-,not observed or not applicable in chart facts,data/chart-facts/chart-facts.csv;recipes/linkerd/linkerd-crds/1.8.0/helm-pain-report.yaml;recipes/linkerd/linkerd-crds/1.8.0/weirdness-and-mitigations.md
linkerd/linkerd-crds@1.8.0,buildable_not_yet_run,existing-secret (buildable - not yet run),known build path exists but has not been promoted,data/chart-facts/chart-facts.csv;recipes/linkerd/linkerd-crds/1.8.0/helm-pain-report.yaml;recipes/linkerd/linkerd-crds/1.8.0/weirdness-and-mitigations.md
linkerd/linkerd-crds@1.8.0,not_yet_enabled,- (no open gap: recommended capabilities built or n/a; quirks modeled - Level 2),no hard capability gap recorded,data/chart-facts/chart-facts.csv;recipes/linkerd/linkerd-crds/1.8.0/helm-pain-report.yaml;recipes/linkerd/linkerd-crds/1.8.0/weirdness-and-mitigations.md
longhorn/longhorn@1.11.2,post_deploy_hooks,-,not observed or not applicable in chart facts,data/chart-facts/chart-facts.csv;recipes/longhorn/longhorn/1.11.2/helm-pain-report.yaml;recipes/longhorn/longhorn/1.11.2/weirdness-and-mitigations.md
longhorn/longhorn@1.11.2,other_hooks,-,not observed or not applicable in chart facts,data/chart-facts/chart-facts.csv;recipes/longhorn/longhorn/1.11.2/helm-pain-report.yaml;recipes/longhorn/longhorn/1.11.2/weirdness-and-mitigations.md
longhorn/longhorn@1.11.2,hook_status,-,not observed or not applicable in chart facts,data/chart-facts/chart-facts.csv;recipes/longhorn/longhorn/1.11.2/helm-pain-report.yaml;recipes/longhorn/longhorn/1.11.2/weirdness-and-mitigations.md
longhorn/longhorn@1.11.2,generates_secrets,-,not observed or not applicable in chart facts,data/chart-facts/chart-facts.csv;recipes/longhorn/longhorn/1.11.2/helm-pain-report.yaml;recipes/longhorn/longhorn/1.11.2/weirdness-and-mitigations.md
longhorn/longhorn@1.11.2,existing_secret,n/a,bring-your-own-secret route status,data/chart-facts/chart-facts.csv;recipes/longhorn/longhorn/1.11.2/helm-pain-report.yaml;recipes/longhorn/longhorn/1.11.2/weirdness-and-mitigations.md
longhorn/longhorn@1.11.2,crds,-,not observed or not applicable in chart facts,data/chart-facts/chart-facts.csv;recipes/longhorn/longhorn/1.11.2/helm-pain-report.yaml;recipes/longhorn/longhorn/1.11.2/weirdness-and-mitigations.md
longhorn/longhorn@1.11.2,no_crds_variant,buildable - not yet run,CRD ownership route status,data/chart-facts/chart-facts.csv;recipes/longhorn/longhorn/1.11.2/helm-pain-report.yaml;recipes/longhorn/longhorn/1.11.2/weirdness-and-mitigations.md
longhorn/longhorn@1.11.2,webhooks,-,not observed or not applicable in chart facts,data/chart-facts/chart-facts.csv;recipes/longhorn/longhorn/1.11.2/helm-pain-report.yaml;recipes/longhorn/longhorn/1.11.2/weirdness-and-mitigations.md
longhorn/longhorn@1.11.2,required_values,yes - mandatory inputs (required/fail),tracked chart fact,data/chart-facts/chart-facts.csv;recipes/longhorn/longhorn/1.11.2/helm-pain-report.yaml;recipes/longhorn/longhorn/1.11.2/weirdness-and-mitigations.md
longhorn/longhorn@1.11.2,values_schema,-,not observed or not applicable in chart facts,data/chart-facts/chart-facts.csv;recipes/longhorn/longhorn/1.11.2/helm-pain-report.yaml;recipes/longhorn/longhorn/1.11.2/weirdness-and-mitigations.md
longhorn/longhorn@1.11.2,install_vs_upgrade,-,not observed or not applicable in chart facts,data/chart-facts/chart-facts.csv;recipes/longhorn/longhorn/1.11.2/helm-pain-report.yaml;recipes/longhorn/longhorn/1.11.2/weirdness-and-mitigations.md
longhorn/longhorn@1.11.2,notes,yes - NOTES.txt,tracked chart fact,data/chart-facts/chart-facts.csv;recipes/longhorn/longhorn/1.11.2/helm-pain-report.yaml;recipes/longhorn/longhorn/1.11.2/weirdness-and-mitigations.md
longhorn/longhorn@1.11.2,extension_slots,-,not observed or not applicable in chart facts,data/chart-facts/chart-facts.csv;recipes/longhorn/longhorn/1.11.2/helm-pain-report.yaml;recipes/longhorn/longhorn/1.11.2/weirdness-and-mitigations.md
longhorn/longhorn@1.11.2,buildable_not_yet_run,no-crds (buildable - not yet run),known build path exists but has not been promoted,data/chart-facts/chart-facts.csv;recipes/longhorn/longhorn/1.11.2/helm-pain-report.yaml;recipes/longhorn/longhorn/1.11.2/weirdness-and-mitigations.md
longhorn/longhorn@1.11.2,not_yet_enabled,- (no open gap: recommended capabilities built or n/a; quirks modeled - Level 2),no hard capability gap recorded,data/chart-facts/chart-facts.csv;recipes/longhorn/longhorn/1.11.2/helm-pain-report.yaml;recipes/longhorn/longhorn/1.11.2/weirdness-and-mitigations.md
metrics-server/metrics-server@3.13.0,post_deploy_hooks,-,not observed or not applicable in chart facts,data/chart-facts/chart-facts.csv;recipes/metrics-server/metrics-server/3.13.0/helm-pain-report.yaml;recipes/metrics-server/metrics-server/3.13.0/weirdness-and-mitigations.md
metrics-server/metrics-server@3.13.0,other_hooks,-,not observed or not applicable in chart facts,data/chart-facts/chart-facts.csv;recipes/metrics-server/metrics-server/3.13.0/helm-pain-report.yaml;recipes/metrics-server/metrics-server/3.13.0/weirdness-and-mitigations.md
metrics-server/metrics-server@3.13.0,hook_status,-,not observed or not applicable in chart facts,data/chart-facts/chart-facts.csv;recipes/metrics-server/metrics-server/3.13.0/helm-pain-report.yaml;recipes/metrics-server/metrics-server/3.13.0/weirdness-and-mitigations.md
metrics-server/metrics-server@3.13.0,generates_secrets,yes,tracked chart fact,data/chart-facts/chart-facts.csv;recipes/metrics-server/metrics-server/3.13.0/helm-pain-report.yaml;recipes/metrics-server/metrics-server/3.13.0/weirdness-and-mitigations.md
metrics-server/metrics-server@3.13.0,existing_secret,NOT built - chart ships no Secret toggle (#113),bring-your-own-secret route status,data/chart-facts/chart-facts.csv;recipes/metrics-server/metrics-server/3.13.0/helm-pain-report.yaml;recipes/metrics-server/metrics-server/3.13.0/weirdness-and-mitigations.md
metrics-server/metrics-server@3.13.0,crds,-,not observed or not applicable in chart facts,data/chart-facts/chart-facts.csv;recipes/metrics-server/metrics-server/3.13.0/helm-pain-report.yaml;recipes/metrics-server/metrics-server/3.13.0/weirdness-and-mitigations.md
metrics-server/metrics-server@3.13.0,no_crds_variant,n/a (no CRDs),CRD ownership route status,data/chart-facts/chart-facts.csv;recipes/metrics-server/metrics-server/3.13.0/helm-pain-report.yaml;recipes/metrics-server/metrics-server/3.13.0/weirdness-and-mitigations.md
metrics-server/metrics-server@3.13.0,webhooks,-,not observed or not applicable in chart facts,data/chart-facts/chart-facts.csv;recipes/metrics-server/metrics-server/3.13.0/helm-pain-report.yaml;recipes/metrics-server/metrics-server/3.13.0/weirdness-and-mitigations.md
metrics-server/metrics-server@3.13.0,required_values,-,not observed or not applicable in chart facts,data/chart-facts/chart-facts.csv;recipes/metrics-server/metrics-server/3.13.0/helm-pain-report.yaml;recipes/metrics-server/metrics-server/3.13.0/weirdness-and-mitigations.md
metrics-server/metrics-server@3.13.0,values_schema,-,not observed or not applicable in chart facts,data/chart-facts/chart-facts.csv;recipes/metrics-server/metrics-server/3.13.0/helm-pain-report.yaml;recipes/metrics-server/metrics-server/3.13.0/weirdness-and-mitigations.md
metrics-server/metrics-server@3.13.0,install_vs_upgrade,-,not observed or not applicable in chart facts,data/chart-facts/chart-facts.csv;recipes/metrics-server/metrics-server/3.13.0/helm-pain-report.yaml;recipes/metrics-server/metrics-server/3.13.0/weirdness-and-mitigations.md
metrics-server/metrics-server@3.13.0,notes,yes - NOTES.txt,tracked chart fact,data/chart-facts/chart-facts.csv;recipes/metrics-server/metrics-server/3.13.0/helm-pain-report.yaml;recipes/metrics-server/metrics-server/3.13.0/weirdness-and-mitigations.md
metrics-server/metrics-server@3.13.0,extension_slots,-,not observed or not applicable in chart facts,data/chart-facts/chart-facts.csv;recipes/metrics-server/metrics-server/3.13.0/helm-pain-report.yaml;recipes/metrics-server/metrics-server/3.13.0/weirdness-and-mitigations.md
metrics-server/metrics-server@3.13.0,buildable_not_yet_run,-,not observed or not applicable in chart facts,data/chart-facts/chart-facts.csv;recipes/metrics-server/metrics-server/3.13.0/helm-pain-report.yaml;recipes/metrics-server/metrics-server/3.13.0/weirdness-and-mitigations.md
metrics-server/metrics-server@3.13.0,not_yet_enabled,existing-secret (chart ships no Secret toggle - #113),hard gap or curated proof lane remains,data/chart-facts/chart-facts.csv;recipes/metrics-server/metrics-server/3.13.0/helm-pain-report.yaml;recipes/metrics-server/metrics-server/3.13.0/weirdness-and-mitigations.md
minio-operator/operator@7.1.1,post_deploy_hooks,-,not observed or not applicable in chart facts,data/chart-facts/chart-facts.csv;recipes/minio-operator/operator/7.1.1/helm-pain-report.yaml;recipes/minio-operator/operator/7.1.1/weirdness-and-mitigations.md
minio-operator/operator@7.1.1,other_hooks,-,not observed or not applicable in chart facts,data/chart-facts/chart-facts.csv;recipes/minio-operator/operator/7.1.1/helm-pain-report.yaml;recipes/minio-operator/operator/7.1.1/weirdness-and-mitigations.md
minio-operator/operator@7.1.1,hook_status,-,not observed or not applicable in chart facts,data/chart-facts/chart-facts.csv;recipes/minio-operator/operator/7.1.1/helm-pain-report.yaml;recipes/minio-operator/operator/7.1.1/weirdness-and-mitigations.md
minio-operator/operator@7.1.1,generates_secrets,-,not observed or not applicable in chart facts,data/chart-facts/chart-facts.csv;recipes/minio-operator/operator/7.1.1/helm-pain-report.yaml;recipes/minio-operator/operator/7.1.1/weirdness-and-mitigations.md
minio-operator/operator@7.1.1,existing_secret,n/a,bring-your-own-secret route status,data/chart-facts/chart-facts.csv;recipes/minio-operator/operator/7.1.1/helm-pain-report.yaml;recipes/minio-operator/operator/7.1.1/weirdness-and-mitigations.md
minio-operator/operator@7.1.1,crds,present,tracked chart fact,data/chart-facts/chart-facts.csv;recipes/minio-operator/operator/7.1.1/helm-pain-report.yaml;recipes/minio-operator/operator/7.1.1/weirdness-and-mitigations.md
minio-operator/operator@7.1.1,no_crds_variant,"NOT built - template-baked CRDs, no toggle (#114)",CRD ownership route status,data/chart-facts/chart-facts.csv;recipes/minio-operator/operator/7.1.1/helm-pain-report.yaml;recipes/minio-operator/operator/7.1.1/weirdness-and-mitigations.md
minio-operator/operator@7.1.1,webhooks,-,not observed or not applicable in chart facts,data/chart-facts/chart-facts.csv;recipes/minio-operator/operator/7.1.1/helm-pain-report.yaml;recipes/minio-operator/operator/7.1.1/weirdness-and-mitigations.md
minio-operator/operator@7.1.1,required_values,-,not observed or not applicable in chart facts,data/chart-facts/chart-facts.csv;recipes/minio-operator/operator/7.1.1/helm-pain-report.yaml;recipes/minio-operator/operator/7.1.1/weirdness-and-mitigations.md
minio-operator/operator@7.1.1,values_schema,-,not observed or not applicable in chart facts,data/chart-facts/chart-facts.csv;recipes/minio-operator/operator/7.1.1/helm-pain-report.yaml;recipes/minio-operator/operator/7.1.1/weirdness-and-mitigations.md
minio-operator/operator@7.1.1,install_vs_upgrade,-,not observed or not applicable in chart facts,data/chart-facts/chart-facts.csv;recipes/minio-operator/operator/7.1.1/helm-pain-report.yaml;recipes/minio-operator/operator/7.1.1/weirdness-and-mitigations.md
minio-operator/operator@7.1.1,notes,-,not observed or not applicable in chart facts,data/chart-facts/chart-facts.csv;recipes/minio-operator/operator/7.1.1/helm-pain-report.yaml;recipes/minio-operator/operator/7.1.1/weirdness-and-mitigations.md
minio-operator/operator@7.1.1,extension_slots,-,not observed or not applicable in chart facts,data/chart-facts/chart-facts.csv;recipes/minio-operator/operator/7.1.1/helm-pain-report.yaml;recipes/minio-operator/operator/7.1.1/weirdness-and-mitigations.md
minio-operator/operator@7.1.1,buildable_not_yet_run,-,not observed or not applicable in chart facts,data/chart-facts/chart-facts.csv;recipes/minio-operator/operator/7.1.1/helm-pain-report.yaml;recipes/minio-operator/operator/7.1.1/weirdness-and-mitigations.md
minio-operator/operator@7.1.1,not_yet_enabled,"no-crds (template-baked CRDs, no toggle - #114)",hard gap or curated proof lane remains,data/chart-facts/chart-facts.csv;recipes/minio-operator/operator/7.1.1/helm-pain-report.yaml;recipes/minio-operator/operator/7.1.1/weirdness-and-mitigations.md
minio-operator/tenant@7.1.1,post_deploy_hooks,-,not observed or not applicable in chart facts,data/chart-facts/chart-facts.csv;recipes/minio-operator/tenant/7.1.1/helm-pain-report.yaml;recipes/minio-operator/tenant/7.1.1/weirdness-and-mitigations.md
minio-operator/tenant@7.1.1,other_hooks,-,not observed or not applicable in chart facts,data/chart-facts/chart-facts.csv;recipes/minio-operator/tenant/7.1.1/helm-pain-report.yaml;recipes/minio-operator/tenant/7.1.1/weirdness-and-mitigations.md
minio-operator/tenant@7.1.1,hook_status,-,not observed or not applicable in chart facts,data/chart-facts/chart-facts.csv;recipes/minio-operator/tenant/7.1.1/helm-pain-report.yaml;recipes/minio-operator/tenant/7.1.1/weirdness-and-mitigations.md
minio-operator/tenant@7.1.1,generates_secrets,-,not observed or not applicable in chart facts,data/chart-facts/chart-facts.csv;recipes/minio-operator/tenant/7.1.1/helm-pain-report.yaml;recipes/minio-operator/tenant/7.1.1/weirdness-and-mitigations.md
minio-operator/tenant@7.1.1,existing_secret,buildable - not yet run,bring-your-own-secret route status,data/chart-facts/chart-facts.csv;recipes/minio-operator/tenant/7.1.1/helm-pain-report.yaml;recipes/minio-operator/tenant/7.1.1/weirdness-and-mitigations.md
minio-operator/tenant@7.1.1,crds,-,not observed or not applicable in chart facts,data/chart-facts/chart-facts.csv;recipes/minio-operator/tenant/7.1.1/helm-pain-report.yaml;recipes/minio-operator/tenant/7.1.1/weirdness-and-mitigations.md
minio-operator/tenant@7.1.1,no_crds_variant,n/a (no CRDs),CRD ownership route status,data/chart-facts/chart-facts.csv;recipes/minio-operator/tenant/7.1.1/helm-pain-report.yaml;recipes/minio-operator/tenant/7.1.1/weirdness-and-mitigations.md
minio-operator/tenant@7.1.1,webhooks,-,not observed or not applicable in chart facts,data/chart-facts/chart-facts.csv;recipes/minio-operator/tenant/7.1.1/helm-pain-report.yaml;recipes/minio-operator/tenant/7.1.1/weirdness-and-mitigations.md
minio-operator/tenant@7.1.1,required_values,-,not observed or not applicable in chart facts,data/chart-facts/chart-facts.csv;recipes/minio-operator/tenant/7.1.1/helm-pain-report.yaml;recipes/minio-operator/tenant/7.1.1/weirdness-and-mitigations.md
minio-operator/tenant@7.1.1,values_schema,-,not observed or not applicable in chart facts,data/chart-facts/chart-facts.csv;recipes/minio-operator/tenant/7.1.1/helm-pain-report.yaml;recipes/minio-operator/tenant/7.1.1/weirdness-and-mitigations.md
minio-operator/tenant@7.1.1,install_vs_upgrade,-,not observed or not applicable in chart facts,data/chart-facts/chart-facts.csv;recipes/minio-operator/tenant/7.1.1/helm-pain-report.yaml;recipes/minio-operator/tenant/7.1.1/weirdness-and-mitigations.md
minio-operator/tenant@7.1.1,notes,-,not observed or not applicable in chart facts,data/chart-facts/chart-facts.csv;recipes/minio-operator/tenant/7.1.1/helm-pain-report.yaml;recipes/minio-operator/tenant/7.1.1/weirdness-and-mitigations.md
minio-operator/tenant@7.1.1,extension_slots,yes - per-use review,open extension slots require per-use review,data/chart-facts/chart-facts.csv;recipes/minio-operator/tenant/7.1.1/helm-pain-report.yaml;recipes/minio-operator/tenant/7.1.1/weirdness-and-mitigations.md
minio-operator/tenant@7.1.1,buildable_not_yet_run,existing-secret (buildable - not yet run),known build path exists but has not been promoted,data/chart-facts/chart-facts.csv;recipes/minio-operator/tenant/7.1.1/helm-pain-report.yaml;recipes/minio-operator/tenant/7.1.1/weirdness-and-mitigations.md
minio-operator/tenant@7.1.1,not_yet_enabled,- (no open gap: recommended capabilities built or n/a; quirks modeled - Level 2),no hard capability gap recorded,data/chart-facts/chart-facts.csv;recipes/minio-operator/tenant/7.1.1/helm-pain-report.yaml;recipes/minio-operator/tenant/7.1.1/weirdness-and-mitigations.md
nats/nack@0.34.0,post_deploy_hooks,-,not observed or not applicable in chart facts,data/chart-facts/chart-facts.csv;recipes/nats/nack/0.34.0/helm-pain-report.yaml;recipes/nats/nack/0.34.0/weirdness-and-mitigations.md
nats/nack@0.34.0,other_hooks,-,not observed or not applicable in chart facts,data/chart-facts/chart-facts.csv;recipes/nats/nack/0.34.0/helm-pain-report.yaml;recipes/nats/nack/0.34.0/weirdness-and-mitigations.md
nats/nack@0.34.0,hook_status,-,not observed or not applicable in chart facts,data/chart-facts/chart-facts.csv;recipes/nats/nack/0.34.0/helm-pain-report.yaml;recipes/nats/nack/0.34.0/weirdness-and-mitigations.md
nats/nack@0.34.0,generates_secrets,-,not observed or not applicable in chart facts,data/chart-facts/chart-facts.csv;recipes/nats/nack/0.34.0/helm-pain-report.yaml;recipes/nats/nack/0.34.0/weirdness-and-mitigations.md
nats/nack@0.34.0,existing_secret,buildable - not yet run,bring-your-own-secret route status,data/chart-facts/chart-facts.csv;recipes/nats/nack/0.34.0/helm-pain-report.yaml;recipes/nats/nack/0.34.0/weirdness-and-mitigations.md
nats/nack@0.34.0,crds,present,tracked chart fact,data/chart-facts/chart-facts.csv;recipes/nats/nack/0.34.0/helm-pain-report.yaml;recipes/nats/nack/0.34.0/weirdness-and-mitigations.md
nats/nack@0.34.0,no_crds_variant,built,CRD ownership route status,data/chart-facts/chart-facts.csv;recipes/nats/nack/0.34.0/helm-pain-report.yaml;recipes/nats/nack/0.34.0/weirdness-and-mitigations.md
nats/nack@0.34.0,webhooks,-,not observed or not applicable in chart facts,data/chart-facts/chart-facts.csv;recipes/nats/nack/0.34.0/helm-pain-report.yaml;recipes/nats/nack/0.34.0/weirdness-and-mitigations.md
nats/nack@0.34.0,required_values,-,not observed or not applicable in chart facts,data/chart-facts/chart-facts.csv;recipes/nats/nack/0.34.0/helm-pain-report.yaml;recipes/nats/nack/0.34.0/weirdness-and-mitigations.md
nats/nack@0.34.0,values_schema,-,not observed or not applicable in chart facts,data/chart-facts/chart-facts.csv;recipes/nats/nack/0.34.0/helm-pain-report.yaml;recipes/nats/nack/0.34.0/weirdness-and-mitigations.md
nats/nack@0.34.0,install_vs_upgrade,-,not observed or not applicable in chart facts,data/chart-facts/chart-facts.csv;recipes/nats/nack/0.34.0/helm-pain-report.yaml;recipes/nats/nack/0.34.0/weirdness-and-mitigations.md
nats/nack@0.34.0,notes,-,not observed or not applicable in chart facts,data/chart-facts/chart-facts.csv;recipes/nats/nack/0.34.0/helm-pain-report.yaml;recipes/nats/nack/0.34.0/weirdness-and-mitigations.md
nats/nack@0.34.0,extension_slots,yes - per-use review,open extension slots require per-use review,data/chart-facts/chart-facts.csv;recipes/nats/nack/0.34.0/helm-pain-report.yaml;recipes/nats/nack/0.34.0/weirdness-and-mitigations.md
nats/nack@0.34.0,buildable_not_yet_run,existing-secret (buildable - not yet run),known build path exists but has not been promoted,data/chart-facts/chart-facts.csv;recipes/nats/nack/0.34.0/helm-pain-report.yaml;recipes/nats/nack/0.34.0/weirdness-and-mitigations.md
nats/nack@0.34.0,not_yet_enabled,- (no open gap: recommended capabilities built or n/a; quirks modeled - Level 2),no hard capability gap recorded,data/chart-facts/chart-facts.csv;recipes/nats/nack/0.34.0/helm-pain-report.yaml;recipes/nats/nack/0.34.0/weirdness-and-mitigations.md
nats/nats@2.14.0,post_deploy_hooks,-,not observed or not applicable in chart facts,data/chart-facts/chart-facts.csv;recipes/nats/nats/2.14.0/helm-pain-report.yaml;recipes/nats/nats/2.14.0/weirdness-and-mitigations.md
nats/nats@2.14.0,other_hooks,-,not observed or not applicable in chart facts,data/chart-facts/chart-facts.csv;recipes/nats/nats/2.14.0/helm-pain-report.yaml;recipes/nats/nats/2.14.0/weirdness-and-mitigations.md
nats/nats@2.14.0,hook_status,-,not observed or not applicable in chart facts,data/chart-facts/chart-facts.csv;recipes/nats/nats/2.14.0/helm-pain-report.yaml;recipes/nats/nats/2.14.0/weirdness-and-mitigations.md
nats/nats@2.14.0,generates_secrets,-,not observed or not applicable in chart facts,data/chart-facts/chart-facts.csv;recipes/nats/nats/2.14.0/helm-pain-report.yaml;recipes/nats/nats/2.14.0/weirdness-and-mitigations.md
nats/nats@2.14.0,existing_secret,buildable - not yet run,bring-your-own-secret route status,data/chart-facts/chart-facts.csv;recipes/nats/nats/2.14.0/helm-pain-report.yaml;recipes/nats/nats/2.14.0/weirdness-and-mitigations.md
nats/nats@2.14.0,crds,-,not observed or not applicable in chart facts,data/chart-facts/chart-facts.csv;recipes/nats/nats/2.14.0/helm-pain-report.yaml;recipes/nats/nats/2.14.0/weirdness-and-mitigations.md
nats/nats@2.14.0,no_crds_variant,n/a (no CRDs),CRD ownership route status,data/chart-facts/chart-facts.csv;recipes/nats/nats/2.14.0/helm-pain-report.yaml;recipes/nats/nats/2.14.0/weirdness-and-mitigations.md
nats/nats@2.14.0,webhooks,-,not observed or not applicable in chart facts,data/chart-facts/chart-facts.csv;recipes/nats/nats/2.14.0/helm-pain-report.yaml;recipes/nats/nats/2.14.0/weirdness-and-mitigations.md
nats/nats@2.14.0,required_values,yes - mandatory inputs (required/fail),tracked chart fact,data/chart-facts/chart-facts.csv;recipes/nats/nats/2.14.0/helm-pain-report.yaml;recipes/nats/nats/2.14.0/weirdness-and-mitigations.md
nats/nats@2.14.0,values_schema,-,not observed or not applicable in chart facts,data/chart-facts/chart-facts.csv;recipes/nats/nats/2.14.0/helm-pain-report.yaml;recipes/nats/nats/2.14.0/weirdness-and-mitigations.md
nats/nats@2.14.0,install_vs_upgrade,-,not observed or not applicable in chart facts,data/chart-facts/chart-facts.csv;recipes/nats/nats/2.14.0/helm-pain-report.yaml;recipes/nats/nats/2.14.0/weirdness-and-mitigations.md
nats/nats@2.14.0,notes,-,not observed or not applicable in chart facts,data/chart-facts/chart-facts.csv;recipes/nats/nats/2.14.0/helm-pain-report.yaml;recipes/nats/nats/2.14.0/weirdness-and-mitigations.md
nats/nats@2.14.0,extension_slots,yes - per-use review,open extension slots require per-use review,data/chart-facts/chart-facts.csv;recipes/nats/nats/2.14.0/helm-pain-report.yaml;recipes/nats/nats/2.14.0/weirdness-and-mitigations.md
nats/nats@2.14.0,buildable_not_yet_run,existing-secret (buildable - not yet run),known build path exists but has not been promoted,data/chart-facts/chart-facts.csv;recipes/nats/nats/2.14.0/helm-pain-report.yaml;recipes/nats/nats/2.14.0/weirdness-and-mitigations.md
nats/nats@2.14.0,not_yet_enabled,- (no open gap: recommended capabilities built or n/a; quirks modeled - Level 2),no hard capability gap recorded,data/chart-facts/chart-facts.csv;recipes/nats/nats/2.14.0/helm-pain-report.yaml;recipes/nats/nats/2.14.0/weirdness-and-mitigations.md
nats/surveyor@0.20.9,post_deploy_hooks,-,not observed or not applicable in chart facts,data/chart-facts/chart-facts.csv;recipes/nats/surveyor/0.20.9/helm-pain-report.yaml;recipes/nats/surveyor/0.20.9/weirdness-and-mitigations.md
nats/surveyor@0.20.9,other_hooks,-,not observed or not applicable in chart facts,data/chart-facts/chart-facts.csv;recipes/nats/surveyor/0.20.9/helm-pain-report.yaml;recipes/nats/surveyor/0.20.9/weirdness-and-mitigations.md
nats/surveyor@0.20.9,hook_status,-,not observed or not applicable in chart facts,data/chart-facts/chart-facts.csv;recipes/nats/surveyor/0.20.9/helm-pain-report.yaml;recipes/nats/surveyor/0.20.9/weirdness-and-mitigations.md
nats/surveyor@0.20.9,generates_secrets,-,not observed or not applicable in chart facts,data/chart-facts/chart-facts.csv;recipes/nats/surveyor/0.20.9/helm-pain-report.yaml;recipes/nats/surveyor/0.20.9/weirdness-and-mitigations.md
nats/surveyor@0.20.9,existing_secret,n/a,bring-your-own-secret route status,data/chart-facts/chart-facts.csv;recipes/nats/surveyor/0.20.9/helm-pain-report.yaml;recipes/nats/surveyor/0.20.9/weirdness-and-mitigations.md
nats/surveyor@0.20.9,crds,-,not observed or not applicable in chart facts,data/chart-facts/chart-facts.csv;recipes/nats/surveyor/0.20.9/helm-pain-report.yaml;recipes/nats/surveyor/0.20.9/weirdness-and-mitigations.md
nats/surveyor@0.20.9,no_crds_variant,n/a (no CRDs),CRD ownership route status,data/chart-facts/chart-facts.csv;recipes/nats/surveyor/0.20.9/helm-pain-report.yaml;recipes/nats/surveyor/0.20.9/weirdness-and-mitigations.md
nats/surveyor@0.20.9,webhooks,-,not observed or not applicable in chart facts,data/chart-facts/chart-facts.csv;recipes/nats/surveyor/0.20.9/helm-pain-report.yaml;recipes/nats/surveyor/0.20.9/weirdness-and-mitigations.md
nats/surveyor@0.20.9,required_values,-,not observed or not applicable in chart facts,data/chart-facts/chart-facts.csv;recipes/nats/surveyor/0.20.9/helm-pain-report.yaml;recipes/nats/surveyor/0.20.9/weirdness-and-mitigations.md
nats/surveyor@0.20.9,values_schema,-,not observed or not applicable in chart facts,data/chart-facts/chart-facts.csv;recipes/nats/surveyor/0.20.9/helm-pain-report.yaml;recipes/nats/surveyor/0.20.9/weirdness-and-mitigations.md
nats/surveyor@0.20.9,install_vs_upgrade,-,not observed or not applicable in chart facts,data/chart-facts/chart-facts.csv;recipes/nats/surveyor/0.20.9/helm-pain-report.yaml;recipes/nats/surveyor/0.20.9/weirdness-and-mitigations.md
nats/surveyor@0.20.9,notes,-,not observed or not applicable in chart facts,data/chart-facts/chart-facts.csv;recipes/nats/surveyor/0.20.9/helm-pain-report.yaml;recipes/nats/surveyor/0.20.9/weirdness-and-mitigations.md
nats/surveyor@0.20.9,extension_slots,yes - per-use review,open extension slots require per-use review,data/chart-facts/chart-facts.csv;recipes/nats/surveyor/0.20.9/helm-pain-report.yaml;recipes/nats/surveyor/0.20.9/weirdness-and-mitigations.md
nats/surveyor@0.20.9,buildable_not_yet_run,-,not observed or not applicable in chart facts,data/chart-facts/chart-facts.csv;recipes/nats/surveyor/0.20.9/helm-pain-report.yaml;recipes/nats/surveyor/0.20.9/weirdness-and-mitigations.md
nats/surveyor@0.20.9,not_yet_enabled,- (no open gap: recommended capabilities built or n/a; quirks modeled - Level 2),no hard capability gap recorded,data/chart-facts/chart-facts.csv;recipes/nats/surveyor/0.20.9/helm-pain-report.yaml;recipes/nats/surveyor/0.20.9/weirdness-and-mitigations.md
nfs-subdir-external-provisioner/nfs-subdir-external-provisioner@4.0.18,post_deploy_hooks,-,not observed or not applicable in chart facts,data/chart-facts/chart-facts.csv;recipes/nfs-subdir-external-provisioner/nfs-subdir-external-provisioner/4.0.18/helm-pain-report.yaml;recipes/nfs-subdir-external-provisioner/nfs-subdir-external-provisioner/4.0.18/weirdness-and-mitigations.md
nfs-subdir-external-provisioner/nfs-subdir-external-provisioner@4.0.18,other_hooks,-,not observed or not applicable in chart facts,data/chart-facts/chart-facts.csv;recipes/nfs-subdir-external-provisioner/nfs-subdir-external-provisioner/4.0.18/helm-pain-report.yaml;recipes/nfs-subdir-external-provisioner/nfs-subdir-external-provisioner/4.0.18/weirdness-and-mitigations.md
nfs-subdir-external-provisioner/nfs-subdir-external-provisioner@4.0.18,hook_status,-,not observed or not applicable in chart facts,data/chart-facts/chart-facts.csv;recipes/nfs-subdir-external-provisioner/nfs-subdir-external-provisioner/4.0.18/helm-pain-report.yaml;recipes/nfs-subdir-external-provisioner/nfs-subdir-external-provisioner/4.0.18/weirdness-and-mitigations.md
nfs-subdir-external-provisioner/nfs-subdir-external-provisioner@4.0.18,generates_secrets,-,not observed or not applicable in chart facts,data/chart-facts/chart-facts.csv;recipes/nfs-subdir-external-provisioner/nfs-subdir-external-provisioner/4.0.18/helm-pain-report.yaml;recipes/nfs-subdir-external-provisioner/nfs-subdir-external-provisioner/4.0.18/weirdness-and-mitigations.md
nfs-subdir-external-provisioner/nfs-subdir-external-provisioner@4.0.18,existing_secret,n/a,bring-your-own-secret route status,data/chart-facts/chart-facts.csv;recipes/nfs-subdir-external-provisioner/nfs-subdir-external-provisioner/4.0.18/helm-pain-report.yaml;recipes/nfs-subdir-external-provisioner/nfs-subdir-external-provisioner/4.0.18/weirdness-and-mitigations.md
nfs-subdir-external-provisioner/nfs-subdir-external-provisioner@4.0.18,crds,-,not observed or not applicable in chart facts,data/chart-facts/chart-facts.csv;recipes/nfs-subdir-external-provisioner/nfs-subdir-external-provisioner/4.0.18/helm-pain-report.yaml;recipes/nfs-subdir-external-provisioner/nfs-subdir-external-provisioner/4.0.18/weirdness-and-mitigations.md
nfs-subdir-external-provisioner/nfs-subdir-external-provisioner@4.0.18,no_crds_variant,n/a (no CRDs),CRD ownership route status,data/chart-facts/chart-facts.csv;recipes/nfs-subdir-external-provisioner/nfs-subdir-external-provisioner/4.0.18/helm-pain-report.yaml;recipes/nfs-subdir-external-provisioner/nfs-subdir-external-provisioner/4.0.18/weirdness-and-mitigations.md
nfs-subdir-external-provisioner/nfs-subdir-external-provisioner@4.0.18,webhooks,-,not observed or not applicable in chart facts,data/chart-facts/chart-facts.csv;recipes/nfs-subdir-external-provisioner/nfs-subdir-external-provisioner/4.0.18/helm-pain-report.yaml;recipes/nfs-subdir-external-provisioner/nfs-subdir-external-provisioner/4.0.18/weirdness-and-mitigations.md
nfs-subdir-external-provisioner/nfs-subdir-external-provisioner@4.0.18,required_values,-,not observed or not applicable in chart facts,data/chart-facts/chart-facts.csv;recipes/nfs-subdir-external-provisioner/nfs-subdir-external-provisioner/4.0.18/helm-pain-report.yaml;recipes/nfs-subdir-external-provisioner/nfs-subdir-external-provisioner/4.0.18/weirdness-and-mitigations.md
nfs-subdir-external-provisioner/nfs-subdir-external-provisioner@4.0.18,values_schema,-,not observed or not applicable in chart facts,data/chart-facts/chart-facts.csv;recipes/nfs-subdir-external-provisioner/nfs-subdir-external-provisioner/4.0.18/helm-pain-report.yaml;recipes/nfs-subdir-external-provisioner/nfs-subdir-external-provisioner/4.0.18/weirdness-and-mitigations.md
nfs-subdir-external-provisioner/nfs-subdir-external-provisioner@4.0.18,install_vs_upgrade,-,not observed or not applicable in chart facts,data/chart-facts/chart-facts.csv;recipes/nfs-subdir-external-provisioner/nfs-subdir-external-provisioner/4.0.18/helm-pain-report.yaml;recipes/nfs-subdir-external-provisioner/nfs-subdir-external-provisioner/4.0.18/weirdness-and-mitigations.md
nfs-subdir-external-provisioner/nfs-subdir-external-provisioner@4.0.18,notes,-,not observed or not applicable in chart facts,data/chart-facts/chart-facts.csv;recipes/nfs-subdir-external-provisioner/nfs-subdir-external-provisioner/4.0.18/helm-pain-report.yaml;recipes/nfs-subdir-external-provisioner/nfs-subdir-external-provisioner/4.0.18/weirdness-and-mitigations.md
nfs-subdir-external-provisioner/nfs-subdir-external-provisioner@4.0.18,extension_slots,-,not observed or not applicable in chart facts,data/chart-facts/chart-facts.csv;recipes/nfs-subdir-external-provisioner/nfs-subdir-external-provisioner/4.0.18/helm-pain-report.yaml;recipes/nfs-subdir-external-provisioner/nfs-subdir-external-provisioner/4.0.18/weirdness-and-mitigations.md
nfs-subdir-external-provisioner/nfs-subdir-external-provisioner@4.0.18,buildable_not_yet_run,-,not observed or not applicable in chart facts,data/chart-facts/chart-facts.csv;recipes/nfs-subdir-external-provisioner/nfs-subdir-external-provisioner/4.0.18/helm-pain-report.yaml;recipes/nfs-subdir-external-provisioner/nfs-subdir-external-provisioner/4.0.18/weirdness-and-mitigations.md
nfs-subdir-external-provisioner/nfs-subdir-external-provisioner@4.0.18,not_yet_enabled,- (no open gap: recommended capabilities built or n/a; quirks modeled - Level 2),no hard capability gap recorded,data/chart-facts/chart-facts.csv;recipes/nfs-subdir-external-provisioner/nfs-subdir-external-provisioner/4.0.18/helm-pain-report.yaml;recipes/nfs-subdir-external-provisioner/nfs-subdir-external-provisioner/4.0.18/weirdness-and-mitigations.md
open-telemetry/opentelemetry-operator@0.114.0,post_deploy_hooks,-,not observed or not applicable in chart facts,data/chart-facts/chart-facts.csv;recipes/open-telemetry/opentelemetry-operator/0.114.0/helm-pain-report.yaml;recipes/open-telemetry/opentelemetry-operator/0.114.0/weirdness-and-mitigations.md
open-telemetry/opentelemetry-operator@0.114.0,other_hooks,-,not observed or not applicable in chart facts,data/chart-facts/chart-facts.csv;recipes/open-telemetry/opentelemetry-operator/0.114.0/helm-pain-report.yaml;recipes/open-telemetry/opentelemetry-operator/0.114.0/weirdness-and-mitigations.md
open-telemetry/opentelemetry-operator@0.114.0,hook_status,-,not observed or not applicable in chart facts,data/chart-facts/chart-facts.csv;recipes/open-telemetry/opentelemetry-operator/0.114.0/helm-pain-report.yaml;recipes/open-telemetry/opentelemetry-operator/0.114.0/weirdness-and-mitigations.md
open-telemetry/opentelemetry-operator@0.114.0,generates_secrets,-,not observed or not applicable in chart facts,data/chart-facts/chart-facts.csv;recipes/open-telemetry/opentelemetry-operator/0.114.0/helm-pain-report.yaml;recipes/open-telemetry/opentelemetry-operator/0.114.0/weirdness-and-mitigations.md
open-telemetry/opentelemetry-operator@0.114.0,existing_secret,buildable - not yet run,bring-your-own-secret route status,data/chart-facts/chart-facts.csv;recipes/open-telemetry/opentelemetry-operator/0.114.0/helm-pain-report.yaml;recipes/open-telemetry/opentelemetry-operator/0.114.0/weirdness-and-mitigations.md
open-telemetry/opentelemetry-operator@0.114.0,crds,present,tracked chart fact,data/chart-facts/chart-facts.csv;recipes/open-telemetry/opentelemetry-operator/0.114.0/helm-pain-report.yaml;recipes/open-telemetry/opentelemetry-operator/0.114.0/weirdness-and-mitigations.md
open-telemetry/opentelemetry-operator@0.114.0,no_crds_variant,built,CRD ownership route status,data/chart-facts/chart-facts.csv;recipes/open-telemetry/opentelemetry-operator/0.114.0/helm-pain-report.yaml;recipes/open-telemetry/opentelemetry-operator/0.114.0/weirdness-and-mitigations.md
open-telemetry/opentelemetry-operator@0.114.0,webhooks,-,not observed or not applicable in chart facts,data/chart-facts/chart-facts.csv;recipes/open-telemetry/opentelemetry-operator/0.114.0/helm-pain-report.yaml;recipes/open-telemetry/opentelemetry-operator/0.114.0/weirdness-and-mitigations.md
open-telemetry/opentelemetry-operator@0.114.0,required_values,-,not observed or not applicable in chart facts,data/chart-facts/chart-facts.csv;recipes/open-telemetry/opentelemetry-operator/0.114.0/helm-pain-report.yaml;recipes/open-telemetry/opentelemetry-operator/0.114.0/weirdness-and-mitigations.md
open-telemetry/opentelemetry-operator@0.114.0,values_schema,-,not observed or not applicable in chart facts,data/chart-facts/chart-facts.csv;recipes/open-telemetry/opentelemetry-operator/0.114.0/helm-pain-report.yaml;recipes/open-telemetry/opentelemetry-operator/0.114.0/weirdness-and-mitigations.md
open-telemetry/opentelemetry-operator@0.114.0,install_vs_upgrade,-,not observed or not applicable in chart facts,data/chart-facts/chart-facts.csv;recipes/open-telemetry/opentelemetry-operator/0.114.0/helm-pain-report.yaml;recipes/open-telemetry/opentelemetry-operator/0.114.0/weirdness-and-mitigations.md
open-telemetry/opentelemetry-operator@0.114.0,notes,-,not observed or not applicable in chart facts,data/chart-facts/chart-facts.csv;recipes/open-telemetry/opentelemetry-operator/0.114.0/helm-pain-report.yaml;recipes/open-telemetry/opentelemetry-operator/0.114.0/weirdness-and-mitigations.md
open-telemetry/opentelemetry-operator@0.114.0,extension_slots,yes - per-use review,open extension slots require per-use review,data/chart-facts/chart-facts.csv;recipes/open-telemetry/opentelemetry-operator/0.114.0/helm-pain-report.yaml;recipes/open-telemetry/opentelemetry-operator/0.114.0/weirdness-and-mitigations.md
open-telemetry/opentelemetry-operator@0.114.0,buildable_not_yet_run,existing-secret (buildable - not yet run),known build path exists but has not been promoted,data/chart-facts/chart-facts.csv;recipes/open-telemetry/opentelemetry-operator/0.114.0/helm-pain-report.yaml;recipes/open-telemetry/opentelemetry-operator/0.114.0/weirdness-and-mitigations.md
open-telemetry/opentelemetry-operator@0.114.0,not_yet_enabled,- (no open gap: recommended capabilities built or n/a; quirks modeled - Level 2),no hard capability gap recorded,data/chart-facts/chart-facts.csv;recipes/open-telemetry/opentelemetry-operator/0.114.0/helm-pain-report.yaml;recipes/open-telemetry/opentelemetry-operator/0.114.0/weirdness-and-mitigations.md
opencost/opencost@2.5.21,post_deploy_hooks,-,not observed or not applicable in chart facts,data/chart-facts/chart-facts.csv;recipes/opencost/opencost/2.5.21/helm-pain-report.yaml;recipes/opencost/opencost/2.5.21/weirdness-and-mitigations.md
opencost/opencost@2.5.21,other_hooks,-,not observed or not applicable in chart facts,data/chart-facts/chart-facts.csv;recipes/opencost/opencost/2.5.21/helm-pain-report.yaml;recipes/opencost/opencost/2.5.21/weirdness-and-mitigations.md
opencost/opencost@2.5.21,hook_status,-,not observed or not applicable in chart facts,data/chart-facts/chart-facts.csv;recipes/opencost/opencost/2.5.21/helm-pain-report.yaml;recipes/opencost/opencost/2.5.21/weirdness-and-mitigations.md
opencost/opencost@2.5.21,generates_secrets,-,not observed or not applicable in chart facts,data/chart-facts/chart-facts.csv;recipes/opencost/opencost/2.5.21/helm-pain-report.yaml;recipes/opencost/opencost/2.5.21/weirdness-and-mitigations.md
opencost/opencost@2.5.21,existing_secret,n/a,bring-your-own-secret route status,data/chart-facts/chart-facts.csv;recipes/opencost/opencost/2.5.21/helm-pain-report.yaml;recipes/opencost/opencost/2.5.21/weirdness-and-mitigations.md
opencost/opencost@2.5.21,crds,-,not observed or not applicable in chart facts,data/chart-facts/chart-facts.csv;recipes/opencost/opencost/2.5.21/helm-pain-report.yaml;recipes/opencost/opencost/2.5.21/weirdness-and-mitigations.md
opencost/opencost@2.5.21,no_crds_variant,n/a (no CRDs),CRD ownership route status,data/chart-facts/chart-facts.csv;recipes/opencost/opencost/2.5.21/helm-pain-report.yaml;recipes/opencost/opencost/2.5.21/weirdness-and-mitigations.md
opencost/opencost@2.5.21,webhooks,-,not observed or not applicable in chart facts,data/chart-facts/chart-facts.csv;recipes/opencost/opencost/2.5.21/helm-pain-report.yaml;recipes/opencost/opencost/2.5.21/weirdness-and-mitigations.md
opencost/opencost@2.5.21,required_values,yes - mandatory inputs (required/fail),tracked chart fact,data/chart-facts/chart-facts.csv;recipes/opencost/opencost/2.5.21/helm-pain-report.yaml;recipes/opencost/opencost/2.5.21/weirdness-and-mitigations.md
opencost/opencost@2.5.21,values_schema,-,not observed or not applicable in chart facts,data/chart-facts/chart-facts.csv;recipes/opencost/opencost/2.5.21/helm-pain-report.yaml;recipes/opencost/opencost/2.5.21/weirdness-and-mitigations.md
opencost/opencost@2.5.21,install_vs_upgrade,-,not observed or not applicable in chart facts,data/chart-facts/chart-facts.csv;recipes/opencost/opencost/2.5.21/helm-pain-report.yaml;recipes/opencost/opencost/2.5.21/weirdness-and-mitigations.md
opencost/opencost@2.5.21,notes,yes - NOTES.txt,tracked chart fact,data/chart-facts/chart-facts.csv;recipes/opencost/opencost/2.5.21/helm-pain-report.yaml;recipes/opencost/opencost/2.5.21/weirdness-and-mitigations.md
opencost/opencost@2.5.21,extension_slots,yes - per-use review,open extension slots require per-use review,data/chart-facts/chart-facts.csv;recipes/opencost/opencost/2.5.21/helm-pain-report.yaml;recipes/opencost/opencost/2.5.21/weirdness-and-mitigations.md
opencost/opencost@2.5.21,buildable_not_yet_run,-,not observed or not applicable in chart facts,data/chart-facts/chart-facts.csv;recipes/opencost/opencost/2.5.21/helm-pain-report.yaml;recipes/opencost/opencost/2.5.21/weirdness-and-mitigations.md
opencost/opencost@2.5.21,not_yet_enabled,- (no open gap: recommended capabilities built or n/a; quirks modeled - Level 2),no hard capability gap recorded,data/chart-facts/chart-facts.csv;recipes/opencost/opencost/2.5.21/helm-pain-report.yaml;recipes/opencost/opencost/2.5.21/weirdness-and-mitigations.md
percona/pg-operator@3.0.0,post_deploy_hooks,-,not observed or not applicable in chart facts,data/chart-facts/chart-facts.csv;recipes/percona/pg-operator/3.0.0/helm-pain-report.yaml;recipes/percona/pg-operator/3.0.0/weirdness-and-mitigations.md
percona/pg-operator@3.0.0,other_hooks,-,not observed or not applicable in chart facts,data/chart-facts/chart-facts.csv;recipes/percona/pg-operator/3.0.0/helm-pain-report.yaml;recipes/percona/pg-operator/3.0.0/weirdness-and-mitigations.md
percona/pg-operator@3.0.0,hook_status,-,not observed or not applicable in chart facts,data/chart-facts/chart-facts.csv;recipes/percona/pg-operator/3.0.0/helm-pain-report.yaml;recipes/percona/pg-operator/3.0.0/weirdness-and-mitigations.md
percona/pg-operator@3.0.0,generates_secrets,-,not observed or not applicable in chart facts,data/chart-facts/chart-facts.csv;recipes/percona/pg-operator/3.0.0/helm-pain-report.yaml;recipes/percona/pg-operator/3.0.0/weirdness-and-mitigations.md
percona/pg-operator@3.0.0,existing_secret,n/a,bring-your-own-secret route status,data/chart-facts/chart-facts.csv;recipes/percona/pg-operator/3.0.0/helm-pain-report.yaml;recipes/percona/pg-operator/3.0.0/weirdness-and-mitigations.md
percona/pg-operator@3.0.0,crds,present,tracked chart fact,data/chart-facts/chart-facts.csv;recipes/percona/pg-operator/3.0.0/helm-pain-report.yaml;recipes/percona/pg-operator/3.0.0/weirdness-and-mitigations.md
percona/pg-operator@3.0.0,no_crds_variant,built,CRD ownership route status,data/chart-facts/chart-facts.csv;recipes/percona/pg-operator/3.0.0/helm-pain-report.yaml;recipes/percona/pg-operator/3.0.0/weirdness-and-mitigations.md
percona/pg-operator@3.0.0,webhooks,-,not observed or not applicable in chart facts,data/chart-facts/chart-facts.csv;recipes/percona/pg-operator/3.0.0/helm-pain-report.yaml;recipes/percona/pg-operator/3.0.0/weirdness-and-mitigations.md
percona/pg-operator@3.0.0,required_values,-,not observed or not applicable in chart facts,data/chart-facts/chart-facts.csv;recipes/percona/pg-operator/3.0.0/helm-pain-report.yaml;recipes/percona/pg-operator/3.0.0/weirdness-and-mitigations.md
percona/pg-operator@3.0.0,values_schema,-,not observed or not applicable in chart facts,data/chart-facts/chart-facts.csv;recipes/percona/pg-operator/3.0.0/helm-pain-report.yaml;recipes/percona/pg-operator/3.0.0/weirdness-and-mitigations.md
percona/pg-operator@3.0.0,install_vs_upgrade,-,not observed or not applicable in chart facts,data/chart-facts/chart-facts.csv;recipes/percona/pg-operator/3.0.0/helm-pain-report.yaml;recipes/percona/pg-operator/3.0.0/weirdness-and-mitigations.md
percona/pg-operator@3.0.0,notes,-,not observed or not applicable in chart facts,data/chart-facts/chart-facts.csv;recipes/percona/pg-operator/3.0.0/helm-pain-report.yaml;recipes/percona/pg-operator/3.0.0/weirdness-and-mitigations.md
percona/pg-operator@3.0.0,extension_slots,-,not observed or not applicable in chart facts,data/chart-facts/chart-facts.csv;recipes/percona/pg-operator/3.0.0/helm-pain-report.yaml;recipes/percona/pg-operator/3.0.0/weirdness-and-mitigations.md
percona/pg-operator@3.0.0,buildable_not_yet_run,-,not observed or not applicable in chart facts,data/chart-facts/chart-facts.csv;recipes/percona/pg-operator/3.0.0/helm-pain-report.yaml;recipes/percona/pg-operator/3.0.0/weirdness-and-mitigations.md
percona/pg-operator@3.0.0,not_yet_enabled,- (no open gap: recommended capabilities built or n/a; quirks modeled - Level 2),no hard capability gap recorded,data/chart-facts/chart-facts.csv;recipes/percona/pg-operator/3.0.0/helm-pain-report.yaml;recipes/percona/pg-operator/3.0.0/weirdness-and-mitigations.md
percona/psmdb-operator@1.22.0,post_deploy_hooks,-,not observed or not applicable in chart facts,data/chart-facts/chart-facts.csv;recipes/percona/psmdb-operator/1.22.0/helm-pain-report.yaml;recipes/percona/psmdb-operator/1.22.0/weirdness-and-mitigations.md
percona/psmdb-operator@1.22.0,other_hooks,-,not observed or not applicable in chart facts,data/chart-facts/chart-facts.csv;recipes/percona/psmdb-operator/1.22.0/helm-pain-report.yaml;recipes/percona/psmdb-operator/1.22.0/weirdness-and-mitigations.md
percona/psmdb-operator@1.22.0,hook_status,-,not observed or not applicable in chart facts,data/chart-facts/chart-facts.csv;recipes/percona/psmdb-operator/1.22.0/helm-pain-report.yaml;recipes/percona/psmdb-operator/1.22.0/weirdness-and-mitigations.md
percona/psmdb-operator@1.22.0,generates_secrets,-,not observed or not applicable in chart facts,data/chart-facts/chart-facts.csv;recipes/percona/psmdb-operator/1.22.0/helm-pain-report.yaml;recipes/percona/psmdb-operator/1.22.0/weirdness-and-mitigations.md
percona/psmdb-operator@1.22.0,existing_secret,n/a,bring-your-own-secret route status,data/chart-facts/chart-facts.csv;recipes/percona/psmdb-operator/1.22.0/helm-pain-report.yaml;recipes/percona/psmdb-operator/1.22.0/weirdness-and-mitigations.md
percona/psmdb-operator@1.22.0,crds,present,tracked chart fact,data/chart-facts/chart-facts.csv;recipes/percona/psmdb-operator/1.22.0/helm-pain-report.yaml;recipes/percona/psmdb-operator/1.22.0/weirdness-and-mitigations.md
percona/psmdb-operator@1.22.0,no_crds_variant,built,CRD ownership route status,data/chart-facts/chart-facts.csv;recipes/percona/psmdb-operator/1.22.0/helm-pain-report.yaml;recipes/percona/psmdb-operator/1.22.0/weirdness-and-mitigations.md
percona/psmdb-operator@1.22.0,webhooks,-,not observed or not applicable in chart facts,data/chart-facts/chart-facts.csv;recipes/percona/psmdb-operator/1.22.0/helm-pain-report.yaml;recipes/percona/psmdb-operator/1.22.0/weirdness-and-mitigations.md
percona/psmdb-operator@1.22.0,required_values,-,not observed or not applicable in chart facts,data/chart-facts/chart-facts.csv;recipes/percona/psmdb-operator/1.22.0/helm-pain-report.yaml;recipes/percona/psmdb-operator/1.22.0/weirdness-and-mitigations.md
percona/psmdb-operator@1.22.0,values_schema,-,not observed or not applicable in chart facts,data/chart-facts/chart-facts.csv;recipes/percona/psmdb-operator/1.22.0/helm-pain-report.yaml;recipes/percona/psmdb-operator/1.22.0/weirdness-and-mitigations.md
percona/psmdb-operator@1.22.0,install_vs_upgrade,-,not observed or not applicable in chart facts,data/chart-facts/chart-facts.csv;recipes/percona/psmdb-operator/1.22.0/helm-pain-report.yaml;recipes/percona/psmdb-operator/1.22.0/weirdness-and-mitigations.md
percona/psmdb-operator@1.22.0,notes,-,not observed or not applicable in chart facts,data/chart-facts/chart-facts.csv;recipes/percona/psmdb-operator/1.22.0/helm-pain-report.yaml;recipes/percona/psmdb-operator/1.22.0/weirdness-and-mitigations.md
percona/psmdb-operator@1.22.0,extension_slots,-,not observed or not applicable in chart facts,data/chart-facts/chart-facts.csv;recipes/percona/psmdb-operator/1.22.0/helm-pain-report.yaml;recipes/percona/psmdb-operator/1.22.0/weirdness-and-mitigations.md
percona/psmdb-operator@1.22.0,buildable_not_yet_run,-,not observed or not applicable in chart facts,data/chart-facts/chart-facts.csv;recipes/percona/psmdb-operator/1.22.0/helm-pain-report.yaml;recipes/percona/psmdb-operator/1.22.0/weirdness-and-mitigations.md
percona/psmdb-operator@1.22.0,not_yet_enabled,- (no open gap: recommended capabilities built or n/a; quirks modeled - Level 2),no hard capability gap recorded,data/chart-facts/chart-facts.csv;recipes/percona/psmdb-operator/1.22.0/helm-pain-report.yaml;recipes/percona/psmdb-operator/1.22.0/weirdness-and-mitigations.md
percona/pxc-operator@1.19.1,post_deploy_hooks,-,not observed or not applicable in chart facts,data/chart-facts/chart-facts.csv;recipes/percona/pxc-operator/1.19.1/helm-pain-report.yaml;recipes/percona/pxc-operator/1.19.1/weirdness-and-mitigations.md
percona/pxc-operator@1.19.1,other_hooks,-,not observed or not applicable in chart facts,data/chart-facts/chart-facts.csv;recipes/percona/pxc-operator/1.19.1/helm-pain-report.yaml;recipes/percona/pxc-operator/1.19.1/weirdness-and-mitigations.md
percona/pxc-operator@1.19.1,hook_status,-,not observed or not applicable in chart facts,data/chart-facts/chart-facts.csv;recipes/percona/pxc-operator/1.19.1/helm-pain-report.yaml;recipes/percona/pxc-operator/1.19.1/weirdness-and-mitigations.md
percona/pxc-operator@1.19.1,generates_secrets,-,not observed or not applicable in chart facts,data/chart-facts/chart-facts.csv;recipes/percona/pxc-operator/1.19.1/helm-pain-report.yaml;recipes/percona/pxc-operator/1.19.1/weirdness-and-mitigations.md
percona/pxc-operator@1.19.1,existing_secret,n/a,bring-your-own-secret route status,data/chart-facts/chart-facts.csv;recipes/percona/pxc-operator/1.19.1/helm-pain-report.yaml;recipes/percona/pxc-operator/1.19.1/weirdness-and-mitigations.md
percona/pxc-operator@1.19.1,crds,present,CRDs are present; count 1; raw count is in chart-facts.csv,data/chart-facts/chart-facts.csv;recipes/percona/pxc-operator/1.19.1/helm-pain-report.yaml;recipes/percona/pxc-operator/1.19.1/weirdness-and-mitigations.md
percona/pxc-operator@1.19.1,no_crds_variant,built,CRD ownership route status,data/chart-facts/chart-facts.csv;recipes/percona/pxc-operator/1.19.1/helm-pain-report.yaml;recipes/percona/pxc-operator/1.19.1/weirdness-and-mitigations.md
percona/pxc-operator@1.19.1,webhooks,-,not observed or not applicable in chart facts,data/chart-facts/chart-facts.csv;recipes/percona/pxc-operator/1.19.1/helm-pain-report.yaml;recipes/percona/pxc-operator/1.19.1/weirdness-and-mitigations.md
percona/pxc-operator@1.19.1,required_values,-,not observed or not applicable in chart facts,data/chart-facts/chart-facts.csv;recipes/percona/pxc-operator/1.19.1/helm-pain-report.yaml;recipes/percona/pxc-operator/1.19.1/weirdness-and-mitigations.md
percona/pxc-operator@1.19.1,values_schema,-,not observed or not applicable in chart facts,data/chart-facts/chart-facts.csv;recipes/percona/pxc-operator/1.19.1/helm-pain-report.yaml;recipes/percona/pxc-operator/1.19.1/weirdness-and-mitigations.md
percona/pxc-operator@1.19.1,install_vs_upgrade,yes - renders differ install vs upgrade,tracked chart fact,data/chart-facts/chart-facts.csv;recipes/percona/pxc-operator/1.19.1/helm-pain-report.yaml;recipes/percona/pxc-operator/1.19.1/weirdness-and-mitigations.md
percona/pxc-operator@1.19.1,notes,yes - NOTES.txt,tracked chart fact,data/chart-facts/chart-facts.csv;recipes/percona/pxc-operator/1.19.1/helm-pain-report.yaml;recipes/percona/pxc-operator/1.19.1/weirdness-and-mitigations.md
percona/pxc-operator@1.19.1,extension_slots,yes - per-use review,open extension slots require per-use review,data/chart-facts/chart-facts.csv;recipes/percona/pxc-operator/1.19.1/helm-pain-report.yaml;recipes/percona/pxc-operator/1.19.1/weirdness-and-mitigations.md
percona/pxc-operator@1.19.1,buildable_not_yet_run,-,not observed or not applicable in chart facts,data/chart-facts/chart-facts.csv;recipes/percona/pxc-operator/1.19.1/helm-pain-report.yaml;recipes/percona/pxc-operator/1.19.1/weirdness-and-mitigations.md
percona/pxc-operator@1.19.1,not_yet_enabled,- (no open gap: recommended capabilities built or n/a; quirks modeled - Level 2),no hard capability gap recorded,data/chart-facts/chart-facts.csv;recipes/percona/pxc-operator/1.19.1/helm-pain-report.yaml;recipes/percona/pxc-operator/1.19.1/weirdness-and-mitigations.md
projectcalico/tigera-operator@v3.32.0,post_deploy_hooks,-,not observed or not applicable in chart facts,data/chart-facts/chart-facts.csv;recipes/projectcalico/tigera-operator/v3.32.0/helm-pain-report.yaml;recipes/projectcalico/tigera-operator/v3.32.0/weirdness-and-mitigations.md;data/hook-lifecycle/receipts/projectcalico-tigera-operator/default/latest.yaml
projectcalico/tigera-operator@v3.32.0,other_hooks,pre-delete,hook route is selected; runtime execution or observation is still required,data/chart-facts/chart-facts.csv;recipes/projectcalico/tigera-operator/v3.32.0/helm-pain-report.yaml;recipes/projectcalico/tigera-operator/v3.32.0/weirdness-and-mitigations.md;data/hook-lifecycle/receipts/projectcalico-tigera-operator/default/latest.yaml
projectcalico/tigera-operator@v3.32.0,hook_status,lifecycle-policy: ConfigHub applies / Flux|Argo runs (live receipt pending),hook route is selected; runtime execution or observation is still required,data/chart-facts/chart-facts.csv;recipes/projectcalico/tigera-operator/v3.32.0/helm-pain-report.yaml;recipes/projectcalico/tigera-operator/v3.32.0/weirdness-and-mitigations.md;data/hook-lifecycle/receipts/projectcalico-tigera-operator/default/latest.yaml
projectcalico/tigera-operator@v3.32.0,generates_secrets,-,not observed or not applicable in chart facts,data/chart-facts/chart-facts.csv;recipes/projectcalico/tigera-operator/v3.32.0/helm-pain-report.yaml;recipes/projectcalico/tigera-operator/v3.32.0/weirdness-and-mitigations.md
projectcalico/tigera-operator@v3.32.0,existing_secret,n/a,bring-your-own-secret route status,data/chart-facts/chart-facts.csv;recipes/projectcalico/tigera-operator/v3.32.0/helm-pain-report.yaml;recipes/projectcalico/tigera-operator/v3.32.0/weirdness-and-mitigations.md
projectcalico/tigera-operator@v3.32.0,crds,-,not observed or not applicable in chart facts,data/chart-facts/chart-facts.csv;recipes/projectcalico/tigera-operator/v3.32.0/helm-pain-report.yaml;recipes/projectcalico/tigera-operator/v3.32.0/weirdness-and-mitigations.md
projectcalico/tigera-operator@v3.32.0,no_crds_variant,n/a (no CRDs),CRD ownership route status,data/chart-facts/chart-facts.csv;recipes/projectcalico/tigera-operator/v3.32.0/helm-pain-report.yaml;recipes/projectcalico/tigera-operator/v3.32.0/weirdness-and-mitigations.md
projectcalico/tigera-operator@v3.32.0,webhooks,-,not observed or not applicable in chart facts,data/chart-facts/chart-facts.csv;recipes/projectcalico/tigera-operator/v3.32.0/helm-pain-report.yaml;recipes/projectcalico/tigera-operator/v3.32.0/weirdness-and-mitigations.md
projectcalico/tigera-operator@v3.32.0,required_values,yes - mandatory inputs (required/fail),tracked chart fact,data/chart-facts/chart-facts.csv;recipes/projectcalico/tigera-operator/v3.32.0/helm-pain-report.yaml;recipes/projectcalico/tigera-operator/v3.32.0/weirdness-and-mitigations.md
projectcalico/tigera-operator@v3.32.0,values_schema,-,not observed or not applicable in chart facts,data/chart-facts/chart-facts.csv;recipes/projectcalico/tigera-operator/v3.32.0/helm-pain-report.yaml;recipes/projectcalico/tigera-operator/v3.32.0/weirdness-and-mitigations.md
projectcalico/tigera-operator@v3.32.0,install_vs_upgrade,-,not observed or not applicable in chart facts,data/chart-facts/chart-facts.csv;recipes/projectcalico/tigera-operator/v3.32.0/helm-pain-report.yaml;recipes/projectcalico/tigera-operator/v3.32.0/weirdness-and-mitigations.md
projectcalico/tigera-operator@v3.32.0,notes,-,not observed or not applicable in chart facts,data/chart-facts/chart-facts.csv;recipes/projectcalico/tigera-operator/v3.32.0/helm-pain-report.yaml;recipes/projectcalico/tigera-operator/v3.32.0/weirdness-and-mitigations.md
projectcalico/tigera-operator@v3.32.0,extension_slots,-,not observed or not applicable in chart facts,data/chart-facts/chart-facts.csv;recipes/projectcalico/tigera-operator/v3.32.0/helm-pain-report.yaml;recipes/projectcalico/tigera-operator/v3.32.0/weirdness-and-mitigations.md
projectcalico/tigera-operator@v3.32.0,buildable_not_yet_run,-,not observed or not applicable in chart facts,data/chart-facts/chart-facts.csv;recipes/projectcalico/tigera-operator/v3.32.0/helm-pain-report.yaml;recipes/projectcalico/tigera-operator/v3.32.0/weirdness-and-mitigations.md
projectcalico/tigera-operator@v3.32.0,not_yet_enabled,- (no open gap: recommended capabilities built or n/a; quirks modeled - Level 2),no hard capability gap recorded,data/chart-facts/chart-facts.csv;recipes/projectcalico/tigera-operator/v3.32.0/helm-pain-report.yaml;recipes/projectcalico/tigera-operator/v3.32.0/weirdness-and-mitigations.md
prometheus-community/alertmanager@1.37.0,post_deploy_hooks,-,not observed or not applicable in chart facts,data/chart-facts/chart-facts.csv;recipes/prometheus-community/alertmanager/1.37.0/helm-pain-report.yaml;recipes/prometheus-community/alertmanager/1.37.0/weirdness-and-mitigations.md
prometheus-community/alertmanager@1.37.0,other_hooks,-,not observed or not applicable in chart facts,data/chart-facts/chart-facts.csv;recipes/prometheus-community/alertmanager/1.37.0/helm-pain-report.yaml;recipes/prometheus-community/alertmanager/1.37.0/weirdness-and-mitigations.md
prometheus-community/alertmanager@1.37.0,hook_status,-,not observed or not applicable in chart facts,data/chart-facts/chart-facts.csv;recipes/prometheus-community/alertmanager/1.37.0/helm-pain-report.yaml;recipes/prometheus-community/alertmanager/1.37.0/weirdness-and-mitigations.md
prometheus-community/alertmanager@1.37.0,generates_secrets,-,not observed or not applicable in chart facts,data/chart-facts/chart-facts.csv;recipes/prometheus-community/alertmanager/1.37.0/helm-pain-report.yaml;recipes/prometheus-community/alertmanager/1.37.0/weirdness-and-mitigations.md
prometheus-community/alertmanager@1.37.0,existing_secret,n/a,bring-your-own-secret route status,data/chart-facts/chart-facts.csv;recipes/prometheus-community/alertmanager/1.37.0/helm-pain-report.yaml;recipes/prometheus-community/alertmanager/1.37.0/weirdness-and-mitigations.md
prometheus-community/alertmanager@1.37.0,crds,-,not observed or not applicable in chart facts,data/chart-facts/chart-facts.csv;recipes/prometheus-community/alertmanager/1.37.0/helm-pain-report.yaml;recipes/prometheus-community/alertmanager/1.37.0/weirdness-and-mitigations.md
prometheus-community/alertmanager@1.37.0,no_crds_variant,n/a (no CRDs),CRD ownership route status,data/chart-facts/chart-facts.csv;recipes/prometheus-community/alertmanager/1.37.0/helm-pain-report.yaml;recipes/prometheus-community/alertmanager/1.37.0/weirdness-and-mitigations.md
prometheus-community/alertmanager@1.37.0,webhooks,-,not observed or not applicable in chart facts,data/chart-facts/chart-facts.csv;recipes/prometheus-community/alertmanager/1.37.0/helm-pain-report.yaml;recipes/prometheus-community/alertmanager/1.37.0/weirdness-and-mitigations.md
prometheus-community/alertmanager@1.37.0,required_values,-,not observed or not applicable in chart facts,data/chart-facts/chart-facts.csv;recipes/prometheus-community/alertmanager/1.37.0/helm-pain-report.yaml;recipes/prometheus-community/alertmanager/1.37.0/weirdness-and-mitigations.md
prometheus-community/alertmanager@1.37.0,values_schema,yes - values.schema.json,tracked chart fact,data/chart-facts/chart-facts.csv;recipes/prometheus-community/alertmanager/1.37.0/helm-pain-report.yaml;recipes/prometheus-community/alertmanager/1.37.0/weirdness-and-mitigations.md
prometheus-community/alertmanager@1.37.0,install_vs_upgrade,-,not observed or not applicable in chart facts,data/chart-facts/chart-facts.csv;recipes/prometheus-community/alertmanager/1.37.0/helm-pain-report.yaml;recipes/prometheus-community/alertmanager/1.37.0/weirdness-and-mitigations.md
prometheus-community/alertmanager@1.37.0,notes,yes - NOTES.txt,tracked chart fact,data/chart-facts/chart-facts.csv;recipes/prometheus-community/alertmanager/1.37.0/helm-pain-report.yaml;recipes/prometheus-community/alertmanager/1.37.0/weirdness-and-mitigations.md
prometheus-community/alertmanager@1.37.0,extension_slots,yes - per-use review,open extension slots require per-use review,data/chart-facts/chart-facts.csv;recipes/prometheus-community/alertmanager/1.37.0/helm-pain-report.yaml;recipes/prometheus-community/alertmanager/1.37.0/weirdness-and-mitigations.md
prometheus-community/alertmanager@1.37.0,buildable_not_yet_run,-,not observed or not applicable in chart facts,data/chart-facts/chart-facts.csv;recipes/prometheus-community/alertmanager/1.37.0/helm-pain-report.yaml;recipes/prometheus-community/alertmanager/1.37.0/weirdness-and-mitigations.md
prometheus-community/alertmanager@1.37.0,not_yet_enabled,- (no open gap: recommended capabilities built or n/a; quirks modeled - Level 2),no hard capability gap recorded,data/chart-facts/chart-facts.csv;recipes/prometheus-community/alertmanager/1.37.0/helm-pain-report.yaml;recipes/prometheus-community/alertmanager/1.37.0/weirdness-and-mitigations.md
prometheus-community/kube-prometheus-stack@85.3.3,post_deploy_hooks,post-install+post-upgrade,hook route is selected; runtime execution or observation is still required,data/chart-facts/chart-facts.csv;recipes/prometheus-community/kube-prometheus-stack/85.3.3/helm-pain-report.yaml;recipes/prometheus-community/kube-prometheus-stack/85.3.3/weirdness-and-mitigations.md;data/hook-lifecycle/receipts/prometheus-community-kube-prometheus-stack/default/latest.yaml
prometheus-community/kube-prometheus-stack@85.3.3,other_hooks,pre-install+pre-upgrade,hook route is selected; runtime execution or observation is still required,data/chart-facts/chart-facts.csv;recipes/prometheus-community/kube-prometheus-stack/85.3.3/helm-pain-report.yaml;recipes/prometheus-community/kube-prometheus-stack/85.3.3/weirdness-and-mitigations.md;data/hook-lifecycle/receipts/prometheus-community-kube-prometheus-stack/default/latest.yaml
prometheus-community/kube-prometheus-stack@85.3.3,hook_status,lifecycle-policy: ConfigHub applies / Flux|Argo runs (live receipt pending),hook route is selected; runtime execution or observation is still required,data/chart-facts/chart-facts.csv;recipes/prometheus-community/kube-prometheus-stack/85.3.3/helm-pain-report.yaml;recipes/prometheus-community/kube-prometheus-stack/85.3.3/weirdness-and-mitigations.md;data/hook-lifecycle/receipts/prometheus-community-kube-prometheus-stack/default/latest.yaml
prometheus-community/kube-prometheus-stack@85.3.3,generates_secrets,yes,tracked chart fact,data/chart-facts/chart-facts.csv;recipes/prometheus-community/kube-prometheus-stack/85.3.3/helm-pain-report.yaml;recipes/prometheus-community/kube-prometheus-stack/85.3.3/weirdness-and-mitigations.md
prometheus-community/kube-prometheus-stack@85.3.3,existing_secret,NOT built - chart ships no Secret toggle (#113),bring-your-own-secret route status,data/chart-facts/chart-facts.csv;recipes/prometheus-community/kube-prometheus-stack/85.3.3/helm-pain-report.yaml;recipes/prometheus-community/kube-prometheus-stack/85.3.3/weirdness-and-mitigations.md
prometheus-community/kube-prometheus-stack@85.3.3,crds,present,CRDs are present; count 20; raw count is in chart-facts.csv,data/chart-facts/chart-facts.csv;recipes/prometheus-community/kube-prometheus-stack/85.3.3/helm-pain-report.yaml;recipes/prometheus-community/kube-prometheus-stack/85.3.3/weirdness-and-mitigations.md
prometheus-community/kube-prometheus-stack@85.3.3,no_crds_variant,built,CRD ownership route status,data/chart-facts/chart-facts.csv;recipes/prometheus-community/kube-prometheus-stack/85.3.3/helm-pain-report.yaml;recipes/prometheus-community/kube-prometheus-stack/85.3.3/weirdness-and-mitigations.md
prometheus-community/kube-prometheus-stack@85.3.3,webhooks,present,admission webhooks are present; count 2; raw count is in chart-facts.csv,data/chart-facts/chart-facts.csv;recipes/prometheus-community/kube-prometheus-stack/85.3.3/helm-pain-report.yaml;recipes/prometheus-community/kube-prometheus-stack/85.3.3/weirdness-and-mitigations.md
prometheus-community/kube-prometheus-stack@85.3.3,required_values,yes - mandatory inputs (required/fail),tracked chart fact,data/chart-facts/chart-facts.csv;recipes/prometheus-community/kube-prometheus-stack/85.3.3/helm-pain-report.yaml;recipes/prometheus-community/kube-prometheus-stack/85.3.3/weirdness-and-mitigations.md
prometheus-community/kube-prometheus-stack@85.3.3,values_schema,-,not observed or not applicable in chart facts,data/chart-facts/chart-facts.csv;recipes/prometheus-community/kube-prometheus-stack/85.3.3/helm-pain-report.yaml;recipes/prometheus-community/kube-prometheus-stack/85.3.3/weirdness-and-mitigations.md
prometheus-community/kube-prometheus-stack@85.3.3,install_vs_upgrade,yes - renders differ install vs upgrade,tracked chart fact,data/chart-facts/chart-facts.csv;recipes/prometheus-community/kube-prometheus-stack/85.3.3/helm-pain-report.yaml;recipes/prometheus-community/kube-prometheus-stack/85.3.3/weirdness-and-mitigations.md
prometheus-community/kube-prometheus-stack@85.3.3,notes,yes - NOTES.txt,tracked chart fact,data/chart-facts/chart-facts.csv;recipes/prometheus-community/kube-prometheus-stack/85.3.3/helm-pain-report.yaml;recipes/prometheus-community/kube-prometheus-stack/85.3.3/weirdness-and-mitigations.md
prometheus-community/kube-prometheus-stack@85.3.3,extension_slots,yes - per-use review,open extension slots require per-use review,data/chart-facts/chart-facts.csv;recipes/prometheus-community/kube-prometheus-stack/85.3.3/helm-pain-report.yaml;recipes/prometheus-community/kube-prometheus-stack/85.3.3/weirdness-and-mitigations.md
prometheus-community/kube-prometheus-stack@85.3.3,buildable_not_yet_run,-,not observed or not applicable in chart facts,data/chart-facts/chart-facts.csv;recipes/prometheus-community/kube-prometheus-stack/85.3.3/helm-pain-report.yaml;recipes/prometheus-community/kube-prometheus-stack/85.3.3/weirdness-and-mitigations.md
prometheus-community/kube-prometheus-stack@85.3.3,not_yet_enabled,existing-secret (chart ships no Secret toggle - #113),hard gap or curated proof lane remains,data/chart-facts/chart-facts.csv;recipes/prometheus-community/kube-prometheus-stack/85.3.3/helm-pain-report.yaml;recipes/prometheus-community/kube-prometheus-stack/85.3.3/weirdness-and-mitigations.md
prometheus-community/kube-state-metrics@7.4.0,post_deploy_hooks,-,not observed or not applicable in chart facts,data/chart-facts/chart-facts.csv;recipes/prometheus-community/kube-state-metrics/7.4.0/helm-pain-report.yaml;recipes/prometheus-community/kube-state-metrics/7.4.0/weirdness-and-mitigations.md
prometheus-community/kube-state-metrics@7.4.0,other_hooks,-,not observed or not applicable in chart facts,data/chart-facts/chart-facts.csv;recipes/prometheus-community/kube-state-metrics/7.4.0/helm-pain-report.yaml;recipes/prometheus-community/kube-state-metrics/7.4.0/weirdness-and-mitigations.md
prometheus-community/kube-state-metrics@7.4.0,hook_status,-,not observed or not applicable in chart facts,data/chart-facts/chart-facts.csv;recipes/prometheus-community/kube-state-metrics/7.4.0/helm-pain-report.yaml;recipes/prometheus-community/kube-state-metrics/7.4.0/weirdness-and-mitigations.md
prometheus-community/kube-state-metrics@7.4.0,generates_secrets,-,not observed or not applicable in chart facts,data/chart-facts/chart-facts.csv;recipes/prometheus-community/kube-state-metrics/7.4.0/helm-pain-report.yaml;recipes/prometheus-community/kube-state-metrics/7.4.0/weirdness-and-mitigations.md
prometheus-community/kube-state-metrics@7.4.0,existing_secret,buildable - not yet run,bring-your-own-secret route status,data/chart-facts/chart-facts.csv;recipes/prometheus-community/kube-state-metrics/7.4.0/helm-pain-report.yaml;recipes/prometheus-community/kube-state-metrics/7.4.0/weirdness-and-mitigations.md
prometheus-community/kube-state-metrics@7.4.0,crds,-,not observed or not applicable in chart facts,data/chart-facts/chart-facts.csv;recipes/prometheus-community/kube-state-metrics/7.4.0/helm-pain-report.yaml;recipes/prometheus-community/kube-state-metrics/7.4.0/weirdness-and-mitigations.md
prometheus-community/kube-state-metrics@7.4.0,no_crds_variant,n/a (no CRDs),CRD ownership route status,data/chart-facts/chart-facts.csv;recipes/prometheus-community/kube-state-metrics/7.4.0/helm-pain-report.yaml;recipes/prometheus-community/kube-state-metrics/7.4.0/weirdness-and-mitigations.md
prometheus-community/kube-state-metrics@7.4.0,webhooks,-,not observed or not applicable in chart facts,data/chart-facts/chart-facts.csv;recipes/prometheus-community/kube-state-metrics/7.4.0/helm-pain-report.yaml;recipes/prometheus-community/kube-state-metrics/7.4.0/weirdness-and-mitigations.md
prometheus-community/kube-state-metrics@7.4.0,required_values,-,not observed or not applicable in chart facts,data/chart-facts/chart-facts.csv;recipes/prometheus-community/kube-state-metrics/7.4.0/helm-pain-report.yaml;recipes/prometheus-community/kube-state-metrics/7.4.0/weirdness-and-mitigations.md
prometheus-community/kube-state-metrics@7.4.0,values_schema,-,not observed or not applicable in chart facts,data/chart-facts/chart-facts.csv;recipes/prometheus-community/kube-state-metrics/7.4.0/helm-pain-report.yaml;recipes/prometheus-community/kube-state-metrics/7.4.0/weirdness-and-mitigations.md
prometheus-community/kube-state-metrics@7.4.0,install_vs_upgrade,-,not observed or not applicable in chart facts,data/chart-facts/chart-facts.csv;recipes/prometheus-community/kube-state-metrics/7.4.0/helm-pain-report.yaml;recipes/prometheus-community/kube-state-metrics/7.4.0/weirdness-and-mitigations.md
prometheus-community/kube-state-metrics@7.4.0,notes,yes - NOTES.txt,tracked chart fact,data/chart-facts/chart-facts.csv;recipes/prometheus-community/kube-state-metrics/7.4.0/helm-pain-report.yaml;recipes/prometheus-community/kube-state-metrics/7.4.0/weirdness-and-mitigations.md
prometheus-community/kube-state-metrics@7.4.0,extension_slots,yes - per-use review,open extension slots require per-use review,data/chart-facts/chart-facts.csv;recipes/prometheus-community/kube-state-metrics/7.4.0/helm-pain-report.yaml;recipes/prometheus-community/kube-state-metrics/7.4.0/weirdness-and-mitigations.md
prometheus-community/kube-state-metrics@7.4.0,buildable_not_yet_run,existing-secret (buildable - not yet run),known build path exists but has not been promoted,data/chart-facts/chart-facts.csv;recipes/prometheus-community/kube-state-metrics/7.4.0/helm-pain-report.yaml;recipes/prometheus-community/kube-state-metrics/7.4.0/weirdness-and-mitigations.md
prometheus-community/kube-state-metrics@7.4.0,not_yet_enabled,- (no open gap: recommended capabilities built or n/a; quirks modeled - Level 2),no hard capability gap recorded,data/chart-facts/chart-facts.csv;recipes/prometheus-community/kube-state-metrics/7.4.0/helm-pain-report.yaml;recipes/prometheus-community/kube-state-metrics/7.4.0/weirdness-and-mitigations.md
prometheus-community/prometheus-adapter@5.3.0,post_deploy_hooks,-,not observed or not applicable in chart facts,data/chart-facts/chart-facts.csv;recipes/prometheus-community/prometheus-adapter/5.3.0/helm-pain-report.yaml;recipes/prometheus-community/prometheus-adapter/5.3.0/weirdness-and-mitigations.md
prometheus-community/prometheus-adapter@5.3.0,other_hooks,-,not observed or not applicable in chart facts,data/chart-facts/chart-facts.csv;recipes/prometheus-community/prometheus-adapter/5.3.0/helm-pain-report.yaml;recipes/prometheus-community/prometheus-adapter/5.3.0/weirdness-and-mitigations.md
prometheus-community/prometheus-adapter@5.3.0,hook_status,-,not observed or not applicable in chart facts,data/chart-facts/chart-facts.csv;recipes/prometheus-community/prometheus-adapter/5.3.0/helm-pain-report.yaml;recipes/prometheus-community/prometheus-adapter/5.3.0/weirdness-and-mitigations.md
prometheus-community/prometheus-adapter@5.3.0,generates_secrets,-,not observed or not applicable in chart facts,data/chart-facts/chart-facts.csv;recipes/prometheus-community/prometheus-adapter/5.3.0/helm-pain-report.yaml;recipes/prometheus-community/prometheus-adapter/5.3.0/weirdness-and-mitigations.md
prometheus-community/prometheus-adapter@5.3.0,existing_secret,n/a,bring-your-own-secret route status,data/chart-facts/chart-facts.csv;recipes/prometheus-community/prometheus-adapter/5.3.0/helm-pain-report.yaml;recipes/prometheus-community/prometheus-adapter/5.3.0/weirdness-and-mitigations.md
prometheus-community/prometheus-adapter@5.3.0,crds,-,not observed or not applicable in chart facts,data/chart-facts/chart-facts.csv;recipes/prometheus-community/prometheus-adapter/5.3.0/helm-pain-report.yaml;recipes/prometheus-community/prometheus-adapter/5.3.0/weirdness-and-mitigations.md
prometheus-community/prometheus-adapter@5.3.0,no_crds_variant,n/a (no CRDs),CRD ownership route status,data/chart-facts/chart-facts.csv;recipes/prometheus-community/prometheus-adapter/5.3.0/helm-pain-report.yaml;recipes/prometheus-community/prometheus-adapter/5.3.0/weirdness-and-mitigations.md
prometheus-community/prometheus-adapter@5.3.0,webhooks,-,not observed or not applicable in chart facts,data/chart-facts/chart-facts.csv;recipes/prometheus-community/prometheus-adapter/5.3.0/helm-pain-report.yaml;recipes/prometheus-community/prometheus-adapter/5.3.0/weirdness-and-mitigations.md
prometheus-community/prometheus-adapter@5.3.0,required_values,-,not observed or not applicable in chart facts,data/chart-facts/chart-facts.csv;recipes/prometheus-community/prometheus-adapter/5.3.0/helm-pain-report.yaml;recipes/prometheus-community/prometheus-adapter/5.3.0/weirdness-and-mitigations.md
prometheus-community/prometheus-adapter@5.3.0,values_schema,-,not observed or not applicable in chart facts,data/chart-facts/chart-facts.csv;recipes/prometheus-community/prometheus-adapter/5.3.0/helm-pain-report.yaml;recipes/prometheus-community/prometheus-adapter/5.3.0/weirdness-and-mitigations.md
prometheus-community/prometheus-adapter@5.3.0,install_vs_upgrade,-,not observed or not applicable in chart facts,data/chart-facts/chart-facts.csv;recipes/prometheus-community/prometheus-adapter/5.3.0/helm-pain-report.yaml;recipes/prometheus-community/prometheus-adapter/5.3.0/weirdness-and-mitigations.md
prometheus-community/prometheus-adapter@5.3.0,notes,yes - NOTES.txt,tracked chart fact,data/chart-facts/chart-facts.csv;recipes/prometheus-community/prometheus-adapter/5.3.0/helm-pain-report.yaml;recipes/prometheus-community/prometheus-adapter/5.3.0/weirdness-and-mitigations.md
prometheus-community/prometheus-adapter@5.3.0,extension_slots,yes - per-use review,open extension slots require per-use review,data/chart-facts/chart-facts.csv;recipes/prometheus-community/prometheus-adapter/5.3.0/helm-pain-report.yaml;recipes/prometheus-community/prometheus-adapter/5.3.0/weirdness-and-mitigations.md
prometheus-community/prometheus-adapter@5.3.0,buildable_not_yet_run,-,not observed or not applicable in chart facts,data/chart-facts/chart-facts.csv;recipes/prometheus-community/prometheus-adapter/5.3.0/helm-pain-report.yaml;recipes/prometheus-community/prometheus-adapter/5.3.0/weirdness-and-mitigations.md
prometheus-community/prometheus-adapter@5.3.0,not_yet_enabled,- (no open gap: recommended capabilities built or n/a; quirks modeled - Level 2),no hard capability gap recorded,data/chart-facts/chart-facts.csv;recipes/prometheus-community/prometheus-adapter/5.3.0/helm-pain-report.yaml;recipes/prometheus-community/prometheus-adapter/5.3.0/weirdness-and-mitigations.md
prometheus-community/prometheus-blackbox-exporter@11.10.0,post_deploy_hooks,-,not observed or not applicable in chart facts,data/chart-facts/chart-facts.csv;recipes/prometheus-community/prometheus-blackbox-exporter/11.10.0/helm-pain-report.yaml;recipes/prometheus-community/prometheus-blackbox-exporter/11.10.0/weirdness-and-mitigations.md
prometheus-community/prometheus-blackbox-exporter@11.10.0,other_hooks,-,not observed or not applicable in chart facts,data/chart-facts/chart-facts.csv;recipes/prometheus-community/prometheus-blackbox-exporter/11.10.0/helm-pain-report.yaml;recipes/prometheus-community/prometheus-blackbox-exporter/11.10.0/weirdness-and-mitigations.md
prometheus-community/prometheus-blackbox-exporter@11.10.0,hook_status,-,not observed or not applicable in chart facts,data/chart-facts/chart-facts.csv;recipes/prometheus-community/prometheus-blackbox-exporter/11.10.0/helm-pain-report.yaml;recipes/prometheus-community/prometheus-blackbox-exporter/11.10.0/weirdness-and-mitigations.md
prometheus-community/prometheus-blackbox-exporter@11.10.0,generates_secrets,-,not observed or not applicable in chart facts,data/chart-facts/chart-facts.csv;recipes/prometheus-community/prometheus-blackbox-exporter/11.10.0/helm-pain-report.yaml;recipes/prometheus-community/prometheus-blackbox-exporter/11.10.0/weirdness-and-mitigations.md
prometheus-community/prometheus-blackbox-exporter@11.10.0,existing_secret,n/a,bring-your-own-secret route status,data/chart-facts/chart-facts.csv;recipes/prometheus-community/prometheus-blackbox-exporter/11.10.0/helm-pain-report.yaml;recipes/prometheus-community/prometheus-blackbox-exporter/11.10.0/weirdness-and-mitigations.md
prometheus-community/prometheus-blackbox-exporter@11.10.0,crds,-,not observed or not applicable in chart facts,data/chart-facts/chart-facts.csv;recipes/prometheus-community/prometheus-blackbox-exporter/11.10.0/helm-pain-report.yaml;recipes/prometheus-community/prometheus-blackbox-exporter/11.10.0/weirdness-and-mitigations.md
prometheus-community/prometheus-blackbox-exporter@11.10.0,no_crds_variant,n/a (no CRDs),CRD ownership route status,data/chart-facts/chart-facts.csv;recipes/prometheus-community/prometheus-blackbox-exporter/11.10.0/helm-pain-report.yaml;recipes/prometheus-community/prometheus-blackbox-exporter/11.10.0/weirdness-and-mitigations.md
prometheus-community/prometheus-blackbox-exporter@11.10.0,webhooks,-,not observed or not applicable in chart facts,data/chart-facts/chart-facts.csv;recipes/prometheus-community/prometheus-blackbox-exporter/11.10.0/helm-pain-report.yaml;recipes/prometheus-community/prometheus-blackbox-exporter/11.10.0/weirdness-and-mitigations.md
prometheus-community/prometheus-blackbox-exporter@11.10.0,required_values,-,not observed or not applicable in chart facts,data/chart-facts/chart-facts.csv;recipes/prometheus-community/prometheus-blackbox-exporter/11.10.0/helm-pain-report.yaml;recipes/prometheus-community/prometheus-blackbox-exporter/11.10.0/weirdness-and-mitigations.md
prometheus-community/prometheus-blackbox-exporter@11.10.0,values_schema,-,not observed or not applicable in chart facts,data/chart-facts/chart-facts.csv;recipes/prometheus-community/prometheus-blackbox-exporter/11.10.0/helm-pain-report.yaml;recipes/prometheus-community/prometheus-blackbox-exporter/11.10.0/weirdness-and-mitigations.md
prometheus-community/prometheus-blackbox-exporter@11.10.0,install_vs_upgrade,-,not observed or not applicable in chart facts,data/chart-facts/chart-facts.csv;recipes/prometheus-community/prometheus-blackbox-exporter/11.10.0/helm-pain-report.yaml;recipes/prometheus-community/prometheus-blackbox-exporter/11.10.0/weirdness-and-mitigations.md
prometheus-community/prometheus-blackbox-exporter@11.10.0,notes,yes - NOTES.txt,tracked chart fact,data/chart-facts/chart-facts.csv;recipes/prometheus-community/prometheus-blackbox-exporter/11.10.0/helm-pain-report.yaml;recipes/prometheus-community/prometheus-blackbox-exporter/11.10.0/weirdness-and-mitigations.md
prometheus-community/prometheus-blackbox-exporter@11.10.0,extension_slots,yes - per-use review,open extension slots require per-use review,data/chart-facts/chart-facts.csv;recipes/prometheus-community/prometheus-blackbox-exporter/11.10.0/helm-pain-report.yaml;recipes/prometheus-community/prometheus-blackbox-exporter/11.10.0/weirdness-and-mitigations.md
prometheus-community/prometheus-blackbox-exporter@11.10.0,buildable_not_yet_run,-,not observed or not applicable in chart facts,data/chart-facts/chart-facts.csv;recipes/prometheus-community/prometheus-blackbox-exporter/11.10.0/helm-pain-report.yaml;recipes/prometheus-community/prometheus-blackbox-exporter/11.10.0/weirdness-and-mitigations.md
prometheus-community/prometheus-blackbox-exporter@11.10.0,not_yet_enabled,- (no open gap: recommended capabilities built or n/a; quirks modeled - Level 2),no hard capability gap recorded,data/chart-facts/chart-facts.csv;recipes/prometheus-community/prometheus-blackbox-exporter/11.10.0/helm-pain-report.yaml;recipes/prometheus-community/prometheus-blackbox-exporter/11.10.0/weirdness-and-mitigations.md
prometheus-community/prometheus-node-exporter@4.55.0,post_deploy_hooks,-,not observed or not applicable in chart facts,data/chart-facts/chart-facts.csv;recipes/prometheus-community/prometheus-node-exporter/4.55.0/helm-pain-report.yaml;recipes/prometheus-community/prometheus-node-exporter/4.55.0/weirdness-and-mitigations.md
prometheus-community/prometheus-node-exporter@4.55.0,other_hooks,-,not observed or not applicable in chart facts,data/chart-facts/chart-facts.csv;recipes/prometheus-community/prometheus-node-exporter/4.55.0/helm-pain-report.yaml;recipes/prometheus-community/prometheus-node-exporter/4.55.0/weirdness-and-mitigations.md
prometheus-community/prometheus-node-exporter@4.55.0,hook_status,-,not observed or not applicable in chart facts,data/chart-facts/chart-facts.csv;recipes/prometheus-community/prometheus-node-exporter/4.55.0/helm-pain-report.yaml;recipes/prometheus-community/prometheus-node-exporter/4.55.0/weirdness-and-mitigations.md
prometheus-community/prometheus-node-exporter@4.55.0,generates_secrets,-,not observed or not applicable in chart facts,data/chart-facts/chart-facts.csv;recipes/prometheus-community/prometheus-node-exporter/4.55.0/helm-pain-report.yaml;recipes/prometheus-community/prometheus-node-exporter/4.55.0/weirdness-and-mitigations.md
prometheus-community/prometheus-node-exporter@4.55.0,existing_secret,buildable - not yet run,bring-your-own-secret route status,data/chart-facts/chart-facts.csv;recipes/prometheus-community/prometheus-node-exporter/4.55.0/helm-pain-report.yaml;recipes/prometheus-community/prometheus-node-exporter/4.55.0/weirdness-and-mitigations.md
prometheus-community/prometheus-node-exporter@4.55.0,crds,-,not observed or not applicable in chart facts,data/chart-facts/chart-facts.csv;recipes/prometheus-community/prometheus-node-exporter/4.55.0/helm-pain-report.yaml;recipes/prometheus-community/prometheus-node-exporter/4.55.0/weirdness-and-mitigations.md
prometheus-community/prometheus-node-exporter@4.55.0,no_crds_variant,n/a (no CRDs),CRD ownership route status,data/chart-facts/chart-facts.csv;recipes/prometheus-community/prometheus-node-exporter/4.55.0/helm-pain-report.yaml;recipes/prometheus-community/prometheus-node-exporter/4.55.0/weirdness-and-mitigations.md
prometheus-community/prometheus-node-exporter@4.55.0,webhooks,-,not observed or not applicable in chart facts,data/chart-facts/chart-facts.csv;recipes/prometheus-community/prometheus-node-exporter/4.55.0/helm-pain-report.yaml;recipes/prometheus-community/prometheus-node-exporter/4.55.0/weirdness-and-mitigations.md
prometheus-community/prometheus-node-exporter@4.55.0,required_values,yes - mandatory inputs (required/fail),tracked chart fact,data/chart-facts/chart-facts.csv;recipes/prometheus-community/prometheus-node-exporter/4.55.0/helm-pain-report.yaml;recipes/prometheus-community/prometheus-node-exporter/4.55.0/weirdness-and-mitigations.md
prometheus-community/prometheus-node-exporter@4.55.0,values_schema,-,not observed or not applicable in chart facts,data/chart-facts/chart-facts.csv;recipes/prometheus-community/prometheus-node-exporter/4.55.0/helm-pain-report.yaml;recipes/prometheus-community/prometheus-node-exporter/4.55.0/weirdness-and-mitigations.md
prometheus-community/prometheus-node-exporter@4.55.0,install_vs_upgrade,-,not observed or not applicable in chart facts,data/chart-facts/chart-facts.csv;recipes/prometheus-community/prometheus-node-exporter/4.55.0/helm-pain-report.yaml;recipes/prometheus-community/prometheus-node-exporter/4.55.0/weirdness-and-mitigations.md
prometheus-community/prometheus-node-exporter@4.55.0,notes,yes - NOTES.txt,tracked chart fact,data/chart-facts/chart-facts.csv;recipes/prometheus-community/prometheus-node-exporter/4.55.0/helm-pain-report.yaml;recipes/prometheus-community/prometheus-node-exporter/4.55.0/weirdness-and-mitigations.md
prometheus-community/prometheus-node-exporter@4.55.0,extension_slots,yes - per-use review,open extension slots require per-use review,data/chart-facts/chart-facts.csv;recipes/prometheus-community/prometheus-node-exporter/4.55.0/helm-pain-report.yaml;recipes/prometheus-community/prometheus-node-exporter/4.55.0/weirdness-and-mitigations.md
prometheus-community/prometheus-node-exporter@4.55.0,buildable_not_yet_run,existing-secret (buildable - not yet run),known build path exists but has not been promoted,data/chart-facts/chart-facts.csv;recipes/prometheus-community/prometheus-node-exporter/4.55.0/helm-pain-report.yaml;recipes/prometheus-community/prometheus-node-exporter/4.55.0/weirdness-and-mitigations.md
prometheus-community/prometheus-node-exporter@4.55.0,not_yet_enabled,- (no open gap: recommended capabilities built or n/a; quirks modeled - Level 2),no hard capability gap recorded,data/chart-facts/chart-facts.csv;recipes/prometheus-community/prometheus-node-exporter/4.55.0/helm-pain-report.yaml;recipes/prometheus-community/prometheus-node-exporter/4.55.0/weirdness-and-mitigations.md
prometheus-community/prometheus-operator-crds@29.0.0,post_deploy_hooks,-,not observed or not applicable in chart facts,data/chart-facts/chart-facts.csv;recipes/prometheus-community/prometheus-operator-crds/29.0.0/helm-pain-report.yaml;recipes/prometheus-community/prometheus-operator-crds/29.0.0/weirdness-and-mitigations.md
prometheus-community/prometheus-operator-crds@29.0.0,other_hooks,-,not observed or not applicable in chart facts,data/chart-facts/chart-facts.csv;recipes/prometheus-community/prometheus-operator-crds/29.0.0/helm-pain-report.yaml;recipes/prometheus-community/prometheus-operator-crds/29.0.0/weirdness-and-mitigations.md
prometheus-community/prometheus-operator-crds@29.0.0,hook_status,-,not observed or not applicable in chart facts,data/chart-facts/chart-facts.csv;recipes/prometheus-community/prometheus-operator-crds/29.0.0/helm-pain-report.yaml;recipes/prometheus-community/prometheus-operator-crds/29.0.0/weirdness-and-mitigations.md
prometheus-community/prometheus-operator-crds@29.0.0,generates_secrets,-,not observed or not applicable in chart facts,data/chart-facts/chart-facts.csv;recipes/prometheus-community/prometheus-operator-crds/29.0.0/helm-pain-report.yaml;recipes/prometheus-community/prometheus-operator-crds/29.0.0/weirdness-and-mitigations.md
prometheus-community/prometheus-operator-crds@29.0.0,existing_secret,buildable - not yet run,bring-your-own-secret route status,data/chart-facts/chart-facts.csv;recipes/prometheus-community/prometheus-operator-crds/29.0.0/helm-pain-report.yaml;recipes/prometheus-community/prometheus-operator-crds/29.0.0/weirdness-and-mitigations.md
prometheus-community/prometheus-operator-crds@29.0.0,crds,present,CRDs are present; count 11; raw count is in chart-facts.csv,data/chart-facts/chart-facts.csv;recipes/prometheus-community/prometheus-operator-crds/29.0.0/helm-pain-report.yaml;recipes/prometheus-community/prometheus-operator-crds/29.0.0/weirdness-and-mitigations.md
prometheus-community/prometheus-operator-crds@29.0.0,no_crds_variant,buildable - not yet run,CRD ownership route status,data/chart-facts/chart-facts.csv;recipes/prometheus-community/prometheus-operator-crds/29.0.0/helm-pain-report.yaml;recipes/prometheus-community/prometheus-operator-crds/29.0.0/weirdness-and-mitigations.md
prometheus-community/prometheus-operator-crds@29.0.0,webhooks,-,not observed or not applicable in chart facts,data/chart-facts/chart-facts.csv;recipes/prometheus-community/prometheus-operator-crds/29.0.0/helm-pain-report.yaml;recipes/prometheus-community/prometheus-operator-crds/29.0.0/weirdness-and-mitigations.md
prometheus-community/prometheus-operator-crds@29.0.0,required_values,-,not observed or not applicable in chart facts,data/chart-facts/chart-facts.csv;recipes/prometheus-community/prometheus-operator-crds/29.0.0/helm-pain-report.yaml;recipes/prometheus-community/prometheus-operator-crds/29.0.0/weirdness-and-mitigations.md
prometheus-community/prometheus-operator-crds@29.0.0,values_schema,-,not observed or not applicable in chart facts,data/chart-facts/chart-facts.csv;recipes/prometheus-community/prometheus-operator-crds/29.0.0/helm-pain-report.yaml;recipes/prometheus-community/prometheus-operator-crds/29.0.0/weirdness-and-mitigations.md
prometheus-community/prometheus-operator-crds@29.0.0,install_vs_upgrade,-,not observed or not applicable in chart facts,data/chart-facts/chart-facts.csv;recipes/prometheus-community/prometheus-operator-crds/29.0.0/helm-pain-report.yaml;recipes/prometheus-community/prometheus-operator-crds/29.0.0/weirdness-and-mitigations.md
prometheus-community/prometheus-operator-crds@29.0.0,notes,-,not observed or not applicable in chart facts,data/chart-facts/chart-facts.csv;recipes/prometheus-community/prometheus-operator-crds/29.0.0/helm-pain-report.yaml;recipes/prometheus-community/prometheus-operator-crds/29.0.0/weirdness-and-mitigations.md
prometheus-community/prometheus-operator-crds@29.0.0,extension_slots,-,not observed or not applicable in chart facts,data/chart-facts/chart-facts.csv;recipes/prometheus-community/prometheus-operator-crds/29.0.0/helm-pain-report.yaml;recipes/prometheus-community/prometheus-operator-crds/29.0.0/weirdness-and-mitigations.md
prometheus-community/prometheus-operator-crds@29.0.0,buildable_not_yet_run,existing-secret (buildable - not yet run),known build path exists but has not been promoted,data/chart-facts/chart-facts.csv;recipes/prometheus-community/prometheus-operator-crds/29.0.0/helm-pain-report.yaml;recipes/prometheus-community/prometheus-operator-crds/29.0.0/weirdness-and-mitigations.md
prometheus-community/prometheus-operator-crds@29.0.0,not_yet_enabled,- (no open gap: recommended capabilities built or n/a; quirks modeled - Level 2),no hard capability gap recorded,data/chart-facts/chart-facts.csv;recipes/prometheus-community/prometheus-operator-crds/29.0.0/helm-pain-report.yaml;recipes/prometheus-community/prometheus-operator-crds/29.0.0/weirdness-and-mitigations.md
prometheus-community/prometheus-pushgateway@3.6.0,post_deploy_hooks,-,not observed or not applicable in chart facts,data/chart-facts/chart-facts.csv;recipes/prometheus-community/prometheus-pushgateway/3.6.0/helm-pain-report.yaml;recipes/prometheus-community/prometheus-pushgateway/3.6.0/weirdness-and-mitigations.md
prometheus-community/prometheus-pushgateway@3.6.0,other_hooks,-,not observed or not applicable in chart facts,data/chart-facts/chart-facts.csv;recipes/prometheus-community/prometheus-pushgateway/3.6.0/helm-pain-report.yaml;recipes/prometheus-community/prometheus-pushgateway/3.6.0/weirdness-and-mitigations.md
prometheus-community/prometheus-pushgateway@3.6.0,hook_status,-,not observed or not applicable in chart facts,data/chart-facts/chart-facts.csv;recipes/prometheus-community/prometheus-pushgateway/3.6.0/helm-pain-report.yaml;recipes/prometheus-community/prometheus-pushgateway/3.6.0/weirdness-and-mitigations.md
prometheus-community/prometheus-pushgateway@3.6.0,generates_secrets,yes,tracked chart fact,data/chart-facts/chart-facts.csv;recipes/prometheus-community/prometheus-pushgateway/3.6.0/helm-pain-report.yaml;recipes/prometheus-community/prometheus-pushgateway/3.6.0/weirdness-and-mitigations.md
prometheus-community/prometheus-pushgateway@3.6.0,existing_secret,n/a (generated only),bring-your-own-secret route status,data/chart-facts/chart-facts.csv;recipes/prometheus-community/prometheus-pushgateway/3.6.0/helm-pain-report.yaml;recipes/prometheus-community/prometheus-pushgateway/3.6.0/weirdness-and-mitigations.md
prometheus-community/prometheus-pushgateway@3.6.0,crds,-,not observed or not applicable in chart facts,data/chart-facts/chart-facts.csv;recipes/prometheus-community/prometheus-pushgateway/3.6.0/helm-pain-report.yaml;recipes/prometheus-community/prometheus-pushgateway/3.6.0/weirdness-and-mitigations.md
prometheus-community/prometheus-pushgateway@3.6.0,no_crds_variant,n/a (no CRDs),CRD ownership route status,data/chart-facts/chart-facts.csv;recipes/prometheus-community/prometheus-pushgateway/3.6.0/helm-pain-report.yaml;recipes/prometheus-community/prometheus-pushgateway/3.6.0/weirdness-and-mitigations.md
prometheus-community/prometheus-pushgateway@3.6.0,webhooks,-,not observed or not applicable in chart facts,data/chart-facts/chart-facts.csv;recipes/prometheus-community/prometheus-pushgateway/3.6.0/helm-pain-report.yaml;recipes/prometheus-community/prometheus-pushgateway/3.6.0/weirdness-and-mitigations.md
prometheus-community/prometheus-pushgateway@3.6.0,required_values,yes - mandatory inputs (required/fail),tracked chart fact,data/chart-facts/chart-facts.csv;recipes/prometheus-community/prometheus-pushgateway/3.6.0/helm-pain-report.yaml;recipes/prometheus-community/prometheus-pushgateway/3.6.0/weirdness-and-mitigations.md
prometheus-community/prometheus-pushgateway@3.6.0,values_schema,-,not observed or not applicable in chart facts,data/chart-facts/chart-facts.csv;recipes/prometheus-community/prometheus-pushgateway/3.6.0/helm-pain-report.yaml;recipes/prometheus-community/prometheus-pushgateway/3.6.0/weirdness-and-mitigations.md
prometheus-community/prometheus-pushgateway@3.6.0,install_vs_upgrade,-,not observed or not applicable in chart facts,data/chart-facts/chart-facts.csv;recipes/prometheus-community/prometheus-pushgateway/3.6.0/helm-pain-report.yaml;recipes/prometheus-community/prometheus-pushgateway/3.6.0/weirdness-and-mitigations.md
prometheus-community/prometheus-pushgateway@3.6.0,notes,yes - NOTES.txt,tracked chart fact,data/chart-facts/chart-facts.csv;recipes/prometheus-community/prometheus-pushgateway/3.6.0/helm-pain-report.yaml;recipes/prometheus-community/prometheus-pushgateway/3.6.0/weirdness-and-mitigations.md
prometheus-community/prometheus-pushgateway@3.6.0,extension_slots,yes - per-use review,open extension slots require per-use review,data/chart-facts/chart-facts.csv;recipes/prometheus-community/prometheus-pushgateway/3.6.0/helm-pain-report.yaml;recipes/prometheus-community/prometheus-pushgateway/3.6.0/weirdness-and-mitigations.md
prometheus-community/prometheus-pushgateway@3.6.0,buildable_not_yet_run,-,not observed or not applicable in chart facts,data/chart-facts/chart-facts.csv;recipes/prometheus-community/prometheus-pushgateway/3.6.0/helm-pain-report.yaml;recipes/prometheus-community/prometheus-pushgateway/3.6.0/weirdness-and-mitigations.md
prometheus-community/prometheus-pushgateway@3.6.0,not_yet_enabled,- (no open gap: recommended capabilities built or n/a; quirks modeled - Level 2),no hard capability gap recorded,data/chart-facts/chart-facts.csv;recipes/prometheus-community/prometheus-pushgateway/3.6.0/helm-pain-report.yaml;recipes/prometheus-community/prometheus-pushgateway/3.6.0/weirdness-and-mitigations.md
prometheus-community/prometheus@29.8.0,post_deploy_hooks,-,not observed or not applicable in chart facts,data/chart-facts/chart-facts.csv;recipes/prometheus-community/prometheus/29.8.0/helm-pain-report.yaml;recipes/prometheus-community/prometheus/29.8.0/weirdness-and-mitigations.md
prometheus-community/prometheus@29.8.0,other_hooks,-,not observed or not applicable in chart facts,data/chart-facts/chart-facts.csv;recipes/prometheus-community/prometheus/29.8.0/helm-pain-report.yaml;recipes/prometheus-community/prometheus/29.8.0/weirdness-and-mitigations.md
prometheus-community/prometheus@29.8.0,hook_status,-,not observed or not applicable in chart facts,data/chart-facts/chart-facts.csv;recipes/prometheus-community/prometheus/29.8.0/helm-pain-report.yaml;recipes/prometheus-community/prometheus/29.8.0/weirdness-and-mitigations.md
prometheus-community/prometheus@29.8.0,generates_secrets,yes,tracked chart fact,data/chart-facts/chart-facts.csv;recipes/prometheus-community/prometheus/29.8.0/helm-pain-report.yaml;recipes/prometheus-community/prometheus/29.8.0/weirdness-and-mitigations.md
prometheus-community/prometheus@29.8.0,existing_secret,n/a (generated only),bring-your-own-secret route status,data/chart-facts/chart-facts.csv;recipes/prometheus-community/prometheus/29.8.0/helm-pain-report.yaml;recipes/prometheus-community/prometheus/29.8.0/weirdness-and-mitigations.md
prometheus-community/prometheus@29.8.0,crds,-,not observed or not applicable in chart facts,data/chart-facts/chart-facts.csv;recipes/prometheus-community/prometheus/29.8.0/helm-pain-report.yaml;recipes/prometheus-community/prometheus/29.8.0/weirdness-and-mitigations.md
prometheus-community/prometheus@29.8.0,no_crds_variant,n/a (no CRDs),CRD ownership route status,data/chart-facts/chart-facts.csv;recipes/prometheus-community/prometheus/29.8.0/helm-pain-report.yaml;recipes/prometheus-community/prometheus/29.8.0/weirdness-and-mitigations.md
prometheus-community/prometheus@29.8.0,webhooks,-,not observed or not applicable in chart facts,data/chart-facts/chart-facts.csv;recipes/prometheus-community/prometheus/29.8.0/helm-pain-report.yaml;recipes/prometheus-community/prometheus/29.8.0/weirdness-and-mitigations.md
prometheus-community/prometheus@29.8.0,required_values,yes - mandatory inputs (required/fail),tracked chart fact,data/chart-facts/chart-facts.csv;recipes/prometheus-community/prometheus/29.8.0/helm-pain-report.yaml;recipes/prometheus-community/prometheus/29.8.0/weirdness-and-mitigations.md
prometheus-community/prometheus@29.8.0,values_schema,yes - values.schema.json,tracked chart fact,data/chart-facts/chart-facts.csv;recipes/prometheus-community/prometheus/29.8.0/helm-pain-report.yaml;recipes/prometheus-community/prometheus/29.8.0/weirdness-and-mitigations.md
prometheus-community/prometheus@29.8.0,install_vs_upgrade,-,not observed or not applicable in chart facts,data/chart-facts/chart-facts.csv;recipes/prometheus-community/prometheus/29.8.0/helm-pain-report.yaml;recipes/prometheus-community/prometheus/29.8.0/weirdness-and-mitigations.md
prometheus-community/prometheus@29.8.0,notes,yes - NOTES.txt,tracked chart fact,data/chart-facts/chart-facts.csv;recipes/prometheus-community/prometheus/29.8.0/helm-pain-report.yaml;recipes/prometheus-community/prometheus/29.8.0/weirdness-and-mitigations.md
prometheus-community/prometheus@29.8.0,extension_slots,yes - per-use review,open extension slots require per-use review,data/chart-facts/chart-facts.csv;recipes/prometheus-community/prometheus/29.8.0/helm-pain-report.yaml;recipes/prometheus-community/prometheus/29.8.0/weirdness-and-mitigations.md
prometheus-community/prometheus@29.8.0,buildable_not_yet_run,-,not observed or not applicable in chart facts,data/chart-facts/chart-facts.csv;recipes/prometheus-community/prometheus/29.8.0/helm-pain-report.yaml;recipes/prometheus-community/prometheus/29.8.0/weirdness-and-mitigations.md
prometheus-community/prometheus@29.8.0,not_yet_enabled,ha (curated proof lane - bespoke teaching needed),hard gap or curated proof lane remains,data/chart-facts/chart-facts.csv;recipes/prometheus-community/prometheus/29.8.0/helm-pain-report.yaml;recipes/prometheus-community/prometheus/29.8.0/weirdness-and-mitigations.md
rook-release/rook-ceph-cluster@v1.19.5,post_deploy_hooks,-,not observed or not applicable in chart facts,data/chart-facts/chart-facts.csv;recipes/rook-release/rook-ceph-cluster/v1.19.5/helm-pain-report.yaml;recipes/rook-release/rook-ceph-cluster/v1.19.5/weirdness-and-mitigations.md
rook-release/rook-ceph-cluster@v1.19.5,other_hooks,-,not observed or not applicable in chart facts,data/chart-facts/chart-facts.csv;recipes/rook-release/rook-ceph-cluster/v1.19.5/helm-pain-report.yaml;recipes/rook-release/rook-ceph-cluster/v1.19.5/weirdness-and-mitigations.md
rook-release/rook-ceph-cluster@v1.19.5,hook_status,-,not observed or not applicable in chart facts,data/chart-facts/chart-facts.csv;recipes/rook-release/rook-ceph-cluster/v1.19.5/helm-pain-report.yaml;recipes/rook-release/rook-ceph-cluster/v1.19.5/weirdness-and-mitigations.md
rook-release/rook-ceph-cluster@v1.19.5,generates_secrets,-,not observed or not applicable in chart facts,data/chart-facts/chart-facts.csv;recipes/rook-release/rook-ceph-cluster/v1.19.5/helm-pain-report.yaml;recipes/rook-release/rook-ceph-cluster/v1.19.5/weirdness-and-mitigations.md
rook-release/rook-ceph-cluster@v1.19.5,existing_secret,buildable - not yet run,bring-your-own-secret route status,data/chart-facts/chart-facts.csv;recipes/rook-release/rook-ceph-cluster/v1.19.5/helm-pain-report.yaml;recipes/rook-release/rook-ceph-cluster/v1.19.5/weirdness-and-mitigations.md
rook-release/rook-ceph-cluster@v1.19.5,crds,-,not observed or not applicable in chart facts,data/chart-facts/chart-facts.csv;recipes/rook-release/rook-ceph-cluster/v1.19.5/helm-pain-report.yaml;recipes/rook-release/rook-ceph-cluster/v1.19.5/weirdness-and-mitigations.md
rook-release/rook-ceph-cluster@v1.19.5,no_crds_variant,n/a (no CRDs),CRD ownership route status,data/chart-facts/chart-facts.csv;recipes/rook-release/rook-ceph-cluster/v1.19.5/helm-pain-report.yaml;recipes/rook-release/rook-ceph-cluster/v1.19.5/weirdness-and-mitigations.md
rook-release/rook-ceph-cluster@v1.19.5,webhooks,-,not observed or not applicable in chart facts,data/chart-facts/chart-facts.csv;recipes/rook-release/rook-ceph-cluster/v1.19.5/helm-pain-report.yaml;recipes/rook-release/rook-ceph-cluster/v1.19.5/weirdness-and-mitigations.md
rook-release/rook-ceph-cluster@v1.19.5,required_values,-,not observed or not applicable in chart facts,data/chart-facts/chart-facts.csv;recipes/rook-release/rook-ceph-cluster/v1.19.5/helm-pain-report.yaml;recipes/rook-release/rook-ceph-cluster/v1.19.5/weirdness-and-mitigations.md
rook-release/rook-ceph-cluster@v1.19.5,values_schema,-,not observed or not applicable in chart facts,data/chart-facts/chart-facts.csv;recipes/rook-release/rook-ceph-cluster/v1.19.5/helm-pain-report.yaml;recipes/rook-release/rook-ceph-cluster/v1.19.5/weirdness-and-mitigations.md
rook-release/rook-ceph-cluster@v1.19.5,install_vs_upgrade,-,not observed or not applicable in chart facts,data/chart-facts/chart-facts.csv;recipes/rook-release/rook-ceph-cluster/v1.19.5/helm-pain-report.yaml;recipes/rook-release/rook-ceph-cluster/v1.19.5/weirdness-and-mitigations.md
rook-release/rook-ceph-cluster@v1.19.5,notes,-,not observed or not applicable in chart facts,data/chart-facts/chart-facts.csv;recipes/rook-release/rook-ceph-cluster/v1.19.5/helm-pain-report.yaml;recipes/rook-release/rook-ceph-cluster/v1.19.5/weirdness-and-mitigations.md
rook-release/rook-ceph-cluster@v1.19.5,extension_slots,yes - per-use review,open extension slots require per-use review,data/chart-facts/chart-facts.csv;recipes/rook-release/rook-ceph-cluster/v1.19.5/helm-pain-report.yaml;recipes/rook-release/rook-ceph-cluster/v1.19.5/weirdness-and-mitigations.md
rook-release/rook-ceph-cluster@v1.19.5,buildable_not_yet_run,existing-secret (buildable - not yet run),known build path exists but has not been promoted,data/chart-facts/chart-facts.csv;recipes/rook-release/rook-ceph-cluster/v1.19.5/helm-pain-report.yaml;recipes/rook-release/rook-ceph-cluster/v1.19.5/weirdness-and-mitigations.md
rook-release/rook-ceph-cluster@v1.19.5,not_yet_enabled,- (no open gap: recommended capabilities built or n/a; quirks modeled - Level 2),no hard capability gap recorded,data/chart-facts/chart-facts.csv;recipes/rook-release/rook-ceph-cluster/v1.19.5/helm-pain-report.yaml;recipes/rook-release/rook-ceph-cluster/v1.19.5/weirdness-and-mitigations.md
rook-release/rook-ceph@v1.19.5,post_deploy_hooks,-,not observed or not applicable in chart facts,data/chart-facts/chart-facts.csv;recipes/rook-release/rook-ceph/v1.19.5/helm-pain-report.yaml;recipes/rook-release/rook-ceph/v1.19.5/weirdness-and-mitigations.md
rook-release/rook-ceph@v1.19.5,other_hooks,-,not observed or not applicable in chart facts,data/chart-facts/chart-facts.csv;recipes/rook-release/rook-ceph/v1.19.5/helm-pain-report.yaml;recipes/rook-release/rook-ceph/v1.19.5/weirdness-and-mitigations.md
rook-release/rook-ceph@v1.19.5,hook_status,-,not observed or not applicable in chart facts,data/chart-facts/chart-facts.csv;recipes/rook-release/rook-ceph/v1.19.5/helm-pain-report.yaml;recipes/rook-release/rook-ceph/v1.19.5/weirdness-and-mitigations.md
rook-release/rook-ceph@v1.19.5,generates_secrets,-,not observed or not applicable in chart facts,data/chart-facts/chart-facts.csv;recipes/rook-release/rook-ceph/v1.19.5/helm-pain-report.yaml;recipes/rook-release/rook-ceph/v1.19.5/weirdness-and-mitigations.md
rook-release/rook-ceph@v1.19.5,existing_secret,n/a,bring-your-own-secret route status,data/chart-facts/chart-facts.csv;recipes/rook-release/rook-ceph/v1.19.5/helm-pain-report.yaml;recipes/rook-release/rook-ceph/v1.19.5/weirdness-and-mitigations.md
rook-release/rook-ceph@v1.19.5,crds,present,tracked chart fact,data/chart-facts/chart-facts.csv;recipes/rook-release/rook-ceph/v1.19.5/helm-pain-report.yaml;recipes/rook-release/rook-ceph/v1.19.5/weirdness-and-mitigations.md
rook-release/rook-ceph@v1.19.5,no_crds_variant,"NOT built - template-baked CRDs, no toggle (#114)",CRD ownership route status,data/chart-facts/chart-facts.csv;recipes/rook-release/rook-ceph/v1.19.5/helm-pain-report.yaml;recipes/rook-release/rook-ceph/v1.19.5/weirdness-and-mitigations.md
rook-release/rook-ceph@v1.19.5,webhooks,-,not observed or not applicable in chart facts,data/chart-facts/chart-facts.csv;recipes/rook-release/rook-ceph/v1.19.5/helm-pain-report.yaml;recipes/rook-release/rook-ceph/v1.19.5/weirdness-and-mitigations.md
rook-release/rook-ceph@v1.19.5,required_values,-,not observed or not applicable in chart facts,data/chart-facts/chart-facts.csv;recipes/rook-release/rook-ceph/v1.19.5/helm-pain-report.yaml;recipes/rook-release/rook-ceph/v1.19.5/weirdness-and-mitigations.md
rook-release/rook-ceph@v1.19.5,values_schema,-,not observed or not applicable in chart facts,data/chart-facts/chart-facts.csv;recipes/rook-release/rook-ceph/v1.19.5/helm-pain-report.yaml;recipes/rook-release/rook-ceph/v1.19.5/weirdness-and-mitigations.md
rook-release/rook-ceph@v1.19.5,install_vs_upgrade,-,not observed or not applicable in chart facts,data/chart-facts/chart-facts.csv;recipes/rook-release/rook-ceph/v1.19.5/helm-pain-report.yaml;recipes/rook-release/rook-ceph/v1.19.5/weirdness-and-mitigations.md
rook-release/rook-ceph@v1.19.5,notes,-,not observed or not applicable in chart facts,data/chart-facts/chart-facts.csv;recipes/rook-release/rook-ceph/v1.19.5/helm-pain-report.yaml;recipes/rook-release/rook-ceph/v1.19.5/weirdness-and-mitigations.md
rook-release/rook-ceph@v1.19.5,extension_slots,-,not observed or not applicable in chart facts,data/chart-facts/chart-facts.csv;recipes/rook-release/rook-ceph/v1.19.5/helm-pain-report.yaml;recipes/rook-release/rook-ceph/v1.19.5/weirdness-and-mitigations.md
rook-release/rook-ceph@v1.19.5,buildable_not_yet_run,-,not observed or not applicable in chart facts,data/chart-facts/chart-facts.csv;recipes/rook-release/rook-ceph/v1.19.5/helm-pain-report.yaml;recipes/rook-release/rook-ceph/v1.19.5/weirdness-and-mitigations.md
rook-release/rook-ceph@v1.19.5,not_yet_enabled,"no-crds (template-baked CRDs, no toggle - #114)",hard gap or curated proof lane remains,data/chart-facts/chart-facts.csv;recipes/rook-release/rook-ceph/v1.19.5/helm-pain-report.yaml;recipes/rook-release/rook-ceph/v1.19.5/weirdness-and-mitigations.md
runix/pgadmin4@1.62.0,post_deploy_hooks,-,not observed or not applicable in chart facts,data/chart-facts/chart-facts.csv;recipes/runix/pgadmin4/1.62.0/helm-pain-report.yaml;recipes/runix/pgadmin4/1.62.0/weirdness-and-mitigations.md
runix/pgadmin4@1.62.0,other_hooks,-,not observed or not applicable in chart facts,data/chart-facts/chart-facts.csv;recipes/runix/pgadmin4/1.62.0/helm-pain-report.yaml;recipes/runix/pgadmin4/1.62.0/weirdness-and-mitigations.md
runix/pgadmin4@1.62.0,hook_status,-,not observed or not applicable in chart facts,data/chart-facts/chart-facts.csv;recipes/runix/pgadmin4/1.62.0/helm-pain-report.yaml;recipes/runix/pgadmin4/1.62.0/weirdness-and-mitigations.md
runix/pgadmin4@1.62.0,generates_secrets,-,not observed or not applicable in chart facts,data/chart-facts/chart-facts.csv;recipes/runix/pgadmin4/1.62.0/helm-pain-report.yaml;recipes/runix/pgadmin4/1.62.0/weirdness-and-mitigations.md
runix/pgadmin4@1.62.0,existing_secret,buildable - not yet run,bring-your-own-secret route status,data/chart-facts/chart-facts.csv;recipes/runix/pgadmin4/1.62.0/helm-pain-report.yaml;recipes/runix/pgadmin4/1.62.0/weirdness-and-mitigations.md
runix/pgadmin4@1.62.0,crds,-,not observed or not applicable in chart facts,data/chart-facts/chart-facts.csv;recipes/runix/pgadmin4/1.62.0/helm-pain-report.yaml;recipes/runix/pgadmin4/1.62.0/weirdness-and-mitigations.md
runix/pgadmin4@1.62.0,no_crds_variant,n/a (no CRDs),CRD ownership route status,data/chart-facts/chart-facts.csv;recipes/runix/pgadmin4/1.62.0/helm-pain-report.yaml;recipes/runix/pgadmin4/1.62.0/weirdness-and-mitigations.md
runix/pgadmin4@1.62.0,webhooks,-,not observed or not applicable in chart facts,data/chart-facts/chart-facts.csv;recipes/runix/pgadmin4/1.62.0/helm-pain-report.yaml;recipes/runix/pgadmin4/1.62.0/weirdness-and-mitigations.md
runix/pgadmin4@1.62.0,required_values,yes - mandatory inputs (required/fail),tracked chart fact,data/chart-facts/chart-facts.csv;recipes/runix/pgadmin4/1.62.0/helm-pain-report.yaml;recipes/runix/pgadmin4/1.62.0/weirdness-and-mitigations.md
runix/pgadmin4@1.62.0,values_schema,-,not observed or not applicable in chart facts,data/chart-facts/chart-facts.csv;recipes/runix/pgadmin4/1.62.0/helm-pain-report.yaml;recipes/runix/pgadmin4/1.62.0/weirdness-and-mitigations.md
runix/pgadmin4@1.62.0,install_vs_upgrade,-,not observed or not applicable in chart facts,data/chart-facts/chart-facts.csv;recipes/runix/pgadmin4/1.62.0/helm-pain-report.yaml;recipes/runix/pgadmin4/1.62.0/weirdness-and-mitigations.md
runix/pgadmin4@1.62.0,notes,yes - NOTES.txt,tracked chart fact,data/chart-facts/chart-facts.csv;recipes/runix/pgadmin4/1.62.0/helm-pain-report.yaml;recipes/runix/pgadmin4/1.62.0/weirdness-and-mitigations.md
runix/pgadmin4@1.62.0,extension_slots,yes - per-use review,open extension slots require per-use review,data/chart-facts/chart-facts.csv;recipes/runix/pgadmin4/1.62.0/helm-pain-report.yaml;recipes/runix/pgadmin4/1.62.0/weirdness-and-mitigations.md
runix/pgadmin4@1.62.0,buildable_not_yet_run,existing-secret (buildable - not yet run),known build path exists but has not been promoted,data/chart-facts/chart-facts.csv;recipes/runix/pgadmin4/1.62.0/helm-pain-report.yaml;recipes/runix/pgadmin4/1.62.0/weirdness-and-mitigations.md
runix/pgadmin4@1.62.0,not_yet_enabled,- (no open gap: recommended capabilities built or n/a; quirks modeled - Level 2),no hard capability gap recorded,data/chart-facts/chart-facts.csv;recipes/runix/pgadmin4/1.62.0/helm-pain-report.yaml;recipes/runix/pgadmin4/1.62.0/weirdness-and-mitigations.md
sealed-secrets/sealed-secrets@2.18.6,post_deploy_hooks,-,not observed or not applicable in chart facts,data/chart-facts/chart-facts.csv;recipes/sealed-secrets/sealed-secrets/2.18.6/helm-pain-report.yaml;recipes/sealed-secrets/sealed-secrets/2.18.6/weirdness-and-mitigations.md
sealed-secrets/sealed-secrets@2.18.6,other_hooks,-,not observed or not applicable in chart facts,data/chart-facts/chart-facts.csv;recipes/sealed-secrets/sealed-secrets/2.18.6/helm-pain-report.yaml;recipes/sealed-secrets/sealed-secrets/2.18.6/weirdness-and-mitigations.md
sealed-secrets/sealed-secrets@2.18.6,hook_status,-,not observed or not applicable in chart facts,data/chart-facts/chart-facts.csv;recipes/sealed-secrets/sealed-secrets/2.18.6/helm-pain-report.yaml;recipes/sealed-secrets/sealed-secrets/2.18.6/weirdness-and-mitigations.md
sealed-secrets/sealed-secrets@2.18.6,generates_secrets,-,not observed or not applicable in chart facts,data/chart-facts/chart-facts.csv;recipes/sealed-secrets/sealed-secrets/2.18.6/helm-pain-report.yaml;recipes/sealed-secrets/sealed-secrets/2.18.6/weirdness-and-mitigations.md
sealed-secrets/sealed-secrets@2.18.6,existing_secret,buildable - not yet run,bring-your-own-secret route status,data/chart-facts/chart-facts.csv;recipes/sealed-secrets/sealed-secrets/2.18.6/helm-pain-report.yaml;recipes/sealed-secrets/sealed-secrets/2.18.6/weirdness-and-mitigations.md
sealed-secrets/sealed-secrets@2.18.6,crds,present,tracked chart fact,data/chart-facts/chart-facts.csv;recipes/sealed-secrets/sealed-secrets/2.18.6/helm-pain-report.yaml;recipes/sealed-secrets/sealed-secrets/2.18.6/weirdness-and-mitigations.md
sealed-secrets/sealed-secrets@2.18.6,no_crds_variant,built,CRD ownership route status,data/chart-facts/chart-facts.csv;recipes/sealed-secrets/sealed-secrets/2.18.6/helm-pain-report.yaml;recipes/sealed-secrets/sealed-secrets/2.18.6/weirdness-and-mitigations.md
sealed-secrets/sealed-secrets@2.18.6,webhooks,-,not observed or not applicable in chart facts,data/chart-facts/chart-facts.csv;recipes/sealed-secrets/sealed-secrets/2.18.6/helm-pain-report.yaml;recipes/sealed-secrets/sealed-secrets/2.18.6/weirdness-and-mitigations.md
sealed-secrets/sealed-secrets@2.18.6,required_values,-,not observed or not applicable in chart facts,data/chart-facts/chart-facts.csv;recipes/sealed-secrets/sealed-secrets/2.18.6/helm-pain-report.yaml;recipes/sealed-secrets/sealed-secrets/2.18.6/weirdness-and-mitigations.md
sealed-secrets/sealed-secrets@2.18.6,values_schema,-,not observed or not applicable in chart facts,data/chart-facts/chart-facts.csv;recipes/sealed-secrets/sealed-secrets/2.18.6/helm-pain-report.yaml;recipes/sealed-secrets/sealed-secrets/2.18.6/weirdness-and-mitigations.md
sealed-secrets/sealed-secrets@2.18.6,install_vs_upgrade,-,not observed or not applicable in chart facts,data/chart-facts/chart-facts.csv;recipes/sealed-secrets/sealed-secrets/2.18.6/helm-pain-report.yaml;recipes/sealed-secrets/sealed-secrets/2.18.6/weirdness-and-mitigations.md
sealed-secrets/sealed-secrets@2.18.6,notes,-,not observed or not applicable in chart facts,data/chart-facts/chart-facts.csv;recipes/sealed-secrets/sealed-secrets/2.18.6/helm-pain-report.yaml;recipes/sealed-secrets/sealed-secrets/2.18.6/weirdness-and-mitigations.md
sealed-secrets/sealed-secrets@2.18.6,extension_slots,yes - per-use review,open extension slots require per-use review,data/chart-facts/chart-facts.csv;recipes/sealed-secrets/sealed-secrets/2.18.6/helm-pain-report.yaml;recipes/sealed-secrets/sealed-secrets/2.18.6/weirdness-and-mitigations.md
sealed-secrets/sealed-secrets@2.18.6,buildable_not_yet_run,existing-secret (buildable - not yet run),known build path exists but has not been promoted,data/chart-facts/chart-facts.csv;recipes/sealed-secrets/sealed-secrets/2.18.6/helm-pain-report.yaml;recipes/sealed-secrets/sealed-secrets/2.18.6/weirdness-and-mitigations.md
sealed-secrets/sealed-secrets@2.18.6,not_yet_enabled,- (no open gap: recommended capabilities built or n/a; quirks modeled - Level 2),no hard capability gap recorded,data/chart-facts/chart-facts.csv;recipes/sealed-secrets/sealed-secrets/2.18.6/helm-pain-report.yaml;recipes/sealed-secrets/sealed-secrets/2.18.6/weirdness-and-mitigations.md
secrets-store-csi-driver/secrets-store-csi-driver@1.6.0,post_deploy_hooks,-,not observed or not applicable in chart facts,data/chart-facts/chart-facts.csv;recipes/secrets-store-csi-driver/secrets-store-csi-driver/1.6.0/helm-pain-report.yaml;recipes/secrets-store-csi-driver/secrets-store-csi-driver/1.6.0/weirdness-and-mitigations.md
secrets-store-csi-driver/secrets-store-csi-driver@1.6.0,other_hooks,-,not observed or not applicable in chart facts,data/chart-facts/chart-facts.csv;recipes/secrets-store-csi-driver/secrets-store-csi-driver/1.6.0/helm-pain-report.yaml;recipes/secrets-store-csi-driver/secrets-store-csi-driver/1.6.0/weirdness-and-mitigations.md
secrets-store-csi-driver/secrets-store-csi-driver@1.6.0,hook_status,-,not observed or not applicable in chart facts,data/chart-facts/chart-facts.csv;recipes/secrets-store-csi-driver/secrets-store-csi-driver/1.6.0/helm-pain-report.yaml;recipes/secrets-store-csi-driver/secrets-store-csi-driver/1.6.0/weirdness-and-mitigations.md
secrets-store-csi-driver/secrets-store-csi-driver@1.6.0,generates_secrets,-,not observed or not applicable in chart facts,data/chart-facts/chart-facts.csv;recipes/secrets-store-csi-driver/secrets-store-csi-driver/1.6.0/helm-pain-report.yaml;recipes/secrets-store-csi-driver/secrets-store-csi-driver/1.6.0/weirdness-and-mitigations.md
secrets-store-csi-driver/secrets-store-csi-driver@1.6.0,existing_secret,n/a,bring-your-own-secret route status,data/chart-facts/chart-facts.csv;recipes/secrets-store-csi-driver/secrets-store-csi-driver/1.6.0/helm-pain-report.yaml;recipes/secrets-store-csi-driver/secrets-store-csi-driver/1.6.0/weirdness-and-mitigations.md
secrets-store-csi-driver/secrets-store-csi-driver@1.6.0,crds,-,not observed or not applicable in chart facts,data/chart-facts/chart-facts.csv;recipes/secrets-store-csi-driver/secrets-store-csi-driver/1.6.0/helm-pain-report.yaml;recipes/secrets-store-csi-driver/secrets-store-csi-driver/1.6.0/weirdness-and-mitigations.md
secrets-store-csi-driver/secrets-store-csi-driver@1.6.0,no_crds_variant,buildable - not yet run,CRD ownership route status,data/chart-facts/chart-facts.csv;recipes/secrets-store-csi-driver/secrets-store-csi-driver/1.6.0/helm-pain-report.yaml;recipes/secrets-store-csi-driver/secrets-store-csi-driver/1.6.0/weirdness-and-mitigations.md
secrets-store-csi-driver/secrets-store-csi-driver@1.6.0,webhooks,-,not observed or not applicable in chart facts,data/chart-facts/chart-facts.csv;recipes/secrets-store-csi-driver/secrets-store-csi-driver/1.6.0/helm-pain-report.yaml;recipes/secrets-store-csi-driver/secrets-store-csi-driver/1.6.0/weirdness-and-mitigations.md
secrets-store-csi-driver/secrets-store-csi-driver@1.6.0,required_values,-,not observed or not applicable in chart facts,data/chart-facts/chart-facts.csv;recipes/secrets-store-csi-driver/secrets-store-csi-driver/1.6.0/helm-pain-report.yaml;recipes/secrets-store-csi-driver/secrets-store-csi-driver/1.6.0/weirdness-and-mitigations.md
secrets-store-csi-driver/secrets-store-csi-driver@1.6.0,values_schema,-,not observed or not applicable in chart facts,data/chart-facts/chart-facts.csv;recipes/secrets-store-csi-driver/secrets-store-csi-driver/1.6.0/helm-pain-report.yaml;recipes/secrets-store-csi-driver/secrets-store-csi-driver/1.6.0/weirdness-and-mitigations.md
secrets-store-csi-driver/secrets-store-csi-driver@1.6.0,install_vs_upgrade,-,not observed or not applicable in chart facts,data/chart-facts/chart-facts.csv;recipes/secrets-store-csi-driver/secrets-store-csi-driver/1.6.0/helm-pain-report.yaml;recipes/secrets-store-csi-driver/secrets-store-csi-driver/1.6.0/weirdness-and-mitigations.md
secrets-store-csi-driver/secrets-store-csi-driver@1.6.0,notes,-,not observed or not applicable in chart facts,data/chart-facts/chart-facts.csv;recipes/secrets-store-csi-driver/secrets-store-csi-driver/1.6.0/helm-pain-report.yaml;recipes/secrets-store-csi-driver/secrets-store-csi-driver/1.6.0/weirdness-and-mitigations.md
secrets-store-csi-driver/secrets-store-csi-driver@1.6.0,extension_slots,yes - per-use review,open extension slots require per-use review,data/chart-facts/chart-facts.csv;recipes/secrets-store-csi-driver/secrets-store-csi-driver/1.6.0/helm-pain-report.yaml;recipes/secrets-store-csi-driver/secrets-store-csi-driver/1.6.0/weirdness-and-mitigations.md
secrets-store-csi-driver/secrets-store-csi-driver@1.6.0,buildable_not_yet_run,no-crds (buildable - not yet run),known build path exists but has not been promoted,data/chart-facts/chart-facts.csv;recipes/secrets-store-csi-driver/secrets-store-csi-driver/1.6.0/helm-pain-report.yaml;recipes/secrets-store-csi-driver/secrets-store-csi-driver/1.6.0/weirdness-and-mitigations.md
secrets-store-csi-driver/secrets-store-csi-driver@1.6.0,not_yet_enabled,- (no open gap: recommended capabilities built or n/a; quirks modeled - Level 2),no hard capability gap recorded,data/chart-facts/chart-facts.csv;recipes/secrets-store-csi-driver/secrets-store-csi-driver/1.6.0/helm-pain-report.yaml;recipes/secrets-store-csi-driver/secrets-store-csi-driver/1.6.0/weirdness-and-mitigations.md
stakater/reloader@2.2.12,post_deploy_hooks,-,not observed or not applicable in chart facts,data/chart-facts/chart-facts.csv;recipes/stakater/reloader/2.2.12/helm-pain-report.yaml;recipes/stakater/reloader/2.2.12/weirdness-and-mitigations.md
stakater/reloader@2.2.12,other_hooks,-,not observed or not applicable in chart facts,data/chart-facts/chart-facts.csv;recipes/stakater/reloader/2.2.12/helm-pain-report.yaml;recipes/stakater/reloader/2.2.12/weirdness-and-mitigations.md
stakater/reloader@2.2.12,hook_status,-,not observed or not applicable in chart facts,data/chart-facts/chart-facts.csv;recipes/stakater/reloader/2.2.12/helm-pain-report.yaml;recipes/stakater/reloader/2.2.12/weirdness-and-mitigations.md
stakater/reloader@2.2.12,generates_secrets,-,not observed or not applicable in chart facts,data/chart-facts/chart-facts.csv;recipes/stakater/reloader/2.2.12/helm-pain-report.yaml;recipes/stakater/reloader/2.2.12/weirdness-and-mitigations.md
stakater/reloader@2.2.12,existing_secret,n/a,bring-your-own-secret route status,data/chart-facts/chart-facts.csv;recipes/stakater/reloader/2.2.12/helm-pain-report.yaml;recipes/stakater/reloader/2.2.12/weirdness-and-mitigations.md
stakater/reloader@2.2.12,crds,-,not observed or not applicable in chart facts,data/chart-facts/chart-facts.csv;recipes/stakater/reloader/2.2.12/helm-pain-report.yaml;recipes/stakater/reloader/2.2.12/weirdness-and-mitigations.md
stakater/reloader@2.2.12,no_crds_variant,n/a (no CRDs),CRD ownership route status,data/chart-facts/chart-facts.csv;recipes/stakater/reloader/2.2.12/helm-pain-report.yaml;recipes/stakater/reloader/2.2.12/weirdness-and-mitigations.md
stakater/reloader@2.2.12,webhooks,-,not observed or not applicable in chart facts,data/chart-facts/chart-facts.csv;recipes/stakater/reloader/2.2.12/helm-pain-report.yaml;recipes/stakater/reloader/2.2.12/weirdness-and-mitigations.md
stakater/reloader@2.2.12,required_values,-,not observed or not applicable in chart facts,data/chart-facts/chart-facts.csv;recipes/stakater/reloader/2.2.12/helm-pain-report.yaml;recipes/stakater/reloader/2.2.12/weirdness-and-mitigations.md
stakater/reloader@2.2.12,values_schema,yes - values.schema.json,tracked chart fact,data/chart-facts/chart-facts.csv;recipes/stakater/reloader/2.2.12/helm-pain-report.yaml;recipes/stakater/reloader/2.2.12/weirdness-and-mitigations.md
stakater/reloader@2.2.12,install_vs_upgrade,-,not observed or not applicable in chart facts,data/chart-facts/chart-facts.csv;recipes/stakater/reloader/2.2.12/helm-pain-report.yaml;recipes/stakater/reloader/2.2.12/weirdness-and-mitigations.md
stakater/reloader@2.2.12,notes,yes - NOTES.txt,tracked chart fact,data/chart-facts/chart-facts.csv;recipes/stakater/reloader/2.2.12/helm-pain-report.yaml;recipes/stakater/reloader/2.2.12/weirdness-and-mitigations.md
stakater/reloader@2.2.12,extension_slots,yes - per-use review,open extension slots require per-use review,data/chart-facts/chart-facts.csv;recipes/stakater/reloader/2.2.12/helm-pain-report.yaml;recipes/stakater/reloader/2.2.12/weirdness-and-mitigations.md
stakater/reloader@2.2.12,buildable_not_yet_run,-,not observed or not applicable in chart facts,data/chart-facts/chart-facts.csv;recipes/stakater/reloader/2.2.12/helm-pain-report.yaml;recipes/stakater/reloader/2.2.12/weirdness-and-mitigations.md
stakater/reloader@2.2.12,not_yet_enabled,- (no open gap: recommended capabilities built or n/a; quirks modeled - Level 2),no hard capability gap recorded,data/chart-facts/chart-facts.csv;recipes/stakater/reloader/2.2.12/helm-pain-report.yaml;recipes/stakater/reloader/2.2.12/weirdness-and-mitigations.md
strimzi/strimzi-kafka-operator@1.0.0,post_deploy_hooks,-,not observed or not applicable in chart facts,data/chart-facts/chart-facts.csv;recipes/strimzi/strimzi-kafka-operator/1.0.0/helm-pain-report.yaml;recipes/strimzi/strimzi-kafka-operator/1.0.0/weirdness-and-mitigations.md
strimzi/strimzi-kafka-operator@1.0.0,other_hooks,-,not observed or not applicable in chart facts,data/chart-facts/chart-facts.csv;recipes/strimzi/strimzi-kafka-operator/1.0.0/helm-pain-report.yaml;recipes/strimzi/strimzi-kafka-operator/1.0.0/weirdness-and-mitigations.md
strimzi/strimzi-kafka-operator@1.0.0,hook_status,-,not observed or not applicable in chart facts,data/chart-facts/chart-facts.csv;recipes/strimzi/strimzi-kafka-operator/1.0.0/helm-pain-report.yaml;recipes/strimzi/strimzi-kafka-operator/1.0.0/weirdness-and-mitigations.md
strimzi/strimzi-kafka-operator@1.0.0,generates_secrets,-,not observed or not applicable in chart facts,data/chart-facts/chart-facts.csv;recipes/strimzi/strimzi-kafka-operator/1.0.0/helm-pain-report.yaml;recipes/strimzi/strimzi-kafka-operator/1.0.0/weirdness-and-mitigations.md
strimzi/strimzi-kafka-operator@1.0.0,existing_secret,n/a,bring-your-own-secret route status,data/chart-facts/chart-facts.csv;recipes/strimzi/strimzi-kafka-operator/1.0.0/helm-pain-report.yaml;recipes/strimzi/strimzi-kafka-operator/1.0.0/weirdness-and-mitigations.md
strimzi/strimzi-kafka-operator@1.0.0,crds,present,CRDs are present; count 10; raw count is in chart-facts.csv,data/chart-facts/chart-facts.csv;recipes/strimzi/strimzi-kafka-operator/1.0.0/helm-pain-report.yaml;recipes/strimzi/strimzi-kafka-operator/1.0.0/weirdness-and-mitigations.md
strimzi/strimzi-kafka-operator@1.0.0,no_crds_variant,built,CRD ownership route status,data/chart-facts/chart-facts.csv;recipes/strimzi/strimzi-kafka-operator/1.0.0/helm-pain-report.yaml;recipes/strimzi/strimzi-kafka-operator/1.0.0/weirdness-and-mitigations.md
strimzi/strimzi-kafka-operator@1.0.0,webhooks,-,not observed or not applicable in chart facts,data/chart-facts/chart-facts.csv;recipes/strimzi/strimzi-kafka-operator/1.0.0/helm-pain-report.yaml;recipes/strimzi/strimzi-kafka-operator/1.0.0/weirdness-and-mitigations.md
strimzi/strimzi-kafka-operator@1.0.0,required_values,-,not observed or not applicable in chart facts,data/chart-facts/chart-facts.csv;recipes/strimzi/strimzi-kafka-operator/1.0.0/helm-pain-report.yaml;recipes/strimzi/strimzi-kafka-operator/1.0.0/weirdness-and-mitigations.md
strimzi/strimzi-kafka-operator@1.0.0,values_schema,-,not observed or not applicable in chart facts,data/chart-facts/chart-facts.csv;recipes/strimzi/strimzi-kafka-operator/1.0.0/helm-pain-report.yaml;recipes/strimzi/strimzi-kafka-operator/1.0.0/weirdness-and-mitigations.md
strimzi/strimzi-kafka-operator@1.0.0,install_vs_upgrade,-,not observed or not applicable in chart facts,data/chart-facts/chart-facts.csv;recipes/strimzi/strimzi-kafka-operator/1.0.0/helm-pain-report.yaml;recipes/strimzi/strimzi-kafka-operator/1.0.0/weirdness-and-mitigations.md
strimzi/strimzi-kafka-operator@1.0.0,notes,yes - NOTES.txt,tracked chart fact,data/chart-facts/chart-facts.csv;recipes/strimzi/strimzi-kafka-operator/1.0.0/helm-pain-report.yaml;recipes/strimzi/strimzi-kafka-operator/1.0.0/weirdness-and-mitigations.md
strimzi/strimzi-kafka-operator@1.0.0,extension_slots,yes - per-use review,open extension slots require per-use review,data/chart-facts/chart-facts.csv;recipes/strimzi/strimzi-kafka-operator/1.0.0/helm-pain-report.yaml;recipes/strimzi/strimzi-kafka-operator/1.0.0/weirdness-and-mitigations.md
strimzi/strimzi-kafka-operator@1.0.0,buildable_not_yet_run,-,not observed or not applicable in chart facts,data/chart-facts/chart-facts.csv;recipes/strimzi/strimzi-kafka-operator/1.0.0/helm-pain-report.yaml;recipes/strimzi/strimzi-kafka-operator/1.0.0/weirdness-and-mitigations.md
strimzi/strimzi-kafka-operator@1.0.0,not_yet_enabled,- (no open gap: recommended capabilities built or n/a; quirks modeled - Level 2),no hard capability gap recorded,data/chart-facts/chart-facts.csv;recipes/strimzi/strimzi-kafka-operator/1.0.0/helm-pain-report.yaml;recipes/strimzi/strimzi-kafka-operator/1.0.0/weirdness-and-mitigations.md
traefik/traefik@40.2.0,post_deploy_hooks,-,not observed or not applicable in chart facts,data/chart-facts/chart-facts.csv;recipes/traefik/traefik/40.2.0/helm-pain-report.yaml;recipes/traefik/traefik/40.2.0/weirdness-and-mitigations.md
traefik/traefik@40.2.0,other_hooks,-,not observed or not applicable in chart facts,data/chart-facts/chart-facts.csv;recipes/traefik/traefik/40.2.0/helm-pain-report.yaml;recipes/traefik/traefik/40.2.0/weirdness-and-mitigations.md
traefik/traefik@40.2.0,hook_status,-,not observed or not applicable in chart facts,data/chart-facts/chart-facts.csv;recipes/traefik/traefik/40.2.0/helm-pain-report.yaml;recipes/traefik/traefik/40.2.0/weirdness-and-mitigations.md
traefik/traefik@40.2.0,generates_secrets,yes,tracked chart fact,data/chart-facts/chart-facts.csv;recipes/traefik/traefik/40.2.0/helm-pain-report.yaml;recipes/traefik/traefik/40.2.0/weirdness-and-mitigations.md
traefik/traefik@40.2.0,existing_secret,NOT built - chart ships no Secret toggle (#113),bring-your-own-secret route status,data/chart-facts/chart-facts.csv;recipes/traefik/traefik/40.2.0/helm-pain-report.yaml;recipes/traefik/traefik/40.2.0/weirdness-and-mitigations.md
traefik/traefik@40.2.0,crds,present,CRDs are present; count 25; raw count is in chart-facts.csv,data/chart-facts/chart-facts.csv;recipes/traefik/traefik/40.2.0/helm-pain-report.yaml;recipes/traefik/traefik/40.2.0/weirdness-and-mitigations.md
traefik/traefik@40.2.0,no_crds_variant,built,CRD ownership route status,data/chart-facts/chart-facts.csv;recipes/traefik/traefik/40.2.0/helm-pain-report.yaml;recipes/traefik/traefik/40.2.0/weirdness-and-mitigations.md
traefik/traefik@40.2.0,webhooks,present,admission webhooks are present; count 2; raw count is in chart-facts.csv,data/chart-facts/chart-facts.csv;recipes/traefik/traefik/40.2.0/helm-pain-report.yaml;recipes/traefik/traefik/40.2.0/weirdness-and-mitigations.md
traefik/traefik@40.2.0,required_values,yes - mandatory inputs (required/fail),tracked chart fact,data/chart-facts/chart-facts.csv;recipes/traefik/traefik/40.2.0/helm-pain-report.yaml;recipes/traefik/traefik/40.2.0/weirdness-and-mitigations.md
traefik/traefik@40.2.0,values_schema,yes - values.schema.json,tracked chart fact,data/chart-facts/chart-facts.csv;recipes/traefik/traefik/40.2.0/helm-pain-report.yaml;recipes/traefik/traefik/40.2.0/weirdness-and-mitigations.md
traefik/traefik@40.2.0,install_vs_upgrade,-,not observed or not applicable in chart facts,data/chart-facts/chart-facts.csv;recipes/traefik/traefik/40.2.0/helm-pain-report.yaml;recipes/traefik/traefik/40.2.0/weirdness-and-mitigations.md
traefik/traefik@40.2.0,notes,yes - NOTES.txt,tracked chart fact,data/chart-facts/chart-facts.csv;recipes/traefik/traefik/40.2.0/helm-pain-report.yaml;recipes/traefik/traefik/40.2.0/weirdness-and-mitigations.md
traefik/traefik@40.2.0,extension_slots,yes - per-use review,open extension slots require per-use review,data/chart-facts/chart-facts.csv;recipes/traefik/traefik/40.2.0/helm-pain-report.yaml;recipes/traefik/traefik/40.2.0/weirdness-and-mitigations.md
traefik/traefik@40.2.0,buildable_not_yet_run,-,not observed or not applicable in chart facts,data/chart-facts/chart-facts.csv;recipes/traefik/traefik/40.2.0/helm-pain-report.yaml;recipes/traefik/traefik/40.2.0/weirdness-and-mitigations.md
traefik/traefik@40.2.0,not_yet_enabled,existing-secret (chart ships no Secret toggle - #113),hard gap or curated proof lane remains,data/chart-facts/chart-facts.csv;recipes/traefik/traefik/40.2.0/helm-pain-report.yaml;recipes/traefik/traefik/40.2.0/weirdness-and-mitigations.md
velero/velero@12.0.1,post_deploy_hooks,-,not observed or not applicable in chart facts,data/chart-facts/chart-facts.csv;recipes/velero/velero/12.0.1/helm-pain-report.yaml;recipes/velero/velero/12.0.1/weirdness-and-mitigations.md
velero/velero@12.0.1,other_hooks,-,not observed or not applicable in chart facts,data/chart-facts/chart-facts.csv;recipes/velero/velero/12.0.1/helm-pain-report.yaml;recipes/velero/velero/12.0.1/weirdness-and-mitigations.md
velero/velero@12.0.1,hook_status,-,not observed or not applicable in chart facts,data/chart-facts/chart-facts.csv;recipes/velero/velero/12.0.1/helm-pain-report.yaml;recipes/velero/velero/12.0.1/weirdness-and-mitigations.md
velero/velero@12.0.1,generates_secrets,-,not observed or not applicable in chart facts,data/chart-facts/chart-facts.csv;recipes/velero/velero/12.0.1/helm-pain-report.yaml;recipes/velero/velero/12.0.1/weirdness-and-mitigations.md
velero/velero@12.0.1,existing_secret,buildable - not yet run,bring-your-own-secret route status,data/chart-facts/chart-facts.csv;recipes/velero/velero/12.0.1/helm-pain-report.yaml;recipes/velero/velero/12.0.1/weirdness-and-mitigations.md
velero/velero@12.0.1,crds,present,tracked chart fact,data/chart-facts/chart-facts.csv;recipes/velero/velero/12.0.1/helm-pain-report.yaml;recipes/velero/velero/12.0.1/weirdness-and-mitigations.md
velero/velero@12.0.1,no_crds_variant,built,CRD ownership route status,data/chart-facts/chart-facts.csv;recipes/velero/velero/12.0.1/helm-pain-report.yaml;recipes/velero/velero/12.0.1/weirdness-and-mitigations.md
velero/velero@12.0.1,webhooks,-,not observed or not applicable in chart facts,data/chart-facts/chart-facts.csv;recipes/velero/velero/12.0.1/helm-pain-report.yaml;recipes/velero/velero/12.0.1/weirdness-and-mitigations.md
velero/velero@12.0.1,required_values,-,not observed or not applicable in chart facts,data/chart-facts/chart-facts.csv;recipes/velero/velero/12.0.1/helm-pain-report.yaml;recipes/velero/velero/12.0.1/weirdness-and-mitigations.md
velero/velero@12.0.1,values_schema,-,not observed or not applicable in chart facts,data/chart-facts/chart-facts.csv;recipes/velero/velero/12.0.1/helm-pain-report.yaml;recipes/velero/velero/12.0.1/weirdness-and-mitigations.md
velero/velero@12.0.1,install_vs_upgrade,-,not observed or not applicable in chart facts,data/chart-facts/chart-facts.csv;recipes/velero/velero/12.0.1/helm-pain-report.yaml;recipes/velero/velero/12.0.1/weirdness-and-mitigations.md
velero/velero@12.0.1,notes,-,not observed or not applicable in chart facts,data/chart-facts/chart-facts.csv;recipes/velero/velero/12.0.1/helm-pain-report.yaml;recipes/velero/velero/12.0.1/weirdness-and-mitigations.md
velero/velero@12.0.1,extension_slots,yes - per-use review,open extension slots require per-use review,data/chart-facts/chart-facts.csv;recipes/velero/velero/12.0.1/helm-pain-report.yaml;recipes/velero/velero/12.0.1/weirdness-and-mitigations.md
velero/velero@12.0.1,buildable_not_yet_run,existing-secret (buildable - not yet run),known build path exists but has not been promoted,data/chart-facts/chart-facts.csv;recipes/velero/velero/12.0.1/helm-pain-report.yaml;recipes/velero/velero/12.0.1/weirdness-and-mitigations.md
velero/velero@12.0.1,not_yet_enabled,- (no open gap: recommended capabilities built or n/a; quirks modeled - Level 2),no hard capability gap recorded,data/chart-facts/chart-facts.csv;recipes/velero/velero/12.0.1/helm-pain-report.yaml;recipes/velero/velero/12.0.1/weirdness-and-mitigations.md
vm/victoria-logs-single@0.12.5,post_deploy_hooks,-,not observed or not applicable in chart facts,data/chart-facts/chart-facts.csv;recipes/vm/victoria-logs-single/0.12.5/helm-pain-report.yaml;recipes/vm/victoria-logs-single/0.12.5/weirdness-and-mitigations.md
vm/victoria-logs-single@0.12.5,other_hooks,-,not observed or not applicable in chart facts,data/chart-facts/chart-facts.csv;recipes/vm/victoria-logs-single/0.12.5/helm-pain-report.yaml;recipes/vm/victoria-logs-single/0.12.5/weirdness-and-mitigations.md
vm/victoria-logs-single@0.12.5,hook_status,-,not observed or not applicable in chart facts,data/chart-facts/chart-facts.csv;recipes/vm/victoria-logs-single/0.12.5/helm-pain-report.yaml;recipes/vm/victoria-logs-single/0.12.5/weirdness-and-mitigations.md
vm/victoria-logs-single@0.12.5,generates_secrets,-,not observed or not applicable in chart facts,data/chart-facts/chart-facts.csv;recipes/vm/victoria-logs-single/0.12.5/helm-pain-report.yaml;recipes/vm/victoria-logs-single/0.12.5/weirdness-and-mitigations.md
vm/victoria-logs-single@0.12.5,existing_secret,buildable - not yet run,bring-your-own-secret route status,data/chart-facts/chart-facts.csv;recipes/vm/victoria-logs-single/0.12.5/helm-pain-report.yaml;recipes/vm/victoria-logs-single/0.12.5/weirdness-and-mitigations.md
vm/victoria-logs-single@0.12.5,crds,-,not observed or not applicable in chart facts,data/chart-facts/chart-facts.csv;recipes/vm/victoria-logs-single/0.12.5/helm-pain-report.yaml;recipes/vm/victoria-logs-single/0.12.5/weirdness-and-mitigations.md
vm/victoria-logs-single@0.12.5,no_crds_variant,n/a (no CRDs),CRD ownership route status,data/chart-facts/chart-facts.csv;recipes/vm/victoria-logs-single/0.12.5/helm-pain-report.yaml;recipes/vm/victoria-logs-single/0.12.5/weirdness-and-mitigations.md
vm/victoria-logs-single@0.12.5,webhooks,-,not observed or not applicable in chart facts,data/chart-facts/chart-facts.csv;recipes/vm/victoria-logs-single/0.12.5/helm-pain-report.yaml;recipes/vm/victoria-logs-single/0.12.5/weirdness-and-mitigations.md
vm/victoria-logs-single@0.12.5,required_values,-,not observed or not applicable in chart facts,data/chart-facts/chart-facts.csv;recipes/vm/victoria-logs-single/0.12.5/helm-pain-report.yaml;recipes/vm/victoria-logs-single/0.12.5/weirdness-and-mitigations.md
vm/victoria-logs-single@0.12.5,values_schema,-,not observed or not applicable in chart facts,data/chart-facts/chart-facts.csv;recipes/vm/victoria-logs-single/0.12.5/helm-pain-report.yaml;recipes/vm/victoria-logs-single/0.12.5/weirdness-and-mitigations.md
vm/victoria-logs-single@0.12.5,install_vs_upgrade,-,not observed or not applicable in chart facts,data/chart-facts/chart-facts.csv;recipes/vm/victoria-logs-single/0.12.5/helm-pain-report.yaml;recipes/vm/victoria-logs-single/0.12.5/weirdness-and-mitigations.md
vm/victoria-logs-single@0.12.5,notes,-,not observed or not applicable in chart facts,data/chart-facts/chart-facts.csv;recipes/vm/victoria-logs-single/0.12.5/helm-pain-report.yaml;recipes/vm/victoria-logs-single/0.12.5/weirdness-and-mitigations.md
vm/victoria-logs-single@0.12.5,extension_slots,yes - per-use review,open extension slots require per-use review,data/chart-facts/chart-facts.csv;recipes/vm/victoria-logs-single/0.12.5/helm-pain-report.yaml;recipes/vm/victoria-logs-single/0.12.5/weirdness-and-mitigations.md
vm/victoria-logs-single@0.12.5,buildable_not_yet_run,existing-secret (buildable - not yet run),known build path exists but has not been promoted,data/chart-facts/chart-facts.csv;recipes/vm/victoria-logs-single/0.12.5/helm-pain-report.yaml;recipes/vm/victoria-logs-single/0.12.5/weirdness-and-mitigations.md
vm/victoria-logs-single@0.12.5,not_yet_enabled,- (no open gap: recommended capabilities built or n/a; quirks modeled - Level 2),no hard capability gap recorded,data/chart-facts/chart-facts.csv;recipes/vm/victoria-logs-single/0.12.5/helm-pain-report.yaml;recipes/vm/victoria-logs-single/0.12.5/weirdness-and-mitigations.md
vm/victoria-metrics-single@0.39.0,post_deploy_hooks,-,not observed or not applicable in chart facts,data/chart-facts/chart-facts.csv;recipes/vm/victoria-metrics-single/0.39.0/helm-pain-report.yaml;recipes/vm/victoria-metrics-single/0.39.0/weirdness-and-mitigations.md
vm/victoria-metrics-single@0.39.0,other_hooks,-,not observed or not applicable in chart facts,data/chart-facts/chart-facts.csv;recipes/vm/victoria-metrics-single/0.39.0/helm-pain-report.yaml;recipes/vm/victoria-metrics-single/0.39.0/weirdness-and-mitigations.md
vm/victoria-metrics-single@0.39.0,hook_status,-,not observed or not applicable in chart facts,data/chart-facts/chart-facts.csv;recipes/vm/victoria-metrics-single/0.39.0/helm-pain-report.yaml;recipes/vm/victoria-metrics-single/0.39.0/weirdness-and-mitigations.md
vm/victoria-metrics-single@0.39.0,generates_secrets,-,not observed or not applicable in chart facts,data/chart-facts/chart-facts.csv;recipes/vm/victoria-metrics-single/0.39.0/helm-pain-report.yaml;recipes/vm/victoria-metrics-single/0.39.0/weirdness-and-mitigations.md
vm/victoria-metrics-single@0.39.0,existing_secret,n/a,bring-your-own-secret route status,data/chart-facts/chart-facts.csv;recipes/vm/victoria-metrics-single/0.39.0/helm-pain-report.yaml;recipes/vm/victoria-metrics-single/0.39.0/weirdness-and-mitigations.md
vm/victoria-metrics-single@0.39.0,crds,-,not observed or not applicable in chart facts,data/chart-facts/chart-facts.csv;recipes/vm/victoria-metrics-single/0.39.0/helm-pain-report.yaml;recipes/vm/victoria-metrics-single/0.39.0/weirdness-and-mitigations.md
vm/victoria-metrics-single@0.39.0,no_crds_variant,n/a (no CRDs),CRD ownership route status,data/chart-facts/chart-facts.csv;recipes/vm/victoria-metrics-single/0.39.0/helm-pain-report.yaml;recipes/vm/victoria-metrics-single/0.39.0/weirdness-and-mitigations.md
vm/victoria-metrics-single@0.39.0,webhooks,-,not observed or not applicable in chart facts,data/chart-facts/chart-facts.csv;recipes/vm/victoria-metrics-single/0.39.0/helm-pain-report.yaml;recipes/vm/victoria-metrics-single/0.39.0/weirdness-and-mitigations.md
vm/victoria-metrics-single@0.39.0,required_values,-,not observed or not applicable in chart facts,data/chart-facts/chart-facts.csv;recipes/vm/victoria-metrics-single/0.39.0/helm-pain-report.yaml;recipes/vm/victoria-metrics-single/0.39.0/weirdness-and-mitigations.md
vm/victoria-metrics-single@0.39.0,values_schema,-,not observed or not applicable in chart facts,data/chart-facts/chart-facts.csv;recipes/vm/victoria-metrics-single/0.39.0/helm-pain-report.yaml;recipes/vm/victoria-metrics-single/0.39.0/weirdness-and-mitigations.md
vm/victoria-metrics-single@0.39.0,install_vs_upgrade,-,not observed or not applicable in chart facts,data/chart-facts/chart-facts.csv;recipes/vm/victoria-metrics-single/0.39.0/helm-pain-report.yaml;recipes/vm/victoria-metrics-single/0.39.0/weirdness-and-mitigations.md
vm/victoria-metrics-single@0.39.0,notes,-,not observed or not applicable in chart facts,data/chart-facts/chart-facts.csv;recipes/vm/victoria-metrics-single/0.39.0/helm-pain-report.yaml;recipes/vm/victoria-metrics-single/0.39.0/weirdness-and-mitigations.md
vm/victoria-metrics-single@0.39.0,extension_slots,yes - per-use review,open extension slots require per-use review,data/chart-facts/chart-facts.csv;recipes/vm/victoria-metrics-single/0.39.0/helm-pain-report.yaml;recipes/vm/victoria-metrics-single/0.39.0/weirdness-and-mitigations.md
vm/victoria-metrics-single@0.39.0,buildable_not_yet_run,-,not observed or not applicable in chart facts,data/chart-facts/chart-facts.csv;recipes/vm/victoria-metrics-single/0.39.0/helm-pain-report.yaml;recipes/vm/victoria-metrics-single/0.39.0/weirdness-and-mitigations.md
vm/victoria-metrics-single@0.39.0,not_yet_enabled,- (no open gap: recommended capabilities built or n/a; quirks modeled - Level 2),no hard capability gap recorded,data/chart-facts/chart-facts.csv;recipes/vm/victoria-metrics-single/0.39.0/helm-pain-report.yaml;recipes/vm/victoria-metrics-single/0.39.0/weirdness-and-mitigations.md
