chart,version,chart_ref,bucket,catalog_tier,coverage_status,coverage_percent,next_action,owner,a_pinned_version,a_evidence,b_named_base_variant,b_evidence,c_render_parity_receipt,c_evidence,d_pain_and_quirks,d_evidence,e_facts_declared,e_evidence,f_scan_and_disposition,f_evidence,g_live_witness_or_route,g_evidence,h_catalog_and_site,h_evidence
argo-cd/argo-cd,9.5.15,argo-cd/argo-cd@9.5.15,try-from-public-catalog,top20-catalog-supported,covered,100,keep evidence fresh,,pass,recipes/argo-cd/argo-cd/9.5.15/source-lock.yaml,pass,recipes/argo-cd/argo-cd/9.5.15/CATALOG.md,pass,recipes/argo-cd/argo-cd/9.5.15/revisions/default/r001/variant-revision.yaml,pass,recipes/argo-cd/argo-cd/9.5.15/helm-pain-report.yaml;recipes/argo-cd/argo-cd/9.5.15/control-points.yaml;data/outcome-coverage/feature-outcomes.csv,pass,recipes/argo-cd/argo-cd/9.5.15/control-points.yaml;recipes/argo-cd/argo-cd/9.5.15/value-model.yaml;recipes/argo-cd/argo-cd/9.5.15/helm-plan.yaml,pass,recipes/argo-cd/argo-cd/9.5.15/publication/installer-package-receipt.yaml;data/production-disposition/summary.md;data/outcome-coverage/chart-outcomes.csv,pass,data/outcome-coverage/base-outcomes.csv;data/live-kind-parity/summary.md;data/live-helm-confighub-compare/summary.md,pass,recipes/argo-cd/argo-cd/9.5.15/CATALOG.md;site/catalog.json
bitnami/mongodb,19.0.7,bitnami/mongodb@19.0.7,try-from-public-catalog,top20-catalog-supported,covered,100,keep evidence fresh,,pass,recipes/bitnami/mongodb/19.0.7/source-lock.yaml,pass,recipes/bitnami/mongodb/19.0.7/CATALOG.md,pass,recipes/bitnami/mongodb/19.0.7/revisions/existing-secret-replicaset/r001/variant-revision.yaml,pass,recipes/bitnami/mongodb/19.0.7/helm-pain-report.yaml;recipes/bitnami/mongodb/19.0.7/control-points.yaml;data/outcome-coverage/feature-outcomes.csv,pass,recipes/bitnami/mongodb/19.0.7/control-points.yaml;recipes/bitnami/mongodb/19.0.7/value-model.yaml;recipes/bitnami/mongodb/19.0.7/helm-plan.yaml,pass,recipes/bitnami/mongodb/19.0.7/publication/installer-package-receipt.yaml;data/production-disposition/summary.md;data/outcome-coverage/chart-outcomes.csv,pass,data/outcome-coverage/base-outcomes.csv;data/live-kind-parity/summary.md;data/live-helm-confighub-compare/summary.md,pass,recipes/bitnami/mongodb/19.0.7/CATALOG.md;site/catalog.json
bitnami/mysql,14.0.3,bitnami/mysql@14.0.3,try-from-public-catalog,top20-catalog-supported,covered,100,keep evidence fresh,,pass,recipes/bitnami/mysql/14.0.3/source-lock.yaml,pass,recipes/bitnami/mysql/14.0.3/CATALOG.md,pass,recipes/bitnami/mysql/14.0.3/revisions/existing-secret/r001/variant-revision.yaml,pass,recipes/bitnami/mysql/14.0.3/helm-pain-report.yaml;recipes/bitnami/mysql/14.0.3/control-points.yaml;data/outcome-coverage/feature-outcomes.csv,pass,recipes/bitnami/mysql/14.0.3/control-points.yaml;recipes/bitnami/mysql/14.0.3/value-model.yaml;recipes/bitnami/mysql/14.0.3/helm-plan.yaml,pass,recipes/bitnami/mysql/14.0.3/publication/installer-package-receipt.yaml;data/production-disposition/summary.md;data/outcome-coverage/chart-outcomes.csv,pass,data/outcome-coverage/base-outcomes.csv;data/live-kind-parity/summary.md;data/live-helm-confighub-compare/summary.md,pass,recipes/bitnami/mysql/14.0.3/CATALOG.md;site/catalog.json
bitnami/nginx,24.0.2,bitnami/nginx@24.0.2,try-from-public-catalog,top20-catalog-supported,covered,100,keep evidence fresh,,pass,recipes/bitnami/nginx/24.0.2/source-lock.yaml,pass,recipes/bitnami/nginx/24.0.2/CATALOG.md,pass,recipes/bitnami/nginx/24.0.2/revisions/existing-tls-ingress/r001/variant-revision.yaml,pass,recipes/bitnami/nginx/24.0.2/helm-pain-report.yaml;recipes/bitnami/nginx/24.0.2/control-points.yaml;data/outcome-coverage/feature-outcomes.csv,pass,recipes/bitnami/nginx/24.0.2/control-points.yaml;recipes/bitnami/nginx/24.0.2/value-model.yaml;recipes/bitnami/nginx/24.0.2/helm-plan.yaml,pass,recipes/bitnami/nginx/24.0.2/publication/installer-package-receipt.yaml;data/production-disposition/summary.md;data/outcome-coverage/chart-outcomes.csv,pass,data/outcome-coverage/base-outcomes.csv;data/live-kind-parity/summary.md;data/live-helm-confighub-compare/summary.md,pass,recipes/bitnami/nginx/24.0.2/CATALOG.md;site/catalog.json
bitnami/postgresql,18.6.7,bitnami/postgresql@18.6.7,try-from-public-catalog,top20-catalog-supported,covered,100,keep evidence fresh,,pass,recipes/bitnami/postgresql/18.6.7/source-lock.yaml,pass,recipes/bitnami/postgresql/18.6.7/CATALOG.md,pass,recipes/bitnami/postgresql/18.6.7/revisions/existing-secret/r001/variant-revision.yaml,pass,recipes/bitnami/postgresql/18.6.7/helm-pain-report.yaml;recipes/bitnami/postgresql/18.6.7/control-points.yaml;data/outcome-coverage/feature-outcomes.csv,pass,recipes/bitnami/postgresql/18.6.7/control-points.yaml;recipes/bitnami/postgresql/18.6.7/value-model.yaml;recipes/bitnami/postgresql/18.6.7/helm-plan.yaml,pass,recipes/bitnami/postgresql/18.6.7/publication/installer-package-receipt.yaml;data/production-disposition/summary.md;data/outcome-coverage/chart-outcomes.csv,pass,data/outcome-coverage/base-outcomes.csv;data/live-kind-parity/summary.md;data/live-helm-confighub-compare/summary.md,pass,recipes/bitnami/postgresql/18.6.7/CATALOG.md;site/catalog.json
bitnami/rabbitmq,16.0.14,bitnami/rabbitmq@16.0.14,try-from-public-catalog,top20-catalog-supported,covered,100,keep evidence fresh,,pass,recipes/bitnami/rabbitmq/16.0.14/source-lock.yaml,pass,recipes/bitnami/rabbitmq/16.0.14/CATALOG.md,pass,recipes/bitnami/rabbitmq/16.0.14/revisions/existing-secret/r001/variant-revision.yaml,pass,recipes/bitnami/rabbitmq/16.0.14/helm-pain-report.yaml;recipes/bitnami/rabbitmq/16.0.14/control-points.yaml;data/outcome-coverage/feature-outcomes.csv,pass,recipes/bitnami/rabbitmq/16.0.14/control-points.yaml;recipes/bitnami/rabbitmq/16.0.14/value-model.yaml;recipes/bitnami/rabbitmq/16.0.14/helm-plan.yaml,pass,recipes/bitnami/rabbitmq/16.0.14/publication/installer-package-receipt.yaml;data/production-disposition/summary.md;data/outcome-coverage/chart-outcomes.csv,pass,data/outcome-coverage/base-outcomes.csv;data/live-kind-parity/summary.md;data/live-helm-confighub-compare/summary.md,pass,recipes/bitnami/rabbitmq/16.0.14/CATALOG.md;site/catalog.json
bitnami/redis,25.5.3,bitnami/redis@25.5.3,try-from-public-catalog,top20-catalog-supported,covered,100,keep evidence fresh,,pass,recipes/bitnami/redis/25.5.3/source-lock.yaml,pass,recipes/bitnami/redis/25.5.3/CATALOG.md,pass,recipes/bitnami/redis/25.5.3/revisions/default/r001/variant-revision.yaml,pass,recipes/bitnami/redis/25.5.3/helm-pain-report.yaml;recipes/bitnami/redis/25.5.3/control-points.yaml;data/outcome-coverage/feature-outcomes.csv,pass,recipes/bitnami/redis/25.5.3/control-points.yaml;recipes/bitnami/redis/25.5.3/value-model.yaml;recipes/bitnami/redis/25.5.3/helm-plan.yaml,pass,recipes/bitnami/redis/25.5.3/publication/installer-package-receipt.yaml;data/production-disposition/summary.md;data/outcome-coverage/chart-outcomes.csv,pass,data/outcome-coverage/base-outcomes.csv;data/live-kind-parity/summary.md;data/live-helm-confighub-compare/summary.md,pass,recipes/bitnami/redis/25.5.3/CATALOG.md;site/catalog.json
external-secrets/external-secrets,2.5.0,external-secrets/external-secrets@2.5.0,try-from-public-catalog,top20-catalog-supported,covered,100,keep evidence fresh,,pass,recipes/external-secrets/external-secrets/2.5.0/source-lock.yaml,pass,recipes/external-secrets/external-secrets/2.5.0/CATALOG.md,pass,recipes/external-secrets/external-secrets/2.5.0/revisions/default/r001/variant-revision.yaml,pass,recipes/external-secrets/external-secrets/2.5.0/helm-pain-report.yaml;recipes/external-secrets/external-secrets/2.5.0/control-points.yaml;data/outcome-coverage/feature-outcomes.csv,pass,recipes/external-secrets/external-secrets/2.5.0/control-points.yaml;recipes/external-secrets/external-secrets/2.5.0/value-model.yaml;recipes/external-secrets/external-secrets/2.5.0/helm-plan.yaml,pass,recipes/external-secrets/external-secrets/2.5.0/publication/installer-package-receipt.yaml;data/production-disposition/summary.md;data/outcome-coverage/chart-outcomes.csv,pass,data/outcome-coverage/base-outcomes.csv;data/live-kind-parity/summary.md;data/live-helm-confighub-compare/summary.md,pass,recipes/external-secrets/external-secrets/2.5.0/CATALOG.md;site/catalog.json
grafana/grafana,10.5.15,grafana/grafana@10.5.15,try-from-public-catalog,top20-catalog-supported,covered,100,keep evidence fresh,,pass,recipes/grafana/grafana/10.5.15/source-lock.yaml,pass,recipes/grafana/grafana/10.5.15/CATALOG.md,pass,recipes/grafana/grafana/10.5.15/revisions/existing-secret-ingress/r001/variant-revision.yaml,pass,recipes/grafana/grafana/10.5.15/helm-pain-report.yaml;recipes/grafana/grafana/10.5.15/control-points.yaml;data/outcome-coverage/feature-outcomes.csv,pass,recipes/grafana/grafana/10.5.15/control-points.yaml;recipes/grafana/grafana/10.5.15/value-model.yaml;recipes/grafana/grafana/10.5.15/helm-plan.yaml,pass,recipes/grafana/grafana/10.5.15/publication/installer-package-receipt.yaml;data/production-disposition/summary.md;data/outcome-coverage/chart-outcomes.csv,pass,data/outcome-coverage/base-outcomes.csv;data/live-kind-parity/summary.md;data/live-helm-confighub-compare/summary.md,pass,recipes/grafana/grafana/10.5.15/CATALOG.md;site/catalog.json
grafana/loki,7.0.0,grafana/loki@7.0.0,try-from-public-catalog,top20-catalog-supported,covered,100,keep evidence fresh,,pass,recipes/grafana/loki/7.0.0/source-lock.yaml,pass,recipes/grafana/loki/7.0.0/CATALOG.md,pass,recipes/grafana/loki/7.0.0/revisions/simple-scalable-minio/r001/variant-revision.yaml,pass,recipes/grafana/loki/7.0.0/helm-pain-report.yaml;recipes/grafana/loki/7.0.0/control-points.yaml;data/outcome-coverage/feature-outcomes.csv,pass,recipes/grafana/loki/7.0.0/control-points.yaml;recipes/grafana/loki/7.0.0/value-model.yaml;recipes/grafana/loki/7.0.0/helm-plan.yaml,pass,recipes/grafana/loki/7.0.0/publication/installer-package-receipt.yaml;data/production-disposition/summary.md;data/outcome-coverage/chart-outcomes.csv,pass,data/outcome-coverage/base-outcomes.csv;data/live-kind-parity/summary.md;data/live-helm-confighub-compare/summary.md,pass,recipes/grafana/loki/7.0.0/CATALOG.md;site/catalog.json
grafana/tempo,1.24.4,grafana/tempo@1.24.4,try-from-public-catalog,top20-catalog-supported,covered,100,keep evidence fresh,,pass,recipes/grafana/tempo/1.24.4/source-lock.yaml,pass,recipes/grafana/tempo/1.24.4/CATALOG.md,pass,recipes/grafana/tempo/1.24.4/revisions/local-persistent/r001/variant-revision.yaml,pass,recipes/grafana/tempo/1.24.4/helm-pain-report.yaml;recipes/grafana/tempo/1.24.4/control-points.yaml;data/outcome-coverage/feature-outcomes.csv,pass,recipes/grafana/tempo/1.24.4/control-points.yaml;recipes/grafana/tempo/1.24.4/value-model.yaml;recipes/grafana/tempo/1.24.4/helm-plan.yaml,pass,recipes/grafana/tempo/1.24.4/publication/installer-package-receipt.yaml;data/production-disposition/summary.md;data/outcome-coverage/chart-outcomes.csv,pass,data/outcome-coverage/base-outcomes.csv;data/live-kind-parity/summary.md;data/live-helm-confighub-compare/summary.md,pass,recipes/grafana/tempo/1.24.4/CATALOG.md;site/catalog.json
hashicorp/consul,2.0.0,hashicorp/consul@2.0.0,try-from-public-catalog,top20-catalog-supported,covered,100,keep evidence fresh,,pass,recipes/hashicorp/consul/2.0.0/source-lock.yaml,pass,recipes/hashicorp/consul/2.0.0/CATALOG.md,pass,recipes/hashicorp/consul/2.0.0/revisions/default-control-plane/r001/variant-revision.yaml,pass,recipes/hashicorp/consul/2.0.0/helm-pain-report.yaml;recipes/hashicorp/consul/2.0.0/control-points.yaml;data/outcome-coverage/feature-outcomes.csv,pass,recipes/hashicorp/consul/2.0.0/control-points.yaml;recipes/hashicorp/consul/2.0.0/value-model.yaml;recipes/hashicorp/consul/2.0.0/helm-plan.yaml,pass,recipes/hashicorp/consul/2.0.0/publication/installer-package-receipt.yaml;data/production-disposition/summary.md;data/outcome-coverage/chart-outcomes.csv,pass,data/outcome-coverage/base-outcomes.csv;data/live-kind-parity/summary.md;data/live-helm-confighub-compare/summary.md,pass,recipes/hashicorp/consul/2.0.0/CATALOG.md;site/catalog.json
hashicorp/vault,0.32.0,hashicorp/vault@0.32.0,try-from-public-catalog,top20-catalog-supported,covered,100,keep evidence fresh,,pass,recipes/hashicorp/vault/0.32.0/source-lock.yaml,pass,recipes/hashicorp/vault/0.32.0/CATALOG.md,pass,recipes/hashicorp/vault/0.32.0/revisions/default/r001/variant-revision.yaml,pass,recipes/hashicorp/vault/0.32.0/helm-pain-report.yaml;recipes/hashicorp/vault/0.32.0/control-points.yaml;data/outcome-coverage/feature-outcomes.csv,pass,recipes/hashicorp/vault/0.32.0/control-points.yaml;recipes/hashicorp/vault/0.32.0/value-model.yaml;recipes/hashicorp/vault/0.32.0/helm-plan.yaml,pass,recipes/hashicorp/vault/0.32.0/publication/installer-package-receipt.yaml;data/production-disposition/summary.md;data/outcome-coverage/chart-outcomes.csv,pass,data/outcome-coverage/base-outcomes.csv;data/live-kind-parity/summary.md;data/live-helm-confighub-compare/summary.md,pass,recipes/hashicorp/vault/0.32.0/CATALOG.md;site/catalog.json
ingress-nginx/ingress-nginx,4.15.1,ingress-nginx/ingress-nginx@4.15.1,try-from-public-catalog,top20-catalog-supported,covered,100,keep evidence fresh,,pass,recipes/ingress-nginx/ingress-nginx/4.15.1/source-lock.yaml,pass,recipes/ingress-nginx/ingress-nginx/4.15.1/CATALOG.md,pass,recipes/ingress-nginx/ingress-nginx/4.15.1/revisions/admission-disabled/r001/variant-revision.yaml,pass,recipes/ingress-nginx/ingress-nginx/4.15.1/helm-pain-report.yaml;recipes/ingress-nginx/ingress-nginx/4.15.1/control-points.yaml;data/outcome-coverage/feature-outcomes.csv,pass,recipes/ingress-nginx/ingress-nginx/4.15.1/control-points.yaml;recipes/ingress-nginx/ingress-nginx/4.15.1/value-model.yaml;recipes/ingress-nginx/ingress-nginx/4.15.1/helm-plan.yaml,pass,recipes/ingress-nginx/ingress-nginx/4.15.1/publication/installer-package-receipt.yaml;data/production-disposition/summary.md;data/outcome-coverage/chart-outcomes.csv,pass,data/outcome-coverage/base-outcomes.csv;data/live-kind-parity/summary.md;data/live-helm-confighub-compare/summary.md,pass,recipes/ingress-nginx/ingress-nginx/4.15.1/CATALOG.md;site/catalog.json
jetstack/cert-manager,v1.20.2,jetstack/cert-manager@v1.20.2,try-from-public-catalog,top20-catalog-supported,covered,100,keep evidence fresh,,pass,recipes/jetstack/cert-manager/v1.20.2/source-lock.yaml,pass,recipes/jetstack/cert-manager/v1.20.2/CATALOG.md,pass,recipes/jetstack/cert-manager/v1.20.2/revisions/crds-enabled/r001/variant-revision.yaml,pass,recipes/jetstack/cert-manager/v1.20.2/helm-pain-report.yaml;recipes/jetstack/cert-manager/v1.20.2/control-points.yaml;data/outcome-coverage/feature-outcomes.csv,pass,recipes/jetstack/cert-manager/v1.20.2/control-points.yaml;recipes/jetstack/cert-manager/v1.20.2/value-model.yaml;recipes/jetstack/cert-manager/v1.20.2/helm-plan.yaml,pass,recipes/jetstack/cert-manager/v1.20.2/publication/installer-package-receipt.yaml;data/production-disposition/summary.md;data/outcome-coverage/chart-outcomes.csv,pass,data/outcome-coverage/base-outcomes.csv;data/live-kind-parity/summary.md;data/live-helm-confighub-compare/summary.md,pass,recipes/jetstack/cert-manager/v1.20.2/CATALOG.md;site/catalog.json
longhorn/longhorn,1.11.2,longhorn/longhorn@1.11.2,try-from-public-catalog,top20-catalog-supported,covered,100,keep evidence fresh,,pass,recipes/longhorn/longhorn/1.11.2/source-lock.yaml,pass,recipes/longhorn/longhorn/1.11.2/CATALOG.md,pass,recipes/longhorn/longhorn/1.11.2/revisions/default/r001/variant-revision.yaml,pass,recipes/longhorn/longhorn/1.11.2/helm-pain-report.yaml;recipes/longhorn/longhorn/1.11.2/control-points.yaml;data/outcome-coverage/feature-outcomes.csv,pass,recipes/longhorn/longhorn/1.11.2/control-points.yaml;recipes/longhorn/longhorn/1.11.2/value-model.yaml;recipes/longhorn/longhorn/1.11.2/helm-plan.yaml,pass,recipes/longhorn/longhorn/1.11.2/publication/installer-package-receipt.yaml;data/production-disposition/summary.md;data/outcome-coverage/chart-outcomes.csv,pass,data/outcome-coverage/base-outcomes.csv;data/live-kind-parity/summary.md;data/live-helm-confighub-compare/summary.md,pass,recipes/longhorn/longhorn/1.11.2/CATALOG.md;site/catalog.json
metrics-server/metrics-server,3.13.0,metrics-server/metrics-server@3.13.0,try-from-public-catalog,top20-catalog-supported,covered,100,keep evidence fresh,,pass,recipes/metrics-server/metrics-server/3.13.0/source-lock.yaml,pass,recipes/metrics-server/metrics-server/3.13.0/CATALOG.md,pass,recipes/metrics-server/metrics-server/3.13.0/revisions/default/r001/variant-revision.yaml,pass,recipes/metrics-server/metrics-server/3.13.0/helm-pain-report.yaml;recipes/metrics-server/metrics-server/3.13.0/control-points.yaml;data/outcome-coverage/feature-outcomes.csv,pass,recipes/metrics-server/metrics-server/3.13.0/control-points.yaml;recipes/metrics-server/metrics-server/3.13.0/value-model.yaml;recipes/metrics-server/metrics-server/3.13.0/helm-plan.yaml,pass,recipes/metrics-server/metrics-server/3.13.0/publication/installer-package-receipt.yaml;data/production-disposition/summary.md;data/outcome-coverage/chart-outcomes.csv,pass,data/outcome-coverage/base-outcomes.csv;data/live-kind-parity/summary.md;data/live-helm-confighub-compare/summary.md,pass,recipes/metrics-server/metrics-server/3.13.0/CATALOG.md;site/catalog.json
prometheus-community/kube-prometheus-stack,85.3.3,prometheus-community/kube-prometheus-stack@85.3.3,try-from-public-catalog,top20-catalog-supported,covered,100,keep evidence fresh,,pass,recipes/prometheus-community/kube-prometheus-stack/85.3.3/source-lock.yaml,pass,recipes/prometheus-community/kube-prometheus-stack/85.3.3/CATALOG.md,pass,recipes/prometheus-community/kube-prometheus-stack/85.3.3/revisions/default/r001/variant-revision.yaml,pass,recipes/prometheus-community/kube-prometheus-stack/85.3.3/helm-pain-report.yaml;recipes/prometheus-community/kube-prometheus-stack/85.3.3/control-points.yaml;data/outcome-coverage/feature-outcomes.csv,pass,recipes/prometheus-community/kube-prometheus-stack/85.3.3/control-points.yaml;recipes/prometheus-community/kube-prometheus-stack/85.3.3/value-model.yaml;recipes/prometheus-community/kube-prometheus-stack/85.3.3/helm-plan.yaml,pass,recipes/prometheus-community/kube-prometheus-stack/85.3.3/publication/installer-package-receipt.yaml;data/production-disposition/summary.md;data/outcome-coverage/chart-outcomes.csv,pass,data/outcome-coverage/base-outcomes.csv;data/live-kind-parity/summary.md;data/live-helm-confighub-compare/summary.md,pass,recipes/prometheus-community/kube-prometheus-stack/85.3.3/CATALOG.md;site/catalog.json
prometheus-community/prometheus,29.8.0,prometheus-community/prometheus@29.8.0,try-from-public-catalog,top20-catalog-supported,covered,100,keep evidence fresh,,pass,recipes/prometheus-community/prometheus/29.8.0/source-lock.yaml,pass,recipes/prometheus-community/prometheus/29.8.0/CATALOG.md,pass,recipes/prometheus-community/prometheus/29.8.0/revisions/default/r001/variant-revision.yaml,pass,recipes/prometheus-community/prometheus/29.8.0/helm-pain-report.yaml;recipes/prometheus-community/prometheus/29.8.0/control-points.yaml;data/outcome-coverage/feature-outcomes.csv,pass,recipes/prometheus-community/prometheus/29.8.0/control-points.yaml;recipes/prometheus-community/prometheus/29.8.0/value-model.yaml;recipes/prometheus-community/prometheus/29.8.0/helm-plan.yaml,pass,recipes/prometheus-community/prometheus/29.8.0/publication/installer-package-receipt.yaml;data/production-disposition/summary.md;data/outcome-coverage/chart-outcomes.csv,pass,data/outcome-coverage/base-outcomes.csv;data/live-kind-parity/summary.md;data/live-helm-confighub-compare/summary.md,pass,recipes/prometheus-community/prometheus/29.8.0/CATALOG.md;site/catalog.json
secrets-store-csi-driver/secrets-store-csi-driver,1.6.0,secrets-store-csi-driver/secrets-store-csi-driver@1.6.0,try-from-public-catalog,top20-catalog-supported,covered,100,keep evidence fresh,,pass,recipes/secrets-store-csi-driver/secrets-store-csi-driver/1.6.0/source-lock.yaml,pass,recipes/secrets-store-csi-driver/secrets-store-csi-driver/1.6.0/CATALOG.md,pass,recipes/secrets-store-csi-driver/secrets-store-csi-driver/1.6.0/revisions/default/r001/variant-revision.yaml,pass,recipes/secrets-store-csi-driver/secrets-store-csi-driver/1.6.0/helm-pain-report.yaml;recipes/secrets-store-csi-driver/secrets-store-csi-driver/1.6.0/control-points.yaml;data/outcome-coverage/feature-outcomes.csv,pass,recipes/secrets-store-csi-driver/secrets-store-csi-driver/1.6.0/control-points.yaml;recipes/secrets-store-csi-driver/secrets-store-csi-driver/1.6.0/value-model.yaml;recipes/secrets-store-csi-driver/secrets-store-csi-driver/1.6.0/helm-plan.yaml,pass,recipes/secrets-store-csi-driver/secrets-store-csi-driver/1.6.0/publication/installer-package-receipt.yaml;data/production-disposition/summary.md;data/outcome-coverage/chart-outcomes.csv,pass,data/outcome-coverage/base-outcomes.csv;data/live-kind-parity/summary.md;data/live-helm-confighub-compare/summary.md,pass,recipes/secrets-store-csi-driver/secrets-store-csi-driver/1.6.0/CATALOG.md;site/catalog.json
traefik/traefik,40.2.0,traefik/traefik@40.2.0,promote-after-review,next80-proof-grade,partial,88,run catalog promotion review,,pass,recipes/traefik/traefik/40.2.0/source-lock.yaml,pass,recipes/traefik/traefik/40.2.0/CATALOG.md,pass,recipes/traefik/traefik/40.2.0/revisions/default/r001/variant-revision.yaml,pass,recipes/traefik/traefik/40.2.0/helm-pain-report.yaml;recipes/traefik/traefik/40.2.0/control-points.yaml;data/outcome-coverage/feature-outcomes.csv,pass,recipes/traefik/traefik/40.2.0/control-points.yaml;recipes/traefik/traefik/40.2.0/value-model.yaml;recipes/traefik/traefik/40.2.0/helm-plan.yaml,todo,recipes/traefik/traefik/40.2.0/publication/installer-package-receipt.yaml;data/outcome-coverage/chart-outcomes.csv,pass,data/outcome-coverage/base-outcomes.csv;data/live-kind-parity/summary.md;data/live-helm-confighub-compare/summary.md,pass,recipes/traefik/traefik/40.2.0/CATALOG.md;site/catalog.json
external-dns/external-dns,1.21.1,external-dns/external-dns@1.21.1,promote-after-review,next80-proof-grade,partial,88,run catalog promotion review,,pass,recipes/external-dns/external-dns/1.21.1/source-lock.yaml,pass,recipes/external-dns/external-dns/1.21.1/CATALOG.md,pass,recipes/external-dns/external-dns/1.21.1/revisions/default/r001/variant-revision.yaml,pass,recipes/external-dns/external-dns/1.21.1/helm-pain-report.yaml;recipes/external-dns/external-dns/1.21.1/control-points.yaml;data/outcome-coverage/feature-outcomes.csv,pass,recipes/external-dns/external-dns/1.21.1/control-points.yaml;recipes/external-dns/external-dns/1.21.1/value-model.yaml;recipes/external-dns/external-dns/1.21.1/helm-plan.yaml,todo,recipes/external-dns/external-dns/1.21.1/publication/installer-package-receipt.yaml;data/outcome-coverage/chart-outcomes.csv,pass,data/outcome-coverage/base-outcomes.csv;data/live-kind-parity/summary.md;data/live-helm-confighub-compare/summary.md,pass,recipes/external-dns/external-dns/1.21.1/CATALOG.md;site/catalog.json
gitlab/gitlab-runner,0.89.0,gitlab/gitlab-runner@0.89.0,needs-useful-variant,next80-proof-grade,partial,75,add at least one user-shaped variant before catalog promotion,,pass,recipes/gitlab/gitlab-runner/0.89.0/source-lock.yaml,pass,recipes/gitlab/gitlab-runner/0.89.0/CATALOG.md,pass,recipes/gitlab/gitlab-runner/0.89.0/revisions/default/r001/variant-revision.yaml,pass,recipes/gitlab/gitlab-runner/0.89.0/helm-pain-report.yaml;recipes/gitlab/gitlab-runner/0.89.0/control-points.yaml;data/outcome-coverage/feature-outcomes.csv,pass,recipes/gitlab/gitlab-runner/0.89.0/control-points.yaml;recipes/gitlab/gitlab-runner/0.89.0/value-model.yaml;recipes/gitlab/gitlab-runner/0.89.0/helm-plan.yaml,todo,recipes/gitlab/gitlab-runner/0.89.0/publication/installer-package-receipt.yaml;data/outcome-coverage/chart-outcomes.csv,todo,data/top100-readiness/readiness.csv,pass,recipes/gitlab/gitlab-runner/0.89.0/CATALOG.md;site/catalog.json
kyverno/kyverno,3.8.1,kyverno/kyverno@3.8.1,promote-after-review,next80-proof-grade,partial,88,run catalog promotion review,,pass,recipes/kyverno/kyverno/3.8.1/source-lock.yaml,pass,recipes/kyverno/kyverno/3.8.1/CATALOG.md,pass,recipes/kyverno/kyverno/3.8.1/revisions/default/r001/variant-revision.yaml,pass,recipes/kyverno/kyverno/3.8.1/helm-pain-report.yaml;recipes/kyverno/kyverno/3.8.1/control-points.yaml;data/outcome-coverage/feature-outcomes.csv,pass,recipes/kyverno/kyverno/3.8.1/control-points.yaml;recipes/kyverno/kyverno/3.8.1/value-model.yaml;recipes/kyverno/kyverno/3.8.1/helm-plan.yaml,todo,recipes/kyverno/kyverno/3.8.1/publication/installer-package-receipt.yaml;data/outcome-coverage/chart-outcomes.csv,pass,data/outcome-coverage/base-outcomes.csv;data/live-kind-parity/summary.md;data/live-helm-confighub-compare/summary.md,pass,recipes/kyverno/kyverno/3.8.1/CATALOG.md;site/catalog.json
cloudnative-pg/cloudnative-pg,0.28.2,cloudnative-pg/cloudnative-pg@0.28.2,promote-after-review,next80-proof-grade,partial,88,run catalog promotion review,,pass,recipes/cloudnative-pg/cloudnative-pg/0.28.2/source-lock.yaml,pass,recipes/cloudnative-pg/cloudnative-pg/0.28.2/CATALOG.md,pass,recipes/cloudnative-pg/cloudnative-pg/0.28.2/revisions/default/r001/variant-revision.yaml,pass,recipes/cloudnative-pg/cloudnative-pg/0.28.2/helm-pain-report.yaml;recipes/cloudnative-pg/cloudnative-pg/0.28.2/control-points.yaml;data/outcome-coverage/feature-outcomes.csv,pass,recipes/cloudnative-pg/cloudnative-pg/0.28.2/control-points.yaml;recipes/cloudnative-pg/cloudnative-pg/0.28.2/value-model.yaml;recipes/cloudnative-pg/cloudnative-pg/0.28.2/helm-plan.yaml,todo,recipes/cloudnative-pg/cloudnative-pg/0.28.2/publication/installer-package-receipt.yaml;data/outcome-coverage/chart-outcomes.csv,pass,data/outcome-coverage/base-outcomes.csv;data/live-kind-parity/summary.md;data/live-helm-confighub-compare/summary.md,pass,recipes/cloudnative-pg/cloudnative-pg/0.28.2/CATALOG.md;site/catalog.json
fluent/fluent-bit,0.57.6,fluent/fluent-bit@0.57.6,needs-useful-variant,next80-proof-grade,partial,88,add at least one user-shaped variant before catalog promotion,,pass,recipes/fluent/fluent-bit/0.57.6/source-lock.yaml,pass,recipes/fluent/fluent-bit/0.57.6/CATALOG.md,pass,recipes/fluent/fluent-bit/0.57.6/revisions/default/r001/variant-revision.yaml,pass,recipes/fluent/fluent-bit/0.57.6/helm-pain-report.yaml;recipes/fluent/fluent-bit/0.57.6/control-points.yaml;data/outcome-coverage/feature-outcomes.csv,pass,recipes/fluent/fluent-bit/0.57.6/control-points.yaml;recipes/fluent/fluent-bit/0.57.6/value-model.yaml;recipes/fluent/fluent-bit/0.57.6/helm-plan.yaml,todo,recipes/fluent/fluent-bit/0.57.6/publication/installer-package-receipt.yaml;data/outcome-coverage/chart-outcomes.csv,pass,data/outcome-coverage/base-outcomes.csv;data/live-kind-parity/summary.md;data/live-helm-confighub-compare/summary.md,pass,recipes/fluent/fluent-bit/0.57.6/CATALOG.md;site/catalog.json
runix/pgadmin4,1.62.0,runix/pgadmin4@1.62.0,needs-useful-variant,next80-proof-grade,partial,88,add at least one user-shaped variant before catalog promotion,,pass,recipes/runix/pgadmin4/1.62.0/source-lock.yaml,pass,recipes/runix/pgadmin4/1.62.0/CATALOG.md,pass,recipes/runix/pgadmin4/1.62.0/revisions/default/r001/variant-revision.yaml,pass,recipes/runix/pgadmin4/1.62.0/helm-pain-report.yaml;recipes/runix/pgadmin4/1.62.0/control-points.yaml;data/outcome-coverage/feature-outcomes.csv,pass,recipes/runix/pgadmin4/1.62.0/control-points.yaml;recipes/runix/pgadmin4/1.62.0/value-model.yaml;recipes/runix/pgadmin4/1.62.0/helm-plan.yaml,todo,recipes/runix/pgadmin4/1.62.0/publication/installer-package-receipt.yaml;data/outcome-coverage/chart-outcomes.csv,pass,data/outcome-coverage/base-outcomes.csv;data/live-kind-parity/summary.md;data/live-helm-confighub-compare/summary.md,pass,recipes/runix/pgadmin4/1.62.0/CATALOG.md;site/catalog.json
nfs-subdir-external-provisioner/nfs-subdir-external-provisioner,4.0.18,nfs-subdir-external-provisioner/nfs-subdir-external-provisioner@4.0.18,needs-useful-variant,next80-proof-grade,partial,75,add at least one user-shaped variant before catalog promotion,,pass,recipes/nfs-subdir-external-provisioner/nfs-subdir-external-provisioner/4.0.18/source-lock.yaml,pass,recipes/nfs-subdir-external-provisioner/nfs-subdir-external-provisioner/4.0.18/CATALOG.md,pass,recipes/nfs-subdir-external-provisioner/nfs-subdir-external-provisioner/4.0.18/revisions/default/r001/variant-revision.yaml,pass,recipes/nfs-subdir-external-provisioner/nfs-subdir-external-provisioner/4.0.18/helm-pain-report.yaml;recipes/nfs-subdir-external-provisioner/nfs-subdir-external-provisioner/4.0.18/control-points.yaml;data/outcome-coverage/feature-outcomes.csv,pass,recipes/nfs-subdir-external-provisioner/nfs-subdir-external-provisioner/4.0.18/control-points.yaml;recipes/nfs-subdir-external-provisioner/nfs-subdir-external-provisioner/4.0.18/value-model.yaml;recipes/nfs-subdir-external-provisioner/nfs-subdir-external-provisioner/4.0.18/helm-plan.yaml,todo,recipes/nfs-subdir-external-provisioner/nfs-subdir-external-provisioner/4.0.18/publication/installer-package-receipt.yaml;data/outcome-coverage/chart-outcomes.csv,todo,data/top100-readiness/readiness.csv,pass,recipes/nfs-subdir-external-provisioner/nfs-subdir-external-provisioner/4.0.18/CATALOG.md;site/catalog.json
kedacore/keda,2.19.0,kedacore/keda@2.19.0,promote-after-review,next80-proof-grade,partial,88,"run APIService promotion review: choose supported base, target scope, CRD ownership path, and evidence refresh rule using the committed aggregation receipt",,pass,recipes/kedacore/keda/2.19.0/source-lock.yaml,pass,recipes/kedacore/keda/2.19.0/CATALOG.md,pass,recipes/kedacore/keda/2.19.0/revisions/default/r001/variant-revision.yaml,pass,recipes/kedacore/keda/2.19.0/helm-pain-report.yaml;recipes/kedacore/keda/2.19.0/control-points.yaml;data/outcome-coverage/feature-outcomes.csv,pass,recipes/kedacore/keda/2.19.0/control-points.yaml;recipes/kedacore/keda/2.19.0/value-model.yaml;recipes/kedacore/keda/2.19.0/helm-plan.yaml,todo,recipes/kedacore/keda/2.19.0/publication/installer-package-receipt.yaml;data/outcome-coverage/chart-outcomes.csv,pass,data/outcome-coverage/base-outcomes.csv;data/live-kind-parity/summary.md;data/live-helm-confighub-compare/summary.md,pass,recipes/kedacore/keda/2.19.0/CATALOG.md;site/catalog.json
prometheus-community/kube-state-metrics,7.4.0,prometheus-community/kube-state-metrics@7.4.0,promote-after-review,next80-proof-grade,partial,88,run catalog promotion review,,pass,recipes/prometheus-community/kube-state-metrics/7.4.0/source-lock.yaml,pass,recipes/prometheus-community/kube-state-metrics/7.4.0/CATALOG.md,pass,recipes/prometheus-community/kube-state-metrics/7.4.0/revisions/cluster-metrics-readonly/r001/variant-revision.yaml,pass,recipes/prometheus-community/kube-state-metrics/7.4.0/helm-pain-report.yaml;recipes/prometheus-community/kube-state-metrics/7.4.0/control-points.yaml;data/outcome-coverage/feature-outcomes.csv,pass,recipes/prometheus-community/kube-state-metrics/7.4.0/control-points.yaml;recipes/prometheus-community/kube-state-metrics/7.4.0/value-model.yaml;recipes/prometheus-community/kube-state-metrics/7.4.0/helm-plan.yaml,todo,recipes/prometheus-community/kube-state-metrics/7.4.0/publication/installer-package-receipt.yaml;data/outcome-coverage/chart-outcomes.csv,pass,data/outcome-coverage/base-outcomes.csv;data/live-kind-parity/summary.md;data/live-helm-confighub-compare/summary.md,pass,recipes/prometheus-community/kube-state-metrics/7.4.0/CATALOG.md;site/catalog.json
elastic/eck-operator,3.4.0,elastic/eck-operator@3.4.0,promote-after-review,next80-proof-grade,partial,88,run catalog promotion review,,pass,recipes/elastic/eck-operator/3.4.0/source-lock.yaml,pass,recipes/elastic/eck-operator/3.4.0/CATALOG.md,pass,recipes/elastic/eck-operator/3.4.0/revisions/default/r001/variant-revision.yaml,pass,recipes/elastic/eck-operator/3.4.0/helm-pain-report.yaml;recipes/elastic/eck-operator/3.4.0/control-points.yaml;data/outcome-coverage/feature-outcomes.csv,pass,recipes/elastic/eck-operator/3.4.0/control-points.yaml;recipes/elastic/eck-operator/3.4.0/value-model.yaml;recipes/elastic/eck-operator/3.4.0/helm-plan.yaml,todo,recipes/elastic/eck-operator/3.4.0/publication/installer-package-receipt.yaml;data/outcome-coverage/chart-outcomes.csv,pass,data/outcome-coverage/base-outcomes.csv;data/live-kind-parity/summary.md;data/live-helm-confighub-compare/summary.md,pass,recipes/elastic/eck-operator/3.4.0/CATALOG.md;site/catalog.json
elastic/kibana,8.5.1,elastic/kibana@8.5.1,needs-useful-variant,next80-proof-grade,partial,75,add at least one user-shaped variant before catalog promotion,,pass,recipes/elastic/kibana/8.5.1/source-lock.yaml,pass,recipes/elastic/kibana/8.5.1/CATALOG.md,pass,recipes/elastic/kibana/8.5.1/revisions/default/r001/variant-revision.yaml,pass,recipes/elastic/kibana/8.5.1/helm-pain-report.yaml;recipes/elastic/kibana/8.5.1/control-points.yaml;data/outcome-coverage/feature-outcomes.csv,pass,recipes/elastic/kibana/8.5.1/control-points.yaml;recipes/elastic/kibana/8.5.1/value-model.yaml;recipes/elastic/kibana/8.5.1/helm-plan.yaml,todo,recipes/elastic/kibana/8.5.1/publication/installer-package-receipt.yaml;data/outcome-coverage/chart-outcomes.csv,todo,data/top100-readiness/readiness.csv,pass,recipes/elastic/kibana/8.5.1/CATALOG.md;site/catalog.json
descheduler/descheduler,0.36.0,descheduler/descheduler@0.36.0,needs-useful-variant,next80-proof-grade,partial,88,add at least one user-shaped variant before catalog promotion,,pass,recipes/descheduler/descheduler/0.36.0/source-lock.yaml,pass,recipes/descheduler/descheduler/0.36.0/CATALOG.md,pass,recipes/descheduler/descheduler/0.36.0/revisions/default/r001/variant-revision.yaml,pass,recipes/descheduler/descheduler/0.36.0/helm-pain-report.yaml;recipes/descheduler/descheduler/0.36.0/control-points.yaml;data/outcome-coverage/feature-outcomes.csv,pass,recipes/descheduler/descheduler/0.36.0/control-points.yaml;recipes/descheduler/descheduler/0.36.0/value-model.yaml;recipes/descheduler/descheduler/0.36.0/helm-plan.yaml,todo,recipes/descheduler/descheduler/0.36.0/publication/installer-package-receipt.yaml;data/outcome-coverage/chart-outcomes.csv,pass,data/outcome-coverage/base-outcomes.csv;data/live-kind-parity/summary.md;data/live-helm-confighub-compare/summary.md,pass,recipes/descheduler/descheduler/0.36.0/CATALOG.md;site/catalog.json
prometheus-community/prometheus-blackbox-exporter,11.10.0,prometheus-community/prometheus-blackbox-exporter@11.10.0,promote-after-review,next80-proof-grade,partial,88,run catalog promotion review,,pass,recipes/prometheus-community/prometheus-blackbox-exporter/11.10.0/source-lock.yaml,pass,recipes/prometheus-community/prometheus-blackbox-exporter/11.10.0/CATALOG.md,pass,recipes/prometheus-community/prometheus-blackbox-exporter/11.10.0/revisions/cluster-metrics-readonly/r001/variant-revision.yaml,pass,recipes/prometheus-community/prometheus-blackbox-exporter/11.10.0/helm-pain-report.yaml;recipes/prometheus-community/prometheus-blackbox-exporter/11.10.0/control-points.yaml;data/outcome-coverage/feature-outcomes.csv,pass,recipes/prometheus-community/prometheus-blackbox-exporter/11.10.0/control-points.yaml;recipes/prometheus-community/prometheus-blackbox-exporter/11.10.0/value-model.yaml;recipes/prometheus-community/prometheus-blackbox-exporter/11.10.0/helm-plan.yaml,todo,recipes/prometheus-community/prometheus-blackbox-exporter/11.10.0/publication/installer-package-receipt.yaml;data/outcome-coverage/chart-outcomes.csv,pass,data/outcome-coverage/base-outcomes.csv;data/live-kind-parity/summary.md;data/live-helm-confighub-compare/summary.md,pass,recipes/prometheus-community/prometheus-blackbox-exporter/11.10.0/CATALOG.md;site/catalog.json
bitnami/elasticsearch,22.1.6,bitnami/elasticsearch@22.1.6,limitation-decision-first,next80-proof-grade,partial,88,review limitation before promotion: existing-secret (chart ships no Secret toggle),,pass,recipes/bitnami/elasticsearch/22.1.6/source-lock.yaml,pass,recipes/bitnami/elasticsearch/22.1.6/CATALOG.md,pass,recipes/bitnami/elasticsearch/22.1.6/revisions/default/r001/variant-revision.yaml,pass,recipes/bitnami/elasticsearch/22.1.6/helm-pain-report.yaml;recipes/bitnami/elasticsearch/22.1.6/control-points.yaml;data/outcome-coverage/feature-outcomes.csv,pass,recipes/bitnami/elasticsearch/22.1.6/control-points.yaml;recipes/bitnami/elasticsearch/22.1.6/value-model.yaml;recipes/bitnami/elasticsearch/22.1.6/helm-plan.yaml,todo,recipes/bitnami/elasticsearch/22.1.6/publication/installer-package-receipt.yaml;data/outcome-coverage/chart-outcomes.csv,pass,data/outcome-coverage/base-outcomes.csv;data/live-kind-parity/summary.md;data/live-helm-confighub-compare/summary.md,pass,recipes/bitnami/elasticsearch/22.1.6/CATALOG.md;site/catalog.json
stakater/reloader,2.2.12,stakater/reloader@2.2.12,promote-after-review,next80-proof-grade,partial,88,run catalog promotion review,,pass,recipes/stakater/reloader/2.2.12/source-lock.yaml,pass,recipes/stakater/reloader/2.2.12/CATALOG.md,pass,recipes/stakater/reloader/2.2.12/revisions/controller-default-reviewed/r001/variant-revision.yaml,pass,recipes/stakater/reloader/2.2.12/helm-pain-report.yaml;recipes/stakater/reloader/2.2.12/control-points.yaml;data/outcome-coverage/feature-outcomes.csv,pass,recipes/stakater/reloader/2.2.12/control-points.yaml;recipes/stakater/reloader/2.2.12/value-model.yaml;recipes/stakater/reloader/2.2.12/helm-plan.yaml,todo,recipes/stakater/reloader/2.2.12/publication/installer-package-receipt.yaml;data/outcome-coverage/chart-outcomes.csv,pass,data/outcome-coverage/base-outcomes.csv;data/live-kind-parity/summary.md;data/live-helm-confighub-compare/summary.md,pass,recipes/stakater/reloader/2.2.12/CATALOG.md;site/catalog.json
jaegertracing/jaeger,4.8.0,jaegertracing/jaeger@4.8.0,needs-useful-variant,next80-proof-grade,partial,88,add at least one user-shaped variant before catalog promotion,,pass,recipes/jaegertracing/jaeger/4.8.0/source-lock.yaml,pass,recipes/jaegertracing/jaeger/4.8.0/CATALOG.md,pass,recipes/jaegertracing/jaeger/4.8.0/revisions/default/r001/variant-revision.yaml,pass,recipes/jaegertracing/jaeger/4.8.0/helm-pain-report.yaml;recipes/jaegertracing/jaeger/4.8.0/control-points.yaml;data/outcome-coverage/feature-outcomes.csv,pass,recipes/jaegertracing/jaeger/4.8.0/control-points.yaml;recipes/jaegertracing/jaeger/4.8.0/value-model.yaml;recipes/jaegertracing/jaeger/4.8.0/helm-plan.yaml,todo,recipes/jaegertracing/jaeger/4.8.0/publication/installer-package-receipt.yaml;data/outcome-coverage/chart-outcomes.csv,pass,data/outcome-coverage/base-outcomes.csv;data/live-kind-parity/summary.md;data/live-helm-confighub-compare/summary.md,pass,recipes/jaegertracing/jaeger/4.8.0/CATALOG.md;site/catalog.json
grafana/alloy,1.8.2,grafana/alloy@1.8.2,promote-after-review,next80-proof-grade,partial,88,run catalog promotion review,,pass,recipes/grafana/alloy/1.8.2/source-lock.yaml,pass,recipes/grafana/alloy/1.8.2/CATALOG.md,pass,recipes/grafana/alloy/1.8.2/revisions/default/r001/variant-revision.yaml,pass,recipes/grafana/alloy/1.8.2/helm-pain-report.yaml;recipes/grafana/alloy/1.8.2/control-points.yaml;data/outcome-coverage/feature-outcomes.csv,pass,recipes/grafana/alloy/1.8.2/control-points.yaml;recipes/grafana/alloy/1.8.2/value-model.yaml;recipes/grafana/alloy/1.8.2/helm-plan.yaml,todo,recipes/grafana/alloy/1.8.2/publication/installer-package-receipt.yaml;data/outcome-coverage/chart-outcomes.csv,pass,data/outcome-coverage/base-outcomes.csv;data/live-kind-parity/summary.md;data/live-helm-confighub-compare/summary.md,pass,recipes/grafana/alloy/1.8.2/CATALOG.md;site/catalog.json
nats/nats,2.14.0,nats/nats@2.14.0,promote-after-review,next80-proof-grade,partial,88,run catalog promotion review,,pass,recipes/nats/nats/2.14.0/source-lock.yaml,pass,recipes/nats/nats/2.14.0/CATALOG.md,pass,recipes/nats/nats/2.14.0/revisions/default/r001/variant-revision.yaml,pass,recipes/nats/nats/2.14.0/helm-pain-report.yaml;recipes/nats/nats/2.14.0/control-points.yaml;data/outcome-coverage/feature-outcomes.csv,pass,recipes/nats/nats/2.14.0/control-points.yaml;recipes/nats/nats/2.14.0/value-model.yaml;recipes/nats/nats/2.14.0/helm-plan.yaml,todo,recipes/nats/nats/2.14.0/publication/installer-package-receipt.yaml;data/outcome-coverage/chart-outcomes.csv,pass,data/outcome-coverage/base-outcomes.csv;data/live-kind-parity/summary.md;data/live-helm-confighub-compare/summary.md,pass,recipes/nats/nats/2.14.0/CATALOG.md;site/catalog.json
dex/dex,0.24.0,dex/dex@0.24.0,needs-useful-variant,next80-proof-grade,partial,75,add at least one user-shaped variant before catalog promotion,,pass,recipes/dex/dex/0.24.0/source-lock.yaml,pass,recipes/dex/dex/0.24.0/CATALOG.md,pass,recipes/dex/dex/0.24.0/revisions/default/r001/variant-revision.yaml,pass,recipes/dex/dex/0.24.0/helm-pain-report.yaml;recipes/dex/dex/0.24.0/control-points.yaml;data/outcome-coverage/feature-outcomes.csv,pass,recipes/dex/dex/0.24.0/control-points.yaml;recipes/dex/dex/0.24.0/value-model.yaml;recipes/dex/dex/0.24.0/helm-plan.yaml,todo,recipes/dex/dex/0.24.0/publication/installer-package-receipt.yaml;data/outcome-coverage/chart-outcomes.csv,todo,data/top100-readiness/readiness.csv,pass,recipes/dex/dex/0.24.0/CATALOG.md;site/catalog.json
prometheus-community/alertmanager,1.37.0,prometheus-community/alertmanager@1.37.0,promote-after-review,next80-proof-grade,partial,88,run catalog promotion review,,pass,recipes/prometheus-community/alertmanager/1.37.0/source-lock.yaml,pass,recipes/prometheus-community/alertmanager/1.37.0/CATALOG.md,pass,recipes/prometheus-community/alertmanager/1.37.0/revisions/default/r001/variant-revision.yaml,pass,recipes/prometheus-community/alertmanager/1.37.0/helm-pain-report.yaml;recipes/prometheus-community/alertmanager/1.37.0/control-points.yaml;data/outcome-coverage/feature-outcomes.csv,pass,recipes/prometheus-community/alertmanager/1.37.0/control-points.yaml;recipes/prometheus-community/alertmanager/1.37.0/value-model.yaml;recipes/prometheus-community/alertmanager/1.37.0/helm-plan.yaml,todo,recipes/prometheus-community/alertmanager/1.37.0/publication/installer-package-receipt.yaml;data/outcome-coverage/chart-outcomes.csv,pass,data/outcome-coverage/base-outcomes.csv;data/live-kind-parity/summary.md;data/live-helm-confighub-compare/summary.md,pass,recipes/prometheus-community/alertmanager/1.37.0/CATALOG.md;site/catalog.json
falcosecurity/falco,9.0.0,falcosecurity/falco@9.0.0,needs-useful-variant,next80-proof-grade,partial,88,add at least one user-shaped variant before catalog promotion,,pass,recipes/falcosecurity/falco/9.0.0/source-lock.yaml,pass,recipes/falcosecurity/falco/9.0.0/CATALOG.md,pass,recipes/falcosecurity/falco/9.0.0/revisions/default/r001/variant-revision.yaml,pass,recipes/falcosecurity/falco/9.0.0/helm-pain-report.yaml;recipes/falcosecurity/falco/9.0.0/control-points.yaml;data/outcome-coverage/feature-outcomes.csv,pass,recipes/falcosecurity/falco/9.0.0/control-points.yaml;recipes/falcosecurity/falco/9.0.0/value-model.yaml;recipes/falcosecurity/falco/9.0.0/helm-plan.yaml,todo,recipes/falcosecurity/falco/9.0.0/publication/installer-package-receipt.yaml;data/outcome-coverage/chart-outcomes.csv,pass,data/outcome-coverage/base-outcomes.csv;data/live-kind-parity/summary.md;data/live-helm-confighub-compare/summary.md,pass,recipes/falcosecurity/falco/9.0.0/CATALOG.md;site/catalog.json
prometheus-community/prometheus-node-exporter,4.55.0,prometheus-community/prometheus-node-exporter@4.55.0,promote-after-review,next80-proof-grade,partial,88,run catalog promotion review,,pass,recipes/prometheus-community/prometheus-node-exporter/4.55.0/source-lock.yaml,pass,recipes/prometheus-community/prometheus-node-exporter/4.55.0/CATALOG.md,pass,recipes/prometheus-community/prometheus-node-exporter/4.55.0/revisions/cluster-metrics-readonly/r001/variant-revision.yaml,pass,recipes/prometheus-community/prometheus-node-exporter/4.55.0/helm-pain-report.yaml;recipes/prometheus-community/prometheus-node-exporter/4.55.0/control-points.yaml;data/outcome-coverage/feature-outcomes.csv,pass,recipes/prometheus-community/prometheus-node-exporter/4.55.0/control-points.yaml;recipes/prometheus-community/prometheus-node-exporter/4.55.0/value-model.yaml;recipes/prometheus-community/prometheus-node-exporter/4.55.0/helm-plan.yaml,todo,recipes/prometheus-community/prometheus-node-exporter/4.55.0/publication/installer-package-receipt.yaml;data/outcome-coverage/chart-outcomes.csv,pass,data/outcome-coverage/base-outcomes.csv;data/live-kind-parity/summary.md;data/live-helm-confighub-compare/summary.md,pass,recipes/prometheus-community/prometheus-node-exporter/4.55.0/CATALOG.md;site/catalog.json
bitnami/spark,10.0.3,bitnami/spark@10.0.3,limitation-decision-first,next80-proof-grade,partial,88,review limitation before promotion: existing-secret (chart ships no Secret toggle),,pass,recipes/bitnami/spark/10.0.3/source-lock.yaml,pass,recipes/bitnami/spark/10.0.3/CATALOG.md,pass,recipes/bitnami/spark/10.0.3/revisions/default/r001/variant-revision.yaml,pass,recipes/bitnami/spark/10.0.3/helm-pain-report.yaml;recipes/bitnami/spark/10.0.3/control-points.yaml;data/outcome-coverage/feature-outcomes.csv,pass,recipes/bitnami/spark/10.0.3/control-points.yaml;recipes/bitnami/spark/10.0.3/value-model.yaml;recipes/bitnami/spark/10.0.3/helm-plan.yaml,todo,recipes/bitnami/spark/10.0.3/publication/installer-package-receipt.yaml;data/outcome-coverage/chart-outcomes.csv,pass,data/outcome-coverage/base-outcomes.csv;data/live-kind-parity/summary.md;data/live-helm-confighub-compare/summary.md,pass,recipes/bitnami/spark/10.0.3/CATALOG.md;site/catalog.json
elastic/logstash,8.5.1,elastic/logstash@8.5.1,promote-after-review,next80-proof-grade,partial,88,run catalog promotion review,,pass,recipes/elastic/logstash/8.5.1/source-lock.yaml,pass,recipes/elastic/logstash/8.5.1/CATALOG.md,pass,recipes/elastic/logstash/8.5.1/revisions/default/r001/variant-revision.yaml,pass,recipes/elastic/logstash/8.5.1/helm-pain-report.yaml;recipes/elastic/logstash/8.5.1/control-points.yaml;data/outcome-coverage/feature-outcomes.csv,pass,recipes/elastic/logstash/8.5.1/control-points.yaml;recipes/elastic/logstash/8.5.1/value-model.yaml;recipes/elastic/logstash/8.5.1/helm-plan.yaml,todo,recipes/elastic/logstash/8.5.1/publication/installer-package-receipt.yaml;data/outcome-coverage/chart-outcomes.csv,pass,data/outcome-coverage/base-outcomes.csv;data/live-kind-parity/summary.md;data/live-helm-confighub-compare/summary.md,pass,recipes/elastic/logstash/8.5.1/CATALOG.md;site/catalog.json
prometheus-community/prometheus-adapter,5.3.0,prometheus-community/prometheus-adapter@5.3.0,not-ready,next80-proof-grade,partial,88,"Run ConfigHub proof, local live, live Helm-vs-ConfigHub parity, and the APIService runtime contract for the maintained apiservice-v1-capability base before catalog promotion.",,pass,recipes/prometheus-community/prometheus-adapter/5.3.0/source-lock.yaml,pass,recipes/prometheus-community/prometheus-adapter/5.3.0/CATALOG.md,pass,recipes/prometheus-community/prometheus-adapter/5.3.0/revisions/apiservice-v1-capability/r001/variant-revision.yaml,pass,recipes/prometheus-community/prometheus-adapter/5.3.0/helm-pain-report.yaml;recipes/prometheus-community/prometheus-adapter/5.3.0/control-points.yaml;data/outcome-coverage/feature-outcomes.csv,pass,recipes/prometheus-community/prometheus-adapter/5.3.0/control-points.yaml;recipes/prometheus-community/prometheus-adapter/5.3.0/value-model.yaml;recipes/prometheus-community/prometheus-adapter/5.3.0/helm-plan.yaml,todo,recipes/prometheus-community/prometheus-adapter/5.3.0/publication/installer-package-receipt.yaml;data/outcome-coverage/chart-outcomes.csv,pass,data/outcome-coverage/base-outcomes.csv;data/live-kind-parity/summary.md;data/live-helm-confighub-compare/summary.md,pass,recipes/prometheus-community/prometheus-adapter/5.3.0/CATALOG.md;site/catalog.json
projectcalico/tigera-operator,v3.32.0,projectcalico/tigera-operator@v3.32.0,needs-useful-variant,next80-proof-grade,partial,88,add at least one user-shaped variant before catalog promotion,,pass,recipes/projectcalico/tigera-operator/v3.32.0/source-lock.yaml,pass,recipes/projectcalico/tigera-operator/v3.32.0/CATALOG.md,pass,recipes/projectcalico/tigera-operator/v3.32.0/revisions/default/r001/variant-revision.yaml,pass,recipes/projectcalico/tigera-operator/v3.32.0/helm-pain-report.yaml;recipes/projectcalico/tigera-operator/v3.32.0/control-points.yaml;data/outcome-coverage/feature-outcomes.csv,pass,recipes/projectcalico/tigera-operator/v3.32.0/control-points.yaml;recipes/projectcalico/tigera-operator/v3.32.0/value-model.yaml;recipes/projectcalico/tigera-operator/v3.32.0/helm-plan.yaml,todo,recipes/projectcalico/tigera-operator/v3.32.0/publication/installer-package-receipt.yaml;data/outcome-coverage/chart-outcomes.csv,pass,data/outcome-coverage/base-outcomes.csv;data/live-kind-parity/summary.md;data/live-helm-confighub-compare/summary.md,pass,recipes/projectcalico/tigera-operator/v3.32.0/CATALOG.md;site/catalog.json
fairwinds-stable/goldilocks,10.3.0,fairwinds-stable/goldilocks@10.3.0,needs-useful-variant,next80-proof-grade,partial,88,add at least one user-shaped variant before catalog promotion,,pass,recipes/fairwinds-stable/goldilocks/10.3.0/source-lock.yaml,pass,recipes/fairwinds-stable/goldilocks/10.3.0/CATALOG.md,pass,recipes/fairwinds-stable/goldilocks/10.3.0/revisions/default/r001/variant-revision.yaml,pass,recipes/fairwinds-stable/goldilocks/10.3.0/helm-pain-report.yaml;recipes/fairwinds-stable/goldilocks/10.3.0/control-points.yaml;data/outcome-coverage/feature-outcomes.csv,pass,recipes/fairwinds-stable/goldilocks/10.3.0/control-points.yaml;recipes/fairwinds-stable/goldilocks/10.3.0/value-model.yaml;recipes/fairwinds-stable/goldilocks/10.3.0/helm-plan.yaml,todo,recipes/fairwinds-stable/goldilocks/10.3.0/publication/installer-package-receipt.yaml;data/outcome-coverage/chart-outcomes.csv,pass,data/outcome-coverage/base-outcomes.csv;data/live-kind-parity/summary.md;data/live-helm-confighub-compare/summary.md,pass,recipes/fairwinds-stable/goldilocks/10.3.0/CATALOG.md;site/catalog.json
prometheus-community/prometheus-operator-crds,29.0.0,prometheus-community/prometheus-operator-crds@29.0.0,needs-useful-variant,next80-proof-grade,partial,88,add at least one user-shaped variant before catalog promotion,,pass,recipes/prometheus-community/prometheus-operator-crds/29.0.0/source-lock.yaml,pass,recipes/prometheus-community/prometheus-operator-crds/29.0.0/CATALOG.md,pass,recipes/prometheus-community/prometheus-operator-crds/29.0.0/revisions/default/r001/variant-revision.yaml,pass,recipes/prometheus-community/prometheus-operator-crds/29.0.0/helm-pain-report.yaml;recipes/prometheus-community/prometheus-operator-crds/29.0.0/control-points.yaml;data/outcome-coverage/feature-outcomes.csv,pass,recipes/prometheus-community/prometheus-operator-crds/29.0.0/control-points.yaml;recipes/prometheus-community/prometheus-operator-crds/29.0.0/value-model.yaml;recipes/prometheus-community/prometheus-operator-crds/29.0.0/helm-plan.yaml,todo,recipes/prometheus-community/prometheus-operator-crds/29.0.0/publication/installer-package-receipt.yaml;data/outcome-coverage/chart-outcomes.csv,pass,data/outcome-coverage/base-outcomes.csv;data/live-kind-parity/summary.md;data/live-helm-confighub-compare/summary.md,pass,recipes/prometheus-community/prometheus-operator-crds/29.0.0/CATALOG.md;site/catalog.json
bitnami/zookeeper,13.8.7,bitnami/zookeeper@13.8.7,limitation-decision-first,next80-proof-grade,partial,88,review limitation before promotion: existing-secret (chart ships no Secret toggle),,pass,recipes/bitnami/zookeeper/13.8.7/source-lock.yaml,pass,recipes/bitnami/zookeeper/13.8.7/CATALOG.md,pass,recipes/bitnami/zookeeper/13.8.7/revisions/default/r001/variant-revision.yaml,pass,recipes/bitnami/zookeeper/13.8.7/helm-pain-report.yaml;recipes/bitnami/zookeeper/13.8.7/control-points.yaml;data/outcome-coverage/feature-outcomes.csv,pass,recipes/bitnami/zookeeper/13.8.7/control-points.yaml;recipes/bitnami/zookeeper/13.8.7/value-model.yaml;recipes/bitnami/zookeeper/13.8.7/helm-plan.yaml,todo,recipes/bitnami/zookeeper/13.8.7/publication/installer-package-receipt.yaml;data/outcome-coverage/chart-outcomes.csv,pass,data/outcome-coverage/base-outcomes.csv;data/live-kind-parity/summary.md;data/live-helm-confighub-compare/summary.md,pass,recipes/bitnami/zookeeper/13.8.7/CATALOG.md;site/catalog.json
elastic/filebeat,8.5.1,elastic/filebeat@8.5.1,promote-after-review,next80-proof-grade,partial,75,run catalog promotion review,,pass,recipes/elastic/filebeat/8.5.1/source-lock.yaml,pass,recipes/elastic/filebeat/8.5.1/CATALOG.md,pass,recipes/elastic/filebeat/8.5.1/revisions/default/r001/variant-revision.yaml,pass,recipes/elastic/filebeat/8.5.1/helm-pain-report.yaml;recipes/elastic/filebeat/8.5.1/control-points.yaml;data/outcome-coverage/feature-outcomes.csv,pass,recipes/elastic/filebeat/8.5.1/control-points.yaml;recipes/elastic/filebeat/8.5.1/value-model.yaml;recipes/elastic/filebeat/8.5.1/helm-plan.yaml,todo,recipes/elastic/filebeat/8.5.1/publication/installer-package-receipt.yaml;data/outcome-coverage/chart-outcomes.csv,todo,data/top100-readiness/readiness.csv,pass,recipes/elastic/filebeat/8.5.1/CATALOG.md;site/catalog.json
hashicorp/terraform,1.1.2,hashicorp/terraform@1.1.2,promote-after-review,next80-proof-grade,partial,75,run catalog promotion review,,pass,recipes/hashicorp/terraform/1.1.2/source-lock.yaml,pass,recipes/hashicorp/terraform/1.1.2/CATALOG.md,pass,recipes/hashicorp/terraform/1.1.2/revisions/default/r001/variant-revision.yaml,pass,recipes/hashicorp/terraform/1.1.2/helm-pain-report.yaml;recipes/hashicorp/terraform/1.1.2/control-points.yaml;data/outcome-coverage/feature-outcomes.csv,pass,recipes/hashicorp/terraform/1.1.2/control-points.yaml;recipes/hashicorp/terraform/1.1.2/value-model.yaml;recipes/hashicorp/terraform/1.1.2/helm-plan.yaml,todo,recipes/hashicorp/terraform/1.1.2/publication/installer-package-receipt.yaml;data/outcome-coverage/chart-outcomes.csv,todo,data/top100-readiness/readiness.csv,pass,recipes/hashicorp/terraform/1.1.2/CATALOG.md;site/catalog.json
coredns/coredns,1.45.2,coredns/coredns@1.45.2,needs-useful-variant,next80-proof-grade,partial,88,add at least one user-shaped variant before catalog promotion,,pass,recipes/coredns/coredns/1.45.2/source-lock.yaml,pass,recipes/coredns/coredns/1.45.2/CATALOG.md,pass,recipes/coredns/coredns/1.45.2/revisions/default/r001/variant-revision.yaml,pass,recipes/coredns/coredns/1.45.2/helm-pain-report.yaml;recipes/coredns/coredns/1.45.2/control-points.yaml;data/outcome-coverage/feature-outcomes.csv,pass,recipes/coredns/coredns/1.45.2/control-points.yaml;recipes/coredns/coredns/1.45.2/value-model.yaml;recipes/coredns/coredns/1.45.2/helm-plan.yaml,todo,recipes/coredns/coredns/1.45.2/publication/installer-package-receipt.yaml;data/outcome-coverage/chart-outcomes.csv,pass,data/outcome-coverage/base-outcomes.csv;data/live-kind-parity/summary.md;data/live-helm-confighub-compare/summary.md,pass,recipes/coredns/coredns/1.45.2/CATALOG.md;site/catalog.json
fairwinds-stable/vpa,4.11.0,fairwinds-stable/vpa@4.11.0,promote-after-review,next80-proof-grade,partial,88,review APIService render-path notes: current maintained bases do not render APIService objects; create a separate APIService-enabled base only if product chooses that path,,pass,recipes/fairwinds-stable/vpa/4.11.0/source-lock.yaml,pass,recipes/fairwinds-stable/vpa/4.11.0/CATALOG.md,pass,recipes/fairwinds-stable/vpa/4.11.0/revisions/default/r001/variant-revision.yaml,pass,recipes/fairwinds-stable/vpa/4.11.0/helm-pain-report.yaml;recipes/fairwinds-stable/vpa/4.11.0/control-points.yaml;data/outcome-coverage/feature-outcomes.csv,pass,recipes/fairwinds-stable/vpa/4.11.0/control-points.yaml;recipes/fairwinds-stable/vpa/4.11.0/value-model.yaml;recipes/fairwinds-stable/vpa/4.11.0/helm-plan.yaml,todo,recipes/fairwinds-stable/vpa/4.11.0/publication/installer-package-receipt.yaml;data/outcome-coverage/chart-outcomes.csv,pass,data/outcome-coverage/base-outcomes.csv;data/live-kind-parity/summary.md;data/live-helm-confighub-compare/summary.md,pass,recipes/fairwinds-stable/vpa/4.11.0/CATALOG.md;site/catalog.json
bitnami/phpmyadmin,20.0.0,bitnami/phpmyadmin@20.0.0,limitation-decision-first,next80-proof-grade,partial,88,review limitation before promotion: existing-secret (chart ships no Secret toggle),,pass,recipes/bitnami/phpmyadmin/20.0.0/source-lock.yaml,pass,recipes/bitnami/phpmyadmin/20.0.0/CATALOG.md,pass,recipes/bitnami/phpmyadmin/20.0.0/revisions/default/r001/variant-revision.yaml,pass,recipes/bitnami/phpmyadmin/20.0.0/helm-pain-report.yaml;recipes/bitnami/phpmyadmin/20.0.0/control-points.yaml;data/outcome-coverage/feature-outcomes.csv,pass,recipes/bitnami/phpmyadmin/20.0.0/control-points.yaml;recipes/bitnami/phpmyadmin/20.0.0/value-model.yaml;recipes/bitnami/phpmyadmin/20.0.0/helm-plan.yaml,todo,recipes/bitnami/phpmyadmin/20.0.0/publication/installer-package-receipt.yaml;data/outcome-coverage/chart-outcomes.csv,pass,data/outcome-coverage/base-outcomes.csv;data/live-kind-parity/summary.md;data/live-helm-confighub-compare/summary.md,pass,recipes/bitnami/phpmyadmin/20.0.0/CATALOG.md;site/catalog.json
karpenter/karpenter,1.14.0,karpenter/karpenter@1.14.0,not-ready,next80-proof-grade,partial,63,review source/current-version drift and refresh recipe if needed,,pass,recipes/karpenter/karpenter/1.14.0/source-lock.yaml,pass,recipes/karpenter/karpenter/1.14.0/CATALOG.md,todo,recipes/karpenter/karpenter/1.14.0/revisions/crds-managed/r001/variant-revision.yaml,pass,recipes/karpenter/karpenter/1.14.0/helm-pain-report.yaml;recipes/karpenter/karpenter/1.14.0/control-points.yaml;data/outcome-coverage/feature-outcomes.csv,pass,recipes/karpenter/karpenter/1.14.0/control-points.yaml;recipes/karpenter/karpenter/1.14.0/value-model.yaml;recipes/karpenter/karpenter/1.14.0/helm-plan.yaml,todo,recipes/karpenter/karpenter/1.14.0/publication/installer-package-receipt.yaml,todo,data/top100-readiness/readiness.csv,pass,recipes/karpenter/karpenter/1.14.0/CATALOG.md;site/catalog.json
prometheus-community/prometheus-pushgateway,3.6.0,prometheus-community/prometheus-pushgateway@3.6.0,needs-useful-variant,next80-proof-grade,partial,88,add at least one user-shaped variant before catalog promotion,,pass,recipes/prometheus-community/prometheus-pushgateway/3.6.0/source-lock.yaml,pass,recipes/prometheus-community/prometheus-pushgateway/3.6.0/CATALOG.md,pass,recipes/prometheus-community/prometheus-pushgateway/3.6.0/revisions/default/r001/variant-revision.yaml,pass,recipes/prometheus-community/prometheus-pushgateway/3.6.0/helm-pain-report.yaml;recipes/prometheus-community/prometheus-pushgateway/3.6.0/control-points.yaml;data/outcome-coverage/feature-outcomes.csv,pass,recipes/prometheus-community/prometheus-pushgateway/3.6.0/control-points.yaml;recipes/prometheus-community/prometheus-pushgateway/3.6.0/value-model.yaml;recipes/prometheus-community/prometheus-pushgateway/3.6.0/helm-plan.yaml,todo,recipes/prometheus-community/prometheus-pushgateway/3.6.0/publication/installer-package-receipt.yaml;data/outcome-coverage/chart-outcomes.csv,pass,data/outcome-coverage/base-outcomes.csv;data/live-kind-parity/summary.md;data/live-helm-confighub-compare/summary.md,pass,recipes/prometheus-community/prometheus-pushgateway/3.6.0/CATALOG.md;site/catalog.json
fluent/fluentd,0.5.3,fluent/fluentd@0.5.3,needs-useful-variant,next80-proof-grade,partial,88,add at least one user-shaped variant before catalog promotion,,pass,recipes/fluent/fluentd/0.5.3/source-lock.yaml,pass,recipes/fluent/fluentd/0.5.3/CATALOG.md,pass,recipes/fluent/fluentd/0.5.3/revisions/default/r001/variant-revision.yaml,pass,recipes/fluent/fluentd/0.5.3/helm-pain-report.yaml;recipes/fluent/fluentd/0.5.3/control-points.yaml;data/outcome-coverage/feature-outcomes.csv,pass,recipes/fluent/fluentd/0.5.3/control-points.yaml;recipes/fluent/fluentd/0.5.3/value-model.yaml;recipes/fluent/fluentd/0.5.3/helm-plan.yaml,todo,recipes/fluent/fluentd/0.5.3/publication/installer-package-receipt.yaml;data/outcome-coverage/chart-outcomes.csv,pass,data/outcome-coverage/base-outcomes.csv;data/live-kind-parity/summary.md;data/live-helm-confighub-compare/summary.md,pass,recipes/fluent/fluentd/0.5.3/CATALOG.md;site/catalog.json
jaegertracing/jaeger-operator,2.57.0,jaegertracing/jaeger-operator@2.57.0,promote-after-review,next80-proof-grade,partial,88,run catalog promotion review,,pass,recipes/jaegertracing/jaeger-operator/2.57.0/source-lock.yaml,pass,recipes/jaegertracing/jaeger-operator/2.57.0/CATALOG.md,pass,recipes/jaegertracing/jaeger-operator/2.57.0/revisions/default/r001/variant-revision.yaml,pass,recipes/jaegertracing/jaeger-operator/2.57.0/helm-pain-report.yaml;recipes/jaegertracing/jaeger-operator/2.57.0/control-points.yaml;data/outcome-coverage/feature-outcomes.csv,pass,recipes/jaegertracing/jaeger-operator/2.57.0/control-points.yaml;recipes/jaegertracing/jaeger-operator/2.57.0/value-model.yaml;recipes/jaegertracing/jaeger-operator/2.57.0/helm-plan.yaml,todo,recipes/jaegertracing/jaeger-operator/2.57.0/publication/installer-package-receipt.yaml;data/outcome-coverage/chart-outcomes.csv,pass,data/outcome-coverage/base-outcomes.csv;data/live-kind-parity/summary.md;data/live-helm-confighub-compare/summary.md,pass,recipes/jaegertracing/jaeger-operator/2.57.0/CATALOG.md;site/catalog.json
bitnami/memcached,8.5.5,bitnami/memcached@8.5.5,needs-useful-variant,next80-proof-grade,partial,88,add at least one user-shaped variant before catalog promotion,,pass,recipes/bitnami/memcached/8.5.5/source-lock.yaml,pass,recipes/bitnami/memcached/8.5.5/CATALOG.md,pass,recipes/bitnami/memcached/8.5.5/revisions/default/r001/variant-revision.yaml,pass,recipes/bitnami/memcached/8.5.5/helm-pain-report.yaml;recipes/bitnami/memcached/8.5.5/control-points.yaml;data/outcome-coverage/feature-outcomes.csv,pass,recipes/bitnami/memcached/8.5.5/control-points.yaml;recipes/bitnami/memcached/8.5.5/value-model.yaml;recipes/bitnami/memcached/8.5.5/helm-plan.yaml,todo,recipes/bitnami/memcached/8.5.5/publication/installer-package-receipt.yaml;data/outcome-coverage/chart-outcomes.csv,pass,data/outcome-coverage/base-outcomes.csv;data/live-kind-parity/summary.md;data/live-helm-confighub-compare/summary.md,pass,recipes/bitnami/memcached/8.5.5/CATALOG.md;site/catalog.json
strimzi/strimzi-kafka-operator,1.0.0,strimzi/strimzi-kafka-operator@1.0.0,promote-after-review,next80-proof-grade,partial,88,run catalog promotion review,,pass,recipes/strimzi/strimzi-kafka-operator/1.0.0/source-lock.yaml,pass,recipes/strimzi/strimzi-kafka-operator/1.0.0/CATALOG.md,pass,recipes/strimzi/strimzi-kafka-operator/1.0.0/revisions/default/r001/variant-revision.yaml,pass,recipes/strimzi/strimzi-kafka-operator/1.0.0/helm-pain-report.yaml;recipes/strimzi/strimzi-kafka-operator/1.0.0/control-points.yaml;data/outcome-coverage/feature-outcomes.csv,pass,recipes/strimzi/strimzi-kafka-operator/1.0.0/control-points.yaml;recipes/strimzi/strimzi-kafka-operator/1.0.0/value-model.yaml;recipes/strimzi/strimzi-kafka-operator/1.0.0/helm-plan.yaml,todo,recipes/strimzi/strimzi-kafka-operator/1.0.0/publication/installer-package-receipt.yaml;data/outcome-coverage/chart-outcomes.csv,pass,data/outcome-coverage/base-outcomes.csv;data/live-kind-parity/summary.md;data/live-helm-confighub-compare/summary.md,pass,recipes/strimzi/strimzi-kafka-operator/1.0.0/CATALOG.md;site/catalog.json
opencost/opencost,2.5.21,opencost/opencost@2.5.21,needs-useful-variant,next80-proof-grade,partial,75,add at least one user-shaped variant before catalog promotion,,pass,recipes/opencost/opencost/2.5.21/source-lock.yaml,pass,recipes/opencost/opencost/2.5.21/CATALOG.md,pass,recipes/opencost/opencost/2.5.21/revisions/default/r001/variant-revision.yaml,pass,recipes/opencost/opencost/2.5.21/helm-pain-report.yaml;recipes/opencost/opencost/2.5.21/control-points.yaml;data/outcome-coverage/feature-outcomes.csv,pass,recipes/opencost/opencost/2.5.21/control-points.yaml;recipes/opencost/opencost/2.5.21/value-model.yaml;recipes/opencost/opencost/2.5.21/helm-plan.yaml,todo,recipes/opencost/opencost/2.5.21/publication/installer-package-receipt.yaml;data/outcome-coverage/chart-outcomes.csv,todo,data/top100-readiness/readiness.csv,pass,recipes/opencost/opencost/2.5.21/CATALOG.md;site/catalog.json
gatekeeper/gatekeeper,3.22.2,gatekeeper/gatekeeper@3.22.2,promote-after-review,next80-proof-grade,partial,88,run catalog promotion review,,pass,recipes/gatekeeper/gatekeeper/3.22.2/source-lock.yaml,pass,recipes/gatekeeper/gatekeeper/3.22.2/CATALOG.md,pass,recipes/gatekeeper/gatekeeper/3.22.2/revisions/default/r001/variant-revision.yaml,pass,recipes/gatekeeper/gatekeeper/3.22.2/helm-pain-report.yaml;recipes/gatekeeper/gatekeeper/3.22.2/control-points.yaml;data/outcome-coverage/feature-outcomes.csv,pass,recipes/gatekeeper/gatekeeper/3.22.2/control-points.yaml;recipes/gatekeeper/gatekeeper/3.22.2/value-model.yaml;recipes/gatekeeper/gatekeeper/3.22.2/helm-plan.yaml,todo,recipes/gatekeeper/gatekeeper/3.22.2/publication/installer-package-receipt.yaml;data/outcome-coverage/chart-outcomes.csv,pass,data/outcome-coverage/base-outcomes.csv;data/live-kind-parity/summary.md;data/live-helm-confighub-compare/summary.md,pass,recipes/gatekeeper/gatekeeper/3.22.2/CATALOG.md;site/catalog.json
bitnami/contour,21.1.4,bitnami/contour@21.1.4,limitation-decision-first,next80-proof-grade,partial,88,review limitation before promotion: existing-secret (chart ships no Secret toggle),,pass,recipes/bitnami/contour/21.1.4/source-lock.yaml,pass,recipes/bitnami/contour/21.1.4/CATALOG.md,pass,recipes/bitnami/contour/21.1.4/revisions/default/r001/variant-revision.yaml,pass,recipes/bitnami/contour/21.1.4/helm-pain-report.yaml;recipes/bitnami/contour/21.1.4/control-points.yaml;data/outcome-coverage/feature-outcomes.csv,pass,recipes/bitnami/contour/21.1.4/control-points.yaml;recipes/bitnami/contour/21.1.4/value-model.yaml;recipes/bitnami/contour/21.1.4/helm-plan.yaml,todo,recipes/bitnami/contour/21.1.4/publication/installer-package-receipt.yaml;data/outcome-coverage/chart-outcomes.csv,pass,data/outcome-coverage/base-outcomes.csv;data/live-kind-parity/summary.md;data/live-helm-confighub-compare/summary.md,pass,recipes/bitnami/contour/21.1.4/CATALOG.md;site/catalog.json
valkey/valkey,0.11.0,valkey/valkey@0.11.0,needs-useful-variant,next80-proof-grade,partial,63,add at least one user-shaped variant before catalog promotion,,pass,recipes/valkey/valkey/0.11.0/source-lock.yaml,pass,recipes/valkey/valkey/0.11.0/CATALOG.md,todo,recipes/valkey/valkey/0.11.0/revisions/default/r001/variant-revision.yaml,pass,recipes/valkey/valkey/0.11.0/helm-pain-report.yaml;recipes/valkey/valkey/0.11.0/control-points.yaml;data/outcome-coverage/feature-outcomes.csv,pass,recipes/valkey/valkey/0.11.0/control-points.yaml;recipes/valkey/valkey/0.11.0/value-model.yaml;recipes/valkey/valkey/0.11.0/helm-plan.yaml,todo,recipes/valkey/valkey/0.11.0/publication/installer-package-receipt.yaml,todo,data/top100-readiness/readiness.csv,pass,recipes/valkey/valkey/0.11.0/CATALOG.md;site/catalog.json
kyverno/kyverno-policies,3.8.0,kyverno/kyverno-policies@3.8.0,needs-useful-variant,next80-proof-grade,partial,88,add at least one user-shaped variant before catalog promotion,,pass,recipes/kyverno/kyverno-policies/3.8.0/source-lock.yaml,pass,recipes/kyverno/kyverno-policies/3.8.0/CATALOG.md,pass,recipes/kyverno/kyverno-policies/3.8.0/revisions/default/r001/variant-revision.yaml,pass,recipes/kyverno/kyverno-policies/3.8.0/helm-pain-report.yaml;recipes/kyverno/kyverno-policies/3.8.0/control-points.yaml;data/outcome-coverage/feature-outcomes.csv,pass,recipes/kyverno/kyverno-policies/3.8.0/control-points.yaml;recipes/kyverno/kyverno-policies/3.8.0/value-model.yaml;recipes/kyverno/kyverno-policies/3.8.0/helm-plan.yaml,todo,recipes/kyverno/kyverno-policies/3.8.0/publication/installer-package-receipt.yaml;data/outcome-coverage/chart-outcomes.csv,pass,data/outcome-coverage/base-outcomes.csv;data/live-kind-parity/summary.md;data/live-helm-confighub-compare/summary.md,pass,recipes/kyverno/kyverno-policies/3.8.0/CATALOG.md;site/catalog.json
elastic/metricbeat,8.5.1,elastic/metricbeat@8.5.1,needs-useful-variant,next80-proof-grade,partial,75,add at least one user-shaped variant before catalog promotion,,pass,recipes/elastic/metricbeat/8.5.1/source-lock.yaml,pass,recipes/elastic/metricbeat/8.5.1/CATALOG.md,pass,recipes/elastic/metricbeat/8.5.1/revisions/default/r001/variant-revision.yaml,pass,recipes/elastic/metricbeat/8.5.1/helm-pain-report.yaml;recipes/elastic/metricbeat/8.5.1/control-points.yaml;data/outcome-coverage/feature-outcomes.csv,pass,recipes/elastic/metricbeat/8.5.1/control-points.yaml;recipes/elastic/metricbeat/8.5.1/value-model.yaml;recipes/elastic/metricbeat/8.5.1/helm-plan.yaml,todo,recipes/elastic/metricbeat/8.5.1/publication/installer-package-receipt.yaml;data/outcome-coverage/chart-outcomes.csv,todo,data/top100-readiness/readiness.csv,pass,recipes/elastic/metricbeat/8.5.1/CATALOG.md;site/catalog.json
minio-operator/operator,7.1.1,minio-operator/operator@7.1.1,needs-useful-variant,next80-proof-grade,partial,88,add at least one user-shaped variant before catalog promotion,,pass,recipes/minio-operator/operator/7.1.1/source-lock.yaml,pass,recipes/minio-operator/operator/7.1.1/CATALOG.md,pass,recipes/minio-operator/operator/7.1.1/revisions/default/r001/variant-revision.yaml,pass,recipes/minio-operator/operator/7.1.1/helm-pain-report.yaml;recipes/minio-operator/operator/7.1.1/control-points.yaml;data/outcome-coverage/feature-outcomes.csv,pass,recipes/minio-operator/operator/7.1.1/control-points.yaml;recipes/minio-operator/operator/7.1.1/value-model.yaml;recipes/minio-operator/operator/7.1.1/helm-plan.yaml,todo,recipes/minio-operator/operator/7.1.1/publication/installer-package-receipt.yaml;data/outcome-coverage/chart-outcomes.csv,pass,data/outcome-coverage/base-outcomes.csv;data/live-kind-parity/summary.md;data/live-helm-confighub-compare/summary.md,pass,recipes/minio-operator/operator/7.1.1/CATALOG.md;site/catalog.json
percona/pxc-operator,1.19.1,percona/pxc-operator@1.19.1,promote-after-review,next80-proof-grade,partial,88,run catalog promotion review,,pass,recipes/percona/pxc-operator/1.19.1/source-lock.yaml,pass,recipes/percona/pxc-operator/1.19.1/CATALOG.md,pass,recipes/percona/pxc-operator/1.19.1/revisions/default/r001/variant-revision.yaml,pass,recipes/percona/pxc-operator/1.19.1/helm-pain-report.yaml;recipes/percona/pxc-operator/1.19.1/control-points.yaml;data/outcome-coverage/feature-outcomes.csv,pass,recipes/percona/pxc-operator/1.19.1/control-points.yaml;recipes/percona/pxc-operator/1.19.1/value-model.yaml;recipes/percona/pxc-operator/1.19.1/helm-plan.yaml,todo,recipes/percona/pxc-operator/1.19.1/publication/installer-package-receipt.yaml;data/outcome-coverage/chart-outcomes.csv,pass,data/outcome-coverage/base-outcomes.csv;data/live-kind-parity/summary.md;data/live-helm-confighub-compare/summary.md,pass,recipes/percona/pxc-operator/1.19.1/CATALOG.md;site/catalog.json
bitnami/apache,11.4.29,bitnami/apache@11.4.29,limitation-decision-first,next80-proof-grade,partial,88,review limitation before promotion: existing-secret (chart ships no Secret toggle),,pass,recipes/bitnami/apache/11.4.29/source-lock.yaml,pass,recipes/bitnami/apache/11.4.29/CATALOG.md,pass,recipes/bitnami/apache/11.4.29/revisions/default/r001/variant-revision.yaml,pass,recipes/bitnami/apache/11.4.29/helm-pain-report.yaml;recipes/bitnami/apache/11.4.29/control-points.yaml;data/outcome-coverage/feature-outcomes.csv,pass,recipes/bitnami/apache/11.4.29/control-points.yaml;recipes/bitnami/apache/11.4.29/value-model.yaml;recipes/bitnami/apache/11.4.29/helm-plan.yaml,todo,recipes/bitnami/apache/11.4.29/publication/installer-package-receipt.yaml;data/outcome-coverage/chart-outcomes.csv,pass,data/outcome-coverage/base-outcomes.csv;data/live-kind-parity/summary.md;data/live-helm-confighub-compare/summary.md,pass,recipes/bitnami/apache/11.4.29/CATALOG.md;site/catalog.json
grafana/pyroscope,2.0.2,grafana/pyroscope@2.0.2,limitation-decision-first,next80-proof-grade,partial,88,review limitation before promotion: existing-secret (chart ships no Secret toggle),,pass,recipes/grafana/pyroscope/2.0.2/source-lock.yaml,pass,recipes/grafana/pyroscope/2.0.2/CATALOG.md,pass,recipes/grafana/pyroscope/2.0.2/revisions/default/r001/variant-revision.yaml,pass,recipes/grafana/pyroscope/2.0.2/helm-pain-report.yaml;recipes/grafana/pyroscope/2.0.2/control-points.yaml;data/outcome-coverage/feature-outcomes.csv,pass,recipes/grafana/pyroscope/2.0.2/control-points.yaml;recipes/grafana/pyroscope/2.0.2/value-model.yaml;recipes/grafana/pyroscope/2.0.2/helm-plan.yaml,todo,recipes/grafana/pyroscope/2.0.2/publication/installer-package-receipt.yaml;data/outcome-coverage/chart-outcomes.csv,pass,data/outcome-coverage/base-outcomes.csv;data/live-kind-parity/summary.md;data/live-helm-confighub-compare/summary.md,pass,recipes/grafana/pyroscope/2.0.2/CATALOG.md;site/catalog.json
aws-ebs-csi-driver/aws-ebs-csi-driver,2.60.1,aws-ebs-csi-driver/aws-ebs-csi-driver@2.60.1,needs-useful-variant,next80-proof-grade,partial,75,add at least one user-shaped variant before catalog promotion,,pass,recipes/aws-ebs-csi-driver/aws-ebs-csi-driver/2.60.1/source-lock.yaml,pass,recipes/aws-ebs-csi-driver/aws-ebs-csi-driver/2.60.1/CATALOG.md,pass,recipes/aws-ebs-csi-driver/aws-ebs-csi-driver/2.60.1/revisions/default/r001/variant-revision.yaml,pass,recipes/aws-ebs-csi-driver/aws-ebs-csi-driver/2.60.1/helm-pain-report.yaml;recipes/aws-ebs-csi-driver/aws-ebs-csi-driver/2.60.1/control-points.yaml;data/outcome-coverage/feature-outcomes.csv,pass,recipes/aws-ebs-csi-driver/aws-ebs-csi-driver/2.60.1/control-points.yaml;recipes/aws-ebs-csi-driver/aws-ebs-csi-driver/2.60.1/value-model.yaml;recipes/aws-ebs-csi-driver/aws-ebs-csi-driver/2.60.1/helm-plan.yaml,todo,recipes/aws-ebs-csi-driver/aws-ebs-csi-driver/2.60.1/publication/installer-package-receipt.yaml;data/outcome-coverage/chart-outcomes.csv,todo,data/top100-readiness/readiness.csv,pass,recipes/aws-ebs-csi-driver/aws-ebs-csi-driver/2.60.1/CATALOG.md;site/catalog.json
falcosecurity/falcosidekick,0.13.1,falcosecurity/falcosidekick@0.13.1,needs-useful-variant,next80-proof-grade,partial,88,add at least one user-shaped variant before catalog promotion,,pass,recipes/falcosecurity/falcosidekick/0.13.1/source-lock.yaml,pass,recipes/falcosecurity/falcosidekick/0.13.1/CATALOG.md,pass,recipes/falcosecurity/falcosidekick/0.13.1/revisions/default/r001/variant-revision.yaml,pass,recipes/falcosecurity/falcosidekick/0.13.1/helm-pain-report.yaml;recipes/falcosecurity/falcosidekick/0.13.1/control-points.yaml;data/outcome-coverage/feature-outcomes.csv,pass,recipes/falcosecurity/falcosidekick/0.13.1/control-points.yaml;recipes/falcosecurity/falcosidekick/0.13.1/value-model.yaml;recipes/falcosecurity/falcosidekick/0.13.1/helm-plan.yaml,todo,recipes/falcosecurity/falcosidekick/0.13.1/publication/installer-package-receipt.yaml;data/outcome-coverage/chart-outcomes.csv,pass,data/outcome-coverage/base-outcomes.csv;data/live-kind-parity/summary.md;data/live-helm-confighub-compare/summary.md,pass,recipes/falcosecurity/falcosidekick/0.13.1/CATALOG.md;site/catalog.json
aqua/trivy-operator,0.32.1,aqua/trivy-operator@0.32.1,promote-after-review,next80-proof-grade,partial,88,run catalog promotion review,,pass,recipes/aqua/trivy-operator/0.32.1/source-lock.yaml,pass,recipes/aqua/trivy-operator/0.32.1/CATALOG.md,pass,recipes/aqua/trivy-operator/0.32.1/revisions/default/r001/variant-revision.yaml,pass,recipes/aqua/trivy-operator/0.32.1/helm-pain-report.yaml;recipes/aqua/trivy-operator/0.32.1/control-points.yaml;data/outcome-coverage/feature-outcomes.csv,pass,recipes/aqua/trivy-operator/0.32.1/control-points.yaml;recipes/aqua/trivy-operator/0.32.1/value-model.yaml;recipes/aqua/trivy-operator/0.32.1/helm-plan.yaml,todo,recipes/aqua/trivy-operator/0.32.1/publication/installer-package-receipt.yaml;data/outcome-coverage/chart-outcomes.csv,pass,data/outcome-coverage/base-outcomes.csv;data/live-kind-parity/summary.md;data/live-helm-confighub-compare/summary.md,pass,recipes/aqua/trivy-operator/0.32.1/CATALOG.md;site/catalog.json
argo-cd/argo-events,2.4.21,argo-cd/argo-events@2.4.21,promote-after-review,next80-proof-grade,partial,88,run catalog promotion review,,pass,recipes/argo-cd/argo-events/2.4.21/source-lock.yaml,pass,recipes/argo-cd/argo-events/2.4.21/CATALOG.md,pass,recipes/argo-cd/argo-events/2.4.21/revisions/default/r001/variant-revision.yaml,pass,recipes/argo-cd/argo-events/2.4.21/helm-pain-report.yaml;recipes/argo-cd/argo-events/2.4.21/control-points.yaml;data/outcome-coverage/feature-outcomes.csv,pass,recipes/argo-cd/argo-events/2.4.21/control-points.yaml;recipes/argo-cd/argo-events/2.4.21/value-model.yaml;recipes/argo-cd/argo-events/2.4.21/helm-plan.yaml,todo,recipes/argo-cd/argo-events/2.4.21/publication/installer-package-receipt.yaml;data/outcome-coverage/chart-outcomes.csv,pass,data/outcome-coverage/base-outcomes.csv;data/live-kind-parity/summary.md;data/live-helm-confighub-compare/summary.md,pass,recipes/argo-cd/argo-events/2.4.21/CATALOG.md;site/catalog.json
argo-cd/argo-rollouts,2.40.9,argo-cd/argo-rollouts@2.40.9,promote-after-review,next80-proof-grade,partial,88,run catalog promotion review,,pass,recipes/argo-cd/argo-rollouts/2.40.9/source-lock.yaml,pass,recipes/argo-cd/argo-rollouts/2.40.9/CATALOG.md,pass,recipes/argo-cd/argo-rollouts/2.40.9/revisions/default/r001/variant-revision.yaml,pass,recipes/argo-cd/argo-rollouts/2.40.9/helm-pain-report.yaml;recipes/argo-cd/argo-rollouts/2.40.9/control-points.yaml;data/outcome-coverage/feature-outcomes.csv,pass,recipes/argo-cd/argo-rollouts/2.40.9/control-points.yaml;recipes/argo-cd/argo-rollouts/2.40.9/value-model.yaml;recipes/argo-cd/argo-rollouts/2.40.9/helm-plan.yaml,todo,recipes/argo-cd/argo-rollouts/2.40.9/publication/installer-package-receipt.yaml;data/outcome-coverage/chart-outcomes.csv,pass,data/outcome-coverage/base-outcomes.csv;data/live-kind-parity/summary.md;data/live-helm-confighub-compare/summary.md,pass,recipes/argo-cd/argo-rollouts/2.40.9/CATALOG.md;site/catalog.json
argo-cd/argo-workflows,1.0.14,argo-cd/argo-workflows@1.0.14,promote-after-review,next80-proof-grade,partial,88,run catalog promotion review,,pass,recipes/argo-cd/argo-workflows/1.0.14/source-lock.yaml,pass,recipes/argo-cd/argo-workflows/1.0.14/CATALOG.md,pass,recipes/argo-cd/argo-workflows/1.0.14/revisions/controller-default-reviewed/r001/variant-revision.yaml,pass,recipes/argo-cd/argo-workflows/1.0.14/helm-pain-report.yaml;recipes/argo-cd/argo-workflows/1.0.14/control-points.yaml;data/outcome-coverage/feature-outcomes.csv,pass,recipes/argo-cd/argo-workflows/1.0.14/control-points.yaml;recipes/argo-cd/argo-workflows/1.0.14/value-model.yaml;recipes/argo-cd/argo-workflows/1.0.14/helm-plan.yaml,todo,recipes/argo-cd/argo-workflows/1.0.14/publication/installer-package-receipt.yaml;data/outcome-coverage/chart-outcomes.csv,pass,data/outcome-coverage/base-outcomes.csv;data/live-kind-parity/summary.md;data/live-helm-confighub-compare/summary.md,pass,recipes/argo-cd/argo-workflows/1.0.14/CATALOG.md;site/catalog.json
argo-cd/argocd-image-updater,1.2.2,argo-cd/argocd-image-updater@1.2.2,needs-useful-variant,next80-proof-grade,partial,88,add at least one user-shaped variant before catalog promotion,,pass,recipes/argo-cd/argocd-image-updater/1.2.2/source-lock.yaml,pass,recipes/argo-cd/argocd-image-updater/1.2.2/CATALOG.md,pass,recipes/argo-cd/argocd-image-updater/1.2.2/revisions/default/r001/variant-revision.yaml,pass,recipes/argo-cd/argocd-image-updater/1.2.2/helm-pain-report.yaml;recipes/argo-cd/argocd-image-updater/1.2.2/control-points.yaml;data/outcome-coverage/feature-outcomes.csv,pass,recipes/argo-cd/argocd-image-updater/1.2.2/control-points.yaml;recipes/argo-cd/argocd-image-updater/1.2.2/value-model.yaml;recipes/argo-cd/argocd-image-updater/1.2.2/helm-plan.yaml,todo,recipes/argo-cd/argocd-image-updater/1.2.2/publication/installer-package-receipt.yaml;data/outcome-coverage/chart-outcomes.csv,pass,data/outcome-coverage/base-outcomes.csv;data/live-kind-parity/summary.md;data/live-helm-confighub-compare/summary.md,pass,recipes/argo-cd/argocd-image-updater/1.2.2/CATALOG.md;site/catalog.json
autoscaler/cluster-autoscaler,9.57.0,autoscaler/cluster-autoscaler@9.57.0,promote-after-review,next80-proof-grade,partial,88,run catalog promotion review,,pass,recipes/autoscaler/cluster-autoscaler/9.57.0/source-lock.yaml,pass,recipes/autoscaler/cluster-autoscaler/9.57.0/CATALOG.md,pass,recipes/autoscaler/cluster-autoscaler/9.57.0/revisions/controller-default-reviewed/r001/variant-revision.yaml,pass,recipes/autoscaler/cluster-autoscaler/9.57.0/helm-pain-report.yaml;recipes/autoscaler/cluster-autoscaler/9.57.0/control-points.yaml;data/outcome-coverage/feature-outcomes.csv,pass,recipes/autoscaler/cluster-autoscaler/9.57.0/control-points.yaml;recipes/autoscaler/cluster-autoscaler/9.57.0/value-model.yaml;recipes/autoscaler/cluster-autoscaler/9.57.0/helm-plan.yaml,todo,recipes/autoscaler/cluster-autoscaler/9.57.0/publication/installer-package-receipt.yaml;data/outcome-coverage/chart-outcomes.csv,pass,data/outcome-coverage/base-outcomes.csv;data/live-kind-parity/summary.md;data/live-helm-confighub-compare/summary.md,pass,recipes/autoscaler/cluster-autoscaler/9.57.0/CATALOG.md;site/catalog.json
autoscaler/vertical-pod-autoscaler,0.9.0,autoscaler/vertical-pod-autoscaler@0.9.0,promote-after-review,next80-proof-grade,partial,88,run catalog promotion review,,pass,recipes/autoscaler/vertical-pod-autoscaler/0.9.0/source-lock.yaml,pass,recipes/autoscaler/vertical-pod-autoscaler/0.9.0/CATALOG.md,pass,recipes/autoscaler/vertical-pod-autoscaler/0.9.0/revisions/default/r001/variant-revision.yaml,pass,recipes/autoscaler/vertical-pod-autoscaler/0.9.0/helm-pain-report.yaml;recipes/autoscaler/vertical-pod-autoscaler/0.9.0/control-points.yaml;data/outcome-coverage/feature-outcomes.csv,pass,recipes/autoscaler/vertical-pod-autoscaler/0.9.0/control-points.yaml;recipes/autoscaler/vertical-pod-autoscaler/0.9.0/value-model.yaml;recipes/autoscaler/vertical-pod-autoscaler/0.9.0/helm-plan.yaml,todo,recipes/autoscaler/vertical-pod-autoscaler/0.9.0/publication/installer-package-receipt.yaml;data/outcome-coverage/chart-outcomes.csv,pass,data/outcome-coverage/base-outcomes.csv;data/live-kind-parity/summary.md;data/live-helm-confighub-compare/summary.md,pass,recipes/autoscaler/vertical-pod-autoscaler/0.9.0/CATALOG.md;site/catalog.json
aws-controllers-k8s/ec2-chart,1.18.4,aws-controllers-k8s/ec2-chart@1.18.4,not-ready,next80-proof-grade,partial,63,review chart analysis and create a recipe candidate,,pass,recipes/aws-controllers-k8s/ec2-chart/1.18.4/source-lock.yaml,pass,recipes/aws-controllers-k8s/ec2-chart/1.18.4/CATALOG.md,todo,recipes/aws-controllers-k8s/ec2-chart/1.18.4/revisions/default/r001/variant-revision.yaml,pass,recipes/aws-controllers-k8s/ec2-chart/1.18.4/helm-pain-report.yaml;recipes/aws-controllers-k8s/ec2-chart/1.18.4/control-points.yaml;data/outcome-coverage/feature-outcomes.csv,pass,recipes/aws-controllers-k8s/ec2-chart/1.18.4/control-points.yaml;recipes/aws-controllers-k8s/ec2-chart/1.18.4/value-model.yaml;recipes/aws-controllers-k8s/ec2-chart/1.18.4/helm-plan.yaml,todo,recipes/aws-controllers-k8s/ec2-chart/1.18.4/publication/installer-package-receipt.yaml,todo,data/top100-readiness/readiness.csv,pass,recipes/aws-controllers-k8s/ec2-chart/1.18.4/CATALOG.md;site/catalog.json
aws-controllers-k8s/eks-chart,1.16.3,aws-controllers-k8s/eks-chart@1.16.3,not-ready,next80-proof-grade,partial,63,review chart analysis and create a recipe candidate,,pass,recipes/aws-controllers-k8s/eks-chart/1.16.3/source-lock.yaml,pass,recipes/aws-controllers-k8s/eks-chart/1.16.3/CATALOG.md,todo,recipes/aws-controllers-k8s/eks-chart/1.16.3/revisions/default/r001/variant-revision.yaml,pass,recipes/aws-controllers-k8s/eks-chart/1.16.3/helm-pain-report.yaml;recipes/aws-controllers-k8s/eks-chart/1.16.3/control-points.yaml;data/outcome-coverage/feature-outcomes.csv,pass,recipes/aws-controllers-k8s/eks-chart/1.16.3/control-points.yaml;recipes/aws-controllers-k8s/eks-chart/1.16.3/value-model.yaml;recipes/aws-controllers-k8s/eks-chart/1.16.3/helm-plan.yaml,todo,recipes/aws-controllers-k8s/eks-chart/1.16.3/publication/installer-package-receipt.yaml,todo,data/top100-readiness/readiness.csv,pass,recipes/aws-controllers-k8s/eks-chart/1.16.3/CATALOG.md;site/catalog.json
aws-controllers-k8s/iam-chart,1.7.3,aws-controllers-k8s/iam-chart@1.7.3,not-ready,next80-proof-grade,partial,63,review chart analysis and create a recipe candidate,,pass,recipes/aws-controllers-k8s/iam-chart/1.7.3/source-lock.yaml,pass,recipes/aws-controllers-k8s/iam-chart/1.7.3/CATALOG.md,todo,recipes/aws-controllers-k8s/iam-chart/1.7.3/revisions/default/r001/variant-revision.yaml,pass,recipes/aws-controllers-k8s/iam-chart/1.7.3/helm-pain-report.yaml;recipes/aws-controllers-k8s/iam-chart/1.7.3/control-points.yaml;data/outcome-coverage/feature-outcomes.csv,pass,recipes/aws-controllers-k8s/iam-chart/1.7.3/control-points.yaml;recipes/aws-controllers-k8s/iam-chart/1.7.3/value-model.yaml;recipes/aws-controllers-k8s/iam-chart/1.7.3/helm-plan.yaml,todo,recipes/aws-controllers-k8s/iam-chart/1.7.3/publication/installer-package-receipt.yaml,todo,data/top100-readiness/readiness.csv,pass,recipes/aws-controllers-k8s/iam-chart/1.7.3/CATALOG.md;site/catalog.json
bitnami/opensearch,2.0.10,bitnami/opensearch@2.0.10,promote-after-review,next80-proof-grade,partial,88,run catalog promotion review,,pass,recipes/bitnami/opensearch/2.0.10/source-lock.yaml,pass,recipes/bitnami/opensearch/2.0.10/CATALOG.md,pass,recipes/bitnami/opensearch/2.0.10/revisions/default/r001/variant-revision.yaml,pass,recipes/bitnami/opensearch/2.0.10/helm-pain-report.yaml;recipes/bitnami/opensearch/2.0.10/control-points.yaml;data/outcome-coverage/feature-outcomes.csv,pass,recipes/bitnami/opensearch/2.0.10/control-points.yaml;recipes/bitnami/opensearch/2.0.10/value-model.yaml;recipes/bitnami/opensearch/2.0.10/helm-plan.yaml,todo,recipes/bitnami/opensearch/2.0.10/publication/installer-package-receipt.yaml;data/outcome-coverage/chart-outcomes.csv,pass,data/outcome-coverage/base-outcomes.csv;data/live-kind-parity/summary.md;data/live-helm-confighub-compare/summary.md,pass,recipes/bitnami/opensearch/2.0.10/CATALOG.md;site/catalog.json
cloudpirates/nginx,0.16.1,cloudpirates/nginx@0.16.1,needs-useful-variant,next80-proof-grade,partial,63,add at least one user-shaped variant before catalog promotion,,pass,recipes/cloudpirates/nginx/0.16.1/source-lock.yaml,pass,recipes/cloudpirates/nginx/0.16.1/CATALOG.md,todo,recipes/cloudpirates/nginx/0.16.1/revisions/default/r001/variant-revision.yaml,pass,recipes/cloudpirates/nginx/0.16.1/helm-pain-report.yaml;recipes/cloudpirates/nginx/0.16.1/control-points.yaml;data/outcome-coverage/feature-outcomes.csv,pass,recipes/cloudpirates/nginx/0.16.1/control-points.yaml;recipes/cloudpirates/nginx/0.16.1/value-model.yaml;recipes/cloudpirates/nginx/0.16.1/helm-plan.yaml,todo,recipes/cloudpirates/nginx/0.16.1/publication/installer-package-receipt.yaml,todo,data/top100-readiness/readiness.csv,pass,recipes/cloudpirates/nginx/0.16.1/CATALOG.md;site/catalog.json
cloudpirates/rabbitmq,0.21.13,cloudpirates/rabbitmq@0.21.13,needs-useful-variant,next80-proof-grade,partial,63,add at least one user-shaped variant before catalog promotion,,pass,recipes/cloudpirates/rabbitmq/0.21.13/source-lock.yaml,pass,recipes/cloudpirates/rabbitmq/0.21.13/CATALOG.md,todo,recipes/cloudpirates/rabbitmq/0.21.13/revisions/default/r001/variant-revision.yaml,pass,recipes/cloudpirates/rabbitmq/0.21.13/helm-pain-report.yaml;recipes/cloudpirates/rabbitmq/0.21.13/control-points.yaml;data/outcome-coverage/feature-outcomes.csv,pass,recipes/cloudpirates/rabbitmq/0.21.13/control-points.yaml;recipes/cloudpirates/rabbitmq/0.21.13/value-model.yaml;recipes/cloudpirates/rabbitmq/0.21.13/helm-plan.yaml,todo,recipes/cloudpirates/rabbitmq/0.21.13/publication/installer-package-receipt.yaml,todo,data/top100-readiness/readiness.csv,pass,recipes/cloudpirates/rabbitmq/0.21.13/CATALOG.md;site/catalog.json
cloudpirates/redis,0.34.11,cloudpirates/redis@0.34.11,needs-useful-variant,next80-proof-grade,partial,63,add at least one user-shaped variant before catalog promotion,,pass,recipes/cloudpirates/redis/0.34.11/source-lock.yaml,pass,recipes/cloudpirates/redis/0.34.11/CATALOG.md,todo,recipes/cloudpirates/redis/0.34.11/revisions/default/r001/variant-revision.yaml,pass,recipes/cloudpirates/redis/0.34.11/helm-pain-report.yaml;recipes/cloudpirates/redis/0.34.11/control-points.yaml;data/outcome-coverage/feature-outcomes.csv,pass,recipes/cloudpirates/redis/0.34.11/control-points.yaml;recipes/cloudpirates/redis/0.34.11/value-model.yaml;recipes/cloudpirates/redis/0.34.11/helm-plan.yaml,todo,recipes/cloudpirates/redis/0.34.11/publication/installer-package-receipt.yaml,todo,data/top100-readiness/readiness.csv,pass,recipes/cloudpirates/redis/0.34.11/CATALOG.md;site/catalog.json
crossplane-stable/crossplane,2.3.1,crossplane-stable/crossplane@2.3.1,needs-useful-variant,next80-proof-grade,partial,88,add at least one user-shaped variant before catalog promotion,,pass,recipes/crossplane-stable/crossplane/2.3.1/source-lock.yaml,pass,recipes/crossplane-stable/crossplane/2.3.1/CATALOG.md,pass,recipes/crossplane-stable/crossplane/2.3.1/revisions/default/r001/variant-revision.yaml,pass,recipes/crossplane-stable/crossplane/2.3.1/helm-pain-report.yaml;recipes/crossplane-stable/crossplane/2.3.1/control-points.yaml;data/outcome-coverage/feature-outcomes.csv,pass,recipes/crossplane-stable/crossplane/2.3.1/control-points.yaml;recipes/crossplane-stable/crossplane/2.3.1/value-model.yaml;recipes/crossplane-stable/crossplane/2.3.1/helm-plan.yaml,todo,recipes/crossplane-stable/crossplane/2.3.1/publication/installer-package-receipt.yaml;data/outcome-coverage/chart-outcomes.csv,pass,data/outcome-coverage/base-outcomes.csv;data/live-kind-parity/summary.md;data/live-helm-confighub-compare/summary.md,pass,recipes/crossplane-stable/crossplane/2.3.1/CATALOG.md;site/catalog.json
grafana/promtail,6.17.1,grafana/promtail@6.17.1,needs-useful-variant,next80-proof-grade,partial,88,add at least one user-shaped variant before catalog promotion,,pass,recipes/grafana/promtail/6.17.1/source-lock.yaml,pass,recipes/grafana/promtail/6.17.1/CATALOG.md,pass,recipes/grafana/promtail/6.17.1/revisions/default/r001/variant-revision.yaml,pass,recipes/grafana/promtail/6.17.1/helm-pain-report.yaml;recipes/grafana/promtail/6.17.1/control-points.yaml;data/outcome-coverage/feature-outcomes.csv,pass,recipes/grafana/promtail/6.17.1/control-points.yaml;recipes/grafana/promtail/6.17.1/value-model.yaml;recipes/grafana/promtail/6.17.1/helm-plan.yaml,todo,recipes/grafana/promtail/6.17.1/publication/installer-package-receipt.yaml;data/outcome-coverage/chart-outcomes.csv,pass,data/outcome-coverage/base-outcomes.csv;data/live-kind-parity/summary.md;data/live-helm-confighub-compare/summary.md,pass,recipes/grafana/promtail/6.17.1/CATALOG.md;site/catalog.json
grafana/rollout-operator,0.49.0,grafana/rollout-operator@0.49.0,promote-after-review,next80-proof-grade,partial,88,run catalog promotion review,,pass,recipes/grafana/rollout-operator/0.49.0/source-lock.yaml,pass,recipes/grafana/rollout-operator/0.49.0/CATALOG.md,pass,recipes/grafana/rollout-operator/0.49.0/revisions/default/r001/variant-revision.yaml,pass,recipes/grafana/rollout-operator/0.49.0/helm-pain-report.yaml;recipes/grafana/rollout-operator/0.49.0/control-points.yaml;data/outcome-coverage/feature-outcomes.csv,pass,recipes/grafana/rollout-operator/0.49.0/control-points.yaml;recipes/grafana/rollout-operator/0.49.0/value-model.yaml;recipes/grafana/rollout-operator/0.49.0/helm-plan.yaml,todo,recipes/grafana/rollout-operator/0.49.0/publication/installer-package-receipt.yaml;data/outcome-coverage/chart-outcomes.csv,pass,data/outcome-coverage/base-outcomes.csv;data/live-kind-parity/summary.md;data/live-helm-confighub-compare/summary.md,pass,recipes/grafana/rollout-operator/0.49.0/CATALOG.md;site/catalog.json
haproxytech/kubernetes-ingress,1.52.0,haproxytech/kubernetes-ingress@1.52.0,needs-useful-variant,next80-proof-grade,partial,88,add at least one user-shaped variant before catalog promotion,,pass,recipes/haproxytech/kubernetes-ingress/1.52.0/source-lock.yaml,pass,recipes/haproxytech/kubernetes-ingress/1.52.0/CATALOG.md,pass,recipes/haproxytech/kubernetes-ingress/1.52.0/revisions/default/r001/variant-revision.yaml,pass,recipes/haproxytech/kubernetes-ingress/1.52.0/helm-pain-report.yaml;recipes/haproxytech/kubernetes-ingress/1.52.0/control-points.yaml;data/outcome-coverage/feature-outcomes.csv,pass,recipes/haproxytech/kubernetes-ingress/1.52.0/control-points.yaml;recipes/haproxytech/kubernetes-ingress/1.52.0/value-model.yaml;recipes/haproxytech/kubernetes-ingress/1.52.0/helm-plan.yaml,todo,recipes/haproxytech/kubernetes-ingress/1.52.0/publication/installer-package-receipt.yaml;data/outcome-coverage/chart-outcomes.csv,pass,data/outcome-coverage/base-outcomes.csv;data/live-kind-parity/summary.md;data/live-helm-confighub-compare/summary.md,pass,recipes/haproxytech/kubernetes-ingress/1.52.0/CATALOG.md;site/catalog.json
istio/gateway,1.30.0,istio/gateway@1.30.0,promote-after-review,next80-proof-grade,partial,75,run catalog promotion review,,pass,recipes/istio/gateway/1.30.0/source-lock.yaml,pass,recipes/istio/gateway/1.30.0/CATALOG.md,pass,recipes/istio/gateway/1.30.0/revisions/controller-default-reviewed/r001/variant-revision.yaml,pass,recipes/istio/gateway/1.30.0/helm-pain-report.yaml;recipes/istio/gateway/1.30.0/control-points.yaml;data/outcome-coverage/feature-outcomes.csv,pass,recipes/istio/gateway/1.30.0/control-points.yaml;recipes/istio/gateway/1.30.0/value-model.yaml;recipes/istio/gateway/1.30.0/helm-plan.yaml,todo,recipes/istio/gateway/1.30.0/publication/installer-package-receipt.yaml;data/outcome-coverage/chart-outcomes.csv,todo,data/top100-readiness/readiness.csv,pass,recipes/istio/gateway/1.30.0/CATALOG.md;site/catalog.json
istio/istiod,1.30.0,istio/istiod@1.30.0,needs-useful-variant,next80-proof-grade,partial,75,add at least one user-shaped variant before catalog promotion,,pass,recipes/istio/istiod/1.30.0/source-lock.yaml,pass,recipes/istio/istiod/1.30.0/CATALOG.md,pass,recipes/istio/istiod/1.30.0/revisions/default/r001/variant-revision.yaml,pass,recipes/istio/istiod/1.30.0/helm-pain-report.yaml;recipes/istio/istiod/1.30.0/control-points.yaml;data/outcome-coverage/feature-outcomes.csv,pass,recipes/istio/istiod/1.30.0/control-points.yaml;recipes/istio/istiod/1.30.0/value-model.yaml;recipes/istio/istiod/1.30.0/helm-plan.yaml,todo,recipes/istio/istiod/1.30.0/publication/installer-package-receipt.yaml;data/outcome-coverage/chart-outcomes.csv,todo,data/top100-readiness/readiness.csv,pass,recipes/istio/istiod/1.30.0/CATALOG.md;site/catalog.json
jetstack/cert-manager-csi-driver,v0.14.0,jetstack/cert-manager-csi-driver@v0.14.0,needs-useful-variant,next80-proof-grade,partial,88,add at least one user-shaped variant before catalog promotion,,pass,recipes/jetstack/cert-manager-csi-driver/v0.14.0/source-lock.yaml,pass,recipes/jetstack/cert-manager-csi-driver/v0.14.0/CATALOG.md,pass,recipes/jetstack/cert-manager-csi-driver/v0.14.0/revisions/default/r001/variant-revision.yaml,pass,recipes/jetstack/cert-manager-csi-driver/v0.14.0/helm-pain-report.yaml;recipes/jetstack/cert-manager-csi-driver/v0.14.0/control-points.yaml;data/outcome-coverage/feature-outcomes.csv,pass,recipes/jetstack/cert-manager-csi-driver/v0.14.0/control-points.yaml;recipes/jetstack/cert-manager-csi-driver/v0.14.0/value-model.yaml;recipes/jetstack/cert-manager-csi-driver/v0.14.0/helm-plan.yaml,todo,recipes/jetstack/cert-manager-csi-driver/v0.14.0/publication/installer-package-receipt.yaml;data/outcome-coverage/chart-outcomes.csv,pass,data/outcome-coverage/base-outcomes.csv;data/live-kind-parity/summary.md;data/live-helm-confighub-compare/summary.md,pass,recipes/jetstack/cert-manager-csi-driver/v0.14.0/CATALOG.md;site/catalog.json
jetstack/trust-manager,v0.22.1,jetstack/trust-manager@v0.22.1,promote-after-review,next80-proof-grade,partial,88,run catalog promotion review,,pass,recipes/jetstack/trust-manager/v0.22.1/source-lock.yaml,pass,recipes/jetstack/trust-manager/v0.22.1/CATALOG.md,pass,recipes/jetstack/trust-manager/v0.22.1/revisions/default/r001/variant-revision.yaml,pass,recipes/jetstack/trust-manager/v0.22.1/helm-pain-report.yaml;recipes/jetstack/trust-manager/v0.22.1/control-points.yaml;data/outcome-coverage/feature-outcomes.csv,pass,recipes/jetstack/trust-manager/v0.22.1/control-points.yaml;recipes/jetstack/trust-manager/v0.22.1/value-model.yaml;recipes/jetstack/trust-manager/v0.22.1/helm-plan.yaml,todo,recipes/jetstack/trust-manager/v0.22.1/publication/installer-package-receipt.yaml;data/outcome-coverage/chart-outcomes.csv,pass,data/outcome-coverage/base-outcomes.csv;data/live-kind-parity/summary.md;data/live-helm-confighub-compare/summary.md,pass,recipes/jetstack/trust-manager/v0.22.1/CATALOG.md;site/catalog.json
linkerd/linkerd-crds,1.8.0,linkerd/linkerd-crds@1.8.0,needs-useful-variant,next80-proof-grade,partial,88,add at least one user-shaped variant before catalog promotion,,pass,recipes/linkerd/linkerd-crds/1.8.0/source-lock.yaml,pass,recipes/linkerd/linkerd-crds/1.8.0/CATALOG.md,pass,recipes/linkerd/linkerd-crds/1.8.0/revisions/default/r001/variant-revision.yaml,pass,recipes/linkerd/linkerd-crds/1.8.0/helm-pain-report.yaml;recipes/linkerd/linkerd-crds/1.8.0/control-points.yaml;data/outcome-coverage/feature-outcomes.csv,pass,recipes/linkerd/linkerd-crds/1.8.0/control-points.yaml;recipes/linkerd/linkerd-crds/1.8.0/value-model.yaml;recipes/linkerd/linkerd-crds/1.8.0/helm-plan.yaml,todo,recipes/linkerd/linkerd-crds/1.8.0/publication/installer-package-receipt.yaml;data/outcome-coverage/chart-outcomes.csv,pass,data/outcome-coverage/base-outcomes.csv;data/live-kind-parity/summary.md;data/live-helm-confighub-compare/summary.md,pass,recipes/linkerd/linkerd-crds/1.8.0/CATALOG.md;site/catalog.json
minio-operator/tenant,7.1.1,minio-operator/tenant@7.1.1,needs-useful-variant,next80-proof-grade,partial,88,add at least one user-shaped variant before catalog promotion,,pass,recipes/minio-operator/tenant/7.1.1/source-lock.yaml,pass,recipes/minio-operator/tenant/7.1.1/CATALOG.md,pass,recipes/minio-operator/tenant/7.1.1/revisions/default/r001/variant-revision.yaml,pass,recipes/minio-operator/tenant/7.1.1/helm-pain-report.yaml;recipes/minio-operator/tenant/7.1.1/control-points.yaml;data/outcome-coverage/feature-outcomes.csv,pass,recipes/minio-operator/tenant/7.1.1/control-points.yaml;recipes/minio-operator/tenant/7.1.1/value-model.yaml;recipes/minio-operator/tenant/7.1.1/helm-plan.yaml,todo,recipes/minio-operator/tenant/7.1.1/publication/installer-package-receipt.yaml;data/outcome-coverage/chart-outcomes.csv,pass,data/outcome-coverage/base-outcomes.csv;data/live-kind-parity/summary.md;data/live-helm-confighub-compare/summary.md,pass,recipes/minio-operator/tenant/7.1.1/CATALOG.md;site/catalog.json
nats/nack,0.34.0,nats/nack@0.34.0,promote-after-review,next80-proof-grade,partial,88,run catalog promotion review,,pass,recipes/nats/nack/0.34.0/source-lock.yaml,pass,recipes/nats/nack/0.34.0/CATALOG.md,pass,recipes/nats/nack/0.34.0/revisions/default/r001/variant-revision.yaml,pass,recipes/nats/nack/0.34.0/helm-pain-report.yaml;recipes/nats/nack/0.34.0/control-points.yaml;data/outcome-coverage/feature-outcomes.csv,pass,recipes/nats/nack/0.34.0/control-points.yaml;recipes/nats/nack/0.34.0/value-model.yaml;recipes/nats/nack/0.34.0/helm-plan.yaml,todo,recipes/nats/nack/0.34.0/publication/installer-package-receipt.yaml;data/outcome-coverage/chart-outcomes.csv,pass,data/outcome-coverage/base-outcomes.csv;data/live-kind-parity/summary.md;data/live-helm-confighub-compare/summary.md,pass,recipes/nats/nack/0.34.0/CATALOG.md;site/catalog.json
nats/surveyor,0.20.9,nats/surveyor@0.20.9,promote-after-review,next80-proof-grade,partial,75,run catalog promotion review,,pass,recipes/nats/surveyor/0.20.9/source-lock.yaml,pass,recipes/nats/surveyor/0.20.9/CATALOG.md,pass,recipes/nats/surveyor/0.20.9/revisions/default/r001/variant-revision.yaml,pass,recipes/nats/surveyor/0.20.9/helm-pain-report.yaml;recipes/nats/surveyor/0.20.9/control-points.yaml;data/outcome-coverage/feature-outcomes.csv,pass,recipes/nats/surveyor/0.20.9/control-points.yaml;recipes/nats/surveyor/0.20.9/value-model.yaml;recipes/nats/surveyor/0.20.9/helm-plan.yaml,todo,recipes/nats/surveyor/0.20.9/publication/installer-package-receipt.yaml;data/outcome-coverage/chart-outcomes.csv,todo,data/top100-readiness/readiness.csv,pass,recipes/nats/surveyor/0.20.9/CATALOG.md;site/catalog.json
nvidia/nvidia-device-plugin,0.19.3,nvidia/nvidia-device-plugin@0.19.3,not-ready,next80-proof-grade,partial,63,review chart analysis and create a recipe candidate,,pass,recipes/nvidia/nvidia-device-plugin/0.19.3/source-lock.yaml,pass,recipes/nvidia/nvidia-device-plugin/0.19.3/CATALOG.md,todo,recipes/nvidia/nvidia-device-plugin/0.19.3/revisions/default/r001/variant-revision.yaml,pass,recipes/nvidia/nvidia-device-plugin/0.19.3/helm-pain-report.yaml;recipes/nvidia/nvidia-device-plugin/0.19.3/control-points.yaml;data/outcome-coverage/feature-outcomes.csv,pass,recipes/nvidia/nvidia-device-plugin/0.19.3/control-points.yaml;recipes/nvidia/nvidia-device-plugin/0.19.3/value-model.yaml;recipes/nvidia/nvidia-device-plugin/0.19.3/helm-plan.yaml,todo,recipes/nvidia/nvidia-device-plugin/0.19.3/publication/installer-package-receipt.yaml,todo,data/top100-readiness/readiness.csv,pass,recipes/nvidia/nvidia-device-plugin/0.19.3/CATALOG.md;site/catalog.json
open-telemetry/opentelemetry-operator,0.114.0,open-telemetry/opentelemetry-operator@0.114.0,promote-after-review,next80-proof-grade,partial,88,run catalog promotion review,,pass,recipes/open-telemetry/opentelemetry-operator/0.114.0/source-lock.yaml,pass,recipes/open-telemetry/opentelemetry-operator/0.114.0/CATALOG.md,pass,recipes/open-telemetry/opentelemetry-operator/0.114.0/revisions/default/r001/variant-revision.yaml,pass,recipes/open-telemetry/opentelemetry-operator/0.114.0/helm-pain-report.yaml;recipes/open-telemetry/opentelemetry-operator/0.114.0/control-points.yaml;data/outcome-coverage/feature-outcomes.csv,pass,recipes/open-telemetry/opentelemetry-operator/0.114.0/control-points.yaml;recipes/open-telemetry/opentelemetry-operator/0.114.0/value-model.yaml;recipes/open-telemetry/opentelemetry-operator/0.114.0/helm-plan.yaml,todo,recipes/open-telemetry/opentelemetry-operator/0.114.0/publication/installer-package-receipt.yaml;data/outcome-coverage/chart-outcomes.csv,pass,data/outcome-coverage/base-outcomes.csv;data/live-kind-parity/summary.md;data/live-helm-confighub-compare/summary.md,pass,recipes/open-telemetry/opentelemetry-operator/0.114.0/CATALOG.md;site/catalog.json
percona/pg-operator,3.0.0,percona/pg-operator@3.0.0,promote-after-review,next80-proof-grade,partial,88,run catalog promotion review,,pass,recipes/percona/pg-operator/3.0.0/source-lock.yaml,pass,recipes/percona/pg-operator/3.0.0/CATALOG.md,pass,recipes/percona/pg-operator/3.0.0/revisions/default/r001/variant-revision.yaml,pass,recipes/percona/pg-operator/3.0.0/helm-pain-report.yaml;recipes/percona/pg-operator/3.0.0/control-points.yaml;data/outcome-coverage/feature-outcomes.csv,pass,recipes/percona/pg-operator/3.0.0/control-points.yaml;recipes/percona/pg-operator/3.0.0/value-model.yaml;recipes/percona/pg-operator/3.0.0/helm-plan.yaml,todo,recipes/percona/pg-operator/3.0.0/publication/installer-package-receipt.yaml;data/outcome-coverage/chart-outcomes.csv,pass,data/outcome-coverage/base-outcomes.csv;data/live-kind-parity/summary.md;data/live-helm-confighub-compare/summary.md,pass,recipes/percona/pg-operator/3.0.0/CATALOG.md;site/catalog.json
percona/psmdb-operator,1.22.0,percona/psmdb-operator@1.22.0,promote-after-review,next80-proof-grade,partial,88,run catalog promotion review,,pass,recipes/percona/psmdb-operator/1.22.0/source-lock.yaml,pass,recipes/percona/psmdb-operator/1.22.0/CATALOG.md,pass,recipes/percona/psmdb-operator/1.22.0/revisions/default/r001/variant-revision.yaml,pass,recipes/percona/psmdb-operator/1.22.0/helm-pain-report.yaml;recipes/percona/psmdb-operator/1.22.0/control-points.yaml;data/outcome-coverage/feature-outcomes.csv,pass,recipes/percona/psmdb-operator/1.22.0/control-points.yaml;recipes/percona/psmdb-operator/1.22.0/value-model.yaml;recipes/percona/psmdb-operator/1.22.0/helm-plan.yaml,todo,recipes/percona/psmdb-operator/1.22.0/publication/installer-package-receipt.yaml;data/outcome-coverage/chart-outcomes.csv,pass,data/outcome-coverage/base-outcomes.csv;data/live-kind-parity/summary.md;data/live-helm-confighub-compare/summary.md,pass,recipes/percona/psmdb-operator/1.22.0/CATALOG.md;site/catalog.json
rook-release/rook-ceph,v1.19.5,rook-release/rook-ceph@v1.19.5,needs-useful-variant,next80-proof-grade,partial,88,add at least one user-shaped variant before catalog promotion,,pass,recipes/rook-release/rook-ceph/v1.19.5/source-lock.yaml,pass,recipes/rook-release/rook-ceph/v1.19.5/CATALOG.md,pass,recipes/rook-release/rook-ceph/v1.19.5/revisions/default/r001/variant-revision.yaml,pass,recipes/rook-release/rook-ceph/v1.19.5/helm-pain-report.yaml;recipes/rook-release/rook-ceph/v1.19.5/control-points.yaml;data/outcome-coverage/feature-outcomes.csv,pass,recipes/rook-release/rook-ceph/v1.19.5/control-points.yaml;recipes/rook-release/rook-ceph/v1.19.5/value-model.yaml;recipes/rook-release/rook-ceph/v1.19.5/helm-plan.yaml,todo,recipes/rook-release/rook-ceph/v1.19.5/publication/installer-package-receipt.yaml;data/outcome-coverage/chart-outcomes.csv,pass,data/outcome-coverage/base-outcomes.csv;data/live-kind-parity/summary.md;data/live-helm-confighub-compare/summary.md,pass,recipes/rook-release/rook-ceph/v1.19.5/CATALOG.md;site/catalog.json
rook-release/rook-ceph-cluster,v1.19.5,rook-release/rook-ceph-cluster@v1.19.5,needs-useful-variant,next80-proof-grade,partial,88,add at least one user-shaped variant before catalog promotion,,pass,recipes/rook-release/rook-ceph-cluster/v1.19.5/source-lock.yaml,pass,recipes/rook-release/rook-ceph-cluster/v1.19.5/CATALOG.md,pass,recipes/rook-release/rook-ceph-cluster/v1.19.5/revisions/default/r001/variant-revision.yaml,pass,recipes/rook-release/rook-ceph-cluster/v1.19.5/helm-pain-report.yaml;recipes/rook-release/rook-ceph-cluster/v1.19.5/control-points.yaml;data/outcome-coverage/feature-outcomes.csv,pass,recipes/rook-release/rook-ceph-cluster/v1.19.5/control-points.yaml;recipes/rook-release/rook-ceph-cluster/v1.19.5/value-model.yaml;recipes/rook-release/rook-ceph-cluster/v1.19.5/helm-plan.yaml,todo,recipes/rook-release/rook-ceph-cluster/v1.19.5/publication/installer-package-receipt.yaml;data/outcome-coverage/chart-outcomes.csv,pass,data/outcome-coverage/base-outcomes.csv;data/live-kind-parity/summary.md;data/live-helm-confighub-compare/summary.md,pass,recipes/rook-release/rook-ceph-cluster/v1.19.5/CATALOG.md;site/catalog.json
sealed-secrets/sealed-secrets,2.18.6,sealed-secrets/sealed-secrets@2.18.6,promote-after-review,next80-proof-grade,partial,88,run catalog promotion review,,pass,recipes/sealed-secrets/sealed-secrets/2.18.6/source-lock.yaml,pass,recipes/sealed-secrets/sealed-secrets/2.18.6/CATALOG.md,pass,recipes/sealed-secrets/sealed-secrets/2.18.6/revisions/default/r001/variant-revision.yaml,pass,recipes/sealed-secrets/sealed-secrets/2.18.6/helm-pain-report.yaml;recipes/sealed-secrets/sealed-secrets/2.18.6/control-points.yaml;data/outcome-coverage/feature-outcomes.csv,pass,recipes/sealed-secrets/sealed-secrets/2.18.6/control-points.yaml;recipes/sealed-secrets/sealed-secrets/2.18.6/value-model.yaml;recipes/sealed-secrets/sealed-secrets/2.18.6/helm-plan.yaml,todo,recipes/sealed-secrets/sealed-secrets/2.18.6/publication/installer-package-receipt.yaml;data/outcome-coverage/chart-outcomes.csv,pass,data/outcome-coverage/base-outcomes.csv;data/live-kind-parity/summary.md;data/live-helm-confighub-compare/summary.md,pass,recipes/sealed-secrets/sealed-secrets/2.18.6/CATALOG.md;site/catalog.json
velero/velero,12.0.1,velero/velero@12.0.1,promote-after-review,next80-proof-grade,partial,75,run catalog promotion review,,pass,recipes/velero/velero/12.0.1/source-lock.yaml,pass,recipes/velero/velero/12.0.1/CATALOG.md,pass,recipes/velero/velero/12.0.1/revisions/default/r001/variant-revision.yaml,pass,recipes/velero/velero/12.0.1/helm-pain-report.yaml;recipes/velero/velero/12.0.1/control-points.yaml;data/outcome-coverage/feature-outcomes.csv,pass,recipes/velero/velero/12.0.1/control-points.yaml;recipes/velero/velero/12.0.1/value-model.yaml;recipes/velero/velero/12.0.1/helm-plan.yaml,todo,recipes/velero/velero/12.0.1/publication/installer-package-receipt.yaml;data/outcome-coverage/chart-outcomes.csv,todo,data/top100-readiness/readiness.csv,pass,recipes/velero/velero/12.0.1/CATALOG.md;site/catalog.json
vm/victoria-logs-single,0.12.5,vm/victoria-logs-single@0.12.5,needs-useful-variant,next80-proof-grade,partial,88,add at least one user-shaped variant before catalog promotion,,pass,recipes/vm/victoria-logs-single/0.12.5/source-lock.yaml,pass,recipes/vm/victoria-logs-single/0.12.5/CATALOG.md,pass,recipes/vm/victoria-logs-single/0.12.5/revisions/default/r001/variant-revision.yaml,pass,recipes/vm/victoria-logs-single/0.12.5/helm-pain-report.yaml;recipes/vm/victoria-logs-single/0.12.5/control-points.yaml;data/outcome-coverage/feature-outcomes.csv,pass,recipes/vm/victoria-logs-single/0.12.5/control-points.yaml;recipes/vm/victoria-logs-single/0.12.5/value-model.yaml;recipes/vm/victoria-logs-single/0.12.5/helm-plan.yaml,todo,recipes/vm/victoria-logs-single/0.12.5/publication/installer-package-receipt.yaml;data/outcome-coverage/chart-outcomes.csv,pass,data/outcome-coverage/base-outcomes.csv;data/live-kind-parity/summary.md;data/live-helm-confighub-compare/summary.md,pass,recipes/vm/victoria-logs-single/0.12.5/CATALOG.md;site/catalog.json
vm/victoria-metrics-single,0.39.0,vm/victoria-metrics-single@0.39.0,promote-after-review,next80-proof-grade,partial,88,run catalog promotion review,,pass,recipes/vm/victoria-metrics-single/0.39.0/source-lock.yaml,pass,recipes/vm/victoria-metrics-single/0.39.0/CATALOG.md,pass,recipes/vm/victoria-metrics-single/0.39.0/revisions/default/r001/variant-revision.yaml,pass,recipes/vm/victoria-metrics-single/0.39.0/helm-pain-report.yaml;recipes/vm/victoria-metrics-single/0.39.0/control-points.yaml;data/outcome-coverage/feature-outcomes.csv,pass,recipes/vm/victoria-metrics-single/0.39.0/control-points.yaml;recipes/vm/victoria-metrics-single/0.39.0/value-model.yaml;recipes/vm/victoria-metrics-single/0.39.0/helm-plan.yaml,todo,recipes/vm/victoria-metrics-single/0.39.0/publication/installer-package-receipt.yaml;data/outcome-coverage/chart-outcomes.csv,pass,data/outcome-coverage/base-outcomes.csv;data/live-kind-parity/summary.md;data/live-helm-confighub-compare/summary.md,pass,recipes/vm/victoria-metrics-single/0.39.0/CATALOG.md;site/catalog.json
