package_path,tag_reference,manifest_digest,immutable_reference,package_sha256,signer_identity,oidc_issuer,observed_at,signature_receipt,signature_bundle,signature_payload,verification_output,payload_verification_output,verification_command,payload_verification_command
packages/aqua/trivy-operator/0.32.1,oci://europe-west1-docker.pkg.dev/nth-fort-499605-q5/helm-expt/aqua-trivy-operator:0.32.1,sha256:df97b8e3f79f987652528c261ddd3cb5a5dc297f2a57cf22fcad90c592a1f094,europe-west1-docker.pkg.dev/nth-fort-499605-q5/helm-expt/aqua-trivy-operator:0.32.1@sha256:df97b8e3f79f987652528c261ddd3cb5a5dc297f2a57cf22fcad90c592a1f094,355fbd3de30de328d9910173e8c75ba864b91c265d63335d8020dd9ab41934a3,helm-expt-package-signer@nth-fort-499605-q5.iam.gserviceaccount.com,https://accounts.google.com,2026-08-26T05:34:24.455Z,runs/installer-oci-signatures/aqua-trivy-operator/0.32.1/signature-receipt.yaml,runs/installer-oci-signatures/aqua-trivy-operator/0.32.1/signature.sigstore.json,runs/installer-oci-signatures/aqua-trivy-operator/0.32.1/signature-payload.json,runs/installer-oci-signatures/aqua-trivy-operator/0.32.1/verification.json,runs/installer-oci-signatures/aqua-trivy-operator/0.32.1/payload-verification.txt,cosign verify --certificate-identity helm-expt-package-signer@nth-fort-499605-q5.iam.gserviceaccount.com --certificate-oidc-issuer https://accounts.google.com --annotations confighub.com/package-path=packages/aqua/trivy-operator/0.32.1 --annotations confighub.com/package-sha256=355fbd3de30de328d9910173e8c75ba864b91c265d63335d8020dd9ab41934a3 europe-west1-docker.pkg.dev/nth-fort-499605-q5/helm-expt/aqua-trivy-operator:0.32.1@sha256:df97b8e3f79f987652528c261ddd3cb5a5dc297f2a57cf22fcad90c592a1f094,cosign verify-blob-attestation --bundle runs/installer-oci-signatures/aqua-trivy-operator/0.32.1/signature.sigstore.json --digest df97b8e3f79f987652528c261ddd3cb5a5dc297f2a57cf22fcad90c592a1f094 --digestAlg sha256 --type https://sigstore.dev/cosign/sign/v1 --certificate-identity helm-expt-package-signer@nth-fort-499605-q5.iam.gserviceaccount.com --certificate-oidc-issuer https://accounts.google.com
packages/argo-cd/argo-cd/10.1.3,oci://europe-west1-docker.pkg.dev/nth-fort-499605-q5/helm-expt/argo-cd-argo-cd:10.1.3,sha256:8df2cb46a6de0187aabcce62253f94c3e2ee7391582ef74978485acda606ec1c,europe-west1-docker.pkg.dev/nth-fort-499605-q5/helm-expt/argo-cd-argo-cd:10.1.3@sha256:8df2cb46a6de0187aabcce62253f94c3e2ee7391582ef74978485acda606ec1c,47b8e8bc99d37236cfd8bf337f1d2fadedd4ee3aa7371a26c4d8dd716d612e56,helm-expt-package-signer@nth-fort-499605-q5.iam.gserviceaccount.com,https://accounts.google.com,2026-08-26T05:34:30.205Z,runs/installer-oci-signatures/argo-cd-argo-cd/10.1.3/signature-receipt.yaml,runs/installer-oci-signatures/argo-cd-argo-cd/10.1.3/signature.sigstore.json,runs/installer-oci-signatures/argo-cd-argo-cd/10.1.3/signature-payload.json,runs/installer-oci-signatures/argo-cd-argo-cd/10.1.3/verification.json,runs/installer-oci-signatures/argo-cd-argo-cd/10.1.3/payload-verification.txt,cosign verify --certificate-identity helm-expt-package-signer@nth-fort-499605-q5.iam.gserviceaccount.com --certificate-oidc-issuer https://accounts.google.com --annotations confighub.com/package-path=packages/argo-cd/argo-cd/10.1.3 --annotations confighub.com/package-sha256=47b8e8bc99d37236cfd8bf337f1d2fadedd4ee3aa7371a26c4d8dd716d612e56 europe-west1-docker.pkg.dev/nth-fort-499605-q5/helm-expt/argo-cd-argo-cd:10.1.3@sha256:8df2cb46a6de0187aabcce62253f94c3e2ee7391582ef74978485acda606ec1c,cosign verify-blob-attestation --bundle runs/installer-oci-signatures/argo-cd-argo-cd/10.1.3/signature.sigstore.json --digest 8df2cb46a6de0187aabcce62253f94c3e2ee7391582ef74978485acda606ec1c --digestAlg sha256 --type https://sigstore.dev/cosign/sign/v1 --certificate-identity helm-expt-package-signer@nth-fort-499605-q5.iam.gserviceaccount.com --certificate-oidc-issuer https://accounts.google.com
packages/argo-cd/argo-cd/10.2.1,oci://europe-west1-docker.pkg.dev/nth-fort-499605-q5/helm-expt/argo-cd-argo-cd:10.2.1,sha256:8a651b909262f4d33cae5c2454ba3a6b89b6fcf79434544cfc71d4c221f227ad,europe-west1-docker.pkg.dev/nth-fort-499605-q5/helm-expt/argo-cd-argo-cd:10.2.1@sha256:8a651b909262f4d33cae5c2454ba3a6b89b6fcf79434544cfc71d4c221f227ad,41de728b947ec43c78e7b5dbc38eed77577b0486483ca0cfbdff3c95d8450e88,helm-expt-package-signer@nth-fort-499605-q5.iam.gserviceaccount.com,https://accounts.google.com,2026-08-26T05:34:37.841Z,runs/installer-oci-signatures/argo-cd-argo-cd/10.2.1/signature-receipt.yaml,runs/installer-oci-signatures/argo-cd-argo-cd/10.2.1/signature.sigstore.json,runs/installer-oci-signatures/argo-cd-argo-cd/10.2.1/signature-payload.json,runs/installer-oci-signatures/argo-cd-argo-cd/10.2.1/verification.json,runs/installer-oci-signatures/argo-cd-argo-cd/10.2.1/payload-verification.txt,cosign verify --certificate-identity helm-expt-package-signer@nth-fort-499605-q5.iam.gserviceaccount.com --certificate-oidc-issuer https://accounts.google.com --annotations confighub.com/package-path=packages/argo-cd/argo-cd/10.2.1 --annotations confighub.com/package-sha256=41de728b947ec43c78e7b5dbc38eed77577b0486483ca0cfbdff3c95d8450e88 europe-west1-docker.pkg.dev/nth-fort-499605-q5/helm-expt/argo-cd-argo-cd:10.2.1@sha256:8a651b909262f4d33cae5c2454ba3a6b89b6fcf79434544cfc71d4c221f227ad,cosign verify-blob-attestation --bundle runs/installer-oci-signatures/argo-cd-argo-cd/10.2.1/signature.sigstore.json --digest 8a651b909262f4d33cae5c2454ba3a6b89b6fcf79434544cfc71d4c221f227ad --digestAlg sha256 --type https://sigstore.dev/cosign/sign/v1 --certificate-identity helm-expt-package-signer@nth-fort-499605-q5.iam.gserviceaccount.com --certificate-oidc-issuer https://accounts.google.com
packages/argo-cd/argo-cd/9.5.15,oci://europe-west1-docker.pkg.dev/nth-fort-499605-q5/helm-expt/argo-cd-argo-cd:9.5.15,sha256:3404bc0aed621a447aa76cd3e07f28a7f9bfd4d1a8da1385352852386643e665,europe-west1-docker.pkg.dev/nth-fort-499605-q5/helm-expt/argo-cd-argo-cd:9.5.15@sha256:3404bc0aed621a447aa76cd3e07f28a7f9bfd4d1a8da1385352852386643e665,776804d665c3b64eeaa1061978530bc6e2ef291c564525b145e5166109c76307,helm-expt-package-signer@nth-fort-499605-q5.iam.gserviceaccount.com,https://accounts.google.com,2026-08-26T05:34:44.603Z,runs/installer-oci-signatures/argo-cd-argo-cd/9.5.15/signature-receipt.yaml,runs/installer-oci-signatures/argo-cd-argo-cd/9.5.15/signature.sigstore.json,runs/installer-oci-signatures/argo-cd-argo-cd/9.5.15/signature-payload.json,runs/installer-oci-signatures/argo-cd-argo-cd/9.5.15/verification.json,runs/installer-oci-signatures/argo-cd-argo-cd/9.5.15/payload-verification.txt,cosign verify --certificate-identity helm-expt-package-signer@nth-fort-499605-q5.iam.gserviceaccount.com --certificate-oidc-issuer https://accounts.google.com --annotations confighub.com/package-path=packages/argo-cd/argo-cd/9.5.15 --annotations confighub.com/package-sha256=776804d665c3b64eeaa1061978530bc6e2ef291c564525b145e5166109c76307 europe-west1-docker.pkg.dev/nth-fort-499605-q5/helm-expt/argo-cd-argo-cd:9.5.15@sha256:3404bc0aed621a447aa76cd3e07f28a7f9bfd4d1a8da1385352852386643e665,cosign verify-blob-attestation --bundle runs/installer-oci-signatures/argo-cd-argo-cd/9.5.15/signature.sigstore.json --digest 3404bc0aed621a447aa76cd3e07f28a7f9bfd4d1a8da1385352852386643e665 --digestAlg sha256 --type https://sigstore.dev/cosign/sign/v1 --certificate-identity helm-expt-package-signer@nth-fort-499605-q5.iam.gserviceaccount.com --certificate-oidc-issuer https://accounts.google.com
packages/argo-cd/argo-cd/9.5.17,oci://europe-west1-docker.pkg.dev/nth-fort-499605-q5/helm-expt/argo-cd-argo-cd:9.5.17,sha256:69ffe2b8a2231e813729f2401e6a3acb1f8752260425f04c708ac0c35e308116,europe-west1-docker.pkg.dev/nth-fort-499605-q5/helm-expt/argo-cd-argo-cd:9.5.17@sha256:69ffe2b8a2231e813729f2401e6a3acb1f8752260425f04c708ac0c35e308116,a66af33631072ce965cb5d9ff90e375576f3456b2735d4ef8ee1744af0fa01ac,helm-expt-package-signer@nth-fort-499605-q5.iam.gserviceaccount.com,https://accounts.google.com,2026-08-26T05:34:51.497Z,runs/installer-oci-signatures/argo-cd-argo-cd/9.5.17/signature-receipt.yaml,runs/installer-oci-signatures/argo-cd-argo-cd/9.5.17/signature.sigstore.json,runs/installer-oci-signatures/argo-cd-argo-cd/9.5.17/signature-payload.json,runs/installer-oci-signatures/argo-cd-argo-cd/9.5.17/verification.json,runs/installer-oci-signatures/argo-cd-argo-cd/9.5.17/payload-verification.txt,cosign verify --certificate-identity helm-expt-package-signer@nth-fort-499605-q5.iam.gserviceaccount.com --certificate-oidc-issuer https://accounts.google.com --annotations confighub.com/package-path=packages/argo-cd/argo-cd/9.5.17 --annotations confighub.com/package-sha256=a66af33631072ce965cb5d9ff90e375576f3456b2735d4ef8ee1744af0fa01ac europe-west1-docker.pkg.dev/nth-fort-499605-q5/helm-expt/argo-cd-argo-cd:9.5.17@sha256:69ffe2b8a2231e813729f2401e6a3acb1f8752260425f04c708ac0c35e308116,cosign verify-blob-attestation --bundle runs/installer-oci-signatures/argo-cd-argo-cd/9.5.17/signature.sigstore.json --digest 69ffe2b8a2231e813729f2401e6a3acb1f8752260425f04c708ac0c35e308116 --digestAlg sha256 --type https://sigstore.dev/cosign/sign/v1 --certificate-identity helm-expt-package-signer@nth-fort-499605-q5.iam.gserviceaccount.com --certificate-oidc-issuer https://accounts.google.com
packages/argo-cd/argo-events/2.4.21,oci://europe-west1-docker.pkg.dev/nth-fort-499605-q5/helm-expt/argo-cd-argo-events:2.4.21,sha256:a7ff1505149539d2e66d3df74352131956a10112984792bf54499808e4f45ac2,europe-west1-docker.pkg.dev/nth-fort-499605-q5/helm-expt/argo-cd-argo-events:2.4.21@sha256:a7ff1505149539d2e66d3df74352131956a10112984792bf54499808e4f45ac2,305f63669cfe2d1fb456b90bb025043320cb214ec3e023db16547106b6454848,helm-expt-package-signer@nth-fort-499605-q5.iam.gserviceaccount.com,https://accounts.google.com,2026-08-26T05:34:56.601Z,runs/installer-oci-signatures/argo-cd-argo-events/2.4.21/signature-receipt.yaml,runs/installer-oci-signatures/argo-cd-argo-events/2.4.21/signature.sigstore.json,runs/installer-oci-signatures/argo-cd-argo-events/2.4.21/signature-payload.json,runs/installer-oci-signatures/argo-cd-argo-events/2.4.21/verification.json,runs/installer-oci-signatures/argo-cd-argo-events/2.4.21/payload-verification.txt,cosign verify --certificate-identity helm-expt-package-signer@nth-fort-499605-q5.iam.gserviceaccount.com --certificate-oidc-issuer https://accounts.google.com --annotations confighub.com/package-path=packages/argo-cd/argo-events/2.4.21 --annotations confighub.com/package-sha256=305f63669cfe2d1fb456b90bb025043320cb214ec3e023db16547106b6454848 europe-west1-docker.pkg.dev/nth-fort-499605-q5/helm-expt/argo-cd-argo-events:2.4.21@sha256:a7ff1505149539d2e66d3df74352131956a10112984792bf54499808e4f45ac2,cosign verify-blob-attestation --bundle runs/installer-oci-signatures/argo-cd-argo-events/2.4.21/signature.sigstore.json --digest a7ff1505149539d2e66d3df74352131956a10112984792bf54499808e4f45ac2 --digestAlg sha256 --type https://sigstore.dev/cosign/sign/v1 --certificate-identity helm-expt-package-signer@nth-fort-499605-q5.iam.gserviceaccount.com --certificate-oidc-issuer https://accounts.google.com
packages/argo-cd/argo-rollouts/2.40.9,oci://europe-west1-docker.pkg.dev/nth-fort-499605-q5/helm-expt/argo-cd-argo-rollouts:2.40.9,sha256:3c5ce38388c8ba364e305f9ecebbb9e605e37891cab52aafa4320bd86baf8b95,europe-west1-docker.pkg.dev/nth-fort-499605-q5/helm-expt/argo-cd-argo-rollouts:2.40.9@sha256:3c5ce38388c8ba364e305f9ecebbb9e605e37891cab52aafa4320bd86baf8b95,ad3399a8f53042aae44ace370e703813511b22602a78a8987ca33d7c0c460d39,helm-expt-package-signer@nth-fort-499605-q5.iam.gserviceaccount.com,https://accounts.google.com,2026-08-26T05:35:03.083Z,runs/installer-oci-signatures/argo-cd-argo-rollouts/2.40.9/signature-receipt.yaml,runs/installer-oci-signatures/argo-cd-argo-rollouts/2.40.9/signature.sigstore.json,runs/installer-oci-signatures/argo-cd-argo-rollouts/2.40.9/signature-payload.json,runs/installer-oci-signatures/argo-cd-argo-rollouts/2.40.9/verification.json,runs/installer-oci-signatures/argo-cd-argo-rollouts/2.40.9/payload-verification.txt,cosign verify --certificate-identity helm-expt-package-signer@nth-fort-499605-q5.iam.gserviceaccount.com --certificate-oidc-issuer https://accounts.google.com --annotations confighub.com/package-path=packages/argo-cd/argo-rollouts/2.40.9 --annotations confighub.com/package-sha256=ad3399a8f53042aae44ace370e703813511b22602a78a8987ca33d7c0c460d39 europe-west1-docker.pkg.dev/nth-fort-499605-q5/helm-expt/argo-cd-argo-rollouts:2.40.9@sha256:3c5ce38388c8ba364e305f9ecebbb9e605e37891cab52aafa4320bd86baf8b95,cosign verify-blob-attestation --bundle runs/installer-oci-signatures/argo-cd-argo-rollouts/2.40.9/signature.sigstore.json --digest 3c5ce38388c8ba364e305f9ecebbb9e605e37891cab52aafa4320bd86baf8b95 --digestAlg sha256 --type https://sigstore.dev/cosign/sign/v1 --certificate-identity helm-expt-package-signer@nth-fort-499605-q5.iam.gserviceaccount.com --certificate-oidc-issuer https://accounts.google.com
packages/argo-cd/argo-workflows/1.0.14,oci://europe-west1-docker.pkg.dev/nth-fort-499605-q5/helm-expt/argo-cd-argo-workflows:1.0.14,sha256:21c5bc5c0500c1bc85d02b44ba4e4321101f58f5625b6acce22c78ba815205c2,europe-west1-docker.pkg.dev/nth-fort-499605-q5/helm-expt/argo-cd-argo-workflows:1.0.14@sha256:21c5bc5c0500c1bc85d02b44ba4e4321101f58f5625b6acce22c78ba815205c2,63d7842650804abded9b5bd176f48e0b0e46be6615778476e43e7999e60b9388,helm-expt-package-signer@nth-fort-499605-q5.iam.gserviceaccount.com,https://accounts.google.com,2026-08-26T05:35:11.441Z,runs/installer-oci-signatures/argo-cd-argo-workflows/1.0.14/signature-receipt.yaml,runs/installer-oci-signatures/argo-cd-argo-workflows/1.0.14/signature.sigstore.json,runs/installer-oci-signatures/argo-cd-argo-workflows/1.0.14/signature-payload.json,runs/installer-oci-signatures/argo-cd-argo-workflows/1.0.14/verification.json,runs/installer-oci-signatures/argo-cd-argo-workflows/1.0.14/payload-verification.txt,cosign verify --certificate-identity helm-expt-package-signer@nth-fort-499605-q5.iam.gserviceaccount.com --certificate-oidc-issuer https://accounts.google.com --annotations confighub.com/package-path=packages/argo-cd/argo-workflows/1.0.14 --annotations confighub.com/package-sha256=63d7842650804abded9b5bd176f48e0b0e46be6615778476e43e7999e60b9388 europe-west1-docker.pkg.dev/nth-fort-499605-q5/helm-expt/argo-cd-argo-workflows:1.0.14@sha256:21c5bc5c0500c1bc85d02b44ba4e4321101f58f5625b6acce22c78ba815205c2,cosign verify-blob-attestation --bundle runs/installer-oci-signatures/argo-cd-argo-workflows/1.0.14/signature.sigstore.json --digest 21c5bc5c0500c1bc85d02b44ba4e4321101f58f5625b6acce22c78ba815205c2 --digestAlg sha256 --type https://sigstore.dev/cosign/sign/v1 --certificate-identity helm-expt-package-signer@nth-fort-499605-q5.iam.gserviceaccount.com --certificate-oidc-issuer https://accounts.google.com
packages/argo-cd/argocd-image-updater/1.2.2,oci://europe-west1-docker.pkg.dev/nth-fort-499605-q5/helm-expt/argo-cd-argocd-image-updater:1.2.2,sha256:3f50dd91833bcd42870138464b00fc58e066f4b92765069755bd7d1de5c4b89a,europe-west1-docker.pkg.dev/nth-fort-499605-q5/helm-expt/argo-cd-argocd-image-updater:1.2.2@sha256:3f50dd91833bcd42870138464b00fc58e066f4b92765069755bd7d1de5c4b89a,f70d38a4c6aeef745a46bc7a8c679b566ce8540aecf2bcf1ba30e883a7e8f718,helm-expt-package-signer@nth-fort-499605-q5.iam.gserviceaccount.com,https://accounts.google.com,2026-08-26T05:35:17.575Z,runs/installer-oci-signatures/argo-cd-argocd-image-updater/1.2.2/signature-receipt.yaml,runs/installer-oci-signatures/argo-cd-argocd-image-updater/1.2.2/signature.sigstore.json,runs/installer-oci-signatures/argo-cd-argocd-image-updater/1.2.2/signature-payload.json,runs/installer-oci-signatures/argo-cd-argocd-image-updater/1.2.2/verification.json,runs/installer-oci-signatures/argo-cd-argocd-image-updater/1.2.2/payload-verification.txt,cosign verify --certificate-identity helm-expt-package-signer@nth-fort-499605-q5.iam.gserviceaccount.com --certificate-oidc-issuer https://accounts.google.com --annotations confighub.com/package-path=packages/argo-cd/argocd-image-updater/1.2.2 --annotations confighub.com/package-sha256=f70d38a4c6aeef745a46bc7a8c679b566ce8540aecf2bcf1ba30e883a7e8f718 europe-west1-docker.pkg.dev/nth-fort-499605-q5/helm-expt/argo-cd-argocd-image-updater:1.2.2@sha256:3f50dd91833bcd42870138464b00fc58e066f4b92765069755bd7d1de5c4b89a,cosign verify-blob-attestation --bundle runs/installer-oci-signatures/argo-cd-argocd-image-updater/1.2.2/signature.sigstore.json --digest 3f50dd91833bcd42870138464b00fc58e066f4b92765069755bd7d1de5c4b89a --digestAlg sha256 --type https://sigstore.dev/cosign/sign/v1 --certificate-identity helm-expt-package-signer@nth-fort-499605-q5.iam.gserviceaccount.com --certificate-oidc-issuer https://accounts.google.com
packages/autoscaler/cluster-autoscaler/9.57.0,oci://europe-west1-docker.pkg.dev/nth-fort-499605-q5/helm-expt/autoscaler-cluster-autoscaler:9.57.0,sha256:2024c48b8dc5e19932a91c11c36baf2c9f694b5200158a45f6f4b142063fe352,europe-west1-docker.pkg.dev/nth-fort-499605-q5/helm-expt/autoscaler-cluster-autoscaler:9.57.0@sha256:2024c48b8dc5e19932a91c11c36baf2c9f694b5200158a45f6f4b142063fe352,3f68f62ea9623093ef3b172b12cb7002cd444b2de0c9ed7e9c47e64b94cb06c2,helm-expt-package-signer@nth-fort-499605-q5.iam.gserviceaccount.com,https://accounts.google.com,2026-08-26T05:35:24.974Z,runs/installer-oci-signatures/autoscaler-cluster-autoscaler/9.57.0/signature-receipt.yaml,runs/installer-oci-signatures/autoscaler-cluster-autoscaler/9.57.0/signature.sigstore.json,runs/installer-oci-signatures/autoscaler-cluster-autoscaler/9.57.0/signature-payload.json,runs/installer-oci-signatures/autoscaler-cluster-autoscaler/9.57.0/verification.json,runs/installer-oci-signatures/autoscaler-cluster-autoscaler/9.57.0/payload-verification.txt,cosign verify --certificate-identity helm-expt-package-signer@nth-fort-499605-q5.iam.gserviceaccount.com --certificate-oidc-issuer https://accounts.google.com --annotations confighub.com/package-path=packages/autoscaler/cluster-autoscaler/9.57.0 --annotations confighub.com/package-sha256=3f68f62ea9623093ef3b172b12cb7002cd444b2de0c9ed7e9c47e64b94cb06c2 europe-west1-docker.pkg.dev/nth-fort-499605-q5/helm-expt/autoscaler-cluster-autoscaler:9.57.0@sha256:2024c48b8dc5e19932a91c11c36baf2c9f694b5200158a45f6f4b142063fe352,cosign verify-blob-attestation --bundle runs/installer-oci-signatures/autoscaler-cluster-autoscaler/9.57.0/signature.sigstore.json --digest 2024c48b8dc5e19932a91c11c36baf2c9f694b5200158a45f6f4b142063fe352 --digestAlg sha256 --type https://sigstore.dev/cosign/sign/v1 --certificate-identity helm-expt-package-signer@nth-fort-499605-q5.iam.gserviceaccount.com --certificate-oidc-issuer https://accounts.google.com
packages/autoscaler/vertical-pod-autoscaler/0.9.0,oci://europe-west1-docker.pkg.dev/nth-fort-499605-q5/helm-expt/autoscaler-vertical-pod-autoscaler:0.9.0,sha256:89a68f0ed8a4eb1a5567d5cc2d0396e1b7bd5501637e35abd1a4f08691c6fc44,europe-west1-docker.pkg.dev/nth-fort-499605-q5/helm-expt/autoscaler-vertical-pod-autoscaler:0.9.0@sha256:89a68f0ed8a4eb1a5567d5cc2d0396e1b7bd5501637e35abd1a4f08691c6fc44,482f2f7c7d96a783c3a09253269c8c82643e4f86f8bdc8ad47dd913ad24a2bdd,helm-expt-package-signer@nth-fort-499605-q5.iam.gserviceaccount.com,https://accounts.google.com,2026-08-26T05:35:30.713Z,runs/installer-oci-signatures/autoscaler-vertical-pod-autoscaler/0.9.0/signature-receipt.yaml,runs/installer-oci-signatures/autoscaler-vertical-pod-autoscaler/0.9.0/signature.sigstore.json,runs/installer-oci-signatures/autoscaler-vertical-pod-autoscaler/0.9.0/signature-payload.json,runs/installer-oci-signatures/autoscaler-vertical-pod-autoscaler/0.9.0/verification.json,runs/installer-oci-signatures/autoscaler-vertical-pod-autoscaler/0.9.0/payload-verification.txt,cosign verify --certificate-identity helm-expt-package-signer@nth-fort-499605-q5.iam.gserviceaccount.com --certificate-oidc-issuer https://accounts.google.com --annotations confighub.com/package-path=packages/autoscaler/vertical-pod-autoscaler/0.9.0 --annotations confighub.com/package-sha256=482f2f7c7d96a783c3a09253269c8c82643e4f86f8bdc8ad47dd913ad24a2bdd europe-west1-docker.pkg.dev/nth-fort-499605-q5/helm-expt/autoscaler-vertical-pod-autoscaler:0.9.0@sha256:89a68f0ed8a4eb1a5567d5cc2d0396e1b7bd5501637e35abd1a4f08691c6fc44,cosign verify-blob-attestation --bundle runs/installer-oci-signatures/autoscaler-vertical-pod-autoscaler/0.9.0/signature.sigstore.json --digest 89a68f0ed8a4eb1a5567d5cc2d0396e1b7bd5501637e35abd1a4f08691c6fc44 --digestAlg sha256 --type https://sigstore.dev/cosign/sign/v1 --certificate-identity helm-expt-package-signer@nth-fort-499605-q5.iam.gserviceaccount.com --certificate-oidc-issuer https://accounts.google.com
packages/aws-controllers-k8s/ec2-chart/1.18.4,oci://europe-west1-docker.pkg.dev/nth-fort-499605-q5/helm-expt/aws-controllers-k8s-ec2-chart:1.18.4,sha256:30819ef789cbdf0ca8b61d32d7d5607c45017e74e7c522e6b1175e85066714d9,europe-west1-docker.pkg.dev/nth-fort-499605-q5/helm-expt/aws-controllers-k8s-ec2-chart:1.18.4@sha256:30819ef789cbdf0ca8b61d32d7d5607c45017e74e7c522e6b1175e85066714d9,19e85bba86606a0943450ae5b5f16f661df9eb6641ac896707db3e5662acf795,helm-expt-package-signer@nth-fort-499605-q5.iam.gserviceaccount.com,https://accounts.google.com,2026-08-26T05:35:36.297Z,runs/installer-oci-signatures/aws-controllers-k8s-ec2-chart/1.18.4/signature-receipt.yaml,runs/installer-oci-signatures/aws-controllers-k8s-ec2-chart/1.18.4/signature.sigstore.json,runs/installer-oci-signatures/aws-controllers-k8s-ec2-chart/1.18.4/signature-payload.json,runs/installer-oci-signatures/aws-controllers-k8s-ec2-chart/1.18.4/verification.json,runs/installer-oci-signatures/aws-controllers-k8s-ec2-chart/1.18.4/payload-verification.txt,cosign verify --certificate-identity helm-expt-package-signer@nth-fort-499605-q5.iam.gserviceaccount.com --certificate-oidc-issuer https://accounts.google.com --annotations confighub.com/package-path=packages/aws-controllers-k8s/ec2-chart/1.18.4 --annotations confighub.com/package-sha256=19e85bba86606a0943450ae5b5f16f661df9eb6641ac896707db3e5662acf795 europe-west1-docker.pkg.dev/nth-fort-499605-q5/helm-expt/aws-controllers-k8s-ec2-chart:1.18.4@sha256:30819ef789cbdf0ca8b61d32d7d5607c45017e74e7c522e6b1175e85066714d9,cosign verify-blob-attestation --bundle runs/installer-oci-signatures/aws-controllers-k8s-ec2-chart/1.18.4/signature.sigstore.json --digest 30819ef789cbdf0ca8b61d32d7d5607c45017e74e7c522e6b1175e85066714d9 --digestAlg sha256 --type https://sigstore.dev/cosign/sign/v1 --certificate-identity helm-expt-package-signer@nth-fort-499605-q5.iam.gserviceaccount.com --certificate-oidc-issuer https://accounts.google.com
packages/aws-controllers-k8s/eks-chart/1.16.3,oci://europe-west1-docker.pkg.dev/nth-fort-499605-q5/helm-expt/aws-controllers-k8s-eks-chart:1.16.3,sha256:7869981d9e40090a96374d47adab251ba8e84f25577c714acbda7e22b6ad9354,europe-west1-docker.pkg.dev/nth-fort-499605-q5/helm-expt/aws-controllers-k8s-eks-chart:1.16.3@sha256:7869981d9e40090a96374d47adab251ba8e84f25577c714acbda7e22b6ad9354,92de2082c76f777f891ae782a1f22066233b683ca2971b6aa71e7a11b7b26555,helm-expt-package-signer@nth-fort-499605-q5.iam.gserviceaccount.com,https://accounts.google.com,2026-08-26T05:35:42.312Z,runs/installer-oci-signatures/aws-controllers-k8s-eks-chart/1.16.3/signature-receipt.yaml,runs/installer-oci-signatures/aws-controllers-k8s-eks-chart/1.16.3/signature.sigstore.json,runs/installer-oci-signatures/aws-controllers-k8s-eks-chart/1.16.3/signature-payload.json,runs/installer-oci-signatures/aws-controllers-k8s-eks-chart/1.16.3/verification.json,runs/installer-oci-signatures/aws-controllers-k8s-eks-chart/1.16.3/payload-verification.txt,cosign verify --certificate-identity helm-expt-package-signer@nth-fort-499605-q5.iam.gserviceaccount.com --certificate-oidc-issuer https://accounts.google.com --annotations confighub.com/package-path=packages/aws-controllers-k8s/eks-chart/1.16.3 --annotations confighub.com/package-sha256=92de2082c76f777f891ae782a1f22066233b683ca2971b6aa71e7a11b7b26555 europe-west1-docker.pkg.dev/nth-fort-499605-q5/helm-expt/aws-controllers-k8s-eks-chart:1.16.3@sha256:7869981d9e40090a96374d47adab251ba8e84f25577c714acbda7e22b6ad9354,cosign verify-blob-attestation --bundle runs/installer-oci-signatures/aws-controllers-k8s-eks-chart/1.16.3/signature.sigstore.json --digest 7869981d9e40090a96374d47adab251ba8e84f25577c714acbda7e22b6ad9354 --digestAlg sha256 --type https://sigstore.dev/cosign/sign/v1 --certificate-identity helm-expt-package-signer@nth-fort-499605-q5.iam.gserviceaccount.com --certificate-oidc-issuer https://accounts.google.com
packages/aws-controllers-k8s/iam-chart/1.7.3,oci://europe-west1-docker.pkg.dev/nth-fort-499605-q5/helm-expt/aws-controllers-k8s-iam-chart:1.7.3,sha256:9f190711f470d853b5a6cb4ce009359c5d5e7733d629df53b353f027a6a9824b,europe-west1-docker.pkg.dev/nth-fort-499605-q5/helm-expt/aws-controllers-k8s-iam-chart:1.7.3@sha256:9f190711f470d853b5a6cb4ce009359c5d5e7733d629df53b353f027a6a9824b,d12b937d510e668d29d11dba1a8a94c59410208d35f6d8f4702ff99df6d20965,helm-expt-package-signer@nth-fort-499605-q5.iam.gserviceaccount.com,https://accounts.google.com,2026-08-26T05:35:47.639Z,runs/installer-oci-signatures/aws-controllers-k8s-iam-chart/1.7.3/signature-receipt.yaml,runs/installer-oci-signatures/aws-controllers-k8s-iam-chart/1.7.3/signature.sigstore.json,runs/installer-oci-signatures/aws-controllers-k8s-iam-chart/1.7.3/signature-payload.json,runs/installer-oci-signatures/aws-controllers-k8s-iam-chart/1.7.3/verification.json,runs/installer-oci-signatures/aws-controllers-k8s-iam-chart/1.7.3/payload-verification.txt,cosign verify --certificate-identity helm-expt-package-signer@nth-fort-499605-q5.iam.gserviceaccount.com --certificate-oidc-issuer https://accounts.google.com --annotations confighub.com/package-path=packages/aws-controllers-k8s/iam-chart/1.7.3 --annotations confighub.com/package-sha256=d12b937d510e668d29d11dba1a8a94c59410208d35f6d8f4702ff99df6d20965 europe-west1-docker.pkg.dev/nth-fort-499605-q5/helm-expt/aws-controllers-k8s-iam-chart:1.7.3@sha256:9f190711f470d853b5a6cb4ce009359c5d5e7733d629df53b353f027a6a9824b,cosign verify-blob-attestation --bundle runs/installer-oci-signatures/aws-controllers-k8s-iam-chart/1.7.3/signature.sigstore.json --digest 9f190711f470d853b5a6cb4ce009359c5d5e7733d629df53b353f027a6a9824b --digestAlg sha256 --type https://sigstore.dev/cosign/sign/v1 --certificate-identity helm-expt-package-signer@nth-fort-499605-q5.iam.gserviceaccount.com --certificate-oidc-issuer https://accounts.google.com
packages/aws-ebs-csi-driver/aws-ebs-csi-driver/2.60.1,oci://europe-west1-docker.pkg.dev/nth-fort-499605-q5/helm-expt/aws-ebs-csi-driver-aws-ebs-csi-driver:2.60.1,sha256:1c389a08781eecad0f67d1a41c5a1226de5891b96d9ec7e1bf34f14946756d52,europe-west1-docker.pkg.dev/nth-fort-499605-q5/helm-expt/aws-ebs-csi-driver-aws-ebs-csi-driver:2.60.1@sha256:1c389a08781eecad0f67d1a41c5a1226de5891b96d9ec7e1bf34f14946756d52,9ca191f2dd963b333198c82c2cf0e91629d4f79c6ad4dccf5d464afaa7e05624,helm-expt-package-signer@nth-fort-499605-q5.iam.gserviceaccount.com,https://accounts.google.com,2026-08-26T05:35:53.222Z,runs/installer-oci-signatures/aws-ebs-csi-driver-aws-ebs-csi-driver/2.60.1/signature-receipt.yaml,runs/installer-oci-signatures/aws-ebs-csi-driver-aws-ebs-csi-driver/2.60.1/signature.sigstore.json,runs/installer-oci-signatures/aws-ebs-csi-driver-aws-ebs-csi-driver/2.60.1/signature-payload.json,runs/installer-oci-signatures/aws-ebs-csi-driver-aws-ebs-csi-driver/2.60.1/verification.json,runs/installer-oci-signatures/aws-ebs-csi-driver-aws-ebs-csi-driver/2.60.1/payload-verification.txt,cosign verify --certificate-identity helm-expt-package-signer@nth-fort-499605-q5.iam.gserviceaccount.com --certificate-oidc-issuer https://accounts.google.com --annotations confighub.com/package-path=packages/aws-ebs-csi-driver/aws-ebs-csi-driver/2.60.1 --annotations confighub.com/package-sha256=9ca191f2dd963b333198c82c2cf0e91629d4f79c6ad4dccf5d464afaa7e05624 europe-west1-docker.pkg.dev/nth-fort-499605-q5/helm-expt/aws-ebs-csi-driver-aws-ebs-csi-driver:2.60.1@sha256:1c389a08781eecad0f67d1a41c5a1226de5891b96d9ec7e1bf34f14946756d52,cosign verify-blob-attestation --bundle runs/installer-oci-signatures/aws-ebs-csi-driver-aws-ebs-csi-driver/2.60.1/signature.sigstore.json --digest 1c389a08781eecad0f67d1a41c5a1226de5891b96d9ec7e1bf34f14946756d52 --digestAlg sha256 --type https://sigstore.dev/cosign/sign/v1 --certificate-identity helm-expt-package-signer@nth-fort-499605-q5.iam.gserviceaccount.com --certificate-oidc-issuer https://accounts.google.com
packages/bitnami/apache/11.4.29,oci://europe-west1-docker.pkg.dev/nth-fort-499605-q5/helm-expt/bitnami-apache:11.4.29,sha256:00d1fe619e9dd8e6ba062ab02a3459c925451a39249e7f94f8088981bde81eb8,europe-west1-docker.pkg.dev/nth-fort-499605-q5/helm-expt/bitnami-apache:11.4.29@sha256:00d1fe619e9dd8e6ba062ab02a3459c925451a39249e7f94f8088981bde81eb8,6839bbcec6efc88163ea9be5fd3497ed20b9085b78d3aef4b5f1047caa0036a0,helm-expt-package-signer@nth-fort-499605-q5.iam.gserviceaccount.com,https://accounts.google.com,2026-08-26T05:35:59.850Z,runs/installer-oci-signatures/bitnami-apache/11.4.29/signature-receipt.yaml,runs/installer-oci-signatures/bitnami-apache/11.4.29/signature.sigstore.json,runs/installer-oci-signatures/bitnami-apache/11.4.29/signature-payload.json,runs/installer-oci-signatures/bitnami-apache/11.4.29/verification.json,runs/installer-oci-signatures/bitnami-apache/11.4.29/payload-verification.txt,cosign verify --certificate-identity helm-expt-package-signer@nth-fort-499605-q5.iam.gserviceaccount.com --certificate-oidc-issuer https://accounts.google.com --annotations confighub.com/package-path=packages/bitnami/apache/11.4.29 --annotations confighub.com/package-sha256=6839bbcec6efc88163ea9be5fd3497ed20b9085b78d3aef4b5f1047caa0036a0 europe-west1-docker.pkg.dev/nth-fort-499605-q5/helm-expt/bitnami-apache:11.4.29@sha256:00d1fe619e9dd8e6ba062ab02a3459c925451a39249e7f94f8088981bde81eb8,cosign verify-blob-attestation --bundle runs/installer-oci-signatures/bitnami-apache/11.4.29/signature.sigstore.json --digest 00d1fe619e9dd8e6ba062ab02a3459c925451a39249e7f94f8088981bde81eb8 --digestAlg sha256 --type https://sigstore.dev/cosign/sign/v1 --certificate-identity helm-expt-package-signer@nth-fort-499605-q5.iam.gserviceaccount.com --certificate-oidc-issuer https://accounts.google.com
packages/bitnami/contour/21.1.4,oci://europe-west1-docker.pkg.dev/nth-fort-499605-q5/helm-expt/bitnami-contour:21.1.4,sha256:9367550cdf3060ffa460fe6beffb60e102c9f5c6254d3c153974dfc9242767d3,europe-west1-docker.pkg.dev/nth-fort-499605-q5/helm-expt/bitnami-contour:21.1.4@sha256:9367550cdf3060ffa460fe6beffb60e102c9f5c6254d3c153974dfc9242767d3,8029f13798b6182adf57a7e0118d260c7f1e8da13fcc2e516cc289a82bc2df48,helm-expt-package-signer@nth-fort-499605-q5.iam.gserviceaccount.com,https://accounts.google.com,2026-08-26T05:36:05.113Z,runs/installer-oci-signatures/bitnami-contour/21.1.4/signature-receipt.yaml,runs/installer-oci-signatures/bitnami-contour/21.1.4/signature.sigstore.json,runs/installer-oci-signatures/bitnami-contour/21.1.4/signature-payload.json,runs/installer-oci-signatures/bitnami-contour/21.1.4/verification.json,runs/installer-oci-signatures/bitnami-contour/21.1.4/payload-verification.txt,cosign verify --certificate-identity helm-expt-package-signer@nth-fort-499605-q5.iam.gserviceaccount.com --certificate-oidc-issuer https://accounts.google.com --annotations confighub.com/package-path=packages/bitnami/contour/21.1.4 --annotations confighub.com/package-sha256=8029f13798b6182adf57a7e0118d260c7f1e8da13fcc2e516cc289a82bc2df48 europe-west1-docker.pkg.dev/nth-fort-499605-q5/helm-expt/bitnami-contour:21.1.4@sha256:9367550cdf3060ffa460fe6beffb60e102c9f5c6254d3c153974dfc9242767d3,cosign verify-blob-attestation --bundle runs/installer-oci-signatures/bitnami-contour/21.1.4/signature.sigstore.json --digest 9367550cdf3060ffa460fe6beffb60e102c9f5c6254d3c153974dfc9242767d3 --digestAlg sha256 --type https://sigstore.dev/cosign/sign/v1 --certificate-identity helm-expt-package-signer@nth-fort-499605-q5.iam.gserviceaccount.com --certificate-oidc-issuer https://accounts.google.com
packages/bitnami/elasticsearch/22.1.6,oci://europe-west1-docker.pkg.dev/nth-fort-499605-q5/helm-expt/bitnami-elasticsearch:22.1.6,sha256:3322a7fd40b1592166e8dd6156793de0aa33acb39d94b0c2b309f63d3fc758f9,europe-west1-docker.pkg.dev/nth-fort-499605-q5/helm-expt/bitnami-elasticsearch:22.1.6@sha256:3322a7fd40b1592166e8dd6156793de0aa33acb39d94b0c2b309f63d3fc758f9,ddaff1408f909e3a6b00a0d9ec86b7634b293957078c485b185beaf6e239947c,helm-expt-package-signer@nth-fort-499605-q5.iam.gserviceaccount.com,https://accounts.google.com,2026-08-26T05:36:09.972Z,runs/installer-oci-signatures/bitnami-elasticsearch/22.1.6/signature-receipt.yaml,runs/installer-oci-signatures/bitnami-elasticsearch/22.1.6/signature.sigstore.json,runs/installer-oci-signatures/bitnami-elasticsearch/22.1.6/signature-payload.json,runs/installer-oci-signatures/bitnami-elasticsearch/22.1.6/verification.json,runs/installer-oci-signatures/bitnami-elasticsearch/22.1.6/payload-verification.txt,cosign verify --certificate-identity helm-expt-package-signer@nth-fort-499605-q5.iam.gserviceaccount.com --certificate-oidc-issuer https://accounts.google.com --annotations confighub.com/package-path=packages/bitnami/elasticsearch/22.1.6 --annotations confighub.com/package-sha256=ddaff1408f909e3a6b00a0d9ec86b7634b293957078c485b185beaf6e239947c europe-west1-docker.pkg.dev/nth-fort-499605-q5/helm-expt/bitnami-elasticsearch:22.1.6@sha256:3322a7fd40b1592166e8dd6156793de0aa33acb39d94b0c2b309f63d3fc758f9,cosign verify-blob-attestation --bundle runs/installer-oci-signatures/bitnami-elasticsearch/22.1.6/signature.sigstore.json --digest 3322a7fd40b1592166e8dd6156793de0aa33acb39d94b0c2b309f63d3fc758f9 --digestAlg sha256 --type https://sigstore.dev/cosign/sign/v1 --certificate-identity helm-expt-package-signer@nth-fort-499605-q5.iam.gserviceaccount.com --certificate-oidc-issuer https://accounts.google.com
packages/bitnami/memcached/8.5.5,oci://europe-west1-docker.pkg.dev/nth-fort-499605-q5/helm-expt/bitnami-memcached:8.5.5,sha256:37635092808e22db71cd3d3521bcd02db056a9f46d81f372f98be1d03c89fcb2,europe-west1-docker.pkg.dev/nth-fort-499605-q5/helm-expt/bitnami-memcached:8.5.5@sha256:37635092808e22db71cd3d3521bcd02db056a9f46d81f372f98be1d03c89fcb2,60da1ada3bc125fae54ba7c330bcc9fb7074793ee7b9a6f0ee38594fa39a61d9,helm-expt-package-signer@nth-fort-499605-q5.iam.gserviceaccount.com,https://accounts.google.com,2026-08-26T05:36:15.593Z,runs/installer-oci-signatures/bitnami-memcached/8.5.5/signature-receipt.yaml,runs/installer-oci-signatures/bitnami-memcached/8.5.5/signature.sigstore.json,runs/installer-oci-signatures/bitnami-memcached/8.5.5/signature-payload.json,runs/installer-oci-signatures/bitnami-memcached/8.5.5/verification.json,runs/installer-oci-signatures/bitnami-memcached/8.5.5/payload-verification.txt,cosign verify --certificate-identity helm-expt-package-signer@nth-fort-499605-q5.iam.gserviceaccount.com --certificate-oidc-issuer https://accounts.google.com --annotations confighub.com/package-path=packages/bitnami/memcached/8.5.5 --annotations confighub.com/package-sha256=60da1ada3bc125fae54ba7c330bcc9fb7074793ee7b9a6f0ee38594fa39a61d9 europe-west1-docker.pkg.dev/nth-fort-499605-q5/helm-expt/bitnami-memcached:8.5.5@sha256:37635092808e22db71cd3d3521bcd02db056a9f46d81f372f98be1d03c89fcb2,cosign verify-blob-attestation --bundle runs/installer-oci-signatures/bitnami-memcached/8.5.5/signature.sigstore.json --digest 37635092808e22db71cd3d3521bcd02db056a9f46d81f372f98be1d03c89fcb2 --digestAlg sha256 --type https://sigstore.dev/cosign/sign/v1 --certificate-identity helm-expt-package-signer@nth-fort-499605-q5.iam.gserviceaccount.com --certificate-oidc-issuer https://accounts.google.com
packages/bitnami/mongodb/19.0.7,oci://europe-west1-docker.pkg.dev/nth-fort-499605-q5/helm-expt/bitnami-mongodb:19.0.7,sha256:8f690ed44774fc97011c366cf2e54730d6a07dfb4e6823d1dff07101eb0da534,europe-west1-docker.pkg.dev/nth-fort-499605-q5/helm-expt/bitnami-mongodb:19.0.7@sha256:8f690ed44774fc97011c366cf2e54730d6a07dfb4e6823d1dff07101eb0da534,be877c3e95f1ac35191e6c4bb0eefcd456aef55ab44d613ad75c0a35f50f9923,helm-expt-package-signer@nth-fort-499605-q5.iam.gserviceaccount.com,https://accounts.google.com,2026-08-26T05:36:20.077Z,runs/installer-oci-signatures/bitnami-mongodb/19.0.7/signature-receipt.yaml,runs/installer-oci-signatures/bitnami-mongodb/19.0.7/signature.sigstore.json,runs/installer-oci-signatures/bitnami-mongodb/19.0.7/signature-payload.json,runs/installer-oci-signatures/bitnami-mongodb/19.0.7/verification.json,runs/installer-oci-signatures/bitnami-mongodb/19.0.7/payload-verification.txt,cosign verify --certificate-identity helm-expt-package-signer@nth-fort-499605-q5.iam.gserviceaccount.com --certificate-oidc-issuer https://accounts.google.com --annotations confighub.com/package-path=packages/bitnami/mongodb/19.0.7 --annotations confighub.com/package-sha256=be877c3e95f1ac35191e6c4bb0eefcd456aef55ab44d613ad75c0a35f50f9923 europe-west1-docker.pkg.dev/nth-fort-499605-q5/helm-expt/bitnami-mongodb:19.0.7@sha256:8f690ed44774fc97011c366cf2e54730d6a07dfb4e6823d1dff07101eb0da534,cosign verify-blob-attestation --bundle runs/installer-oci-signatures/bitnami-mongodb/19.0.7/signature.sigstore.json --digest 8f690ed44774fc97011c366cf2e54730d6a07dfb4e6823d1dff07101eb0da534 --digestAlg sha256 --type https://sigstore.dev/cosign/sign/v1 --certificate-identity helm-expt-package-signer@nth-fort-499605-q5.iam.gserviceaccount.com --certificate-oidc-issuer https://accounts.google.com
packages/bitnami/mongodb/19.0.9,oci://europe-west1-docker.pkg.dev/nth-fort-499605-q5/helm-expt/bitnami-mongodb:19.0.9,sha256:6b4061223db0662d18c357bdfdf358600fa15e477525944de571a4738b222683,europe-west1-docker.pkg.dev/nth-fort-499605-q5/helm-expt/bitnami-mongodb:19.0.9@sha256:6b4061223db0662d18c357bdfdf358600fa15e477525944de571a4738b222683,18c26cb9c65939ad531fc100cf292ae30632839d2faa2c93c5a7ac68c3204b2f,helm-expt-package-signer@nth-fort-499605-q5.iam.gserviceaccount.com,https://accounts.google.com,2026-08-26T05:36:24.486Z,runs/installer-oci-signatures/bitnami-mongodb/19.0.9/signature-receipt.yaml,runs/installer-oci-signatures/bitnami-mongodb/19.0.9/signature.sigstore.json,runs/installer-oci-signatures/bitnami-mongodb/19.0.9/signature-payload.json,runs/installer-oci-signatures/bitnami-mongodb/19.0.9/verification.json,runs/installer-oci-signatures/bitnami-mongodb/19.0.9/payload-verification.txt,cosign verify --certificate-identity helm-expt-package-signer@nth-fort-499605-q5.iam.gserviceaccount.com --certificate-oidc-issuer https://accounts.google.com --annotations confighub.com/package-path=packages/bitnami/mongodb/19.0.9 --annotations confighub.com/package-sha256=18c26cb9c65939ad531fc100cf292ae30632839d2faa2c93c5a7ac68c3204b2f europe-west1-docker.pkg.dev/nth-fort-499605-q5/helm-expt/bitnami-mongodb:19.0.9@sha256:6b4061223db0662d18c357bdfdf358600fa15e477525944de571a4738b222683,cosign verify-blob-attestation --bundle runs/installer-oci-signatures/bitnami-mongodb/19.0.9/signature.sigstore.json --digest 6b4061223db0662d18c357bdfdf358600fa15e477525944de571a4738b222683 --digestAlg sha256 --type https://sigstore.dev/cosign/sign/v1 --certificate-identity helm-expt-package-signer@nth-fort-499605-q5.iam.gserviceaccount.com --certificate-oidc-issuer https://accounts.google.com
packages/bitnami/mongodb/19.1.0,oci://europe-west1-docker.pkg.dev/nth-fort-499605-q5/helm-expt/bitnami-mongodb:19.1.0,sha256:9eeeef6d94630143d4bd60d17d3ba0abcd151d4c73108d0fd5511fd533b9ad2d,europe-west1-docker.pkg.dev/nth-fort-499605-q5/helm-expt/bitnami-mongodb:19.1.0@sha256:9eeeef6d94630143d4bd60d17d3ba0abcd151d4c73108d0fd5511fd533b9ad2d,7622250a3e678312b14d64c548a0e9448dbee8f66a9f50231b793ba21ee43fd0,helm-expt-package-signer@nth-fort-499605-q5.iam.gserviceaccount.com,https://accounts.google.com,2026-08-26T05:36:29.538Z,runs/installer-oci-signatures/bitnami-mongodb/19.1.0/signature-receipt.yaml,runs/installer-oci-signatures/bitnami-mongodb/19.1.0/signature.sigstore.json,runs/installer-oci-signatures/bitnami-mongodb/19.1.0/signature-payload.json,runs/installer-oci-signatures/bitnami-mongodb/19.1.0/verification.json,runs/installer-oci-signatures/bitnami-mongodb/19.1.0/payload-verification.txt,cosign verify --certificate-identity helm-expt-package-signer@nth-fort-499605-q5.iam.gserviceaccount.com --certificate-oidc-issuer https://accounts.google.com --annotations confighub.com/package-path=packages/bitnami/mongodb/19.1.0 --annotations confighub.com/package-sha256=7622250a3e678312b14d64c548a0e9448dbee8f66a9f50231b793ba21ee43fd0 europe-west1-docker.pkg.dev/nth-fort-499605-q5/helm-expt/bitnami-mongodb:19.1.0@sha256:9eeeef6d94630143d4bd60d17d3ba0abcd151d4c73108d0fd5511fd533b9ad2d,cosign verify-blob-attestation --bundle runs/installer-oci-signatures/bitnami-mongodb/19.1.0/signature.sigstore.json --digest 9eeeef6d94630143d4bd60d17d3ba0abcd151d4c73108d0fd5511fd533b9ad2d --digestAlg sha256 --type https://sigstore.dev/cosign/sign/v1 --certificate-identity helm-expt-package-signer@nth-fort-499605-q5.iam.gserviceaccount.com --certificate-oidc-issuer https://accounts.google.com
packages/bitnami/mysql/14.0.3,oci://europe-west1-docker.pkg.dev/nth-fort-499605-q5/helm-expt/bitnami-mysql:14.0.3,sha256:0da76f6de7b836331e501220940672ce858e53877c39669d75ba94d5e6c10d4e,europe-west1-docker.pkg.dev/nth-fort-499605-q5/helm-expt/bitnami-mysql:14.0.3@sha256:0da76f6de7b836331e501220940672ce858e53877c39669d75ba94d5e6c10d4e,fb4d73426e0d7fac3609d74d22e38fbf094aa75ecb6a8e20eb2685718fea9867,helm-expt-package-signer@nth-fort-499605-q5.iam.gserviceaccount.com,https://accounts.google.com,2026-08-26T05:36:34.821Z,runs/installer-oci-signatures/bitnami-mysql/14.0.3/signature-receipt.yaml,runs/installer-oci-signatures/bitnami-mysql/14.0.3/signature.sigstore.json,runs/installer-oci-signatures/bitnami-mysql/14.0.3/signature-payload.json,runs/installer-oci-signatures/bitnami-mysql/14.0.3/verification.json,runs/installer-oci-signatures/bitnami-mysql/14.0.3/payload-verification.txt,cosign verify --certificate-identity helm-expt-package-signer@nth-fort-499605-q5.iam.gserviceaccount.com --certificate-oidc-issuer https://accounts.google.com --annotations confighub.com/package-path=packages/bitnami/mysql/14.0.3 --annotations confighub.com/package-sha256=fb4d73426e0d7fac3609d74d22e38fbf094aa75ecb6a8e20eb2685718fea9867 europe-west1-docker.pkg.dev/nth-fort-499605-q5/helm-expt/bitnami-mysql:14.0.3@sha256:0da76f6de7b836331e501220940672ce858e53877c39669d75ba94d5e6c10d4e,cosign verify-blob-attestation --bundle runs/installer-oci-signatures/bitnami-mysql/14.0.3/signature.sigstore.json --digest 0da76f6de7b836331e501220940672ce858e53877c39669d75ba94d5e6c10d4e --digestAlg sha256 --type https://sigstore.dev/cosign/sign/v1 --certificate-identity helm-expt-package-signer@nth-fort-499605-q5.iam.gserviceaccount.com --certificate-oidc-issuer https://accounts.google.com
packages/bitnami/nginx/24.0.2,oci://europe-west1-docker.pkg.dev/nth-fort-499605-q5/helm-expt/bitnami-nginx:24.0.2,sha256:08947210de607a6b9b8e7b8423b024e3fe89a0fc2b09581f80e2401008e445a1,europe-west1-docker.pkg.dev/nth-fort-499605-q5/helm-expt/bitnami-nginx:24.0.2@sha256:08947210de607a6b9b8e7b8423b024e3fe89a0fc2b09581f80e2401008e445a1,2ad752b92ec7fe256da54a2b86fc0afde30d1f9afe38819587fb47c9cb9ecb8d,helm-expt-package-signer@nth-fort-499605-q5.iam.gserviceaccount.com,https://accounts.google.com,2026-08-26T05:36:39.308Z,runs/installer-oci-signatures/bitnami-nginx/24.0.2/signature-receipt.yaml,runs/installer-oci-signatures/bitnami-nginx/24.0.2/signature.sigstore.json,runs/installer-oci-signatures/bitnami-nginx/24.0.2/signature-payload.json,runs/installer-oci-signatures/bitnami-nginx/24.0.2/verification.json,runs/installer-oci-signatures/bitnami-nginx/24.0.2/payload-verification.txt,cosign verify --certificate-identity helm-expt-package-signer@nth-fort-499605-q5.iam.gserviceaccount.com --certificate-oidc-issuer https://accounts.google.com --annotations confighub.com/package-path=packages/bitnami/nginx/24.0.2 --annotations confighub.com/package-sha256=2ad752b92ec7fe256da54a2b86fc0afde30d1f9afe38819587fb47c9cb9ecb8d europe-west1-docker.pkg.dev/nth-fort-499605-q5/helm-expt/bitnami-nginx:24.0.2@sha256:08947210de607a6b9b8e7b8423b024e3fe89a0fc2b09581f80e2401008e445a1,cosign verify-blob-attestation --bundle runs/installer-oci-signatures/bitnami-nginx/24.0.2/signature.sigstore.json --digest 08947210de607a6b9b8e7b8423b024e3fe89a0fc2b09581f80e2401008e445a1 --digestAlg sha256 --type https://sigstore.dev/cosign/sign/v1 --certificate-identity helm-expt-package-signer@nth-fort-499605-q5.iam.gserviceaccount.com --certificate-oidc-issuer https://accounts.google.com
packages/bitnami/nginx/24.0.4,oci://europe-west1-docker.pkg.dev/nth-fort-499605-q5/helm-expt/bitnami-nginx:24.0.4,sha256:c5687d127873a97d9bbd089667f4b9a63c65e04da385d73e8271b007cd7d1f30,europe-west1-docker.pkg.dev/nth-fort-499605-q5/helm-expt/bitnami-nginx:24.0.4@sha256:c5687d127873a97d9bbd089667f4b9a63c65e04da385d73e8271b007cd7d1f30,c282cddd3f61388ba8e1abc51d32b468667577b9093e337e06ec45a5a1d1057c,helm-expt-package-signer@nth-fort-499605-q5.iam.gserviceaccount.com,https://accounts.google.com,2026-08-26T05:36:44.210Z,runs/installer-oci-signatures/bitnami-nginx/24.0.4/signature-receipt.yaml,runs/installer-oci-signatures/bitnami-nginx/24.0.4/signature.sigstore.json,runs/installer-oci-signatures/bitnami-nginx/24.0.4/signature-payload.json,runs/installer-oci-signatures/bitnami-nginx/24.0.4/verification.json,runs/installer-oci-signatures/bitnami-nginx/24.0.4/payload-verification.txt,cosign verify --certificate-identity helm-expt-package-signer@nth-fort-499605-q5.iam.gserviceaccount.com --certificate-oidc-issuer https://accounts.google.com --annotations confighub.com/package-path=packages/bitnami/nginx/24.0.4 --annotations confighub.com/package-sha256=c282cddd3f61388ba8e1abc51d32b468667577b9093e337e06ec45a5a1d1057c europe-west1-docker.pkg.dev/nth-fort-499605-q5/helm-expt/bitnami-nginx:24.0.4@sha256:c5687d127873a97d9bbd089667f4b9a63c65e04da385d73e8271b007cd7d1f30,cosign verify-blob-attestation --bundle runs/installer-oci-signatures/bitnami-nginx/24.0.4/signature.sigstore.json --digest c5687d127873a97d9bbd089667f4b9a63c65e04da385d73e8271b007cd7d1f30 --digestAlg sha256 --type https://sigstore.dev/cosign/sign/v1 --certificate-identity helm-expt-package-signer@nth-fort-499605-q5.iam.gserviceaccount.com --certificate-oidc-issuer https://accounts.google.com
packages/bitnami/nginx/25.0.0,oci://europe-west1-docker.pkg.dev/nth-fort-499605-q5/helm-expt/bitnami-nginx:25.0.0,sha256:9965016714ddf56dd47a3e8705c06d42a25defd1aa57474e5939c04fc600ece9,europe-west1-docker.pkg.dev/nth-fort-499605-q5/helm-expt/bitnami-nginx:25.0.0@sha256:9965016714ddf56dd47a3e8705c06d42a25defd1aa57474e5939c04fc600ece9,bf0e0a0bbd92d29e275f3a1e610c411c884aea67c05739384fdfc6fef768301e,helm-expt-package-signer@nth-fort-499605-q5.iam.gserviceaccount.com,https://accounts.google.com,2026-08-26T05:36:49.722Z,runs/installer-oci-signatures/bitnami-nginx/25.0.0/signature-receipt.yaml,runs/installer-oci-signatures/bitnami-nginx/25.0.0/signature.sigstore.json,runs/installer-oci-signatures/bitnami-nginx/25.0.0/signature-payload.json,runs/installer-oci-signatures/bitnami-nginx/25.0.0/verification.json,runs/installer-oci-signatures/bitnami-nginx/25.0.0/payload-verification.txt,cosign verify --certificate-identity helm-expt-package-signer@nth-fort-499605-q5.iam.gserviceaccount.com --certificate-oidc-issuer https://accounts.google.com --annotations confighub.com/package-path=packages/bitnami/nginx/25.0.0 --annotations confighub.com/package-sha256=bf0e0a0bbd92d29e275f3a1e610c411c884aea67c05739384fdfc6fef768301e europe-west1-docker.pkg.dev/nth-fort-499605-q5/helm-expt/bitnami-nginx:25.0.0@sha256:9965016714ddf56dd47a3e8705c06d42a25defd1aa57474e5939c04fc600ece9,cosign verify-blob-attestation --bundle runs/installer-oci-signatures/bitnami-nginx/25.0.0/signature.sigstore.json --digest 9965016714ddf56dd47a3e8705c06d42a25defd1aa57474e5939c04fc600ece9 --digestAlg sha256 --type https://sigstore.dev/cosign/sign/v1 --certificate-identity helm-expt-package-signer@nth-fort-499605-q5.iam.gserviceaccount.com --certificate-oidc-issuer https://accounts.google.com
packages/bitnami/opensearch/2.0.10,oci://europe-west1-docker.pkg.dev/nth-fort-499605-q5/helm-expt/bitnami-opensearch:2.0.10,sha256:581a8813dfe2e51fa47680158a1a464d7d26ff2c13589cddacb17e143b2f554b,europe-west1-docker.pkg.dev/nth-fort-499605-q5/helm-expt/bitnami-opensearch:2.0.10@sha256:581a8813dfe2e51fa47680158a1a464d7d26ff2c13589cddacb17e143b2f554b,b15fbb41eddd653417df842cd76a6126ba0fc486be50de0b4dd51a056ca448d8,helm-expt-package-signer@nth-fort-499605-q5.iam.gserviceaccount.com,https://accounts.google.com,2026-08-26T05:36:54.611Z,runs/installer-oci-signatures/bitnami-opensearch/2.0.10/signature-receipt.yaml,runs/installer-oci-signatures/bitnami-opensearch/2.0.10/signature.sigstore.json,runs/installer-oci-signatures/bitnami-opensearch/2.0.10/signature-payload.json,runs/installer-oci-signatures/bitnami-opensearch/2.0.10/verification.json,runs/installer-oci-signatures/bitnami-opensearch/2.0.10/payload-verification.txt,cosign verify --certificate-identity helm-expt-package-signer@nth-fort-499605-q5.iam.gserviceaccount.com --certificate-oidc-issuer https://accounts.google.com --annotations confighub.com/package-path=packages/bitnami/opensearch/2.0.10 --annotations confighub.com/package-sha256=b15fbb41eddd653417df842cd76a6126ba0fc486be50de0b4dd51a056ca448d8 europe-west1-docker.pkg.dev/nth-fort-499605-q5/helm-expt/bitnami-opensearch:2.0.10@sha256:581a8813dfe2e51fa47680158a1a464d7d26ff2c13589cddacb17e143b2f554b,cosign verify-blob-attestation --bundle runs/installer-oci-signatures/bitnami-opensearch/2.0.10/signature.sigstore.json --digest 581a8813dfe2e51fa47680158a1a464d7d26ff2c13589cddacb17e143b2f554b --digestAlg sha256 --type https://sigstore.dev/cosign/sign/v1 --certificate-identity helm-expt-package-signer@nth-fort-499605-q5.iam.gserviceaccount.com --certificate-oidc-issuer https://accounts.google.com
packages/bitnami/phpmyadmin/20.0.0,oci://europe-west1-docker.pkg.dev/nth-fort-499605-q5/helm-expt/bitnami-phpmyadmin:20.0.0,sha256:19dfb7dca75b8849c7d2735b1e56154301f95ee0b0b38c69bdf4364a2c09731a,europe-west1-docker.pkg.dev/nth-fort-499605-q5/helm-expt/bitnami-phpmyadmin:20.0.0@sha256:19dfb7dca75b8849c7d2735b1e56154301f95ee0b0b38c69bdf4364a2c09731a,f50ad2ddbe534906722d1ec6ce0a3748e4cc5c517d38fde70501425e9aeda46e,helm-expt-package-signer@nth-fort-499605-q5.iam.gserviceaccount.com,https://accounts.google.com,2026-08-26T05:37:00.458Z,runs/installer-oci-signatures/bitnami-phpmyadmin/20.0.0/signature-receipt.yaml,runs/installer-oci-signatures/bitnami-phpmyadmin/20.0.0/signature.sigstore.json,runs/installer-oci-signatures/bitnami-phpmyadmin/20.0.0/signature-payload.json,runs/installer-oci-signatures/bitnami-phpmyadmin/20.0.0/verification.json,runs/installer-oci-signatures/bitnami-phpmyadmin/20.0.0/payload-verification.txt,cosign verify --certificate-identity helm-expt-package-signer@nth-fort-499605-q5.iam.gserviceaccount.com --certificate-oidc-issuer https://accounts.google.com --annotations confighub.com/package-path=packages/bitnami/phpmyadmin/20.0.0 --annotations confighub.com/package-sha256=f50ad2ddbe534906722d1ec6ce0a3748e4cc5c517d38fde70501425e9aeda46e europe-west1-docker.pkg.dev/nth-fort-499605-q5/helm-expt/bitnami-phpmyadmin:20.0.0@sha256:19dfb7dca75b8849c7d2735b1e56154301f95ee0b0b38c69bdf4364a2c09731a,cosign verify-blob-attestation --bundle runs/installer-oci-signatures/bitnami-phpmyadmin/20.0.0/signature.sigstore.json --digest 19dfb7dca75b8849c7d2735b1e56154301f95ee0b0b38c69bdf4364a2c09731a --digestAlg sha256 --type https://sigstore.dev/cosign/sign/v1 --certificate-identity helm-expt-package-signer@nth-fort-499605-q5.iam.gserviceaccount.com --certificate-oidc-issuer https://accounts.google.com
packages/bitnami/postgresql/18.6.10,oci://europe-west1-docker.pkg.dev/nth-fort-499605-q5/helm-expt/bitnami-postgresql:18.6.10,sha256:3c92cad513a3543d36e71e60da8207512911cbaf39c9149854b5e42637489b8d,europe-west1-docker.pkg.dev/nth-fort-499605-q5/helm-expt/bitnami-postgresql:18.6.10@sha256:3c92cad513a3543d36e71e60da8207512911cbaf39c9149854b5e42637489b8d,1fe4595ee7e39914965e58019b56101e6e1f1ff24e750cb8283655dfb51a2e93,helm-expt-package-signer@nth-fort-499605-q5.iam.gserviceaccount.com,https://accounts.google.com,2026-08-26T05:37:05.153Z,runs/installer-oci-signatures/bitnami-postgresql/18.6.10/signature-receipt.yaml,runs/installer-oci-signatures/bitnami-postgresql/18.6.10/signature.sigstore.json,runs/installer-oci-signatures/bitnami-postgresql/18.6.10/signature-payload.json,runs/installer-oci-signatures/bitnami-postgresql/18.6.10/verification.json,runs/installer-oci-signatures/bitnami-postgresql/18.6.10/payload-verification.txt,cosign verify --certificate-identity helm-expt-package-signer@nth-fort-499605-q5.iam.gserviceaccount.com --certificate-oidc-issuer https://accounts.google.com --annotations confighub.com/package-path=packages/bitnami/postgresql/18.6.10 --annotations confighub.com/package-sha256=1fe4595ee7e39914965e58019b56101e6e1f1ff24e750cb8283655dfb51a2e93 europe-west1-docker.pkg.dev/nth-fort-499605-q5/helm-expt/bitnami-postgresql:18.6.10@sha256:3c92cad513a3543d36e71e60da8207512911cbaf39c9149854b5e42637489b8d,cosign verify-blob-attestation --bundle runs/installer-oci-signatures/bitnami-postgresql/18.6.10/signature.sigstore.json --digest 3c92cad513a3543d36e71e60da8207512911cbaf39c9149854b5e42637489b8d --digestAlg sha256 --type https://sigstore.dev/cosign/sign/v1 --certificate-identity helm-expt-package-signer@nth-fort-499605-q5.iam.gserviceaccount.com --certificate-oidc-issuer https://accounts.google.com
packages/bitnami/postgresql/18.6.7,oci://europe-west1-docker.pkg.dev/nth-fort-499605-q5/helm-expt/bitnami-postgresql:18.6.7,sha256:de7371ce62c45f958c60c9f0584aa2a5d4f0e10638c053bb20985933a709a002,europe-west1-docker.pkg.dev/nth-fort-499605-q5/helm-expt/bitnami-postgresql:18.6.7@sha256:de7371ce62c45f958c60c9f0584aa2a5d4f0e10638c053bb20985933a709a002,81a9d77b20f9d2497ec3e6870404f9626c373deec08eefedc6637237f2fec212,helm-expt-package-signer@nth-fort-499605-q5.iam.gserviceaccount.com,https://accounts.google.com,2026-08-26T05:37:10.588Z,runs/installer-oci-signatures/bitnami-postgresql/18.6.7/signature-receipt.yaml,runs/installer-oci-signatures/bitnami-postgresql/18.6.7/signature.sigstore.json,runs/installer-oci-signatures/bitnami-postgresql/18.6.7/signature-payload.json,runs/installer-oci-signatures/bitnami-postgresql/18.6.7/verification.json,runs/installer-oci-signatures/bitnami-postgresql/18.6.7/payload-verification.txt,cosign verify --certificate-identity helm-expt-package-signer@nth-fort-499605-q5.iam.gserviceaccount.com --certificate-oidc-issuer https://accounts.google.com --annotations confighub.com/package-path=packages/bitnami/postgresql/18.6.7 --annotations confighub.com/package-sha256=81a9d77b20f9d2497ec3e6870404f9626c373deec08eefedc6637237f2fec212 europe-west1-docker.pkg.dev/nth-fort-499605-q5/helm-expt/bitnami-postgresql:18.6.7@sha256:de7371ce62c45f958c60c9f0584aa2a5d4f0e10638c053bb20985933a709a002,cosign verify-blob-attestation --bundle runs/installer-oci-signatures/bitnami-postgresql/18.6.7/signature.sigstore.json --digest de7371ce62c45f958c60c9f0584aa2a5d4f0e10638c053bb20985933a709a002 --digestAlg sha256 --type https://sigstore.dev/cosign/sign/v1 --certificate-identity helm-expt-package-signer@nth-fort-499605-q5.iam.gserviceaccount.com --certificate-oidc-issuer https://accounts.google.com
packages/bitnami/postgresql/18.7.0,oci://europe-west1-docker.pkg.dev/nth-fort-499605-q5/helm-expt/bitnami-postgresql:18.7.0,sha256:92ef63e4264bad114e4a63c03d603b021246894b9bc4dc9c3465469bd8eb3f35,europe-west1-docker.pkg.dev/nth-fort-499605-q5/helm-expt/bitnami-postgresql:18.7.0@sha256:92ef63e4264bad114e4a63c03d603b021246894b9bc4dc9c3465469bd8eb3f35,6665da5ce36305d6d3a2efda4821cbbdbc68874e702ef3a43b62d81112f4fb92,helm-expt-package-signer@nth-fort-499605-q5.iam.gserviceaccount.com,https://accounts.google.com,2026-08-26T05:37:15.633Z,runs/installer-oci-signatures/bitnami-postgresql/18.7.0/signature-receipt.yaml,runs/installer-oci-signatures/bitnami-postgresql/18.7.0/signature.sigstore.json,runs/installer-oci-signatures/bitnami-postgresql/18.7.0/signature-payload.json,runs/installer-oci-signatures/bitnami-postgresql/18.7.0/verification.json,runs/installer-oci-signatures/bitnami-postgresql/18.7.0/payload-verification.txt,cosign verify --certificate-identity helm-expt-package-signer@nth-fort-499605-q5.iam.gserviceaccount.com --certificate-oidc-issuer https://accounts.google.com --annotations confighub.com/package-path=packages/bitnami/postgresql/18.7.0 --annotations confighub.com/package-sha256=6665da5ce36305d6d3a2efda4821cbbdbc68874e702ef3a43b62d81112f4fb92 europe-west1-docker.pkg.dev/nth-fort-499605-q5/helm-expt/bitnami-postgresql:18.7.0@sha256:92ef63e4264bad114e4a63c03d603b021246894b9bc4dc9c3465469bd8eb3f35,cosign verify-blob-attestation --bundle runs/installer-oci-signatures/bitnami-postgresql/18.7.0/signature.sigstore.json --digest 92ef63e4264bad114e4a63c03d603b021246894b9bc4dc9c3465469bd8eb3f35 --digestAlg sha256 --type https://sigstore.dev/cosign/sign/v1 --certificate-identity helm-expt-package-signer@nth-fort-499605-q5.iam.gserviceaccount.com --certificate-oidc-issuer https://accounts.google.com
packages/bitnami/rabbitmq/16.0.14,oci://europe-west1-docker.pkg.dev/nth-fort-499605-q5/helm-expt/bitnami-rabbitmq:16.0.14,sha256:c2034843e8552af31412d9c92fc845df511d1413dae17a782630079e656c87a0,europe-west1-docker.pkg.dev/nth-fort-499605-q5/helm-expt/bitnami-rabbitmq:16.0.14@sha256:c2034843e8552af31412d9c92fc845df511d1413dae17a782630079e656c87a0,fc497e6797de38d185395ed4c59127454d25bf65eeb68e28b81983766d31e3c9,helm-expt-package-signer@nth-fort-499605-q5.iam.gserviceaccount.com,https://accounts.google.com,2026-08-26T05:37:21.040Z,runs/installer-oci-signatures/bitnami-rabbitmq/16.0.14/signature-receipt.yaml,runs/installer-oci-signatures/bitnami-rabbitmq/16.0.14/signature.sigstore.json,runs/installer-oci-signatures/bitnami-rabbitmq/16.0.14/signature-payload.json,runs/installer-oci-signatures/bitnami-rabbitmq/16.0.14/verification.json,runs/installer-oci-signatures/bitnami-rabbitmq/16.0.14/payload-verification.txt,cosign verify --certificate-identity helm-expt-package-signer@nth-fort-499605-q5.iam.gserviceaccount.com --certificate-oidc-issuer https://accounts.google.com --annotations confighub.com/package-path=packages/bitnami/rabbitmq/16.0.14 --annotations confighub.com/package-sha256=fc497e6797de38d185395ed4c59127454d25bf65eeb68e28b81983766d31e3c9 europe-west1-docker.pkg.dev/nth-fort-499605-q5/helm-expt/bitnami-rabbitmq:16.0.14@sha256:c2034843e8552af31412d9c92fc845df511d1413dae17a782630079e656c87a0,cosign verify-blob-attestation --bundle runs/installer-oci-signatures/bitnami-rabbitmq/16.0.14/signature.sigstore.json --digest c2034843e8552af31412d9c92fc845df511d1413dae17a782630079e656c87a0 --digestAlg sha256 --type https://sigstore.dev/cosign/sign/v1 --certificate-identity helm-expt-package-signer@nth-fort-499605-q5.iam.gserviceaccount.com --certificate-oidc-issuer https://accounts.google.com
packages/bitnami/redis/25.5.3,oci://europe-west1-docker.pkg.dev/nth-fort-499605-q5/helm-expt/bitnami-redis:25.5.3,sha256:7ad5fa6de0aa9c29df8cd26650893ebae6ad149a7c5ac33a8beedf5b02e2ac33,europe-west1-docker.pkg.dev/nth-fort-499605-q5/helm-expt/bitnami-redis:25.5.3@sha256:7ad5fa6de0aa9c29df8cd26650893ebae6ad149a7c5ac33a8beedf5b02e2ac33,1a84bda79a870b6249d0f42582d434b2983e557006f4faba0d250fb47197ac40,helm-expt-package-signer@nth-fort-499605-q5.iam.gserviceaccount.com,https://accounts.google.com,2026-08-26T05:31:46.467Z,runs/installer-oci-signatures/bitnami-redis/25.5.3/signature-receipt.yaml,runs/installer-oci-signatures/bitnami-redis/25.5.3/signature.sigstore.json,runs/installer-oci-signatures/bitnami-redis/25.5.3/signature-payload.json,runs/installer-oci-signatures/bitnami-redis/25.5.3/verification.json,runs/installer-oci-signatures/bitnami-redis/25.5.3/payload-verification.txt,cosign verify --certificate-identity helm-expt-package-signer@nth-fort-499605-q5.iam.gserviceaccount.com --certificate-oidc-issuer https://accounts.google.com --annotations confighub.com/package-path=packages/bitnami/redis/25.5.3 --annotations confighub.com/package-sha256=1a84bda79a870b6249d0f42582d434b2983e557006f4faba0d250fb47197ac40 europe-west1-docker.pkg.dev/nth-fort-499605-q5/helm-expt/bitnami-redis:25.5.3@sha256:7ad5fa6de0aa9c29df8cd26650893ebae6ad149a7c5ac33a8beedf5b02e2ac33,cosign verify-blob-attestation --bundle runs/installer-oci-signatures/bitnami-redis/25.5.3/signature.sigstore.json --digest 7ad5fa6de0aa9c29df8cd26650893ebae6ad149a7c5ac33a8beedf5b02e2ac33 --digestAlg sha256 --type https://sigstore.dev/cosign/sign/v1 --certificate-identity helm-expt-package-signer@nth-fort-499605-q5.iam.gserviceaccount.com --certificate-oidc-issuer https://accounts.google.com
packages/bitnami/redis/27.0.0,oci://europe-west1-docker.pkg.dev/nth-fort-499605-q5/helm-expt/bitnami-redis:27.0.0,sha256:f7abbebaa196753028c1ece5c24a32a0f40ac08aeda7ad3a5ec225e019a90780,europe-west1-docker.pkg.dev/nth-fort-499605-q5/helm-expt/bitnami-redis:27.0.0@sha256:f7abbebaa196753028c1ece5c24a32a0f40ac08aeda7ad3a5ec225e019a90780,8bf6e99d898e618f1a01330c7b26d7d3b8f0ef0c280f8a4d827ea96a26653449,helm-expt-package-signer@nth-fort-499605-q5.iam.gserviceaccount.com,https://accounts.google.com,2026-08-26T05:37:27.881Z,runs/installer-oci-signatures/bitnami-redis/27.0.0/signature-receipt.yaml,runs/installer-oci-signatures/bitnami-redis/27.0.0/signature.sigstore.json,runs/installer-oci-signatures/bitnami-redis/27.0.0/signature-payload.json,runs/installer-oci-signatures/bitnami-redis/27.0.0/verification.json,runs/installer-oci-signatures/bitnami-redis/27.0.0/payload-verification.txt,cosign verify --certificate-identity helm-expt-package-signer@nth-fort-499605-q5.iam.gserviceaccount.com --certificate-oidc-issuer https://accounts.google.com --annotations confighub.com/package-path=packages/bitnami/redis/27.0.0 --annotations confighub.com/package-sha256=8bf6e99d898e618f1a01330c7b26d7d3b8f0ef0c280f8a4d827ea96a26653449 europe-west1-docker.pkg.dev/nth-fort-499605-q5/helm-expt/bitnami-redis:27.0.0@sha256:f7abbebaa196753028c1ece5c24a32a0f40ac08aeda7ad3a5ec225e019a90780,cosign verify-blob-attestation --bundle runs/installer-oci-signatures/bitnami-redis/27.0.0/signature.sigstore.json --digest f7abbebaa196753028c1ece5c24a32a0f40ac08aeda7ad3a5ec225e019a90780 --digestAlg sha256 --type https://sigstore.dev/cosign/sign/v1 --certificate-identity helm-expt-package-signer@nth-fort-499605-q5.iam.gserviceaccount.com --certificate-oidc-issuer https://accounts.google.com
packages/bitnami/spark/10.0.3,oci://europe-west1-docker.pkg.dev/nth-fort-499605-q5/helm-expt/bitnami-spark:10.0.3,sha256:2810aff98a5b4b4e2f95a4c750da22d283b1534bf9e166e6207a5db940b70ac9,europe-west1-docker.pkg.dev/nth-fort-499605-q5/helm-expt/bitnami-spark:10.0.3@sha256:2810aff98a5b4b4e2f95a4c750da22d283b1534bf9e166e6207a5db940b70ac9,d046d56813f566163a2282f39a667dc1dd628d0bf97f9731228a9684ee8ba353,helm-expt-package-signer@nth-fort-499605-q5.iam.gserviceaccount.com,https://accounts.google.com,2026-08-26T05:37:33.555Z,runs/installer-oci-signatures/bitnami-spark/10.0.3/signature-receipt.yaml,runs/installer-oci-signatures/bitnami-spark/10.0.3/signature.sigstore.json,runs/installer-oci-signatures/bitnami-spark/10.0.3/signature-payload.json,runs/installer-oci-signatures/bitnami-spark/10.0.3/verification.json,runs/installer-oci-signatures/bitnami-spark/10.0.3/payload-verification.txt,cosign verify --certificate-identity helm-expt-package-signer@nth-fort-499605-q5.iam.gserviceaccount.com --certificate-oidc-issuer https://accounts.google.com --annotations confighub.com/package-path=packages/bitnami/spark/10.0.3 --annotations confighub.com/package-sha256=d046d56813f566163a2282f39a667dc1dd628d0bf97f9731228a9684ee8ba353 europe-west1-docker.pkg.dev/nth-fort-499605-q5/helm-expt/bitnami-spark:10.0.3@sha256:2810aff98a5b4b4e2f95a4c750da22d283b1534bf9e166e6207a5db940b70ac9,cosign verify-blob-attestation --bundle runs/installer-oci-signatures/bitnami-spark/10.0.3/signature.sigstore.json --digest 2810aff98a5b4b4e2f95a4c750da22d283b1534bf9e166e6207a5db940b70ac9 --digestAlg sha256 --type https://sigstore.dev/cosign/sign/v1 --certificate-identity helm-expt-package-signer@nth-fort-499605-q5.iam.gserviceaccount.com --certificate-oidc-issuer https://accounts.google.com
packages/bitnami/zookeeper/13.8.7,oci://europe-west1-docker.pkg.dev/nth-fort-499605-q5/helm-expt/bitnami-zookeeper:13.8.7,sha256:4679a6d791d1ae9181e865013def2090b32397f3ab98c3b506ce0824103f7a4f,europe-west1-docker.pkg.dev/nth-fort-499605-q5/helm-expt/bitnami-zookeeper:13.8.7@sha256:4679a6d791d1ae9181e865013def2090b32397f3ab98c3b506ce0824103f7a4f,8e9161b914f556f0ce40ba5493bd86136ffa45796ff86806f776bf680906c5f8,helm-expt-package-signer@nth-fort-499605-q5.iam.gserviceaccount.com,https://accounts.google.com,2026-08-26T05:37:40.606Z,runs/installer-oci-signatures/bitnami-zookeeper/13.8.7/signature-receipt.yaml,runs/installer-oci-signatures/bitnami-zookeeper/13.8.7/signature.sigstore.json,runs/installer-oci-signatures/bitnami-zookeeper/13.8.7/signature-payload.json,runs/installer-oci-signatures/bitnami-zookeeper/13.8.7/verification.json,runs/installer-oci-signatures/bitnami-zookeeper/13.8.7/payload-verification.txt,cosign verify --certificate-identity helm-expt-package-signer@nth-fort-499605-q5.iam.gserviceaccount.com --certificate-oidc-issuer https://accounts.google.com --annotations confighub.com/package-path=packages/bitnami/zookeeper/13.8.7 --annotations confighub.com/package-sha256=8e9161b914f556f0ce40ba5493bd86136ffa45796ff86806f776bf680906c5f8 europe-west1-docker.pkg.dev/nth-fort-499605-q5/helm-expt/bitnami-zookeeper:13.8.7@sha256:4679a6d791d1ae9181e865013def2090b32397f3ab98c3b506ce0824103f7a4f,cosign verify-blob-attestation --bundle runs/installer-oci-signatures/bitnami-zookeeper/13.8.7/signature.sigstore.json --digest 4679a6d791d1ae9181e865013def2090b32397f3ab98c3b506ce0824103f7a4f --digestAlg sha256 --type https://sigstore.dev/cosign/sign/v1 --certificate-identity helm-expt-package-signer@nth-fort-499605-q5.iam.gserviceaccount.com --certificate-oidc-issuer https://accounts.google.com
packages/cloudnative-pg/cloudnative-pg/0.28.2,oci://europe-west1-docker.pkg.dev/nth-fort-499605-q5/helm-expt/cloudnative-pg-cloudnative-pg:0.28.2,sha256:c9169b6a3f7855f1dc6d9b634eeab7c4c256ea7400a57fcb7025fcf71b91432c,europe-west1-docker.pkg.dev/nth-fort-499605-q5/helm-expt/cloudnative-pg-cloudnative-pg:0.28.2@sha256:c9169b6a3f7855f1dc6d9b634eeab7c4c256ea7400a57fcb7025fcf71b91432c,8d1dc7fe14fde6c76b955531ccd58279150a7b3a74bde1ac8b7e30df09409013,helm-expt-package-signer@nth-fort-499605-q5.iam.gserviceaccount.com,https://accounts.google.com,2026-08-26T05:37:45.156Z,runs/installer-oci-signatures/cloudnative-pg-cloudnative-pg/0.28.2/signature-receipt.yaml,runs/installer-oci-signatures/cloudnative-pg-cloudnative-pg/0.28.2/signature.sigstore.json,runs/installer-oci-signatures/cloudnative-pg-cloudnative-pg/0.28.2/signature-payload.json,runs/installer-oci-signatures/cloudnative-pg-cloudnative-pg/0.28.2/verification.json,runs/installer-oci-signatures/cloudnative-pg-cloudnative-pg/0.28.2/payload-verification.txt,cosign verify --certificate-identity helm-expt-package-signer@nth-fort-499605-q5.iam.gserviceaccount.com --certificate-oidc-issuer https://accounts.google.com --annotations confighub.com/package-path=packages/cloudnative-pg/cloudnative-pg/0.28.2 --annotations confighub.com/package-sha256=8d1dc7fe14fde6c76b955531ccd58279150a7b3a74bde1ac8b7e30df09409013 europe-west1-docker.pkg.dev/nth-fort-499605-q5/helm-expt/cloudnative-pg-cloudnative-pg:0.28.2@sha256:c9169b6a3f7855f1dc6d9b634eeab7c4c256ea7400a57fcb7025fcf71b91432c,cosign verify-blob-attestation --bundle runs/installer-oci-signatures/cloudnative-pg-cloudnative-pg/0.28.2/signature.sigstore.json --digest c9169b6a3f7855f1dc6d9b634eeab7c4c256ea7400a57fcb7025fcf71b91432c --digestAlg sha256 --type https://sigstore.dev/cosign/sign/v1 --certificate-identity helm-expt-package-signer@nth-fort-499605-q5.iam.gserviceaccount.com --certificate-oidc-issuer https://accounts.google.com
packages/cloudpirates/nginx/0.16.1,oci://europe-west1-docker.pkg.dev/nth-fort-499605-q5/helm-expt/cloudpirates-nginx:0.16.1,sha256:7d8591d2abf8722f3329d653a0929fca99e9df4306c5f627db4ebfd23bc70103,europe-west1-docker.pkg.dev/nth-fort-499605-q5/helm-expt/cloudpirates-nginx:0.16.1@sha256:7d8591d2abf8722f3329d653a0929fca99e9df4306c5f627db4ebfd23bc70103,74701eb18a3cd69e379500c49ef87f16a0315153912691e9855255aa30806b1e,helm-expt-package-signer@nth-fort-499605-q5.iam.gserviceaccount.com,https://accounts.google.com,2026-08-26T05:37:50.962Z,runs/installer-oci-signatures/cloudpirates-nginx/0.16.1/signature-receipt.yaml,runs/installer-oci-signatures/cloudpirates-nginx/0.16.1/signature.sigstore.json,runs/installer-oci-signatures/cloudpirates-nginx/0.16.1/signature-payload.json,runs/installer-oci-signatures/cloudpirates-nginx/0.16.1/verification.json,runs/installer-oci-signatures/cloudpirates-nginx/0.16.1/payload-verification.txt,cosign verify --certificate-identity helm-expt-package-signer@nth-fort-499605-q5.iam.gserviceaccount.com --certificate-oidc-issuer https://accounts.google.com --annotations confighub.com/package-path=packages/cloudpirates/nginx/0.16.1 --annotations confighub.com/package-sha256=74701eb18a3cd69e379500c49ef87f16a0315153912691e9855255aa30806b1e europe-west1-docker.pkg.dev/nth-fort-499605-q5/helm-expt/cloudpirates-nginx:0.16.1@sha256:7d8591d2abf8722f3329d653a0929fca99e9df4306c5f627db4ebfd23bc70103,cosign verify-blob-attestation --bundle runs/installer-oci-signatures/cloudpirates-nginx/0.16.1/signature.sigstore.json --digest 7d8591d2abf8722f3329d653a0929fca99e9df4306c5f627db4ebfd23bc70103 --digestAlg sha256 --type https://sigstore.dev/cosign/sign/v1 --certificate-identity helm-expt-package-signer@nth-fort-499605-q5.iam.gserviceaccount.com --certificate-oidc-issuer https://accounts.google.com
packages/cloudpirates/rabbitmq/0.21.13,oci://europe-west1-docker.pkg.dev/nth-fort-499605-q5/helm-expt/cloudpirates-rabbitmq:0.21.13,sha256:bdc40826c6b61ca4504d8b3c20553d14499dd7a343e06b9d0386f158ea0808e6,europe-west1-docker.pkg.dev/nth-fort-499605-q5/helm-expt/cloudpirates-rabbitmq:0.21.13@sha256:bdc40826c6b61ca4504d8b3c20553d14499dd7a343e06b9d0386f158ea0808e6,610b9ac34abf15f3ccabc8c62c9dc98829982df195551ff1fe1251d33ab7b864,helm-expt-package-signer@nth-fort-499605-q5.iam.gserviceaccount.com,https://accounts.google.com,2026-08-26T05:37:56.295Z,runs/installer-oci-signatures/cloudpirates-rabbitmq/0.21.13/signature-receipt.yaml,runs/installer-oci-signatures/cloudpirates-rabbitmq/0.21.13/signature.sigstore.json,runs/installer-oci-signatures/cloudpirates-rabbitmq/0.21.13/signature-payload.json,runs/installer-oci-signatures/cloudpirates-rabbitmq/0.21.13/verification.json,runs/installer-oci-signatures/cloudpirates-rabbitmq/0.21.13/payload-verification.txt,cosign verify --certificate-identity helm-expt-package-signer@nth-fort-499605-q5.iam.gserviceaccount.com --certificate-oidc-issuer https://accounts.google.com --annotations confighub.com/package-path=packages/cloudpirates/rabbitmq/0.21.13 --annotations confighub.com/package-sha256=610b9ac34abf15f3ccabc8c62c9dc98829982df195551ff1fe1251d33ab7b864 europe-west1-docker.pkg.dev/nth-fort-499605-q5/helm-expt/cloudpirates-rabbitmq:0.21.13@sha256:bdc40826c6b61ca4504d8b3c20553d14499dd7a343e06b9d0386f158ea0808e6,cosign verify-blob-attestation --bundle runs/installer-oci-signatures/cloudpirates-rabbitmq/0.21.13/signature.sigstore.json --digest bdc40826c6b61ca4504d8b3c20553d14499dd7a343e06b9d0386f158ea0808e6 --digestAlg sha256 --type https://sigstore.dev/cosign/sign/v1 --certificate-identity helm-expt-package-signer@nth-fort-499605-q5.iam.gserviceaccount.com --certificate-oidc-issuer https://accounts.google.com
packages/cloudpirates/redis/0.34.11,oci://europe-west1-docker.pkg.dev/nth-fort-499605-q5/helm-expt/cloudpirates-redis:0.34.11,sha256:1fb28149f907ff18521b9f1374c547c894813dafd58d244b00ca70d7ea766c99,europe-west1-docker.pkg.dev/nth-fort-499605-q5/helm-expt/cloudpirates-redis:0.34.11@sha256:1fb28149f907ff18521b9f1374c547c894813dafd58d244b00ca70d7ea766c99,328c3a6f4c80273dd90d8d02b0cf8d3d577640e8e7d4498495f708cd5d73dfb3,helm-expt-package-signer@nth-fort-499605-q5.iam.gserviceaccount.com,https://accounts.google.com,2026-08-26T05:38:01.983Z,runs/installer-oci-signatures/cloudpirates-redis/0.34.11/signature-receipt.yaml,runs/installer-oci-signatures/cloudpirates-redis/0.34.11/signature.sigstore.json,runs/installer-oci-signatures/cloudpirates-redis/0.34.11/signature-payload.json,runs/installer-oci-signatures/cloudpirates-redis/0.34.11/verification.json,runs/installer-oci-signatures/cloudpirates-redis/0.34.11/payload-verification.txt,cosign verify --certificate-identity helm-expt-package-signer@nth-fort-499605-q5.iam.gserviceaccount.com --certificate-oidc-issuer https://accounts.google.com --annotations confighub.com/package-path=packages/cloudpirates/redis/0.34.11 --annotations confighub.com/package-sha256=328c3a6f4c80273dd90d8d02b0cf8d3d577640e8e7d4498495f708cd5d73dfb3 europe-west1-docker.pkg.dev/nth-fort-499605-q5/helm-expt/cloudpirates-redis:0.34.11@sha256:1fb28149f907ff18521b9f1374c547c894813dafd58d244b00ca70d7ea766c99,cosign verify-blob-attestation --bundle runs/installer-oci-signatures/cloudpirates-redis/0.34.11/signature.sigstore.json --digest 1fb28149f907ff18521b9f1374c547c894813dafd58d244b00ca70d7ea766c99 --digestAlg sha256 --type https://sigstore.dev/cosign/sign/v1 --certificate-identity helm-expt-package-signer@nth-fort-499605-q5.iam.gserviceaccount.com --certificate-oidc-issuer https://accounts.google.com
packages/coredns/coredns/1.45.2,oci://europe-west1-docker.pkg.dev/nth-fort-499605-q5/helm-expt/coredns-coredns:1.45.2,sha256:6c7db8f14b174c03f96a64de8baaa5c49654c029eadb1f864ac235949a667290,europe-west1-docker.pkg.dev/nth-fort-499605-q5/helm-expt/coredns-coredns:1.45.2@sha256:6c7db8f14b174c03f96a64de8baaa5c49654c029eadb1f864ac235949a667290,795878a5ee157ca65dab8859d5dcb51dffeb6ef89b0979cdc6497a06b600a87e,helm-expt-package-signer@nth-fort-499605-q5.iam.gserviceaccount.com,https://accounts.google.com,2026-08-26T05:38:06.923Z,runs/installer-oci-signatures/coredns-coredns/1.45.2/signature-receipt.yaml,runs/installer-oci-signatures/coredns-coredns/1.45.2/signature.sigstore.json,runs/installer-oci-signatures/coredns-coredns/1.45.2/signature-payload.json,runs/installer-oci-signatures/coredns-coredns/1.45.2/verification.json,runs/installer-oci-signatures/coredns-coredns/1.45.2/payload-verification.txt,cosign verify --certificate-identity helm-expt-package-signer@nth-fort-499605-q5.iam.gserviceaccount.com --certificate-oidc-issuer https://accounts.google.com --annotations confighub.com/package-path=packages/coredns/coredns/1.45.2 --annotations confighub.com/package-sha256=795878a5ee157ca65dab8859d5dcb51dffeb6ef89b0979cdc6497a06b600a87e europe-west1-docker.pkg.dev/nth-fort-499605-q5/helm-expt/coredns-coredns:1.45.2@sha256:6c7db8f14b174c03f96a64de8baaa5c49654c029eadb1f864ac235949a667290,cosign verify-blob-attestation --bundle runs/installer-oci-signatures/coredns-coredns/1.45.2/signature.sigstore.json --digest 6c7db8f14b174c03f96a64de8baaa5c49654c029eadb1f864ac235949a667290 --digestAlg sha256 --type https://sigstore.dev/cosign/sign/v1 --certificate-identity helm-expt-package-signer@nth-fort-499605-q5.iam.gserviceaccount.com --certificate-oidc-issuer https://accounts.google.com
packages/crossplane-stable/crossplane/2.3.1,oci://europe-west1-docker.pkg.dev/nth-fort-499605-q5/helm-expt/crossplane-stable-crossplane:2.3.1,sha256:30e96f70a8712be2d38e1c372bad9a13b200ca9faaa8ed360225419c82970e8f,europe-west1-docker.pkg.dev/nth-fort-499605-q5/helm-expt/crossplane-stable-crossplane:2.3.1@sha256:30e96f70a8712be2d38e1c372bad9a13b200ca9faaa8ed360225419c82970e8f,243510bb37b6cd6117298450387d7966f5637b30ebcae192ab3b9848d072d016,helm-expt-package-signer@nth-fort-499605-q5.iam.gserviceaccount.com,https://accounts.google.com,2026-08-26T05:38:13.928Z,runs/installer-oci-signatures/crossplane-stable-crossplane/2.3.1/signature-receipt.yaml,runs/installer-oci-signatures/crossplane-stable-crossplane/2.3.1/signature.sigstore.json,runs/installer-oci-signatures/crossplane-stable-crossplane/2.3.1/signature-payload.json,runs/installer-oci-signatures/crossplane-stable-crossplane/2.3.1/verification.json,runs/installer-oci-signatures/crossplane-stable-crossplane/2.3.1/payload-verification.txt,cosign verify --certificate-identity helm-expt-package-signer@nth-fort-499605-q5.iam.gserviceaccount.com --certificate-oidc-issuer https://accounts.google.com --annotations confighub.com/package-path=packages/crossplane-stable/crossplane/2.3.1 --annotations confighub.com/package-sha256=243510bb37b6cd6117298450387d7966f5637b30ebcae192ab3b9848d072d016 europe-west1-docker.pkg.dev/nth-fort-499605-q5/helm-expt/crossplane-stable-crossplane:2.3.1@sha256:30e96f70a8712be2d38e1c372bad9a13b200ca9faaa8ed360225419c82970e8f,cosign verify-blob-attestation --bundle runs/installer-oci-signatures/crossplane-stable-crossplane/2.3.1/signature.sigstore.json --digest 30e96f70a8712be2d38e1c372bad9a13b200ca9faaa8ed360225419c82970e8f --digestAlg sha256 --type https://sigstore.dev/cosign/sign/v1 --certificate-identity helm-expt-package-signer@nth-fort-499605-q5.iam.gserviceaccount.com --certificate-oidc-issuer https://accounts.google.com
packages/descheduler/descheduler/0.36.0,oci://europe-west1-docker.pkg.dev/nth-fort-499605-q5/helm-expt/descheduler-descheduler:0.36.0,sha256:22b67a5f3fe2870e573cb9c6d42db3c8ed8eabb576b9ef37f66b3c67075137d6,europe-west1-docker.pkg.dev/nth-fort-499605-q5/helm-expt/descheduler-descheduler:0.36.0@sha256:22b67a5f3fe2870e573cb9c6d42db3c8ed8eabb576b9ef37f66b3c67075137d6,ade98781bd54405308961ca0d1b29646d425e6e3624819cee5c095418ea30490,helm-expt-package-signer@nth-fort-499605-q5.iam.gserviceaccount.com,https://accounts.google.com,2026-08-26T05:38:19.911Z,runs/installer-oci-signatures/descheduler-descheduler/0.36.0/signature-receipt.yaml,runs/installer-oci-signatures/descheduler-descheduler/0.36.0/signature.sigstore.json,runs/installer-oci-signatures/descheduler-descheduler/0.36.0/signature-payload.json,runs/installer-oci-signatures/descheduler-descheduler/0.36.0/verification.json,runs/installer-oci-signatures/descheduler-descheduler/0.36.0/payload-verification.txt,cosign verify --certificate-identity helm-expt-package-signer@nth-fort-499605-q5.iam.gserviceaccount.com --certificate-oidc-issuer https://accounts.google.com --annotations confighub.com/package-path=packages/descheduler/descheduler/0.36.0 --annotations confighub.com/package-sha256=ade98781bd54405308961ca0d1b29646d425e6e3624819cee5c095418ea30490 europe-west1-docker.pkg.dev/nth-fort-499605-q5/helm-expt/descheduler-descheduler:0.36.0@sha256:22b67a5f3fe2870e573cb9c6d42db3c8ed8eabb576b9ef37f66b3c67075137d6,cosign verify-blob-attestation --bundle runs/installer-oci-signatures/descheduler-descheduler/0.36.0/signature.sigstore.json --digest 22b67a5f3fe2870e573cb9c6d42db3c8ed8eabb576b9ef37f66b3c67075137d6 --digestAlg sha256 --type https://sigstore.dev/cosign/sign/v1 --certificate-identity helm-expt-package-signer@nth-fort-499605-q5.iam.gserviceaccount.com --certificate-oidc-issuer https://accounts.google.com
packages/dex/dex/0.24.0,oci://europe-west1-docker.pkg.dev/nth-fort-499605-q5/helm-expt/dex-dex:0.24.0,sha256:06640fa3203bc4e5e6d195c7802d899e3d23812546e67b8b13ad3285c19cf3e8,europe-west1-docker.pkg.dev/nth-fort-499605-q5/helm-expt/dex-dex:0.24.0@sha256:06640fa3203bc4e5e6d195c7802d899e3d23812546e67b8b13ad3285c19cf3e8,61f72819c33fc6b8c388808c061dc9686cbd6d96432fce8fe2b3eb319e968ab1,helm-expt-package-signer@nth-fort-499605-q5.iam.gserviceaccount.com,https://accounts.google.com,2026-08-26T05:38:25.620Z,runs/installer-oci-signatures/dex-dex/0.24.0/signature-receipt.yaml,runs/installer-oci-signatures/dex-dex/0.24.0/signature.sigstore.json,runs/installer-oci-signatures/dex-dex/0.24.0/signature-payload.json,runs/installer-oci-signatures/dex-dex/0.24.0/verification.json,runs/installer-oci-signatures/dex-dex/0.24.0/payload-verification.txt,cosign verify --certificate-identity helm-expt-package-signer@nth-fort-499605-q5.iam.gserviceaccount.com --certificate-oidc-issuer https://accounts.google.com --annotations confighub.com/package-path=packages/dex/dex/0.24.0 --annotations confighub.com/package-sha256=61f72819c33fc6b8c388808c061dc9686cbd6d96432fce8fe2b3eb319e968ab1 europe-west1-docker.pkg.dev/nth-fort-499605-q5/helm-expt/dex-dex:0.24.0@sha256:06640fa3203bc4e5e6d195c7802d899e3d23812546e67b8b13ad3285c19cf3e8,cosign verify-blob-attestation --bundle runs/installer-oci-signatures/dex-dex/0.24.0/signature.sigstore.json --digest 06640fa3203bc4e5e6d195c7802d899e3d23812546e67b8b13ad3285c19cf3e8 --digestAlg sha256 --type https://sigstore.dev/cosign/sign/v1 --certificate-identity helm-expt-package-signer@nth-fort-499605-q5.iam.gserviceaccount.com --certificate-oidc-issuer https://accounts.google.com
packages/elastic/eck-operator/3.4.0,oci://europe-west1-docker.pkg.dev/nth-fort-499605-q5/helm-expt/elastic-eck-operator:3.4.0,sha256:1d7d273176ce8f810a9fa00fb5154a1d7cb514dbf57515e57850b5b99432a60f,europe-west1-docker.pkg.dev/nth-fort-499605-q5/helm-expt/elastic-eck-operator:3.4.0@sha256:1d7d273176ce8f810a9fa00fb5154a1d7cb514dbf57515e57850b5b99432a60f,cd2b877729df1a9078e0613afd43eebbc5093cb4040dc975d6ba6295155d073d,helm-expt-package-signer@nth-fort-499605-q5.iam.gserviceaccount.com,https://accounts.google.com,2026-08-26T05:38:30.320Z,runs/installer-oci-signatures/elastic-eck-operator/3.4.0/signature-receipt.yaml,runs/installer-oci-signatures/elastic-eck-operator/3.4.0/signature.sigstore.json,runs/installer-oci-signatures/elastic-eck-operator/3.4.0/signature-payload.json,runs/installer-oci-signatures/elastic-eck-operator/3.4.0/verification.json,runs/installer-oci-signatures/elastic-eck-operator/3.4.0/payload-verification.txt,cosign verify --certificate-identity helm-expt-package-signer@nth-fort-499605-q5.iam.gserviceaccount.com --certificate-oidc-issuer https://accounts.google.com --annotations confighub.com/package-path=packages/elastic/eck-operator/3.4.0 --annotations confighub.com/package-sha256=cd2b877729df1a9078e0613afd43eebbc5093cb4040dc975d6ba6295155d073d europe-west1-docker.pkg.dev/nth-fort-499605-q5/helm-expt/elastic-eck-operator:3.4.0@sha256:1d7d273176ce8f810a9fa00fb5154a1d7cb514dbf57515e57850b5b99432a60f,cosign verify-blob-attestation --bundle runs/installer-oci-signatures/elastic-eck-operator/3.4.0/signature.sigstore.json --digest 1d7d273176ce8f810a9fa00fb5154a1d7cb514dbf57515e57850b5b99432a60f --digestAlg sha256 --type https://sigstore.dev/cosign/sign/v1 --certificate-identity helm-expt-package-signer@nth-fort-499605-q5.iam.gserviceaccount.com --certificate-oidc-issuer https://accounts.google.com
packages/elastic/filebeat/8.5.1,oci://europe-west1-docker.pkg.dev/nth-fort-499605-q5/helm-expt/elastic-filebeat:8.5.1,sha256:6baa7dfa20778531b4c8f9b474e9ae9eff91e3dad0648cf2de40e90230f9f072,europe-west1-docker.pkg.dev/nth-fort-499605-q5/helm-expt/elastic-filebeat:8.5.1@sha256:6baa7dfa20778531b4c8f9b474e9ae9eff91e3dad0648cf2de40e90230f9f072,95bc33c6d25dededed894c19f91e62d96fed2ece5ad24449a894f0f0b82eb003,helm-expt-package-signer@nth-fort-499605-q5.iam.gserviceaccount.com,https://accounts.google.com,2026-08-26T05:38:38.416Z,runs/installer-oci-signatures/elastic-filebeat/8.5.1/signature-receipt.yaml,runs/installer-oci-signatures/elastic-filebeat/8.5.1/signature.sigstore.json,runs/installer-oci-signatures/elastic-filebeat/8.5.1/signature-payload.json,runs/installer-oci-signatures/elastic-filebeat/8.5.1/verification.json,runs/installer-oci-signatures/elastic-filebeat/8.5.1/payload-verification.txt,cosign verify --certificate-identity helm-expt-package-signer@nth-fort-499605-q5.iam.gserviceaccount.com --certificate-oidc-issuer https://accounts.google.com --annotations confighub.com/package-path=packages/elastic/filebeat/8.5.1 --annotations confighub.com/package-sha256=95bc33c6d25dededed894c19f91e62d96fed2ece5ad24449a894f0f0b82eb003 europe-west1-docker.pkg.dev/nth-fort-499605-q5/helm-expt/elastic-filebeat:8.5.1@sha256:6baa7dfa20778531b4c8f9b474e9ae9eff91e3dad0648cf2de40e90230f9f072,cosign verify-blob-attestation --bundle runs/installer-oci-signatures/elastic-filebeat/8.5.1/signature.sigstore.json --digest 6baa7dfa20778531b4c8f9b474e9ae9eff91e3dad0648cf2de40e90230f9f072 --digestAlg sha256 --type https://sigstore.dev/cosign/sign/v1 --certificate-identity helm-expt-package-signer@nth-fort-499605-q5.iam.gserviceaccount.com --certificate-oidc-issuer https://accounts.google.com
packages/elastic/kibana/8.5.1,oci://europe-west1-docker.pkg.dev/nth-fort-499605-q5/helm-expt/elastic-kibana:8.5.1,sha256:4831bb66066143d635e768c4ad39fca9714afd131672819fb0324dc0d7d2c86b,europe-west1-docker.pkg.dev/nth-fort-499605-q5/helm-expt/elastic-kibana:8.5.1@sha256:4831bb66066143d635e768c4ad39fca9714afd131672819fb0324dc0d7d2c86b,d5b3718e4dfcbd0e0aa19b7e9924711311eb4904ca20d321a188f2d1044a92d9,helm-expt-package-signer@nth-fort-499605-q5.iam.gserviceaccount.com,https://accounts.google.com,2026-08-26T05:38:46.567Z,runs/installer-oci-signatures/elastic-kibana/8.5.1/signature-receipt.yaml,runs/installer-oci-signatures/elastic-kibana/8.5.1/signature.sigstore.json,runs/installer-oci-signatures/elastic-kibana/8.5.1/signature-payload.json,runs/installer-oci-signatures/elastic-kibana/8.5.1/verification.json,runs/installer-oci-signatures/elastic-kibana/8.5.1/payload-verification.txt,cosign verify --certificate-identity helm-expt-package-signer@nth-fort-499605-q5.iam.gserviceaccount.com --certificate-oidc-issuer https://accounts.google.com --annotations confighub.com/package-path=packages/elastic/kibana/8.5.1 --annotations confighub.com/package-sha256=d5b3718e4dfcbd0e0aa19b7e9924711311eb4904ca20d321a188f2d1044a92d9 europe-west1-docker.pkg.dev/nth-fort-499605-q5/helm-expt/elastic-kibana:8.5.1@sha256:4831bb66066143d635e768c4ad39fca9714afd131672819fb0324dc0d7d2c86b,cosign verify-blob-attestation --bundle runs/installer-oci-signatures/elastic-kibana/8.5.1/signature.sigstore.json --digest 4831bb66066143d635e768c4ad39fca9714afd131672819fb0324dc0d7d2c86b --digestAlg sha256 --type https://sigstore.dev/cosign/sign/v1 --certificate-identity helm-expt-package-signer@nth-fort-499605-q5.iam.gserviceaccount.com --certificate-oidc-issuer https://accounts.google.com
packages/elastic/logstash/8.5.1,oci://europe-west1-docker.pkg.dev/nth-fort-499605-q5/helm-expt/elastic-logstash:8.5.1,sha256:7b0ea06aa627f8274346b8ef0291deaf4122f39c9fd69d65918638da56c5bba0,europe-west1-docker.pkg.dev/nth-fort-499605-q5/helm-expt/elastic-logstash:8.5.1@sha256:7b0ea06aa627f8274346b8ef0291deaf4122f39c9fd69d65918638da56c5bba0,83975cfa57b676362b21dc888072d70ae569ab4503ca2e72d170d8e5a19e2bd3,helm-expt-package-signer@nth-fort-499605-q5.iam.gserviceaccount.com,https://accounts.google.com,2026-08-26T05:38:51.857Z,runs/installer-oci-signatures/elastic-logstash/8.5.1/signature-receipt.yaml,runs/installer-oci-signatures/elastic-logstash/8.5.1/signature.sigstore.json,runs/installer-oci-signatures/elastic-logstash/8.5.1/signature-payload.json,runs/installer-oci-signatures/elastic-logstash/8.5.1/verification.json,runs/installer-oci-signatures/elastic-logstash/8.5.1/payload-verification.txt,cosign verify --certificate-identity helm-expt-package-signer@nth-fort-499605-q5.iam.gserviceaccount.com --certificate-oidc-issuer https://accounts.google.com --annotations confighub.com/package-path=packages/elastic/logstash/8.5.1 --annotations confighub.com/package-sha256=83975cfa57b676362b21dc888072d70ae569ab4503ca2e72d170d8e5a19e2bd3 europe-west1-docker.pkg.dev/nth-fort-499605-q5/helm-expt/elastic-logstash:8.5.1@sha256:7b0ea06aa627f8274346b8ef0291deaf4122f39c9fd69d65918638da56c5bba0,cosign verify-blob-attestation --bundle runs/installer-oci-signatures/elastic-logstash/8.5.1/signature.sigstore.json --digest 7b0ea06aa627f8274346b8ef0291deaf4122f39c9fd69d65918638da56c5bba0 --digestAlg sha256 --type https://sigstore.dev/cosign/sign/v1 --certificate-identity helm-expt-package-signer@nth-fort-499605-q5.iam.gserviceaccount.com --certificate-oidc-issuer https://accounts.google.com
packages/elastic/metricbeat/8.5.1,oci://europe-west1-docker.pkg.dev/nth-fort-499605-q5/helm-expt/elastic-metricbeat:8.5.1,sha256:a15a472ff9d737574859873f762075750ed91b75cbb1a22ff586fdf29df1a2bc,europe-west1-docker.pkg.dev/nth-fort-499605-q5/helm-expt/elastic-metricbeat:8.5.1@sha256:a15a472ff9d737574859873f762075750ed91b75cbb1a22ff586fdf29df1a2bc,1ff5a1bfab7deb2f18d4a44644527ff1b969134f0342e33fb5b2a3fd62c67c80,helm-expt-package-signer@nth-fort-499605-q5.iam.gserviceaccount.com,https://accounts.google.com,2026-08-26T05:38:57.704Z,runs/installer-oci-signatures/elastic-metricbeat/8.5.1/signature-receipt.yaml,runs/installer-oci-signatures/elastic-metricbeat/8.5.1/signature.sigstore.json,runs/installer-oci-signatures/elastic-metricbeat/8.5.1/signature-payload.json,runs/installer-oci-signatures/elastic-metricbeat/8.5.1/verification.json,runs/installer-oci-signatures/elastic-metricbeat/8.5.1/payload-verification.txt,cosign verify --certificate-identity helm-expt-package-signer@nth-fort-499605-q5.iam.gserviceaccount.com --certificate-oidc-issuer https://accounts.google.com --annotations confighub.com/package-path=packages/elastic/metricbeat/8.5.1 --annotations confighub.com/package-sha256=1ff5a1bfab7deb2f18d4a44644527ff1b969134f0342e33fb5b2a3fd62c67c80 europe-west1-docker.pkg.dev/nth-fort-499605-q5/helm-expt/elastic-metricbeat:8.5.1@sha256:a15a472ff9d737574859873f762075750ed91b75cbb1a22ff586fdf29df1a2bc,cosign verify-blob-attestation --bundle runs/installer-oci-signatures/elastic-metricbeat/8.5.1/signature.sigstore.json --digest a15a472ff9d737574859873f762075750ed91b75cbb1a22ff586fdf29df1a2bc --digestAlg sha256 --type https://sigstore.dev/cosign/sign/v1 --certificate-identity helm-expt-package-signer@nth-fort-499605-q5.iam.gserviceaccount.com --certificate-oidc-issuer https://accounts.google.com
packages/external-dns/external-dns/1.21.1,oci://europe-west1-docker.pkg.dev/nth-fort-499605-q5/helm-expt/external-dns-external-dns:1.21.1,sha256:0b2ebd9e293d1f1f0046860eef01bc55357f20b5be76b8ed24ac06cafd16dffd,europe-west1-docker.pkg.dev/nth-fort-499605-q5/helm-expt/external-dns-external-dns:1.21.1@sha256:0b2ebd9e293d1f1f0046860eef01bc55357f20b5be76b8ed24ac06cafd16dffd,e988e84b50eb145af6d13f9159c6fb77a02e020b6f55ec6b847e82ad75362a7f,helm-expt-package-signer@nth-fort-499605-q5.iam.gserviceaccount.com,https://accounts.google.com,2026-08-26T05:39:02.095Z,runs/installer-oci-signatures/external-dns-external-dns/1.21.1/signature-receipt.yaml,runs/installer-oci-signatures/external-dns-external-dns/1.21.1/signature.sigstore.json,runs/installer-oci-signatures/external-dns-external-dns/1.21.1/signature-payload.json,runs/installer-oci-signatures/external-dns-external-dns/1.21.1/verification.json,runs/installer-oci-signatures/external-dns-external-dns/1.21.1/payload-verification.txt,cosign verify --certificate-identity helm-expt-package-signer@nth-fort-499605-q5.iam.gserviceaccount.com --certificate-oidc-issuer https://accounts.google.com --annotations confighub.com/package-path=packages/external-dns/external-dns/1.21.1 --annotations confighub.com/package-sha256=e988e84b50eb145af6d13f9159c6fb77a02e020b6f55ec6b847e82ad75362a7f europe-west1-docker.pkg.dev/nth-fort-499605-q5/helm-expt/external-dns-external-dns:1.21.1@sha256:0b2ebd9e293d1f1f0046860eef01bc55357f20b5be76b8ed24ac06cafd16dffd,cosign verify-blob-attestation --bundle runs/installer-oci-signatures/external-dns-external-dns/1.21.1/signature.sigstore.json --digest 0b2ebd9e293d1f1f0046860eef01bc55357f20b5be76b8ed24ac06cafd16dffd --digestAlg sha256 --type https://sigstore.dev/cosign/sign/v1 --certificate-identity helm-expt-package-signer@nth-fort-499605-q5.iam.gserviceaccount.com --certificate-oidc-issuer https://accounts.google.com
packages/external-secrets/external-secrets/2.5.0,oci://europe-west1-docker.pkg.dev/nth-fort-499605-q5/helm-expt/external-secrets-external-secrets:2.5.0,sha256:e4835f92ea97357cf269eabe966ca562cc46fd0f97e4dd18d52f72f0e07459b1,europe-west1-docker.pkg.dev/nth-fort-499605-q5/helm-expt/external-secrets-external-secrets:2.5.0@sha256:e4835f92ea97357cf269eabe966ca562cc46fd0f97e4dd18d52f72f0e07459b1,1f4e5b986a37206d61120c82456eaff8b6c5b1ae0f1ef810aa5dbed89c56ea91,helm-expt-package-signer@nth-fort-499605-q5.iam.gserviceaccount.com,https://accounts.google.com,2026-08-26T05:39:07.450Z,runs/installer-oci-signatures/external-secrets-external-secrets/2.5.0/signature-receipt.yaml,runs/installer-oci-signatures/external-secrets-external-secrets/2.5.0/signature.sigstore.json,runs/installer-oci-signatures/external-secrets-external-secrets/2.5.0/signature-payload.json,runs/installer-oci-signatures/external-secrets-external-secrets/2.5.0/verification.json,runs/installer-oci-signatures/external-secrets-external-secrets/2.5.0/payload-verification.txt,cosign verify --certificate-identity helm-expt-package-signer@nth-fort-499605-q5.iam.gserviceaccount.com --certificate-oidc-issuer https://accounts.google.com --annotations confighub.com/package-path=packages/external-secrets/external-secrets/2.5.0 --annotations confighub.com/package-sha256=1f4e5b986a37206d61120c82456eaff8b6c5b1ae0f1ef810aa5dbed89c56ea91 europe-west1-docker.pkg.dev/nth-fort-499605-q5/helm-expt/external-secrets-external-secrets:2.5.0@sha256:e4835f92ea97357cf269eabe966ca562cc46fd0f97e4dd18d52f72f0e07459b1,cosign verify-blob-attestation --bundle runs/installer-oci-signatures/external-secrets-external-secrets/2.5.0/signature.sigstore.json --digest e4835f92ea97357cf269eabe966ca562cc46fd0f97e4dd18d52f72f0e07459b1 --digestAlg sha256 --type https://sigstore.dev/cosign/sign/v1 --certificate-identity helm-expt-package-signer@nth-fort-499605-q5.iam.gserviceaccount.com --certificate-oidc-issuer https://accounts.google.com
packages/external-secrets/external-secrets/2.7.0,oci://europe-west1-docker.pkg.dev/nth-fort-499605-q5/helm-expt/external-secrets-external-secrets:2.7.0,sha256:ee514659892b2222b8173cde2a1a39f2e9ec80c15862a7bd30b36c44fc8f24cb,europe-west1-docker.pkg.dev/nth-fort-499605-q5/helm-expt/external-secrets-external-secrets:2.7.0@sha256:ee514659892b2222b8173cde2a1a39f2e9ec80c15862a7bd30b36c44fc8f24cb,42ee5df4017453a1e3d0ea07d6430d0b258d5e0599c86a5d5d6b48896b5abde4,helm-expt-package-signer@nth-fort-499605-q5.iam.gserviceaccount.com,https://accounts.google.com,2026-08-26T05:39:12.867Z,runs/installer-oci-signatures/external-secrets-external-secrets/2.7.0/signature-receipt.yaml,runs/installer-oci-signatures/external-secrets-external-secrets/2.7.0/signature.sigstore.json,runs/installer-oci-signatures/external-secrets-external-secrets/2.7.0/signature-payload.json,runs/installer-oci-signatures/external-secrets-external-secrets/2.7.0/verification.json,runs/installer-oci-signatures/external-secrets-external-secrets/2.7.0/payload-verification.txt,cosign verify --certificate-identity helm-expt-package-signer@nth-fort-499605-q5.iam.gserviceaccount.com --certificate-oidc-issuer https://accounts.google.com --annotations confighub.com/package-path=packages/external-secrets/external-secrets/2.7.0 --annotations confighub.com/package-sha256=42ee5df4017453a1e3d0ea07d6430d0b258d5e0599c86a5d5d6b48896b5abde4 europe-west1-docker.pkg.dev/nth-fort-499605-q5/helm-expt/external-secrets-external-secrets:2.7.0@sha256:ee514659892b2222b8173cde2a1a39f2e9ec80c15862a7bd30b36c44fc8f24cb,cosign verify-blob-attestation --bundle runs/installer-oci-signatures/external-secrets-external-secrets/2.7.0/signature.sigstore.json --digest ee514659892b2222b8173cde2a1a39f2e9ec80c15862a7bd30b36c44fc8f24cb --digestAlg sha256 --type https://sigstore.dev/cosign/sign/v1 --certificate-identity helm-expt-package-signer@nth-fort-499605-q5.iam.gserviceaccount.com --certificate-oidc-issuer https://accounts.google.com
packages/external-secrets/external-secrets/2.8.0,oci://europe-west1-docker.pkg.dev/nth-fort-499605-q5/helm-expt/external-secrets-external-secrets:2.8.0,sha256:4dbc97da60b9cda5fa85a8c69d06abff3edb71c0f9ab35fb8b393d2e14cc8dcc,europe-west1-docker.pkg.dev/nth-fort-499605-q5/helm-expt/external-secrets-external-secrets:2.8.0@sha256:4dbc97da60b9cda5fa85a8c69d06abff3edb71c0f9ab35fb8b393d2e14cc8dcc,4cb4c3e9dd71329332f7757b33ac5d9980d6ed5a33153d6eb85b2f145bfb1f78,helm-expt-package-signer@nth-fort-499605-q5.iam.gserviceaccount.com,https://accounts.google.com,2026-08-26T05:39:18.207Z,runs/installer-oci-signatures/external-secrets-external-secrets/2.8.0/signature-receipt.yaml,runs/installer-oci-signatures/external-secrets-external-secrets/2.8.0/signature.sigstore.json,runs/installer-oci-signatures/external-secrets-external-secrets/2.8.0/signature-payload.json,runs/installer-oci-signatures/external-secrets-external-secrets/2.8.0/verification.json,runs/installer-oci-signatures/external-secrets-external-secrets/2.8.0/payload-verification.txt,cosign verify --certificate-identity helm-expt-package-signer@nth-fort-499605-q5.iam.gserviceaccount.com --certificate-oidc-issuer https://accounts.google.com --annotations confighub.com/package-path=packages/external-secrets/external-secrets/2.8.0 --annotations confighub.com/package-sha256=4cb4c3e9dd71329332f7757b33ac5d9980d6ed5a33153d6eb85b2f145bfb1f78 europe-west1-docker.pkg.dev/nth-fort-499605-q5/helm-expt/external-secrets-external-secrets:2.8.0@sha256:4dbc97da60b9cda5fa85a8c69d06abff3edb71c0f9ab35fb8b393d2e14cc8dcc,cosign verify-blob-attestation --bundle runs/installer-oci-signatures/external-secrets-external-secrets/2.8.0/signature.sigstore.json --digest 4dbc97da60b9cda5fa85a8c69d06abff3edb71c0f9ab35fb8b393d2e14cc8dcc --digestAlg sha256 --type https://sigstore.dev/cosign/sign/v1 --certificate-identity helm-expt-package-signer@nth-fort-499605-q5.iam.gserviceaccount.com --certificate-oidc-issuer https://accounts.google.com
packages/fairwinds-stable/goldilocks/10.3.0,oci://europe-west1-docker.pkg.dev/nth-fort-499605-q5/helm-expt/fairwinds-stable-goldilocks:10.3.0,sha256:b3c1b089113fcb748f36b17d170a323b5fb24860329c3ccc4722b0533185263a,europe-west1-docker.pkg.dev/nth-fort-499605-q5/helm-expt/fairwinds-stable-goldilocks:10.3.0@sha256:b3c1b089113fcb748f36b17d170a323b5fb24860329c3ccc4722b0533185263a,1ccb876ce49d490494141334c674ec6da4f46accbea5f1bdda5f59a20454b68a,helm-expt-package-signer@nth-fort-499605-q5.iam.gserviceaccount.com,https://accounts.google.com,2026-08-26T05:39:22.546Z,runs/installer-oci-signatures/fairwinds-stable-goldilocks/10.3.0/signature-receipt.yaml,runs/installer-oci-signatures/fairwinds-stable-goldilocks/10.3.0/signature.sigstore.json,runs/installer-oci-signatures/fairwinds-stable-goldilocks/10.3.0/signature-payload.json,runs/installer-oci-signatures/fairwinds-stable-goldilocks/10.3.0/verification.json,runs/installer-oci-signatures/fairwinds-stable-goldilocks/10.3.0/payload-verification.txt,cosign verify --certificate-identity helm-expt-package-signer@nth-fort-499605-q5.iam.gserviceaccount.com --certificate-oidc-issuer https://accounts.google.com --annotations confighub.com/package-path=packages/fairwinds-stable/goldilocks/10.3.0 --annotations confighub.com/package-sha256=1ccb876ce49d490494141334c674ec6da4f46accbea5f1bdda5f59a20454b68a europe-west1-docker.pkg.dev/nth-fort-499605-q5/helm-expt/fairwinds-stable-goldilocks:10.3.0@sha256:b3c1b089113fcb748f36b17d170a323b5fb24860329c3ccc4722b0533185263a,cosign verify-blob-attestation --bundle runs/installer-oci-signatures/fairwinds-stable-goldilocks/10.3.0/signature.sigstore.json --digest b3c1b089113fcb748f36b17d170a323b5fb24860329c3ccc4722b0533185263a --digestAlg sha256 --type https://sigstore.dev/cosign/sign/v1 --certificate-identity helm-expt-package-signer@nth-fort-499605-q5.iam.gserviceaccount.com --certificate-oidc-issuer https://accounts.google.com
packages/fairwinds-stable/vpa/4.11.0,oci://europe-west1-docker.pkg.dev/nth-fort-499605-q5/helm-expt/fairwinds-stable-vpa:4.11.0,sha256:b5669df2a3cf5747b42de4d4ae6bb441d635dbee6eba063fd39568bd8fd42b61,europe-west1-docker.pkg.dev/nth-fort-499605-q5/helm-expt/fairwinds-stable-vpa:4.11.0@sha256:b5669df2a3cf5747b42de4d4ae6bb441d635dbee6eba063fd39568bd8fd42b61,eeac04c6aef9e85d0bc8d789a78a641267ce88f6f7d6129b5621fa76c55ee6d3,helm-expt-package-signer@nth-fort-499605-q5.iam.gserviceaccount.com,https://accounts.google.com,2026-08-26T05:39:27.040Z,runs/installer-oci-signatures/fairwinds-stable-vpa/4.11.0/signature-receipt.yaml,runs/installer-oci-signatures/fairwinds-stable-vpa/4.11.0/signature.sigstore.json,runs/installer-oci-signatures/fairwinds-stable-vpa/4.11.0/signature-payload.json,runs/installer-oci-signatures/fairwinds-stable-vpa/4.11.0/verification.json,runs/installer-oci-signatures/fairwinds-stable-vpa/4.11.0/payload-verification.txt,cosign verify --certificate-identity helm-expt-package-signer@nth-fort-499605-q5.iam.gserviceaccount.com --certificate-oidc-issuer https://accounts.google.com --annotations confighub.com/package-path=packages/fairwinds-stable/vpa/4.11.0 --annotations confighub.com/package-sha256=eeac04c6aef9e85d0bc8d789a78a641267ce88f6f7d6129b5621fa76c55ee6d3 europe-west1-docker.pkg.dev/nth-fort-499605-q5/helm-expt/fairwinds-stable-vpa:4.11.0@sha256:b5669df2a3cf5747b42de4d4ae6bb441d635dbee6eba063fd39568bd8fd42b61,cosign verify-blob-attestation --bundle runs/installer-oci-signatures/fairwinds-stable-vpa/4.11.0/signature.sigstore.json --digest b5669df2a3cf5747b42de4d4ae6bb441d635dbee6eba063fd39568bd8fd42b61 --digestAlg sha256 --type https://sigstore.dev/cosign/sign/v1 --certificate-identity helm-expt-package-signer@nth-fort-499605-q5.iam.gserviceaccount.com --certificate-oidc-issuer https://accounts.google.com
packages/falcosecurity/falco/9.0.0,oci://europe-west1-docker.pkg.dev/nth-fort-499605-q5/helm-expt/falcosecurity-falco:9.0.0,sha256:9f37a47ba415f04fe54ae85f9df315f907d54d6666ebb999378d9f1239e870ea,europe-west1-docker.pkg.dev/nth-fort-499605-q5/helm-expt/falcosecurity-falco:9.0.0@sha256:9f37a47ba415f04fe54ae85f9df315f907d54d6666ebb999378d9f1239e870ea,a519fcb3bb6edf83336ad98da88745645597448bd6514358b40993ba4eb6ee9b,helm-expt-package-signer@nth-fort-499605-q5.iam.gserviceaccount.com,https://accounts.google.com,2026-08-26T05:39:32.131Z,runs/installer-oci-signatures/falcosecurity-falco/9.0.0/signature-receipt.yaml,runs/installer-oci-signatures/falcosecurity-falco/9.0.0/signature.sigstore.json,runs/installer-oci-signatures/falcosecurity-falco/9.0.0/signature-payload.json,runs/installer-oci-signatures/falcosecurity-falco/9.0.0/verification.json,runs/installer-oci-signatures/falcosecurity-falco/9.0.0/payload-verification.txt,cosign verify --certificate-identity helm-expt-package-signer@nth-fort-499605-q5.iam.gserviceaccount.com --certificate-oidc-issuer https://accounts.google.com --annotations confighub.com/package-path=packages/falcosecurity/falco/9.0.0 --annotations confighub.com/package-sha256=a519fcb3bb6edf83336ad98da88745645597448bd6514358b40993ba4eb6ee9b europe-west1-docker.pkg.dev/nth-fort-499605-q5/helm-expt/falcosecurity-falco:9.0.0@sha256:9f37a47ba415f04fe54ae85f9df315f907d54d6666ebb999378d9f1239e870ea,cosign verify-blob-attestation --bundle runs/installer-oci-signatures/falcosecurity-falco/9.0.0/signature.sigstore.json --digest 9f37a47ba415f04fe54ae85f9df315f907d54d6666ebb999378d9f1239e870ea --digestAlg sha256 --type https://sigstore.dev/cosign/sign/v1 --certificate-identity helm-expt-package-signer@nth-fort-499605-q5.iam.gserviceaccount.com --certificate-oidc-issuer https://accounts.google.com
packages/falcosecurity/falcosidekick/0.13.1,oci://europe-west1-docker.pkg.dev/nth-fort-499605-q5/helm-expt/falcosecurity-falcosidekick:0.13.1,sha256:3f6737c13e9d850683ee9d3f9944e08eca634b4e85876b8dfaf18552ae34bae9,europe-west1-docker.pkg.dev/nth-fort-499605-q5/helm-expt/falcosecurity-falcosidekick:0.13.1@sha256:3f6737c13e9d850683ee9d3f9944e08eca634b4e85876b8dfaf18552ae34bae9,f4aef20f7e695a5fc58795613158b54bda2fd086357d8d7cf353caab4a612047,helm-expt-package-signer@nth-fort-499605-q5.iam.gserviceaccount.com,https://accounts.google.com,2026-08-26T05:39:36.522Z,runs/installer-oci-signatures/falcosecurity-falcosidekick/0.13.1/signature-receipt.yaml,runs/installer-oci-signatures/falcosecurity-falcosidekick/0.13.1/signature.sigstore.json,runs/installer-oci-signatures/falcosecurity-falcosidekick/0.13.1/signature-payload.json,runs/installer-oci-signatures/falcosecurity-falcosidekick/0.13.1/verification.json,runs/installer-oci-signatures/falcosecurity-falcosidekick/0.13.1/payload-verification.txt,cosign verify --certificate-identity helm-expt-package-signer@nth-fort-499605-q5.iam.gserviceaccount.com --certificate-oidc-issuer https://accounts.google.com --annotations confighub.com/package-path=packages/falcosecurity/falcosidekick/0.13.1 --annotations confighub.com/package-sha256=f4aef20f7e695a5fc58795613158b54bda2fd086357d8d7cf353caab4a612047 europe-west1-docker.pkg.dev/nth-fort-499605-q5/helm-expt/falcosecurity-falcosidekick:0.13.1@sha256:3f6737c13e9d850683ee9d3f9944e08eca634b4e85876b8dfaf18552ae34bae9,cosign verify-blob-attestation --bundle runs/installer-oci-signatures/falcosecurity-falcosidekick/0.13.1/signature.sigstore.json --digest 3f6737c13e9d850683ee9d3f9944e08eca634b4e85876b8dfaf18552ae34bae9 --digestAlg sha256 --type https://sigstore.dev/cosign/sign/v1 --certificate-identity helm-expt-package-signer@nth-fort-499605-q5.iam.gserviceaccount.com --certificate-oidc-issuer https://accounts.google.com
packages/fluent/fluent-bit/0.57.6,oci://europe-west1-docker.pkg.dev/nth-fort-499605-q5/helm-expt/fluent-fluent-bit:0.57.6,sha256:e1103f03d2e7894562c2cb5ec1fc305712fe83cc4d7f47eb7bef3d9186730ebf,europe-west1-docker.pkg.dev/nth-fort-499605-q5/helm-expt/fluent-fluent-bit:0.57.6@sha256:e1103f03d2e7894562c2cb5ec1fc305712fe83cc4d7f47eb7bef3d9186730ebf,927d51336074709b3466f6ec458392d5b590073ff38953c4b7a524e65a63a90d,helm-expt-package-signer@nth-fort-499605-q5.iam.gserviceaccount.com,https://accounts.google.com,2026-08-26T05:39:40.962Z,runs/installer-oci-signatures/fluent-fluent-bit/0.57.6/signature-receipt.yaml,runs/installer-oci-signatures/fluent-fluent-bit/0.57.6/signature.sigstore.json,runs/installer-oci-signatures/fluent-fluent-bit/0.57.6/signature-payload.json,runs/installer-oci-signatures/fluent-fluent-bit/0.57.6/verification.json,runs/installer-oci-signatures/fluent-fluent-bit/0.57.6/payload-verification.txt,cosign verify --certificate-identity helm-expt-package-signer@nth-fort-499605-q5.iam.gserviceaccount.com --certificate-oidc-issuer https://accounts.google.com --annotations confighub.com/package-path=packages/fluent/fluent-bit/0.57.6 --annotations confighub.com/package-sha256=927d51336074709b3466f6ec458392d5b590073ff38953c4b7a524e65a63a90d europe-west1-docker.pkg.dev/nth-fort-499605-q5/helm-expt/fluent-fluent-bit:0.57.6@sha256:e1103f03d2e7894562c2cb5ec1fc305712fe83cc4d7f47eb7bef3d9186730ebf,cosign verify-blob-attestation --bundle runs/installer-oci-signatures/fluent-fluent-bit/0.57.6/signature.sigstore.json --digest e1103f03d2e7894562c2cb5ec1fc305712fe83cc4d7f47eb7bef3d9186730ebf --digestAlg sha256 --type https://sigstore.dev/cosign/sign/v1 --certificate-identity helm-expt-package-signer@nth-fort-499605-q5.iam.gserviceaccount.com --certificate-oidc-issuer https://accounts.google.com
packages/fluent/fluentd/0.5.3,oci://europe-west1-docker.pkg.dev/nth-fort-499605-q5/helm-expt/fluent-fluentd:0.5.3,sha256:4391d452fd6c66b8d2bfc6ccba87b75e64426b9e3b7111b38c12bddff8e7b376,europe-west1-docker.pkg.dev/nth-fort-499605-q5/helm-expt/fluent-fluentd:0.5.3@sha256:4391d452fd6c66b8d2bfc6ccba87b75e64426b9e3b7111b38c12bddff8e7b376,73e36b924e73bb87db5c7c1fbac81cb593724cbde6618c7cd6c20aef3a2ce8c9,helm-expt-package-signer@nth-fort-499605-q5.iam.gserviceaccount.com,https://accounts.google.com,2026-08-26T05:39:46.698Z,runs/installer-oci-signatures/fluent-fluentd/0.5.3/signature-receipt.yaml,runs/installer-oci-signatures/fluent-fluentd/0.5.3/signature.sigstore.json,runs/installer-oci-signatures/fluent-fluentd/0.5.3/signature-payload.json,runs/installer-oci-signatures/fluent-fluentd/0.5.3/verification.json,runs/installer-oci-signatures/fluent-fluentd/0.5.3/payload-verification.txt,cosign verify --certificate-identity helm-expt-package-signer@nth-fort-499605-q5.iam.gserviceaccount.com --certificate-oidc-issuer https://accounts.google.com --annotations confighub.com/package-path=packages/fluent/fluentd/0.5.3 --annotations confighub.com/package-sha256=73e36b924e73bb87db5c7c1fbac81cb593724cbde6618c7cd6c20aef3a2ce8c9 europe-west1-docker.pkg.dev/nth-fort-499605-q5/helm-expt/fluent-fluentd:0.5.3@sha256:4391d452fd6c66b8d2bfc6ccba87b75e64426b9e3b7111b38c12bddff8e7b376,cosign verify-blob-attestation --bundle runs/installer-oci-signatures/fluent-fluentd/0.5.3/signature.sigstore.json --digest 4391d452fd6c66b8d2bfc6ccba87b75e64426b9e3b7111b38c12bddff8e7b376 --digestAlg sha256 --type https://sigstore.dev/cosign/sign/v1 --certificate-identity helm-expt-package-signer@nth-fort-499605-q5.iam.gserviceaccount.com --certificate-oidc-issuer https://accounts.google.com
packages/gatekeeper/gatekeeper/3.22.2,oci://europe-west1-docker.pkg.dev/nth-fort-499605-q5/helm-expt/gatekeeper-gatekeeper:3.22.2,sha256:5543a7167a92d2fe04125086664aaefcf971b24ec3cce45abb4722b5652d3646,europe-west1-docker.pkg.dev/nth-fort-499605-q5/helm-expt/gatekeeper-gatekeeper:3.22.2@sha256:5543a7167a92d2fe04125086664aaefcf971b24ec3cce45abb4722b5652d3646,93f4fd6fd457c859f1d391321e420ae938693dd2711e4baf5fa49454d6832f40,helm-expt-package-signer@nth-fort-499605-q5.iam.gserviceaccount.com,https://accounts.google.com,2026-08-26T05:39:51.335Z,runs/installer-oci-signatures/gatekeeper-gatekeeper/3.22.2/signature-receipt.yaml,runs/installer-oci-signatures/gatekeeper-gatekeeper/3.22.2/signature.sigstore.json,runs/installer-oci-signatures/gatekeeper-gatekeeper/3.22.2/signature-payload.json,runs/installer-oci-signatures/gatekeeper-gatekeeper/3.22.2/verification.json,runs/installer-oci-signatures/gatekeeper-gatekeeper/3.22.2/payload-verification.txt,cosign verify --certificate-identity helm-expt-package-signer@nth-fort-499605-q5.iam.gserviceaccount.com --certificate-oidc-issuer https://accounts.google.com --annotations confighub.com/package-path=packages/gatekeeper/gatekeeper/3.22.2 --annotations confighub.com/package-sha256=93f4fd6fd457c859f1d391321e420ae938693dd2711e4baf5fa49454d6832f40 europe-west1-docker.pkg.dev/nth-fort-499605-q5/helm-expt/gatekeeper-gatekeeper:3.22.2@sha256:5543a7167a92d2fe04125086664aaefcf971b24ec3cce45abb4722b5652d3646,cosign verify-blob-attestation --bundle runs/installer-oci-signatures/gatekeeper-gatekeeper/3.22.2/signature.sigstore.json --digest 5543a7167a92d2fe04125086664aaefcf971b24ec3cce45abb4722b5652d3646 --digestAlg sha256 --type https://sigstore.dev/cosign/sign/v1 --certificate-identity helm-expt-package-signer@nth-fort-499605-q5.iam.gserviceaccount.com --certificate-oidc-issuer https://accounts.google.com
packages/gitlab/gitlab-runner/0.89.0,oci://europe-west1-docker.pkg.dev/nth-fort-499605-q5/helm-expt/gitlab-gitlab-runner:0.89.0,sha256:31a92cd5e1829614a92d6c3178e919d2937c35a3828bb2374b26ac427cce646a,europe-west1-docker.pkg.dev/nth-fort-499605-q5/helm-expt/gitlab-gitlab-runner:0.89.0@sha256:31a92cd5e1829614a92d6c3178e919d2937c35a3828bb2374b26ac427cce646a,e14db565ea0b5e569dcb29d5854158da33e0c003bb46a61af64596dc14232d4e,helm-expt-package-signer@nth-fort-499605-q5.iam.gserviceaccount.com,https://accounts.google.com,2026-08-26T05:39:56.095Z,runs/installer-oci-signatures/gitlab-gitlab-runner/0.89.0/signature-receipt.yaml,runs/installer-oci-signatures/gitlab-gitlab-runner/0.89.0/signature.sigstore.json,runs/installer-oci-signatures/gitlab-gitlab-runner/0.89.0/signature-payload.json,runs/installer-oci-signatures/gitlab-gitlab-runner/0.89.0/verification.json,runs/installer-oci-signatures/gitlab-gitlab-runner/0.89.0/payload-verification.txt,cosign verify --certificate-identity helm-expt-package-signer@nth-fort-499605-q5.iam.gserviceaccount.com --certificate-oidc-issuer https://accounts.google.com --annotations confighub.com/package-path=packages/gitlab/gitlab-runner/0.89.0 --annotations confighub.com/package-sha256=e14db565ea0b5e569dcb29d5854158da33e0c003bb46a61af64596dc14232d4e europe-west1-docker.pkg.dev/nth-fort-499605-q5/helm-expt/gitlab-gitlab-runner:0.89.0@sha256:31a92cd5e1829614a92d6c3178e919d2937c35a3828bb2374b26ac427cce646a,cosign verify-blob-attestation --bundle runs/installer-oci-signatures/gitlab-gitlab-runner/0.89.0/signature.sigstore.json --digest 31a92cd5e1829614a92d6c3178e919d2937c35a3828bb2374b26ac427cce646a --digestAlg sha256 --type https://sigstore.dev/cosign/sign/v1 --certificate-identity helm-expt-package-signer@nth-fort-499605-q5.iam.gserviceaccount.com --certificate-oidc-issuer https://accounts.google.com
packages/grafana/alloy/1.11.0,oci://europe-west1-docker.pkg.dev/nth-fort-499605-q5/helm-expt/grafana-alloy:1.11.0,sha256:29de0719bc9bc52e2ad47616af1542ef4e9d1b79734ce33c224555a518efe305,europe-west1-docker.pkg.dev/nth-fort-499605-q5/helm-expt/grafana-alloy:1.11.0@sha256:29de0719bc9bc52e2ad47616af1542ef4e9d1b79734ce33c224555a518efe305,1c852abf30f2d7c4e801f923f8feab4c620e51603c4a00a57f3fb3a99dd0112b,helm-expt-package-signer@nth-fort-499605-q5.iam.gserviceaccount.com,https://accounts.google.com,2026-08-26T05:40:01.598Z,runs/installer-oci-signatures/grafana-alloy/1.11.0/signature-receipt.yaml,runs/installer-oci-signatures/grafana-alloy/1.11.0/signature.sigstore.json,runs/installer-oci-signatures/grafana-alloy/1.11.0/signature-payload.json,runs/installer-oci-signatures/grafana-alloy/1.11.0/verification.json,runs/installer-oci-signatures/grafana-alloy/1.11.0/payload-verification.txt,cosign verify --certificate-identity helm-expt-package-signer@nth-fort-499605-q5.iam.gserviceaccount.com --certificate-oidc-issuer https://accounts.google.com --annotations confighub.com/package-path=packages/grafana/alloy/1.11.0 --annotations confighub.com/package-sha256=1c852abf30f2d7c4e801f923f8feab4c620e51603c4a00a57f3fb3a99dd0112b europe-west1-docker.pkg.dev/nth-fort-499605-q5/helm-expt/grafana-alloy:1.11.0@sha256:29de0719bc9bc52e2ad47616af1542ef4e9d1b79734ce33c224555a518efe305,cosign verify-blob-attestation --bundle runs/installer-oci-signatures/grafana-alloy/1.11.0/signature.sigstore.json --digest 29de0719bc9bc52e2ad47616af1542ef4e9d1b79734ce33c224555a518efe305 --digestAlg sha256 --type https://sigstore.dev/cosign/sign/v1 --certificate-identity helm-expt-package-signer@nth-fort-499605-q5.iam.gserviceaccount.com --certificate-oidc-issuer https://accounts.google.com
packages/grafana/alloy/1.8.2,oci://europe-west1-docker.pkg.dev/nth-fort-499605-q5/helm-expt/grafana-alloy:1.8.2,sha256:c5eca0ff80f0977757f107963b12510ff9a6105f1d02036e3954833e81bd2425,europe-west1-docker.pkg.dev/nth-fort-499605-q5/helm-expt/grafana-alloy:1.8.2@sha256:c5eca0ff80f0977757f107963b12510ff9a6105f1d02036e3954833e81bd2425,ca3141104f9da7a56a4b5ac332ea2018dd73309c7bf448e99221fd2b4c92a725,helm-expt-package-signer@nth-fort-499605-q5.iam.gserviceaccount.com,https://accounts.google.com,2026-08-26T05:40:06.511Z,runs/installer-oci-signatures/grafana-alloy/1.8.2/signature-receipt.yaml,runs/installer-oci-signatures/grafana-alloy/1.8.2/signature.sigstore.json,runs/installer-oci-signatures/grafana-alloy/1.8.2/signature-payload.json,runs/installer-oci-signatures/grafana-alloy/1.8.2/verification.json,runs/installer-oci-signatures/grafana-alloy/1.8.2/payload-verification.txt,cosign verify --certificate-identity helm-expt-package-signer@nth-fort-499605-q5.iam.gserviceaccount.com --certificate-oidc-issuer https://accounts.google.com --annotations confighub.com/package-path=packages/grafana/alloy/1.8.2 --annotations confighub.com/package-sha256=ca3141104f9da7a56a4b5ac332ea2018dd73309c7bf448e99221fd2b4c92a725 europe-west1-docker.pkg.dev/nth-fort-499605-q5/helm-expt/grafana-alloy:1.8.2@sha256:c5eca0ff80f0977757f107963b12510ff9a6105f1d02036e3954833e81bd2425,cosign verify-blob-attestation --bundle runs/installer-oci-signatures/grafana-alloy/1.8.2/signature.sigstore.json --digest c5eca0ff80f0977757f107963b12510ff9a6105f1d02036e3954833e81bd2425 --digestAlg sha256 --type https://sigstore.dev/cosign/sign/v1 --certificate-identity helm-expt-package-signer@nth-fort-499605-q5.iam.gserviceaccount.com --certificate-oidc-issuer https://accounts.google.com
packages/grafana/grafana/10.5.15,oci://europe-west1-docker.pkg.dev/nth-fort-499605-q5/helm-expt/grafana-grafana:10.5.15,sha256:860611c13c788188a1ee1abb02e0a2a51d1b876b584ae179540cd3b57404d47f,europe-west1-docker.pkg.dev/nth-fort-499605-q5/helm-expt/grafana-grafana:10.5.15@sha256:860611c13c788188a1ee1abb02e0a2a51d1b876b584ae179540cd3b57404d47f,8b30df5ee79a265b613e696b16450bd304557454a2faea12a4cc779784fa11ed,helm-expt-package-signer@nth-fort-499605-q5.iam.gserviceaccount.com,https://accounts.google.com,2026-08-26T05:40:11.372Z,runs/installer-oci-signatures/grafana-grafana/10.5.15/signature-receipt.yaml,runs/installer-oci-signatures/grafana-grafana/10.5.15/signature.sigstore.json,runs/installer-oci-signatures/grafana-grafana/10.5.15/signature-payload.json,runs/installer-oci-signatures/grafana-grafana/10.5.15/verification.json,runs/installer-oci-signatures/grafana-grafana/10.5.15/payload-verification.txt,cosign verify --certificate-identity helm-expt-package-signer@nth-fort-499605-q5.iam.gserviceaccount.com --certificate-oidc-issuer https://accounts.google.com --annotations confighub.com/package-path=packages/grafana/grafana/10.5.15 --annotations confighub.com/package-sha256=8b30df5ee79a265b613e696b16450bd304557454a2faea12a4cc779784fa11ed europe-west1-docker.pkg.dev/nth-fort-499605-q5/helm-expt/grafana-grafana:10.5.15@sha256:860611c13c788188a1ee1abb02e0a2a51d1b876b584ae179540cd3b57404d47f,cosign verify-blob-attestation --bundle runs/installer-oci-signatures/grafana-grafana/10.5.15/signature.sigstore.json --digest 860611c13c788188a1ee1abb02e0a2a51d1b876b584ae179540cd3b57404d47f --digestAlg sha256 --type https://sigstore.dev/cosign/sign/v1 --certificate-identity helm-expt-package-signer@nth-fort-499605-q5.iam.gserviceaccount.com --certificate-oidc-issuer https://accounts.google.com
packages/grafana/loki/7.0.0,oci://europe-west1-docker.pkg.dev/nth-fort-499605-q5/helm-expt/grafana-loki:7.0.0,sha256:5eeb2d625eb6c41397d47c9358b29a41f5b8d79e8dab76f9a8647197123fa773,europe-west1-docker.pkg.dev/nth-fort-499605-q5/helm-expt/grafana-loki:7.0.0@sha256:5eeb2d625eb6c41397d47c9358b29a41f5b8d79e8dab76f9a8647197123fa773,811e4991d8fc6afad30e30b87ebd1a56fe15a9c331882c99bd0221cee2bd9126,helm-expt-package-signer@nth-fort-499605-q5.iam.gserviceaccount.com,https://accounts.google.com,2026-08-26T05:40:16.817Z,runs/installer-oci-signatures/grafana-loki/7.0.0/signature-receipt.yaml,runs/installer-oci-signatures/grafana-loki/7.0.0/signature.sigstore.json,runs/installer-oci-signatures/grafana-loki/7.0.0/signature-payload.json,runs/installer-oci-signatures/grafana-loki/7.0.0/verification.json,runs/installer-oci-signatures/grafana-loki/7.0.0/payload-verification.txt,cosign verify --certificate-identity helm-expt-package-signer@nth-fort-499605-q5.iam.gserviceaccount.com --certificate-oidc-issuer https://accounts.google.com --annotations confighub.com/package-path=packages/grafana/loki/7.0.0 --annotations confighub.com/package-sha256=811e4991d8fc6afad30e30b87ebd1a56fe15a9c331882c99bd0221cee2bd9126 europe-west1-docker.pkg.dev/nth-fort-499605-q5/helm-expt/grafana-loki:7.0.0@sha256:5eeb2d625eb6c41397d47c9358b29a41f5b8d79e8dab76f9a8647197123fa773,cosign verify-blob-attestation --bundle runs/installer-oci-signatures/grafana-loki/7.0.0/signature.sigstore.json --digest 5eeb2d625eb6c41397d47c9358b29a41f5b8d79e8dab76f9a8647197123fa773 --digestAlg sha256 --type https://sigstore.dev/cosign/sign/v1 --certificate-identity helm-expt-package-signer@nth-fort-499605-q5.iam.gserviceaccount.com --certificate-oidc-issuer https://accounts.google.com
packages/grafana/loki/7.1.0,oci://europe-west1-docker.pkg.dev/nth-fort-499605-q5/helm-expt/grafana-loki:7.1.0,sha256:83711c1b4b1dffabf4ee7f63a37853a59021f887062b1f78bddadb6b722fda1c,europe-west1-docker.pkg.dev/nth-fort-499605-q5/helm-expt/grafana-loki:7.1.0@sha256:83711c1b4b1dffabf4ee7f63a37853a59021f887062b1f78bddadb6b722fda1c,bc46d26a4002b46b9073b1e7f2a61d38a96ecae9aa8c23d5e936c2985bc58204,helm-expt-package-signer@nth-fort-499605-q5.iam.gserviceaccount.com,https://accounts.google.com,2026-08-26T05:40:22.277Z,runs/installer-oci-signatures/grafana-loki/7.1.0/signature-receipt.yaml,runs/installer-oci-signatures/grafana-loki/7.1.0/signature.sigstore.json,runs/installer-oci-signatures/grafana-loki/7.1.0/signature-payload.json,runs/installer-oci-signatures/grafana-loki/7.1.0/verification.json,runs/installer-oci-signatures/grafana-loki/7.1.0/payload-verification.txt,cosign verify --certificate-identity helm-expt-package-signer@nth-fort-499605-q5.iam.gserviceaccount.com --certificate-oidc-issuer https://accounts.google.com --annotations confighub.com/package-path=packages/grafana/loki/7.1.0 --annotations confighub.com/package-sha256=bc46d26a4002b46b9073b1e7f2a61d38a96ecae9aa8c23d5e936c2985bc58204 europe-west1-docker.pkg.dev/nth-fort-499605-q5/helm-expt/grafana-loki:7.1.0@sha256:83711c1b4b1dffabf4ee7f63a37853a59021f887062b1f78bddadb6b722fda1c,cosign verify-blob-attestation --bundle runs/installer-oci-signatures/grafana-loki/7.1.0/signature.sigstore.json --digest 83711c1b4b1dffabf4ee7f63a37853a59021f887062b1f78bddadb6b722fda1c --digestAlg sha256 --type https://sigstore.dev/cosign/sign/v1 --certificate-identity helm-expt-package-signer@nth-fort-499605-q5.iam.gserviceaccount.com --certificate-oidc-issuer https://accounts.google.com
packages/grafana/promtail/6.17.1,oci://europe-west1-docker.pkg.dev/nth-fort-499605-q5/helm-expt/grafana-promtail:6.17.1,sha256:0f9215d2537e1febbe70ccb2c75186ac90cbffeb30b2cb72bd9853010ad808e2,europe-west1-docker.pkg.dev/nth-fort-499605-q5/helm-expt/grafana-promtail:6.17.1@sha256:0f9215d2537e1febbe70ccb2c75186ac90cbffeb30b2cb72bd9853010ad808e2,9188545be328ef5274745f362eede9cf1610a38ca13ade9a254f613a5bee4f62,helm-expt-package-signer@nth-fort-499605-q5.iam.gserviceaccount.com,https://accounts.google.com,2026-08-26T05:40:27.439Z,runs/installer-oci-signatures/grafana-promtail/6.17.1/signature-receipt.yaml,runs/installer-oci-signatures/grafana-promtail/6.17.1/signature.sigstore.json,runs/installer-oci-signatures/grafana-promtail/6.17.1/signature-payload.json,runs/installer-oci-signatures/grafana-promtail/6.17.1/verification.json,runs/installer-oci-signatures/grafana-promtail/6.17.1/payload-verification.txt,cosign verify --certificate-identity helm-expt-package-signer@nth-fort-499605-q5.iam.gserviceaccount.com --certificate-oidc-issuer https://accounts.google.com --annotations confighub.com/package-path=packages/grafana/promtail/6.17.1 --annotations confighub.com/package-sha256=9188545be328ef5274745f362eede9cf1610a38ca13ade9a254f613a5bee4f62 europe-west1-docker.pkg.dev/nth-fort-499605-q5/helm-expt/grafana-promtail:6.17.1@sha256:0f9215d2537e1febbe70ccb2c75186ac90cbffeb30b2cb72bd9853010ad808e2,cosign verify-blob-attestation --bundle runs/installer-oci-signatures/grafana-promtail/6.17.1/signature.sigstore.json --digest 0f9215d2537e1febbe70ccb2c75186ac90cbffeb30b2cb72bd9853010ad808e2 --digestAlg sha256 --type https://sigstore.dev/cosign/sign/v1 --certificate-identity helm-expt-package-signer@nth-fort-499605-q5.iam.gserviceaccount.com --certificate-oidc-issuer https://accounts.google.com
packages/grafana/pyroscope/2.0.2,oci://europe-west1-docker.pkg.dev/nth-fort-499605-q5/helm-expt/grafana-pyroscope:2.0.2,sha256:20ca7d206be312dc1730ae8b96a4d175a736af66f44416d62accd94ae153f083,europe-west1-docker.pkg.dev/nth-fort-499605-q5/helm-expt/grafana-pyroscope:2.0.2@sha256:20ca7d206be312dc1730ae8b96a4d175a736af66f44416d62accd94ae153f083,993552c3be87a9fa2aa9f2d1d644caab64b0a4a0ca6c1c844e9814910bfabd04,helm-expt-package-signer@nth-fort-499605-q5.iam.gserviceaccount.com,https://accounts.google.com,2026-08-26T05:40:32.439Z,runs/installer-oci-signatures/grafana-pyroscope/2.0.2/signature-receipt.yaml,runs/installer-oci-signatures/grafana-pyroscope/2.0.2/signature.sigstore.json,runs/installer-oci-signatures/grafana-pyroscope/2.0.2/signature-payload.json,runs/installer-oci-signatures/grafana-pyroscope/2.0.2/verification.json,runs/installer-oci-signatures/grafana-pyroscope/2.0.2/payload-verification.txt,cosign verify --certificate-identity helm-expt-package-signer@nth-fort-499605-q5.iam.gserviceaccount.com --certificate-oidc-issuer https://accounts.google.com --annotations confighub.com/package-path=packages/grafana/pyroscope/2.0.2 --annotations confighub.com/package-sha256=993552c3be87a9fa2aa9f2d1d644caab64b0a4a0ca6c1c844e9814910bfabd04 europe-west1-docker.pkg.dev/nth-fort-499605-q5/helm-expt/grafana-pyroscope:2.0.2@sha256:20ca7d206be312dc1730ae8b96a4d175a736af66f44416d62accd94ae153f083,cosign verify-blob-attestation --bundle runs/installer-oci-signatures/grafana-pyroscope/2.0.2/signature.sigstore.json --digest 20ca7d206be312dc1730ae8b96a4d175a736af66f44416d62accd94ae153f083 --digestAlg sha256 --type https://sigstore.dev/cosign/sign/v1 --certificate-identity helm-expt-package-signer@nth-fort-499605-q5.iam.gserviceaccount.com --certificate-oidc-issuer https://accounts.google.com
packages/grafana/rollout-operator/0.49.0,oci://europe-west1-docker.pkg.dev/nth-fort-499605-q5/helm-expt/grafana-rollout-operator:0.49.0,sha256:abeba25a66ca518bd63ac15fde7d5caf85cacd9a3061e7b62b523b50bdef7b2c,europe-west1-docker.pkg.dev/nth-fort-499605-q5/helm-expt/grafana-rollout-operator:0.49.0@sha256:abeba25a66ca518bd63ac15fde7d5caf85cacd9a3061e7b62b523b50bdef7b2c,57599fdeb46eab55d6a0036f708372cb403e7ffea86e73e28d76e37051f466ad,helm-expt-package-signer@nth-fort-499605-q5.iam.gserviceaccount.com,https://accounts.google.com,2026-08-26T05:40:36.793Z,runs/installer-oci-signatures/grafana-rollout-operator/0.49.0/signature-receipt.yaml,runs/installer-oci-signatures/grafana-rollout-operator/0.49.0/signature.sigstore.json,runs/installer-oci-signatures/grafana-rollout-operator/0.49.0/signature-payload.json,runs/installer-oci-signatures/grafana-rollout-operator/0.49.0/verification.json,runs/installer-oci-signatures/grafana-rollout-operator/0.49.0/payload-verification.txt,cosign verify --certificate-identity helm-expt-package-signer@nth-fort-499605-q5.iam.gserviceaccount.com --certificate-oidc-issuer https://accounts.google.com --annotations confighub.com/package-path=packages/grafana/rollout-operator/0.49.0 --annotations confighub.com/package-sha256=57599fdeb46eab55d6a0036f708372cb403e7ffea86e73e28d76e37051f466ad europe-west1-docker.pkg.dev/nth-fort-499605-q5/helm-expt/grafana-rollout-operator:0.49.0@sha256:abeba25a66ca518bd63ac15fde7d5caf85cacd9a3061e7b62b523b50bdef7b2c,cosign verify-blob-attestation --bundle runs/installer-oci-signatures/grafana-rollout-operator/0.49.0/signature.sigstore.json --digest abeba25a66ca518bd63ac15fde7d5caf85cacd9a3061e7b62b523b50bdef7b2c --digestAlg sha256 --type https://sigstore.dev/cosign/sign/v1 --certificate-identity helm-expt-package-signer@nth-fort-499605-q5.iam.gserviceaccount.com --certificate-oidc-issuer https://accounts.google.com
packages/grafana/tempo/1.24.4,oci://europe-west1-docker.pkg.dev/nth-fort-499605-q5/helm-expt/grafana-tempo:1.24.4,sha256:16f07571e893e001c11c5810e8905d7b17e26265ff4dfd972ce77cf1e42cfce1,europe-west1-docker.pkg.dev/nth-fort-499605-q5/helm-expt/grafana-tempo:1.24.4@sha256:16f07571e893e001c11c5810e8905d7b17e26265ff4dfd972ce77cf1e42cfce1,0deb28ce79d22bc3b79b1f91d9fe825ce733cd6ab54e7fe54f64c9068d97f93f,helm-expt-package-signer@nth-fort-499605-q5.iam.gserviceaccount.com,https://accounts.google.com,2026-08-26T05:40:41.929Z,runs/installer-oci-signatures/grafana-tempo/1.24.4/signature-receipt.yaml,runs/installer-oci-signatures/grafana-tempo/1.24.4/signature.sigstore.json,runs/installer-oci-signatures/grafana-tempo/1.24.4/signature-payload.json,runs/installer-oci-signatures/grafana-tempo/1.24.4/verification.json,runs/installer-oci-signatures/grafana-tempo/1.24.4/payload-verification.txt,cosign verify --certificate-identity helm-expt-package-signer@nth-fort-499605-q5.iam.gserviceaccount.com --certificate-oidc-issuer https://accounts.google.com --annotations confighub.com/package-path=packages/grafana/tempo/1.24.4 --annotations confighub.com/package-sha256=0deb28ce79d22bc3b79b1f91d9fe825ce733cd6ab54e7fe54f64c9068d97f93f europe-west1-docker.pkg.dev/nth-fort-499605-q5/helm-expt/grafana-tempo:1.24.4@sha256:16f07571e893e001c11c5810e8905d7b17e26265ff4dfd972ce77cf1e42cfce1,cosign verify-blob-attestation --bundle runs/installer-oci-signatures/grafana-tempo/1.24.4/signature.sigstore.json --digest 16f07571e893e001c11c5810e8905d7b17e26265ff4dfd972ce77cf1e42cfce1 --digestAlg sha256 --type https://sigstore.dev/cosign/sign/v1 --certificate-identity helm-expt-package-signer@nth-fort-499605-q5.iam.gserviceaccount.com --certificate-oidc-issuer https://accounts.google.com
packages/haproxytech/kubernetes-ingress/1.52.0,oci://europe-west1-docker.pkg.dev/nth-fort-499605-q5/helm-expt/haproxytech-kubernetes-ingress:1.52.0,sha256:866d7e8d0457956372b245d508713f9071e5a9535268551b2aba531018742eab,europe-west1-docker.pkg.dev/nth-fort-499605-q5/helm-expt/haproxytech-kubernetes-ingress:1.52.0@sha256:866d7e8d0457956372b245d508713f9071e5a9535268551b2aba531018742eab,3ca92559aab90884de3ab47d16970bab11f25951ca605a076b940cbbe1760a0f,helm-expt-package-signer@nth-fort-499605-q5.iam.gserviceaccount.com,https://accounts.google.com,2026-08-26T05:40:46.808Z,runs/installer-oci-signatures/haproxytech-kubernetes-ingress/1.52.0/signature-receipt.yaml,runs/installer-oci-signatures/haproxytech-kubernetes-ingress/1.52.0/signature.sigstore.json,runs/installer-oci-signatures/haproxytech-kubernetes-ingress/1.52.0/signature-payload.json,runs/installer-oci-signatures/haproxytech-kubernetes-ingress/1.52.0/verification.json,runs/installer-oci-signatures/haproxytech-kubernetes-ingress/1.52.0/payload-verification.txt,cosign verify --certificate-identity helm-expt-package-signer@nth-fort-499605-q5.iam.gserviceaccount.com --certificate-oidc-issuer https://accounts.google.com --annotations confighub.com/package-path=packages/haproxytech/kubernetes-ingress/1.52.0 --annotations confighub.com/package-sha256=3ca92559aab90884de3ab47d16970bab11f25951ca605a076b940cbbe1760a0f europe-west1-docker.pkg.dev/nth-fort-499605-q5/helm-expt/haproxytech-kubernetes-ingress:1.52.0@sha256:866d7e8d0457956372b245d508713f9071e5a9535268551b2aba531018742eab,cosign verify-blob-attestation --bundle runs/installer-oci-signatures/haproxytech-kubernetes-ingress/1.52.0/signature.sigstore.json --digest 866d7e8d0457956372b245d508713f9071e5a9535268551b2aba531018742eab --digestAlg sha256 --type https://sigstore.dev/cosign/sign/v1 --certificate-identity helm-expt-package-signer@nth-fort-499605-q5.iam.gserviceaccount.com --certificate-oidc-issuer https://accounts.google.com
packages/hashicorp/consul/2.0.0,oci://europe-west1-docker.pkg.dev/nth-fort-499605-q5/helm-expt/hashicorp-consul:2.0.0,sha256:3f4dab5c9f264a7f1555a8f549eff5045c631e5f359cf47b7f18259b6c1ef063,europe-west1-docker.pkg.dev/nth-fort-499605-q5/helm-expt/hashicorp-consul:2.0.0@sha256:3f4dab5c9f264a7f1555a8f549eff5045c631e5f359cf47b7f18259b6c1ef063,0ea3237ab96fd85b83b976a6c824c63f2b48168ac4543903d1e9dc21ccb5aa43,helm-expt-package-signer@nth-fort-499605-q5.iam.gserviceaccount.com,https://accounts.google.com,2026-08-26T05:40:51.570Z,runs/installer-oci-signatures/hashicorp-consul/2.0.0/signature-receipt.yaml,runs/installer-oci-signatures/hashicorp-consul/2.0.0/signature.sigstore.json,runs/installer-oci-signatures/hashicorp-consul/2.0.0/signature-payload.json,runs/installer-oci-signatures/hashicorp-consul/2.0.0/verification.json,runs/installer-oci-signatures/hashicorp-consul/2.0.0/payload-verification.txt,cosign verify --certificate-identity helm-expt-package-signer@nth-fort-499605-q5.iam.gserviceaccount.com --certificate-oidc-issuer https://accounts.google.com --annotations confighub.com/package-path=packages/hashicorp/consul/2.0.0 --annotations confighub.com/package-sha256=0ea3237ab96fd85b83b976a6c824c63f2b48168ac4543903d1e9dc21ccb5aa43 europe-west1-docker.pkg.dev/nth-fort-499605-q5/helm-expt/hashicorp-consul:2.0.0@sha256:3f4dab5c9f264a7f1555a8f549eff5045c631e5f359cf47b7f18259b6c1ef063,cosign verify-blob-attestation --bundle runs/installer-oci-signatures/hashicorp-consul/2.0.0/signature.sigstore.json --digest 3f4dab5c9f264a7f1555a8f549eff5045c631e5f359cf47b7f18259b6c1ef063 --digestAlg sha256 --type https://sigstore.dev/cosign/sign/v1 --certificate-identity helm-expt-package-signer@nth-fort-499605-q5.iam.gserviceaccount.com --certificate-oidc-issuer https://accounts.google.com
packages/hashicorp/terraform/1.1.2,oci://europe-west1-docker.pkg.dev/nth-fort-499605-q5/helm-expt/hashicorp-terraform:1.1.2,sha256:dc1abc1c3ee4780fa98c7d02bd7ab44e915fe9537f953cfa3eff8c2a7decfd02,europe-west1-docker.pkg.dev/nth-fort-499605-q5/helm-expt/hashicorp-terraform:1.1.2@sha256:dc1abc1c3ee4780fa98c7d02bd7ab44e915fe9537f953cfa3eff8c2a7decfd02,a656ca6d20114f92209e9416d9795f0f5e90935d91e3c1906523224be94ef88e,helm-expt-package-signer@nth-fort-499605-q5.iam.gserviceaccount.com,https://accounts.google.com,2026-08-26T05:40:56.251Z,runs/installer-oci-signatures/hashicorp-terraform/1.1.2/signature-receipt.yaml,runs/installer-oci-signatures/hashicorp-terraform/1.1.2/signature.sigstore.json,runs/installer-oci-signatures/hashicorp-terraform/1.1.2/signature-payload.json,runs/installer-oci-signatures/hashicorp-terraform/1.1.2/verification.json,runs/installer-oci-signatures/hashicorp-terraform/1.1.2/payload-verification.txt,cosign verify --certificate-identity helm-expt-package-signer@nth-fort-499605-q5.iam.gserviceaccount.com --certificate-oidc-issuer https://accounts.google.com --annotations confighub.com/package-path=packages/hashicorp/terraform/1.1.2 --annotations confighub.com/package-sha256=a656ca6d20114f92209e9416d9795f0f5e90935d91e3c1906523224be94ef88e europe-west1-docker.pkg.dev/nth-fort-499605-q5/helm-expt/hashicorp-terraform:1.1.2@sha256:dc1abc1c3ee4780fa98c7d02bd7ab44e915fe9537f953cfa3eff8c2a7decfd02,cosign verify-blob-attestation --bundle runs/installer-oci-signatures/hashicorp-terraform/1.1.2/signature.sigstore.json --digest dc1abc1c3ee4780fa98c7d02bd7ab44e915fe9537f953cfa3eff8c2a7decfd02 --digestAlg sha256 --type https://sigstore.dev/cosign/sign/v1 --certificate-identity helm-expt-package-signer@nth-fort-499605-q5.iam.gserviceaccount.com --certificate-oidc-issuer https://accounts.google.com
packages/hashicorp/vault/0.32.0,oci://europe-west1-docker.pkg.dev/nth-fort-499605-q5/helm-expt/hashicorp-vault:0.32.0,sha256:96a955c472baefbe4afc17021e861bf98976cbaeb33f10f1589bba4d730901f3,europe-west1-docker.pkg.dev/nth-fort-499605-q5/helm-expt/hashicorp-vault:0.32.0@sha256:96a955c472baefbe4afc17021e861bf98976cbaeb33f10f1589bba4d730901f3,bda474fba0b628af687c22cab27c3f0f8c17db543d39b7fc4b67db1ee27bc654,helm-expt-package-signer@nth-fort-499605-q5.iam.gserviceaccount.com,https://accounts.google.com,2026-08-26T05:41:00.731Z,runs/installer-oci-signatures/hashicorp-vault/0.32.0/signature-receipt.yaml,runs/installer-oci-signatures/hashicorp-vault/0.32.0/signature.sigstore.json,runs/installer-oci-signatures/hashicorp-vault/0.32.0/signature-payload.json,runs/installer-oci-signatures/hashicorp-vault/0.32.0/verification.json,runs/installer-oci-signatures/hashicorp-vault/0.32.0/payload-verification.txt,cosign verify --certificate-identity helm-expt-package-signer@nth-fort-499605-q5.iam.gserviceaccount.com --certificate-oidc-issuer https://accounts.google.com --annotations confighub.com/package-path=packages/hashicorp/vault/0.32.0 --annotations confighub.com/package-sha256=bda474fba0b628af687c22cab27c3f0f8c17db543d39b7fc4b67db1ee27bc654 europe-west1-docker.pkg.dev/nth-fort-499605-q5/helm-expt/hashicorp-vault:0.32.0@sha256:96a955c472baefbe4afc17021e861bf98976cbaeb33f10f1589bba4d730901f3,cosign verify-blob-attestation --bundle runs/installer-oci-signatures/hashicorp-vault/0.32.0/signature.sigstore.json --digest 96a955c472baefbe4afc17021e861bf98976cbaeb33f10f1589bba4d730901f3 --digestAlg sha256 --type https://sigstore.dev/cosign/sign/v1 --certificate-identity helm-expt-package-signer@nth-fort-499605-q5.iam.gserviceaccount.com --certificate-oidc-issuer https://accounts.google.com
packages/ingress-nginx/ingress-nginx/4.15.1,oci://europe-west1-docker.pkg.dev/nth-fort-499605-q5/helm-expt/ingress-nginx-ingress-nginx:4.15.1,sha256:9a00fb254d29f7f90179748c50dd62fd9c1b8016ecc5f5c1deee4a4dba8bff94,europe-west1-docker.pkg.dev/nth-fort-499605-q5/helm-expt/ingress-nginx-ingress-nginx:4.15.1@sha256:9a00fb254d29f7f90179748c50dd62fd9c1b8016ecc5f5c1deee4a4dba8bff94,902a90386d015462105294ef5e7634db05017735f64ba2a435c3b8853a911bf5,helm-expt-package-signer@nth-fort-499605-q5.iam.gserviceaccount.com,https://accounts.google.com,2026-08-26T05:41:06.175Z,runs/installer-oci-signatures/ingress-nginx-ingress-nginx/4.15.1/signature-receipt.yaml,runs/installer-oci-signatures/ingress-nginx-ingress-nginx/4.15.1/signature.sigstore.json,runs/installer-oci-signatures/ingress-nginx-ingress-nginx/4.15.1/signature-payload.json,runs/installer-oci-signatures/ingress-nginx-ingress-nginx/4.15.1/verification.json,runs/installer-oci-signatures/ingress-nginx-ingress-nginx/4.15.1/payload-verification.txt,cosign verify --certificate-identity helm-expt-package-signer@nth-fort-499605-q5.iam.gserviceaccount.com --certificate-oidc-issuer https://accounts.google.com --annotations confighub.com/package-path=packages/ingress-nginx/ingress-nginx/4.15.1 --annotations confighub.com/package-sha256=902a90386d015462105294ef5e7634db05017735f64ba2a435c3b8853a911bf5 europe-west1-docker.pkg.dev/nth-fort-499605-q5/helm-expt/ingress-nginx-ingress-nginx:4.15.1@sha256:9a00fb254d29f7f90179748c50dd62fd9c1b8016ecc5f5c1deee4a4dba8bff94,cosign verify-blob-attestation --bundle runs/installer-oci-signatures/ingress-nginx-ingress-nginx/4.15.1/signature.sigstore.json --digest 9a00fb254d29f7f90179748c50dd62fd9c1b8016ecc5f5c1deee4a4dba8bff94 --digestAlg sha256 --type https://sigstore.dev/cosign/sign/v1 --certificate-identity helm-expt-package-signer@nth-fort-499605-q5.iam.gserviceaccount.com --certificate-oidc-issuer https://accounts.google.com
packages/istio/gateway/1.30.0,oci://europe-west1-docker.pkg.dev/nth-fort-499605-q5/helm-expt/istio-gateway:1.30.0,sha256:9a6e0a7ef1f1b19b8686efc0e386cea39443df3c63fdba3400abe2757d89191a,europe-west1-docker.pkg.dev/nth-fort-499605-q5/helm-expt/istio-gateway:1.30.0@sha256:9a6e0a7ef1f1b19b8686efc0e386cea39443df3c63fdba3400abe2757d89191a,2235b01ac2590d4fdc8a99da29bd735cd053470a01e230cefea14d79ffee2270,helm-expt-package-signer@nth-fort-499605-q5.iam.gserviceaccount.com,https://accounts.google.com,2026-08-26T05:41:11.145Z,runs/installer-oci-signatures/istio-gateway/1.30.0/signature-receipt.yaml,runs/installer-oci-signatures/istio-gateway/1.30.0/signature.sigstore.json,runs/installer-oci-signatures/istio-gateway/1.30.0/signature-payload.json,runs/installer-oci-signatures/istio-gateway/1.30.0/verification.json,runs/installer-oci-signatures/istio-gateway/1.30.0/payload-verification.txt,cosign verify --certificate-identity helm-expt-package-signer@nth-fort-499605-q5.iam.gserviceaccount.com --certificate-oidc-issuer https://accounts.google.com --annotations confighub.com/package-path=packages/istio/gateway/1.30.0 --annotations confighub.com/package-sha256=2235b01ac2590d4fdc8a99da29bd735cd053470a01e230cefea14d79ffee2270 europe-west1-docker.pkg.dev/nth-fort-499605-q5/helm-expt/istio-gateway:1.30.0@sha256:9a6e0a7ef1f1b19b8686efc0e386cea39443df3c63fdba3400abe2757d89191a,cosign verify-blob-attestation --bundle runs/installer-oci-signatures/istio-gateway/1.30.0/signature.sigstore.json --digest 9a6e0a7ef1f1b19b8686efc0e386cea39443df3c63fdba3400abe2757d89191a --digestAlg sha256 --type https://sigstore.dev/cosign/sign/v1 --certificate-identity helm-expt-package-signer@nth-fort-499605-q5.iam.gserviceaccount.com --certificate-oidc-issuer https://accounts.google.com
packages/istio/istiod/1.30.0,oci://europe-west1-docker.pkg.dev/nth-fort-499605-q5/helm-expt/istio-istiod:1.30.0,sha256:e51e2e709d6eeb281d7010b56c94fd520e90abdae5c16adc4b58f53f1752bda9,europe-west1-docker.pkg.dev/nth-fort-499605-q5/helm-expt/istio-istiod:1.30.0@sha256:e51e2e709d6eeb281d7010b56c94fd520e90abdae5c16adc4b58f53f1752bda9,084c99ec88a3b15155935d9e9bfedf875a2cb1ea77217336ae06cf4881e589c6,helm-expt-package-signer@nth-fort-499605-q5.iam.gserviceaccount.com,https://accounts.google.com,2026-08-26T05:41:15.658Z,runs/installer-oci-signatures/istio-istiod/1.30.0/signature-receipt.yaml,runs/installer-oci-signatures/istio-istiod/1.30.0/signature.sigstore.json,runs/installer-oci-signatures/istio-istiod/1.30.0/signature-payload.json,runs/installer-oci-signatures/istio-istiod/1.30.0/verification.json,runs/installer-oci-signatures/istio-istiod/1.30.0/payload-verification.txt,cosign verify --certificate-identity helm-expt-package-signer@nth-fort-499605-q5.iam.gserviceaccount.com --certificate-oidc-issuer https://accounts.google.com --annotations confighub.com/package-path=packages/istio/istiod/1.30.0 --annotations confighub.com/package-sha256=084c99ec88a3b15155935d9e9bfedf875a2cb1ea77217336ae06cf4881e589c6 europe-west1-docker.pkg.dev/nth-fort-499605-q5/helm-expt/istio-istiod:1.30.0@sha256:e51e2e709d6eeb281d7010b56c94fd520e90abdae5c16adc4b58f53f1752bda9,cosign verify-blob-attestation --bundle runs/installer-oci-signatures/istio-istiod/1.30.0/signature.sigstore.json --digest e51e2e709d6eeb281d7010b56c94fd520e90abdae5c16adc4b58f53f1752bda9 --digestAlg sha256 --type https://sigstore.dev/cosign/sign/v1 --certificate-identity helm-expt-package-signer@nth-fort-499605-q5.iam.gserviceaccount.com --certificate-oidc-issuer https://accounts.google.com
packages/jaegertracing/jaeger-operator/2.57.0,oci://europe-west1-docker.pkg.dev/nth-fort-499605-q5/helm-expt/jaegertracing-jaeger-operator:2.57.0,sha256:2fb7189103f0f7239b1bd2b27740abe768a90dc7658aac7f1ea01d070ea35e85,europe-west1-docker.pkg.dev/nth-fort-499605-q5/helm-expt/jaegertracing-jaeger-operator:2.57.0@sha256:2fb7189103f0f7239b1bd2b27740abe768a90dc7658aac7f1ea01d070ea35e85,f7cdd7f04e556cc0c8eadd3536ca664e7b2932f562a457b2515aa757e96da0f3,helm-expt-package-signer@nth-fort-499605-q5.iam.gserviceaccount.com,https://accounts.google.com,2026-08-26T05:41:20.338Z,runs/installer-oci-signatures/jaegertracing-jaeger-operator/2.57.0/signature-receipt.yaml,runs/installer-oci-signatures/jaegertracing-jaeger-operator/2.57.0/signature.sigstore.json,runs/installer-oci-signatures/jaegertracing-jaeger-operator/2.57.0/signature-payload.json,runs/installer-oci-signatures/jaegertracing-jaeger-operator/2.57.0/verification.json,runs/installer-oci-signatures/jaegertracing-jaeger-operator/2.57.0/payload-verification.txt,cosign verify --certificate-identity helm-expt-package-signer@nth-fort-499605-q5.iam.gserviceaccount.com --certificate-oidc-issuer https://accounts.google.com --annotations confighub.com/package-path=packages/jaegertracing/jaeger-operator/2.57.0 --annotations confighub.com/package-sha256=f7cdd7f04e556cc0c8eadd3536ca664e7b2932f562a457b2515aa757e96da0f3 europe-west1-docker.pkg.dev/nth-fort-499605-q5/helm-expt/jaegertracing-jaeger-operator:2.57.0@sha256:2fb7189103f0f7239b1bd2b27740abe768a90dc7658aac7f1ea01d070ea35e85,cosign verify-blob-attestation --bundle runs/installer-oci-signatures/jaegertracing-jaeger-operator/2.57.0/signature.sigstore.json --digest 2fb7189103f0f7239b1bd2b27740abe768a90dc7658aac7f1ea01d070ea35e85 --digestAlg sha256 --type https://sigstore.dev/cosign/sign/v1 --certificate-identity helm-expt-package-signer@nth-fort-499605-q5.iam.gserviceaccount.com --certificate-oidc-issuer https://accounts.google.com
packages/jaegertracing/jaeger/4.8.0,oci://europe-west1-docker.pkg.dev/nth-fort-499605-q5/helm-expt/jaegertracing-jaeger:4.8.0,sha256:aed0f8ab81ae2d06db0e997f0386a315abd8d038931a2394074b15d3e79d3511,europe-west1-docker.pkg.dev/nth-fort-499605-q5/helm-expt/jaegertracing-jaeger:4.8.0@sha256:aed0f8ab81ae2d06db0e997f0386a315abd8d038931a2394074b15d3e79d3511,da2ec9e5ab08908c8b005218dbc023e8621325ed6aa1915823259253430a2aac,helm-expt-package-signer@nth-fort-499605-q5.iam.gserviceaccount.com,https://accounts.google.com,2026-08-26T05:41:24.711Z,runs/installer-oci-signatures/jaegertracing-jaeger/4.8.0/signature-receipt.yaml,runs/installer-oci-signatures/jaegertracing-jaeger/4.8.0/signature.sigstore.json,runs/installer-oci-signatures/jaegertracing-jaeger/4.8.0/signature-payload.json,runs/installer-oci-signatures/jaegertracing-jaeger/4.8.0/verification.json,runs/installer-oci-signatures/jaegertracing-jaeger/4.8.0/payload-verification.txt,cosign verify --certificate-identity helm-expt-package-signer@nth-fort-499605-q5.iam.gserviceaccount.com --certificate-oidc-issuer https://accounts.google.com --annotations confighub.com/package-path=packages/jaegertracing/jaeger/4.8.0 --annotations confighub.com/package-sha256=da2ec9e5ab08908c8b005218dbc023e8621325ed6aa1915823259253430a2aac europe-west1-docker.pkg.dev/nth-fort-499605-q5/helm-expt/jaegertracing-jaeger:4.8.0@sha256:aed0f8ab81ae2d06db0e997f0386a315abd8d038931a2394074b15d3e79d3511,cosign verify-blob-attestation --bundle runs/installer-oci-signatures/jaegertracing-jaeger/4.8.0/signature.sigstore.json --digest aed0f8ab81ae2d06db0e997f0386a315abd8d038931a2394074b15d3e79d3511 --digestAlg sha256 --type https://sigstore.dev/cosign/sign/v1 --certificate-identity helm-expt-package-signer@nth-fort-499605-q5.iam.gserviceaccount.com --certificate-oidc-issuer https://accounts.google.com
packages/jetstack/cert-manager-csi-driver/v0.14.0,oci://europe-west1-docker.pkg.dev/nth-fort-499605-q5/helm-expt/jetstack-cert-manager-csi-driver:v0.14.0,sha256:6730151163271c3c2725b8aebb311cb10da69e9ce18850f19d7a58245f24050c,europe-west1-docker.pkg.dev/nth-fort-499605-q5/helm-expt/jetstack-cert-manager-csi-driver:v0.14.0@sha256:6730151163271c3c2725b8aebb311cb10da69e9ce18850f19d7a58245f24050c,3791114cef219f7dcb44933aa4129c7e87e63f856a87186f22af9918ec0a0951,helm-expt-package-signer@nth-fort-499605-q5.iam.gserviceaccount.com,https://accounts.google.com,2026-08-26T05:41:29.738Z,runs/installer-oci-signatures/jetstack-cert-manager-csi-driver/v0.14.0/signature-receipt.yaml,runs/installer-oci-signatures/jetstack-cert-manager-csi-driver/v0.14.0/signature.sigstore.json,runs/installer-oci-signatures/jetstack-cert-manager-csi-driver/v0.14.0/signature-payload.json,runs/installer-oci-signatures/jetstack-cert-manager-csi-driver/v0.14.0/verification.json,runs/installer-oci-signatures/jetstack-cert-manager-csi-driver/v0.14.0/payload-verification.txt,cosign verify --certificate-identity helm-expt-package-signer@nth-fort-499605-q5.iam.gserviceaccount.com --certificate-oidc-issuer https://accounts.google.com --annotations confighub.com/package-path=packages/jetstack/cert-manager-csi-driver/v0.14.0 --annotations confighub.com/package-sha256=3791114cef219f7dcb44933aa4129c7e87e63f856a87186f22af9918ec0a0951 europe-west1-docker.pkg.dev/nth-fort-499605-q5/helm-expt/jetstack-cert-manager-csi-driver:v0.14.0@sha256:6730151163271c3c2725b8aebb311cb10da69e9ce18850f19d7a58245f24050c,cosign verify-blob-attestation --bundle runs/installer-oci-signatures/jetstack-cert-manager-csi-driver/v0.14.0/signature.sigstore.json --digest 6730151163271c3c2725b8aebb311cb10da69e9ce18850f19d7a58245f24050c --digestAlg sha256 --type https://sigstore.dev/cosign/sign/v1 --certificate-identity helm-expt-package-signer@nth-fort-499605-q5.iam.gserviceaccount.com --certificate-oidc-issuer https://accounts.google.com
packages/jetstack/cert-manager/v1.20.2,oci://europe-west1-docker.pkg.dev/nth-fort-499605-q5/helm-expt/jetstack-cert-manager:v1.20.2,sha256:455d6b52af442da5814a54e40a1a44abc592cc3fd366f3f14b75cb4adca17d98,europe-west1-docker.pkg.dev/nth-fort-499605-q5/helm-expt/jetstack-cert-manager:v1.20.2@sha256:455d6b52af442da5814a54e40a1a44abc592cc3fd366f3f14b75cb4adca17d98,700616cd51a787ea632299f76384c287a041279a8558e02c27cd31bc8b22f2a1,helm-expt-package-signer@nth-fort-499605-q5.iam.gserviceaccount.com,https://accounts.google.com,2026-08-26T05:41:34.302Z,runs/installer-oci-signatures/jetstack-cert-manager/v1.20.2/signature-receipt.yaml,runs/installer-oci-signatures/jetstack-cert-manager/v1.20.2/signature.sigstore.json,runs/installer-oci-signatures/jetstack-cert-manager/v1.20.2/signature-payload.json,runs/installer-oci-signatures/jetstack-cert-manager/v1.20.2/verification.json,runs/installer-oci-signatures/jetstack-cert-manager/v1.20.2/payload-verification.txt,cosign verify --certificate-identity helm-expt-package-signer@nth-fort-499605-q5.iam.gserviceaccount.com --certificate-oidc-issuer https://accounts.google.com --annotations confighub.com/package-path=packages/jetstack/cert-manager/v1.20.2 --annotations confighub.com/package-sha256=700616cd51a787ea632299f76384c287a041279a8558e02c27cd31bc8b22f2a1 europe-west1-docker.pkg.dev/nth-fort-499605-q5/helm-expt/jetstack-cert-manager:v1.20.2@sha256:455d6b52af442da5814a54e40a1a44abc592cc3fd366f3f14b75cb4adca17d98,cosign verify-blob-attestation --bundle runs/installer-oci-signatures/jetstack-cert-manager/v1.20.2/signature.sigstore.json --digest 455d6b52af442da5814a54e40a1a44abc592cc3fd366f3f14b75cb4adca17d98 --digestAlg sha256 --type https://sigstore.dev/cosign/sign/v1 --certificate-identity helm-expt-package-signer@nth-fort-499605-q5.iam.gserviceaccount.com --certificate-oidc-issuer https://accounts.google.com
packages/jetstack/cert-manager/v1.21.0,oci://europe-west1-docker.pkg.dev/nth-fort-499605-q5/helm-expt/jetstack-cert-manager:v1.21.0,sha256:ae92c5a38255f010ad11ec744947834288da9449a7243faf217ddf350041e38f,europe-west1-docker.pkg.dev/nth-fort-499605-q5/helm-expt/jetstack-cert-manager:v1.21.0@sha256:ae92c5a38255f010ad11ec744947834288da9449a7243faf217ddf350041e38f,d64076a2e53f118b324ca30f8e019d812980159eaa22e3aee341ff89fa6b697e,helm-expt-package-signer@nth-fort-499605-q5.iam.gserviceaccount.com,https://accounts.google.com,2026-08-26T05:41:39.631Z,runs/installer-oci-signatures/jetstack-cert-manager/v1.21.0/signature-receipt.yaml,runs/installer-oci-signatures/jetstack-cert-manager/v1.21.0/signature.sigstore.json,runs/installer-oci-signatures/jetstack-cert-manager/v1.21.0/signature-payload.json,runs/installer-oci-signatures/jetstack-cert-manager/v1.21.0/verification.json,runs/installer-oci-signatures/jetstack-cert-manager/v1.21.0/payload-verification.txt,cosign verify --certificate-identity helm-expt-package-signer@nth-fort-499605-q5.iam.gserviceaccount.com --certificate-oidc-issuer https://accounts.google.com --annotations confighub.com/package-path=packages/jetstack/cert-manager/v1.21.0 --annotations confighub.com/package-sha256=d64076a2e53f118b324ca30f8e019d812980159eaa22e3aee341ff89fa6b697e europe-west1-docker.pkg.dev/nth-fort-499605-q5/helm-expt/jetstack-cert-manager:v1.21.0@sha256:ae92c5a38255f010ad11ec744947834288da9449a7243faf217ddf350041e38f,cosign verify-blob-attestation --bundle runs/installer-oci-signatures/jetstack-cert-manager/v1.21.0/signature.sigstore.json --digest ae92c5a38255f010ad11ec744947834288da9449a7243faf217ddf350041e38f --digestAlg sha256 --type https://sigstore.dev/cosign/sign/v1 --certificate-identity helm-expt-package-signer@nth-fort-499605-q5.iam.gserviceaccount.com --certificate-oidc-issuer https://accounts.google.com
packages/jetstack/trust-manager/v0.22.1,oci://europe-west1-docker.pkg.dev/nth-fort-499605-q5/helm-expt/jetstack-trust-manager:v0.22.1,sha256:54579ff6a737f6c92315482874f839a2984702078b6957abec99c930b336e2c5,europe-west1-docker.pkg.dev/nth-fort-499605-q5/helm-expt/jetstack-trust-manager:v0.22.1@sha256:54579ff6a737f6c92315482874f839a2984702078b6957abec99c930b336e2c5,59a0beec6b457b90851a9780d065f414c68eabf195c21f821e94d02e8f1c987b,helm-expt-package-signer@nth-fort-499605-q5.iam.gserviceaccount.com,https://accounts.google.com,2026-08-26T05:41:44.006Z,runs/installer-oci-signatures/jetstack-trust-manager/v0.22.1/signature-receipt.yaml,runs/installer-oci-signatures/jetstack-trust-manager/v0.22.1/signature.sigstore.json,runs/installer-oci-signatures/jetstack-trust-manager/v0.22.1/signature-payload.json,runs/installer-oci-signatures/jetstack-trust-manager/v0.22.1/verification.json,runs/installer-oci-signatures/jetstack-trust-manager/v0.22.1/payload-verification.txt,cosign verify --certificate-identity helm-expt-package-signer@nth-fort-499605-q5.iam.gserviceaccount.com --certificate-oidc-issuer https://accounts.google.com --annotations confighub.com/package-path=packages/jetstack/trust-manager/v0.22.1 --annotations confighub.com/package-sha256=59a0beec6b457b90851a9780d065f414c68eabf195c21f821e94d02e8f1c987b europe-west1-docker.pkg.dev/nth-fort-499605-q5/helm-expt/jetstack-trust-manager:v0.22.1@sha256:54579ff6a737f6c92315482874f839a2984702078b6957abec99c930b336e2c5,cosign verify-blob-attestation --bundle runs/installer-oci-signatures/jetstack-trust-manager/v0.22.1/signature.sigstore.json --digest 54579ff6a737f6c92315482874f839a2984702078b6957abec99c930b336e2c5 --digestAlg sha256 --type https://sigstore.dev/cosign/sign/v1 --certificate-identity helm-expt-package-signer@nth-fort-499605-q5.iam.gserviceaccount.com --certificate-oidc-issuer https://accounts.google.com
packages/karpenter/karpenter/1.14.0,oci://europe-west1-docker.pkg.dev/nth-fort-499605-q5/helm-expt/karpenter-karpenter:1.14.0,sha256:0d01e90b659c943e4e0fc1fcf52a6be9e784c38905afc916303138ac7ffea9aa,europe-west1-docker.pkg.dev/nth-fort-499605-q5/helm-expt/karpenter-karpenter:1.14.0@sha256:0d01e90b659c943e4e0fc1fcf52a6be9e784c38905afc916303138ac7ffea9aa,2c5cca259f1499af2fd96226d0bf47a11048ab19acdc538e68ba03aa62ab57e5,helm-expt-package-signer@nth-fort-499605-q5.iam.gserviceaccount.com,https://accounts.google.com,2026-08-26T05:41:48.750Z,runs/installer-oci-signatures/karpenter-karpenter/1.14.0/signature-receipt.yaml,runs/installer-oci-signatures/karpenter-karpenter/1.14.0/signature.sigstore.json,runs/installer-oci-signatures/karpenter-karpenter/1.14.0/signature-payload.json,runs/installer-oci-signatures/karpenter-karpenter/1.14.0/verification.json,runs/installer-oci-signatures/karpenter-karpenter/1.14.0/payload-verification.txt,cosign verify --certificate-identity helm-expt-package-signer@nth-fort-499605-q5.iam.gserviceaccount.com --certificate-oidc-issuer https://accounts.google.com --annotations confighub.com/package-path=packages/karpenter/karpenter/1.14.0 --annotations confighub.com/package-sha256=2c5cca259f1499af2fd96226d0bf47a11048ab19acdc538e68ba03aa62ab57e5 europe-west1-docker.pkg.dev/nth-fort-499605-q5/helm-expt/karpenter-karpenter:1.14.0@sha256:0d01e90b659c943e4e0fc1fcf52a6be9e784c38905afc916303138ac7ffea9aa,cosign verify-blob-attestation --bundle runs/installer-oci-signatures/karpenter-karpenter/1.14.0/signature.sigstore.json --digest 0d01e90b659c943e4e0fc1fcf52a6be9e784c38905afc916303138ac7ffea9aa --digestAlg sha256 --type https://sigstore.dev/cosign/sign/v1 --certificate-identity helm-expt-package-signer@nth-fort-499605-q5.iam.gserviceaccount.com --certificate-oidc-issuer https://accounts.google.com
packages/kedacore/keda/2.19.0,oci://europe-west1-docker.pkg.dev/nth-fort-499605-q5/helm-expt/kedacore-keda:2.19.0,sha256:490fb1b2e7d8703408b05a319b8b63ac66436d061070cf694686fa14bcc4a525,europe-west1-docker.pkg.dev/nth-fort-499605-q5/helm-expt/kedacore-keda:2.19.0@sha256:490fb1b2e7d8703408b05a319b8b63ac66436d061070cf694686fa14bcc4a525,5c1160c99b28e7655f9d5fbe35f6b295097bc0ba9477d687ea387675af30768b,helm-expt-package-signer@nth-fort-499605-q5.iam.gserviceaccount.com,https://accounts.google.com,2026-08-26T05:41:53.963Z,runs/installer-oci-signatures/kedacore-keda/2.19.0/signature-receipt.yaml,runs/installer-oci-signatures/kedacore-keda/2.19.0/signature.sigstore.json,runs/installer-oci-signatures/kedacore-keda/2.19.0/signature-payload.json,runs/installer-oci-signatures/kedacore-keda/2.19.0/verification.json,runs/installer-oci-signatures/kedacore-keda/2.19.0/payload-verification.txt,cosign verify --certificate-identity helm-expt-package-signer@nth-fort-499605-q5.iam.gserviceaccount.com --certificate-oidc-issuer https://accounts.google.com --annotations confighub.com/package-path=packages/kedacore/keda/2.19.0 --annotations confighub.com/package-sha256=5c1160c99b28e7655f9d5fbe35f6b295097bc0ba9477d687ea387675af30768b europe-west1-docker.pkg.dev/nth-fort-499605-q5/helm-expt/kedacore-keda:2.19.0@sha256:490fb1b2e7d8703408b05a319b8b63ac66436d061070cf694686fa14bcc4a525,cosign verify-blob-attestation --bundle runs/installer-oci-signatures/kedacore-keda/2.19.0/signature.sigstore.json --digest 490fb1b2e7d8703408b05a319b8b63ac66436d061070cf694686fa14bcc4a525 --digestAlg sha256 --type https://sigstore.dev/cosign/sign/v1 --certificate-identity helm-expt-package-signer@nth-fort-499605-q5.iam.gserviceaccount.com --certificate-oidc-issuer https://accounts.google.com
packages/kyverno/kyverno-policies/3.8.0,oci://europe-west1-docker.pkg.dev/nth-fort-499605-q5/helm-expt/kyverno-kyverno-policies:3.8.0,sha256:322525fd8fd73a75a3ad61407dce90763352833b83b58b0fb91ba7601faee1ad,europe-west1-docker.pkg.dev/nth-fort-499605-q5/helm-expt/kyverno-kyverno-policies:3.8.0@sha256:322525fd8fd73a75a3ad61407dce90763352833b83b58b0fb91ba7601faee1ad,f893d8b6e3b80b313da43e3fd2f16df8fddd51b980bfd2ae1134187d3bd2a977,helm-expt-package-signer@nth-fort-499605-q5.iam.gserviceaccount.com,https://accounts.google.com,2026-08-26T05:41:59.722Z,runs/installer-oci-signatures/kyverno-kyverno-policies/3.8.0/signature-receipt.yaml,runs/installer-oci-signatures/kyverno-kyverno-policies/3.8.0/signature.sigstore.json,runs/installer-oci-signatures/kyverno-kyverno-policies/3.8.0/signature-payload.json,runs/installer-oci-signatures/kyverno-kyverno-policies/3.8.0/verification.json,runs/installer-oci-signatures/kyverno-kyverno-policies/3.8.0/payload-verification.txt,cosign verify --certificate-identity helm-expt-package-signer@nth-fort-499605-q5.iam.gserviceaccount.com --certificate-oidc-issuer https://accounts.google.com --annotations confighub.com/package-path=packages/kyverno/kyverno-policies/3.8.0 --annotations confighub.com/package-sha256=f893d8b6e3b80b313da43e3fd2f16df8fddd51b980bfd2ae1134187d3bd2a977 europe-west1-docker.pkg.dev/nth-fort-499605-q5/helm-expt/kyverno-kyverno-policies:3.8.0@sha256:322525fd8fd73a75a3ad61407dce90763352833b83b58b0fb91ba7601faee1ad,cosign verify-blob-attestation --bundle runs/installer-oci-signatures/kyverno-kyverno-policies/3.8.0/signature.sigstore.json --digest 322525fd8fd73a75a3ad61407dce90763352833b83b58b0fb91ba7601faee1ad --digestAlg sha256 --type https://sigstore.dev/cosign/sign/v1 --certificate-identity helm-expt-package-signer@nth-fort-499605-q5.iam.gserviceaccount.com --certificate-oidc-issuer https://accounts.google.com
packages/kyverno/kyverno-policies/3.8.2,oci://europe-west1-docker.pkg.dev/nth-fort-499605-q5/helm-expt/kyverno-kyverno-policies:3.8.2,sha256:204b16876ea9d7f9a487d3ad884f9b0c5f41e0e9a01d8b8c37c7bb6693575460,europe-west1-docker.pkg.dev/nth-fort-499605-q5/helm-expt/kyverno-kyverno-policies:3.8.2@sha256:204b16876ea9d7f9a487d3ad884f9b0c5f41e0e9a01d8b8c37c7bb6693575460,e7d016fe4f673dc4887602f3408e0f7ecae189da78d71d48673fcca781487a0e,helm-expt-package-signer@nth-fort-499605-q5.iam.gserviceaccount.com,https://accounts.google.com,2026-08-26T05:42:04.906Z,runs/installer-oci-signatures/kyverno-kyverno-policies/3.8.2/signature-receipt.yaml,runs/installer-oci-signatures/kyverno-kyverno-policies/3.8.2/signature.sigstore.json,runs/installer-oci-signatures/kyverno-kyverno-policies/3.8.2/signature-payload.json,runs/installer-oci-signatures/kyverno-kyverno-policies/3.8.2/verification.json,runs/installer-oci-signatures/kyverno-kyverno-policies/3.8.2/payload-verification.txt,cosign verify --certificate-identity helm-expt-package-signer@nth-fort-499605-q5.iam.gserviceaccount.com --certificate-oidc-issuer https://accounts.google.com --annotations confighub.com/package-path=packages/kyverno/kyverno-policies/3.8.2 --annotations confighub.com/package-sha256=e7d016fe4f673dc4887602f3408e0f7ecae189da78d71d48673fcca781487a0e europe-west1-docker.pkg.dev/nth-fort-499605-q5/helm-expt/kyverno-kyverno-policies:3.8.2@sha256:204b16876ea9d7f9a487d3ad884f9b0c5f41e0e9a01d8b8c37c7bb6693575460,cosign verify-blob-attestation --bundle runs/installer-oci-signatures/kyverno-kyverno-policies/3.8.2/signature.sigstore.json --digest 204b16876ea9d7f9a487d3ad884f9b0c5f41e0e9a01d8b8c37c7bb6693575460 --digestAlg sha256 --type https://sigstore.dev/cosign/sign/v1 --certificate-identity helm-expt-package-signer@nth-fort-499605-q5.iam.gserviceaccount.com --certificate-oidc-issuer https://accounts.google.com
packages/kyverno/kyverno/3.8.1,oci://europe-west1-docker.pkg.dev/nth-fort-499605-q5/helm-expt/kyverno-kyverno:3.8.1,sha256:13f2502075632259f7471d7043a09303d2cbee19c82c11c0485561b487288768,europe-west1-docker.pkg.dev/nth-fort-499605-q5/helm-expt/kyverno-kyverno:3.8.1@sha256:13f2502075632259f7471d7043a09303d2cbee19c82c11c0485561b487288768,fce4f2ec34412a1a55c1018ccf1a1e5eb1d6e739a456954e83e63236747264f4,helm-expt-package-signer@nth-fort-499605-q5.iam.gserviceaccount.com,https://accounts.google.com,2026-08-26T05:42:10.626Z,runs/installer-oci-signatures/kyverno-kyverno/3.8.1/signature-receipt.yaml,runs/installer-oci-signatures/kyverno-kyverno/3.8.1/signature.sigstore.json,runs/installer-oci-signatures/kyverno-kyverno/3.8.1/signature-payload.json,runs/installer-oci-signatures/kyverno-kyverno/3.8.1/verification.json,runs/installer-oci-signatures/kyverno-kyverno/3.8.1/payload-verification.txt,cosign verify --certificate-identity helm-expt-package-signer@nth-fort-499605-q5.iam.gserviceaccount.com --certificate-oidc-issuer https://accounts.google.com --annotations confighub.com/package-path=packages/kyverno/kyverno/3.8.1 --annotations confighub.com/package-sha256=fce4f2ec34412a1a55c1018ccf1a1e5eb1d6e739a456954e83e63236747264f4 europe-west1-docker.pkg.dev/nth-fort-499605-q5/helm-expt/kyverno-kyverno:3.8.1@sha256:13f2502075632259f7471d7043a09303d2cbee19c82c11c0485561b487288768,cosign verify-blob-attestation --bundle runs/installer-oci-signatures/kyverno-kyverno/3.8.1/signature.sigstore.json --digest 13f2502075632259f7471d7043a09303d2cbee19c82c11c0485561b487288768 --digestAlg sha256 --type https://sigstore.dev/cosign/sign/v1 --certificate-identity helm-expt-package-signer@nth-fort-499605-q5.iam.gserviceaccount.com --certificate-oidc-issuer https://accounts.google.com
packages/kyverno/kyverno/3.8.2,oci://europe-west1-docker.pkg.dev/nth-fort-499605-q5/helm-expt/kyverno-kyverno:3.8.2,sha256:53b06a8062c1b7e92cebb21ec9d518332ddd9e237e48aa991b3bbfde9f798db3,europe-west1-docker.pkg.dev/nth-fort-499605-q5/helm-expt/kyverno-kyverno:3.8.2@sha256:53b06a8062c1b7e92cebb21ec9d518332ddd9e237e48aa991b3bbfde9f798db3,0019bb5d14d3f0c4e01dd1b9fe6ac4d69f7ff9eb4352e5181892cdb35e66eef8,helm-expt-package-signer@nth-fort-499605-q5.iam.gserviceaccount.com,https://accounts.google.com,2026-08-26T05:42:16.455Z,runs/installer-oci-signatures/kyverno-kyverno/3.8.2/signature-receipt.yaml,runs/installer-oci-signatures/kyverno-kyverno/3.8.2/signature.sigstore.json,runs/installer-oci-signatures/kyverno-kyverno/3.8.2/signature-payload.json,runs/installer-oci-signatures/kyverno-kyverno/3.8.2/verification.json,runs/installer-oci-signatures/kyverno-kyverno/3.8.2/payload-verification.txt,cosign verify --certificate-identity helm-expt-package-signer@nth-fort-499605-q5.iam.gserviceaccount.com --certificate-oidc-issuer https://accounts.google.com --annotations confighub.com/package-path=packages/kyverno/kyverno/3.8.2 --annotations confighub.com/package-sha256=0019bb5d14d3f0c4e01dd1b9fe6ac4d69f7ff9eb4352e5181892cdb35e66eef8 europe-west1-docker.pkg.dev/nth-fort-499605-q5/helm-expt/kyverno-kyverno:3.8.2@sha256:53b06a8062c1b7e92cebb21ec9d518332ddd9e237e48aa991b3bbfde9f798db3,cosign verify-blob-attestation --bundle runs/installer-oci-signatures/kyverno-kyverno/3.8.2/signature.sigstore.json --digest 53b06a8062c1b7e92cebb21ec9d518332ddd9e237e48aa991b3bbfde9f798db3 --digestAlg sha256 --type https://sigstore.dev/cosign/sign/v1 --certificate-identity helm-expt-package-signer@nth-fort-499605-q5.iam.gserviceaccount.com --certificate-oidc-issuer https://accounts.google.com
packages/linkerd/linkerd-crds/1.8.0,oci://europe-west1-docker.pkg.dev/nth-fort-499605-q5/helm-expt/linkerd-linkerd-crds:1.8.0,sha256:8d8bc4eda1159e55ef8ece33e6b6369ae2fe7b83e4b820d6bc4ac06ed3f6908c,europe-west1-docker.pkg.dev/nth-fort-499605-q5/helm-expt/linkerd-linkerd-crds:1.8.0@sha256:8d8bc4eda1159e55ef8ece33e6b6369ae2fe7b83e4b820d6bc4ac06ed3f6908c,770b6955ef2813a73f01b4641cfe80c890918cefeb0f0b29d546e63d9a3c5b42,helm-expt-package-signer@nth-fort-499605-q5.iam.gserviceaccount.com,https://accounts.google.com,2026-08-26T05:42:20.852Z,runs/installer-oci-signatures/linkerd-linkerd-crds/1.8.0/signature-receipt.yaml,runs/installer-oci-signatures/linkerd-linkerd-crds/1.8.0/signature.sigstore.json,runs/installer-oci-signatures/linkerd-linkerd-crds/1.8.0/signature-payload.json,runs/installer-oci-signatures/linkerd-linkerd-crds/1.8.0/verification.json,runs/installer-oci-signatures/linkerd-linkerd-crds/1.8.0/payload-verification.txt,cosign verify --certificate-identity helm-expt-package-signer@nth-fort-499605-q5.iam.gserviceaccount.com --certificate-oidc-issuer https://accounts.google.com --annotations confighub.com/package-path=packages/linkerd/linkerd-crds/1.8.0 --annotations confighub.com/package-sha256=770b6955ef2813a73f01b4641cfe80c890918cefeb0f0b29d546e63d9a3c5b42 europe-west1-docker.pkg.dev/nth-fort-499605-q5/helm-expt/linkerd-linkerd-crds:1.8.0@sha256:8d8bc4eda1159e55ef8ece33e6b6369ae2fe7b83e4b820d6bc4ac06ed3f6908c,cosign verify-blob-attestation --bundle runs/installer-oci-signatures/linkerd-linkerd-crds/1.8.0/signature.sigstore.json --digest 8d8bc4eda1159e55ef8ece33e6b6369ae2fe7b83e4b820d6bc4ac06ed3f6908c --digestAlg sha256 --type https://sigstore.dev/cosign/sign/v1 --certificate-identity helm-expt-package-signer@nth-fort-499605-q5.iam.gserviceaccount.com --certificate-oidc-issuer https://accounts.google.com
packages/longhorn/longhorn/1.11.2,oci://europe-west1-docker.pkg.dev/nth-fort-499605-q5/helm-expt/longhorn-longhorn:1.11.2,sha256:a6fcbe3cb5728a096f61c52fc8a0a4034a9511b0bbfb8a9cfedf91313a3a4064,europe-west1-docker.pkg.dev/nth-fort-499605-q5/helm-expt/longhorn-longhorn:1.11.2@sha256:a6fcbe3cb5728a096f61c52fc8a0a4034a9511b0bbfb8a9cfedf91313a3a4064,b204441cb21bc29ac21ba5fa10c45f8ac8176c4d13b375edd2129d01481c58ea,helm-expt-package-signer@nth-fort-499605-q5.iam.gserviceaccount.com,https://accounts.google.com,2026-08-26T05:42:25.277Z,runs/installer-oci-signatures/longhorn-longhorn/1.11.2/signature-receipt.yaml,runs/installer-oci-signatures/longhorn-longhorn/1.11.2/signature.sigstore.json,runs/installer-oci-signatures/longhorn-longhorn/1.11.2/signature-payload.json,runs/installer-oci-signatures/longhorn-longhorn/1.11.2/verification.json,runs/installer-oci-signatures/longhorn-longhorn/1.11.2/payload-verification.txt,cosign verify --certificate-identity helm-expt-package-signer@nth-fort-499605-q5.iam.gserviceaccount.com --certificate-oidc-issuer https://accounts.google.com --annotations confighub.com/package-path=packages/longhorn/longhorn/1.11.2 --annotations confighub.com/package-sha256=b204441cb21bc29ac21ba5fa10c45f8ac8176c4d13b375edd2129d01481c58ea europe-west1-docker.pkg.dev/nth-fort-499605-q5/helm-expt/longhorn-longhorn:1.11.2@sha256:a6fcbe3cb5728a096f61c52fc8a0a4034a9511b0bbfb8a9cfedf91313a3a4064,cosign verify-blob-attestation --bundle runs/installer-oci-signatures/longhorn-longhorn/1.11.2/signature.sigstore.json --digest a6fcbe3cb5728a096f61c52fc8a0a4034a9511b0bbfb8a9cfedf91313a3a4064 --digestAlg sha256 --type https://sigstore.dev/cosign/sign/v1 --certificate-identity helm-expt-package-signer@nth-fort-499605-q5.iam.gserviceaccount.com --certificate-oidc-issuer https://accounts.google.com
packages/longhorn/longhorn/1.12.0,oci://europe-west1-docker.pkg.dev/nth-fort-499605-q5/helm-expt/longhorn-longhorn:1.12.0,sha256:c39d4513809ca0a533d871bd93424e8f44c50e020de639e6758dc643ceb2c912,europe-west1-docker.pkg.dev/nth-fort-499605-q5/helm-expt/longhorn-longhorn:1.12.0@sha256:c39d4513809ca0a533d871bd93424e8f44c50e020de639e6758dc643ceb2c912,06a73e1d849b99b26da8c25ed683ffd3d6ce290b2a2feca1123d9c5ae7083a69,helm-expt-package-signer@nth-fort-499605-q5.iam.gserviceaccount.com,https://accounts.google.com,2026-08-26T05:42:31.555Z,runs/installer-oci-signatures/longhorn-longhorn/1.12.0/signature-receipt.yaml,runs/installer-oci-signatures/longhorn-longhorn/1.12.0/signature.sigstore.json,runs/installer-oci-signatures/longhorn-longhorn/1.12.0/signature-payload.json,runs/installer-oci-signatures/longhorn-longhorn/1.12.0/verification.json,runs/installer-oci-signatures/longhorn-longhorn/1.12.0/payload-verification.txt,cosign verify --certificate-identity helm-expt-package-signer@nth-fort-499605-q5.iam.gserviceaccount.com --certificate-oidc-issuer https://accounts.google.com --annotations confighub.com/package-path=packages/longhorn/longhorn/1.12.0 --annotations confighub.com/package-sha256=06a73e1d849b99b26da8c25ed683ffd3d6ce290b2a2feca1123d9c5ae7083a69 europe-west1-docker.pkg.dev/nth-fort-499605-q5/helm-expt/longhorn-longhorn:1.12.0@sha256:c39d4513809ca0a533d871bd93424e8f44c50e020de639e6758dc643ceb2c912,cosign verify-blob-attestation --bundle runs/installer-oci-signatures/longhorn-longhorn/1.12.0/signature.sigstore.json --digest c39d4513809ca0a533d871bd93424e8f44c50e020de639e6758dc643ceb2c912 --digestAlg sha256 --type https://sigstore.dev/cosign/sign/v1 --certificate-identity helm-expt-package-signer@nth-fort-499605-q5.iam.gserviceaccount.com --certificate-oidc-issuer https://accounts.google.com
packages/metallb/metallb/0.16.1,oci://europe-west1-docker.pkg.dev/nth-fort-499605-q5/helm-expt/metallb-metallb:0.16.1,sha256:9889faee92425826615cec041c02335349bb843268cbef1114312dc8b15e252d,europe-west1-docker.pkg.dev/nth-fort-499605-q5/helm-expt/metallb-metallb:0.16.1@sha256:9889faee92425826615cec041c02335349bb843268cbef1114312dc8b15e252d,a8dda85492c18543c1f541be8a6e803a270f89bc7d9001c87bbabe4bdd6b7070,helm-expt-package-signer@nth-fort-499605-q5.iam.gserviceaccount.com,https://accounts.google.com,2026-08-26T05:42:37.594Z,runs/installer-oci-signatures/metallb-metallb/0.16.1/signature-receipt.yaml,runs/installer-oci-signatures/metallb-metallb/0.16.1/signature.sigstore.json,runs/installer-oci-signatures/metallb-metallb/0.16.1/signature-payload.json,runs/installer-oci-signatures/metallb-metallb/0.16.1/verification.json,runs/installer-oci-signatures/metallb-metallb/0.16.1/payload-verification.txt,cosign verify --certificate-identity helm-expt-package-signer@nth-fort-499605-q5.iam.gserviceaccount.com --certificate-oidc-issuer https://accounts.google.com --annotations confighub.com/package-path=packages/metallb/metallb/0.16.1 --annotations confighub.com/package-sha256=a8dda85492c18543c1f541be8a6e803a270f89bc7d9001c87bbabe4bdd6b7070 europe-west1-docker.pkg.dev/nth-fort-499605-q5/helm-expt/metallb-metallb:0.16.1@sha256:9889faee92425826615cec041c02335349bb843268cbef1114312dc8b15e252d,cosign verify-blob-attestation --bundle runs/installer-oci-signatures/metallb-metallb/0.16.1/signature.sigstore.json --digest 9889faee92425826615cec041c02335349bb843268cbef1114312dc8b15e252d --digestAlg sha256 --type https://sigstore.dev/cosign/sign/v1 --certificate-identity helm-expt-package-signer@nth-fort-499605-q5.iam.gserviceaccount.com --certificate-oidc-issuer https://accounts.google.com
packages/metrics-server/metrics-server/3.13.0,oci://europe-west1-docker.pkg.dev/nth-fort-499605-q5/helm-expt/metrics-server-metrics-server:3.13.0,sha256:ebe6356044a23425f14c440f195f89f82569962a2aa6ddb25fc8503e0978d50b,europe-west1-docker.pkg.dev/nth-fort-499605-q5/helm-expt/metrics-server-metrics-server:3.13.0@sha256:ebe6356044a23425f14c440f195f89f82569962a2aa6ddb25fc8503e0978d50b,10533c3e9e3d36c42145a97a5faf5b878db95aee76a3335e70671237265ca864,helm-expt-package-signer@nth-fort-499605-q5.iam.gserviceaccount.com,https://accounts.google.com,2026-08-26T05:42:42.803Z,runs/installer-oci-signatures/metrics-server-metrics-server/3.13.0/signature-receipt.yaml,runs/installer-oci-signatures/metrics-server-metrics-server/3.13.0/signature.sigstore.json,runs/installer-oci-signatures/metrics-server-metrics-server/3.13.0/signature-payload.json,runs/installer-oci-signatures/metrics-server-metrics-server/3.13.0/verification.json,runs/installer-oci-signatures/metrics-server-metrics-server/3.13.0/payload-verification.txt,cosign verify --certificate-identity helm-expt-package-signer@nth-fort-499605-q5.iam.gserviceaccount.com --certificate-oidc-issuer https://accounts.google.com --annotations confighub.com/package-path=packages/metrics-server/metrics-server/3.13.0 --annotations confighub.com/package-sha256=10533c3e9e3d36c42145a97a5faf5b878db95aee76a3335e70671237265ca864 europe-west1-docker.pkg.dev/nth-fort-499605-q5/helm-expt/metrics-server-metrics-server:3.13.0@sha256:ebe6356044a23425f14c440f195f89f82569962a2aa6ddb25fc8503e0978d50b,cosign verify-blob-attestation --bundle runs/installer-oci-signatures/metrics-server-metrics-server/3.13.0/signature.sigstore.json --digest ebe6356044a23425f14c440f195f89f82569962a2aa6ddb25fc8503e0978d50b --digestAlg sha256 --type https://sigstore.dev/cosign/sign/v1 --certificate-identity helm-expt-package-signer@nth-fort-499605-q5.iam.gserviceaccount.com --certificate-oidc-issuer https://accounts.google.com
packages/metrics-server/metrics-server/3.13.1,oci://europe-west1-docker.pkg.dev/nth-fort-499605-q5/helm-expt/metrics-server-metrics-server:3.13.1,sha256:be476b65366c456783f0b2b09f21fff15ebba0c1547a043893893874fe87fc92,europe-west1-docker.pkg.dev/nth-fort-499605-q5/helm-expt/metrics-server-metrics-server:3.13.1@sha256:be476b65366c456783f0b2b09f21fff15ebba0c1547a043893893874fe87fc92,dd108bf532abd76b79693826321835e7c79cb7982b7ec4b9c1fd709446f6b43a,helm-expt-package-signer@nth-fort-499605-q5.iam.gserviceaccount.com,https://accounts.google.com,2026-08-26T05:42:47.728Z,runs/installer-oci-signatures/metrics-server-metrics-server/3.13.1/signature-receipt.yaml,runs/installer-oci-signatures/metrics-server-metrics-server/3.13.1/signature.sigstore.json,runs/installer-oci-signatures/metrics-server-metrics-server/3.13.1/signature-payload.json,runs/installer-oci-signatures/metrics-server-metrics-server/3.13.1/verification.json,runs/installer-oci-signatures/metrics-server-metrics-server/3.13.1/payload-verification.txt,cosign verify --certificate-identity helm-expt-package-signer@nth-fort-499605-q5.iam.gserviceaccount.com --certificate-oidc-issuer https://accounts.google.com --annotations confighub.com/package-path=packages/metrics-server/metrics-server/3.13.1 --annotations confighub.com/package-sha256=dd108bf532abd76b79693826321835e7c79cb7982b7ec4b9c1fd709446f6b43a europe-west1-docker.pkg.dev/nth-fort-499605-q5/helm-expt/metrics-server-metrics-server:3.13.1@sha256:be476b65366c456783f0b2b09f21fff15ebba0c1547a043893893874fe87fc92,cosign verify-blob-attestation --bundle runs/installer-oci-signatures/metrics-server-metrics-server/3.13.1/signature.sigstore.json --digest be476b65366c456783f0b2b09f21fff15ebba0c1547a043893893874fe87fc92 --digestAlg sha256 --type https://sigstore.dev/cosign/sign/v1 --certificate-identity helm-expt-package-signer@nth-fort-499605-q5.iam.gserviceaccount.com --certificate-oidc-issuer https://accounts.google.com
packages/minio-operator/operator/7.1.1,oci://europe-west1-docker.pkg.dev/nth-fort-499605-q5/helm-expt/minio-operator-operator:7.1.1,sha256:c1bfea10ba182a727725356a04c4ed0a9a1b8170240353057a69ed4222e0a6a3,europe-west1-docker.pkg.dev/nth-fort-499605-q5/helm-expt/minio-operator-operator:7.1.1@sha256:c1bfea10ba182a727725356a04c4ed0a9a1b8170240353057a69ed4222e0a6a3,030f54948db823e7cfce72fbcfabcbf331c14562d1efa4e06006866094c8895c,helm-expt-package-signer@nth-fort-499605-q5.iam.gserviceaccount.com,https://accounts.google.com,2026-08-26T05:42:54.140Z,runs/installer-oci-signatures/minio-operator-operator/7.1.1/signature-receipt.yaml,runs/installer-oci-signatures/minio-operator-operator/7.1.1/signature.sigstore.json,runs/installer-oci-signatures/minio-operator-operator/7.1.1/signature-payload.json,runs/installer-oci-signatures/minio-operator-operator/7.1.1/verification.json,runs/installer-oci-signatures/minio-operator-operator/7.1.1/payload-verification.txt,cosign verify --certificate-identity helm-expt-package-signer@nth-fort-499605-q5.iam.gserviceaccount.com --certificate-oidc-issuer https://accounts.google.com --annotations confighub.com/package-path=packages/minio-operator/operator/7.1.1 --annotations confighub.com/package-sha256=030f54948db823e7cfce72fbcfabcbf331c14562d1efa4e06006866094c8895c europe-west1-docker.pkg.dev/nth-fort-499605-q5/helm-expt/minio-operator-operator:7.1.1@sha256:c1bfea10ba182a727725356a04c4ed0a9a1b8170240353057a69ed4222e0a6a3,cosign verify-blob-attestation --bundle runs/installer-oci-signatures/minio-operator-operator/7.1.1/signature.sigstore.json --digest c1bfea10ba182a727725356a04c4ed0a9a1b8170240353057a69ed4222e0a6a3 --digestAlg sha256 --type https://sigstore.dev/cosign/sign/v1 --certificate-identity helm-expt-package-signer@nth-fort-499605-q5.iam.gserviceaccount.com --certificate-oidc-issuer https://accounts.google.com
packages/minio-operator/tenant/7.1.1,oci://europe-west1-docker.pkg.dev/nth-fort-499605-q5/helm-expt/minio-operator-tenant:7.1.1,sha256:7e299b39fafb43ce72c098b93dacfcb861e8aa48a336844fcd3a4798f59b9fd8,europe-west1-docker.pkg.dev/nth-fort-499605-q5/helm-expt/minio-operator-tenant:7.1.1@sha256:7e299b39fafb43ce72c098b93dacfcb861e8aa48a336844fcd3a4798f59b9fd8,441c430b1e51b07ded0df36d4d23b065629aff376eff417542d6869d354fe129,helm-expt-package-signer@nth-fort-499605-q5.iam.gserviceaccount.com,https://accounts.google.com,2026-08-26T05:42:59.590Z,runs/installer-oci-signatures/minio-operator-tenant/7.1.1/signature-receipt.yaml,runs/installer-oci-signatures/minio-operator-tenant/7.1.1/signature.sigstore.json,runs/installer-oci-signatures/minio-operator-tenant/7.1.1/signature-payload.json,runs/installer-oci-signatures/minio-operator-tenant/7.1.1/verification.json,runs/installer-oci-signatures/minio-operator-tenant/7.1.1/payload-verification.txt,cosign verify --certificate-identity helm-expt-package-signer@nth-fort-499605-q5.iam.gserviceaccount.com --certificate-oidc-issuer https://accounts.google.com --annotations confighub.com/package-path=packages/minio-operator/tenant/7.1.1 --annotations confighub.com/package-sha256=441c430b1e51b07ded0df36d4d23b065629aff376eff417542d6869d354fe129 europe-west1-docker.pkg.dev/nth-fort-499605-q5/helm-expt/minio-operator-tenant:7.1.1@sha256:7e299b39fafb43ce72c098b93dacfcb861e8aa48a336844fcd3a4798f59b9fd8,cosign verify-blob-attestation --bundle runs/installer-oci-signatures/minio-operator-tenant/7.1.1/signature.sigstore.json --digest 7e299b39fafb43ce72c098b93dacfcb861e8aa48a336844fcd3a4798f59b9fd8 --digestAlg sha256 --type https://sigstore.dev/cosign/sign/v1 --certificate-identity helm-expt-package-signer@nth-fort-499605-q5.iam.gserviceaccount.com --certificate-oidc-issuer https://accounts.google.com
packages/nats/nack/0.34.0,oci://europe-west1-docker.pkg.dev/nth-fort-499605-q5/helm-expt/nats-nack:0.34.0,sha256:f9cbdf853618325eaa8c6d002372d71586f714d70ba1b835fe7cbfa881f43b06,europe-west1-docker.pkg.dev/nth-fort-499605-q5/helm-expt/nats-nack:0.34.0@sha256:f9cbdf853618325eaa8c6d002372d71586f714d70ba1b835fe7cbfa881f43b06,25239640536d4bce099cfa7600aca615d2b5df946f31979b2c3babe9dbe0f83f,helm-expt-package-signer@nth-fort-499605-q5.iam.gserviceaccount.com,https://accounts.google.com,2026-08-26T05:43:04.275Z,runs/installer-oci-signatures/nats-nack/0.34.0/signature-receipt.yaml,runs/installer-oci-signatures/nats-nack/0.34.0/signature.sigstore.json,runs/installer-oci-signatures/nats-nack/0.34.0/signature-payload.json,runs/installer-oci-signatures/nats-nack/0.34.0/verification.json,runs/installer-oci-signatures/nats-nack/0.34.0/payload-verification.txt,cosign verify --certificate-identity helm-expt-package-signer@nth-fort-499605-q5.iam.gserviceaccount.com --certificate-oidc-issuer https://accounts.google.com --annotations confighub.com/package-path=packages/nats/nack/0.34.0 --annotations confighub.com/package-sha256=25239640536d4bce099cfa7600aca615d2b5df946f31979b2c3babe9dbe0f83f europe-west1-docker.pkg.dev/nth-fort-499605-q5/helm-expt/nats-nack:0.34.0@sha256:f9cbdf853618325eaa8c6d002372d71586f714d70ba1b835fe7cbfa881f43b06,cosign verify-blob-attestation --bundle runs/installer-oci-signatures/nats-nack/0.34.0/signature.sigstore.json --digest f9cbdf853618325eaa8c6d002372d71586f714d70ba1b835fe7cbfa881f43b06 --digestAlg sha256 --type https://sigstore.dev/cosign/sign/v1 --certificate-identity helm-expt-package-signer@nth-fort-499605-q5.iam.gserviceaccount.com --certificate-oidc-issuer https://accounts.google.com
packages/nats/nats/2.14.0,oci://europe-west1-docker.pkg.dev/nth-fort-499605-q5/helm-expt/nats-nats:2.14.0,sha256:0e463d67359b59da9f1a7415c462d64f1437497115cc697d0f552b03289b3f11,europe-west1-docker.pkg.dev/nth-fort-499605-q5/helm-expt/nats-nats:2.14.0@sha256:0e463d67359b59da9f1a7415c462d64f1437497115cc697d0f552b03289b3f11,61a48732e9ae3cd77b6c4f5649eb506a2ea99ec528787138eed297ae5c3f685b,helm-expt-package-signer@nth-fort-499605-q5.iam.gserviceaccount.com,https://accounts.google.com,2026-08-26T05:43:09.444Z,runs/installer-oci-signatures/nats-nats/2.14.0/signature-receipt.yaml,runs/installer-oci-signatures/nats-nats/2.14.0/signature.sigstore.json,runs/installer-oci-signatures/nats-nats/2.14.0/signature-payload.json,runs/installer-oci-signatures/nats-nats/2.14.0/verification.json,runs/installer-oci-signatures/nats-nats/2.14.0/payload-verification.txt,cosign verify --certificate-identity helm-expt-package-signer@nth-fort-499605-q5.iam.gserviceaccount.com --certificate-oidc-issuer https://accounts.google.com --annotations confighub.com/package-path=packages/nats/nats/2.14.0 --annotations confighub.com/package-sha256=61a48732e9ae3cd77b6c4f5649eb506a2ea99ec528787138eed297ae5c3f685b europe-west1-docker.pkg.dev/nth-fort-499605-q5/helm-expt/nats-nats:2.14.0@sha256:0e463d67359b59da9f1a7415c462d64f1437497115cc697d0f552b03289b3f11,cosign verify-blob-attestation --bundle runs/installer-oci-signatures/nats-nats/2.14.0/signature.sigstore.json --digest 0e463d67359b59da9f1a7415c462d64f1437497115cc697d0f552b03289b3f11 --digestAlg sha256 --type https://sigstore.dev/cosign/sign/v1 --certificate-identity helm-expt-package-signer@nth-fort-499605-q5.iam.gserviceaccount.com --certificate-oidc-issuer https://accounts.google.com
packages/nats/surveyor/0.20.9,oci://europe-west1-docker.pkg.dev/nth-fort-499605-q5/helm-expt/nats-surveyor:0.20.9,sha256:91058331c4da0d7485450ee8acad2235b54a40cdf00ea89d842d645cb63eb5fe,europe-west1-docker.pkg.dev/nth-fort-499605-q5/helm-expt/nats-surveyor:0.20.9@sha256:91058331c4da0d7485450ee8acad2235b54a40cdf00ea89d842d645cb63eb5fe,d95148e94506b160a3caf87bc4ff9c666795f2d8c0a0bb0b5177aa54d741a9d6,helm-expt-package-signer@nth-fort-499605-q5.iam.gserviceaccount.com,https://accounts.google.com,2026-08-26T05:43:14.130Z,runs/installer-oci-signatures/nats-surveyor/0.20.9/signature-receipt.yaml,runs/installer-oci-signatures/nats-surveyor/0.20.9/signature.sigstore.json,runs/installer-oci-signatures/nats-surveyor/0.20.9/signature-payload.json,runs/installer-oci-signatures/nats-surveyor/0.20.9/verification.json,runs/installer-oci-signatures/nats-surveyor/0.20.9/payload-verification.txt,cosign verify --certificate-identity helm-expt-package-signer@nth-fort-499605-q5.iam.gserviceaccount.com --certificate-oidc-issuer https://accounts.google.com --annotations confighub.com/package-path=packages/nats/surveyor/0.20.9 --annotations confighub.com/package-sha256=d95148e94506b160a3caf87bc4ff9c666795f2d8c0a0bb0b5177aa54d741a9d6 europe-west1-docker.pkg.dev/nth-fort-499605-q5/helm-expt/nats-surveyor:0.20.9@sha256:91058331c4da0d7485450ee8acad2235b54a40cdf00ea89d842d645cb63eb5fe,cosign verify-blob-attestation --bundle runs/installer-oci-signatures/nats-surveyor/0.20.9/signature.sigstore.json --digest 91058331c4da0d7485450ee8acad2235b54a40cdf00ea89d842d645cb63eb5fe --digestAlg sha256 --type https://sigstore.dev/cosign/sign/v1 --certificate-identity helm-expt-package-signer@nth-fort-499605-q5.iam.gserviceaccount.com --certificate-oidc-issuer https://accounts.google.com
packages/nfs-subdir-external-provisioner/nfs-subdir-external-provisioner/4.0.18,oci://europe-west1-docker.pkg.dev/nth-fort-499605-q5/helm-expt/nfs-subdir-external-provisioner-nfs-subdir-external-provisioner:4.0.18,sha256:7c28f9242e8913ddf0d434100eb0abdfb33b014b40665ad6256590d82211d4d3,europe-west1-docker.pkg.dev/nth-fort-499605-q5/helm-expt/nfs-subdir-external-provisioner-nfs-subdir-external-provisioner:4.0.18@sha256:7c28f9242e8913ddf0d434100eb0abdfb33b014b40665ad6256590d82211d4d3,c34aaf40e578bf4557a032c6869ac3f3001d1489b23d140f972c7b3004e5f6de,helm-expt-package-signer@nth-fort-499605-q5.iam.gserviceaccount.com,https://accounts.google.com,2026-08-26T05:43:19.260Z,runs/installer-oci-signatures/nfs-subdir-external-provisioner-nfs-subdir-external-provisioner/4.0.18/signature-receipt.yaml,runs/installer-oci-signatures/nfs-subdir-external-provisioner-nfs-subdir-external-provisioner/4.0.18/signature.sigstore.json,runs/installer-oci-signatures/nfs-subdir-external-provisioner-nfs-subdir-external-provisioner/4.0.18/signature-payload.json,runs/installer-oci-signatures/nfs-subdir-external-provisioner-nfs-subdir-external-provisioner/4.0.18/verification.json,runs/installer-oci-signatures/nfs-subdir-external-provisioner-nfs-subdir-external-provisioner/4.0.18/payload-verification.txt,cosign verify --certificate-identity helm-expt-package-signer@nth-fort-499605-q5.iam.gserviceaccount.com --certificate-oidc-issuer https://accounts.google.com --annotations confighub.com/package-path=packages/nfs-subdir-external-provisioner/nfs-subdir-external-provisioner/4.0.18 --annotations confighub.com/package-sha256=c34aaf40e578bf4557a032c6869ac3f3001d1489b23d140f972c7b3004e5f6de europe-west1-docker.pkg.dev/nth-fort-499605-q5/helm-expt/nfs-subdir-external-provisioner-nfs-subdir-external-provisioner:4.0.18@sha256:7c28f9242e8913ddf0d434100eb0abdfb33b014b40665ad6256590d82211d4d3,cosign verify-blob-attestation --bundle runs/installer-oci-signatures/nfs-subdir-external-provisioner-nfs-subdir-external-provisioner/4.0.18/signature.sigstore.json --digest 7c28f9242e8913ddf0d434100eb0abdfb33b014b40665ad6256590d82211d4d3 --digestAlg sha256 --type https://sigstore.dev/cosign/sign/v1 --certificate-identity helm-expt-package-signer@nth-fort-499605-q5.iam.gserviceaccount.com --certificate-oidc-issuer https://accounts.google.com
packages/nvidia/nvidia-device-plugin/0.19.3,oci://europe-west1-docker.pkg.dev/nth-fort-499605-q5/helm-expt/nvidia-nvidia-device-plugin:0.19.3,sha256:0dfddc9142b6c95f4d2dbaf34b827af66096c50cef89bb4578a3f91383f705c3,europe-west1-docker.pkg.dev/nth-fort-499605-q5/helm-expt/nvidia-nvidia-device-plugin:0.19.3@sha256:0dfddc9142b6c95f4d2dbaf34b827af66096c50cef89bb4578a3f91383f705c3,eec340a62b02c9a7095035230695a05aa182947c0043e90e419611458eed7f73,helm-expt-package-signer@nth-fort-499605-q5.iam.gserviceaccount.com,https://accounts.google.com,2026-08-26T05:43:24.004Z,runs/installer-oci-signatures/nvidia-nvidia-device-plugin/0.19.3/signature-receipt.yaml,runs/installer-oci-signatures/nvidia-nvidia-device-plugin/0.19.3/signature.sigstore.json,runs/installer-oci-signatures/nvidia-nvidia-device-plugin/0.19.3/signature-payload.json,runs/installer-oci-signatures/nvidia-nvidia-device-plugin/0.19.3/verification.json,runs/installer-oci-signatures/nvidia-nvidia-device-plugin/0.19.3/payload-verification.txt,cosign verify --certificate-identity helm-expt-package-signer@nth-fort-499605-q5.iam.gserviceaccount.com --certificate-oidc-issuer https://accounts.google.com --annotations confighub.com/package-path=packages/nvidia/nvidia-device-plugin/0.19.3 --annotations confighub.com/package-sha256=eec340a62b02c9a7095035230695a05aa182947c0043e90e419611458eed7f73 europe-west1-docker.pkg.dev/nth-fort-499605-q5/helm-expt/nvidia-nvidia-device-plugin:0.19.3@sha256:0dfddc9142b6c95f4d2dbaf34b827af66096c50cef89bb4578a3f91383f705c3,cosign verify-blob-attestation --bundle runs/installer-oci-signatures/nvidia-nvidia-device-plugin/0.19.3/signature.sigstore.json --digest 0dfddc9142b6c95f4d2dbaf34b827af66096c50cef89bb4578a3f91383f705c3 --digestAlg sha256 --type https://sigstore.dev/cosign/sign/v1 --certificate-identity helm-expt-package-signer@nth-fort-499605-q5.iam.gserviceaccount.com --certificate-oidc-issuer https://accounts.google.com
packages/oauth2-proxy/oauth2-proxy/10.7.0,oci://europe-west1-docker.pkg.dev/nth-fort-499605-q5/helm-expt/oauth2-proxy-oauth2-proxy:10.7.0,sha256:52ca76c189956363cc5e23fc29bd527d160c659236bcfd6fe5a4a1716f66eab9,europe-west1-docker.pkg.dev/nth-fort-499605-q5/helm-expt/oauth2-proxy-oauth2-proxy:10.7.0@sha256:52ca76c189956363cc5e23fc29bd527d160c659236bcfd6fe5a4a1716f66eab9,e2ea12142ed6580180b3a968201b00c8eb6f6ee086caf3b40e69b44971f6fe65,helm-expt-package-signer@nth-fort-499605-q5.iam.gserviceaccount.com,https://accounts.google.com,2026-08-26T05:43:29.269Z,runs/installer-oci-signatures/oauth2-proxy-oauth2-proxy/10.7.0/signature-receipt.yaml,runs/installer-oci-signatures/oauth2-proxy-oauth2-proxy/10.7.0/signature.sigstore.json,runs/installer-oci-signatures/oauth2-proxy-oauth2-proxy/10.7.0/signature-payload.json,runs/installer-oci-signatures/oauth2-proxy-oauth2-proxy/10.7.0/verification.json,runs/installer-oci-signatures/oauth2-proxy-oauth2-proxy/10.7.0/payload-verification.txt,cosign verify --certificate-identity helm-expt-package-signer@nth-fort-499605-q5.iam.gserviceaccount.com --certificate-oidc-issuer https://accounts.google.com --annotations confighub.com/package-path=packages/oauth2-proxy/oauth2-proxy/10.7.0 --annotations confighub.com/package-sha256=e2ea12142ed6580180b3a968201b00c8eb6f6ee086caf3b40e69b44971f6fe65 europe-west1-docker.pkg.dev/nth-fort-499605-q5/helm-expt/oauth2-proxy-oauth2-proxy:10.7.0@sha256:52ca76c189956363cc5e23fc29bd527d160c659236bcfd6fe5a4a1716f66eab9,cosign verify-blob-attestation --bundle runs/installer-oci-signatures/oauth2-proxy-oauth2-proxy/10.7.0/signature.sigstore.json --digest 52ca76c189956363cc5e23fc29bd527d160c659236bcfd6fe5a4a1716f66eab9 --digestAlg sha256 --type https://sigstore.dev/cosign/sign/v1 --certificate-identity helm-expt-package-signer@nth-fort-499605-q5.iam.gserviceaccount.com --certificate-oidc-issuer https://accounts.google.com
packages/open-telemetry/opentelemetry-operator/0.114.0,oci://europe-west1-docker.pkg.dev/nth-fort-499605-q5/helm-expt/open-telemetry-opentelemetry-operator:0.114.0,sha256:dacf369ea222ff6e4b2538c39c5743867a140991f1b724e0d7e59667d1892a5a,europe-west1-docker.pkg.dev/nth-fort-499605-q5/helm-expt/open-telemetry-opentelemetry-operator:0.114.0@sha256:dacf369ea222ff6e4b2538c39c5743867a140991f1b724e0d7e59667d1892a5a,af21a8076fa31c389155ca8a82a3092cb011ca4002a0ea7fec33089f2e28130d,helm-expt-package-signer@nth-fort-499605-q5.iam.gserviceaccount.com,https://accounts.google.com,2026-08-26T05:43:35.678Z,runs/installer-oci-signatures/open-telemetry-opentelemetry-operator/0.114.0/signature-receipt.yaml,runs/installer-oci-signatures/open-telemetry-opentelemetry-operator/0.114.0/signature.sigstore.json,runs/installer-oci-signatures/open-telemetry-opentelemetry-operator/0.114.0/signature-payload.json,runs/installer-oci-signatures/open-telemetry-opentelemetry-operator/0.114.0/verification.json,runs/installer-oci-signatures/open-telemetry-opentelemetry-operator/0.114.0/payload-verification.txt,cosign verify --certificate-identity helm-expt-package-signer@nth-fort-499605-q5.iam.gserviceaccount.com --certificate-oidc-issuer https://accounts.google.com --annotations confighub.com/package-path=packages/open-telemetry/opentelemetry-operator/0.114.0 --annotations confighub.com/package-sha256=af21a8076fa31c389155ca8a82a3092cb011ca4002a0ea7fec33089f2e28130d europe-west1-docker.pkg.dev/nth-fort-499605-q5/helm-expt/open-telemetry-opentelemetry-operator:0.114.0@sha256:dacf369ea222ff6e4b2538c39c5743867a140991f1b724e0d7e59667d1892a5a,cosign verify-blob-attestation --bundle runs/installer-oci-signatures/open-telemetry-opentelemetry-operator/0.114.0/signature.sigstore.json --digest dacf369ea222ff6e4b2538c39c5743867a140991f1b724e0d7e59667d1892a5a --digestAlg sha256 --type https://sigstore.dev/cosign/sign/v1 --certificate-identity helm-expt-package-signer@nth-fort-499605-q5.iam.gserviceaccount.com --certificate-oidc-issuer https://accounts.google.com
packages/opencost/opencost/2.5.21,oci://europe-west1-docker.pkg.dev/nth-fort-499605-q5/helm-expt/opencost-opencost:2.5.21,sha256:8a1adece2f7201cb8cad2fd71d0a41dffa233a1ca0a0820796eb9e45821de1e8,europe-west1-docker.pkg.dev/nth-fort-499605-q5/helm-expt/opencost-opencost:2.5.21@sha256:8a1adece2f7201cb8cad2fd71d0a41dffa233a1ca0a0820796eb9e45821de1e8,1a2e3a5b840d37e61e62ed20879cd39aa5254168e58db07e15e5fabc345f2b47,helm-expt-package-signer@nth-fort-499605-q5.iam.gserviceaccount.com,https://accounts.google.com,2026-08-26T05:43:40.734Z,runs/installer-oci-signatures/opencost-opencost/2.5.21/signature-receipt.yaml,runs/installer-oci-signatures/opencost-opencost/2.5.21/signature.sigstore.json,runs/installer-oci-signatures/opencost-opencost/2.5.21/signature-payload.json,runs/installer-oci-signatures/opencost-opencost/2.5.21/verification.json,runs/installer-oci-signatures/opencost-opencost/2.5.21/payload-verification.txt,cosign verify --certificate-identity helm-expt-package-signer@nth-fort-499605-q5.iam.gserviceaccount.com --certificate-oidc-issuer https://accounts.google.com --annotations confighub.com/package-path=packages/opencost/opencost/2.5.21 --annotations confighub.com/package-sha256=1a2e3a5b840d37e61e62ed20879cd39aa5254168e58db07e15e5fabc345f2b47 europe-west1-docker.pkg.dev/nth-fort-499605-q5/helm-expt/opencost-opencost:2.5.21@sha256:8a1adece2f7201cb8cad2fd71d0a41dffa233a1ca0a0820796eb9e45821de1e8,cosign verify-blob-attestation --bundle runs/installer-oci-signatures/opencost-opencost/2.5.21/signature.sigstore.json --digest 8a1adece2f7201cb8cad2fd71d0a41dffa233a1ca0a0820796eb9e45821de1e8 --digestAlg sha256 --type https://sigstore.dev/cosign/sign/v1 --certificate-identity helm-expt-package-signer@nth-fort-499605-q5.iam.gserviceaccount.com --certificate-oidc-issuer https://accounts.google.com
packages/percona/pg-operator/3.0.0,oci://europe-west1-docker.pkg.dev/nth-fort-499605-q5/helm-expt/percona-pg-operator:3.0.0,sha256:b6de0f29a966df639cd9dc5c42b995b548d353d7e430d8ad25633438291e38b7,europe-west1-docker.pkg.dev/nth-fort-499605-q5/helm-expt/percona-pg-operator:3.0.0@sha256:b6de0f29a966df639cd9dc5c42b995b548d353d7e430d8ad25633438291e38b7,30a5c2b38d1917ab533103bf36f4022d5ed6c6b85c6a8e6489c77c6ccbc2a4f5,helm-expt-package-signer@nth-fort-499605-q5.iam.gserviceaccount.com,https://accounts.google.com,2026-08-26T05:43:45.594Z,runs/installer-oci-signatures/percona-pg-operator/3.0.0/signature-receipt.yaml,runs/installer-oci-signatures/percona-pg-operator/3.0.0/signature.sigstore.json,runs/installer-oci-signatures/percona-pg-operator/3.0.0/signature-payload.json,runs/installer-oci-signatures/percona-pg-operator/3.0.0/verification.json,runs/installer-oci-signatures/percona-pg-operator/3.0.0/payload-verification.txt,cosign verify --certificate-identity helm-expt-package-signer@nth-fort-499605-q5.iam.gserviceaccount.com --certificate-oidc-issuer https://accounts.google.com --annotations confighub.com/package-path=packages/percona/pg-operator/3.0.0 --annotations confighub.com/package-sha256=30a5c2b38d1917ab533103bf36f4022d5ed6c6b85c6a8e6489c77c6ccbc2a4f5 europe-west1-docker.pkg.dev/nth-fort-499605-q5/helm-expt/percona-pg-operator:3.0.0@sha256:b6de0f29a966df639cd9dc5c42b995b548d353d7e430d8ad25633438291e38b7,cosign verify-blob-attestation --bundle runs/installer-oci-signatures/percona-pg-operator/3.0.0/signature.sigstore.json --digest b6de0f29a966df639cd9dc5c42b995b548d353d7e430d8ad25633438291e38b7 --digestAlg sha256 --type https://sigstore.dev/cosign/sign/v1 --certificate-identity helm-expt-package-signer@nth-fort-499605-q5.iam.gserviceaccount.com --certificate-oidc-issuer https://accounts.google.com
packages/percona/psmdb-operator/1.22.0,oci://europe-west1-docker.pkg.dev/nth-fort-499605-q5/helm-expt/percona-psmdb-operator:1.22.0,sha256:2046ee5ee356eee258b199e2e540a73a288263242488102d4eed03baf0995722,europe-west1-docker.pkg.dev/nth-fort-499605-q5/helm-expt/percona-psmdb-operator:1.22.0@sha256:2046ee5ee356eee258b199e2e540a73a288263242488102d4eed03baf0995722,29e16c7492a6e7b679cc4d756ea198c719da6cf787f61b75d8264592f47583d8,helm-expt-package-signer@nth-fort-499605-q5.iam.gserviceaccount.com,https://accounts.google.com,2026-08-26T05:43:50.836Z,runs/installer-oci-signatures/percona-psmdb-operator/1.22.0/signature-receipt.yaml,runs/installer-oci-signatures/percona-psmdb-operator/1.22.0/signature.sigstore.json,runs/installer-oci-signatures/percona-psmdb-operator/1.22.0/signature-payload.json,runs/installer-oci-signatures/percona-psmdb-operator/1.22.0/verification.json,runs/installer-oci-signatures/percona-psmdb-operator/1.22.0/payload-verification.txt,cosign verify --certificate-identity helm-expt-package-signer@nth-fort-499605-q5.iam.gserviceaccount.com --certificate-oidc-issuer https://accounts.google.com --annotations confighub.com/package-path=packages/percona/psmdb-operator/1.22.0 --annotations confighub.com/package-sha256=29e16c7492a6e7b679cc4d756ea198c719da6cf787f61b75d8264592f47583d8 europe-west1-docker.pkg.dev/nth-fort-499605-q5/helm-expt/percona-psmdb-operator:1.22.0@sha256:2046ee5ee356eee258b199e2e540a73a288263242488102d4eed03baf0995722,cosign verify-blob-attestation --bundle runs/installer-oci-signatures/percona-psmdb-operator/1.22.0/signature.sigstore.json --digest 2046ee5ee356eee258b199e2e540a73a288263242488102d4eed03baf0995722 --digestAlg sha256 --type https://sigstore.dev/cosign/sign/v1 --certificate-identity helm-expt-package-signer@nth-fort-499605-q5.iam.gserviceaccount.com --certificate-oidc-issuer https://accounts.google.com
packages/percona/pxc-operator/1.19.1,oci://europe-west1-docker.pkg.dev/nth-fort-499605-q5/helm-expt/percona-pxc-operator:1.19.1,sha256:dfd45f6ec4cefd0615535ad7f43273ddb3176f0d1d5fa6edd96a5835d66c0e27,europe-west1-docker.pkg.dev/nth-fort-499605-q5/helm-expt/percona-pxc-operator:1.19.1@sha256:dfd45f6ec4cefd0615535ad7f43273ddb3176f0d1d5fa6edd96a5835d66c0e27,715d9c357864dc0be990a091d6525eb3670a1fe613a03e4107ba4c6563f27aeb,helm-expt-package-signer@nth-fort-499605-q5.iam.gserviceaccount.com,https://accounts.google.com,2026-08-26T05:43:56.426Z,runs/installer-oci-signatures/percona-pxc-operator/1.19.1/signature-receipt.yaml,runs/installer-oci-signatures/percona-pxc-operator/1.19.1/signature.sigstore.json,runs/installer-oci-signatures/percona-pxc-operator/1.19.1/signature-payload.json,runs/installer-oci-signatures/percona-pxc-operator/1.19.1/verification.json,runs/installer-oci-signatures/percona-pxc-operator/1.19.1/payload-verification.txt,cosign verify --certificate-identity helm-expt-package-signer@nth-fort-499605-q5.iam.gserviceaccount.com --certificate-oidc-issuer https://accounts.google.com --annotations confighub.com/package-path=packages/percona/pxc-operator/1.19.1 --annotations confighub.com/package-sha256=715d9c357864dc0be990a091d6525eb3670a1fe613a03e4107ba4c6563f27aeb europe-west1-docker.pkg.dev/nth-fort-499605-q5/helm-expt/percona-pxc-operator:1.19.1@sha256:dfd45f6ec4cefd0615535ad7f43273ddb3176f0d1d5fa6edd96a5835d66c0e27,cosign verify-blob-attestation --bundle runs/installer-oci-signatures/percona-pxc-operator/1.19.1/signature.sigstore.json --digest dfd45f6ec4cefd0615535ad7f43273ddb3176f0d1d5fa6edd96a5835d66c0e27 --digestAlg sha256 --type https://sigstore.dev/cosign/sign/v1 --certificate-identity helm-expt-package-signer@nth-fort-499605-q5.iam.gserviceaccount.com --certificate-oidc-issuer https://accounts.google.com
packages/policy-reporter/policy-reporter/3.9.1,oci://europe-west1-docker.pkg.dev/nth-fort-499605-q5/helm-expt/policy-reporter-policy-reporter:3.9.1,sha256:163983ccb94d0ad000007e5f50185210412833bcf9888b8f6bad51c1411bfc05,europe-west1-docker.pkg.dev/nth-fort-499605-q5/helm-expt/policy-reporter-policy-reporter:3.9.1@sha256:163983ccb94d0ad000007e5f50185210412833bcf9888b8f6bad51c1411bfc05,40621dbdce4489cad2f52e624efe72e5020a574017df3b53b626f667880fd5a6,helm-expt-package-signer@nth-fort-499605-q5.iam.gserviceaccount.com,https://accounts.google.com,2026-08-26T05:44:04.691Z,runs/installer-oci-signatures/policy-reporter-policy-reporter/3.9.1/signature-receipt.yaml,runs/installer-oci-signatures/policy-reporter-policy-reporter/3.9.1/signature.sigstore.json,runs/installer-oci-signatures/policy-reporter-policy-reporter/3.9.1/signature-payload.json,runs/installer-oci-signatures/policy-reporter-policy-reporter/3.9.1/verification.json,runs/installer-oci-signatures/policy-reporter-policy-reporter/3.9.1/payload-verification.txt,cosign verify --certificate-identity helm-expt-package-signer@nth-fort-499605-q5.iam.gserviceaccount.com --certificate-oidc-issuer https://accounts.google.com --annotations confighub.com/package-path=packages/policy-reporter/policy-reporter/3.9.1 --annotations confighub.com/package-sha256=40621dbdce4489cad2f52e624efe72e5020a574017df3b53b626f667880fd5a6 europe-west1-docker.pkg.dev/nth-fort-499605-q5/helm-expt/policy-reporter-policy-reporter:3.9.1@sha256:163983ccb94d0ad000007e5f50185210412833bcf9888b8f6bad51c1411bfc05,cosign verify-blob-attestation --bundle runs/installer-oci-signatures/policy-reporter-policy-reporter/3.9.1/signature.sigstore.json --digest 163983ccb94d0ad000007e5f50185210412833bcf9888b8f6bad51c1411bfc05 --digestAlg sha256 --type https://sigstore.dev/cosign/sign/v1 --certificate-identity helm-expt-package-signer@nth-fort-499605-q5.iam.gserviceaccount.com --certificate-oidc-issuer https://accounts.google.com
packages/projectcalico/tigera-operator/v3.32.0,oci://europe-west1-docker.pkg.dev/nth-fort-499605-q5/helm-expt/projectcalico-tigera-operator:v3.32.0,sha256:ee9ebb5ecb6ce84c3202d918fe1c8bc45bfdf7e2f533aad35c82d04f946ef5cb,europe-west1-docker.pkg.dev/nth-fort-499605-q5/helm-expt/projectcalico-tigera-operator:v3.32.0@sha256:ee9ebb5ecb6ce84c3202d918fe1c8bc45bfdf7e2f533aad35c82d04f946ef5cb,1afb73f1a5e880bbaa47eae69c3d37031fb7cf8d272748a4157dda31f11ab38c,helm-expt-package-signer@nth-fort-499605-q5.iam.gserviceaccount.com,https://accounts.google.com,2026-08-26T05:44:12.076Z,runs/installer-oci-signatures/projectcalico-tigera-operator/v3.32.0/signature-receipt.yaml,runs/installer-oci-signatures/projectcalico-tigera-operator/v3.32.0/signature.sigstore.json,runs/installer-oci-signatures/projectcalico-tigera-operator/v3.32.0/signature-payload.json,runs/installer-oci-signatures/projectcalico-tigera-operator/v3.32.0/verification.json,runs/installer-oci-signatures/projectcalico-tigera-operator/v3.32.0/payload-verification.txt,cosign verify --certificate-identity helm-expt-package-signer@nth-fort-499605-q5.iam.gserviceaccount.com --certificate-oidc-issuer https://accounts.google.com --annotations confighub.com/package-path=packages/projectcalico/tigera-operator/v3.32.0 --annotations confighub.com/package-sha256=1afb73f1a5e880bbaa47eae69c3d37031fb7cf8d272748a4157dda31f11ab38c europe-west1-docker.pkg.dev/nth-fort-499605-q5/helm-expt/projectcalico-tigera-operator:v3.32.0@sha256:ee9ebb5ecb6ce84c3202d918fe1c8bc45bfdf7e2f533aad35c82d04f946ef5cb,cosign verify-blob-attestation --bundle runs/installer-oci-signatures/projectcalico-tigera-operator/v3.32.0/signature.sigstore.json --digest ee9ebb5ecb6ce84c3202d918fe1c8bc45bfdf7e2f533aad35c82d04f946ef5cb --digestAlg sha256 --type https://sigstore.dev/cosign/sign/v1 --certificate-identity helm-expt-package-signer@nth-fort-499605-q5.iam.gserviceaccount.com --certificate-oidc-issuer https://accounts.google.com
packages/prometheus-community/alertmanager/1.37.0,oci://europe-west1-docker.pkg.dev/nth-fort-499605-q5/helm-expt/prometheus-community-alertmanager:1.37.0,sha256:e3c02df30d1666fc9b8b7ca669d43cb70d3fb05c54d76e2720632dc5efe18da2,europe-west1-docker.pkg.dev/nth-fort-499605-q5/helm-expt/prometheus-community-alertmanager:1.37.0@sha256:e3c02df30d1666fc9b8b7ca669d43cb70d3fb05c54d76e2720632dc5efe18da2,beec8632d1ef811a83b81ea07825946022bb2ade2129b3727d18bce2c5ccc47e,helm-expt-package-signer@nth-fort-499605-q5.iam.gserviceaccount.com,https://accounts.google.com,2026-08-26T05:44:17.593Z,runs/installer-oci-signatures/prometheus-community-alertmanager/1.37.0/signature-receipt.yaml,runs/installer-oci-signatures/prometheus-community-alertmanager/1.37.0/signature.sigstore.json,runs/installer-oci-signatures/prometheus-community-alertmanager/1.37.0/signature-payload.json,runs/installer-oci-signatures/prometheus-community-alertmanager/1.37.0/verification.json,runs/installer-oci-signatures/prometheus-community-alertmanager/1.37.0/payload-verification.txt,cosign verify --certificate-identity helm-expt-package-signer@nth-fort-499605-q5.iam.gserviceaccount.com --certificate-oidc-issuer https://accounts.google.com --annotations confighub.com/package-path=packages/prometheus-community/alertmanager/1.37.0 --annotations confighub.com/package-sha256=beec8632d1ef811a83b81ea07825946022bb2ade2129b3727d18bce2c5ccc47e europe-west1-docker.pkg.dev/nth-fort-499605-q5/helm-expt/prometheus-community-alertmanager:1.37.0@sha256:e3c02df30d1666fc9b8b7ca669d43cb70d3fb05c54d76e2720632dc5efe18da2,cosign verify-blob-attestation --bundle runs/installer-oci-signatures/prometheus-community-alertmanager/1.37.0/signature.sigstore.json --digest e3c02df30d1666fc9b8b7ca669d43cb70d3fb05c54d76e2720632dc5efe18da2 --digestAlg sha256 --type https://sigstore.dev/cosign/sign/v1 --certificate-identity helm-expt-package-signer@nth-fort-499605-q5.iam.gserviceaccount.com --certificate-oidc-issuer https://accounts.google.com
packages/prometheus-community/kube-prometheus-stack/85.3.3,oci://europe-west1-docker.pkg.dev/nth-fort-499605-q5/helm-expt/prometheus-community-kube-prometheus-stack:85.3.3,sha256:bc8b2b5a3b92e2e5e44638dd8da9ae49b2cfb5edccbe664208c8251585148679,europe-west1-docker.pkg.dev/nth-fort-499605-q5/helm-expt/prometheus-community-kube-prometheus-stack:85.3.3@sha256:bc8b2b5a3b92e2e5e44638dd8da9ae49b2cfb5edccbe664208c8251585148679,cd92ab8dbd15343e9ece4bdaab87d3ca6ab5820d87c11bd3497b400c9d220798,helm-expt-package-signer@nth-fort-499605-q5.iam.gserviceaccount.com,https://accounts.google.com,2026-08-26T05:44:22.482Z,runs/installer-oci-signatures/prometheus-community-kube-prometheus-stack/85.3.3/signature-receipt.yaml,runs/installer-oci-signatures/prometheus-community-kube-prometheus-stack/85.3.3/signature.sigstore.json,runs/installer-oci-signatures/prometheus-community-kube-prometheus-stack/85.3.3/signature-payload.json,runs/installer-oci-signatures/prometheus-community-kube-prometheus-stack/85.3.3/verification.json,runs/installer-oci-signatures/prometheus-community-kube-prometheus-stack/85.3.3/payload-verification.txt,cosign verify --certificate-identity helm-expt-package-signer@nth-fort-499605-q5.iam.gserviceaccount.com --certificate-oidc-issuer https://accounts.google.com --annotations confighub.com/package-path=packages/prometheus-community/kube-prometheus-stack/85.3.3 --annotations confighub.com/package-sha256=cd92ab8dbd15343e9ece4bdaab87d3ca6ab5820d87c11bd3497b400c9d220798 europe-west1-docker.pkg.dev/nth-fort-499605-q5/helm-expt/prometheus-community-kube-prometheus-stack:85.3.3@sha256:bc8b2b5a3b92e2e5e44638dd8da9ae49b2cfb5edccbe664208c8251585148679,cosign verify-blob-attestation --bundle runs/installer-oci-signatures/prometheus-community-kube-prometheus-stack/85.3.3/signature.sigstore.json --digest bc8b2b5a3b92e2e5e44638dd8da9ae49b2cfb5edccbe664208c8251585148679 --digestAlg sha256 --type https://sigstore.dev/cosign/sign/v1 --certificate-identity helm-expt-package-signer@nth-fort-499605-q5.iam.gserviceaccount.com --certificate-oidc-issuer https://accounts.google.com
packages/prometheus-community/kube-prometheus-stack/86.1.0,oci://europe-west1-docker.pkg.dev/nth-fort-499605-q5/helm-expt/prometheus-community-kube-prometheus-stack:86.1.0,sha256:9810de65b598e14ab7eb8fe1d6fc12602c3f81bd991f21b8dfe0d6e15063881f,europe-west1-docker.pkg.dev/nth-fort-499605-q5/helm-expt/prometheus-community-kube-prometheus-stack:86.1.0@sha256:9810de65b598e14ab7eb8fe1d6fc12602c3f81bd991f21b8dfe0d6e15063881f,e4d8f1daec87a415662c629478c11280e242cbdf92bd796d85cab880b1c036b5,helm-expt-package-signer@nth-fort-499605-q5.iam.gserviceaccount.com,https://accounts.google.com,2026-08-26T05:44:28.345Z,runs/installer-oci-signatures/prometheus-community-kube-prometheus-stack/86.1.0/signature-receipt.yaml,runs/installer-oci-signatures/prometheus-community-kube-prometheus-stack/86.1.0/signature.sigstore.json,runs/installer-oci-signatures/prometheus-community-kube-prometheus-stack/86.1.0/signature-payload.json,runs/installer-oci-signatures/prometheus-community-kube-prometheus-stack/86.1.0/verification.json,runs/installer-oci-signatures/prometheus-community-kube-prometheus-stack/86.1.0/payload-verification.txt,cosign verify --certificate-identity helm-expt-package-signer@nth-fort-499605-q5.iam.gserviceaccount.com --certificate-oidc-issuer https://accounts.google.com --annotations confighub.com/package-path=packages/prometheus-community/kube-prometheus-stack/86.1.0 --annotations confighub.com/package-sha256=e4d8f1daec87a415662c629478c11280e242cbdf92bd796d85cab880b1c036b5 europe-west1-docker.pkg.dev/nth-fort-499605-q5/helm-expt/prometheus-community-kube-prometheus-stack:86.1.0@sha256:9810de65b598e14ab7eb8fe1d6fc12602c3f81bd991f21b8dfe0d6e15063881f,cosign verify-blob-attestation --bundle runs/installer-oci-signatures/prometheus-community-kube-prometheus-stack/86.1.0/signature.sigstore.json --digest 9810de65b598e14ab7eb8fe1d6fc12602c3f81bd991f21b8dfe0d6e15063881f --digestAlg sha256 --type https://sigstore.dev/cosign/sign/v1 --certificate-identity helm-expt-package-signer@nth-fort-499605-q5.iam.gserviceaccount.com --certificate-oidc-issuer https://accounts.google.com
packages/prometheus-community/kube-prometheus-stack/87.15.1,oci://europe-west1-docker.pkg.dev/nth-fort-499605-q5/helm-expt/prometheus-community-kube-prometheus-stack:87.15.1,sha256:c67c94b1d4fbcc042b4b66974237e9b09170b30dd5c78d20e99d359b328280ac,europe-west1-docker.pkg.dev/nth-fort-499605-q5/helm-expt/prometheus-community-kube-prometheus-stack:87.15.1@sha256:c67c94b1d4fbcc042b4b66974237e9b09170b30dd5c78d20e99d359b328280ac,1d76ec443339ee41cae97ef94c276d43bdc346de4ae6d86cf50ccab5a7b9c375,helm-expt-package-signer@nth-fort-499605-q5.iam.gserviceaccount.com,https://accounts.google.com,2026-08-26T05:44:33.244Z,runs/installer-oci-signatures/prometheus-community-kube-prometheus-stack/87.15.1/signature-receipt.yaml,runs/installer-oci-signatures/prometheus-community-kube-prometheus-stack/87.15.1/signature.sigstore.json,runs/installer-oci-signatures/prometheus-community-kube-prometheus-stack/87.15.1/signature-payload.json,runs/installer-oci-signatures/prometheus-community-kube-prometheus-stack/87.15.1/verification.json,runs/installer-oci-signatures/prometheus-community-kube-prometheus-stack/87.15.1/payload-verification.txt,cosign verify --certificate-identity helm-expt-package-signer@nth-fort-499605-q5.iam.gserviceaccount.com --certificate-oidc-issuer https://accounts.google.com --annotations confighub.com/package-path=packages/prometheus-community/kube-prometheus-stack/87.15.1 --annotations confighub.com/package-sha256=1d76ec443339ee41cae97ef94c276d43bdc346de4ae6d86cf50ccab5a7b9c375 europe-west1-docker.pkg.dev/nth-fort-499605-q5/helm-expt/prometheus-community-kube-prometheus-stack:87.15.1@sha256:c67c94b1d4fbcc042b4b66974237e9b09170b30dd5c78d20e99d359b328280ac,cosign verify-blob-attestation --bundle runs/installer-oci-signatures/prometheus-community-kube-prometheus-stack/87.15.1/signature.sigstore.json --digest c67c94b1d4fbcc042b4b66974237e9b09170b30dd5c78d20e99d359b328280ac --digestAlg sha256 --type https://sigstore.dev/cosign/sign/v1 --certificate-identity helm-expt-package-signer@nth-fort-499605-q5.iam.gserviceaccount.com --certificate-oidc-issuer https://accounts.google.com
packages/prometheus-community/kube-prometheus-stack/87.19.2,oci://europe-west1-docker.pkg.dev/nth-fort-499605-q5/helm-expt/prometheus-community-kube-prometheus-stack:87.19.2,sha256:8b053b6c851efaf1f26f9caa09e96d45835d8c6295cbdceca2871f6e847445f5,europe-west1-docker.pkg.dev/nth-fort-499605-q5/helm-expt/prometheus-community-kube-prometheus-stack:87.19.2@sha256:8b053b6c851efaf1f26f9caa09e96d45835d8c6295cbdceca2871f6e847445f5,7f2c47213f1df203c3b5996d28d15a90f38125c31cc9dcf21f49c0483fe57291,helm-expt-package-signer@nth-fort-499605-q5.iam.gserviceaccount.com,https://accounts.google.com,2026-08-26T05:44:39.891Z,runs/installer-oci-signatures/prometheus-community-kube-prometheus-stack/87.19.2/signature-receipt.yaml,runs/installer-oci-signatures/prometheus-community-kube-prometheus-stack/87.19.2/signature.sigstore.json,runs/installer-oci-signatures/prometheus-community-kube-prometheus-stack/87.19.2/signature-payload.json,runs/installer-oci-signatures/prometheus-community-kube-prometheus-stack/87.19.2/verification.json,runs/installer-oci-signatures/prometheus-community-kube-prometheus-stack/87.19.2/payload-verification.txt,cosign verify --certificate-identity helm-expt-package-signer@nth-fort-499605-q5.iam.gserviceaccount.com --certificate-oidc-issuer https://accounts.google.com --annotations confighub.com/package-path=packages/prometheus-community/kube-prometheus-stack/87.19.2 --annotations confighub.com/package-sha256=7f2c47213f1df203c3b5996d28d15a90f38125c31cc9dcf21f49c0483fe57291 europe-west1-docker.pkg.dev/nth-fort-499605-q5/helm-expt/prometheus-community-kube-prometheus-stack:87.19.2@sha256:8b053b6c851efaf1f26f9caa09e96d45835d8c6295cbdceca2871f6e847445f5,cosign verify-blob-attestation --bundle runs/installer-oci-signatures/prometheus-community-kube-prometheus-stack/87.19.2/signature.sigstore.json --digest 8b053b6c851efaf1f26f9caa09e96d45835d8c6295cbdceca2871f6e847445f5 --digestAlg sha256 --type https://sigstore.dev/cosign/sign/v1 --certificate-identity helm-expt-package-signer@nth-fort-499605-q5.iam.gserviceaccount.com --certificate-oidc-issuer https://accounts.google.com
packages/prometheus-community/kube-state-metrics/7.4.0,oci://europe-west1-docker.pkg.dev/nth-fort-499605-q5/helm-expt/prometheus-community-kube-state-metrics:7.4.0,sha256:213bc5ca5101634a31e019adae43352af0305df2f477a91e3ed239cd12fe42f3,europe-west1-docker.pkg.dev/nth-fort-499605-q5/helm-expt/prometheus-community-kube-state-metrics:7.4.0@sha256:213bc5ca5101634a31e019adae43352af0305df2f477a91e3ed239cd12fe42f3,1ad06e421a3e73ee277b877a1e62bb45a86251a621024be0944d5a82e3c49a90,helm-expt-package-signer@nth-fort-499605-q5.iam.gserviceaccount.com,https://accounts.google.com,2026-08-26T05:44:44.743Z,runs/installer-oci-signatures/prometheus-community-kube-state-metrics/7.4.0/signature-receipt.yaml,runs/installer-oci-signatures/prometheus-community-kube-state-metrics/7.4.0/signature.sigstore.json,runs/installer-oci-signatures/prometheus-community-kube-state-metrics/7.4.0/signature-payload.json,runs/installer-oci-signatures/prometheus-community-kube-state-metrics/7.4.0/verification.json,runs/installer-oci-signatures/prometheus-community-kube-state-metrics/7.4.0/payload-verification.txt,cosign verify --certificate-identity helm-expt-package-signer@nth-fort-499605-q5.iam.gserviceaccount.com --certificate-oidc-issuer https://accounts.google.com --annotations confighub.com/package-path=packages/prometheus-community/kube-state-metrics/7.4.0 --annotations confighub.com/package-sha256=1ad06e421a3e73ee277b877a1e62bb45a86251a621024be0944d5a82e3c49a90 europe-west1-docker.pkg.dev/nth-fort-499605-q5/helm-expt/prometheus-community-kube-state-metrics:7.4.0@sha256:213bc5ca5101634a31e019adae43352af0305df2f477a91e3ed239cd12fe42f3,cosign verify-blob-attestation --bundle runs/installer-oci-signatures/prometheus-community-kube-state-metrics/7.4.0/signature.sigstore.json --digest 213bc5ca5101634a31e019adae43352af0305df2f477a91e3ed239cd12fe42f3 --digestAlg sha256 --type https://sigstore.dev/cosign/sign/v1 --certificate-identity helm-expt-package-signer@nth-fort-499605-q5.iam.gserviceaccount.com --certificate-oidc-issuer https://accounts.google.com
packages/prometheus-community/prometheus-adapter/5.3.0,oci://europe-west1-docker.pkg.dev/nth-fort-499605-q5/helm-expt/prometheus-community-prometheus-adapter:5.3.0,sha256:3a5fc2f9114c01e344f146ed3ffa1036e1e66fe244ed42b36b5457d6a09ab88c,europe-west1-docker.pkg.dev/nth-fort-499605-q5/helm-expt/prometheus-community-prometheus-adapter:5.3.0@sha256:3a5fc2f9114c01e344f146ed3ffa1036e1e66fe244ed42b36b5457d6a09ab88c,320271ebf91bcbb6d8e68b02b42436129a439c7098588c81ba21e1c34b7ccdea,helm-expt-package-signer@nth-fort-499605-q5.iam.gserviceaccount.com,https://accounts.google.com,2026-08-26T05:44:54.467Z,runs/installer-oci-signatures/prometheus-community-prometheus-adapter/5.3.0/signature-receipt.yaml,runs/installer-oci-signatures/prometheus-community-prometheus-adapter/5.3.0/signature.sigstore.json,runs/installer-oci-signatures/prometheus-community-prometheus-adapter/5.3.0/signature-payload.json,runs/installer-oci-signatures/prometheus-community-prometheus-adapter/5.3.0/verification.json,runs/installer-oci-signatures/prometheus-community-prometheus-adapter/5.3.0/payload-verification.txt,cosign verify --certificate-identity helm-expt-package-signer@nth-fort-499605-q5.iam.gserviceaccount.com --certificate-oidc-issuer https://accounts.google.com --annotations confighub.com/package-path=packages/prometheus-community/prometheus-adapter/5.3.0 --annotations confighub.com/package-sha256=320271ebf91bcbb6d8e68b02b42436129a439c7098588c81ba21e1c34b7ccdea europe-west1-docker.pkg.dev/nth-fort-499605-q5/helm-expt/prometheus-community-prometheus-adapter:5.3.0@sha256:3a5fc2f9114c01e344f146ed3ffa1036e1e66fe244ed42b36b5457d6a09ab88c,cosign verify-blob-attestation --bundle runs/installer-oci-signatures/prometheus-community-prometheus-adapter/5.3.0/signature.sigstore.json --digest 3a5fc2f9114c01e344f146ed3ffa1036e1e66fe244ed42b36b5457d6a09ab88c --digestAlg sha256 --type https://sigstore.dev/cosign/sign/v1 --certificate-identity helm-expt-package-signer@nth-fort-499605-q5.iam.gserviceaccount.com --certificate-oidc-issuer https://accounts.google.com
packages/prometheus-community/prometheus-blackbox-exporter/11.10.0,oci://europe-west1-docker.pkg.dev/nth-fort-499605-q5/helm-expt/prometheus-community-prometheus-blackbox-exporter:11.10.0,sha256:8faaeebfabe92e9ddfbc866a2ad14666fe8efc8a4d6aa678eea49ef8bae8111e,europe-west1-docker.pkg.dev/nth-fort-499605-q5/helm-expt/prometheus-community-prometheus-blackbox-exporter:11.10.0@sha256:8faaeebfabe92e9ddfbc866a2ad14666fe8efc8a4d6aa678eea49ef8bae8111e,3eb5efd08840b14d24050f793f65e86ea13fbf6ef09986298f9f76e2c142e040,helm-expt-package-signer@nth-fort-499605-q5.iam.gserviceaccount.com,https://accounts.google.com,2026-08-26T05:44:59.543Z,runs/installer-oci-signatures/prometheus-community-prometheus-blackbox-exporter/11.10.0/signature-receipt.yaml,runs/installer-oci-signatures/prometheus-community-prometheus-blackbox-exporter/11.10.0/signature.sigstore.json,runs/installer-oci-signatures/prometheus-community-prometheus-blackbox-exporter/11.10.0/signature-payload.json,runs/installer-oci-signatures/prometheus-community-prometheus-blackbox-exporter/11.10.0/verification.json,runs/installer-oci-signatures/prometheus-community-prometheus-blackbox-exporter/11.10.0/payload-verification.txt,cosign verify --certificate-identity helm-expt-package-signer@nth-fort-499605-q5.iam.gserviceaccount.com --certificate-oidc-issuer https://accounts.google.com --annotations confighub.com/package-path=packages/prometheus-community/prometheus-blackbox-exporter/11.10.0 --annotations confighub.com/package-sha256=3eb5efd08840b14d24050f793f65e86ea13fbf6ef09986298f9f76e2c142e040 europe-west1-docker.pkg.dev/nth-fort-499605-q5/helm-expt/prometheus-community-prometheus-blackbox-exporter:11.10.0@sha256:8faaeebfabe92e9ddfbc866a2ad14666fe8efc8a4d6aa678eea49ef8bae8111e,cosign verify-blob-attestation --bundle runs/installer-oci-signatures/prometheus-community-prometheus-blackbox-exporter/11.10.0/signature.sigstore.json --digest 8faaeebfabe92e9ddfbc866a2ad14666fe8efc8a4d6aa678eea49ef8bae8111e --digestAlg sha256 --type https://sigstore.dev/cosign/sign/v1 --certificate-identity helm-expt-package-signer@nth-fort-499605-q5.iam.gserviceaccount.com --certificate-oidc-issuer https://accounts.google.com
packages/prometheus-community/prometheus-blackbox-exporter/11.15.1,oci://europe-west1-docker.pkg.dev/nth-fort-499605-q5/helm-expt/prometheus-community-prometheus-blackbox-exporter:11.15.1,sha256:674cbeab7ffc88ea358819e985ad37d2af845286124a949a8b3dccd4f6981512,europe-west1-docker.pkg.dev/nth-fort-499605-q5/helm-expt/prometheus-community-prometheus-blackbox-exporter:11.15.1@sha256:674cbeab7ffc88ea358819e985ad37d2af845286124a949a8b3dccd4f6981512,cbe762d1bb7ac8220d3532c03327f717b58712c3b9ab3bb72516bfd330793551,helm-expt-package-signer@nth-fort-499605-q5.iam.gserviceaccount.com,https://accounts.google.com,2026-08-26T05:45:04.948Z,runs/installer-oci-signatures/prometheus-community-prometheus-blackbox-exporter/11.15.1/signature-receipt.yaml,runs/installer-oci-signatures/prometheus-community-prometheus-blackbox-exporter/11.15.1/signature.sigstore.json,runs/installer-oci-signatures/prometheus-community-prometheus-blackbox-exporter/11.15.1/signature-payload.json,runs/installer-oci-signatures/prometheus-community-prometheus-blackbox-exporter/11.15.1/verification.json,runs/installer-oci-signatures/prometheus-community-prometheus-blackbox-exporter/11.15.1/payload-verification.txt,cosign verify --certificate-identity helm-expt-package-signer@nth-fort-499605-q5.iam.gserviceaccount.com --certificate-oidc-issuer https://accounts.google.com --annotations confighub.com/package-path=packages/prometheus-community/prometheus-blackbox-exporter/11.15.1 --annotations confighub.com/package-sha256=cbe762d1bb7ac8220d3532c03327f717b58712c3b9ab3bb72516bfd330793551 europe-west1-docker.pkg.dev/nth-fort-499605-q5/helm-expt/prometheus-community-prometheus-blackbox-exporter:11.15.1@sha256:674cbeab7ffc88ea358819e985ad37d2af845286124a949a8b3dccd4f6981512,cosign verify-blob-attestation --bundle runs/installer-oci-signatures/prometheus-community-prometheus-blackbox-exporter/11.15.1/signature.sigstore.json --digest 674cbeab7ffc88ea358819e985ad37d2af845286124a949a8b3dccd4f6981512 --digestAlg sha256 --type https://sigstore.dev/cosign/sign/v1 --certificate-identity helm-expt-package-signer@nth-fort-499605-q5.iam.gserviceaccount.com --certificate-oidc-issuer https://accounts.google.com
packages/prometheus-community/prometheus-node-exporter/4.55.0,oci://europe-west1-docker.pkg.dev/nth-fort-499605-q5/helm-expt/prometheus-community-prometheus-node-exporter:4.55.0,sha256:cac59f97aad4fd5c01773072a5d644b2d9435bd0224dee4f10ededee6cb2be42,europe-west1-docker.pkg.dev/nth-fort-499605-q5/helm-expt/prometheus-community-prometheus-node-exporter:4.55.0@sha256:cac59f97aad4fd5c01773072a5d644b2d9435bd0224dee4f10ededee6cb2be42,54c53d16d7f36a2002896fb1a2849560aafaf0c90032fc821a65d61a28e1426b,helm-expt-package-signer@nth-fort-499605-q5.iam.gserviceaccount.com,https://accounts.google.com,2026-08-26T05:45:14.218Z,runs/installer-oci-signatures/prometheus-community-prometheus-node-exporter/4.55.0/signature-receipt.yaml,runs/installer-oci-signatures/prometheus-community-prometheus-node-exporter/4.55.0/signature.sigstore.json,runs/installer-oci-signatures/prometheus-community-prometheus-node-exporter/4.55.0/signature-payload.json,runs/installer-oci-signatures/prometheus-community-prometheus-node-exporter/4.55.0/verification.json,runs/installer-oci-signatures/prometheus-community-prometheus-node-exporter/4.55.0/payload-verification.txt,cosign verify --certificate-identity helm-expt-package-signer@nth-fort-499605-q5.iam.gserviceaccount.com --certificate-oidc-issuer https://accounts.google.com --annotations confighub.com/package-path=packages/prometheus-community/prometheus-node-exporter/4.55.0 --annotations confighub.com/package-sha256=54c53d16d7f36a2002896fb1a2849560aafaf0c90032fc821a65d61a28e1426b europe-west1-docker.pkg.dev/nth-fort-499605-q5/helm-expt/prometheus-community-prometheus-node-exporter:4.55.0@sha256:cac59f97aad4fd5c01773072a5d644b2d9435bd0224dee4f10ededee6cb2be42,cosign verify-blob-attestation --bundle runs/installer-oci-signatures/prometheus-community-prometheus-node-exporter/4.55.0/signature.sigstore.json --digest cac59f97aad4fd5c01773072a5d644b2d9435bd0224dee4f10ededee6cb2be42 --digestAlg sha256 --type https://sigstore.dev/cosign/sign/v1 --certificate-identity helm-expt-package-signer@nth-fort-499605-q5.iam.gserviceaccount.com --certificate-oidc-issuer https://accounts.google.com
packages/prometheus-community/prometheus-operator-crds/29.0.0,oci://europe-west1-docker.pkg.dev/nth-fort-499605-q5/helm-expt/prometheus-community-prometheus-operator-crds:29.0.0,sha256:14c598914ce3526238bb871b58b298c39410e1a60f980228556b3bdd96814ec5,europe-west1-docker.pkg.dev/nth-fort-499605-q5/helm-expt/prometheus-community-prometheus-operator-crds:29.0.0@sha256:14c598914ce3526238bb871b58b298c39410e1a60f980228556b3bdd96814ec5,98d72b767a771dc0ba76719874cc32fb7fd9216fe2786b7a27d6de99a1b73664,helm-expt-package-signer@nth-fort-499605-q5.iam.gserviceaccount.com,https://accounts.google.com,2026-08-26T05:45:19.711Z,runs/installer-oci-signatures/prometheus-community-prometheus-operator-crds/29.0.0/signature-receipt.yaml,runs/installer-oci-signatures/prometheus-community-prometheus-operator-crds/29.0.0/signature.sigstore.json,runs/installer-oci-signatures/prometheus-community-prometheus-operator-crds/29.0.0/signature-payload.json,runs/installer-oci-signatures/prometheus-community-prometheus-operator-crds/29.0.0/verification.json,runs/installer-oci-signatures/prometheus-community-prometheus-operator-crds/29.0.0/payload-verification.txt,cosign verify --certificate-identity helm-expt-package-signer@nth-fort-499605-q5.iam.gserviceaccount.com --certificate-oidc-issuer https://accounts.google.com --annotations confighub.com/package-path=packages/prometheus-community/prometheus-operator-crds/29.0.0 --annotations confighub.com/package-sha256=98d72b767a771dc0ba76719874cc32fb7fd9216fe2786b7a27d6de99a1b73664 europe-west1-docker.pkg.dev/nth-fort-499605-q5/helm-expt/prometheus-community-prometheus-operator-crds:29.0.0@sha256:14c598914ce3526238bb871b58b298c39410e1a60f980228556b3bdd96814ec5,cosign verify-blob-attestation --bundle runs/installer-oci-signatures/prometheus-community-prometheus-operator-crds/29.0.0/signature.sigstore.json --digest 14c598914ce3526238bb871b58b298c39410e1a60f980228556b3bdd96814ec5 --digestAlg sha256 --type https://sigstore.dev/cosign/sign/v1 --certificate-identity helm-expt-package-signer@nth-fort-499605-q5.iam.gserviceaccount.com --certificate-oidc-issuer https://accounts.google.com
packages/prometheus-community/prometheus-pushgateway/3.6.0,oci://europe-west1-docker.pkg.dev/nth-fort-499605-q5/helm-expt/prometheus-community-prometheus-pushgateway:3.6.0,sha256:81ddc722ff2e7f59d7b99b2a70895b011983bf8edff8f1cfdcb61c49ce3312a8,europe-west1-docker.pkg.dev/nth-fort-499605-q5/helm-expt/prometheus-community-prometheus-pushgateway:3.6.0@sha256:81ddc722ff2e7f59d7b99b2a70895b011983bf8edff8f1cfdcb61c49ce3312a8,11684fe4f6cce5d4a032e5c1ddbbba4dde86fd5e12c933dc411add7ee38020a2,helm-expt-package-signer@nth-fort-499605-q5.iam.gserviceaccount.com,https://accounts.google.com,2026-08-26T05:45:25.136Z,runs/installer-oci-signatures/prometheus-community-prometheus-pushgateway/3.6.0/signature-receipt.yaml,runs/installer-oci-signatures/prometheus-community-prometheus-pushgateway/3.6.0/signature.sigstore.json,runs/installer-oci-signatures/prometheus-community-prometheus-pushgateway/3.6.0/signature-payload.json,runs/installer-oci-signatures/prometheus-community-prometheus-pushgateway/3.6.0/verification.json,runs/installer-oci-signatures/prometheus-community-prometheus-pushgateway/3.6.0/payload-verification.txt,cosign verify --certificate-identity helm-expt-package-signer@nth-fort-499605-q5.iam.gserviceaccount.com --certificate-oidc-issuer https://accounts.google.com --annotations confighub.com/package-path=packages/prometheus-community/prometheus-pushgateway/3.6.0 --annotations confighub.com/package-sha256=11684fe4f6cce5d4a032e5c1ddbbba4dde86fd5e12c933dc411add7ee38020a2 europe-west1-docker.pkg.dev/nth-fort-499605-q5/helm-expt/prometheus-community-prometheus-pushgateway:3.6.0@sha256:81ddc722ff2e7f59d7b99b2a70895b011983bf8edff8f1cfdcb61c49ce3312a8,cosign verify-blob-attestation --bundle runs/installer-oci-signatures/prometheus-community-prometheus-pushgateway/3.6.0/signature.sigstore.json --digest 81ddc722ff2e7f59d7b99b2a70895b011983bf8edff8f1cfdcb61c49ce3312a8 --digestAlg sha256 --type https://sigstore.dev/cosign/sign/v1 --certificate-identity helm-expt-package-signer@nth-fort-499605-q5.iam.gserviceaccount.com --certificate-oidc-issuer https://accounts.google.com
packages/prometheus-community/prometheus/29.8.0,oci://europe-west1-docker.pkg.dev/nth-fort-499605-q5/helm-expt/prometheus-community-prometheus:29.8.0,sha256:5cf6400c75d1cafc06fee5ddaada47651926bdab3a9d674a9f966540b29edd26,europe-west1-docker.pkg.dev/nth-fort-499605-q5/helm-expt/prometheus-community-prometheus:29.8.0@sha256:5cf6400c75d1cafc06fee5ddaada47651926bdab3a9d674a9f966540b29edd26,ac86e0bf7ec6ab8d8e8c66298fb32791be696756480116fe833a4459e5bcc9e1,helm-expt-package-signer@nth-fort-499605-q5.iam.gserviceaccount.com,https://accounts.google.com,2026-08-26T05:45:29.446Z,runs/installer-oci-signatures/prometheus-community-prometheus/29.8.0/signature-receipt.yaml,runs/installer-oci-signatures/prometheus-community-prometheus/29.8.0/signature.sigstore.json,runs/installer-oci-signatures/prometheus-community-prometheus/29.8.0/signature-payload.json,runs/installer-oci-signatures/prometheus-community-prometheus/29.8.0/verification.json,runs/installer-oci-signatures/prometheus-community-prometheus/29.8.0/payload-verification.txt,cosign verify --certificate-identity helm-expt-package-signer@nth-fort-499605-q5.iam.gserviceaccount.com --certificate-oidc-issuer https://accounts.google.com --annotations confighub.com/package-path=packages/prometheus-community/prometheus/29.8.0 --annotations confighub.com/package-sha256=ac86e0bf7ec6ab8d8e8c66298fb32791be696756480116fe833a4459e5bcc9e1 europe-west1-docker.pkg.dev/nth-fort-499605-q5/helm-expt/prometheus-community-prometheus:29.8.0@sha256:5cf6400c75d1cafc06fee5ddaada47651926bdab3a9d674a9f966540b29edd26,cosign verify-blob-attestation --bundle runs/installer-oci-signatures/prometheus-community-prometheus/29.8.0/signature.sigstore.json --digest 5cf6400c75d1cafc06fee5ddaada47651926bdab3a9d674a9f966540b29edd26 --digestAlg sha256 --type https://sigstore.dev/cosign/sign/v1 --certificate-identity helm-expt-package-signer@nth-fort-499605-q5.iam.gserviceaccount.com --certificate-oidc-issuer https://accounts.google.com
packages/prometheus-community/prometheus/29.9.0,oci://europe-west1-docker.pkg.dev/nth-fort-499605-q5/helm-expt/prometheus-community-prometheus:29.9.0,sha256:e68a4d9604798ee51833670ba84c20ebe4c7f8eea17d9f35cb8a7e64a4c434cc,europe-west1-docker.pkg.dev/nth-fort-499605-q5/helm-expt/prometheus-community-prometheus:29.9.0@sha256:e68a4d9604798ee51833670ba84c20ebe4c7f8eea17d9f35cb8a7e64a4c434cc,05ad4d8e8867b8240e1e1f5fa8efd112469e689651c72dbcbc62466a1b96e4e9,helm-expt-package-signer@nth-fort-499605-q5.iam.gserviceaccount.com,https://accounts.google.com,2026-08-26T05:45:36.111Z,runs/installer-oci-signatures/prometheus-community-prometheus/29.9.0/signature-receipt.yaml,runs/installer-oci-signatures/prometheus-community-prometheus/29.9.0/signature.sigstore.json,runs/installer-oci-signatures/prometheus-community-prometheus/29.9.0/signature-payload.json,runs/installer-oci-signatures/prometheus-community-prometheus/29.9.0/verification.json,runs/installer-oci-signatures/prometheus-community-prometheus/29.9.0/payload-verification.txt,cosign verify --certificate-identity helm-expt-package-signer@nth-fort-499605-q5.iam.gserviceaccount.com --certificate-oidc-issuer https://accounts.google.com --annotations confighub.com/package-path=packages/prometheus-community/prometheus/29.9.0 --annotations confighub.com/package-sha256=05ad4d8e8867b8240e1e1f5fa8efd112469e689651c72dbcbc62466a1b96e4e9 europe-west1-docker.pkg.dev/nth-fort-499605-q5/helm-expt/prometheus-community-prometheus:29.9.0@sha256:e68a4d9604798ee51833670ba84c20ebe4c7f8eea17d9f35cb8a7e64a4c434cc,cosign verify-blob-attestation --bundle runs/installer-oci-signatures/prometheus-community-prometheus/29.9.0/signature.sigstore.json --digest e68a4d9604798ee51833670ba84c20ebe4c7f8eea17d9f35cb8a7e64a4c434cc --digestAlg sha256 --type https://sigstore.dev/cosign/sign/v1 --certificate-identity helm-expt-package-signer@nth-fort-499605-q5.iam.gserviceaccount.com --certificate-oidc-issuer https://accounts.google.com
packages/rook-release/rook-ceph-cluster/v1.19.5,oci://europe-west1-docker.pkg.dev/nth-fort-499605-q5/helm-expt/rook-release-rook-ceph-cluster:v1.19.5,sha256:4aef8ca4f19cf6da7cee52e77cce27a6c66ecb6c0718e37590109c27170c399e,europe-west1-docker.pkg.dev/nth-fort-499605-q5/helm-expt/rook-release-rook-ceph-cluster:v1.19.5@sha256:4aef8ca4f19cf6da7cee52e77cce27a6c66ecb6c0718e37590109c27170c399e,74b5c4c66365d352ddc3b9d3eb702e6c99438c29c12a75704f864c0bbc62314d,helm-expt-package-signer@nth-fort-499605-q5.iam.gserviceaccount.com,https://accounts.google.com,2026-08-26T05:45:41.490Z,runs/installer-oci-signatures/rook-release-rook-ceph-cluster/v1.19.5/signature-receipt.yaml,runs/installer-oci-signatures/rook-release-rook-ceph-cluster/v1.19.5/signature.sigstore.json,runs/installer-oci-signatures/rook-release-rook-ceph-cluster/v1.19.5/signature-payload.json,runs/installer-oci-signatures/rook-release-rook-ceph-cluster/v1.19.5/verification.json,runs/installer-oci-signatures/rook-release-rook-ceph-cluster/v1.19.5/payload-verification.txt,cosign verify --certificate-identity helm-expt-package-signer@nth-fort-499605-q5.iam.gserviceaccount.com --certificate-oidc-issuer https://accounts.google.com --annotations confighub.com/package-path=packages/rook-release/rook-ceph-cluster/v1.19.5 --annotations confighub.com/package-sha256=74b5c4c66365d352ddc3b9d3eb702e6c99438c29c12a75704f864c0bbc62314d europe-west1-docker.pkg.dev/nth-fort-499605-q5/helm-expt/rook-release-rook-ceph-cluster:v1.19.5@sha256:4aef8ca4f19cf6da7cee52e77cce27a6c66ecb6c0718e37590109c27170c399e,cosign verify-blob-attestation --bundle runs/installer-oci-signatures/rook-release-rook-ceph-cluster/v1.19.5/signature.sigstore.json --digest 4aef8ca4f19cf6da7cee52e77cce27a6c66ecb6c0718e37590109c27170c399e --digestAlg sha256 --type https://sigstore.dev/cosign/sign/v1 --certificate-identity helm-expt-package-signer@nth-fort-499605-q5.iam.gserviceaccount.com --certificate-oidc-issuer https://accounts.google.com
packages/rook-release/rook-ceph/v1.19.5,oci://europe-west1-docker.pkg.dev/nth-fort-499605-q5/helm-expt/rook-release-rook-ceph:v1.19.5,sha256:be3ed69bf93bab0b215a1df6f3cde284610466b2a702a9ab3d73684840f255cf,europe-west1-docker.pkg.dev/nth-fort-499605-q5/helm-expt/rook-release-rook-ceph:v1.19.5@sha256:be3ed69bf93bab0b215a1df6f3cde284610466b2a702a9ab3d73684840f255cf,21cc5c0af466f0342c024d0383b7104a86840cc8263da5a7e0b6f3d34ce5f0c4,helm-expt-package-signer@nth-fort-499605-q5.iam.gserviceaccount.com,https://accounts.google.com,2026-08-26T05:45:50.006Z,runs/installer-oci-signatures/rook-release-rook-ceph/v1.19.5/signature-receipt.yaml,runs/installer-oci-signatures/rook-release-rook-ceph/v1.19.5/signature.sigstore.json,runs/installer-oci-signatures/rook-release-rook-ceph/v1.19.5/signature-payload.json,runs/installer-oci-signatures/rook-release-rook-ceph/v1.19.5/verification.json,runs/installer-oci-signatures/rook-release-rook-ceph/v1.19.5/payload-verification.txt,cosign verify --certificate-identity helm-expt-package-signer@nth-fort-499605-q5.iam.gserviceaccount.com --certificate-oidc-issuer https://accounts.google.com --annotations confighub.com/package-path=packages/rook-release/rook-ceph/v1.19.5 --annotations confighub.com/package-sha256=21cc5c0af466f0342c024d0383b7104a86840cc8263da5a7e0b6f3d34ce5f0c4 europe-west1-docker.pkg.dev/nth-fort-499605-q5/helm-expt/rook-release-rook-ceph:v1.19.5@sha256:be3ed69bf93bab0b215a1df6f3cde284610466b2a702a9ab3d73684840f255cf,cosign verify-blob-attestation --bundle runs/installer-oci-signatures/rook-release-rook-ceph/v1.19.5/signature.sigstore.json --digest be3ed69bf93bab0b215a1df6f3cde284610466b2a702a9ab3d73684840f255cf --digestAlg sha256 --type https://sigstore.dev/cosign/sign/v1 --certificate-identity helm-expt-package-signer@nth-fort-499605-q5.iam.gserviceaccount.com --certificate-oidc-issuer https://accounts.google.com
packages/runix/pgadmin4/1.62.0,oci://europe-west1-docker.pkg.dev/nth-fort-499605-q5/helm-expt/runix-pgadmin4:1.62.0,sha256:6d98d52691e4588aab491ca6479cdec7a2ba13cf3a6cd5422cbf08eb5e5142e6,europe-west1-docker.pkg.dev/nth-fort-499605-q5/helm-expt/runix-pgadmin4:1.62.0@sha256:6d98d52691e4588aab491ca6479cdec7a2ba13cf3a6cd5422cbf08eb5e5142e6,a7ebe7db9ddd892a94b0038baf48ab9900c59f3f959a55a59599fb248724aef2,helm-expt-package-signer@nth-fort-499605-q5.iam.gserviceaccount.com,https://accounts.google.com,2026-08-26T05:45:57.082Z,runs/installer-oci-signatures/runix-pgadmin4/1.62.0/signature-receipt.yaml,runs/installer-oci-signatures/runix-pgadmin4/1.62.0/signature.sigstore.json,runs/installer-oci-signatures/runix-pgadmin4/1.62.0/signature-payload.json,runs/installer-oci-signatures/runix-pgadmin4/1.62.0/verification.json,runs/installer-oci-signatures/runix-pgadmin4/1.62.0/payload-verification.txt,cosign verify --certificate-identity helm-expt-package-signer@nth-fort-499605-q5.iam.gserviceaccount.com --certificate-oidc-issuer https://accounts.google.com --annotations confighub.com/package-path=packages/runix/pgadmin4/1.62.0 --annotations confighub.com/package-sha256=a7ebe7db9ddd892a94b0038baf48ab9900c59f3f959a55a59599fb248724aef2 europe-west1-docker.pkg.dev/nth-fort-499605-q5/helm-expt/runix-pgadmin4:1.62.0@sha256:6d98d52691e4588aab491ca6479cdec7a2ba13cf3a6cd5422cbf08eb5e5142e6,cosign verify-blob-attestation --bundle runs/installer-oci-signatures/runix-pgadmin4/1.62.0/signature.sigstore.json --digest 6d98d52691e4588aab491ca6479cdec7a2ba13cf3a6cd5422cbf08eb5e5142e6 --digestAlg sha256 --type https://sigstore.dev/cosign/sign/v1 --certificate-identity helm-expt-package-signer@nth-fort-499605-q5.iam.gserviceaccount.com --certificate-oidc-issuer https://accounts.google.com
packages/sealed-secrets/sealed-secrets/2.18.6,oci://europe-west1-docker.pkg.dev/nth-fort-499605-q5/helm-expt/sealed-secrets-sealed-secrets:2.18.6,sha256:dd48aed6a3451f4590f55ae5a07c90899302476673ea449e2e2c63779e9f8c72,europe-west1-docker.pkg.dev/nth-fort-499605-q5/helm-expt/sealed-secrets-sealed-secrets:2.18.6@sha256:dd48aed6a3451f4590f55ae5a07c90899302476673ea449e2e2c63779e9f8c72,a08f22c8743f84b212c686caf18c1d213662d30b2f1f99712b76887a243d9508,helm-expt-package-signer@nth-fort-499605-q5.iam.gserviceaccount.com,https://accounts.google.com,2026-08-26T05:46:01.928Z,runs/installer-oci-signatures/sealed-secrets-sealed-secrets/2.18.6/signature-receipt.yaml,runs/installer-oci-signatures/sealed-secrets-sealed-secrets/2.18.6/signature.sigstore.json,runs/installer-oci-signatures/sealed-secrets-sealed-secrets/2.18.6/signature-payload.json,runs/installer-oci-signatures/sealed-secrets-sealed-secrets/2.18.6/verification.json,runs/installer-oci-signatures/sealed-secrets-sealed-secrets/2.18.6/payload-verification.txt,cosign verify --certificate-identity helm-expt-package-signer@nth-fort-499605-q5.iam.gserviceaccount.com --certificate-oidc-issuer https://accounts.google.com --annotations confighub.com/package-path=packages/sealed-secrets/sealed-secrets/2.18.6 --annotations confighub.com/package-sha256=a08f22c8743f84b212c686caf18c1d213662d30b2f1f99712b76887a243d9508 europe-west1-docker.pkg.dev/nth-fort-499605-q5/helm-expt/sealed-secrets-sealed-secrets:2.18.6@sha256:dd48aed6a3451f4590f55ae5a07c90899302476673ea449e2e2c63779e9f8c72,cosign verify-blob-attestation --bundle runs/installer-oci-signatures/sealed-secrets-sealed-secrets/2.18.6/signature.sigstore.json --digest dd48aed6a3451f4590f55ae5a07c90899302476673ea449e2e2c63779e9f8c72 --digestAlg sha256 --type https://sigstore.dev/cosign/sign/v1 --certificate-identity helm-expt-package-signer@nth-fort-499605-q5.iam.gserviceaccount.com --certificate-oidc-issuer https://accounts.google.com
packages/secrets-store-csi-driver/secrets-store-csi-driver/1.6.0,oci://europe-west1-docker.pkg.dev/nth-fort-499605-q5/helm-expt/secrets-store-csi-driver-secrets-store-csi-driver:1.6.0,sha256:1236dfd4a74b23aa9f6eddef75614f9063f6e28adbf16fc2c7ae7a7379155726,europe-west1-docker.pkg.dev/nth-fort-499605-q5/helm-expt/secrets-store-csi-driver-secrets-store-csi-driver:1.6.0@sha256:1236dfd4a74b23aa9f6eddef75614f9063f6e28adbf16fc2c7ae7a7379155726,3ad024cf7279287f499854f611cb2d83d60bf6abc925848ca96d4bdb4f9768ed,helm-expt-package-signer@nth-fort-499605-q5.iam.gserviceaccount.com,https://accounts.google.com,2026-08-26T05:46:09.200Z,runs/installer-oci-signatures/secrets-store-csi-driver-secrets-store-csi-driver/1.6.0/signature-receipt.yaml,runs/installer-oci-signatures/secrets-store-csi-driver-secrets-store-csi-driver/1.6.0/signature.sigstore.json,runs/installer-oci-signatures/secrets-store-csi-driver-secrets-store-csi-driver/1.6.0/signature-payload.json,runs/installer-oci-signatures/secrets-store-csi-driver-secrets-store-csi-driver/1.6.0/verification.json,runs/installer-oci-signatures/secrets-store-csi-driver-secrets-store-csi-driver/1.6.0/payload-verification.txt,cosign verify --certificate-identity helm-expt-package-signer@nth-fort-499605-q5.iam.gserviceaccount.com --certificate-oidc-issuer https://accounts.google.com --annotations confighub.com/package-path=packages/secrets-store-csi-driver/secrets-store-csi-driver/1.6.0 --annotations confighub.com/package-sha256=3ad024cf7279287f499854f611cb2d83d60bf6abc925848ca96d4bdb4f9768ed europe-west1-docker.pkg.dev/nth-fort-499605-q5/helm-expt/secrets-store-csi-driver-secrets-store-csi-driver:1.6.0@sha256:1236dfd4a74b23aa9f6eddef75614f9063f6e28adbf16fc2c7ae7a7379155726,cosign verify-blob-attestation --bundle runs/installer-oci-signatures/secrets-store-csi-driver-secrets-store-csi-driver/1.6.0/signature.sigstore.json --digest 1236dfd4a74b23aa9f6eddef75614f9063f6e28adbf16fc2c7ae7a7379155726 --digestAlg sha256 --type https://sigstore.dev/cosign/sign/v1 --certificate-identity helm-expt-package-signer@nth-fort-499605-q5.iam.gserviceaccount.com --certificate-oidc-issuer https://accounts.google.com
packages/stakater/reloader/2.2.12,oci://europe-west1-docker.pkg.dev/nth-fort-499605-q5/helm-expt/stakater-reloader:2.2.12,sha256:63c8a334150e5c015a5953e0df96062944ade3bc9dce936c18aaefcda3863663,europe-west1-docker.pkg.dev/nth-fort-499605-q5/helm-expt/stakater-reloader:2.2.12@sha256:63c8a334150e5c015a5953e0df96062944ade3bc9dce936c18aaefcda3863663,297319c4ea7e71667cd75127d176028807d144f20ccf5aca05c7ad85cac46a75,helm-expt-package-signer@nth-fort-499605-q5.iam.gserviceaccount.com,https://accounts.google.com,2026-08-26T05:46:15.044Z,runs/installer-oci-signatures/stakater-reloader/2.2.12/signature-receipt.yaml,runs/installer-oci-signatures/stakater-reloader/2.2.12/signature.sigstore.json,runs/installer-oci-signatures/stakater-reloader/2.2.12/signature-payload.json,runs/installer-oci-signatures/stakater-reloader/2.2.12/verification.json,runs/installer-oci-signatures/stakater-reloader/2.2.12/payload-verification.txt,cosign verify --certificate-identity helm-expt-package-signer@nth-fort-499605-q5.iam.gserviceaccount.com --certificate-oidc-issuer https://accounts.google.com --annotations confighub.com/package-path=packages/stakater/reloader/2.2.12 --annotations confighub.com/package-sha256=297319c4ea7e71667cd75127d176028807d144f20ccf5aca05c7ad85cac46a75 europe-west1-docker.pkg.dev/nth-fort-499605-q5/helm-expt/stakater-reloader:2.2.12@sha256:63c8a334150e5c015a5953e0df96062944ade3bc9dce936c18aaefcda3863663,cosign verify-blob-attestation --bundle runs/installer-oci-signatures/stakater-reloader/2.2.12/signature.sigstore.json --digest 63c8a334150e5c015a5953e0df96062944ade3bc9dce936c18aaefcda3863663 --digestAlg sha256 --type https://sigstore.dev/cosign/sign/v1 --certificate-identity helm-expt-package-signer@nth-fort-499605-q5.iam.gserviceaccount.com --certificate-oidc-issuer https://accounts.google.com
packages/stakater/reloader/2.2.14,oci://europe-west1-docker.pkg.dev/nth-fort-499605-q5/helm-expt/stakater-reloader:2.2.14,sha256:e901ac5638834018bcee0433c2a4f8aa832bd84c8b8a958e116f6c268e672269,europe-west1-docker.pkg.dev/nth-fort-499605-q5/helm-expt/stakater-reloader:2.2.14@sha256:e901ac5638834018bcee0433c2a4f8aa832bd84c8b8a958e116f6c268e672269,eeca278bc7280f67c3c24362539959616f5089e478b4233cc4f582fca2041c65,helm-expt-package-signer@nth-fort-499605-q5.iam.gserviceaccount.com,https://accounts.google.com,2026-08-26T05:46:22.405Z,runs/installer-oci-signatures/stakater-reloader/2.2.14/signature-receipt.yaml,runs/installer-oci-signatures/stakater-reloader/2.2.14/signature.sigstore.json,runs/installer-oci-signatures/stakater-reloader/2.2.14/signature-payload.json,runs/installer-oci-signatures/stakater-reloader/2.2.14/verification.json,runs/installer-oci-signatures/stakater-reloader/2.2.14/payload-verification.txt,cosign verify --certificate-identity helm-expt-package-signer@nth-fort-499605-q5.iam.gserviceaccount.com --certificate-oidc-issuer https://accounts.google.com --annotations confighub.com/package-path=packages/stakater/reloader/2.2.14 --annotations confighub.com/package-sha256=eeca278bc7280f67c3c24362539959616f5089e478b4233cc4f582fca2041c65 europe-west1-docker.pkg.dev/nth-fort-499605-q5/helm-expt/stakater-reloader:2.2.14@sha256:e901ac5638834018bcee0433c2a4f8aa832bd84c8b8a958e116f6c268e672269,cosign verify-blob-attestation --bundle runs/installer-oci-signatures/stakater-reloader/2.2.14/signature.sigstore.json --digest e901ac5638834018bcee0433c2a4f8aa832bd84c8b8a958e116f6c268e672269 --digestAlg sha256 --type https://sigstore.dev/cosign/sign/v1 --certificate-identity helm-expt-package-signer@nth-fort-499605-q5.iam.gserviceaccount.com --certificate-oidc-issuer https://accounts.google.com
packages/strimzi/strimzi-kafka-operator/1.0.0,oci://europe-west1-docker.pkg.dev/nth-fort-499605-q5/helm-expt/strimzi-strimzi-kafka-operator:1.0.0,sha256:1d01864d246bc18e87f23aad663a5ccf8d488905b09dd4c5d41dd3e77a43b3c6,europe-west1-docker.pkg.dev/nth-fort-499605-q5/helm-expt/strimzi-strimzi-kafka-operator:1.0.0@sha256:1d01864d246bc18e87f23aad663a5ccf8d488905b09dd4c5d41dd3e77a43b3c6,1291b02a4171936df01efb14a63c0ed60f70970a025f2ddbff9e77abe3e70b3b,helm-expt-package-signer@nth-fort-499605-q5.iam.gserviceaccount.com,https://accounts.google.com,2026-08-26T05:46:26.968Z,runs/installer-oci-signatures/strimzi-strimzi-kafka-operator/1.0.0/signature-receipt.yaml,runs/installer-oci-signatures/strimzi-strimzi-kafka-operator/1.0.0/signature.sigstore.json,runs/installer-oci-signatures/strimzi-strimzi-kafka-operator/1.0.0/signature-payload.json,runs/installer-oci-signatures/strimzi-strimzi-kafka-operator/1.0.0/verification.json,runs/installer-oci-signatures/strimzi-strimzi-kafka-operator/1.0.0/payload-verification.txt,cosign verify --certificate-identity helm-expt-package-signer@nth-fort-499605-q5.iam.gserviceaccount.com --certificate-oidc-issuer https://accounts.google.com --annotations confighub.com/package-path=packages/strimzi/strimzi-kafka-operator/1.0.0 --annotations confighub.com/package-sha256=1291b02a4171936df01efb14a63c0ed60f70970a025f2ddbff9e77abe3e70b3b europe-west1-docker.pkg.dev/nth-fort-499605-q5/helm-expt/strimzi-strimzi-kafka-operator:1.0.0@sha256:1d01864d246bc18e87f23aad663a5ccf8d488905b09dd4c5d41dd3e77a43b3c6,cosign verify-blob-attestation --bundle runs/installer-oci-signatures/strimzi-strimzi-kafka-operator/1.0.0/signature.sigstore.json --digest 1d01864d246bc18e87f23aad663a5ccf8d488905b09dd4c5d41dd3e77a43b3c6 --digestAlg sha256 --type https://sigstore.dev/cosign/sign/v1 --certificate-identity helm-expt-package-signer@nth-fort-499605-q5.iam.gserviceaccount.com --certificate-oidc-issuer https://accounts.google.com
packages/traefik/traefik/40.2.0,oci://europe-west1-docker.pkg.dev/nth-fort-499605-q5/helm-expt/traefik-traefik:40.2.0,sha256:c735927068194a19f326ff1e62c26fb87b8f5881abca750070efaa0bc4b4d123,europe-west1-docker.pkg.dev/nth-fort-499605-q5/helm-expt/traefik-traefik:40.2.0@sha256:c735927068194a19f326ff1e62c26fb87b8f5881abca750070efaa0bc4b4d123,5d9c0bdf6306b0c196fbee35312d89a6df807bbbae4c64f49f831b8f8959eaa9,helm-expt-package-signer@nth-fort-499605-q5.iam.gserviceaccount.com,https://accounts.google.com,2026-08-26T05:46:32.360Z,runs/installer-oci-signatures/traefik-traefik/40.2.0/signature-receipt.yaml,runs/installer-oci-signatures/traefik-traefik/40.2.0/signature.sigstore.json,runs/installer-oci-signatures/traefik-traefik/40.2.0/signature-payload.json,runs/installer-oci-signatures/traefik-traefik/40.2.0/verification.json,runs/installer-oci-signatures/traefik-traefik/40.2.0/payload-verification.txt,cosign verify --certificate-identity helm-expt-package-signer@nth-fort-499605-q5.iam.gserviceaccount.com --certificate-oidc-issuer https://accounts.google.com --annotations confighub.com/package-path=packages/traefik/traefik/40.2.0 --annotations confighub.com/package-sha256=5d9c0bdf6306b0c196fbee35312d89a6df807bbbae4c64f49f831b8f8959eaa9 europe-west1-docker.pkg.dev/nth-fort-499605-q5/helm-expt/traefik-traefik:40.2.0@sha256:c735927068194a19f326ff1e62c26fb87b8f5881abca750070efaa0bc4b4d123,cosign verify-blob-attestation --bundle runs/installer-oci-signatures/traefik-traefik/40.2.0/signature.sigstore.json --digest c735927068194a19f326ff1e62c26fb87b8f5881abca750070efaa0bc4b4d123 --digestAlg sha256 --type https://sigstore.dev/cosign/sign/v1 --certificate-identity helm-expt-package-signer@nth-fort-499605-q5.iam.gserviceaccount.com --certificate-oidc-issuer https://accounts.google.com
packages/traefik/traefik/41.0.2,oci://europe-west1-docker.pkg.dev/nth-fort-499605-q5/helm-expt/traefik-traefik:41.0.2,sha256:ccf4b10e85db0b825f01ddd31c2c20794317f89a254e8643cee9e094b2c7ee2a,europe-west1-docker.pkg.dev/nth-fort-499605-q5/helm-expt/traefik-traefik:41.0.2@sha256:ccf4b10e85db0b825f01ddd31c2c20794317f89a254e8643cee9e094b2c7ee2a,c2260ca685fbf379fa073e66c717c27e8ae5cf9c3533774dc9f5e1be4ce839f8,helm-expt-package-signer@nth-fort-499605-q5.iam.gserviceaccount.com,https://accounts.google.com,2026-08-26T05:46:37.894Z,runs/installer-oci-signatures/traefik-traefik/41.0.2/signature-receipt.yaml,runs/installer-oci-signatures/traefik-traefik/41.0.2/signature.sigstore.json,runs/installer-oci-signatures/traefik-traefik/41.0.2/signature-payload.json,runs/installer-oci-signatures/traefik-traefik/41.0.2/verification.json,runs/installer-oci-signatures/traefik-traefik/41.0.2/payload-verification.txt,cosign verify --certificate-identity helm-expt-package-signer@nth-fort-499605-q5.iam.gserviceaccount.com --certificate-oidc-issuer https://accounts.google.com --annotations confighub.com/package-path=packages/traefik/traefik/41.0.2 --annotations confighub.com/package-sha256=c2260ca685fbf379fa073e66c717c27e8ae5cf9c3533774dc9f5e1be4ce839f8 europe-west1-docker.pkg.dev/nth-fort-499605-q5/helm-expt/traefik-traefik:41.0.2@sha256:ccf4b10e85db0b825f01ddd31c2c20794317f89a254e8643cee9e094b2c7ee2a,cosign verify-blob-attestation --bundle runs/installer-oci-signatures/traefik-traefik/41.0.2/signature.sigstore.json --digest ccf4b10e85db0b825f01ddd31c2c20794317f89a254e8643cee9e094b2c7ee2a --digestAlg sha256 --type https://sigstore.dev/cosign/sign/v1 --certificate-identity helm-expt-package-signer@nth-fort-499605-q5.iam.gserviceaccount.com --certificate-oidc-issuer https://accounts.google.com
packages/valkey/valkey/0.11.0,oci://europe-west1-docker.pkg.dev/nth-fort-499605-q5/helm-expt/valkey-valkey:0.11.0,sha256:2fbbed3706b6947a30c6e26fc6190aa209441ef2cce1dcdbcca2586a0b2c7945,europe-west1-docker.pkg.dev/nth-fort-499605-q5/helm-expt/valkey-valkey:0.11.0@sha256:2fbbed3706b6947a30c6e26fc6190aa209441ef2cce1dcdbcca2586a0b2c7945,1464558511929a78f2a709819f4ffa387d4ee494d5464dd955531ab4d2e9d91c,helm-expt-package-signer@nth-fort-499605-q5.iam.gserviceaccount.com,https://accounts.google.com,2026-08-26T05:46:44.147Z,runs/installer-oci-signatures/valkey-valkey/0.11.0/signature-receipt.yaml,runs/installer-oci-signatures/valkey-valkey/0.11.0/signature.sigstore.json,runs/installer-oci-signatures/valkey-valkey/0.11.0/signature-payload.json,runs/installer-oci-signatures/valkey-valkey/0.11.0/verification.json,runs/installer-oci-signatures/valkey-valkey/0.11.0/payload-verification.txt,cosign verify --certificate-identity helm-expt-package-signer@nth-fort-499605-q5.iam.gserviceaccount.com --certificate-oidc-issuer https://accounts.google.com --annotations confighub.com/package-path=packages/valkey/valkey/0.11.0 --annotations confighub.com/package-sha256=1464558511929a78f2a709819f4ffa387d4ee494d5464dd955531ab4d2e9d91c europe-west1-docker.pkg.dev/nth-fort-499605-q5/helm-expt/valkey-valkey:0.11.0@sha256:2fbbed3706b6947a30c6e26fc6190aa209441ef2cce1dcdbcca2586a0b2c7945,cosign verify-blob-attestation --bundle runs/installer-oci-signatures/valkey-valkey/0.11.0/signature.sigstore.json --digest 2fbbed3706b6947a30c6e26fc6190aa209441ef2cce1dcdbcca2586a0b2c7945 --digestAlg sha256 --type https://sigstore.dev/cosign/sign/v1 --certificate-identity helm-expt-package-signer@nth-fort-499605-q5.iam.gserviceaccount.com --certificate-oidc-issuer https://accounts.google.com
packages/velero/velero/12.0.1,oci://europe-west1-docker.pkg.dev/nth-fort-499605-q5/helm-expt/velero-velero:12.0.1,sha256:07ebbd16d5d17e3bceec59403189c8244c4eb22ca81b8539166f155b5a5749b7,europe-west1-docker.pkg.dev/nth-fort-499605-q5/helm-expt/velero-velero:12.0.1@sha256:07ebbd16d5d17e3bceec59403189c8244c4eb22ca81b8539166f155b5a5749b7,4aee03aca286f427e63a4c5604f03e0a649acc0a89c245e24b7017cb4fd15058,helm-expt-package-signer@nth-fort-499605-q5.iam.gserviceaccount.com,https://accounts.google.com,2026-08-26T05:46:50.198Z,runs/installer-oci-signatures/velero-velero/12.0.1/signature-receipt.yaml,runs/installer-oci-signatures/velero-velero/12.0.1/signature.sigstore.json,runs/installer-oci-signatures/velero-velero/12.0.1/signature-payload.json,runs/installer-oci-signatures/velero-velero/12.0.1/verification.json,runs/installer-oci-signatures/velero-velero/12.0.1/payload-verification.txt,cosign verify --certificate-identity helm-expt-package-signer@nth-fort-499605-q5.iam.gserviceaccount.com --certificate-oidc-issuer https://accounts.google.com --annotations confighub.com/package-path=packages/velero/velero/12.0.1 --annotations confighub.com/package-sha256=4aee03aca286f427e63a4c5604f03e0a649acc0a89c245e24b7017cb4fd15058 europe-west1-docker.pkg.dev/nth-fort-499605-q5/helm-expt/velero-velero:12.0.1@sha256:07ebbd16d5d17e3bceec59403189c8244c4eb22ca81b8539166f155b5a5749b7,cosign verify-blob-attestation --bundle runs/installer-oci-signatures/velero-velero/12.0.1/signature.sigstore.json --digest 07ebbd16d5d17e3bceec59403189c8244c4eb22ca81b8539166f155b5a5749b7 --digestAlg sha256 --type https://sigstore.dev/cosign/sign/v1 --certificate-identity helm-expt-package-signer@nth-fort-499605-q5.iam.gserviceaccount.com --certificate-oidc-issuer https://accounts.google.com
packages/velero/velero/12.1.0,oci://europe-west1-docker.pkg.dev/nth-fort-499605-q5/helm-expt/velero-velero:12.1.0,sha256:2a9fdd03dec5b0a44e7d39ee2b208844da73ddf95d94a08e383ce9b935d373e6,europe-west1-docker.pkg.dev/nth-fort-499605-q5/helm-expt/velero-velero:12.1.0@sha256:2a9fdd03dec5b0a44e7d39ee2b208844da73ddf95d94a08e383ce9b935d373e6,94798a27f0af0ef9032a333a71f711e5198f23becc78aa7b3baa082c5858d307,helm-expt-package-signer@nth-fort-499605-q5.iam.gserviceaccount.com,https://accounts.google.com,2026-08-26T05:46:55.032Z,runs/installer-oci-signatures/velero-velero/12.1.0/signature-receipt.yaml,runs/installer-oci-signatures/velero-velero/12.1.0/signature.sigstore.json,runs/installer-oci-signatures/velero-velero/12.1.0/signature-payload.json,runs/installer-oci-signatures/velero-velero/12.1.0/verification.json,runs/installer-oci-signatures/velero-velero/12.1.0/payload-verification.txt,cosign verify --certificate-identity helm-expt-package-signer@nth-fort-499605-q5.iam.gserviceaccount.com --certificate-oidc-issuer https://accounts.google.com --annotations confighub.com/package-path=packages/velero/velero/12.1.0 --annotations confighub.com/package-sha256=94798a27f0af0ef9032a333a71f711e5198f23becc78aa7b3baa082c5858d307 europe-west1-docker.pkg.dev/nth-fort-499605-q5/helm-expt/velero-velero:12.1.0@sha256:2a9fdd03dec5b0a44e7d39ee2b208844da73ddf95d94a08e383ce9b935d373e6,cosign verify-blob-attestation --bundle runs/installer-oci-signatures/velero-velero/12.1.0/signature.sigstore.json --digest 2a9fdd03dec5b0a44e7d39ee2b208844da73ddf95d94a08e383ce9b935d373e6 --digestAlg sha256 --type https://sigstore.dev/cosign/sign/v1 --certificate-identity helm-expt-package-signer@nth-fort-499605-q5.iam.gserviceaccount.com --certificate-oidc-issuer https://accounts.google.com
packages/vm/victoria-logs-single/0.12.5,oci://europe-west1-docker.pkg.dev/nth-fort-499605-q5/helm-expt/vm-victoria-logs-single:0.12.5,sha256:15d4d5b47e14d461542c255e19a98d383fba221f8c04b6fae2a450cb5084c315,europe-west1-docker.pkg.dev/nth-fort-499605-q5/helm-expt/vm-victoria-logs-single:0.12.5@sha256:15d4d5b47e14d461542c255e19a98d383fba221f8c04b6fae2a450cb5084c315,7f78b08d88a7500bb6a629d439bea515895dc0f4e21575b000226d9146885406,helm-expt-package-signer@nth-fort-499605-q5.iam.gserviceaccount.com,https://accounts.google.com,2026-08-26T05:47:03.778Z,runs/installer-oci-signatures/vm-victoria-logs-single/0.12.5/signature-receipt.yaml,runs/installer-oci-signatures/vm-victoria-logs-single/0.12.5/signature.sigstore.json,runs/installer-oci-signatures/vm-victoria-logs-single/0.12.5/signature-payload.json,runs/installer-oci-signatures/vm-victoria-logs-single/0.12.5/verification.json,runs/installer-oci-signatures/vm-victoria-logs-single/0.12.5/payload-verification.txt,cosign verify --certificate-identity helm-expt-package-signer@nth-fort-499605-q5.iam.gserviceaccount.com --certificate-oidc-issuer https://accounts.google.com --annotations confighub.com/package-path=packages/vm/victoria-logs-single/0.12.5 --annotations confighub.com/package-sha256=7f78b08d88a7500bb6a629d439bea515895dc0f4e21575b000226d9146885406 europe-west1-docker.pkg.dev/nth-fort-499605-q5/helm-expt/vm-victoria-logs-single:0.12.5@sha256:15d4d5b47e14d461542c255e19a98d383fba221f8c04b6fae2a450cb5084c315,cosign verify-blob-attestation --bundle runs/installer-oci-signatures/vm-victoria-logs-single/0.12.5/signature.sigstore.json --digest 15d4d5b47e14d461542c255e19a98d383fba221f8c04b6fae2a450cb5084c315 --digestAlg sha256 --type https://sigstore.dev/cosign/sign/v1 --certificate-identity helm-expt-package-signer@nth-fort-499605-q5.iam.gserviceaccount.com --certificate-oidc-issuer https://accounts.google.com
packages/vm/victoria-metrics-single/0.39.0,oci://europe-west1-docker.pkg.dev/nth-fort-499605-q5/helm-expt/vm-victoria-metrics-single:0.39.0,sha256:f77ea77d8eb57c2f364141cdbf10da3036b9ec7f40f2608c8d9b7bf03b422a40,europe-west1-docker.pkg.dev/nth-fort-499605-q5/helm-expt/vm-victoria-metrics-single:0.39.0@sha256:f77ea77d8eb57c2f364141cdbf10da3036b9ec7f40f2608c8d9b7bf03b422a40,15166a816f890ec5192b218d282989e81d45afa1cfeadeb3d414c8416ba56946,helm-expt-package-signer@nth-fort-499605-q5.iam.gserviceaccount.com,https://accounts.google.com,2026-08-26T05:47:09.898Z,runs/installer-oci-signatures/vm-victoria-metrics-single/0.39.0/signature-receipt.yaml,runs/installer-oci-signatures/vm-victoria-metrics-single/0.39.0/signature.sigstore.json,runs/installer-oci-signatures/vm-victoria-metrics-single/0.39.0/signature-payload.json,runs/installer-oci-signatures/vm-victoria-metrics-single/0.39.0/verification.json,runs/installer-oci-signatures/vm-victoria-metrics-single/0.39.0/payload-verification.txt,cosign verify --certificate-identity helm-expt-package-signer@nth-fort-499605-q5.iam.gserviceaccount.com --certificate-oidc-issuer https://accounts.google.com --annotations confighub.com/package-path=packages/vm/victoria-metrics-single/0.39.0 --annotations confighub.com/package-sha256=15166a816f890ec5192b218d282989e81d45afa1cfeadeb3d414c8416ba56946 europe-west1-docker.pkg.dev/nth-fort-499605-q5/helm-expt/vm-victoria-metrics-single:0.39.0@sha256:f77ea77d8eb57c2f364141cdbf10da3036b9ec7f40f2608c8d9b7bf03b422a40,cosign verify-blob-attestation --bundle runs/installer-oci-signatures/vm-victoria-metrics-single/0.39.0/signature.sigstore.json --digest f77ea77d8eb57c2f364141cdbf10da3036b9ec7f40f2608c8d9b7bf03b422a40 --digestAlg sha256 --type https://sigstore.dev/cosign/sign/v1 --certificate-identity helm-expt-package-signer@nth-fort-499605-q5.iam.gserviceaccount.com --certificate-oidc-issuer https://accounts.google.com
