rank,chart,source_version,current_recipe_version,proof_match_basis,version_match,source_status,recipe_status,package_status,variant_status,proof_status,catalog_status,production_readiness,supported_variants,next_action,source_features,recipe_path,package_path,support_level,supported_scopes,candidate_variants,current_risk,source_classification,source_problem_score,source_pre_recipe_risk_count,source_lifecycle_policy_count,source_early_policy_count,source_generated_facts_count,source_install_operate_count,lookup_count,rand_count,cert_count,time_uuid_count,required_fail_count,tpl_count,capabilities_api_count,capabilities_kube_version_count,hooks_count,crd_files_count,cluster_roles_count,webhooks_count,api_services_count,stateful_sets_count,pvc_count,secrets_count,dependencies_declared,dependency_lock_present,non_exact_dependency_constraints,proof_tier,proof_variant_count,proof_revision_count,proof_rendered_object_count,proof_first_rendered_sha256,proof_semantic_matches,proof_scan_results,proof_gate_results,proof_scan_high,proof_scan_medium,proof_scan_low,proof_control_categories,proof_uses_lookup,proof_uses_generated_facts,proof_uses_capabilities,proof_uses_tpl,proof_has_extension_slots,proof_receipts,weirdness_note,source_repository_url,source_archive_sha256,old_matrix_scan_status,old_matrix_error
1,prometheus-community/kube-prometheus-stack,85.3.0,85.3.3,exact-chart-ref,different-current-version,source-scanned,current-recipe-different-version,package-proof-exists,multi-variant,proof:2 revision(s),catalog-supported,blocked-by-current-scan-gate,default;no-crds,review source/current-version drift and refresh recipe if needed,lookup;generated-facts;tpl;capabilities;hooks;crds;cluster-rbac;webhooks;stateful-storage,recipes/prometheus-community/kube-prometheus-stack/85.3.3/recipe.yaml,packages/prometheus-community/kube-prometheus-stack/85.3.3,supported-for-declared-scopes,local-test,,local-test-supported-production-blocked,P0 source/dependency risk,93,1,3,5,72,4,4,2,0,70,55,402,6,81,2,20,16,2,0,4,2,14,0,true,1,,2,2,238,9fac2a0e4140eee298c84ce61f13dd8ca392bb92e2037d0ef0aaa4d8015ee491,124/124;114/114,warn,warn,14,32,0,admission-webhook;capability-profile;cluster-rbac;crd-policy;dependency-lock;generated-facts;installer-support-object;source-lock;tpl,false,false,false,false,false,helmEquivalence;installGate;render;scan,recipes/prometheus-community/kube-prometheus-stack/85.3.3/weirdness-and-mitigations.md,https://prometheus-community.github.io/helm-charts,d4cc415d942872249643f0205cc08f81e5082f6d18bf8460fec590cba7cc2c5c,scanned,
2,cert-manager/cert-manager,1.20.2,v1.20.2,chart-name-version,exact,source-scanned,current-recipe-exact-version,package-proof-exists,multi-variant,proof:2 revision(s),catalog-supported,blocked-by-current-scan-gate,default;crds-enabled,add production dispositions and live/e2e observation lane,generated-facts;tpl;cluster-rbac;webhooks,recipes/jetstack/cert-manager/v1.20.2/recipe.yaml,packages/jetstack/cert-manager/v1.20.2,supported-for-declared-scopes,local-test,,local-test-supported-production-blocked,P1 compiler policy needed,18,0,0,0,6,3,0,0,0,6,6,3,0,0,0,0,31,2,0,0,0,0,0,false,0,,2,2,90,45029db19d75e578bec74b82a0476a6580d1f7193239a210bf4873156ac725ce,42/42;48/48,warn,warn,0,58,0,admission-webhook;capability-profile;cluster-rbac;crd-policy;dependency-lock;hook-policy;installer-support-object;source-lock;tpl,false,false,false,false,false,helmEquivalence;installGate;render;scan,recipes/jetstack/cert-manager/v1.20.2/weirdness-and-mitigations.md,https://charts.jetstack.io,d2a50bd44a09d838c2576a8f3dfca1524597c7393cf8d82ab3ec8a465b9eeb79,scanned,
3,ingress-nginx/ingress-nginx,4.15.1,4.15.1,exact-chart-ref,exact,source-scanned,current-recipe-exact-version,package-proof-exists,multi-variant,proof:2 revision(s),catalog-supported,blocked-by-current-scan-gate,default;admission-disabled,add production dispositions and live/e2e observation lane,tpl;capabilities;cluster-rbac;webhooks,recipes/ingress-nginx/ingress-nginx/4.15.1/recipe.yaml,packages/ingress-nginx/ingress-nginx/4.15.1,supported-for-declared-scopes,local-test,,local-test-supported-production-blocked,P2 recipe/render/install policy,19,0,0,3,0,2,0,0,0,0,1,16,2,14,0,0,4,1,0,0,0,2,0,false,0,,2,2,20,257503d94cea6b1d59e1564805f03a59c5a2d8fdf2de2b340676df03c295a80d,11/11;9/9,warn,warn,0,6,0,admission-webhook;capability-profile;cluster-rbac;dependency-lock;hook-policy;installer-support-object;source-lock;tpl,false,false,false,false,false,helmEquivalence;installGate;render;scan,recipes/ingress-nginx/ingress-nginx/4.15.1/weirdness-and-mitigations.md,https://kubernetes.github.io/ingress-nginx,3eff0bd18151d6e6b1c441463410571443dda1ac78292cb189346628de784f0c,scanned,
4,argo/argo-cd,9.5.15,9.5.15,chart-name-version,exact,source-scanned,current-recipe-exact-version,package-proof-exists,multi-variant,proof:2 revision(s),catalog-supported,blocked-by-current-scan-gate,default;no-crds,add production dispositions and live/e2e observation lane,generated-facts;tpl;capabilities;crds;cluster-rbac;stateful-storage,recipes/argo-cd/argo-cd/9.5.15/recipe.yaml,packages/argo-cd/argo-cd/9.5.15,supported-for-declared-scopes,local-test,,local-test-supported-production-blocked,P1 compiler policy needed,32,0,0,3,2,3,0,0,0,2,4,58,12,4,0,3,13,0,0,3,1,13,0,true,0,,2,2,95,e52ddef5e56e347a8959dd1e8591e116479bf8aa8682c83e3753fe7355a38cc0,49/49;46/46,warn,warn,2,27,0,capability-profile;cluster-rbac;crd-policy;dependency-lock;gitops-handoff;hook-policy;installer-support-object;source-lock;stateful-workload;tpl,false,false,false,false,false,helmEquivalence;installGate;render;scan,recipes/argo-cd/argo-cd/9.5.15/weirdness-and-mitigations.md,https://argoproj.github.io/argo-helm,95502bea856e2e1e9bfbb7a5ab90d309970b4ffd098ff3dadb99188350768b9e,scanned,
5,prometheus-community/prometheus,29.8.0,29.8.0,exact-chart-ref,exact,source-scanned,current-recipe-exact-version,package-proof-exists,multi-variant,proof:2 revision(s),catalog-supported,blocked-by-current-scan-gate,default;server-only-ephemeral,add production dispositions and live/e2e observation lane,generated-facts;tpl;capabilities;cluster-rbac;stateful-storage,recipes/prometheus-community/prometheus/29.8.0/recipe.yaml,packages/prometheus-community/prometheus/29.8.0,supported-for-declared-scopes,local-test,,local-test-supported-production-blocked,P0 source/dependency risk,49,1,0,3,3,2,0,0,0,2,4,47,2,3,0,0,7,0,0,7,3,3,0,true,4,,2,2,29,c11349803ddbb44562066474dd04d47d7c5c75d083dbc96162224573f949c11b,23/23;6/6,warn,warn,0,18,0,bundle-dependencies;capability-profile;cluster-rbac;component-selection;dependency-lock;extension-slots;installer-support-object;monitoring-workloads;scrape-config;source-lock;storage-retention,false,false,false,false,false,helmEquivalence;installGate;render;scan,recipes/prometheus-community/prometheus/29.8.0/weirdness-and-mitigations.md,https://prometheus-community.github.io/helm-charts,daba2821dd7c0d29267c8be5056cfbb7ebbf8784cb3159fa55f266615df68e3d,scanned,
6,bitnami/redis,25.5.3,25.5.3,exact-chart-ref,exact,source-scanned,current-recipe-exact-version,package-proof-exists,multi-variant,proof:2 revision(s),catalog-supported,blocked-by-current-scan-gate,default;reuse-existing-secret,add production dispositions and live/e2e observation lane,lookup;generated-facts;tpl;capabilities;stateful-storage,recipes/bitnami/redis/25.5.3/recipe.yaml,packages/bitnami/redis/25.5.3,supported-for-declared-scopes,local-test,,local-test-supported-production-blocked,P1 compiler policy needed,44,0,0,5,8,1,8,5,2,1,2,11,2,1,0,0,0,0,0,3,5,3,1,false,0,,2,2,27,362dbc4854421a23ea48da4ee7e72dbc98422fa9affc26ac372c761d4b90e10d,14/14;13/13,warn,warn,4,4,0,capability-profile;dependency-lock;generated-facts;hook-policy;installer-support-object;secret-handling;source-lock;target-facts,false,false,false,false,false,helmEquivalence;installGate;render;scan,recipes/bitnami/redis/25.5.3/weirdness-and-mitigations.md,https://charts.bitnami.com/bitnami,aa5360967bc1adadf69f0ce91d762f0bb4d80ca36758b37d7d8f1ef981257baf,scanned,
7,bitnami/postgresql,18.6.7,18.6.7,exact-chart-ref,exact,source-scanned,current-recipe-exact-version,package-proof-exists,multi-variant,proof:2 revision(s),catalog-supported,blocked-by-current-scan-gate,generated-passwords;existing-secret,add production dispositions and live/e2e observation lane,lookup;generated-facts;tpl;capabilities;stateful-storage,recipes/bitnami/postgresql/18.6.7/recipe.yaml,packages/bitnami/postgresql/18.6.7,supported-for-declared-scopes,local-test,,local-test-supported-production-blocked,P1 compiler policy needed,44,0,0,5,10,1,3,6,2,2,9,27,2,1,0,0,0,0,0,2,3,6,1,false,0,,2,2,13,5ddff6ac6f2de4b98f6fce9d482167f300406c3ff738317e34b322522465ea72,7/7;6/6,warn,warn,2,9,0,capability-profile;dependency-lock;generated-facts;hook-policy;installer-support-object;pvc-policy;source-lock;stateful-workload;target-facts;tpl,false,false,false,false,false,helmEquivalence;installGate;render;scan,recipes/bitnami/postgresql/18.6.7/weirdness-and-mitigations.md,https://charts.bitnami.com/bitnami,0ad5b7d9d50f53000b2369e3ee6aa70b32c3b91c363a118c78d9204ae3f98fe5,scanned,
8,traefik/traefik,40.2.0,40.2.0,exact-chart-ref,exact,source-scanned,current-recipe-exact-version,package-proof-exists,default-only,next80-full:1 revision(s),proof-grade,not-reviewed-for-production,,add user-shaped variants before catalog promotion,lookup;generated-facts;tpl;capabilities;crds;cluster-rbac;webhooks;stateful-storage,recipes/traefik/traefik/40.2.0/recipe.yaml,packages/traefik/traefik/40.2.0,machine-proof-only,,default,proof-grade-needs-variants,P1 compiler policy needed,39,0,0,3,1,4,2,0,1,0,64,17,3,0,0,25,2,2,0,0,1,2,0,false,0,next80-full,1,1,31,84b1e950901024fda7bb0be73aba239015712ae0c3d4cb0ecabcb091abc53c09,31/31,warn,warn,0,27,0,capability-profile;cluster-rbac;crds;dependency-lock;extension-slots;generated-facts;helm-equivalence;rendered-manifest-scan;source-lock;target-facts;tpl-extension-slots;variant-revision,true,true,true,true,true,helmEquivalence;installGate;render;scan,,https://traefik.github.io/charts,b73d0159fc1222cc9bdaefde80000a9bad2dfe81de4caed14b9509b3bf6c1df9,scanned,
9,k8s-dashboard/kubernetes-dashboard,7.14.0,,none,none,source-scanned,no-current-recipe,no-package-proof,no-variants,not-proved,not-in-catalog,none,,"create recipe, package, variants, rendered digest, scans, and receipts",lookup;generated-facts;tpl;capabilities;hooks;crds;cluster-rbac;webhooks;stateful-storage,,,none,,,source-risk-no-proof,P0 source/dependency risk,86,1,2,5,16,5,13,5,5,6,27,37,27,19,2,1,49,4,1,2,0,12,1,true,1,,0,0,0,,,,,,,,,,,,,,,,https://kubernetes.github.io/dashboard,37be462a39258fda57a2a5e5d81082d8d28a8083c7977f4f4632fa374b1a616d,scanned,"Error: looks like ""https://kubernetes.github.io/dashboard"" is not a valid chart repository or cannot be reached: failed to fetch https://kubernetes.github.io/dashboard/index.yaml : 404 Not Found
"
10,grafana/loki,7.0.0,7.0.0,exact-chart-ref,exact,source-scanned,current-recipe-exact-version,package-proof-exists,multi-variant,proof:2 revision(s),catalog-supported,blocked-by-current-scan-gate,single-binary-filesystem;simple-scalable-minio,add production dispositions and live/e2e observation lane,lookup;generated-facts;tpl;capabilities;crds;cluster-rbac;webhooks;stateful-storage,recipes/grafana/loki/7.0.0/recipe.yaml,packages/grafana/loki/7.0.0,supported-for-declared-scopes,local-test,,local-test-supported-production-blocked,P1 compiler policy needed,45,0,0,4,6,4,2,1,0,2,24,135,16,17,0,10,10,4,0,24,18,4,0,true,0,,2,2,55,6c1e4c38271f2c48cb66ac6e39be8643524e774fec8cf363875c66bf3ea2bb30,19/19;36/36,warn,warn,0,25,0,blocked-default-render;capability-profile;cluster-rbac;dependency-lock;installer-support-object;lifecycle-policy;object-storage-policy;pvc-policy;source-lock;stateful-workload;storage-config;tpl,false,false,false,false,false,helmEquivalence;installGate;render;scan,recipes/grafana/loki/7.0.0/weirdness-and-mitigations.md,https://grafana.github.io/helm-charts,5eaa28e3535069de2a7ac1f7087ff558e5b4b4a24f0e158072a97e2391132f81,scanned,
11,metrics-server/metrics-server,3.13.0,3.13.0,exact-chart-ref,exact,source-scanned,current-recipe-exact-version,package-proof-exists,multi-variant,proof:2 revision(s),catalog-supported,blocked-by-current-scan-gate,default;external-tls-ca,add production dispositions and live/e2e observation lane,lookup;generated-facts;capabilities;cluster-rbac,recipes/metrics-server/metrics-server/3.13.0/recipe.yaml,packages/metrics-server/metrics-server/3.13.0,supported-for-declared-scopes,local-test,,local-test-supported-production-blocked,P1 compiler policy needed,34,0,0,4,1,2,2,0,1,0,0,0,1,3,0,0,6,0,1,0,0,1,0,false,0,,2,2,18,97514966a1917b1ae3b597ec3a32216d0a650db7cb56d472f4e722c69c869b51,9/9,warn,warn,0,10,0,apiservice;capability-profile;cluster-rbac;dependency-lock;generated-facts;hook-policy;installer-support-object;lookup;source-lock;target-facts,false,false,false,false,false,helmEquivalence;installGate;render;scan,recipes/metrics-server/metrics-server/3.13.0/weirdness-and-mitigations.md,https://kubernetes-sigs.github.io/metrics-server/,fb929902e3b7565663cdd1734f31d63735c932be1541a7228b5aeef6d2348a1f,scanned,
12,hashicorp/vault,0.32.0,0.32.0,exact-chart-ref,exact,source-scanned,current-recipe-exact-version,package-proof-exists,multi-variant,proof:2 revision(s),catalog-supported,blocked-by-current-scan-gate,default;ha-raft-ui,add production dispositions and live/e2e observation lane,tpl;capabilities;cluster-rbac;webhooks;stateful-storage,recipes/hashicorp/vault/0.32.0/recipe.yaml,packages/hashicorp/vault/0.32.0,supported-for-declared-scopes,local-test,,local-test-supported-production-blocked,P2 recipe/render/install policy,20,0,0,3,0,3,0,0,0,0,1,43,3,7,0,0,5,1,0,1,2,2,0,false,0,,2,2,30,6de2d61c8de0c21faa951e89ec16658bcdff22e69d78075fdd394d895a5e6978,12/12;18/18,warn,warn,2,23,0,admission-webhook;capability-profile;cluster-rbac;dependency-lock;extension-slots;installer-support-object;operate-policy;service-exposure;source-lock;stateful-workload;tls-posture,false,false,false,false,false,helmEquivalence;installGate;render;scan,recipes/hashicorp/vault/0.32.0/weirdness-and-mitigations.md,https://helm.releases.hashicorp.com,e31ddf3f6dd031c0f5407dd6b63361ea5ff655f89c781049b39f4c2a95a6f88a,scanned,
13,gitlab/gitlab,10.0.0,,none,none,source-scanned,no-current-recipe,no-package-proof,no-variants,not-proved,not-in-catalog,none,,"create recipe, package, variants, rendered digest, scans, and receipts",lookup;generated-facts;tpl;capabilities;hooks;crds;cluster-rbac;webhooks;stateful-storage,,,none,,,source-risk-no-proof,P0 source/dependency risk,97,2,1,5,20,4,2,2,2,15,69,125,31,51,1,19,57,4,0,12,7,17,4,true,9,,0,0,0,,,,,,,,,,,,,,,,http://charts.gitlab.io/,6787dcd77db6cf8a68895c90a2d99138eb84a9a376e62f6306a2a82dacc2d924,scanned,
14,harbor/harbor,1.19.0,,none,none,source-scanned,no-current-recipe,no-package-proof,no-variants,not-proved,not-in-catalog,none,,"create recipe, package, variants, rendered digest, scans, and receipts",lookup;generated-facts;tpl;capabilities;stateful-storage,,,none,,,not-yet-proved,P1 compiler policy needed,34,0,0,3,22,1,6,4,12,0,16,1,0,1,0,0,0,0,0,3,5,20,0,false,0,,0,0,0,,,,,,,,,,,,,,,,https://helm.goharbor.io,6b4afcbcb038fbf07a01110e218a61d4d7298b4e90ac46051d8e4ee4505060b3,scanned,
15,bitnami/keycloak,25.2.0,,none,none,source-scanned,no-current-recipe,no-package-proof,no-variants,not-proved,not-in-catalog,none,,"create recipe, package, variants, rendered digest, scans, and receipts",lookup;generated-facts;tpl;capabilities;stateful-storage,,,none,,,source-risk-no-proof,P0 source/dependency risk,66,1,0,5,19,1,6,11,6,2,9,59,4,2,0,0,0,0,0,5,3,12,2,true,3,,0,0,0,,,,,,,,,,,,,,,,https://charts.bitnami.com/bitnami,572b6173dcad490f7b7d2f463eaa186e512d0afbd3a24629d150156a9438d89c,scanned,
16,jenkinsci/jenkins,5.9.22,,none,none,source-scanned,no-current-recipe,no-package-proof,no-variants,not-proved,not-in-catalog,none,,"create recipe, package, variants, rendered digest, scans, and receipts",lookup;generated-facts;tpl;capabilities;stateful-storage,,,none,,,not-yet-proved,P1 compiler policy needed,40,0,0,4,5,1,1,2,0,3,40,65,1,4,0,0,0,0,0,1,1,3,0,false,0,,0,0,0,,,,,,,,,,,,,,,,https://charts.jenkins.io/,3710ee9006ac66bd4caf38fc660870d8f9ac45f1e3aef115c8494b07a57981db,scanned,
17,external-secrets-operator/external-secrets,2.5.0,2.5.0,chart-name-version,exact,source-scanned,current-recipe-exact-version,package-proof-exists,multi-variant,proof:2 revision(s),catalog-supported,blocked-by-current-scan-gate,default;no-crds,add production dispositions and live/e2e observation lane,tpl;capabilities;crds;cluster-rbac;webhooks,recipes/external-secrets/external-secrets/2.5.0/recipe.yaml,packages/external-secrets/external-secrets/2.5.0,supported-for-declared-scopes,local-test,,local-test-supported-production-blocked,P2 recipe/render/install policy,24,0,0,3,0,3,0,0,0,0,3,5,1,3,0,23,10,2,0,0,0,4,0,true,0,,2,2,61,f1c832a9af788c9d2a7a0b066d76a7d8af253d83f5b0fa39c1aa91271230d3db,42/42;19/19,warn,warn,0,45,0,admission-webhook;capability-profile;cluster-rbac;crd-policy;dependency-lock;installer-support-object;source-lock;tpl;webhook-secret,false,false,false,false,false,helmEquivalence;installGate;render;scan,recipes/external-secrets/external-secrets/2.5.0/weirdness-and-mitigations.md,https://charts.external-secrets.io/,7f8cb50cd236cc0f8476b333119cb507a3becdc896fdb7ab16329e521911018f,scanned,
18,external-dns/external-dns,1.21.1,1.21.1,exact-chart-ref,exact,source-scanned,current-recipe-exact-version,package-proof-exists,default-only,next80-full:1 revision(s),proof-grade,not-reviewed-for-production,,add user-shaped variants before catalog promotion,tpl;crds;cluster-rbac,recipes/external-dns/external-dns/1.21.1/recipe.yaml,packages/external-dns/external-dns/1.21.1,machine-proof-only,,default,proof-grade-needs-variants,P2 recipe/render/install policy,7,0,0,0,0,2,0,0,0,0,2,10,0,0,0,1,2,0,0,0,0,1,0,false,0,next80-full,1,1,6,764caa006e0e36ed1ad27659090d71a9ca5ff4d671962684b49500971c57ee74,6/6,warn,warn,0,3,0,capability-profile;cluster-rbac;crds;dependency-lock;extension-slots;generated-facts;helm-equivalence;rendered-manifest-scan;source-lock;tpl-extension-slots;variant-revision,false,true,false,true,true,helmEquivalence;installGate;render;scan,,https://kubernetes-sigs.github.io/external-dns/,5dd033a4b872bf641860695705ee460031d0bc695f114bf8926fee6736814e19,scanned,
19,longhorn/longhorn,1.11.2,1.11.2,exact-chart-ref,exact,source-scanned,current-recipe-exact-version,package-proof-exists,multi-variant,proof:2 revision(s),catalog-supported,blocked-by-current-scan-gate,default;ui-ingress,add production dispositions and live/e2e observation lane,generated-facts;tpl;cluster-rbac,recipes/longhorn/longhorn/1.11.2/recipe.yaml,packages/longhorn/longhorn/1.11.2,supported-for-declared-scopes,local-test,,local-test-supported-production-blocked,P1 compiler policy needed,17,0,0,0,3,2,0,0,0,3,1,1,0,0,0,0,5,0,0,0,0,2,0,false,0,,2,2,83,4a2f739775a696f5d67db6adf1f99473c60a3f5adf308ceb3ccbf222435acd90,41/41;42/42,warn,warn,4,67,0,admission-webhook;capability-profile;cluster-rbac;crd-policy;dependency-lock;hook-policy;installer-support-object;privileged-storage-workload;source-lock;storageclass-policy;ui-ingress-policy,false,false,false,false,false,helmEquivalence;installGate;render;scan,recipes/longhorn/longhorn/1.11.2/weirdness-and-mitigations.md,https://charts.longhorn.io,a70272c83683923ed9cafa07fe1e4f3a6e7d5d74874111b3a8ad421e64102a77,scanned,
20,bitnami/rabbitmq,16.0.14,16.0.14,exact-chart-ref,exact,source-scanned,current-recipe-exact-version,package-proof-exists,multi-variant,proof:2 revision(s),catalog-supported,blocked-by-current-scan-gate,generated-passwords;existing-secret,add production dispositions and live/e2e observation lane,lookup;generated-facts;tpl;capabilities;stateful-storage,recipes/bitnami/rabbitmq/16.0.14/recipe.yaml,packages/bitnami/rabbitmq/16.0.14,supported-for-declared-scopes,local-test,,local-test-supported-production-blocked,P0 source/dependency risk,64,1,0,5,9,1,3,5,4,0,3,16,2,1,0,0,0,0,0,1,1,7,1,true,1,,2,2,19,81187ce4367f5196ddbaa35ea55b972698f8a474d78a2cdc2908b12290c89f31,10/10;9/9,warn,warn,0,9,0,capability-profile;dependency-lock;generated-facts;hook-policy;installer-support-object;pvc-policy;source-lock;stateful-workload;target-facts;tpl,false,false,false,false,false,helmEquivalence;installGate;render;scan,recipes/bitnami/rabbitmq/16.0.14/weirdness-and-mitigations.md,https://charts.bitnami.com/bitnami,df625220cafdfe892e68c1b3f1a5500049acd227fe90b2deca04df13190a176b,scanned,
21,gitlab/gitlab-runner,0.89.0,0.89.0,exact-chart-ref,exact,source-scanned,current-recipe-exact-version,package-proof-exists,default-only,next80-full:1 revision(s),proof-grade,not-reviewed-for-production,,add user-shaped variants before catalog promotion,generated-facts;tpl;capabilities,recipes/gitlab/gitlab-runner/0.89.0/recipe.yaml,packages/gitlab/gitlab-runner/0.89.0,machine-proof-only,,default,proof-grade-needs-variants,P0 source/dependency risk,36,1,0,1,1,0,0,0,0,1,0,12,4,0,0,0,0,0,0,0,0,1,0,false,0,next80-full,1,1,2,ad0d78b72ba8c9c6d896ee2faf620db82e9c52d2794f3dbbcbe6f3705c43d95e,2/2,pass,allow,0,0,0,capability-profile;dependency-lock;extension-slots;generated-facts;helm-equivalence;rendered-manifest-scan;source-lock;tpl-extension-slots;variant-revision,false,true,true,true,true,helmEquivalence;installGate;render;scan,,http://charts.gitlab.io/,22ac6e4757b61801ea1da86f40a5d300c45d32a27495e585b632c01364534e68,scanned,
22,aws/aws-load-balancer-controller,3.3.0,,none,none,source-scanned,no-current-recipe,no-package-proof,no-variants,not-proved,not-in-catalog,none,,"create recipe, package, variants, rendered digest, scans, and receipts",lookup;generated-facts;tpl;capabilities;crds;cluster-rbac;webhooks,,,none,,,not-yet-proved,P1 compiler policy needed,36,0,0,3,2,3,1,0,2,0,2,4,0,1,0,2,2,2,0,0,0,1,0,false,0,,0,0,0,,,,,,,,,,,,,,,,https://aws.github.io/eks-charts,2935448c0395eb9de249cfcdecb62d6bd1c893d31908aaa284eb8747c6aa38de,scanned,
23,bitnami/kafka,32.4.3,,none,none,source-scanned,no-current-recipe,no-package-proof,no-variants,not-proved,not-in-catalog,none,,"create recipe, package, variants, rendered digest, scans, and receipts",lookup;generated-facts;tpl;capabilities;hooks;stateful-storage,,,none,,,source-risk-no-proof,P0 source/dependency risk,77,1,2,5,8,1,4,6,2,0,0,27,2,1,1,0,0,0,0,6,4,9,1,true,1,,0,0,0,,,,,,,,,,,,,,,,https://charts.bitnami.com/bitnami,fe39cc71f350929c35561b30c1c7f3e16019de69edab9b82d656d0aca7667a64,scanned,
24,bitnami/mysql,14.0.3,14.0.3,exact-chart-ref,exact,source-scanned,current-recipe-exact-version,package-proof-exists,multi-variant,proof:2 revision(s),catalog-supported,blocked-by-current-scan-gate,generated-passwords;existing-secret,add production dispositions and live/e2e observation lane,lookup;generated-facts;tpl;capabilities;stateful-storage,recipes/bitnami/mysql/14.0.3/recipe.yaml,packages/bitnami/mysql/14.0.3,supported-for-declared-scopes,local-test,,local-test-supported-production-blocked,P0 source/dependency risk,64,1,0,5,9,1,3,5,2,2,8,13,2,1,0,0,0,0,0,2,0,7,1,true,1,,2,2,15,04e856bfa75859dc9d8e45c61d49ad566494a7f66c257da9113ad26ca1696380,8/8;7/7,warn,warn,0,9,0,capability-profile;dependency-lock;generated-facts;hook-policy;installer-support-object;pvc-policy;source-lock;stateful-workload;target-facts;tpl,false,false,false,false,false,helmEquivalence;installGate;render;scan,recipes/bitnami/mysql/14.0.3/weirdness-and-mitigations.md,https://charts.bitnami.com/bitnami,fc7c297ce7e2953190e313d4afc4f3093a9f8d47e82d15e6c933982c0d0b8ac2,scanned,
25,bitnami/external-dns,9.0.3,,none,none,source-scanned,no-current-recipe,no-package-proof,no-variants,not-proved,not-in-catalog,none,,"create recipe, package, variants, rendered digest, scans, and receipts",lookup;generated-facts;tpl;capabilities;crds;cluster-rbac,,,none,,,source-risk-no-proof,P0 source/dependency risk,65,1,0,5,8,2,3,6,2,0,3,5,2,1,0,1,4,0,0,0,0,2,1,true,1,,0,0,0,,,,,,,,,,,,,,,,https://charts.bitnami.com/bitnami,4f701e842ab91a2a07c1b9ee6c18619b3ec38a61e9327e4b7bfebbcb544ac3d7,scanned,
26,apache-airflow/airflow,1.21.0,,none,none,source-scanned,no-current-recipe,no-package-proof,no-variants,not-proved,not-in-catalog,none,,"create recipe, package, variants, rendered digest, scans, and receipts",lookup;generated-facts;tpl;capabilities;cluster-rbac;stateful-storage,,,none,,,source-risk-no-proof,P0 source/dependency risk,63,1,0,4,21,2,3,11,2,8,18,225,0,2,0,0,7,0,0,3,8,22,1,true,1,,0,0,0,,,,,,,,,,,,,,,,https://airflow.apache.org/,fc3e3c64b8f93b4c5b2c611a78b50f35a456ef9494a82d514f5e2a17a067c821,scanned,
27,elastic/elasticsearch,8.5.1,22.1.6,chart-name-only,different-current-version,source-scanned,current-recipe-different-version,package-proof-exists,default-only,next80-full:1 revision(s),proof-grade,not-reviewed-for-production,,review source/current-version drift and refresh recipe if needed,lookup;generated-facts;tpl;capabilities;stateful-storage,recipes/bitnami/elasticsearch/22.1.6/recipe.yaml,packages/bitnami/elasticsearch/22.1.6,machine-proof-only,,default,proof-grade-needs-variants,P1 compiler policy needed,27,0,0,2,5,1,1,3,2,0,0,4,1,0,0,0,0,0,0,1,0,2,0,false,0,next80-full,1,1,21,2dea059172595f3477271eadd1aea69c4274d15a8029a55afb176cb5ffd66217,21/21,warn,warn,0,4,0,capability-profile;dependency-lock;extension-slots;generated-facts;helm-equivalence;lifecycle-policy;rendered-manifest-scan;source-lock;stateful-storage;target-facts;tpl-extension-slots;variant-revision,true,true,true,true,true,helmEquivalence;installGate;render;scan,,https://helm.elastic.co,8a5e70ec72dc480c8a01b079bf7240722da7d017f5683178e23a745d418448ba,scanned,
28,bitnami/mongodb,19.0.3,19.0.7,exact-chart-ref,different-current-version,source-scanned,current-recipe-different-version,package-proof-exists,multi-variant,proof:2 revision(s),catalog-supported,blocked-by-current-scan-gate,generated-passwords;existing-secret-replicaset,review source/current-version drift and refresh recipe if needed,lookup;generated-facts;tpl;capabilities;cluster-rbac;stateful-storage,recipes/bitnami/mongodb/19.0.7/recipe.yaml,packages/bitnami/mongodb/19.0.7,supported-for-declared-scopes,local-test,,local-test-supported-production-blocked,P1 compiler policy needed,45,0,0,5,15,2,4,6,5,4,9,22,2,1,0,0,4,0,0,3,2,10,1,false,0,,2,2,18,187a27077a6c1924669172528109b878e4d9c7759689a2f52826be8dfbc30f1e,8/8;10/10,warn,warn,5,16,0,capability-profile;dependency-lock;generated-facts;hook-policy;installer-support-object;network-policy;pdb-policy;replicaset-topology;source-lock;target-facts;tpl;workload-policy,false,false,false,false,false,helmEquivalence;installGate;render;scan,recipes/bitnami/mongodb/19.0.7/weirdness-and-mitigations.md,https://charts.bitnami.com/bitnami,d68f0869252f6e3005a56b9a9e6982c6d603427834106dbdf7fb4e01d66dd591,scanned,
29,nextcloud/nextcloud,9.1.0,,none,none,source-scanned,no-current-recipe,no-package-proof,no-variants,not-proved,not-in-catalog,none,,"create recipe, package, variants, rendered digest, scans, and receipts",lookup;generated-facts;tpl;capabilities;stateful-storage,,,none,,,source-risk-no-proof,P0 source/dependency risk,66,1,0,5,30,1,15,19,6,5,23,53,7,5,0,0,0,0,0,9,11,20,3,true,3,,0,0,0,,,,,,,,,,,,,,,,https://nextcloud.github.io/helm/,d5c948f223e5170b458d70a87d05293aaea46dee3ee67fcfdf7235e927f6feb9,scanned,
30,vmware-tanzu/velero,12.0.1,12.0.1,chart-name-version,exact,source-scanned,current-recipe-exact-version,package-proof-exists,default-only,next80-full:1 revision(s),proof-grade,not-reviewed-for-production,,add user-shaped variants before catalog promotion,tpl;capabilities;crds;cluster-rbac,recipes/velero/velero/12.0.1/recipe.yaml,packages/velero/velero/12.0.1,machine-proof-only,,default,proof-grade-needs-variants,P2 recipe/render/install policy,17,0,0,2,0,2,0,0,0,0,1,5,3,1,0,13,3,0,0,0,0,1,0,false,0,next80-full,1,1,23,3fc8afa5a2077710e8e9a49df435b234925b373cdaf2209e66fada0044ef2c1b,23/23,warn,warn,0,15,0,capability-profile;cluster-rbac;crds;dependency-lock;extension-slots;generated-facts;helm-equivalence;lifecycle-policy;rendered-manifest-scan;secret-material;source-lock;tpl-extension-slots;variant-revision,false,true,true,true,true,helmEquivalence;installGate;render;scan,,https://vmware-tanzu.github.io/helm-charts/,d6281a4a722870881c2312ac4814b9d545839a1a74908c4a2aec3dc75483382e,scanned,
31,cilium/cilium,1.20.0-pre.2,,none,none,source-scanned,no-current-recipe,no-package-proof,no-variants,not-proved,not-in-catalog,none,,"create recipe, package, variants, rendered digest, scans, and receipts",lookup;generated-facts;tpl;capabilities;cluster-rbac;stateful-storage,,,none,,,not-yet-proved,P1 compiler policy needed,41,0,0,4,15,2,6,0,10,5,74,6,3,28,0,0,21,0,0,1,0,22,0,false,0,,0,0,0,,,,,,,,,,,,,,,,https://helm.cilium.io/,bef01398d43b9e2a66417269024d5fdd1ecc09e793da583cad97b53304f9e5fa,scanned,
32,bitnami/minio,17.0.21,,none,none,source-scanned,no-current-recipe,no-package-proof,no-variants,not-proved,not-in-catalog,none,,"create recipe, package, variants, rendered digest, scans, and receipts",lookup;generated-facts;tpl;capabilities;hooks;stateful-storage,,,none,,,source-risk-no-proof,P0 source/dependency risk,80,1,2,5,11,1,3,5,6,0,8,17,2,1,1,0,0,0,0,0,1,9,1,true,1,,0,0,0,,,,,,,,,,,,,,,,https://charts.bitnami.com/bitnami,0a82daf088c8971cc5c727abbc68798d64283fef702ccd58f7bd499ceeda6a09,scanned,
33,cluster-autoscaler/cluster-autoscaler,9.57.0,9.57.0,chart-name-version,exact,source-scanned,current-recipe-exact-version,package-proof-exists,default-only,next80-full:1 revision(s),proof-grade,not-reviewed-for-production,,add user-shaped variants before catalog promotion,tpl;capabilities;cluster-rbac,recipes/autoscaler/cluster-autoscaler/9.57.0/recipe.yaml,packages/autoscaler/cluster-autoscaler/9.57.0,machine-proof-only,,default,proof-grade-needs-variants,P2 recipe/render/install policy,16,0,0,2,0,1,0,0,0,0,4,23,0,3,0,0,2,0,0,0,0,1,0,false,0,next80-full,1,1,7,9e67f520b5c65ff34d72f8c85e4245c2d9d238b6da336112dfa272a060d69446,7/7,warn,warn,1,2,0,capability-profile;cluster-rbac;dependency-lock;extension-slots;helm-equivalence;rendered-manifest-scan;source-lock;tpl-extension-slots;variant-revision,false,false,true,true,true,helmEquivalence;installGate;render;scan,,https://kubernetes.github.io/autoscaler,d1cc7757b42bcc61e2ff70087552d95c33f74a43c04779bf258d29485f882e45,scanned,
34,metallb/metallb,0.16.0,,none,none,source-scanned,no-current-recipe,no-package-proof,no-variants,not-proved,not-in-catalog,none,,"create recipe, package, variants, rendered digest, scans, and receipts",generated-facts;crds;cluster-rbac;webhooks,,,none,,,not-yet-proved,P1 compiler policy needed,14,0,0,0,3,3,0,0,0,3,12,0,0,0,0,11,6,2,0,0,0,2,0,true,0,,0,0,0,,,,,,,,,,,,,,,,https://metallb.github.io/metallb,108ad635a9ab8c2d07207a5610358d3671f8f0d5cf744b62fecf0acb5436b052,scanned,
35,istio-official/istiod,1.30.0,1.30.0,chart-name-version,exact,source-scanned,current-recipe-exact-version,package-proof-exists,default-only,next80-full:1 revision(s),proof-grade,not-reviewed-for-production,,add user-shaped variants before catalog promotion,tpl;cluster-rbac;webhooks,recipes/istio/istiod/1.30.0/recipe.yaml,packages/istio/istiod/1.30.0,machine-proof-only,,default,proof-grade-needs-variants,P2 recipe/render/install policy,13,0,0,1,0,2,0,0,0,0,6,3,0,0,0,0,6,3,0,0,0,0,0,false,0,next80-full,1,1,17,53385181293dd9a8228f37a370148dde3cc77acecf5a3a8539fa1b8eb0f9afdf,17/17,warn,warn,1,8,0,capability-profile;cluster-rbac;dependency-lock;generated-facts;helm-equivalence;rendered-manifest-scan;source-lock;tpl-extension-slots;variant-revision;webhooks,false,true,false,true,false,helmEquivalence;installGate;render;scan,,https://istio-release.storage.googleapis.com/charts,7a34c7688da34107841e9585b226b94357769749f82502fdc4fb43a6bc3db320,scanned,
36,argo/argo-workflows,1.0.14,1.0.14,chart-name-version,exact,source-scanned,current-recipe-exact-version,package-proof-exists,default-only,next80-full:1 revision(s),proof-grade,not-reviewed-for-production,,add user-shaped variants before catalog promotion,tpl;capabilities;crds;cluster-rbac,recipes/argo-cd/argo-workflows/1.0.14/recipe.yaml,packages/argo-cd/argo-workflows/1.0.14,machine-proof-only,,default,proof-grade-needs-variants,P2 recipe/render/install policy,20,0,0,3,0,2,0,0,0,0,0,17,2,1,0,8,13,0,0,0,0,1,0,false,0,next80-full,1,1,19,677516f7d311ffdfcf7a4b424585cada43ba104af51ef7e283c575d8279c16bc,19/19,warn,warn,0,11,0,capability-profile;cluster-rbac;dependency-lock;extension-slots;helm-equivalence;lifecycle-policy;rendered-manifest-scan;source-lock;tpl-extension-slots;variant-revision,false,false,true,true,true,helmEquivalence;installGate;render;scan,,https://argoproj.github.io/argo-helm,552fd9548aa107cd495a5e1277c4995b0389591ce945537a356863bfc791c339,scanned,
37,rancher-stable/rancher,2.14.1,,none,none,source-scanned,no-current-recipe,no-package-proof,no-variants,not-proved,not-in-catalog,none,,"create recipe, package, variants, rendered digest, scans, and receipts",lookup;tpl;capabilities;cluster-rbac;stateful-storage,,,none,,,not-yet-proved,P1 compiler policy needed,32,0,0,4,0,2,2,0,0,0,0,2,4,0,0,0,5,0,0,0,1,1,0,false,0,,0,0,0,,,,,,,,,,,,,,,,https://releases.rancher.com/server-charts/stable,9db459d9948bab56a0b8594e3f120dfc48f80f2cb9f9626ed30501a4b35d9b5e,scanned,
38,kyverno/kyverno,3.8.1,3.8.1,exact-chart-ref,exact,source-scanned,current-recipe-exact-version,package-proof-exists,default-only,next80-full:1 revision(s),proof-grade,not-reviewed-for-production,,add user-shaped variants before catalog promotion,lookup;generated-facts;tpl;capabilities;hooks;crds;cluster-rbac;stateful-storage,recipes/kyverno/kyverno/3.8.1/recipe.yaml,packages/kyverno/kyverno/3.8.1,machine-proof-only,,default,proof-grade-needs-variants,P0 source/dependency risk,92,1,3,5,12,3,4,6,6,0,39,158,4,4,8,25,31,0,0,3,2,9,1,true,1,next80-full,1,1,69,00df8d584a2b69683a7895eff47d5a2bd6c1947827272bc518b0b79bbba80884,69/69,warn,warn,0,45,0,capability-profile;cluster-rbac;crds;dependency-lock;extension-slots;generated-facts;helm-equivalence;lifecycle-policy;rendered-manifest-scan;source-lock;target-facts;tpl-extension-slots;variant-revision,true,true,true,true,true,helmEquivalence;installGate;render;scan,,https://kyverno.github.io/kyverno/,a33f35b83b6991daf6a1b1cf995becbe369747fcd84411d5089d55a40ee4ae0d,scanned,
39,gitea/gitea,12.6.0,,none,none,source-scanned,no-current-recipe,no-package-proof,no-variants,not-proved,not-in-catalog,none,,"create recipe, package, variants, rendered digest, scans, and receipts",lookup;generated-facts;tpl;capabilities;stateful-storage,,,none,,,source-risk-no-proof,P0 source/dependency risk,66,1,0,5,37,1,19,23,8,6,37,75,10,4,0,0,0,0,0,8,12,21,4,true,4,,0,0,0,,,,,,,,,,,,,,,,https://dl.gitea.com/charts,bcfe40141cacdb93bbc4974cab8ab0cf37b79254f2d171b928386b5cfbc8be62,scanned,
40,sonarqube/sonarqube,2026.3.0,,none,none,source-scanned,no-current-recipe,no-package-proof,no-variants,not-proved,not-in-catalog,none,,"create recipe, package, variants, rendered digest, scans, and receipts",tpl;capabilities;cluster-rbac;webhooks;stateful-storage,,,none,,,not-yet-proved,P2 recipe/render/install policy,20,0,0,3,0,3,0,0,0,0,1,21,2,14,0,0,4,1,0,1,2,6,0,true,0,,0,0,0,,,,,,,,,,,,,,,,https://SonarSource.github.io/helm-chart-sonarqube,cf3c727c932149d83ad25f9088818bd891708ea444e330d07e687df3049830c0,scanned,
41,cloudnative-pg/cloudnative-pg,0.28.2,0.28.2,exact-chart-ref,exact,source-scanned,current-recipe-exact-version,package-proof-exists,default-only,next80-full:1 revision(s),proof-grade,not-reviewed-for-production,,add user-shaped variants before catalog promotion,generated-facts;tpl;crds;cluster-rbac;webhooks,recipes/cloudnative-pg/cloudnative-pg/0.28.2/recipe.yaml,packages/cloudnative-pg/cloudnative-pg/0.28.2,machine-proof-only,,default,proof-grade-needs-variants,P0 source/dependency risk,35,1,0,0,1,3,0,0,0,1,0,1,0,0,0,1,4,2,0,0,0,1,0,true,1,next80-full,1,1,21,67190a176fe9539df56c63c033cfffb1538a06bc47d8624532a0a980fe50bd46,21/21,warn,warn,0,16,0,capability-profile;cluster-rbac;crds;dependency-lock;generated-facts;helm-equivalence;rendered-manifest-scan;source-lock;target-facts;tpl-extension-slots;variant-revision;webhooks,true,true,false,true,false,helmEquivalence;installGate;render;scan,,https://cloudnative-pg.io/charts/,43c8029e2c88527cfde8dd19d88fd120f67565f5788b213a37de43ee96f64e64,scanned,
42,fluent/fluent-bit,0.57.6,0.57.6,exact-chart-ref,exact,source-scanned,current-recipe-exact-version,package-proof-exists,default-only,next80-full:1 revision(s),proof-grade,not-reviewed-for-production,,add user-shaped variants before catalog promotion,tpl;capabilities;hooks;cluster-rbac,recipes/fluent/fluent-bit/0.57.6/recipe.yaml,packages/fluent/fluent-bit/0.57.6,machine-proof-only,,default,proof-grade-needs-variants,P1 compiler policy needed,33,0,2,3,0,1,0,0,0,0,0,14,7,8,1,0,2,0,0,0,0,0,0,false,0,next80-full,1,1,6,464d9136c0ba9e845fd81c1dbea556e717d47930d7cb58755de67ead7f8f2a2b,6/6,warn,warn,0,2,0,capability-profile;cluster-rbac;dependency-lock;extension-slots;helm-equivalence;lifecycle-policy;rendered-manifest-scan;source-lock;tpl-extension-slots;variant-revision,false,false,true,true,true,helmEquivalence;installGate;render;scan,,https://fluent.github.io/helm-charts,dba34ec5f57a69a91b391077fefc58db7431e5fe30c4da25df8b65240abb30f8,scanned,
43,datadog/datadog,3.214.0,,none,none,source-scanned,no-current-recipe,no-package-proof,no-variants,not-proved,not-in-catalog,none,,"create recipe, package, variants, rendered digest, scans, and receipts",lookup;generated-facts;tpl;capabilities;hooks;cluster-rbac;stateful-storage,,,none,,,not-yet-proved,P1 compiler policy needed,59,0,2,4,6,4,2,1,0,5,47,38,17,31,3,0,32,0,1,1,0,6,0,true,0,,0,0,0,,,,,,,,,,,,,,,,https://helm.datadoghq.com,170b73c19828b9ec9dff106025342e560ba7270208a134631ca62bb6fa9fdd82,scanned,
44,bitnami/thanos,17.3.1,,none,none,source-scanned,no-current-recipe,no-package-proof,no-variants,not-proved,not-in-catalog,none,,"create recipe, package, variants, rendered digest, scans, and receipts",lookup;generated-facts;tpl;capabilities;hooks;cluster-rbac;stateful-storage,,,none,,,source-risk-no-proof,P0 source/dependency risk,81,1,2,5,42,2,6,10,29,2,23,32,4,2,1,0,4,0,0,8,6,33,2,true,3,,0,0,0,,,,,,,,,,,,,,,,https://charts.bitnami.com/bitnami,805d2c3464ca1cf8311c2b0a7e391439acf05691ff05388afe968c74ac93e226,scanned,
45,runix/pgadmin4,1.62.0,1.62.0,exact-chart-ref,exact,source-scanned,current-recipe-exact-version,package-proof-exists,default-only,next80-full:1 revision(s),proof-grade,not-reviewed-for-production,,add user-shaped variants before catalog promotion,tpl;capabilities;stateful-storage,recipes/runix/pgadmin4/1.62.0/recipe.yaml,packages/runix/pgadmin4/1.62.0,machine-proof-only,,default,proof-grade-needs-variants,P2 recipe/render/install policy,20,0,0,3,0,1,0,0,0,0,2,19,2,6,0,0,0,0,0,1,1,2,0,false,0,next80-full,1,1,5,78528d11d3b5ea8cf8c03e43834edbe87a944df1593c516867cc4e0389ba1565,5/5,warn,warn,0,1,0,capability-profile;dependency-lock;extension-slots;helm-equivalence;lifecycle-policy;rendered-manifest-scan;secret-material;source-lock;stateful-storage;tpl-extension-slots;variant-revision,false,false,true,true,true,helmEquivalence;installGate;render;scan,,https://helm.runix.net/,6f615ad016402c4413845d2c2d020b5a0a0e71d21cd8b80ef63a1feeace972d5,scanned,
46,oauth2-proxy/oauth2-proxy,10.6.0,,none,none,source-scanned,no-current-recipe,no-package-proof,no-variants,not-proved,not-in-catalog,none,,"create recipe, package, variants, rendered digest, scans, and receipts",generated-facts;tpl;capabilities;stateful-storage,,,none,,,not-yet-proved,P1 compiler policy needed,30,0,0,3,9,1,0,0,0,1,6,81,4,10,0,0,0,0,0,1,1,10,0,true,0,,0,0,0,,,,,,,,,,,,,,,,https://oauth2-proxy.github.io/manifests,2c7f4af15a8f7778e86880c7d805a224ed55261bd34d3aafc9d9619c24b05bb4,scanned,
47,bitnami/wordpress,31.0.0,,none,none,source-scanned,no-current-recipe,no-package-proof,no-variants,not-proved,not-in-catalog,none,,"create recipe, package, variants, rendered digest, scans, and receipts",lookup;generated-facts;tpl;capabilities;stateful-storage,,,none,,,not-yet-proved,P1 compiler policy needed,44,0,0,5,25,1,10,17,6,2,13,32,6,3,0,0,0,0,0,4,1,14,3,false,0,,0,0,0,,,,,,,,,,,,,,,,https://charts.bitnami.com/bitnami,f89f60683ceea47b3dcc762ef0c5be0cc8565f20a405a7b5a965e6515c106436,scanned,
48,bitnami/nginx,24.0.2,24.0.2,exact-chart-ref,exact,source-scanned,current-recipe-exact-version,package-proof-exists,multi-variant,proof:2 revision(s),catalog-supported,blocked-by-current-scan-gate,http-clusterip;existing-tls-ingress,add production dispositions and live/e2e observation lane,lookup;generated-facts;tpl;capabilities,recipes/bitnami/nginx/24.0.2/recipe.yaml,packages/bitnami/nginx/24.0.2,supported-for-declared-scopes,local-test,,local-test-supported-production-blocked,P1 compiler policy needed,40,0,0,5,11,0,5,5,6,0,0,17,2,1,0,0,0,0,0,0,0,6,1,false,0,,2,2,11,a5f890172fd1bd8cf31870607c1a7874313c5746f1020d547af3dac017db4223,5/5;6/6,warn,warn,4,11,0,availability-policy;capability-profile;dependency-lock;deployment-workload;edge-ingress-policy;extension-slots;generated-facts;installer-support-object;network-policy;source-lock;target-facts,false,false,false,false,false,helmEquivalence;installGate;render;scan,recipes/bitnami/nginx/24.0.2/weirdness-and-mitigations.md,https://charts.bitnami.com/bitnami,de4124245234c508f16f074351f66e701e101177439f38ddee89e5a038dae3a3,scanned,
49,goauthentik/authentik,2026.5.0,,none,none,source-scanned,no-current-recipe,no-package-proof,no-variants,not-proved,not-in-catalog,none,,"create recipe, package, variants, rendered digest, scans, and receipts",lookup;generated-facts;tpl;capabilities;cluster-rbac;stateful-storage,,,none,,,not-yet-proved,P1 compiler policy needed,45,0,0,5,10,2,3,6,2,2,35,41,2,2,0,0,2,0,0,2,3,8,1,true,0,,0,0,0,,,,,,,,,,,,,,,,https://charts.goauthentik.io/,39b3070b2341ed2a7abdd1f5c6cdacf41d944b2c3b90e4816957ff8de89e49a4,scanned,
50,bitnami-labs/sealed-secrets,2.18.6,2.18.6,chart-name-version,exact,source-scanned,current-recipe-exact-version,package-proof-exists,default-only,next80-full:1 revision(s),proof-grade,not-reviewed-for-production,,add user-shaped variants before catalog promotion,lookup;generated-facts;tpl;capabilities;crds;cluster-rbac,recipes/sealed-secrets/sealed-secrets/2.18.6/recipe.yaml,packages/sealed-secrets/sealed-secrets/2.18.6,machine-proof-only,,default,proof-grade-needs-variants,P1 compiler policy needed,39,0,0,3,3,2,1,0,2,1,2,2,0,2,0,1,4,0,0,0,0,2,0,false,0,next80-full,1,1,11,096c66f4ea312aa7c3a4fc2be815b64271c3f1c829c8914b5c96c190aa22a83e,11/11,warn,warn,0,3,0,capability-profile;cluster-rbac;crds;dependency-lock;extension-slots;generated-facts;helm-equivalence;rendered-manifest-scan;source-lock;target-facts;tpl-extension-slots;variant-revision,true,true,true,true,true,helmEquivalence;installGate;render;scan,,https://bitnami-labs.github.io/sealed-secrets/,4af8cb2b150b83460f15242e36706159cb77f6ba834f79a7bd172cb2f5debc72,scanned,
51,nfs-subdir-external-provisioner/nfs-subdir-external-provisioner,4.0.18,4.0.18,exact-chart-ref,exact,source-scanned,current-recipe-exact-version,package-proof-exists,default-only,next80-full:1 revision(s),proof-grade,not-reviewed-for-production,,add user-shaped variants before catalog promotion,capabilities;cluster-rbac;stateful-storage,recipes/nfs-subdir-external-provisioner/nfs-subdir-external-provisioner/4.0.18/recipe.yaml,packages/nfs-subdir-external-provisioner/nfs-subdir-external-provisioner/4.0.18,machine-proof-only,,default,proof-grade-needs-variants,P2 recipe/render/install policy,10,0,0,2,0,2,0,0,0,0,0,0,0,4,0,0,2,0,0,0,1,0,0,false,0,next80-full,1,1,7,448129b8cf526e0fb240e23fc1cbddd1b6cd994158faa60904f7db5b1c10eb28,7/7,warn,warn,0,2,0,capability-profile;cluster-rbac;dependency-lock;helm-equivalence;rendered-manifest-scan;source-lock;variant-revision,false,false,true,false,false,helmEquivalence;installGate;render;scan,,https://kubernetes-sigs.github.io/nfs-subdir-external-provisioner,a842163c1f5eedc4893e1f685e4249b0ddd62533c3c941228ee6a096ac308f6f,scanned,
52,nginx/nginx-ingress,2.5.3,,none,none,source-scanned,no-current-recipe,no-package-proof,no-variants,not-proved,not-in-catalog,none,,"create recipe, package, variants, rendered digest, scans, and receipts",capabilities;crds;cluster-rbac;stateful-storage,,,none,,,not-yet-proved,P2 recipe/render/install policy,14,0,0,2,0,3,0,0,0,0,8,0,1,0,0,12,2,0,0,1,0,2,0,false,0,,0,0,0,,,,,,,,,,,,,,,,https://helm.nginx.com/stable,a60c31b4432c0c12871fea32686b83c947476907ee50966944a58aa6b8c87593,scanned,
53,kedacore/keda,2.19.0,2.19.0,exact-chart-ref,exact,source-scanned,current-recipe-exact-version,package-proof-exists,default-only,next80-full:1 revision(s),proof-grade,not-reviewed-for-production,,add user-shaped variants before catalog promotion,tpl;capabilities;crds;cluster-rbac;webhooks,recipes/kedacore/keda/2.19.0/recipe.yaml,packages/kedacore/keda/2.19.0,machine-proof-only,,default,proof-grade-needs-variants,P2 recipe/render/install policy,12,0,0,1,0,4,0,0,0,0,0,2,0,2,0,6,12,1,1,0,0,0,0,false,0,next80-full,1,1,29,95bac2eeb03cdf4d0392ed7d66c37c81db91beeba346752f932abef73d26db1f,29/29,warn,warn,0,17,0,apiservice;capability-profile;cluster-rbac;crds;dependency-lock;extension-slots;helm-equivalence;rendered-manifest-scan;source-lock;target-facts;tpl-extension-slots;variant-revision;webhooks,true,false,true,true,true,helmEquivalence;installGate;render;scan,,https://kedacore.github.io/charts,6ee0edbb604577aaa2db07a4eecd836c69e1b1266f2db88a55010870faaad34b,scanned,
54,argo/argocd-apps,2.0.5,,none,none,source-scanned,no-current-recipe,no-package-proof,no-variants,not-proved,not-in-catalog,none,,"create recipe, package, variants, rendered digest, scans, and receipts",tpl,,,none,,,not-yet-proved,P2 recipe/render/install policy,2,0,0,0,0,0,0,0,0,0,0,3,0,0,0,0,0,0,0,0,0,0,0,false,0,,0,0,0,,,,,,,,,,,,,,,,https://argoproj.github.io/argo-helm,037b6cb7ad1460302cfc85b9a9dd98d087a2ae7af056081fd065f26377ee60b9,scanned,
55,artifact-hub/artifact-hub,1.22.0,,none,none,source-scanned,no-current-recipe,no-package-proof,no-variants,not-proved,not-in-catalog,none,,"create recipe, package, variants, rendered digest, scans, and receipts",lookup;generated-facts;tpl;capabilities;stateful-storage,,,none,,,not-yet-proved,P1 compiler policy needed,44,0,0,5,10,1,3,6,2,2,9,27,4,3,0,0,0,0,0,2,4,10,1,true,0,,0,0,0,,,,,,,,,,,,,,,,https://artifacthub.github.io/helm-charts/,7ed7dbd80f2bdbc6d2ef05ecd50600dcf6bcc7cb687be776cec76744ce76df0a,scanned,
56,mojo2600/pihole,2.35.0,,none,none,source-scanned,no-current-recipe,no-package-proof,no-variants,not-proved,not-in-catalog,none,,"create recipe, package, variants, rendered digest, scans, and receipts",generated-facts;tpl,,,none,,,not-yet-proved,P1 compiler policy needed,15,0,0,0,1,0,0,1,0,0,2,1,0,0,0,0,0,0,0,0,0,1,0,false,0,,0,0,0,,,,,,,,,,,,,,,,https://mojo2600.github.io/pihole-kubernetes/,9b657a48da48d4c1ed733cc23d22261b64ebd6619029509efe8160ebb23da309,scanned,
57,hashicorp/consul,2.0.0-rc2,2.0.0,exact-chart-ref,different-current-version,source-scanned,current-recipe-different-version,package-proof-exists,multi-variant,proof:2 revision(s),catalog-supported,blocked-by-current-scan-gate,default-control-plane;secure-mesh-existing-secrets,review source/current-version drift and refresh recipe if needed,tpl;capabilities;cluster-rbac;webhooks;stateful-storage,recipes/hashicorp/consul/2.0.0/recipe.yaml,packages/hashicorp/consul/2.0.0,supported-for-declared-scopes,local-test,,local-test-supported-production-blocked,P2 recipe/render/install policy,25,0,0,4,0,4,0,0,0,0,98,109,2,5,0,0,31,2,0,1,1,1,0,false,0,,2,2,165,7efa3e8b59c702c8b8fa744a0ff91198e09ad8ba0fb93a86b50c3fd9e39d29f7,68/68;97/97,warn,warn,0,120,0,admission-webhook;capability-profile;cluster-rbac;crd-ownership;dependency-lock;extension-slots;installer-support-object;lifecycle-policy;mesh-gateway-policy;source-lock;stateful-workload;target-facts;ui-ingress-policy,false,false,false,false,false,helmEquivalence;installGate;render;scan,recipes/hashicorp/consul/2.0.0/weirdness-and-mitigations.md,https://helm.releases.hashicorp.com,13134afcd7d2bcb169525fca18d6aaccc5f3dabc3c932322b1dfeaa1c954276f,scanned,
58,prometheus-community/kube-state-metrics,7.4.0,7.4.0,exact-chart-ref,exact,source-scanned,current-recipe-exact-version,package-proof-exists,default-only,next80-full:1 revision(s),proof-grade,not-reviewed-for-production,,add user-shaped variants before catalog promotion,generated-facts;tpl;capabilities;cluster-rbac;stateful-storage,recipes/prometheus-community/kube-state-metrics/7.4.0/recipe.yaml,packages/prometheus-community/kube-state-metrics/7.4.0,machine-proof-only,,default,proof-grade-needs-variants,P1 compiler policy needed,18,0,0,1,1,2,0,0,0,1,0,12,1,0,0,0,2,0,0,2,0,1,0,false,0,next80-full,1,1,5,b892be5f9969f39e3a7a0fadacde77cf3b9a86ca16485d5712cc2a476bda14bc,5/5,warn,warn,0,2,0,capability-profile;cluster-rbac;dependency-lock;extension-slots;generated-facts;helm-equivalence;rendered-manifest-scan;source-lock;tpl-extension-slots;variant-revision,false,true,true,true,true,helmEquivalence;installGate;render;scan,,https://prometheus-community.github.io/helm-charts,1cb1b6ac50b02a2ae691f895358959d61d377168c820cf51f2d0ea8a739e1b7f,scanned,
59,bitnami/mariadb,25.1.2,,none,none,source-scanned,no-current-recipe,no-package-proof,no-variants,not-proved,not-in-catalog,none,,"create recipe, package, variants, rendered digest, scans, and receipts",lookup;generated-facts;tpl;capabilities;stateful-storage,,,none,,,not-yet-proved,P1 compiler policy needed,44,0,0,5,10,1,4,6,2,2,13,11,2,1,0,0,0,0,0,2,0,6,1,false,0,,0,0,0,,,,,,,,,,,,,,,,https://charts.bitnami.com/bitnami,55d10eb592fdaba9a560acc4ed38a885f974239c30d47800cc0e2e04d2a11239,scanned,
60,elastic/eck-operator,3.4.0,3.4.0,exact-chart-ref,exact,source-scanned,current-recipe-exact-version,package-proof-exists,default-only,next80-full:1 revision(s),proof-grade,not-reviewed-for-production,,add user-shaped variants before catalog promotion,tpl;capabilities;cluster-rbac;webhooks;stateful-storage,recipes/elastic/eck-operator/3.4.0/recipe.yaml,packages/elastic/eck-operator/3.4.0,machine-proof-only,,default,proof-grade-needs-variants,P2 recipe/render/install policy,15,0,0,1,0,4,0,0,0,0,13,1,0,2,0,0,6,1,0,1,0,1,0,true,0,next80-full,1,1,22,11bd8f291f9da0611bf6795dbbbe41a9e4e5ae9fe4cd58e9bad69dd883aee278,22/22,warn,warn,0,18,0,capability-profile;cluster-rbac;crds;dependency-lock;extension-slots;generated-facts;helm-equivalence;rendered-manifest-scan;secret-material;source-lock;stateful-storage;tpl-extension-slots;variant-revision;webhooks,false,true,true,true,true,helmEquivalence;installGate;render;scan,,https://helm.elastic.co,097f44d2b9ba895495db311eecd9de9ee03d44a5d50fd6ebaf023edbb2ef3c97,scanned,
61,istio-official/base,1.30.0,,none,none,source-scanned,no-current-recipe,no-package-proof,no-variants,not-proved,not-in-catalog,none,,"create recipe, package, variants, rendered digest, scans, and receipts",webhooks,,,none,,,not-yet-proved,P2 recipe/render/install policy,10,0,0,1,0,1,0,0,0,0,4,0,0,0,0,0,0,1,0,0,0,0,0,false,0,,0,0,0,,,,,,,,,,,,,,,,https://istio-release.storage.googleapis.com/charts,aef833a87ed0022114c5759fe3ec6af7862c2a224d4c60e40ebaaef825e1e39d,scanned,
62,elastic/kibana,8.5.1,8.5.1,exact-chart-ref,exact,source-scanned,current-recipe-exact-version,package-proof-exists,default-only,next80-full:1 revision(s),proof-grade,not-reviewed-for-production,,add user-shaped variants before catalog promotion,tpl,recipes/elastic/kibana/8.5.1/recipe.yaml,packages/elastic/kibana/8.5.1,machine-proof-only,,default,proof-grade-needs-variants,P2 recipe/render/install policy,2,0,0,0,0,0,0,0,0,0,0,3,0,0,0,0,0,0,0,0,0,0,0,false,0,next80-full,1,1,2,3c0e03c571ed6c5635edd63244a0085634a30bd73e011e2db802c9d1c63b0cb3,2/2,pass,allow,0,0,0,capability-profile;dependency-lock;extension-slots;helm-equivalence;lifecycle-policy;rendered-manifest-scan;source-lock;tpl-extension-slots;variant-revision,false,false,false,true,true,helmEquivalence;installGate;render;scan,,https://helm.elastic.co,dab5f50a4f66a3a62529c336db0df732358c5bac405a17efee1572127b895acf,scanned,
63,community-charts/n8n,1.16.42,,none,none,source-scanned,no-current-recipe,no-package-proof,no-variants,not-proved,not-in-catalog,none,,"create recipe, package, variants, rendered digest, scans, and receipts",lookup;generated-facts;tpl;capabilities;stateful-storage,,,none,,,not-yet-proved,P1 compiler policy needed,44,0,0,5,21,1,14,12,4,5,11,58,7,15,0,0,0,0,0,8,13,20,2,true,0,,0,0,0,,,,,,,,,,,,,,,,https://community-charts.github.io/helm-charts,24d6707d1f227b6c807e890eb5ead4c2ac39e473e3611faf1b53bcee260afee4,scanned,
64,descheduler/descheduler,0.36.0,0.36.0,exact-chart-ref,exact,source-scanned,current-recipe-exact-version,package-proof-exists,default-only,next80-full:1 revision(s),proof-grade,not-reviewed-for-production,,add user-shaped variants before catalog promotion,tpl;cluster-rbac,recipes/descheduler/descheduler/0.36.0/recipe.yaml,packages/descheduler/descheduler/0.36.0,machine-proof-only,,default,proof-grade-needs-variants,P2 recipe/render/install policy,6,0,0,0,0,1,0,0,0,0,3,3,0,0,0,0,2,0,0,0,0,0,0,false,0,next80-full,1,1,5,23cfd1f815897db367d88feb42f54c765ed17f435cb779cd8dec5ecb196da707,5/5,warn,warn,0,2,0,capability-profile;cluster-rbac;dependency-lock;helm-equivalence;rendered-manifest-scan;source-lock;tpl-extension-slots;variant-revision,false,false,false,true,false,helmEquivalence;installGate;render;scan,,https://kubernetes-sigs.github.io/descheduler/,fae31d330236c0dee087241e0861759df16235c1f4d4c5a149d83788997b6b8f,scanned,
65,prometheus-community/prometheus-blackbox-exporter,11.10.0,11.10.0,exact-chart-ref,exact,source-scanned,current-recipe-exact-version,package-proof-exists,default-only,next80-full:1 revision(s),proof-grade,not-reviewed-for-production,,add user-shaped variants before catalog promotion,tpl;capabilities,recipes/prometheus-community/prometheus-blackbox-exporter/11.10.0/recipe.yaml,packages/prometheus-community/prometheus-blackbox-exporter/11.10.0,machine-proof-only,,default,proof-grade-needs-variants,P2 recipe/render/install policy,8,0,0,1,0,0,0,0,0,0,0,6,1,0,0,0,0,0,0,0,0,0,0,false,0,next80-full,1,1,4,43dbd48cda5a6f5aa85365fdba15a04cb328d513a0123983ec943c505a01730c,4/4,pass,allow,0,0,0,capability-profile;dependency-lock;extension-slots;helm-equivalence;rendered-manifest-scan;source-lock;tpl-extension-slots;variant-revision,false,false,true,true,true,helmEquivalence;installGate;render;scan,,https://prometheus-community.github.io/helm-charts,bf595c36961cbfe699fe80746896f6510aede5c1110399ae6202f4e363fdee57,scanned,
66,bitnami/elasticsearch,22.1.6,,none,none,source-scanned,no-current-recipe,no-package-proof,no-variants,not-proved,not-in-catalog,none,,"create recipe, package, variants, rendered digest, scans, and receipts",lookup;generated-facts;tpl;capabilities;stateful-storage,,,none,,,source-risk-no-proof,P0 source/dependency risk,64,1,0,5,23,1,6,10,13,0,3,20,4,2,0,0,0,0,0,8,3,14,2,true,3,,0,0,0,,,,,,,,,,,,,,,,https://charts.bitnami.com/bitnami,5c9db533f891fc52fbea44bd15d2782b38c78ad943b80e9afff35103daf10e6a,scanned,
67,stakater/reloader,2.2.11,2.2.12,exact-chart-ref,different-current-version,source-scanned,current-recipe-different-version,package-proof-exists,default-only,next80-full:1 revision(s),proof-grade,not-reviewed-for-production,,review source/current-version drift and refresh recipe if needed,tpl;capabilities;cluster-rbac,recipes/stakater/reloader/2.2.12/recipe.yaml,packages/stakater/reloader/2.2.12,machine-proof-only,,default,proof-grade-needs-variants,P2 recipe/render/install policy,7,0,0,1,0,1,0,0,0,0,0,36,10,0,0,0,2,0,0,0,0,1,0,false,0,next80-full,1,1,6,d73021c041d681424e89af4e6dde4e99ac3791b1622576649778f7314f979d9e,6/6,warn,warn,0,2,0,capability-profile;cluster-rbac;dependency-lock;extension-slots;helm-equivalence;rendered-manifest-scan;source-lock;tpl-extension-slots;variant-revision,false,false,true,true,true,helmEquivalence;installGate;render;scan,,https://stakater.github.io/stakater-charts,3c587e013f37369a67e2c2e6e1f2f7a6efe00cc3d38063eeb567c426529ddc92,scanned,
68,jupyterhub/jupyterhub,5.0.0-0.dev.git.7399.h8efc9def,,none,none,source-scanned,no-current-recipe,no-package-proof,no-variants,not-proved,not-in-catalog,none,,"create recipe, package, variants, rendered digest, scans, and receipts",lookup;generated-facts;tpl;capabilities;cluster-rbac;stateful-storage,,,none,,,not-yet-proved,P1 compiler policy needed,37,0,0,3,3,2,5,3,0,0,7,3,0,1,0,0,2,0,0,1,1,4,0,false,0,,0,0,0,,,,,,,,,,,,,,,,https://jupyterhub.github.io/helm-chart/,848a9135091dca775d308e8a9c5da7fa04319e5f96c5c510e27317b9de2c6194,scanned,
69,argo/argo-rollouts,2.40.9,2.40.9,chart-name-version,exact,source-scanned,current-recipe-exact-version,package-proof-exists,default-only,next80-full:1 revision(s),proof-grade,not-reviewed-for-production,,add user-shaped variants before catalog promotion,tpl;capabilities;crds;cluster-rbac,recipes/argo-cd/argo-rollouts/2.40.9/recipe.yaml,packages/argo-cd/argo-rollouts/2.40.9,machine-proof-only,,default,proof-grade-needs-variants,P2 recipe/render/install policy,14,0,0,2,0,2,0,0,0,0,0,2,0,1,0,5,7,0,0,0,0,1,0,false,0,next80-full,1,1,14,cd696130d24a1a676d5bc1abb9978ff10d6d4e6e072655c6ef275453b1e85e47,14/14,warn,warn,0,10,0,capability-profile;cluster-rbac;crds;dependency-lock;extension-slots;helm-equivalence;rendered-manifest-scan;source-lock;tpl-extension-slots;variant-revision,false,false,true,true,true,helmEquivalence;installGate;render;scan,,https://argoproj.github.io/argo-helm,9028af96514d3e7443b68c56ecf17beae279e73982ffd6ee33bfeb6c70d42f22,scanned,
70,jaegertracing/jaeger,4.8.0,4.8.0,exact-chart-ref,exact,source-scanned,current-recipe-exact-version,package-proof-exists,default-only,next80-full:1 revision(s),proof-grade,not-reviewed-for-production,,add user-shaped variants before catalog promotion,lookup;generated-facts;tpl;capabilities,recipes/jaegertracing/jaeger/4.8.0/recipe.yaml,packages/jaegertracing/jaeger/4.8.0,machine-proof-only,,default,proof-grade-needs-variants,P0 source/dependency risk,60,1,0,5,5,0,3,5,0,0,0,6,2,1,0,0,0,0,0,0,0,0,1,true,1,next80-full,1,1,3,da24b2c05d1c43492627f3d01b0d675ea01bb2acb38017a18dec5a70c55b7939,3/3,pass,allow,0,0,0,capability-profile;dependency-lock;extension-slots;generated-facts;helm-equivalence;lifecycle-policy;rendered-manifest-scan;source-lock;target-facts;tpl-extension-slots;variant-revision,true,true,true,true,true,helmEquivalence;installGate;render;scan,,https://jaegertracing.github.io/helm-charts,e5393714186742f3fa3afa35858610753c49a7680557c3df55d7ff74f6189f9d,scanned,
71,bitnami/metrics-server,7.4.12,,none,none,source-scanned,no-current-recipe,no-package-proof,no-variants,not-proved,not-in-catalog,none,,"create recipe, package, variants, rendered digest, scans, and receipts",lookup;generated-facts;tpl;capabilities;cluster-rbac,,,none,,,source-risk-no-proof,P0 source/dependency risk,62,1,0,5,5,2,3,5,0,0,0,4,2,1,0,0,4,0,1,0,0,0,1,true,1,,0,0,0,,,,,,,,,,,,,,,,https://charts.bitnami.com/bitnami,3d3e5772384b621fa615f32557d8e909deffe5b9f8eb768d8e105bbd4f9a273d,scanned,
72,grafana/mimir-distributed,6.1.0-weekly.394,,none,none,source-scanned,no-current-recipe,no-package-proof,no-variants,not-proved,not-in-catalog,none,,"create recipe, package, variants, rendered digest, scans, and receipts",lookup;generated-facts;tpl;capabilities;crds;cluster-rbac;webhooks;stateful-storage,,,none,,,not-yet-proved,P1 compiler policy needed,45,0,0,4,5,4,1,1,0,2,41,35,2,14,0,10,8,4,0,7,8,6,0,true,0,,0,0,0,,,,,,,,,,,,,,,,https://grafana.github.io/helm-charts,e92b5062c0b682c3f73173c6bb94d5e4c5a5e111bdc4fcb2202c5b418157320f,scanned,
73,istio-official/gateway,1.30.0,1.30.0,chart-name-version,exact,source-scanned,current-recipe-exact-version,package-proof-exists,default-only,next80-full:1 revision(s),proof-grade,not-reviewed-for-production,,add user-shaped variants before catalog promotion,plain-ish,recipes/istio/gateway/1.30.0/recipe.yaml,packages/istio/gateway/1.30.0,machine-proof-only,,default,proof-grade-needs-variants,P2 recipe/render/install policy,5,0,0,0,0,0,0,0,0,0,6,0,0,0,0,0,0,0,0,0,0,0,0,false,0,next80-full,1,1,6,07b3cb11d265a7b857b231a347be2c71742e5bc1eeb02efddd7ce71ecc1c7afc,6/6,warn,warn,1,0,0,capability-profile;dependency-lock;helm-equivalence;rendered-manifest-scan;source-lock;variant-revision,false,false,false,false,false,helmEquivalence;installGate;render;scan,,https://istio-release.storage.googleapis.com/charts,399a74623d32411c44f8c74f6340d900d1b251bc608cf0511630cb8363ed9323,scanned,
74,grafana/alloy,1.8.1,1.8.2,exact-chart-ref,different-current-version,source-scanned,current-recipe-different-version,package-proof-exists,default-only,next80-full:1 revision(s),proof-grade,not-reviewed-for-production,,review source/current-version drift and refresh recipe if needed,tpl;capabilities;crds;cluster-rbac;stateful-storage,recipes/grafana/alloy/1.8.2/recipe.yaml,packages/grafana/alloy/1.8.2,machine-proof-only,,default,proof-grade-needs-variants,P2 recipe/render/install policy,24,0,0,3,0,3,0,0,0,0,12,8,4,9,0,2,2,0,0,2,0,0,0,true,0,next80-full,1,1,7,984319325f620b099f091df4c45ef851f0dd7593526f146d5271dbf477f7f37b,7/7,warn,warn,0,3,0,capability-profile;cluster-rbac;crds;dependency-lock;extension-slots;helm-equivalence;rendered-manifest-scan;source-lock;tpl-extension-slots;variant-revision,false,false,true,true,true,helmEquivalence;installGate;render;scan,,https://grafana.github.io/helm-charts,be7b00152804f07cddad8b1e1f5c3b987421ad91bf82e7a8bfae8ab77d963273,scanned,
75,argo-cd-oci/argo-cd,9.5.15,,none,none,source-scanned,no-current-recipe,no-package-proof,no-variants,not-proved,not-in-catalog,none,,"create recipe, package, variants, rendered digest, scans, and receipts",generated-facts;tpl;capabilities;crds;cluster-rbac;stateful-storage,,,none,,,not-yet-proved,P1 compiler policy needed,32,0,0,3,2,3,0,0,0,2,4,58,12,4,0,3,13,0,0,3,1,13,0,true,0,,0,0,0,,,,,,,,,,,,,,,,oci://ghcr.io/argoproj/argo-helm/argo-cd,95502bea856e2e1e9bfbb7a5ab90d309970b4ffd098ff3dadb99188350768b9e,scanned,"Error: looks like ""oci://ghcr.io/argoproj/argo-helm/argo-cd"" is not a valid chart repository or cannot be reached: failed to perform ""FetchReference"" on source: invalid reference
"
76,bitnami/redis-cluster,13.0.4,,none,none,source-scanned,no-current-recipe,no-package-proof,no-variants,not-proved,not-in-catalog,none,,"create recipe, package, variants, rendered digest, scans, and receipts",lookup;generated-facts;tpl;capabilities;stateful-storage,,,none,,,source-risk-no-proof,P0 source/dependency risk,64,1,0,5,8,1,3,6,2,0,3,6,2,1,0,0,0,0,0,1,1,3,1,true,1,,0,0,0,,,,,,,,,,,,,,,,https://charts.bitnami.com/bitnami,b9e86524238130c9ba592b816e9aa435a0d41bf6b17ee468ee83b8811ff6b96a,scanned,
77,pmint93/metabase,2.27.3,,none,none,source-scanned,no-current-recipe,no-package-proof,no-variants,not-proved,not-in-catalog,none,,"create recipe, package, variants, rendered digest, scans, and receipts",lookup;generated-facts;capabilities;stateful-storage,,,none,,,not-yet-proved,P1 compiler policy needed,36,0,0,4,1,1,2,0,0,1,3,0,0,5,0,0,0,0,0,0,1,2,0,false,0,,0,0,0,,,,,,,,,,,,,,,,https://pmint93.github.io/helm-charts,d217bb3110ab185aa4e12a96316edd53a744daeeca6d081a3919bb612c8fe1f1,scanned,
78,nats/nats,2.14.0,2.14.0,exact-chart-ref,exact,source-scanned,current-recipe-exact-version,package-proof-exists,default-only,next80-full:1 revision(s),proof-grade,not-reviewed-for-production,,add user-shaped variants before catalog promotion,tpl,recipes/nats/nats/2.14.0/recipe.yaml,packages/nats/nats/2.14.0,machine-proof-only,,default,proof-grade-needs-variants,P2 recipe/render/install policy,9,0,0,0,0,0,0,0,0,0,27,3,0,0,0,0,0,0,0,0,0,0,0,false,0,next80-full,1,1,7,395344e7541927ec138080eda2a92f6ce69532966040ce5d689f9852a4cee8da,7/7,warn,warn,0,1,0,capability-profile;dependency-lock;helm-equivalence;lifecycle-policy;rendered-manifest-scan;secret-material;source-lock;stateful-storage;tpl-extension-slots;variant-revision,false,false,false,true,false,helmEquivalence;installGate;render;scan,,https://nats-io.github.io/k8s/helm/charts/,eef3229caa732b4c1a2f5da990d4fa142504acd44145c71a39cfc4caefd85e00,scanned,
79,open-8gears/n8n,2.0.1,,none,none,source-scanned,no-current-recipe,no-package-proof,no-variants,not-proved,not-in-catalog,none,,"create recipe, package, variants, rendered digest, scans, and receipts",tpl;stateful-storage,,,none,,,not-yet-proved,P2 recipe/render/install policy,8,0,0,0,0,1,0,0,0,0,6,5,0,0,0,0,0,0,0,0,2,4,0,true,0,,0,0,0,,,,,,,,,,,,,,,,oci://8gears.container-registry.com/library/n8n,635a54ddd7c9f62ae0d69fa1033ad0cc1a46ef83bc9790eb3b11a1132334190f,scanned,"Error: looks like ""oci://8gears.container-registry.com/library/n8n"" is not a valid chart repository or cannot be reached: failed to perform ""FetchReference"" on source: invalid reference
"
80,dex/dex,0.24.0,0.24.0,exact-chart-ref,exact,source-scanned,current-recipe-exact-version,package-proof-exists,default-only,next80-full:1 revision(s),proof-grade,not-reviewed-for-production,,add user-shaped variants before catalog promotion,tpl;capabilities;cluster-rbac,recipes/dex/dex/0.24.0/recipe.yaml,packages/dex/dex/0.24.0,machine-proof-only,,default,proof-grade-needs-variants,P2 recipe/render/install policy,11,0,0,2,0,1,0,0,0,0,0,7,0,15,0,0,2,0,0,0,0,2,0,false,0,next80-full,1,1,8,5461ff32d1a2a157fd54a958809a06aa73938f52efc8c97f40e866cbc070b2f5,8/8,warn,warn,0,3,0,capability-profile;cluster-rbac;dependency-lock;helm-equivalence;lifecycle-policy;rendered-manifest-scan;secret-material;source-lock;tpl-extension-slots;variant-revision,false,false,true,true,false,helmEquivalence;installGate;render;scan,,https://charts.dexidp.io,24d486ac2182b919483a9840339997443793ce637e3f10d37ab3284eaa229d33,scanned,
81,argo/argocd-image-updater,1.2.2,1.2.2,chart-name-version,exact,source-scanned,current-recipe-exact-version,package-proof-exists,default-only,next80-full:1 revision(s),proof-grade,not-reviewed-for-production,,add user-shaped variants before catalog promotion,tpl;cluster-rbac,recipes/argo-cd/argocd-image-updater/1.2.2/recipe.yaml,packages/argo-cd/argocd-image-updater/1.2.2,machine-proof-only,,default,proof-grade-needs-variants,P2 recipe/render/install policy,6,0,0,0,0,2,0,0,0,0,0,4,0,0,0,0,6,0,0,0,0,1,0,false,0,next80-full,1,1,11,0b3646b69dab9a21cad5cbc550a95ffb9ac4be833cc2d076b1fd12cbe4e4eaf2,11/11,warn,warn,0,3,0,capability-profile;cluster-rbac;crds;dependency-lock;extension-slots;generated-facts;helm-equivalence;rendered-manifest-scan;source-lock;tpl-extension-slots;variant-revision,false,true,false,true,true,helmEquivalence;installGate;render;scan,,https://argoproj.github.io/argo-helm,d4e6d359a0ed6ad3cc3c8432acf81e128441ff2a7ce47c168eece9e2915ed704,scanned,
82,uptime-kuma/uptime-kuma,4.1.0,,none,none,source-scanned,no-current-recipe,no-package-proof,no-variants,not-proved,not-in-catalog,none,,"create recipe, package, variants, rendered digest, scans, and receipts",capabilities;stateful-storage,,,none,,,not-yet-proved,P2 recipe/render/install policy,13,0,0,3,0,1,0,0,0,0,0,0,1,6,0,0,0,0,0,1,1,1,0,false,0,,0,0,0,,,,,,,,,,,,,,,,https://dirsigler.github.io/uptime-kuma-helm,443ce64a2a1c70e76f232b8de4c258fd7d923a0a6b058759d1908c1f10b351fe,scanned,
83,kubeview/kubeview,2.0.6,,none,none,source-scanned,no-current-recipe,no-package-proof,no-variants,not-proved,not-in-catalog,none,,"create recipe, package, variants, rendered digest, scans, and receipts",cluster-rbac,,,none,,,not-yet-proved,P2 recipe/render/install policy,1,0,0,0,0,1,0,0,0,0,0,0,0,0,0,0,2,0,0,0,0,0,0,false,0,,0,0,0,,,,,,,,,,,,,,,,https://code.benco.io/kubeview/deploy/helm,f7a3aa109dd4975b99442efc13a6b39141a280952cbd3b3d6719a235bd9eab2b,scanned,
84,airflow-helm/airflow,8.9.0,,none,none,source-scanned,no-current-recipe,no-package-proof,no-variants,not-proved,not-in-catalog,none,,"create recipe, package, variants, rendered digest, scans, and receipts",generated-facts;tpl;capabilities;hooks;stateful-storage,,,none,,,not-yet-proved,P1 compiler policy needed,50,0,3,2,10,1,0,4,0,6,82,22,0,6,5,0,0,0,0,6,2,12,0,true,0,,0,0,0,,,,,,,,,,,,,,,,https://airflow-helm.github.io/charts,f2a4c74727b084502a43b237333cb173b25aab722fe35d41b31c9d3871373103,scanned,
85,bitnami/postgresql-ha,16.3.2,,none,none,source-scanned,no-current-recipe,no-package-proof,no-variants,not-proved,not-in-catalog,none,,"create recipe, package, variants, rendered digest, scans, and receipts",lookup;generated-facts;tpl;capabilities;stateful-storage,,,none,,,source-risk-no-proof,P0 source/dependency risk,64,1,0,5,8,1,6,6,2,0,7,19,2,1,0,0,0,0,0,2,3,5,1,true,1,,0,0,0,,,,,,,,,,,,,,,,https://charts.bitnami.com/bitnami,2e26aa25e9bcd9eb4160be1dc1af6682b9f8f6fb03d74d3e29e41da1a774eac3,scanned,
86,renovate/renovate,46.168.0,,none,none,source-scanned,no-current-recipe,no-package-proof,no-variants,not-proved,not-in-catalog,none,,"create recipe, package, variants, rendered digest, scans, and receipts",lookup;generated-facts;tpl;capabilities;stateful-storage,,,none,,,source-risk-no-proof,P0 source/dependency risk,64,1,0,5,5,1,3,5,0,0,2,8,2,1,0,0,0,0,0,0,1,3,1,true,1,,0,0,0,,,,,,,,,,,,,,,,oci://ghcr.io/renovatebot/charts/renovate,1cd035df0db694c6316133be7f4cf1f80037bf68a69188ee604599da6eaf8fb0,scanned,"Error: looks like ""oci://ghcr.io/renovatebot/charts/renovate"" is not a valid chart repository or cannot be reached: failed to perform ""FetchReference"" on source: invalid reference
"
87,kvaps/nfs-server-provisioner,1.8.0,,none,none,source-scanned,no-current-recipe,no-package-proof,no-variants,not-proved,not-in-catalog,none,,"create recipe, package, variants, rendered digest, scans, and receipts",generated-facts;tpl;cluster-rbac;stateful-storage,,,none,,,not-yet-proved,P1 compiler policy needed,12,0,0,0,2,2,0,0,0,2,0,1,0,0,0,0,2,0,0,1,1,0,0,false,0,,0,0,0,,,,,,,,,,,,,,,,https://kvaps.github.io/charts,73b44e606b5eb26170fc3adbdfd0a29ead11097c71d36ce17f9c6175068ad0f3,scanned,
88,prometheus-community/alertmanager,1.37.0,1.37.0,exact-chart-ref,exact,source-scanned,current-recipe-exact-version,package-proof-exists,default-only,next80-full:1 revision(s),proof-grade,not-reviewed-for-production,,add user-shaped variants before catalog promotion,tpl;stateful-storage,recipes/prometheus-community/alertmanager/1.37.0/recipe.yaml,packages/prometheus-community/alertmanager/1.37.0,machine-proof-only,,default,proof-grade-needs-variants,P2 recipe/render/install policy,3,0,0,0,0,1,0,0,0,0,0,1,0,0,0,0,0,0,0,2,0,0,0,false,0,next80-full,1,1,5,fc6c693435a12f92b94f3f59435e1e23af1cf4b87fc4564cda64ea502e7e1dc6,5/5,pass,allow,0,0,0,capability-profile;dependency-lock;extension-slots;helm-equivalence;lifecycle-policy;rendered-manifest-scan;source-lock;stateful-storage;tpl-extension-slots;variant-revision,false,false,false,true,true,helmEquivalence;installGate;render;scan,,https://prometheus-community.github.io/helm-charts,fac00c96da4a20614be8b1c68cf34d63dffaf08cee4dde9d7213e1690b589351,scanned,
89,ollama-helm/ollama,1.57.0,,none,none,source-scanned,no-current-recipe,no-package-proof,no-variants,not-proved,not-in-catalog,none,,"create recipe, package, variants, rendered digest, scans, and receipts",tpl;capabilities;stateful-storage,,,none,,,not-yet-proved,P2 recipe/render/install policy,16,0,0,2,0,1,0,0,0,0,4,4,0,16,0,0,0,0,0,0,2,0,0,false,0,,0,0,0,,,,,,,,,,,,,,,,https://otwld.github.io/ollama-helm/,64a13b16722192d65bf9d233b4749ea307072f817c464e1275a08241969036e4,scanned,
90,falcosecurity/falco,8.0.5,9.0.0,exact-chart-ref,different-current-version,source-scanned,current-recipe-different-version,package-proof-exists,default-only,next80-full:1 revision(s),proof-grade,not-reviewed-for-production,,review source/current-version drift and refresh recipe if needed,lookup;tpl;capabilities;cluster-rbac;stateful-storage,recipes/falcosecurity/falco/9.0.0/recipe.yaml,packages/falcosecurity/falco/9.0.0,machine-proof-only,,default,proof-grade-needs-variants,P0 source/dependency risk,53,1,0,4,0,2,1,0,0,0,7,4,7,4,0,0,8,0,0,1,1,7,0,true,3,next80-full,1,1,6,e417f53227667413d5d51b89157f00c603af2cd613e282816c27df69408f7648,6/6,warn,warn,0,2,0,capability-profile;dependency-lock;extension-slots;generated-facts;helm-equivalence;lifecycle-policy;rendered-manifest-scan;source-lock;target-facts;tpl-extension-slots;variant-revision,true,true,true,true,true,helmEquivalence;installGate;render;scan,,https://falcosecurity.github.io/charts,57b06bf9c5567c3ba16a65de76a8e3c3bd976b130ef2110a6644e517b444e2a8,scanned,
91,superset/superset,0.15.5,,none,none,source-scanned,no-current-recipe,no-package-proof,no-variants,not-proved,not-in-catalog,none,,"create recipe, package, variants, rendered digest, scans, and receipts",lookup;generated-facts;tpl;capabilities;stateful-storage,,,none,,,source-risk-no-proof,P0 source/dependency risk,84,2,0,5,22,1,11,15,4,3,19,86,2,7,0,0,0,0,0,6,4,12,2,true,1,,0,0,0,,,,,,,,,,,,,,,,http://apache.github.io/superset/,423ad23f40b03a8753c8b7c1d9ad1231267962d014de6c176b01a1ce255ea312,scanned,
92,chartmuseum/chartmuseum,3.10.4,,none,none,source-scanned,no-current-recipe,no-package-proof,no-variants,not-proved,not-in-catalog,none,,"create recipe, package, variants, rendered digest, scans, and receipts",capabilities;stateful-storage,,,none,,,not-yet-proved,P2 recipe/render/install policy,13,0,0,3,0,1,0,0,0,0,0,0,1,4,0,0,0,0,0,0,1,1,0,false,0,,0,0,0,,,,,,,,,,,,,,,,https://chartmuseum.github.io/charts,8e1aa5c173adbe7b91f4b0c546f146019b6918d83487e5e71591b73dafa0d9b3,scanned,
93,headlamp/headlamp,0.42.0,,none,none,source-scanned,no-current-recipe,no-package-proof,no-variants,not-proved,not-in-catalog,none,,"create recipe, package, variants, rendered digest, scans, and receipts",tpl;capabilities;cluster-rbac;stateful-storage,,,none,,,not-yet-proved,P2 recipe/render/install policy,17,0,0,2,0,2,0,0,0,0,2,3,0,4,0,0,1,0,0,0,1,1,0,false,0,,0,0,0,,,,,,,,,,,,,,,,https://kubernetes-sigs.github.io/headlamp/,1014bc96c7696000645d29bb70336d863d951b2b130683220db1973438b76c40,scanned,
94,prometheus-community/prometheus-node-exporter,4.55.0,4.55.0,exact-chart-ref,exact,source-scanned,current-recipe-exact-version,package-proof-exists,default-only,next80-full:1 revision(s),proof-grade,not-reviewed-for-production,,add user-shaped variants before catalog promotion,generated-facts;tpl;capabilities;cluster-rbac,recipes/prometheus-community/prometheus-node-exporter/4.55.0/recipe.yaml,packages/prometheus-community/prometheus-node-exporter/4.55.0,machine-proof-only,,default,proof-grade-needs-variants,P1 compiler policy needed,24,0,0,2,1,1,0,0,0,1,3,6,1,0,0,0,2,0,0,0,0,0,0,false,0,next80-full,1,1,3,37862948d7c5d39d7be726864e9c71e6fb9e9fcc1ac40140e97153152aa6ffbc,3/3,warn,warn,0,1,0,capability-profile;dependency-lock;extension-slots;generated-facts;helm-equivalence;rendered-manifest-scan;source-lock;tpl-extension-slots;variant-revision,false,true,true,true,true,helmEquivalence;installGate;render;scan,,https://prometheus-community.github.io/helm-charts,64ef59dddfa62b8b1730409ee3e8749624e1bfda7d5cd4e0018bdd47786b136a,scanned,
95,minio/minio,8.0.10,,none,none,source-scan-failed,no-current-recipe,no-package-proof,no-variants,not-proved,not-in-catalog,none,,repair source acquisition before recipe proof,plain-ish,,,none,,,source-risk-no-proof,P0 blocked: archive unavailable/malformed,100,1,,,,,0,0,0,0,0,0,0,0,0,0,0,0,0,0,0,0,0,false,0,,0,0,0,,,,,,,,,,,,,,,,https://helm.min.io/,,failed,
96,bitnami/metallb,6.4.22,,none,none,source-scanned,no-current-recipe,no-package-proof,no-variants,not-proved,not-in-catalog,none,,"create recipe, package, variants, rendered digest, scans, and receipts",lookup;generated-facts;tpl;capabilities;crds;cluster-rbac;webhooks,,,none,,,source-risk-no-proof,P0 source/dependency risk,63,1,0,5,7,3,3,5,0,2,0,4,2,1,0,1,4,1,0,0,0,2,1,true,1,,0,0,0,,,,,,,,,,,,,,,,https://charts.bitnami.com/bitnami,0b0867ef252444d7246f0850c252ee63a147892e04cf984ad6cc0f4986f03b60,scanned,
97,kong/kong,3.2.0,,none,none,source-scanned,no-current-recipe,no-package-proof,no-variants,not-proved,not-in-catalog,none,,"create recipe, package, variants, rendered digest, scans, and receipts",lookup;generated-facts;tpl;capabilities;hooks;crds;cluster-rbac;webhooks;stateful-storage,,,none,,,source-risk-no-proof,P0 source/dependency risk,85,1,2,5,9,4,10,5,4,0,21,20,24,4,2,1,6,1,0,2,0,8,1,true,1,,0,0,0,,,,,,,,,,,,,,,,https://charts.konghq.com,bc8e8f1ac1e187d7c3691005df054ffd660ea9b2c730e8dfb53834078881bfa4,scanned,
98,dandydev-charts/redis-ha,4.35.10,,none,none,source-scanned,no-current-recipe,no-package-proof,no-variants,not-proved,not-in-catalog,none,,"create recipe, package, variants, rendered digest, scans, and receipts",generated-facts;tpl;capabilities;stateful-storage,,,none,,,not-yet-proved,P1 compiler policy needed,28,0,0,3,1,1,0,0,0,1,2,44,4,2,0,0,0,0,0,1,1,4,0,false,0,,0,0,0,,,,,,,,,,,,,,,,https://dandydeveloper.github.io/charts/,d6fd5a047bfab24ac91148b48ade18c49947a2da5d0f9adc87c24e6027456573,scanned,
99,opentelemetry-helm/opentelemetry-collector,0.156.2,,none,none,source-scanned,no-current-recipe,no-package-proof,no-variants,not-proved,not-in-catalog,none,,"create recipe, package, variants, rendered digest, scans, and receipts",tpl;capabilities;cluster-rbac;stateful-storage,,,none,,,not-yet-proved,P2 recipe/render/install policy,21,0,0,3,0,2,0,0,0,0,13,25,1,1,0,0,2,0,0,1,0,0,0,false,0,,0,0,0,,,,,,,,,,,,,,,,https://open-telemetry.github.io/opentelemetry-helm-charts,5abcd6fb67142f6d6b3155cc7e641f6c24dac2391465e317490afb218cd528a2,scanned,
100,rook/rook-ceph,1.20.0-beta.0,v1.19.5,chart-name-only,different-current-version,source-scanned,current-recipe-different-version,package-proof-exists,default-only,next80-full:1 revision(s),proof-grade,not-reviewed-for-production,,review source/current-version drift and refresh recipe if needed,capabilities;cluster-rbac,recipes/rook-release/rook-ceph/v1.19.5/recipe.yaml,packages/rook-release/rook-ceph/v1.19.5,machine-proof-only,,default,proof-grade-needs-variants,P2 recipe/render/install policy,6,0,0,1,0,2,0,0,0,0,0,0,2,0,0,0,61,0,0,0,0,0,1,true,0,next80-full,1,1,133,26789923789aab27d01638f52680ee6de6d982268eee3740cabc733142f67ba8,133/133,warn,warn,0,78,0,capability-profile;cluster-rbac;crds;dependency-lock;helm-equivalence;rendered-manifest-scan;source-lock;target-facts;variant-revision,true,false,true,false,false,helmEquivalence;installGate;render;scan,,https://charts.rook.io/release,9d13aaa26cd950063fb4dcef6f513f3d11dd68afccec9126f69049a43507dcd2,scanned,
101,bitnami/spark,10.0.3,10.0.3,exact-chart-ref,exact,source-scanned,current-recipe-exact-version,package-proof-exists,default-only,next80-full:1 revision(s),proof-grade,not-reviewed-for-production,,add user-shaped variants before catalog promotion,lookup;generated-facts;tpl;capabilities;stateful-storage,recipes/bitnami/spark/10.0.3/recipe.yaml,packages/bitnami/spark/10.0.3,machine-proof-only,,default,proof-grade-needs-variants,P0 source/dependency risk,61,1,0,5,11,1,3,7,4,0,0,5,2,1,0,0,0,0,0,2,0,4,1,true,1,next80-full,1,1,10,bec034832a7f2a6c1d2f05aa7bfcf0ce4562dbb274e7b760170df3e80e1ced55,10/10,warn,warn,0,1,0,capability-profile;dependency-lock;extension-slots;generated-facts;helm-equivalence;rendered-manifest-scan;secret-material;source-lock;stateful-storage;target-facts;tpl-extension-slots;variant-revision,true,true,true,true,true,helmEquivalence;installGate;render;scan,,https://charts.bitnami.com/bitnami,6d551a4f745c89d0b1cbfe8569dbb8bd93ec9d7e4704dab2cc86177a3a5359dc,scanned,
102,crossplane/crossplane,2.4.0-rc.0.21.gb600bec28,2.3.1,chart-name-only,different-current-version,source-scanned,current-recipe-different-version,package-proof-exists,default-only,next80-full:1 revision(s),proof-grade,not-reviewed-for-production,,review source/current-version drift and refresh recipe if needed,tpl;capabilities;cluster-rbac,recipes/crossplane-stable/crossplane/2.3.1/recipe.yaml,packages/crossplane-stable/crossplane/2.3.1,machine-proof-only,,default,proof-grade-needs-variants,P2 recipe/render/install policy,9,0,0,1,0,1,0,0,0,0,0,4,0,1,0,0,15,0,0,0,0,3,0,false,0,next80-full,1,1,23,917b3dc2a52c16f26cefebe2b580889944e23461d95d1fbe912e0c7a451fd996,23/23,warn,warn,0,18,0,capability-profile;cluster-rbac;dependency-lock;extension-slots;helm-equivalence;rendered-manifest-scan;secret-material;source-lock;tpl-extension-slots;variant-revision,false,false,true,true,true,helmEquivalence;installGate;render;scan,,https://charts.crossplane.io/master/,7f3c35d7991f92546c24f9612e91dbbc1bd3c91d8a456d8480ed1c1449159997,scanned,
103,trivy-operator/trivy-operator,0.32.1,0.32.1,chart-name-version,exact,source-scanned,current-recipe-exact-version,package-proof-exists,default-only,next80-full:1 revision(s),proof-grade,not-reviewed-for-production,,add user-shaped variants before catalog promotion,lookup;tpl;crds;cluster-rbac;stateful-storage,recipes/aqua/trivy-operator/0.32.1/recipe.yaml,packages/aqua/trivy-operator/0.32.1,machine-proof-only,,default,proof-grade-needs-variants,P1 compiler policy needed,22,0,0,1,0,3,1,0,0,0,6,2,0,0,0,12,4,0,0,1,2,2,0,false,0,next80-full,1,1,33,4728643a42924d6af2c0b2b4f1f616938c31b6271ed7e32bac2ce36e5e339a25,33/33,warn,warn,0,19,0,capability-profile;cluster-rbac;crds;dependency-lock;extension-slots;helm-equivalence;rendered-manifest-scan;secret-material;source-lock;target-facts;tpl-extension-slots;variant-revision,true,false,false,true,true,helmEquivalence;installGate;render;scan,,https://aquasecurity.github.io/helm-charts/,2dfb5c7f8a2b8cd338208c362b88e4eae607b24f199226c31a6f5bb76c7ace08,scanned,
104,argo/argo-events,2.4.21,2.4.21,chart-name-version,exact,source-scanned,current-recipe-exact-version,package-proof-exists,default-only,next80-full:1 revision(s),proof-grade,not-reviewed-for-production,,add user-shaped variants before catalog promotion,tpl;capabilities;crds;cluster-rbac,recipes/argo-cd/argo-events/2.4.21/recipe.yaml,packages/argo-cd/argo-events/2.4.21,machine-proof-only,,default,proof-grade-needs-variants,P2 recipe/render/install policy,10,0,0,1,0,2,0,0,0,0,0,2,1,0,0,3,5,0,0,0,0,0,0,false,0,next80-full,1,1,9,fe5c705f2f03410df75055542a79619c82947dafbf3f1c01c05eca2fc197503b,9/9,warn,warn,0,5,0,capability-profile;cluster-rbac;crds;dependency-lock;extension-slots;helm-equivalence;rendered-manifest-scan;source-lock;tpl-extension-slots;variant-revision,false,false,true,true,true,helmEquivalence;installGate;render;scan,,https://argoproj.github.io/argo-helm,b325ca4569aa43b6bef3bb0065bb997727124017b307491a731e47cf527b69c7,scanned,
105,twuni/docker-registry,3.0.0,,none,none,source-scan-failed,no-current-recipe,no-package-proof,no-variants,not-proved,not-in-catalog,none,,repair source acquisition before recipe proof,plain-ish,,,none,,,source-risk-no-proof,P0 blocked: archive unavailable/malformed,100,1,,,,,0,0,0,0,0,0,0,0,0,0,0,0,0,0,0,0,0,false,0,,0,0,0,,,,,,,,,,,,,,,,https://helm.twun.io,,failed,
106,codecentric/keycloak,18.10.0,,none,none,source-scanned,no-current-recipe,no-package-proof,no-variants,not-proved,not-in-catalog,none,,"create recipe, package, variants, rendered digest, scans, and receipts",lookup;generated-facts;tpl;capabilities;hooks;stateful-storage,,,none,,,source-risk-no-proof,P0 source/dependency risk,82,1,2,5,8,1,3,6,2,0,4,58,3,4,2,0,0,0,0,4,0,3,1,true,1,,0,0,0,,,,,,,,,,,,,,,,https://codecentric.github.io/helm-charts,5b6f541629d4dda489e439c7bf9d288307c71e8050583fe1362729a012a79b67,scanned,
107,elastic/logstash,8.5.1,8.5.1,exact-chart-ref,exact,source-scanned,current-recipe-exact-version,package-proof-exists,default-only,next80-full:1 revision(s),proof-grade,not-reviewed-for-production,,add user-shaped variants before catalog promotion,tpl;capabilities;stateful-storage,recipes/elastic/logstash/8.5.1/recipe.yaml,packages/elastic/logstash/8.5.1,machine-proof-only,,default,proof-grade-needs-variants,P2 recipe/render/install policy,9,0,0,1,0,1,0,0,0,0,0,7,1,0,0,0,0,0,0,1,0,1,0,false,0,next80-full,1,1,3,1bb5971d54f2bb9fd05ffe69b339261a9c31e8b81eeba48064a9dbc337fe5ecd,3/3,pass,allow,0,0,0,capability-profile;dependency-lock;extension-slots;helm-equivalence;rendered-manifest-scan;source-lock;stateful-storage;tpl-extension-slots;variant-revision,false,false,true,true,true,helmEquivalence;installGate;render;scan,,https://helm.elastic.co,70aace1eb5ecb759942e60ffd192a849330582900658a6b306055a9530adb44b,scanned,
108,bitnami/grafana,12.1.8,10.5.15,chart-name-only,different-current-version,source-scanned,current-recipe-different-version,package-proof-exists,multi-variant,proof:2 revision(s),catalog-supported,blocked-by-current-scan-gate,generated-passwords;existing-secret-ingress,review source/current-version drift and refresh recipe if needed,lookup;generated-facts;tpl;capabilities;stateful-storage,recipes/grafana/grafana/10.5.15/recipe.yaml,packages/grafana/grafana/10.5.15,supported-for-declared-scopes,local-test,,local-test-supported-production-blocked,P0 source/dependency risk,64,1,0,5,7,1,3,5,2,0,3,9,2,1,0,0,0,0,0,0,1,6,1,true,1,,2,2,18,893351c9b8cad0a10b0176a946bf514a76c5895bdb2d88a31bdd53a94288066d,9/9,warn,warn,0,14,0,capability-profile;chart-deprecation;cluster-rbac;dependency-lock;deployment-workload;extension-slots;generated-facts;installer-support-object;source-lock;target-facts;ui-ingress-policy,false,false,false,false,false,helmEquivalence;installGate;render;scan,recipes/grafana/grafana/10.5.15/weirdness-and-mitigations.md,https://charts.bitnami.com/bitnami,2203a6c7956e72a0f890cdcf1a9203a03f4a3499b25b0df1fb29f546042dafc6,scanned,
109,minecraft-server-charts/minecraft,5.1.3,,none,none,source-scanned,no-current-recipe,no-package-proof,no-variants,not-proved,not-in-catalog,none,,"create recipe, package, variants, rendered digest, scans, and receipts",tpl;capabilities;stateful-storage,,,none,,,not-yet-proved,P2 recipe/render/install policy,16,0,0,2,0,1,0,0,0,0,2,4,0,2,0,0,0,0,0,0,2,3,0,false,0,,0,0,0,,,,,,,,,,,,,,,,https://itzg.github.io/minecraft-server-charts/,827de1a74cdc26744150f34c524bc64fd8fab16fc943aa0ef29a3f18c2f5f623,scanned,
110,opensearch-project-helm-charts/opensearch,3.6.0,2.0.10,chart-name-only,different-current-version,source-scanned,current-recipe-different-version,package-proof-exists,default-only,next80-full:1 revision(s),proof-grade,not-reviewed-for-production,,review source/current-version drift and refresh recipe if needed,tpl;capabilities;stateful-storage,recipes/bitnami/opensearch/2.0.10/recipe.yaml,packages/bitnami/opensearch/2.0.10,machine-proof-only,,default,proof-grade-needs-variants,P2 recipe/render/install policy,20,0,0,3,0,1,0,0,0,0,6,10,2,9,0,0,0,0,0,1,0,2,0,false,0,next80-full,1,1,18,99c0b24ee1850d1f5a4da323e9924a8a1f9d93a34a97a985d92c954836747afd,18/18,warn,warn,4,4,0,capability-profile;dependency-lock;extension-slots;generated-facts;helm-equivalence;lifecycle-policy;rendered-manifest-scan;source-lock;stateful-storage;target-facts;tpl-extension-slots;variant-revision,true,true,true,true,true,helmEquivalence;installGate;render;scan,,https://opensearch-project.github.io/helm-charts,ca273ab819658024253fac6a81d289d8cace24b668f8d50c6995910e658d7d90,scanned,
111,prometheus-community/prometheus-postgres-exporter,8.0.0,,none,none,source-scanned,no-current-recipe,no-package-proof,no-variants,not-proved,not-in-catalog,none,,"create recipe, package, variants, rendered digest, scans, and receipts",tpl,,,none,,,not-yet-proved,P2 recipe/render/install policy,7,0,0,0,0,0,0,0,0,0,2,20,0,0,0,0,0,0,0,0,0,1,0,false,0,,0,0,0,,,,,,,,,,,,,,,,https://prometheus-community.github.io/helm-charts,7859e0c4f62698241530d5928cc2fe0480af24becf65cf4783dee5a1f81f216d,scanned,
112,forgejo-helm/forgejo,17.1.0,,none,none,source-scanned,no-current-recipe,no-package-proof,no-variants,not-proved,not-in-catalog,none,,"create recipe, package, variants, rendered digest, scans, and receipts",lookup;generated-facts;tpl;capabilities;stateful-storage,,,none,,,not-yet-proved,P1 compiler policy needed,46,0,0,5,5,1,3,5,0,0,15,17,2,1,0,0,0,0,0,0,1,6,1,true,0,,0,0,0,,,,,,,,,,,,,,,,oci://code.forgejo.org/forgejo-helm/forgejo,9629bf7d1fc9b40755ab4eb08c8125b1f1a4f0a0dc32b845270bfc10e054929b,scanned,"Error: looks like ""oci://code.forgejo.org/forgejo-helm/forgejo"" is not a valid chart repository or cannot be reached: failed to perform ""FetchReference"" on source: invalid reference
"
113,kured/kured,5.11.0,,none,none,source-scanned,no-current-recipe,no-package-proof,no-variants,not-proved,not-in-catalog,none,,"create recipe, package, variants, rendered digest, scans, and receipts",tpl;capabilities;cluster-rbac,,,none,,,not-yet-proved,P2 recipe/render/install policy,11,0,0,2,0,1,0,0,0,0,0,3,0,1,0,0,2,0,0,0,0,0,0,false,0,,0,0,0,,,,,,,,,,,,,,,,https://kubereboot.github.io/charts,220e6469599308f852575b5358f222142b08b3936c59b6e6918919c84f8223ae,scanned,
114,victoriametrics/victoria-metrics-k8s-stack,0.79.1,,none,none,source-scanned,no-current-recipe,no-package-proof,no-variants,not-proved,not-in-catalog,none,,"create recipe, package, variants, rendered digest, scans, and receipts",lookup;generated-facts;tpl;capabilities;crds;cluster-rbac;webhooks;stateful-storage,,,none,,,source-risk-no-proof,P0 source/dependency risk,65,1,0,4,7,4,5,2,2,3,46,167,5,2,0,10,14,1,0,4,2,8,2,true,7,,0,0,0,,,,,,,,,,,,,,,,https://victoriametrics.github.io/helm-charts/,5b0fdf06e3fec7d75921f429c4b73c2931f512311501df955790abb9f0599d4b,scanned,
115,aws/aws-node-termination-handler,0.21.0,,none,none,source-scanned,no-current-recipe,no-package-proof,no-variants,not-proved,not-in-catalog,none,,"create recipe, package, variants, rendered digest, scans, and receipts",capabilities;cluster-rbac,,,none,,,not-yet-proved,P2 recipe/render/install policy,13,0,0,3,0,1,0,0,0,0,0,0,1,2,0,0,2,0,0,0,0,0,0,false,0,,0,0,0,,,,,,,,,,,,,,,,https://aws.github.io/eks-charts,1ecfd0f542aaf2cf93c31fad72e09ff006c32119653a4ddf8ce4b5f2464f286b,scanned,
116,grafana/k8s-monitoring,4.1.3,,none,none,source-scanned,no-current-recipe,no-package-proof,no-variants,not-proved,not-in-catalog,none,,"create recipe, package, variants, rendered digest, scans, and receipts",lookup;generated-facts;tpl;capabilities;hooks;crds;cluster-rbac;stateful-storage,,,none,,,not-yet-proved,P1 compiler policy needed,72,0,3,5,2,3,3,0,0,2,116,39,11,1,5,2,25,0,0,2,1,10,0,true,0,,0,0,0,,,,,,,,,,,,,,,,https://grafana.github.io/helm-charts,6037a138e132d315a8d9b4ba1df1ce5b4e15f3e80db2c5a3e710c091831b4c79,scanned,
117,openebs/openebs,4.5.0-develop,,none,none,source-scanned,no-current-recipe,no-package-proof,no-variants,not-proved,not-in-catalog,none,,"create recipe, package, variants, rendered digest, scans, and receipts",lookup;generated-facts;tpl;capabilities;crds;cluster-rbac;webhooks;stateful-storage,,,none,,,source-risk-no-proof,P0 source/dependency risk,69,1,0,5,19,4,11,8,0,5,79,210,44,75,0,57,62,2,0,55,37,11,2,true,1,,0,0,0,,,,,,,,,,,,,,,,https://openebs.github.io/openebs,3601124b8088b65ad18c6d3d49d113c05cc78030554fdb3fce6a613acbdb3dc7,scanned,
118,prometheus-community/prometheus-adapter,5.3.0,5.3.0,exact-chart-ref,exact,source-scanned,current-recipe-exact-version,package-proof-exists,default-only,next80-full:1 revision(s),proof-grade,not-reviewed-for-production,,add user-shaped variants before catalog promotion,tpl;capabilities;cluster-rbac,recipes/prometheus-community/prometheus-adapter/5.3.0/recipe.yaml,packages/prometheus-community/prometheus-adapter/5.3.0,machine-proof-only,,default,proof-grade-needs-variants,P2 recipe/render/install policy,10,0,0,1,0,2,0,0,0,0,0,2,3,0,0,0,10,0,3,0,0,1,0,false,0,next80-full,1,1,11,50e586691867cf7be3f14a7c3e71839f3f8b6cae32b64a10f01362d68add983a,11/11,warn,warn,0,6,0,apiservice;capability-profile;cluster-rbac;dependency-lock;extension-slots;helm-equivalence;rendered-manifest-scan;source-lock;tpl-extension-slots;variant-revision,false,false,true,true,true,helmEquivalence;installGate;render;scan,,https://prometheus-community.github.io/helm-charts,aa6752b6207ed788522714c3ef7f67f27d423eb4d9512fecb52dc641b6434f31,scanned,
119,bitnami/etcd,12.0.18,,none,none,source-scanned,no-current-recipe,no-package-proof,no-variants,not-proved,not-in-catalog,none,,"create recipe, package, variants, rendered digest, scans, and receipts",lookup;generated-facts;tpl;capabilities;stateful-storage,,,none,,,source-risk-no-proof,P0 source/dependency risk,64,1,0,5,5,1,4,5,0,0,5,12,2,1,0,0,0,0,0,1,1,2,1,true,1,,0,0,0,,,,,,,,,,,,,,,,https://charts.bitnami.com/bitnami,bb54d6659a2e8629de4b7d5074f647568afa40fe311259d0e2f0b12e41490306,scanned,
120,bitnami/rabbitmq-cluster-operator,4.4.34,,none,none,source-scanned,no-current-recipe,no-package-proof,no-variants,not-proved,not-in-catalog,none,,"create recipe, package, variants, rendered digest, scans, and receipts",lookup;generated-facts;tpl;capabilities;crds;cluster-rbac;webhooks,,,none,,,source-risk-no-proof,P0 source/dependency risk,63,1,0,5,7,3,3,5,2,0,0,4,2,1,0,14,8,1,0,0,0,1,1,true,1,,0,0,0,,,,,,,,,,,,,,,,https://charts.bitnami.com/bitnami,c3b4cb87d0395c834f160097282c94d0e905eba21b34439c1d0512ee55c9d670,scanned,
121,backstage/backstage,2.7.0,,none,none,source-scanned,no-current-recipe,no-package-proof,no-variants,not-proved,not-in-catalog,none,,"create recipe, package, variants, rendered digest, scans, and receipts",lookup;generated-facts;tpl;capabilities;stateful-storage,,,none,,,source-risk-no-proof,P0 source/dependency risk,60,1,0,4,13,1,6,11,2,0,9,26,0,4,0,0,0,0,0,2,2,4,2,true,1,,0,0,0,,,,,,,,,,,,,,,,oci://ghcr.io/backstage/charts/backstage,f8c761f9171b3584756f8552c7615d5fba8fbe12a4eabbb0341b86a2ab1e3684,scanned,"Error: looks like ""oci://ghcr.io/backstage/charts/backstage"" is not a valid chart repository or cannot be reached: failed to perform ""FetchReference"" on source: invalid reference
"
122,open-webui/open-webui,14.6.0,,none,none,source-scanned,no-current-recipe,no-package-proof,no-variants,not-proved,not-in-catalog,none,,"create recipe, package, variants, rendered digest, scans, and receipts",generated-facts;tpl;capabilities;cluster-rbac;stateful-storage,,,none,,,source-risk-no-proof,P0 source/dependency risk,46,1,0,2,1,3,0,1,0,0,8,37,0,22,0,0,2,0,0,0,4,1,0,true,4,,0,0,0,,,,,,,,,,,,,,,,https://helm.openwebui.com,20d434e160f560a517f8edfa4e9957d508919ea32c8357586c96c626d2206f9a,scanned,
123,helm-hass/home-assistant,0.3.61,,none,none,source-scanned,no-current-recipe,no-package-proof,no-variants,not-proved,not-in-catalog,none,,"create recipe, package, variants, rendered digest, scans, and receipts",tpl;capabilities;stateful-storage,,,none,,,source-risk-no-proof,P0 source/dependency risk,34,1,0,2,0,1,0,0,0,0,2,2,0,18,0,0,0,0,0,1,1,0,0,false,0,,0,0,0,,,,,,,,,,,,,,,,http://pajikos.github.io/home-assistant-helm-chart,f6e9c0267009c280d09f7f38031a0392c53513e955948be52282d4392d81601e,scanned,
124,kafka-ui/kafka-ui,1.6.4,,none,none,source-scanned,no-current-recipe,no-package-proof,no-variants,not-proved,not-in-catalog,none,,"create recipe, package, variants, rendered digest, scans, and receipts",tpl;capabilities,,,none,,,not-yet-proved,P2 recipe/render/install policy,13,0,0,2,0,0,0,0,0,0,4,9,4,2,0,0,0,0,0,0,0,1,0,false,0,,0,0,0,,,,,,,,,,,,,,,,https://ui.charts.kafbat.io/,6fef123306f9c75acf754fe3c7e4f01258878316c171511e1c12a555cd17becf,scanned,
125,actions-runner-controller/actions-runner-controller,0.23.7,,none,none,source-scanned,no-current-recipe,no-package-proof,no-variants,not-proved,not-in-catalog,none,,"create recipe, package, variants, rendered digest, scans, and receipts",generated-facts;crds;cluster-rbac;webhooks,,,none,,,not-yet-proved,P1 compiler policy needed,11,0,0,0,2,3,0,0,2,0,0,0,0,0,0,5,12,2,0,0,0,5,0,false,0,,0,0,0,,,,,,,,,,,,,,,,https://actions-runner-controller.github.io/actions-runner-controller,014d73474c09ef9f82cd25fbf9daba72a3441df81d9b4017a0c60e864b907e48,scanned,
126,projectcalico/tigera-operator,3.32.0,v3.32.0,exact-chart-ref,exact,source-scanned,current-recipe-exact-version,package-proof-exists,default-only,next80-full:1 revision(s),proof-grade,not-reviewed-for-production,,add user-shaped variants before catalog promotion,lookup;hooks;cluster-rbac,recipes/projectcalico/tigera-operator/v3.32.0/recipe.yaml,packages/projectcalico/tigera-operator/v3.32.0,machine-proof-only,,default,proof-grade-needs-variants,P1 compiler policy needed,40,0,3,1,0,1,1,0,0,0,7,0,0,0,1,0,4,0,0,0,0,3,0,false,0,next80-full,1,1,10,9ce56a65a1b0ca63aec202cb662a5389fe6a6a55e6d4b9db9920febcc5b2b350,10/10,warn,warn,0,4,0,capability-profile;cluster-rbac;dependency-lock;helm-equivalence;lifecycle-policy;rendered-manifest-scan;source-lock;target-facts;variant-revision,true,false,false,false,false,helmEquivalence;installGate;render;scan,,https://docs.projectcalico.org/charts/,7e968633c7d8b1de1e648a15fa838995bdbae285bdca9af9badd13156e360450,scanned,
127,airbyte/airbyte,1.9.2,,none,none,source-scanned,no-current-recipe,no-package-proof,no-variants,not-proved,not-in-catalog,none,,"create recipe, package, variants, rendered digest, scans, and receipts",generated-facts;tpl;capabilities;hooks;cluster-rbac;stateful-storage,,,none,,,not-yet-proved,P1 compiler policy needed,39,0,2,2,1,2,0,0,0,1,25,45,0,12,21,0,2,0,0,3,0,13,0,true,0,,0,0,0,,,,,,,,,,,,,,,,https://airbytehq.github.io/helm-charts,ba7afc86f424d030a5b79988130512176b0ef3e1f1e5e403f54a9fa7c3becee2,scanned,
128,bitnami/kube-prometheus,11.3.10,,none,none,source-scanned,no-current-recipe,no-package-proof,no-variants,not-proved,not-in-catalog,none,,"create recipe, package, variants, rendered digest, scans, and receipts",lookup;generated-facts;tpl;capabilities;crds;cluster-rbac,,,none,,,source-risk-no-proof,P0 source/dependency risk,62,1,0,5,23,2,9,15,8,0,0,25,6,3,0,10,16,0,0,0,0,13,4,true,6,,0,0,0,,,,,,,,,,,,,,,,https://charts.bitnami.com/bitnami,2ad916c641bbfa01b62dcba76154017040232938c22dfbc5f37c90073796428d,scanned,
129,bitnami/nginx-ingress-controller,12.0.7,,none,none,source-scanned,no-current-recipe,no-package-proof,no-variants,not-proved,not-in-catalog,none,,"create recipe, package, variants, rendered digest, scans, and receipts",lookup;generated-facts;tpl;capabilities;cluster-rbac,,,none,,,source-risk-no-proof,P0 source/dependency risk,61,1,0,5,5,1,3,5,0,0,0,4,2,1,0,0,2,0,0,0,0,2,1,true,1,,0,0,0,,,,,,,,,,,,,,,,https://charts.bitnami.com/bitnami,61cf41038a922d9c6ee089dcfde142280c3ed81d69ed2014827abeaf9a6376d0,scanned,
130,fairwinds-stable/goldilocks,10.3.0,10.3.0,exact-chart-ref,exact,source-scanned,current-recipe-exact-version,package-proof-exists,default-only,next80-full:1 revision(s),proof-grade,not-reviewed-for-production,,add user-shaped variants before catalog promotion,lookup;generated-facts;tpl;capabilities;crds;cluster-rbac;webhooks,recipes/fairwinds-stable/goldilocks/10.3.0/recipe.yaml,packages/fairwinds-stable/goldilocks/10.3.0,machine-proof-only,,default,proof-grade-needs-variants,P0 source/dependency risk,58,1,0,4,1,4,3,0,1,0,0,1,4,13,0,1,39,1,2,0,0,1,0,true,2,next80-full,1,1,9,5939f53dfe4e6c888630fc4c30fcc478e4786a56cb0092139c418510da17d7a5,9/9,warn,warn,0,4,0,capability-profile;cluster-rbac;dependency-lock;extension-slots;generated-facts;helm-equivalence;lifecycle-policy;rendered-manifest-scan;source-lock;target-facts;tpl-extension-slots;variant-revision,true,true,true,true,true,helmEquivalence;installGate;render;scan,,https://charts.fairwinds.com/stable,9498a6f49cdea77f8777e9f8640a7711c63644fd1d5f7c8c81c313902190f2fd,scanned,
131,cloudpirates-redis/redis,0.29.1,,none,none,source-scanned,no-current-recipe,no-package-proof,no-variants,not-proved,not-in-catalog,none,,"create recipe, package, variants, rendered digest, scans, and receipts",lookup;generated-facts;tpl;capabilities;stateful-storage,,,none,,,not-yet-proved,P1 compiler policy needed,32,0,0,2,2,1,2,1,0,1,8,1,1,0,0,0,0,0,0,1,1,1,1,true,0,,0,0,0,,,,,,,,,,,,,,,,oci://registry-1.docker.io/cloudpirates/redis,9f53dd97e66174e4c862b3bee5c08254594654fb9bda75cb37f5e94d5c6e83ed,scanned,"Error: looks like ""oci://registry-1.docker.io/cloudpirates/redis"" is not a valid chart repository or cannot be reached: failed to perform ""FetchReference"" on source: invalid reference
"
132,aws/aws-for-fluent-bit,0.2.0,,none,none,source-scanned,no-current-recipe,no-package-proof,no-variants,not-proved,not-in-catalog,none,,"create recipe, package, variants, rendered digest, scans, and receipts",capabilities;cluster-rbac,,,none,,,not-yet-proved,P2 recipe/render/install policy,5,0,0,1,0,1,0,0,0,0,0,0,1,0,0,0,2,0,0,0,0,0,0,false,0,,0,0,0,,,,,,,,,,,,,,,,https://aws.github.io/eks-charts,666c244b9cfca211be57cf97d9e224157f581d41f413eb89744575fbc9b8980c,scanned,
133,prometheus-community/prometheus-operator-crds,29.0.0,29.0.0,exact-chart-ref,exact,source-scanned,current-recipe-exact-version,package-proof-exists,default-only,next80-full:1 revision(s),proof-grade,not-reviewed-for-production,,add user-shaped variants before catalog promotion,generated-facts;crds,recipes/prometheus-community/prometheus-operator-crds/29.0.0/recipe.yaml,packages/prometheus-community/prometheus-operator-crds/29.0.0,machine-proof-only,,default,proof-grade-needs-variants,P1 compiler policy needed,9,0,0,0,3,1,0,0,0,3,0,0,0,0,0,11,0,0,0,0,0,0,1,true,0,next80-full,1,1,10,32cfda19c8684a1ad319476b44d9056af7824df3c06622b04a7e28d6bdfd5ab4,10/10,warn,warn,0,10,0,capability-profile;crds;dependency-lock;generated-facts;helm-equivalence;rendered-manifest-scan;source-lock;target-facts;variant-revision,true,true,false,false,false,helmEquivalence;installGate;render;scan,,https://prometheus-community.github.io/helm-charts,25b32cd6f4483e0ebe9ebd08b8cd1c073ff734ceb82e84bacfb75d552ce2fafd,scanned,
134,codecentric/keycloakx,7.1.11,,none,none,source-scanned,no-current-recipe,no-package-proof,no-variants,not-proved,not-in-catalog,none,,"create recipe, package, variants, rendered digest, scans, and receipts",tpl;capabilities;hooks;cluster-rbac;stateful-storage,,,none,,,not-yet-proved,P1 compiler policy needed,33,0,2,2,0,2,0,0,0,0,2,66,0,1,2,0,2,0,0,2,0,2,0,false,0,,0,0,0,,,,,,,,,,,,,,,,https://codecentric.github.io/helm-charts,beeb7ac7cee425ad438a6fbc6545b234a636b1c65f3fa7158aae443c076d7559,scanned,
135,bitnami/odoo,28.2.10,,none,none,source-scanned,no-current-recipe,no-package-proof,no-variants,not-proved,not-in-catalog,none,,"create recipe, package, variants, rendered digest, scans, and receipts",lookup;generated-facts;tpl;capabilities;stateful-storage,,,none,,,source-risk-no-proof,P0 source/dependency risk,64,1,0,5,17,1,6,11,4,2,9,35,4,2,0,0,0,0,0,2,4,10,2,true,3,,0,0,0,,,,,,,,,,,,,,,,https://charts.bitnami.com/bitnami,6d228b27c1125b6f5288521d62fd526891cacfc832b6e1674bc6fee460b69f8a,scanned,
136,atlassian-data-center/jira,2.0.13,,none,none,source-scanned,no-current-recipe,no-package-proof,no-variants,not-proved,not-in-catalog,none,,"create recipe, package, variants, rendered digest, scans, and receipts",lookup;generated-facts;tpl;capabilities;stateful-storage,,,none,,,not-yet-proved,P1 compiler policy needed,42,0,0,4,2,1,2,1,0,1,11,17,3,11,0,0,0,0,0,2,2,3,1,true,0,,0,0,0,,,,,,,,,,,,,,,,https://atlassian.github.io/data-center-helm-charts,30e2ab4db952d91716598a79aaac51eff0eaa7059a5e0738362d3a28a7881cb9,scanned,
137,grafana-community/grafana,12.4.0,,none,none,source-scanned,no-current-recipe,no-package-proof,no-variants,not-proved,not-in-catalog,none,,"create recipe, package, variants, rendered digest, scans, and receipts",lookup;generated-facts;tpl;capabilities;cluster-rbac;stateful-storage,,,none,,,not-yet-proved,P1 compiler policy needed,33,0,0,2,2,2,4,2,0,0,15,110,3,0,0,0,2,0,0,2,2,4,0,false,0,,0,0,0,,,,,,,,,,,,,,,,https://grafana-community.github.io/helm-charts/,26e40ce8b9a6c586c529e827d489aa249a8620603fbe93a421096cbb34a4781b,scanned,
138,community-charts/mlflow,1.8.1,,none,none,source-scanned,no-current-recipe,no-package-proof,no-variants,not-proved,not-in-catalog,none,,"create recipe, package, variants, rendered digest, scans, and receipts",lookup;generated-facts;tpl;capabilities;stateful-storage,,,none,,,source-risk-no-proof,P0 source/dependency risk,66,1,0,5,19,1,7,11,4,4,40,38,5,10,0,0,0,0,0,4,3,18,2,true,1,,0,0,0,,,,,,,,,,,,,,,,https://community-charts.github.io/helm-charts,48c6e852546fb2734b3c39fc4bd88a46adc2d41a71556f48efe3f234d95b6a98,scanned,
139,bitnami/zookeeper,13.8.7,13.8.7,exact-chart-ref,exact,source-scanned,current-recipe-exact-version,package-proof-exists,default-only,next80-full:1 revision(s),proof-grade,not-reviewed-for-production,,add user-shaped variants before catalog promotion,lookup;generated-facts;tpl;capabilities;stateful-storage,recipes/bitnami/zookeeper/13.8.7/recipe.yaml,packages/bitnami/zookeeper/13.8.7,machine-proof-only,,default,proof-grade-needs-variants,P0 source/dependency risk,61,1,0,5,13,1,3,9,4,0,0,13,2,1,0,0,0,0,0,1,2,6,1,true,1,next80-full,1,1,7,67672a9bfa85db38f8485736cd19f80ccec599fc17c2c5bb154e3c2feeb54bdb,7/7,pass,allow,0,0,0,capability-profile;dependency-lock;extension-slots;generated-facts;helm-equivalence;rendered-manifest-scan;source-lock;stateful-storage;target-facts;tpl-extension-slots;variant-revision,true,true,true,true,true,helmEquivalence;installGate;render;scan,,https://charts.bitnami.com/bitnami,2bc9869d780095693effb093f6ed934426907fb33e6c8946cbfffe1f30d902f7,scanned,
140,elastic/filebeat,8.5.1,8.5.1,exact-chart-ref,exact,source-scanned,current-recipe-exact-version,package-proof-exists,default-only,next80-full:1 revision(s),proof-grade,not-reviewed-for-production,,add user-shaped variants before catalog promotion,tpl;cluster-rbac,recipes/elastic/filebeat/8.5.1/recipe.yaml,packages/elastic/filebeat/8.5.1,machine-proof-only,,default,proof-grade-needs-variants,P2 recipe/render/install policy,3,0,0,0,0,1,0,0,0,0,0,4,0,0,0,0,2,0,0,0,0,0,0,false,0,next80-full,1,1,7,690fcc3d2e2d1019f35b7d9ec64ba0783b4dc445a2060c400d49dae6a251e020,7/7,warn,warn,0,2,0,capability-profile;cluster-rbac;dependency-lock;extension-slots;helm-equivalence;rendered-manifest-scan;source-lock;tpl-extension-slots;variant-revision,false,false,false,true,true,helmEquivalence;installGate;render;scan,,https://helm.elastic.co,a705f1aacc5dffbcb6f817acb2f7613a5e6e74eb68a66fdbcbfbb37bde55bd4d,scanned,
141,hashicorp/terraform,1.1.2,1.1.2,exact-chart-ref,exact,source-scanned,current-recipe-exact-version,package-proof-exists,default-only,next80-full:1 revision(s),proof-grade,not-reviewed-for-production,,add user-shaped variants before catalog promotion,crds,recipes/hashicorp/terraform/1.1.2/recipe.yaml,packages/hashicorp/terraform/1.1.2,machine-proof-only,,default,proof-grade-needs-variants,P2 recipe/render/install policy,4,0,0,0,0,1,0,0,0,0,6,0,0,0,0,1,0,0,0,0,0,1,0,false,0,next80-full,1,1,5,5cc2a190066cc639af6f8856b1ff8e28a40e61546d53cd04f19c5b14d6c37d3b,5/5,warn,warn,1,1,0,capability-profile;crds;dependency-lock;helm-equivalence;lifecycle-policy;rendered-manifest-scan;source-lock;variant-revision,false,false,false,false,false,helmEquivalence;installGate;render;scan,,https://helm.releases.hashicorp.com,9115fecf667f3d41a5a1c5833de948ef699321a6165be7bebe4976a7279702d5,scanned,
142,enix/x509-certificate-exporter,4.2.0-beta.3,,none,none,source-scanned,no-current-recipe,no-package-proof,no-variants,not-proved,not-in-catalog,none,,"create recipe, package, variants, rendered digest, scans, and receipts",lookup;generated-facts;tpl;capabilities;hooks;cluster-rbac,,,none,,,not-yet-proved,P1 compiler policy needed,66,0,3,4,1,1,4,0,1,0,2,19,0,1,4,0,4,0,0,0,0,2,0,false,0,,0,0,0,,,,,,,,,,,,,,,,https://charts.enix.io,289abb3176e0996850fb4c4527cef60bdac91059ad521e426260d5b0ef3e145e,scanned,
143,coredns/coredns,1.45.2,1.45.2,exact-chart-ref,exact,source-scanned,current-recipe-exact-version,package-proof-exists,default-only,next80-full:1 revision(s),proof-grade,not-reviewed-for-production,,add user-shaped variants before catalog promotion,generated-facts;tpl;capabilities;cluster-rbac,recipes/coredns/coredns/1.45.2/recipe.yaml,packages/coredns/coredns/1.45.2,machine-proof-only,,default,proof-grade-needs-variants,P1 compiler policy needed,18,0,0,1,2,1,0,0,0,2,1,2,1,0,0,0,4,0,0,0,0,0,0,false,0,next80-full,1,1,5,e9d0e20ceb7a6ec8e8189aa63d5fcba50be11360c7b734e57b84ad0556b1ca34,5/5,warn,warn,1,2,0,capability-profile;cluster-rbac;dependency-lock;extension-slots;generated-facts;helm-equivalence;rendered-manifest-scan;source-lock;tpl-extension-slots;variant-revision,false,true,true,true,true,helmEquivalence;installGate;render;scan,,https://coredns.github.io/helm,fc1919f05b8640862d86965a2ee7065f2ddf0d4b39b94627263bb8ab490d678d,scanned,
144,bitnami/fluentd,7.2.5,0.5.3,chart-name-only,different-current-version,source-scanned,current-recipe-different-version,package-proof-exists,default-only,next80-full:1 revision(s),proof-grade,not-reviewed-for-production,,review source/current-version drift and refresh recipe if needed,lookup;generated-facts;tpl;capabilities;cluster-rbac;stateful-storage,recipes/fluent/fluentd/0.5.3/recipe.yaml,packages/fluent/fluentd/0.5.3,machine-proof-only,,default,proof-grade-needs-variants,P0 source/dependency risk,65,1,0,5,8,2,3,5,3,0,1,8,2,1,0,0,2,0,0,2,0,3,1,true,1,next80-full,1,1,10,9d7c1ec5d0f201623aa61a0fa2adcb477bac4b7366f5a9b87d9b4a3754c2491a,10/10,warn,warn,0,2,0,capability-profile;cluster-rbac;dependency-lock;helm-equivalence;lifecycle-policy;rendered-manifest-scan;source-lock;tpl-extension-slots;variant-revision,false,false,true,true,false,helmEquivalence;installGate;render;scan,,https://charts.bitnami.com/bitnami,dfdd1837cfeb4545e796c5f0d6503b9a0a04090d0111af7eb46320e8dcca49a5,scanned,
145,bitnami/harbor,27.0.3,,none,none,source-scanned,no-current-recipe,no-package-proof,no-variants,not-proved,not-in-catalog,none,,"create recipe, package, variants, rendered digest, scans, and receipts",lookup;generated-facts;tpl;capabilities;stateful-storage,,,none,,,source-risk-no-proof,P0 source/dependency risk,64,1,0,5,39,1,14,16,16,3,12,53,6,3,0,0,0,0,0,6,10,25,3,true,5,,0,0,0,,,,,,,,,,,,,,,,https://charts.bitnami.com/bitnami,46ca73c9824f786bebedb73e3ce2f7bc29ce4a9eb8512f6a3037517591cdd0b4,scanned,
146,bitnami/influxdb,7.1.20,,none,none,source-scanned,no-current-recipe,no-package-proof,no-variants,not-proved,not-in-catalog,none,,"create recipe, package, variants, rendered digest, scans, and receipts",lookup;generated-facts;tpl;capabilities;stateful-storage,,,none,,,source-risk-no-proof,P0 source/dependency risk,64,1,0,5,9,1,3,5,4,0,5,21,2,1,0,0,0,0,0,0,1,8,1,true,1,,0,0,0,,,,,,,,,,,,,,,,https://charts.bitnami.com/bitnami,b36be12551338d72b34b4f5bbc0b9079af99e4bd1c5e058f4d1ff39e97d43606,scanned,
147,opentelemetry-helm/opentelemetry-operator,0.113.1,0.114.0,chart-name-only,different-current-version,source-scanned,current-recipe-different-version,package-proof-exists,default-only,next80-full:1 revision(s),proof-grade,not-reviewed-for-production,,review source/current-version drift and refresh recipe if needed,lookup;generated-facts;tpl;capabilities;crds;cluster-rbac;webhooks,recipes/open-telemetry/opentelemetry-operator/0.114.0/recipe.yaml,packages/open-telemetry/opentelemetry-operator/0.114.0,machine-proof-only,,default,proof-grade-needs-variants,P1 compiler policy needed,44,0,0,4,4,3,2,1,2,1,2,15,1,2,0,4,3,4,0,0,0,1,0,false,0,next80-full,1,1,17,68dd01565796d137e5dea26e1db02ef3e0d99bbbafd000ec3663680b5bbda873,17/17,warn,warn,0,9,0,capability-profile;cluster-rbac;crds;dependency-lock;extension-slots;generated-facts;helm-equivalence;lifecycle-policy;rendered-manifest-scan;source-lock;target-facts;tpl-extension-slots;variant-revision;webhooks,true,true,true,true,true,helmEquivalence;installGate;render;scan,,https://open-telemetry.github.io/opentelemetry-helm-charts,50c3504deddbf6c79125e00ffd43c7a451795ec8d8e126da99d04d983b7d5016,scanned,
148,fairwinds-stable/vpa,4.11.0,4.11.0,exact-chart-ref,exact,source-scanned,current-recipe-exact-version,package-proof-exists,default-only,next80-full:1 revision(s),proof-grade,not-reviewed-for-production,,add user-shaped variants before catalog promotion,lookup;tpl;capabilities;crds;cluster-rbac;webhooks,recipes/fairwinds-stable/vpa/4.11.0/recipe.yaml,packages/fairwinds-stable/vpa/4.11.0,machine-proof-only,,default,proof-grade-needs-variants,P1 compiler policy needed,30,0,0,4,0,4,1,0,0,0,0,1,1,8,0,1,28,1,1,0,0,0,0,true,0,next80-full,1,1,28,9fc49375853347271950b87624ed5215a97a56370dc361b14d22f7efb157a48b,28/28,warn,warn,0,21,0,capability-profile;cluster-rbac;crds;dependency-lock;helm-equivalence;lifecycle-policy;rendered-manifest-scan;source-lock;target-facts;tpl-extension-slots;variant-revision;webhooks,true,false,true,true,false,helmEquivalence;installGate;render;scan,,https://charts.fairwinds.com/stable,28b48002bf80aa397e078375170ae929bebd6cbfd2788628f3cf5363629a1098,scanned,
149,bitnami/ghost,25.0.4,,none,none,source-scanned,no-current-recipe,no-package-proof,no-variants,not-proved,not-in-catalog,none,,"create recipe, package, variants, rendered digest, scans, and receipts",lookup;generated-facts;tpl;capabilities;stateful-storage,,,none,,,source-risk-no-proof,P0 source/dependency risk,64,1,0,5,17,1,6,11,4,2,8,17,4,2,0,0,0,0,0,2,1,11,2,true,3,,0,0,0,,,,,,,,,,,,,,,,https://charts.bitnami.com/bitnami,d4ad79db973072b705398cbf48596f636eff0e443064ab293c3049c66157d58e,scanned,
150,immich/immich,0.12.0,,none,none,source-scanned,no-current-recipe,no-package-proof,no-variants,not-proved,not-in-catalog,none,,"create recipe, package, variants, rendered digest, scans, and receipts",tpl;capabilities;stateful-storage,,,none,,,not-yet-proved,P2 recipe/render/install policy,16,0,0,2,0,1,0,0,0,0,73,97,2,5,0,0,0,0,0,1,1,1,1,true,0,,0,0,0,,,,,,,,,,,,,,,,https://immich-app.github.io/immich-charts,722fb8049b395412f2f2155a603d846abda10f963d5a0618514161a180da1148,scanned,
151,bitnami/kubernetes-event-exporter,3.6.3,,none,none,source-scanned,no-current-recipe,no-package-proof,no-variants,not-proved,not-in-catalog,none,,"create recipe, package, variants, rendered digest, scans, and receipts",lookup;generated-facts;tpl;capabilities;cluster-rbac,,,none,,,source-risk-no-proof,P0 source/dependency risk,61,1,0,5,5,1,3,5,0,0,0,5,2,1,0,0,2,0,0,0,0,0,1,true,1,,0,0,0,,,,,,,,,,,,,,,,https://charts.bitnami.com/bitnami,c94d1f3de2315d5229ad13442ec468326f08e4c88ca9f4169702287e00709e06,scanned,
152,vector/vector,0.52.0,,none,none,source-scanned,no-current-recipe,no-package-proof,no-variants,not-proved,not-in-catalog,none,,"create recipe, package, variants, rendered digest, scans, and receipts",lookup;tpl;capabilities;cluster-rbac;stateful-storage,,,none,,,not-yet-proved,P1 compiler policy needed,25,0,0,2,0,2,3,0,0,0,3,7,3,0,0,0,2,0,0,2,0,1,0,false,0,,0,0,0,,,,,,,,,,,,,,,,https://helm.vector.dev,cff833208c0394985f1e8f7a9721528a7cc63164ce1e1657ea61743d190f3496,scanned,
153,qdrant/qdrant,1.18.0,,none,none,source-scanned,no-current-recipe,no-package-proof,no-variants,not-proved,not-in-catalog,none,,"create recipe, package, variants, rendered digest, scans, and receipts",lookup;generated-facts;tpl;stateful-storage,,,none,,,not-yet-proved,P1 compiler policy needed,27,0,0,2,2,1,4,2,0,0,0,6,0,0,0,0,0,0,0,1,0,1,0,false,0,,0,0,0,,,,,,,,,,,,,,,,https://qdrant.github.io/qdrant-helm,25b0eaa4ea48173e5a9c54c6b3d466f3ff29ae93f2ca6738ef9f5c2daf6f8414,scanned,
154,bitnami/mariadb-galera,16.0.1,,none,none,source-scanned,no-current-recipe,no-package-proof,no-variants,not-proved,not-in-catalog,none,,"create recipe, package, variants, rendered digest, scans, and receipts",lookup;generated-facts;tpl;capabilities;stateful-storage,,,none,,,source-risk-no-proof,P0 source/dependency risk,66,1,0,5,10,1,3,8,2,0,4,6,2,1,0,0,0,0,0,1,0,2,1,true,1,,0,0,0,,,,,,,,,,,,,,,,https://charts.bitnami.com/bitnami,5a3adf6c5bef2ebd1857bc6482557c117452df1c89a563c6d34e03a0f61f5853,scanned,
155,apisix/apisix,2.14.0,,none,none,source-scanned,no-current-recipe,no-package-proof,no-variants,not-proved,not-in-catalog,none,,"create recipe, package, variants, rendered digest, scans, and receipts",lookup;generated-facts;tpl;capabilities;crds;cluster-rbac;webhooks;stateful-storage,,,none,,,source-risk-no-proof,P0 source/dependency risk,67,1,0,5,7,4,5,5,2,0,5,21,2,18,0,2,7,1,0,1,1,4,1,true,1,,0,0,0,,,,,,,,,,,,,,,,https://charts.apiseven.com,3f8c07f370819d950ca7709651b522d861595d86c421ef59571422917b9f2fb5,scanned,
156,trino/trino,1.42.2,,none,none,source-scanned,no-current-recipe,no-package-proof,no-variants,not-proved,not-in-catalog,none,,"create recipe, package, variants, rendered digest, scans, and receipts",tpl,,,none,,,not-yet-proved,P2 recipe/render/install policy,5,0,0,0,0,0,0,0,0,0,12,32,0,0,0,0,0,0,0,0,0,2,0,false,0,,0,0,0,,,,,,,,,,,,,,,,https://trinodb.github.io/charts/,0b33da82a36becd8913fef23d99f470bb6b87bce29bbc219089a5bbd4159266d,scanned,
157,bitnami/airflow,25.0.2,,none,none,source-scanned,no-current-recipe,no-package-proof,no-variants,not-proved,not-in-catalog,none,,"create recipe, package, variants, rendered digest, scans, and receipts",lookup;generated-facts;tpl;capabilities;stateful-storage,,,none,,,source-risk-no-proof,P0 source/dependency risk,64,1,0,5,30,1,14,19,8,3,16,61,6,3,0,0,0,0,0,10,8,18,3,true,5,,0,0,0,,,,,,,,,,,,,,,,https://charts.bitnami.com/bitnami,8819aa6cc09b3669f58b8b05dcf48d13df3c2894c4ef39391673696a285c2bbc,scanned,
158,bitnami/clickhouse,9.4.4,,none,none,source-scanned,no-current-recipe,no-package-proof,no-variants,not-proved,not-in-catalog,none,,"create recipe, package, variants, rendered digest, scans, and receipts",lookup;generated-facts;tpl;capabilities;stateful-storage,,,none,,,source-risk-no-proof,P0 source/dependency risk,64,1,0,5,10,1,3,5,5,0,8,21,2,1,0,0,0,0,0,4,2,11,1,true,1,,0,0,0,,,,,,,,,,,,,,,,https://charts.bitnami.com/bitnami,5542fa64bde353a2a5b08b03c130b85018748a9b3e78cd9eea5db2c8f5d54337,scanned,
159,codecentric/mailhog,5.8.0,,none,none,source-scanned,no-current-recipe,no-package-proof,no-variants,not-proved,not-in-catalog,none,,"create recipe, package, variants, rendered digest, scans, and receipts",capabilities,,,none,,,not-yet-proved,P2 recipe/render/install policy,12,0,0,3,0,0,0,0,0,0,0,0,2,1,0,0,0,0,0,0,0,2,0,false,0,,0,0,0,,,,,,,,,,,,,,,,https://codecentric.github.io/helm-charts,19cc42ea049fe11a47a1dc66df328d9cd325c5290f832ec0440dcb5a7290553c,scanned,
160,ananace-charts/matrix-synapse,3.12.28,,none,none,source-scanned,no-current-recipe,no-package-proof,no-variants,not-proved,not-in-catalog,none,,"create recipe, package, variants, rendered digest, scans, and receipts",lookup;generated-facts;tpl;capabilities;hooks;stateful-storage,,,none,,,source-risk-no-proof,P0 source/dependency risk,82,1,2,5,19,1,12,13,4,2,25,30,2,7,6,0,0,0,0,6,6,9,2,true,4,,0,0,0,,,,,,,,,,,,,,,,https://ananace.gitlab.io/charts,35070eb68a38144c68df467834cf4369fc7026779ec7faa9ec4089b006c857cf,scanned,
161,stevehipwell/nexus3,5.22.0,,none,none,source-scanned,no-current-recipe,no-package-proof,no-variants,not-proved,not-in-catalog,none,,"create recipe, package, variants, rendered digest, scans, and receipts",lookup;generated-facts;capabilities;stateful-storage,,,none,,,not-yet-proved,P1 compiler policy needed,35,0,0,4,3,1,3,2,1,0,0,0,0,4,0,0,0,0,0,1,0,3,0,false,0,,0,0,0,,,,,,,,,,,,,,,,https://stevehipwell.github.io/helm-charts/,5add00f85f53836fe15502454acde2ba4d3cf7f44c780825929e8ae958c37fe7,scanned,
162,bitnami/phpmyadmin,20.0.0,20.0.0,exact-chart-ref,exact,source-scanned,current-recipe-exact-version,package-proof-exists,default-only,next80-full:1 revision(s),proof-grade,not-reviewed-for-production,,add user-shaped variants before catalog promotion,lookup;generated-facts;tpl;capabilities;stateful-storage,recipes/bitnami/phpmyadmin/20.0.0/recipe.yaml,packages/bitnami/phpmyadmin/20.0.0,machine-proof-only,,default,proof-grade-needs-variants,P0 source/dependency risk,64,1,0,5,17,1,7,11,4,2,12,15,4,2,0,0,0,0,0,2,0,10,2,true,3,next80-full,1,1,5,41d8e5dabf8548c2965f32db8fdb6870f07b3e3fd967d641d8dc952f7569eb0a,5/5,pass,allow,0,0,0,capability-profile;dependency-lock;extension-slots;generated-facts;helm-equivalence;lifecycle-policy;rendered-manifest-scan;source-lock;target-facts;tpl-extension-slots;variant-revision,true,true,true,true,true,helmEquivalence;installGate;render;scan,,https://charts.bitnami.com/bitnami,1edc604fa2c2e02d3fa14e866e6278f6ea987f52ef8580a7f4058f3fb6329fa8,scanned,
163,prometheus-community/prometheus-redis-exporter,6.24.0,,none,none,source-scanned,no-current-recipe,no-package-proof,no-variants,not-proved,not-in-catalog,none,,"create recipe, package, variants, rendered digest, scans, and receipts",tpl;capabilities,,,none,,,not-yet-proved,P2 recipe/render/install policy,8,0,0,1,0,0,0,0,0,0,0,2,2,0,0,0,0,0,0,0,0,0,0,false,0,,0,0,0,,,,,,,,,,,,,,,,https://prometheus-community.github.io/helm-charts,0908f0e2509f42b303853c2309c3b03f65c5288a4fe1fbd3a097993fadf6d8c6,scanned,
164,zabbix-community/zabbix,7.0.12,,none,none,source-scanned,no-current-recipe,no-package-proof,no-variants,not-proved,not-in-catalog,none,,"create recipe, package, variants, rendered digest, scans, and receipts",lookup;generated-facts;tpl;capabilities;cluster-rbac;stateful-storage,,,none,,,not-yet-proved,P1 compiler policy needed,45,0,0,5,2,2,1,1,0,1,2,1,2,1,0,0,2,0,0,2,0,1,0,false,0,,0,0,0,,,,,,,,,,,,,,,,https://zabbix-community.github.io/helm-zabbix/,1f19357e39c106782026aeaccc9b9df00a568ca161fffe01ea26885325d4f38a,scanned,
165,jfrog/artifactory,107.146.13,,none,none,source-scanned,no-current-recipe,no-package-proof,no-variants,not-proved,not-in-catalog,none,,"create recipe, package, variants, rendered digest, scans, and receipts",lookup;generated-facts;tpl;capabilities;stateful-storage,,,none,,,source-risk-no-proof,P0 source/dependency risk,66,1,0,5,12,1,4,6,4,2,37,335,10,13,0,0,0,0,0,4,6,18,1,true,1,,0,0,0,,,,,,,,,,,,,,,,https://charts.jfrog.io,97f7960d30e0c16e386c25b717497c5df8973f33f5f6c345d8501768b1081915,scanned,
166,karpenter/karpenter,0.16.3,,none,none,source-scanned,no-current-recipe,no-package-proof,no-variants,not-proved,not-in-catalog,none,,"create recipe, package, variants, rendered digest, scans, and receipts",capabilities;crds;cluster-rbac;webhooks,,,none,,,not-yet-proved,P2 recipe/render/install policy,15,0,0,3,0,3,0,0,0,0,0,0,1,1,0,2,3,3,0,0,0,1,0,true,0,,0,0,0,,,,,,,,,,,,,,,,https://charts.karpenter.sh,bd60e546bf25071c64b94928d907baf6713f929e6336f2ed452689ca9f9176b3,scanned,
167,prometheus-community/prometheus-pushgateway,3.6.0,3.6.0,exact-chart-ref,exact,source-scanned,current-recipe-exact-version,package-proof-exists,default-only,next80-full:1 revision(s),proof-grade,not-reviewed-for-production,,add user-shaped variants before catalog promotion,tpl;stateful-storage,recipes/prometheus-community/prometheus-pushgateway/3.6.0/recipe.yaml,packages/prometheus-community/prometheus-pushgateway/3.6.0,machine-proof-only,,default,proof-grade-needs-variants,P1 compiler policy needed,16,0,0,0,1,1,0,0,0,0,1,6,0,0,0,0,0,0,0,1,1,2,0,false,0,next80-full,1,1,3,80cb018f0b277814e17ca7208be55ef10ed74288a258a6519e7bbcf088a9f450,3/3,pass,allow,0,0,0,capability-profile;dependency-lock;extension-slots;helm-equivalence;rendered-manifest-scan;source-lock;tpl-extension-slots;variant-revision,false,false,false,true,true,helmEquivalence;installGate;render;scan,,https://prometheus-community.github.io/helm-charts,4bc699ef1c872a5f837db6735755519e262d1d1ccf02a765b77792e1d882bde7,scanned,
168,rook/rook-ceph-cluster,1.20.0-beta.0,v1.19.5,chart-name-only,different-current-version,source-scanned,current-recipe-different-version,package-proof-exists,default-only,next80-full:1 revision(s),proof-grade,not-reviewed-for-production,,review source/current-version drift and refresh recipe if needed,tpl;capabilities;cluster-rbac,recipes/rook-release/rook-ceph-cluster/v1.19.5/recipe.yaml,packages/rook-release/rook-ceph-cluster/v1.19.5,machine-proof-only,,default,proof-grade-needs-variants,P2 recipe/render/install policy,13,0,0,2,0,1,0,0,0,0,0,2,1,1,0,0,4,0,0,0,0,0,1,false,0,next80-full,1,1,27,5ac8f526459d6393552b66ab60f690c6c85a1e86bba45ea82d5bbf219694b010,27/27,warn,warn,0,2,0,capability-profile;cluster-rbac;dependency-lock;generated-facts;helm-equivalence;rendered-manifest-scan;source-lock;tpl-extension-slots;variant-revision,false,true,true,true,false,helmEquivalence;installGate;render;scan,,https://charts.rook.io/release,5e51ea9805dcbd79a923ef0e7973c9904720b53fd7d4ea6bb5d3e30145b81a95,scanned,
169,dagster/dagster,1.13.6,,none,none,source-scanned,no-current-recipe,no-package-proof,no-variants,not-proved,not-in-catalog,none,,"create recipe, package, variants, rendered digest, scans, and receipts",lookup;generated-facts;tpl;capabilities;stateful-storage,,,none,,,source-risk-no-proof,P0 source/dependency risk,66,1,0,5,10,1,2,10,0,0,18,28,1,9,0,0,0,0,0,6,0,7,1,true,1,,0,0,0,,,,,,,,,,,,,,,,https://dagster-io.github.io/helm,71af5c9fb9b29fc266cd9df962dd07ef51f242bcc21e0cb0fb7bbcbff8b67171,scanned,
170,netdata/netdata,3.7.165,,none,none,source-scanned,no-current-recipe,no-package-proof,no-variants,not-proved,not-in-catalog,none,,"create recipe, package, variants, rendered digest, scans, and receipts",tpl;capabilities;cluster-rbac;stateful-storage,,,none,,,not-yet-proved,P2 recipe/render/install policy,23,0,0,3,0,2,0,0,0,0,12,44,1,4,0,0,6,0,0,1,5,4,0,true,0,,0,0,0,,,,,,,,,,,,,,,,https://netdata.github.io/helmchart,84f9698ac05fca6d36f3c3225702bcdd650ddfb609fb74bfa8ce070c7595b2cf,scanned,
171,onepassword-connect/connect,2.4.1,,none,none,source-scanned,no-current-recipe,no-package-proof,no-variants,not-proved,not-in-catalog,none,,"create recipe, package, variants, rendered digest, scans, and receipts",lookup;tpl;capabilities;hooks;crds;cluster-rbac,,,none,,,not-yet-proved,P1 compiler policy needed,47,0,2,4,0,2,3,0,0,0,2,12,1,1,4,1,3,0,0,0,0,3,0,false,0,,0,0,0,,,,,,,,,,,,,,,,https://1password.github.io/connect-helm-charts,dbcedec9bd042855c8bf329b687cf5b5733410a330c139e333cb424ac481bf0c,scanned,
172,kong-z/graylog,3.0.21,,none,none,source-scanned,no-current-recipe,no-package-proof,no-variants,not-proved,not-in-catalog,none,,"create recipe, package, variants, rendered digest, scans, and receipts",lookup;generated-facts;tpl;capabilities;stateful-storage,,,none,,,not-yet-proved,P1 compiler policy needed,41,0,0,4,2,2,2,2,0,0,12,11,8,9,0,0,0,0,0,2,1,4,2,true,0,,0,0,0,,,,,,,,,,,,,,,,https://charts.kong-z.com/,ca84f472d1be9caa5e9c7d5a813b5eb3a6a041e371699d56da8b0fd2023299df,scanned,
173,aws-karpenter/karpenter,1.12.1,,none,none,source-scanned,no-current-recipe,no-package-proof,no-variants,not-proved,not-in-catalog,none,,"create recipe, package, variants, rendered digest, scans, and receipts",tpl;capabilities;crds;cluster-rbac,,,none,,,not-yet-proved,P2 recipe/render/install policy,19,0,0,3,0,2,0,0,0,0,1,14,2,1,0,4,5,0,0,0,0,0,0,true,0,,0,0,0,,,,,,,,,,,,,,,,oci://public.ecr.aws/karpenter/karpenter,3419ff1831b440068fb1a25dc1d4755c23e1b442e16baad3ebd2c6ad9a86fdaf,scanned,"Error: looks like ""oci://public.ecr.aws/karpenter/karpenter"" is not a valid chart repository or cannot be reached: failed to perform ""FetchReference"" on source: invalid reference
"
174,deliveryhero/node-problem-detector,2.4.1,,none,none,source-scanned,no-current-recipe,no-package-proof,no-variants,not-proved,not-in-catalog,none,,"create recipe, package, variants, rendered digest, scans, and receipts",capabilities;cluster-rbac,,,none,,,not-yet-proved,P2 recipe/render/install policy,9,0,0,2,0,1,0,0,0,0,0,0,0,1,0,0,4,0,0,0,0,0,0,false,0,,0,0,0,,,,,,,,,,,,,,,,https://raw.githubusercontent.com/deliveryhero/helm-charts/refs/heads/master/,76ebe14ca150adc41e45a8f69a040e3af8469ad2ee483d7d55d113fb58340005,scanned,
175,fluent/fluentd,0.5.3,,none,none,source-scanned,no-current-recipe,no-package-proof,no-variants,not-proved,not-in-catalog,none,,"create recipe, package, variants, rendered digest, scans, and receipts",tpl;capabilities;cluster-rbac;stateful-storage,,,none,,,not-yet-proved,P2 recipe/render/install policy,18,0,0,3,0,2,0,0,0,0,0,1,3,3,0,0,2,0,0,1,0,0,0,false,0,,0,0,0,,,,,,,,,,,,,,,,https://fluent.github.io/helm-charts,3e506454cfa06d696e07cdc499eaa5f4dc2a119c4e6f28969430528467e3bf82,scanned,
176,minio-official/minio,5.4.0,,none,none,source-scanned,no-current-recipe,no-package-proof,no-variants,not-proved,not-in-catalog,none,,"create recipe, package, variants, rendered digest, scans, and receipts",lookup;generated-facts;tpl;capabilities;stateful-storage,,,none,,,not-yet-proved,P1 compiler policy needed,35,0,0,4,3,1,1,1,0,2,0,20,2,13,0,0,0,0,0,1,3,1,0,false,0,,0,0,0,,,,,,,,,,,,,,,,https://charts.min.io,25fa2740480d1ebc9e64340854a6c42d3a7bc39c2a77378da91b21f144faa9af,scanned,
177,openfaas/openfaas,15.0.6,,none,none,source-scanned,no-current-recipe,no-package-proof,no-variants,not-proved,not-in-catalog,none,,"create recipe, package, variants, rendered digest, scans, and receipts",generated-facts;capabilities;crds;cluster-rbac;stateful-storage,,,none,,,not-yet-proved,P1 compiler policy needed,26,0,0,3,1,3,0,1,0,0,1,0,2,1,0,4,12,0,0,0,1,1,0,false,0,,0,0,0,,,,,,,,,,,,,,,,https://openfaas.github.io/faas-netes,937d0672524fefb7177e0153f45d44ba0cde026ed8d0bfb723207e39c1119d6c,scanned,
178,smallstep/step-certificates,1.30.1,,none,none,source-scanned,no-current-recipe,no-package-proof,no-variants,not-proved,not-in-catalog,none,,"create recipe, package, variants, rendered digest, scans, and receipts",capabilities;cluster-rbac,,,none,,,not-yet-proved,P2 recipe/render/install policy,16,0,0,3,0,1,0,0,0,0,1,0,0,1,0,0,2,0,0,0,0,7,0,false,0,,0,0,0,,,,,,,,,,,,,,,,https://smallstep.github.io/helm-charts/,1a211cfa59eab3bea4712a7b344e8c8e8714ee784655b6ba36d9689870044c03,scanned,
179,jaegertracing/jaeger-operator,2.57.0,2.57.0,exact-chart-ref,exact,source-scanned,current-recipe-exact-version,package-proof-exists,default-only,next80-full:1 revision(s),proof-grade,not-reviewed-for-production,,add user-shaped variants before catalog promotion,crds;webhooks,recipes/jaegertracing/jaeger-operator/2.57.0/recipe.yaml,packages/jaegertracing/jaeger-operator/2.57.0,machine-proof-only,,default,proof-grade-needs-variants,P2 recipe/render/install policy,2,0,0,0,0,2,0,0,0,0,0,0,0,0,0,1,0,2,0,0,0,0,0,false,0,next80-full,1,1,11,c17323ac7d71b000b42732323a79731fe3d9244ba4e641d8349a73a71b8807ab,11/11,warn,warn,0,3,0,capability-profile;crds;dependency-lock;extension-slots;helm-equivalence;rendered-manifest-scan;source-lock;variant-revision;webhooks,false,false,false,false,true,helmEquivalence;installGate;render;scan,,https://jaegertracing.github.io/helm-charts,623409b5b32ba53a26e02b36974e2c7fe38614440ecb6623c42b484629344fc3,scanned,
180,bitnami/cert-manager,1.5.14,,none,none,source-scanned,no-current-recipe,no-package-proof,no-variants,not-proved,not-in-catalog,none,,"create recipe, package, variants, rendered digest, scans, and receipts",lookup;generated-facts;tpl;capabilities;crds;cluster-rbac;webhooks,,,none,,,source-risk-no-proof,P0 source/dependency risk,63,1,0,5,11,3,3,5,0,6,0,4,2,1,0,6,20,2,0,0,0,0,1,true,1,,0,0,0,,,,,,,,,,,,,,,,https://charts.bitnami.com/bitnami,fbf0b36cb7dac6c7506f0a78d6b9a50a1b89217b4568adc056cf26cbc6de863e,scanned,
181,docker-postfix/mail,5.1.0,,none,none,source-scanned,no-current-recipe,no-package-proof,no-variants,not-proved,not-in-catalog,none,,"create recipe, package, variants, rendered digest, scans, and receipts",generated-facts;tpl;capabilities;stateful-storage,,,none,,,not-yet-proved,P1 compiler policy needed,19,0,0,2,3,1,0,0,2,1,0,4,0,4,0,0,0,0,0,0,1,3,0,false,0,,0,0,0,,,,,,,,,,,,,,,,https://bokysan.github.io/docker-postfix/,202c9e211dd313990e0cf08a8ac2dacb31c2d6b85a3e2ab3f299a51e8fa0c271,scanned,
182,bitnami/memcached,8.5.5,8.5.5,exact-chart-ref,exact,source-scanned,current-recipe-exact-version,package-proof-exists,default-only,next80-full:1 revision(s),proof-grade,not-reviewed-for-production,,add user-shaped variants before catalog promotion,lookup;generated-facts;tpl;capabilities;stateful-storage,recipes/bitnami/memcached/8.5.5/recipe.yaml,packages/bitnami/memcached/8.5.5,machine-proof-only,,default,proof-grade-needs-variants,P1 compiler policy needed,41,0,0,5,6,1,3,6,0,0,0,5,2,1,0,0,0,0,0,2,0,1,1,false,0,next80-full,1,1,5,8cd477e08d9fdd2d56df7832f901d773af4f4313a405330180d7068cd7751558,5/5,warn,warn,1,0,0,capability-profile;dependency-lock;extension-slots;generated-facts;helm-equivalence;rendered-manifest-scan;source-lock;target-facts;tpl-extension-slots;variant-revision,true,true,true,true,true,helmEquivalence;installGate;render;scan,,https://charts.bitnami.com/bitnami,a4e93ca0fd99b523a52b3c388421330a7cbdc47efc860aff79fba775be240047,scanned,
183,prometheus-community/prometheus-elasticsearch-exporter,7.2.1,,none,none,source-scanned,no-current-recipe,no-package-proof,no-variants,not-proved,not-in-catalog,none,,"create recipe, package, variants, rendered digest, scans, and receipts",tpl;capabilities,,,none,,,not-yet-proved,P2 recipe/render/install policy,11,0,0,1,0,0,0,0,0,0,3,11,1,0,0,0,0,0,0,0,0,1,0,false,0,,0,0,0,,,,,,,,,,,,,,,,https://prometheus-community.github.io/helm-charts,f5b38749e26860cec0ebd5a2bf0c3c7503eda3446faba0b98d1751b516c8bc38,scanned,
184,fluxcd-community/flux2,2.18.3,,none,none,source-scanned,no-current-recipe,no-package-proof,no-variants,not-proved,not-in-catalog,none,,"create recipe, package, variants, rendered digest, scans, and receipts",tpl;hooks;cluster-rbac,,,none,,,not-yet-proved,P1 compiler policy needed,30,0,3,0,0,2,0,0,0,0,0,2,0,0,2,0,11,0,0,0,0,1,0,false,0,,0,0,0,,,,,,,,,,,,,,,,https://fluxcd-community.github.io/helm-charts,3fb83376c55eb7df91062330efbe58238c1ed9702db298a4774f85ea0de2650d,scanned,
185,enapter/keydb,0.48.0,,none,none,source-scanned,no-current-recipe,no-package-proof,no-variants,not-proved,not-in-catalog,none,,"create recipe, package, variants, rendered digest, scans, and receipts",tpl;stateful-storage,,,none,,,not-yet-proved,P2 recipe/render/install policy,3,0,0,0,0,1,0,0,0,0,0,2,0,0,0,0,0,0,0,1,0,1,0,false,0,,0,0,0,,,,,,,,,,,,,,,,https://enapter.github.io/charts/,a6d0e39d567621f34f5c30d251a18299a8cbb51222b27438c829af3c0739ddc4,scanned,
186,strimzi/strimzi-kafka-operator,1.0.0,1.0.0,exact-chart-ref,exact,source-scanned,current-recipe-exact-version,package-proof-exists,default-only,next80-full:1 revision(s),proof-grade,not-reviewed-for-production,,add user-shaped variants before catalog promotion,tpl;capabilities;crds;cluster-rbac,recipes/strimzi/strimzi-kafka-operator/1.0.0/recipe.yaml,packages/strimzi/strimzi-kafka-operator/1.0.0,machine-proof-only,,default,proof-grade-needs-variants,P2 recipe/render/install policy,14,0,0,2,0,2,0,0,0,0,0,1,0,1,0,10,16,0,0,0,0,0,0,false,0,next80-full,1,1,27,f3cfe3329c6673870bb6ecd1d31cab9d74ee96695d6b2b6fbfb0f4a1a7b9f23b,27/27,warn,warn,0,20,0,capability-profile;cluster-rbac;crds;dependency-lock;extension-slots;helm-equivalence;rendered-manifest-scan;source-lock;target-facts;tpl-extension-slots;variant-revision,true,false,true,true,true,helmEquivalence;installGate;render;scan,,https://strimzi.io/charts,afb2e7c9fd95eefef689097fc57740975f588f5285d1af1c00ef26cceff5f7c3,scanned,
187,strimzi-kafka-operator/strimzi-kafka-operator,1.0.0,,none,none,source-scanned,no-current-recipe,no-package-proof,no-variants,not-proved,not-in-catalog,none,,"create recipe, package, variants, rendered digest, scans, and receipts",tpl;capabilities;crds;cluster-rbac,,,none,,,not-yet-proved,P2 recipe/render/install policy,14,0,0,2,0,2,0,0,0,0,0,1,0,1,0,10,16,0,0,0,0,0,0,false,0,,0,0,0,,,,,,,,,,,,,,,,oci://quay.io/strimzi-helm/strimzi-kafka-operator,afb2e7c9fd95eefef689097fc57740975f588f5285d1af1c00ef26cceff5f7c3,scanned,"Error: looks like ""oci://quay.io/strimzi-helm/strimzi-kafka-operator"" is not a valid chart repository or cannot be reached: failed to perform ""FetchReference"" on source: invalid reference
"
188,gissilabs/vaultwarden,1.4.0,,none,none,source-scanned,no-current-recipe,no-package-proof,no-variants,not-proved,not-in-catalog,none,,"create recipe, package, variants, rendered digest, scans, and receipts",generated-facts;stateful-storage,,,none,,,not-yet-proved,P1 compiler policy needed,12,0,0,0,1,1,0,1,0,0,22,0,0,0,0,0,0,0,0,0,1,1,0,false,0,,0,0,0,,,,,,,,,,,,,,,,https://gissilabs.github.io/charts/,0c670c31fc1227884d4257b3eaae25f9ad33612f10ccdc4ee5b4deb5cab74171,scanned,
189,drone/drone,0.6.5,,none,none,source-scanned,no-current-recipe,no-package-proof,no-variants,not-proved,not-in-catalog,none,,"create recipe, package, variants, rendered digest, scans, and receipts",capabilities;stateful-storage,,,none,,,not-yet-proved,P2 recipe/render/install policy,9,0,0,2,0,1,0,0,0,0,0,0,0,6,0,0,0,0,0,0,1,0,0,false,0,,0,0,0,,,,,,,,,,,,,,,,https://charts.drone.io,079ef2f47d2c01d2418ad7eadb3b51ac7b522dcc69fe7f192714d15aae60c502,scanned,
190,opencost/opencost,2.5.20,2.5.21,exact-chart-ref,different-current-version,source-scanned,current-recipe-different-version,package-proof-exists,default-only,next80-full:1 revision(s),proof-grade,not-reviewed-for-production,,review source/current-version drift and refresh recipe if needed,tpl;capabilities;cluster-rbac;stateful-storage,recipes/opencost/opencost/2.5.21/recipe.yaml,packages/opencost/opencost/2.5.21,machine-proof-only,,default,proof-grade-needs-variants,P2 recipe/render/install policy,11,0,0,1,0,2,0,0,0,0,8,3,3,0,0,0,3,0,0,0,1,4,0,false,0,next80-full,1,1,6,3cf0267ce7b5173e0c514fad903e559129d63d2f9a6bb83da681dcff1f7977dc,6/6,warn,warn,0,2,0,capability-profile;cluster-rbac;dependency-lock;extension-slots;helm-equivalence;rendered-manifest-scan;source-lock;tpl-extension-slots;variant-revision,false,false,true,true,true,helmEquivalence;installGate;render;scan,,https://opencost.github.io/opencost-helm-chart/,ac3c2c7335af510d1fa489787fb1fbdb7d17b35fa277cd4d2e5f41515cc1b9f1,scanned,
191,policy-reporter/policy-reporter,3.7.4,,none,none,source-scanned,no-current-recipe,no-package-proof,no-variants,not-proved,not-in-catalog,none,,"create recipe, package, variants, rendered digest, scans, and receipts",generated-facts;tpl;capabilities;cluster-rbac,,,none,,,not-yet-proved,P1 compiler policy needed,31,0,0,3,6,2,0,0,0,6,4,7,1,25,0,0,6,0,0,0,0,7,0,false,0,,0,0,0,,,,,,,,,,,,,,,,https://kyverno.github.io/policy-reporter,8ec4771300b2bfdbadfe6964a19b223a976f403e46efb442448ce3b2d7d03622,scanned,
192,hashicorp/vault-secrets-operator,1.4.0,,none,none,source-scanned,no-current-recipe,no-package-proof,no-variants,not-proved,not-in-catalog,none,,"create recipe, package, variants, rendered digest, scans, and receipts",hooks;crds;cluster-rbac,,,none,,,not-yet-proved,P1 compiler policy needed,29,0,3,0,0,2,0,0,0,0,1,0,0,0,4,10,34,0,0,0,0,0,0,false,0,,0,0,0,,,,,,,,,,,,,,,,https://helm.releases.hashicorp.com,55e570904c39e9df1397b7752a49e83d3800fd5d680542d50222df7377b8a587,scanned,
193,bitnami/cassandra,12.3.11,,none,none,source-scanned,no-current-recipe,no-package-proof,no-variants,not-proved,not-in-catalog,none,,"create recipe, package, variants, rendered digest, scans, and receipts",lookup;generated-facts;tpl;capabilities;stateful-storage,,,none,,,source-risk-no-proof,P0 source/dependency risk,64,1,0,5,7,1,3,5,2,0,1,10,2,1,0,0,0,0,0,1,1,4,1,true,1,,0,0,0,,,,,,,,,,,,,,,,https://charts.bitnami.com/bitnami,e08552ec975df8c8e648defd3fc3f660f71c46b7949ad9dafcd18e52fbb198f2,scanned,
194,cloudpirates-keycloak/keycloak,0.21.9,,none,none,source-scanned,no-current-recipe,no-package-proof,no-variants,not-proved,not-in-catalog,none,,"create recipe, package, variants, rendered digest, scans, and receipts",lookup;generated-facts;tpl;capabilities;stateful-storage,,,none,,,source-risk-no-proof,P0 source/dependency risk,60,1,0,4,9,1,5,9,0,0,4,16,3,9,0,0,0,0,0,3,2,7,3,true,4,,0,0,0,,,,,,,,,,,,,,,,oci://registry-1.docker.io/cloudpirates/keycloak,0c38893c8c8b4900f853e63b7cfed01d8ae0a87434a3816bc660ab16ff507974,scanned,"Error: looks like ""oci://registry-1.docker.io/cloudpirates/keycloak"" is not a valid chart repository or cannot be reached: failed to perform ""FetchReference"" on source: invalid reference
"
195,open-metadata/openmetadata,1.12.8,,none,none,source-scanned,no-current-recipe,no-package-proof,no-variants,not-proved,not-in-catalog,none,,"create recipe, package, variants, rendered digest, scans, and receipts",tpl;capabilities;cluster-rbac,,,none,,,not-yet-proved,P2 recipe/render/install policy,19,0,0,3,0,2,0,0,0,0,4,3,5,7,0,0,4,0,0,0,0,13,0,false,0,,0,0,0,,,,,,,,,,,,,,,,https://helm.open-metadata.org,8dda2908e8dd837e5c15c59a197b31166ef0c94b5b912b638af00a475c4761b1,scanned,
196,zitadel/zitadel,10.0.1,,none,none,source-scanned,no-current-recipe,no-package-proof,no-variants,not-proved,not-in-catalog,none,,"create recipe, package, variants, rendered digest, scans, and receipts",lookup;generated-facts;tpl;capabilities;stateful-storage,,,none,,,source-risk-no-proof,P0 source/dependency risk,64,1,0,5,13,1,4,6,4,3,17,28,2,2,0,0,0,0,0,2,3,12,1,true,1,,0,0,0,,,,,,,,,,,,,,,,https://charts.zitadel.com,f8fa24a24a3a861d7f4779b5cf5825ae077c60da30a8ac0118d98e6fc7a2348c,scanned,
197,bitnami/common,2.40.0,,none,none,source-scanned,no-current-recipe,no-package-proof,no-variants,not-proved,not-in-catalog,none,,"create recipe, package, variants, rendered digest, scans, and receipts",lookup;generated-facts;tpl;capabilities,,,none,,,not-yet-proved,P1 compiler policy needed,38,0,0,5,5,0,3,5,0,0,0,4,2,1,0,0,0,0,0,0,0,0,0,false,0,,0,0,0,,,,,,,,,,,,,,,,https://charts.bitnami.com/bitnami,2780b8f08e9185445e3e43d9b796485955face69021c3a89d53d9a39fef65e34,scanned,"Error: failed to perform ""FetchReference"" on source: Get ""https://registry-1.docker.io/v2/bitnamicharts/common/manifests/2.40.0"": read tcp [2a00:23c4:aca5:a701:3466:f2bf:46c9:30a4]:61154->[2600:1f18:2148:bc00:b528:43f3:4650:8ad0]:443: read: connection reset by peer
"
198,bitnami/discourse,17.0.1,,none,none,source-scanned,no-current-recipe,no-package-proof,no-variants,not-proved,not-in-catalog,none,,"create recipe, package, variants, rendered digest, scans, and receipts",lookup;generated-facts;tpl;capabilities;stateful-storage,,,none,,,source-risk-no-proof,P0 source/dependency risk,64,1,0,5,25,1,14,16,6,3,11,48,6,3,0,0,0,0,0,5,9,14,3,true,5,,0,0,0,,,,,,,,,,,,,,,,https://charts.bitnami.com/bitnami,4f23371ad8a185adf51e537bd5ca55d4af839e8cc481ea3ce36aae7aa6acfadf,scanned,
199,linkerd2/linkerd-viz,30.12.11,,none,none,source-scanned,no-current-recipe,no-package-proof,no-variants,not-proved,not-in-catalog,none,,"create recipe, package, variants, rendered digest, scans, and receipts",generated-facts;cluster-rbac;webhooks;stateful-storage,,,none,,,not-yet-proved,P1 compiler policy needed,15,0,0,0,2,4,0,0,2,0,8,0,0,0,0,0,15,1,1,0,1,2,0,true,0,,0,0,0,,,,,,,,,,,,,,,,https://helm.linkerd.io/stable,40c056070b4c7644da47747eb8ea173df366e01cfc3d0dc2d1890157adb18421,scanned,
200,bitnami/valkey,6.0.2,,none,none,source-scanned,no-current-recipe,no-package-proof,no-variants,not-proved,not-in-catalog,none,,"create recipe, package, variants, rendered digest, scans, and receipts",lookup;generated-facts;tpl;capabilities;stateful-storage,,,none,,,not-yet-proved,P1 compiler policy needed,44,0,0,5,8,1,7,5,2,1,3,11,2,1,0,0,0,0,0,3,5,3,1,false,0,,0,0,0,,,,,,,,,,,,,,,,https://charts.bitnami.com/bitnami,11f6d4bacf4ccf2b6b849577ca448ce05a3158580bfcbc6a7537d5821ab5fdef,scanned,
201,netbox/netbox,8.2.17,,none,none,source-scanned,no-current-recipe,no-package-proof,no-variants,not-proved,not-in-catalog,none,,"create recipe, package, variants, rendered digest, scans, and receipts",lookup;generated-facts;tpl;capabilities;stateful-storage,,,none,,,source-risk-no-proof,P0 source/dependency risk,66,1,0,5,25,1,14,17,4,4,12,42,6,3,0,0,0,0,0,5,11,13,3,true,3,,0,0,0,,,,,,,,,,,,,,,,https://charts.netbox.oss.netboxlabs.com/,3f44d91b14f3cb65cdb42436c82547b506e4aabdc55c24b8465c060249df99fd,scanned,
202,redpanda-data/redpanda,26.1.3,,none,none,source-scanned,no-current-recipe,no-package-proof,no-variants,not-proved,not-in-catalog,none,,"create recipe, package, variants, rendered digest, scans, and receipts",lookup;generated-facts;tpl;capabilities,,,none,,,source-risk-no-proof,P0 source/dependency risk,59,1,0,4,2,0,2,2,0,0,37,12,0,5,0,0,0,0,0,0,0,0,0,true,1,,0,0,0,,,,,,,,,,,,,,,,https://charts.redpanda.com,1dfad12e51a8e056a2f73ca169eb7a18367c4cc5a420def255b41cccf05e988a,scanned,
203,gatekeeper/gatekeeper,3.23.0-beta.0,3.22.2,exact-chart-ref,different-current-version,source-scanned,current-recipe-different-version,package-proof-exists,default-only,next80-full:1 revision(s),proof-grade,not-reviewed-for-production,,review source/current-version drift and refresh recipe if needed,capabilities;hooks;crds;cluster-rbac;webhooks,recipes/gatekeeper/gatekeeper/3.22.2/recipe.yaml,packages/gatekeeper/gatekeeper/3.22.2,machine-proof-only,,default,proof-grade-needs-variants,P1 compiler policy needed,35,0,3,2,0,3,0,0,0,0,0,0,2,2,4,17,10,2,0,0,0,1,0,false,0,next80-full,1,1,30,757e7fe97f5331bd964463ed228d147bdc090f3bb6d7c34b319522124efd2e5d,30/30,warn,warn,0,22,0,capability-profile;cluster-rbac;crds;dependency-lock;extension-slots;helm-equivalence;lifecycle-policy;rendered-manifest-scan;secret-material;source-lock;variant-revision;webhooks,false,false,true,false,true,helmEquivalence;installGate;render;scan,,https://open-policy-agent.github.io/gatekeeper/charts,f771a5fd34364db7a281a2ad6847d58991ac0ec28332b557b420cd9d4b72efa8,scanned,
204,rocketchat-server/rocketchat,6.32.1,,none,none,source-scanned,no-current-recipe,no-package-proof,no-variants,not-proved,not-in-catalog,none,,"create recipe, package, variants, rendered digest, scans, and receipts",lookup;generated-facts;tpl;capabilities;cluster-rbac;stateful-storage,,,none,,,source-risk-no-proof,P0 source/dependency risk,65,1,0,5,19,2,7,15,3,1,12,72,6,7,0,0,2,0,0,6,8,10,2,true,5,,0,0,0,,,,,,,,,,,,,,,,https://rocketchat.github.io/helm-charts,725b54b9f387cf777be6dd34297e70d933b1c0fcdf0c4e73d8fd2194ae38876b,scanned,
205,bitnami/contour,21.1.4,21.1.4,exact-chart-ref,exact,source-scanned,current-recipe-exact-version,package-proof-exists,default-only,next80-full:1 revision(s),proof-grade,not-reviewed-for-production,,add user-shaped variants before catalog promotion,lookup;generated-facts;tpl;capabilities;crds;cluster-rbac,recipes/bitnami/contour/21.1.4/recipe.yaml,packages/bitnami/contour/21.1.4,machine-proof-only,,default,proof-grade-needs-variants,P0 source/dependency risk,62,1,0,5,13,2,3,5,2,6,0,6,2,1,0,2,2,0,0,0,0,2,1,true,1,next80-full,1,1,20,f28ab1558939812f833981bce56dfdbd7030428a4bcdd816b0eedb1bd13ffd53,20/20,warn,warn,0,7,0,capability-profile;cluster-rbac;crds;dependency-lock;extension-slots;generated-facts;helm-equivalence;lifecycle-policy;rendered-manifest-scan;source-lock;target-facts;tpl-extension-slots;variant-revision,true,true,true,true,true,helmEquivalence;installGate;render;scan,,https://charts.bitnami.com/bitnami,dbb32d59417cb5800a337509521cce5ab2d37dac6e72e451190ced31b27986f8,scanned,
206,gitlab/gitlab-agent,2.27.0,,none,none,source-scanned,no-current-recipe,no-package-proof,no-variants,not-proved,not-in-catalog,none,,"create recipe, package, variants, rendered digest, scans, and receipts",lookup;generated-facts;tpl;capabilities;cluster-rbac;webhooks,,,none,,,source-risk-no-proof,P0 source/dependency risk,79,2,0,4,1,2,1,1,0,0,5,16,2,14,0,0,7,1,0,0,0,4,0,true,1,,0,0,0,,,,,,,,,,,,,,,,http://charts.gitlab.io/,aa72db35eb6e2946f15683b6e01169afd1510eb7e1e6bdad6c73386ca9402924,scanned,
207,linkerd2/linkerd-control-plane,1.16.11,,none,none,source-scanned,no-current-recipe,no-package-proof,no-variants,not-proved,not-in-catalog,none,,"create recipe, package, variants, rendered digest, scans, and receipts",generated-facts;tpl;cluster-rbac;webhooks,,,none,,,not-yet-proved,P1 compiler policy needed,15,0,0,0,4,2,0,0,3,1,8,1,0,0,0,0,10,3,0,0,0,4,1,true,0,,0,0,0,,,,,,,,,,,,,,,,https://helm.linkerd.io/stable,913e4425cf1ec4293ab3ccdf161b9e09669df2ba551a6fc195fedb455f989247,scanned,
208,grafana-community/loki,17.1.1,,none,none,source-scanned,no-current-recipe,no-package-proof,no-variants,not-proved,not-in-catalog,none,,"create recipe, package, variants, rendered digest, scans, and receipts",lookup;generated-facts;tpl;capabilities;crds;cluster-rbac;webhooks;stateful-storage,,,none,,,not-yet-proved,P1 compiler policy needed,49,0,0,5,7,4,2,1,0,3,16,90,7,16,0,5,4,4,0,5,9,3,0,true,0,,0,0,0,,,,,,,,,,,,,,,,https://grafana-community.github.io/helm-charts/,4ec367f437bbf47bc4606ebb3333115345f7cbdd40c0f513a693d869d98c1292,scanned,
209,bitnami/mongodb-sharded,9.4.12,,none,none,source-scanned,no-current-recipe,no-package-proof,no-variants,not-proved,not-in-catalog,none,,"create recipe, package, variants, rendered digest, scans, and receipts",lookup;generated-facts;tpl;capabilities;stateful-storage,,,none,,,source-risk-no-proof,P0 source/dependency risk,61,1,0,5,5,1,3,5,0,0,0,5,2,1,0,0,0,0,0,3,2,1,1,true,1,,0,0,0,,,,,,,,,,,,,,,,https://charts.bitnami.com/bitnami,c7121ceb40b04640cf6980d596c9a85b366fe3bf88bdedbb5c45598eb1b43d17,scanned,
210,helm-openldap/openldap-stack-ha,4.3.3,,none,none,source-scanned,no-current-recipe,no-package-proof,no-variants,not-proved,not-in-catalog,none,,"create recipe, package, variants, rendered digest, scans, and receipts",lookup;generated-facts;tpl;capabilities;stateful-storage,,,none,,,source-risk-no-proof,P0 source/dependency risk,57,1,0,4,6,1,3,6,0,0,0,6,0,2,0,0,0,0,0,2,0,2,1,true,3,,0,0,0,,,,,,,,,,,,,,,,https://jp-gouin.github.io/helm-openldap/,fecd5437a980e7f08cfd60629b9eb494a8b0abd67bd6bab28b0031d5f82993b1,scanned,
211,cloudpirates-postgres/postgres,0.19.5,,none,none,source-scanned,no-current-recipe,no-package-proof,no-variants,not-proved,not-in-catalog,none,,"create recipe, package, variants, rendered digest, scans, and receipts",lookup;generated-facts;tpl;capabilities;stateful-storage,,,none,,,not-yet-proved,P1 compiler policy needed,40,0,0,4,2,1,3,2,0,0,1,13,1,3,0,0,0,0,0,1,0,2,1,true,0,,0,0,0,,,,,,,,,,,,,,,,oci://registry-1.docker.io/cloudpirates/postgres,3dfab3d33c3c4cd311201eee4dc350c2386f3b42152df984f87b499d71bf62a2,scanned,"Error: looks like ""oci://registry-1.docker.io/cloudpirates/postgres"" is not a valid chart repository or cannot be reached: failed to perform ""FetchReference"" on source: invalid reference
"
212,piraeus-charts/snapshot-controller,5.0.4,,none,none,source-scanned,no-current-recipe,no-package-proof,no-variants,not-proved,not-in-catalog,none,,"create recipe, package, variants, rendered digest, scans, and receipts",lookup;generated-facts;tpl;cluster-rbac,,,none,,,not-yet-proved,P1 compiler policy needed,28,0,0,1,1,1,1,0,1,0,2,1,0,0,0,0,2,0,0,0,0,1,0,false,0,,0,0,0,,,,,,,,,,,,,,,,https://piraeus.io/helm-charts/,b310dcd54691fe0bc785eecc16d510af3d5e83f310a86885372d16fad3d95101,scanned,
213,valkey/valkey,0.9.4,,none,none,source-scanned,no-current-recipe,no-package-proof,no-variants,not-proved,not-in-catalog,none,,"create recipe, package, variants, rendered digest, scans, and receipts",tpl;stateful-storage,,,none,,,not-yet-proved,P2 recipe/render/install policy,6,0,0,0,0,1,0,0,0,0,9,1,0,0,0,0,0,0,0,1,1,1,0,false,0,,0,0,0,,,,,,,,,,,,,,,,https://valkey.io/valkey-helm/,a685b802426be48519569389e4e6b221e21376bece84bb8b331720e54a8c21c9,scanned,
214,victoriametrics/victoria-metrics-cluster,0.42.0,,none,none,source-scanned,no-current-recipe,no-package-proof,no-variants,not-proved,not-in-catalog,none,,"create recipe, package, variants, rendered digest, scans, and receipts",tpl;capabilities;stateful-storage,,,none,,,source-risk-no-proof,P0 source/dependency risk,36,1,0,2,0,1,0,0,0,0,12,30,1,0,0,0,0,0,0,1,3,2,1,true,1,,0,0,0,,,,,,,,,,,,,,,,https://victoriametrics.github.io/helm-charts/,471a6ad14d60ab947fcbb6374c7b9379af90af36b9a34351a18943041934dd15,scanned,
215,kyverno/kyverno-policies,3.8.1-rc.2,3.8.0,exact-chart-ref,different-current-version,source-scanned,current-recipe-different-version,package-proof-exists,default-only,next80-full:1 revision(s),proof-grade,not-reviewed-for-production,,review source/current-version drift and refresh recipe if needed,lookup;tpl,recipes/kyverno/kyverno-policies/3.8.0/recipe.yaml,packages/kyverno/kyverno-policies/3.8.0,machine-proof-only,,default,proof-grade-needs-variants,P1 compiler policy needed,21,0,0,2,0,0,1,0,0,0,7,2,0,0,0,0,0,0,0,0,0,0,0,false,0,next80-full,1,1,11,e486d983f614fe17b5eb85b4a8e9088242c2b94ca3694d1e11294c44a4bc9ef9,11/11,pass,allow,0,0,0,capability-profile;dependency-lock;helm-equivalence;rendered-manifest-scan;source-lock;target-facts;tpl-extension-slots;variant-revision,true,false,false,true,false,helmEquivalence;installGate;render;scan,,https://kyverno.github.io/kyverno/,c2bccc35d3cd2966c272230a90ef5252c2c97261d0974129078878bf7e76b8b7,scanned,
216,zammad/zammad,16.2.0,,none,none,source-scanned,no-current-recipe,no-package-proof,no-variants,not-proved,not-in-catalog,none,,"create recipe, package, variants, rendered digest, scans, and receipts",lookup;generated-facts;tpl;capabilities;hooks;stateful-storage,,,none,,,source-risk-no-proof,P0 source/dependency risk,80,1,2,5,46,1,15,22,19,5,25,52,9,15,1,0,0,0,0,13,8,30,6,true,5,,0,0,0,,,,,,,,,,,,,,,,https://zammad.github.io/zammad-helm,2180a110957b955d719d0dc4dbbda9bcc572d6f8828e40b3b496214220ae7a22,scanned,
217,kasten/k10,8.5.9,,none,none,source-scanned,no-current-recipe,no-package-proof,no-variants,not-proved,not-in-catalog,none,,"create recipe, package, variants, rendered digest, scans, and receipts",lookup;generated-facts;tpl;capabilities;cluster-rbac;webhooks;stateful-storage,,,none,,,source-risk-no-proof,P0 source/dependency risk,65,1,0,4,10,4,5,1,4,2,74,47,11,7,0,0,33,1,1,7,5,23,0,true,4,,0,0,0,,,,,,,,,,,,,,,,https://charts.kasten.io/,1551b4d9f9e9a8c8b02a67872bc45771701f2c5812f8bbd191e1eb7fd7bbcadb,scanned,
218,bitnami/kibana,12.1.10,,none,none,source-scanned,no-current-recipe,no-package-proof,no-variants,not-proved,not-in-catalog,none,,"create recipe, package, variants, rendered digest, scans, and receipts",lookup;generated-facts;tpl;capabilities;stateful-storage,,,none,,,source-risk-no-proof,P0 source/dependency risk,64,1,0,5,9,1,3,5,4,0,3,12,2,1,0,0,0,0,0,0,1,4,1,true,1,,0,0,0,,,,,,,,,,,,,,,,https://charts.bitnami.com/bitnami,314df144d1f2c743a9363fb45b78cf2cf543d41f58a97e5b29e1995d5d145ace,scanned,
219,mailu/mailu,2.7.1,,none,none,source-scanned,no-current-recipe,no-package-proof,no-variants,not-proved,not-in-catalog,none,,"create recipe, package, variants, rendered digest, scans, and receipts",lookup;generated-facts;tpl;capabilities;stateful-storage,,,none,,,source-risk-no-proof,P0 source/dependency risk,64,1,0,5,35,1,17,22,8,5,29,66,6,3,0,0,0,0,0,8,16,24,3,true,3,,0,0,0,,,,,,,,,,,,,,,,https://mailu.github.io/helm-charts/,6bcc70dadf281bb5d38bd0af29a272a4c01ad568db4a8dbcf5011f0e5bc1c623,scanned,
220,crowdsec/crowdsec,0.24.0,,none,none,source-scanned,no-current-recipe,no-package-proof,no-variants,not-proved,not-in-catalog,none,,"create recipe, package, variants, rendered digest, scans, and receipts",lookup;generated-facts;tpl;stateful-storage,,,none,,,not-yet-proved,P1 compiler policy needed,28,0,0,1,2,1,4,2,0,0,6,1,0,0,0,0,0,0,0,0,3,1,0,false,0,,0,0,0,,,,,,,,,,,,,,,,https://crowdsecurity.github.io/helm-charts,fa383e922a46536db813a514e2bf082bab355081bab4aefaa964fbdbbfd7f8f1,scanned,
221,influxdata/influxdb2,2.1.2,,none,none,source-scanned,no-current-recipe,no-package-proof,no-variants,not-proved,not-in-catalog,none,,"create recipe, package, variants, rendered digest, scans, and receipts",lookup;generated-facts;tpl;capabilities;stateful-storage,,,none,,,not-yet-proved,P1 compiler policy needed,27,0,0,2,2,1,1,2,0,0,0,1,4,0,0,0,0,0,0,1,1,1,0,false,0,,0,0,0,,,,,,,,,,,,,,,,https://helm.influxdata.com/,1da8b1e8a2b93e9acbb0bc9a9c0a3e526581ccde4bf271785d09699ed219ca08,scanned,
222,ceph-csi/ceph-csi-cephfs,3.16.2,,none,none,source-scanned,no-current-recipe,no-package-proof,no-variants,not-proved,not-in-catalog,none,,"create recipe, package, variants, rendered digest, scans, and receipts",tpl;cluster-rbac,,,none,,,not-yet-proved,P2 recipe/render/install policy,8,0,0,0,0,1,0,0,0,0,2,2,0,0,0,0,4,0,0,0,0,1,0,false,0,,0,0,0,,,,,,,,,,,,,,,,https://ceph.github.io/csi-charts,5514f0dd80a336c40ad6147cc290d53a764f044032689ef4b9bdaf0eb83b0778,scanned,
223,ceph-csi/ceph-csi-rbd,3.16.2,,none,none,source-scanned,no-current-recipe,no-package-proof,no-variants,not-proved,not-in-catalog,none,,"create recipe, package, variants, rendered digest, scans, and receipts",tpl;cluster-rbac,,,none,,,not-yet-proved,P2 recipe/render/install policy,5,0,0,0,0,1,0,0,0,0,0,2,0,0,0,0,4,0,0,0,0,1,0,false,0,,0,0,0,,,,,,,,,,,,,,,,https://ceph.github.io/csi-charts,e275818120fb656387e8fd7472f19663a62c3230c6b4fe717851bf90ccb5ac9a,scanned,
224,atlassian-data-center/confluence,2.0.13,,none,none,source-scanned,no-current-recipe,no-package-proof,no-variants,not-proved,not-in-catalog,none,,"create recipe, package, variants, rendered digest, scans, and receipts",lookup;generated-facts;tpl;capabilities;cluster-rbac;stateful-storage,,,none,,,not-yet-proved,P1 compiler policy needed,43,0,0,4,1,2,3,1,0,0,11,17,3,11,0,0,2,0,0,3,3,3,1,true,0,,0,0,0,,,,,,,,,,,,,,,,https://atlassian.github.io/data-center-helm-charts,6b88425f24474d1fab79d6b8944e29a92f833fbdadfa6daa244cde5cf561d3b3,scanned,
225,apache-solr/solr-operator,0.9.1,,none,none,source-scanned,no-current-recipe,no-package-proof,no-variants,not-proved,not-in-catalog,none,,"create recipe, package, variants, rendered digest, scans, and receipts",crds;cluster-rbac,,,none,,,not-yet-proved,P2 recipe/render/install policy,5,0,0,0,0,2,0,0,0,0,1,0,0,0,0,1,4,0,0,0,0,0,0,true,0,,0,0,0,,,,,,,,,,,,,,,,https://solr.apache.org/charts,1f83c21324a72dc90b16293569ea461bbced221a4475dc5265473604b113f8a9,scanned,
226,cert-manager/trust-manager,0.22.1,v0.22.1,chart-name-version,exact,source-scanned,current-recipe-exact-version,package-proof-exists,default-only,next80-full:1 revision(s),proof-grade,not-reviewed-for-production,,add user-shaped variants before catalog promotion,generated-facts;tpl;cluster-rbac;webhooks,recipes/jetstack/trust-manager/v0.22.1/recipe.yaml,packages/jetstack/trust-manager/v0.22.1,machine-proof-only,,default,proof-grade-needs-variants,P1 compiler policy needed,18,0,0,0,5,3,0,1,4,0,3,1,0,0,0,0,4,1,0,0,0,1,0,false,0,next80-full,1,1,14,50eb2239a5db07734497711c4e812eb111d231852c2f614e5b0a1faec7bab683,14/14,warn,warn,0,4,0,capability-profile;cluster-rbac;crds;dependency-lock;extension-slots;generated-facts;helm-equivalence;rendered-manifest-scan;source-lock;tpl-extension-slots;variant-revision;webhooks,false,true,false,true,true,helmEquivalence;installGate;render;scan,,https://charts.jetstack.io,7fac0640b4c58424ca7589a91dfdc2f79a3cd490c0b2b5b8d4cfea2654e9133f,scanned,
227,bitnami/argo-cd,11.0.0,,none,none,source-scanned,no-current-recipe,no-package-proof,no-variants,not-proved,not-in-catalog,none,,"create recipe, package, variants, rendered digest, scans, and receipts",lookup;generated-facts;tpl;capabilities;crds;cluster-rbac;stateful-storage,,,none,,,source-risk-no-proof,P0 source/dependency risk,66,1,0,5,19,3,11,10,6,2,3,15,4,2,0,3,10,0,0,4,5,10,2,true,3,,0,0,0,,,,,,,,,,,,,,,,https://charts.bitnami.com/bitnami,b15125612ad45f241b646cfa0b41ea00f56afc83df09089f2ace89e6ae692a69,scanned,
228,datahub/datahub,1.0.0,,none,none,source-scanned,no-current-recipe,no-package-proof,no-variants,not-proved,not-in-catalog,none,,"create recipe, package, variants, rendered digest, scans, and receipts",lookup;generated-facts;tpl;capabilities,,,none,,,not-yet-proved,P1 compiler policy needed,41,0,0,5,12,0,2,11,0,1,34,8,6,13,0,0,0,0,0,0,0,6,0,true,0,,0,0,0,,,,,,,,,,,,,,,,https://helm.datahubproject.io,9dff3907d8bb4d2487f588ef5e891f8cb32d32fc36c4582e7c2d496940b44cb2,scanned,
229,bitnami/jenkins,13.6.17,,none,none,source-scanned,no-current-recipe,no-package-proof,no-variants,not-proved,not-in-catalog,none,,"create recipe, package, variants, rendered digest, scans, and receipts",lookup;generated-facts;tpl;capabilities;stateful-storage,,,none,,,source-risk-no-proof,P0 source/dependency risk,64,1,0,5,9,1,3,5,4,0,1,11,2,1,0,0,0,0,0,0,1,5,1,true,1,,0,0,0,,,,,,,,,,,,,,,,https://charts.bitnami.com/bitnami,c757f5a9526ce8090bbfbc3dfa3325798434e7dd07b585e298cfdde7e95af8bd,scanned,
230,bitnami/kube-state-metrics,5.1.0,,none,none,source-scanned,no-current-recipe,no-package-proof,no-variants,not-proved,not-in-catalog,none,,"create recipe, package, variants, rendered digest, scans, and receipts",lookup;generated-facts;tpl;capabilities;cluster-rbac,,,none,,,source-risk-no-proof,P0 source/dependency risk,61,1,0,5,5,1,3,5,0,0,0,4,2,1,0,0,4,0,0,0,0,0,1,true,1,,0,0,0,,,,,,,,,,,,,,,,https://charts.bitnami.com/bitnami,48049ed031ee74a1ba970282f55bacda29d4b0189b1a1a5b91f62b078842a086,scanned,
231,linkerd2/linkerd-crds,1.8.0,1.8.0,chart-name-version,exact,source-scanned,current-recipe-exact-version,package-proof-exists,default-only,next80-full:1 revision(s),proof-grade,not-reviewed-for-production,,add user-shaped variants before catalog promotion,generated-facts,recipes/linkerd/linkerd-crds/1.8.0/recipe.yaml,packages/linkerd/linkerd-crds/1.8.0,machine-proof-only,,default,proof-grade-needs-variants,P1 compiler policy needed,12,0,0,0,1,1,0,0,0,1,6,0,0,0,0,0,0,0,0,0,0,0,1,true,0,next80-full,1,1,8,af01ee9087a17f0ffabc7b8c0d6969a8fddde7dde977264ee92e6b12cd8ea01b,8/8,warn,warn,0,8,0,capability-profile;crds;dependency-lock;generated-facts;helm-equivalence;rendered-manifest-scan;source-lock;variant-revision,false,true,false,false,false,helmEquivalence;installGate;render;scan,,https://helm.linkerd.io/stable,516789ccd8116f5f7ddd69ad2368be6f3c26cb53eae94f3950061592c0074991,scanned,
232,kubecost/cost-analyzer,2.9.6,,none,none,source-scanned,no-current-recipe,no-package-proof,no-variants,not-proved,not-in-catalog,none,,"create recipe, package, variants, rendered digest, scans, and receipts",lookup;generated-facts;tpl;capabilities;hooks;crds;cluster-rbac;webhooks;stateful-storage,,,none,,,source-risk-no-proof,P0 source/dependency risk,77,1,1,5,9,4,8,9,0,0,51,11,7,3,1,1,11,1,0,4,5,18,1,true,1,,0,0,0,,,,,,,,,,,,,,,,https://kubecost.github.io/cost-analyzer,c8178a21fe6baf5172b2213377a683790bf84ca812f0b66e29191c7cdfa659e7,scanned,
233,podinfo/podinfo,6.12.0,,none,none,source-scanned,no-current-recipe,no-package-proof,no-variants,not-proved,not-in-catalog,none,,"create recipe, package, variants, rendered digest, scans, and receipts",generated-facts,,,none,,,not-yet-proved,P1 compiler policy needed,8,0,0,0,7,0,0,7,0,0,0,0,0,0,0,0,0,0,0,0,0,0,0,false,0,,0,0,0,,,,,,,,,,,,,,,,https://stefanprodan.github.io/podinfo,c2244728e28bdbc091c1b143de8a04e5696ded9dabf5df0af7154f3139a0e4f2,scanned,
234,portainer/portainer,239.2.0,,none,none,source-scanned,no-current-recipe,no-package-proof,no-variants,not-proved,not-in-catalog,none,,"create recipe, package, variants, rendered digest, scans, and receipts",capabilities;cluster-rbac,,,none,,,not-yet-proved,P2 recipe/render/install policy,9,0,0,2,0,1,0,0,0,0,0,0,0,2,0,0,1,0,0,0,0,0,0,false,0,,0,0,0,,,,,,,,,,,,,,,,https://portainer.github.io/k8s/,bd5b1372be3da31eb80ca4963081ed9a662a8072b4f67aa196d98334415a7884,scanned,
235,camunda/camunda-platform,15.0.0-alpha1,,none,none,source-scanned,no-current-recipe,no-package-proof,no-variants,not-proved,not-in-catalog,none,,"create recipe, package, variants, rendered digest, scans, and receipts",lookup;generated-facts;tpl;capabilities;stateful-storage,,,none,,,source-risk-no-proof,P0 source/dependency risk,66,1,0,5,90,1,27,50,36,4,36,230,17,9,0,0,0,0,0,25,20,52,9,true,15,,0,0,0,,,,,,,,,,,,,,,,https://helm.camunda.io,7de5f5e90d0cd20a5c958647b5b1596971d46765dc3d1bc9435f21c72b5106b3,scanned,
236,chaos-mesh/chaos-mesh,2.8.2,,none,none,source-scanned,no-current-recipe,no-package-proof,no-variants,not-proved,not-in-catalog,none,,"create recipe, package, variants, rendered digest, scans, and receipts",generated-facts;tpl;capabilities;crds;cluster-rbac;webhooks;stateful-storage,,,none,,,not-yet-proved,P1 compiler policy needed,27,0,0,2,12,4,0,2,10,0,6,4,21,2,0,23,16,3,0,0,2,4,0,false,0,,0,0,0,,,,,,,,,,,,,,,,https://charts.chaos-mesh.org,52c7858f11d14450da524a48f460bbfc491e90d58a703f0b6f851f2f431b3db3,scanned,
237,wiremind/clamav,3.7.1,,none,none,source-scanned,no-current-recipe,no-package-proof,no-variants,not-proved,not-in-catalog,none,,"create recipe, package, variants, rendered digest, scans, and receipts",capabilities;stateful-storage,,,none,,,not-yet-proved,P2 recipe/render/install policy,12,0,0,2,0,1,0,0,0,0,3,0,0,3,0,0,0,0,0,1,0,0,0,false,0,,0,0,0,,,,,,,,,,,,,,,,https://wiremind.github.io/wiremind-helm-charts,5ee4b3eacf3cb3a7f08d1be333ae6068239baea51accf4670487cadb573ca974,scanned,
238,bootc/netbox,4.1.1,,none,none,source-scanned,no-current-recipe,no-package-proof,no-variants,not-proved,not-in-catalog,none,,"create recipe, package, variants, rendered digest, scans, and receipts",lookup;generated-facts;tpl;capabilities;stateful-storage,,,none,,,source-risk-no-proof,P0 source/dependency risk,62,1,0,4,20,1,10,14,4,2,7,17,0,14,0,0,0,0,0,7,2,5,2,true,4,,0,0,0,,,,,,,,,,,,,,,,https://charts.boo.tc,b0993bdda911cf003a50877258307ce8c9aa480970722bf1f7256a740cf16903,scanned,
239,opsmx/spinnaker,2.2.7,,none,none,source-scanned,no-current-recipe,no-package-proof,no-variants,not-proved,not-in-catalog,none,,"create recipe, package, variants, rendered digest, scans, and receipts",generated-facts;tpl;capabilities;cluster-rbac;stateful-storage,,,none,,,not-yet-proved,P1 compiler policy needed,27,0,0,3,5,2,0,3,0,2,1,10,3,8,0,0,4,0,0,4,1,6,0,true,0,,0,0,0,,,,,,,,,,,,,,,,https://helmcharts.opsmx.com/,edac82c6b31a6f613dfce18d8bac4aa5591ac3e9ade6f6ff53c75d758ab1f448,scanned,
240,loft/vcluster,0.35.0-next.1,,none,none,source-scanned,no-current-recipe,no-package-proof,no-variants,not-proved,not-in-catalog,none,,"create recipe, package, variants, rendered digest, scans, and receipts",lookup;tpl;capabilities;cluster-rbac;stateful-storage,,,none,,,not-yet-proved,P1 compiler policy needed,23,0,0,2,0,2,1,0,0,0,4,4,0,3,0,0,4,0,0,1,0,1,0,false,0,,0,0,0,,,,,,,,,,,,,,,,https://charts.loft.sh,e6b7ec36a6954d62f5dc855a5da3a4aac75e2669ee069e394c3e56fa6c81b1e6,scanned,
241,atlantis/atlantis,6.4.0,,none,none,source-scanned,no-current-recipe,no-package-proof,no-variants,not-proved,not-in-catalog,none,,"create recipe, package, variants, rendered digest, scans, and receipts",tpl;hooks;stateful-storage,,,none,,,not-yet-proved,P1 compiler policy needed,16,0,1,0,0,1,0,0,0,0,19,4,0,0,1,0,0,0,0,1,1,8,0,false,0,,0,0,0,,,,,,,,,,,,,,,,https://runatlantis.github.io/helm-charts,11f87d311224058e8a9de690395754104e53197936e1a57007a451d938e5e1dc,scanned,
242,grafana/grafana-agent,0.44.2,,none,none,source-scanned,no-current-recipe,no-package-proof,no-variants,not-proved,not-in-catalog,none,,"create recipe, package, variants, rendered digest, scans, and receipts",tpl;capabilities;crds;cluster-rbac;stateful-storage,,,none,,,not-yet-proved,P2 recipe/render/install policy,22,0,0,3,0,3,0,0,0,0,9,7,2,8,0,2,2,0,0,1,0,0,0,true,0,,0,0,0,,,,,,,,,,,,,,,,https://grafana.github.io/helm-charts,2ee61a009f43815f7b50239b6e21c3afbc916bd7b6b9ebf2e2f9187fc0e04cc0,scanned,
243,mariadb-operator/mariadb-operator,26.3.0,,none,none,source-scanned,no-current-recipe,no-package-proof,no-variants,not-proved,not-in-catalog,none,,"create recipe, package, variants, rendered digest, scans, and receipts",generated-facts;cluster-rbac;webhooks,,,none,,,not-yet-proved,P1 compiler policy needed,11,0,0,0,1,3,0,0,0,1,0,0,0,0,0,0,7,1,0,0,0,0,0,true,0,,0,0,0,,,,,,,,,,,,,,,,https://helm.mariadb.com/mariadb-operator,ca834c482c8211c64e9ffaa4748e00b2c388df4a8774498cc257f20cc08b50eb,scanned,
244,milvus/milvus,4.0.31,,none,none,source-scanned,no-current-recipe,no-package-proof,no-variants,not-proved,not-in-catalog,none,,"create recipe, package, variants, rendered digest, scans, and receipts",lookup;generated-facts;tpl;capabilities;hooks;cluster-rbac;stateful-storage,,,none,,,source-risk-no-proof,P0 source/dependency risk,81,1,2,5,42,2,9,34,6,2,7,31,5,22,1,0,8,0,0,12,5,13,4,true,5,,0,0,0,,,,,,,,,,,,,,,,https://raw.githubusercontent.com/milvus-io/milvus-helm/gh-pages,355d48bcd1b64dbaaf66a455a9b04f986116f7be9cb055d0f72bc36701de9bbb,scanned,
245,community-charts/cloudflared,2.2.7,,none,none,source-scanned,no-current-recipe,no-package-proof,no-variants,not-proved,not-in-catalog,none,,"create recipe, package, variants, rendered digest, scans, and receipts",plain-ish,,,none,,,not-yet-proved,P2 recipe/render/install policy,3,0,0,0,0,0,0,0,0,0,3,0,0,0,0,0,0,0,0,0,0,1,0,true,0,,0,0,0,,,,,,,,,,,,,,,,https://community-charts.github.io/helm-charts,ad777ea7b0885bf11118f26bcab3952c8984e81848bcb04cbf5bd185cd1a6c0c,scanned,
246,cockroachdb/cockroachdb,20.0.5,,none,none,source-scanned,no-current-recipe,no-package-proof,no-variants,not-proved,not-in-catalog,none,,"create recipe, package, variants, rendered digest, scans, and receipts",lookup;capabilities;hooks;cluster-rbac;stateful-storage,,,none,,,not-yet-proved,P1 compiler policy needed,45,0,2,4,0,2,1,0,0,0,21,0,9,5,2,0,4,0,0,1,0,4,0,false,0,,0,0,0,,,,,,,,,,,,,,,,https://charts.cockroachdb.com/,14d5e481235f2dcf17e2f02966aab3eb6ae686f1e412c0c3916b2d3c8648b4d3,scanned,
247,containeroo/local-path-provisioner,0.0.37,,none,none,source-scanned,no-current-recipe,no-package-proof,no-variants,not-proved,not-in-catalog,none,,"create recipe, package, variants, rendered digest, scans, and receipts",cluster-rbac;stateful-storage,,,none,,,not-yet-proved,P2 recipe/render/install policy,2,0,0,0,0,2,0,0,0,0,0,0,0,0,0,0,2,0,0,0,1,1,0,false,0,,0,0,0,,,,,,,,,,,,,,,,https://charts.containeroo.ch,900e369be445e8b7fb6c75848cd96ade654a87c4862580bf55ec7e54b25a7f59,scanned,
248,community-charts/outline,0.7.3,,none,none,source-scanned,no-current-recipe,no-package-proof,no-variants,not-proved,not-in-catalog,none,,"create recipe, package, variants, rendered digest, scans, and receipts",lookup;generated-facts;tpl;capabilities;stateful-storage,,,none,,,not-yet-proved,P1 compiler policy needed,46,0,0,5,21,1,13,12,4,5,16,56,6,15,0,0,0,0,0,6,12,17,2,true,0,,0,0,0,,,,,,,,,,,,,,,,https://community-charts.github.io/helm-charts,12cd0ea38f207f8705b1bb4d8ebd25d957f67074bd41f0b7c2d0ff91a01507d7,scanned,
249,prometheus-community/prometheus-mysql-exporter,2.13.1,,none,none,source-scanned,no-current-recipe,no-package-proof,no-variants,not-proved,not-in-catalog,none,,"create recipe, package, variants, rendered digest, scans, and receipts",tpl,,,none,,,not-yet-proved,P2 recipe/render/install policy,4,0,0,0,0,0,0,0,0,0,0,4,0,0,0,0,0,0,0,0,0,2,0,false,0,,0,0,0,,,,,,,,,,,,,,,,https://prometheus-community.github.io/helm-charts,2b572d32518656a34e25bd7a77ae87ce0e6b18c02ca103523de1e3c9c4df7ebc,scanned,
250,cloudpirates-rabbitmq/rabbitmq,0.21.4,,none,none,source-scanned,no-current-recipe,no-package-proof,no-variants,not-proved,not-in-catalog,none,,"create recipe, package, variants, rendered digest, scans, and receipts",lookup;generated-facts;tpl;capabilities;stateful-storage,,,none,,,not-yet-proved,P1 compiler policy needed,40,0,0,4,2,1,2,2,0,0,1,5,1,3,0,0,0,0,0,1,1,1,1,true,0,,0,0,0,,,,,,,,,,,,,,,,oci://registry-1.docker.io/cloudpirates/rabbitmq,91de92e4c1a6c2bc531b6314ebb6df3b831f9f76501992796e6dc45c94d3867f,scanned,"Error: looks like ""oci://registry-1.docker.io/cloudpirates/rabbitmq"" is not a valid chart repository or cannot be reached: failed to perform ""FetchReference"" on source: invalid reference
"
251,flagger/flagger,1.43.0,,none,none,source-scanned,no-current-recipe,no-package-proof,no-variants,not-proved,not-in-catalog,none,,"create recipe, package, variants, rendered digest, scans, and receipts",tpl;crds;cluster-rbac,,,none,,,not-yet-proved,P2 recipe/render/install policy,6,0,0,0,0,2,0,0,0,0,0,1,0,0,0,1,6,0,0,0,0,0,0,false,0,,0,0,0,,,,,,,,,,,,,,,,https://flagger.app,ca146cdad019e7e6a001f1d38e1bf44674d5b7bbbe32208d4ddf1abd27e39709,scanned,
252,allegroai/clearml,7.14.7,,none,none,source-scanned,no-current-recipe,no-package-proof,no-variants,not-proved,not-in-catalog,none,,"create recipe, package, variants, rendered digest, scans, and receipts",lookup;generated-facts;tpl;capabilities;stateful-storage,,,none,,,source-risk-no-proof,P0 source/dependency risk,64,1,0,5,20,1,11,14,5,1,6,30,2,17,0,0,0,0,0,8,5,9,2,true,2,,0,0,0,,,,,,,,,,,,,,,,https://clearml.github.io/clearml-helm-charts,8e87c78d2937a2faf2d1a7696b06dbf536c3433558fa020ae3fcd701a0e314b1,scanned,
253,istio-official/cni,1.30.0,,none,none,source-scanned,no-current-recipe,no-package-proof,no-variants,not-proved,not-in-catalog,none,,"create recipe, package, variants, rendered digest, scans, and receipts",capabilities;cluster-rbac,,,none,,,not-yet-proved,P2 recipe/render/install policy,10,0,0,1,0,1,0,0,0,0,4,0,0,1,0,0,6,0,0,0,0,0,0,false,0,,0,0,0,,,,,,,,,,,,,,,,https://istio-release.storage.googleapis.com/charts,a758c61b07514aec6de9e91a04a54ab665e701eb1c0e4ec357f6ab62d51a3d5e,scanned,
254,coder-v2/coder,2.34.0-rc.0,,none,none,source-scanned,no-current-recipe,no-package-proof,no-variants,not-proved,not-in-catalog,none,,"create recipe, package, variants, rendered digest, scans, and receipts",tpl,,,none,,,not-yet-proved,P2 recipe/render/install policy,5,0,0,0,0,0,0,0,0,0,2,2,0,0,0,0,0,0,0,0,0,0,1,true,0,,0,0,0,,,,,,,,,,,,,,,,https://helm.coder.com/v2,804a5a909d94c4039405dd1e84839849acfd3885f682ec0f0d2c2b91915a7236,scanned,
255,datadog/datadog-operator,2.23.0-dev.5,,none,none,source-scanned,no-current-recipe,no-package-proof,no-variants,not-proved,not-in-catalog,none,,"create recipe, package, variants, rendered digest, scans, and receipts",lookup;capabilities;cluster-rbac,,,none,,,not-yet-proved,P1 compiler policy needed,29,0,0,4,0,2,2,0,0,0,1,0,1,1,0,0,2,0,0,0,0,2,0,true,0,,0,0,0,,,,,,,,,,,,,,,,https://helm.datadoghq.com,2c1d0e6f11a2ea9d5dc0cb6217fbf135346e6d96a6e4667a1340636387e0ae41,scanned,
256,codefresh-gitops-runtime/gitops-runtime,0.29.11,,none,none,source-scanned,no-current-recipe,no-package-proof,no-variants,not-proved,not-in-catalog,none,,"create recipe, package, variants, rendered digest, scans, and receipts",lookup;generated-facts;tpl;capabilities;hooks;crds;cluster-rbac;stateful-storage,,,none,,,not-yet-proved,P1 compiler policy needed,68,0,3,4,6,3,1,0,2,4,60,81,19,13,18,19,36,0,0,4,2,26,0,true,0,,0,0,0,,,,,,,,,,,,,,,,oci://quay.io/codefresh/gitops-runtime,74bf7ba15f0d97bec9c1b0f73fec464d75e30670d4355d53b2d443eec33bb7ee,scanned,"Error: looks like ""oci://quay.io/codefresh/gitops-runtime"" is not a valid chart repository or cannot be reached: failed to perform ""FetchReference"" on source: invalid reference
"
257,weblate/weblate,0.5.28,,none,none,source-scanned,no-current-recipe,no-package-proof,no-variants,not-proved,not-in-catalog,none,,"create recipe, package, variants, rendered digest, scans, and receipts",lookup;generated-facts;tpl;capabilities;stateful-storage,,,none,,,source-risk-no-proof,P0 source/dependency risk,64,1,0,5,18,1,11,11,4,3,11,39,4,4,0,0,0,0,0,5,9,11,2,true,1,,0,0,0,,,,,,,,,,,,,,,,https://helm.weblate.org,fbe9a2c893295c8f367f18a8c0c2c7eb75e9733b3d70b5895bdf5d4038db0e8a,scanned,
258,csi-driver-nfs/csi-driver-nfs,4.13.2,,none,none,source-scanned,no-current-recipe,no-package-proof,no-variants,not-proved,not-in-catalog,none,,"create recipe, package, variants, rendered digest, scans, and receipts",cluster-rbac,,,none,,,not-yet-proved,P2 recipe/render/install policy,2,0,0,0,0,2,0,0,0,0,0,0,0,0,0,0,6,0,0,0,0,0,0,false,0,,0,0,0,,,,,,,,,,,,,,,,https://raw.githubusercontent.com/kubernetes-csi/csi-driver-nfs/master/charts,2603130f3eabc08fd271256a2fd1cbff6d75d1fe0bfe5e127feb5c2e0ae9ecb7,scanned,
259,bitnami/jupyterhub,10.0.5,,none,none,source-scanned,no-current-recipe,no-package-proof,no-variants,not-proved,not-in-catalog,none,,"create recipe, package, variants, rendered digest, scans, and receipts",lookup;generated-facts;tpl;capabilities;stateful-storage,,,none,,,source-risk-no-proof,P0 source/dependency risk,64,1,0,5,20,1,9,14,4,2,9,34,4,2,0,0,0,0,0,2,3,10,2,true,3,,0,0,0,,,,,,,,,,,,,,,,https://charts.bitnami.com/bitnami,d4921d7d10bde5e313f1b4cdd79a6626b695eeea152b1eab3463fb59e2287123,scanned,
260,opensearch-project-helm-charts/opensearch-dashboards,3.6.0,,none,none,source-scanned,no-current-recipe,no-package-proof,no-variants,not-proved,not-in-catalog,none,,"create recipe, package, variants, rendered digest, scans, and receipts",tpl;capabilities,,,none,,,not-yet-proved,P2 recipe/render/install policy,16,0,0,3,0,0,0,0,0,0,0,8,5,7,0,0,0,0,0,0,0,0,0,false,0,,0,0,0,,,,,,,,,,,,,,,,https://opensearch-project.github.io/helm-charts,b56342cd19377c125cb50a644434e8f5967ce86556587b47731944decb1b1bf2,scanned,
261,emberstack/reflector,10.0.45,,none,none,source-scanned,no-current-recipe,no-package-proof,no-variants,not-proved,not-in-catalog,none,,"create recipe, package, variants, rendered digest, scans, and receipts",generated-facts;capabilities;cluster-rbac,,,none,,,not-yet-proved,P1 compiler policy needed,17,0,0,2,1,1,0,0,0,1,0,0,0,1,0,0,2,0,0,0,0,0,0,false,0,,0,0,0,,,,,,,,,,,,,,,,https://emberstack.github.io/helm-charts,81168dd5fcfbe43282a97d19f340057bf0fcba34ae6c1ded98a9e1a62fff2cb8,scanned,
262,bitnami/tomcat,13.5.4,,none,none,source-scanned,no-current-recipe,no-package-proof,no-variants,not-proved,not-in-catalog,none,,"create recipe, package, variants, rendered digest, scans, and receipts",lookup;generated-facts;tpl;capabilities;stateful-storage,,,none,,,not-yet-proved,P1 compiler policy needed,41,0,0,5,7,1,3,5,2,0,0,7,2,1,0,0,0,0,0,1,2,3,1,false,0,,0,0,0,,,,,,,,,,,,,,,,https://charts.bitnami.com/bitnami,750a9a55952e59a5b7b1a8e89005ebe79274a655e70238a989fb7601ee3b2f09,scanned,"Error: failed to perform ""FetchReference"" on source: GET ""https://registry-1.docker.io/v2/bitnamicharts/tomcat/manifests/13.5.4"": Get ""https://auth.docker.io/token?scope=repository%3Abitnamicharts%2Ftomcat%3Apull&service=registry.docker.io"": read tcp [2a00:23c4:aca5:a701:3466:f2bf:46c9:30a4]:61561->[2a06:98c1:3106::6812:2bb2]:443: read: connection reset by peer
"
263,sonatype/nxrm-ha,92.2.0,,none,none,source-scanned,no-current-recipe,no-package-proof,no-variants,not-proved,not-in-catalog,none,,"create recipe, package, variants, rendered digest, scans, and receipts",cluster-rbac;stateful-storage,,,none,,,not-yet-proved,P2 recipe/render/install policy,2,0,0,0,0,2,0,0,0,0,0,0,0,0,0,0,4,0,0,1,0,5,0,false,0,,0,0,0,,,,,,,,,,,,,,,,https://sonatype.github.io/helm3-charts/,fc1e1dd3e6e1c5e77a809ce3d668f1885038aed0764cfd14943ce31ef9bcd3c8,scanned,
264,openfga/openfga,0.3.5,,none,none,source-scanned,no-current-recipe,no-package-proof,no-variants,not-proved,not-in-catalog,none,,"create recipe, package, variants, rendered digest, scans, and receipts",lookup;generated-facts;tpl;capabilities;stateful-storage,,,none,,,source-risk-no-proof,P0 source/dependency risk,60,1,0,4,19,1,10,17,2,0,6,31,0,13,0,0,0,0,0,4,2,9,3,true,2,,0,0,0,,,,,,,,,,,,,,,,https://openfga.github.io/helm-charts,f210af74e5af22a043c74e5beb179327e854d018c1fc4bb8ea00a07a1d6ce25c,scanned,
265,penpot/penpot,0.43.0,,none,none,source-scanned,no-current-recipe,no-package-proof,no-variants,not-proved,not-in-catalog,none,,"create recipe, package, variants, rendered digest, scans, and receipts",lookup;generated-facts;tpl;capabilities;stateful-storage,,,none,,,source-risk-no-proof,P0 source/dependency risk,64,1,0,5,25,1,18,17,6,2,9,42,6,11,0,0,0,0,0,8,13,10,3,true,3,,0,0,0,,,,,,,,,,,,,,,,https://helm.penpot.app,db4f92ce1c6cd64b8fc3d46c10994384d10b19f2fb844dba7e485749f7998385,scanned,
266,semaphoreui/semaphore,16.2.2,,none,none,source-scanned,no-current-recipe,no-package-proof,no-variants,not-proved,not-in-catalog,none,,"create recipe, package, variants, rendered digest, scans, and receipts",lookup;generated-facts;tpl;capabilities;hooks;stateful-storage,,,none,,,not-yet-proved,P1 compiler policy needed,52,0,1,5,25,1,10,17,4,4,27,36,4,2,1,0,0,0,0,4,5,20,2,true,0,,0,0,0,,,,,,,,,,,,,,,,https://semaphoreui.github.io/charts/,a7802961495579054262740908e71effa9d8d5858a15ef187d2de77498b35945,scanned,
267,bitnami/consul,11.4.32,,none,none,source-scanned,no-current-recipe,no-package-proof,no-variants,not-proved,not-in-catalog,none,,"create recipe, package, variants, rendered digest, scans, and receipts",lookup;generated-facts;tpl;capabilities;stateful-storage,,,none,,,source-risk-no-proof,P0 source/dependency risk,61,1,0,5,7,1,3,5,2,0,0,13,2,1,0,0,0,0,0,1,0,3,1,true,1,,0,0,0,,,,,,,,,,,,,,,,https://charts.bitnami.com/bitnami,46c6408abff1add6310c9eb7be4c3acc65688f75ec54b3681597494e94019be8,scanned,
268,cowboysysop/flowise,6.0.0,,none,none,source-scanned,no-current-recipe,no-package-proof,no-variants,not-proved,not-in-catalog,none,,"create recipe, package, variants, rendered digest, scans, and receipts",lookup;generated-facts;tpl;capabilities;hooks;stateful-storage,,,none,,,not-yet-proved,P1 compiler policy needed,52,0,1,5,31,1,18,22,6,3,19,47,8,4,2,0,0,0,0,7,9,18,4,true,0,,0,0,0,,,,,,,,,,,,,,,,https://cowboysysop.github.io/charts/,6b8c6c3317b95b7ddec8c0ac3a4501ec9d7f5433fb79f643388d2aabaa97c142,scanned,
269,bitnami/grafana-loki,6.0.6,,none,none,source-scanned,no-current-recipe,no-package-proof,no-variants,not-proved,not-in-catalog,none,,"create recipe, package, variants, rendered digest, scans, and receipts",lookup;generated-facts;tpl;capabilities;crds;cluster-rbac;stateful-storage,,,none,,,source-risk-no-proof,P0 source/dependency risk,63,1,0,5,27,3,9,16,4,0,0,14,6,3,0,1,2,0,0,9,4,8,3,true,8,,0,0,0,,,,,,,,,,,,,,,,https://charts.bitnami.com/bitnami,9dbdf1e30171a9fb08b8784d063e5451a7766d90698c8ef53ef424f3fe76c1c1,scanned,
270,deliveryhero/locust,0.35.0,,none,none,source-scanned,no-current-recipe,no-package-proof,no-variants,not-proved,not-in-catalog,none,,"create recipe, package, variants, rendered digest, scans, and receipts",tpl;capabilities,,,none,,,not-yet-proved,P2 recipe/render/install policy,14,0,0,2,0,0,0,0,0,0,0,2,0,6,0,0,0,0,0,0,0,1,0,false,0,,0,0,0,,,,,,,,,,,,,,,,https://raw.githubusercontent.com/deliveryhero/helm-charts/refs/heads/master/,e84acd61de7d707f4dea94acdff1b7fe6a3178af7233edc311f7dce8fbfbf283,scanned,
271,node-red/node-red,0.40.1,,none,none,source-scanned,no-current-recipe,no-package-proof,no-variants,not-proved,not-in-catalog,none,,"create recipe, package, variants, rendered digest, scans, and receipts",tpl;capabilities;cluster-rbac;stateful-storage,,,none,,,not-yet-proved,P2 recipe/render/install policy,14,0,0,2,0,2,0,0,0,0,0,1,0,6,0,0,2,0,0,0,1,0,0,false,0,,0,0,0,,,,,,,,,,,,,,,,https://schwarzit.github.io/node-red-chart/,88386b497e34e2cfa1ea19ef332d68ebf3322bae8e92b2589ddafabb65f18f8f,scanned,
272,prometheus-community/prometheus-kafka-exporter,3.0.1,,none,none,source-scanned,no-current-recipe,no-package-proof,no-variants,not-proved,not-in-catalog,none,,"create recipe, package, variants, rendered digest, scans, and receipts",lookup;generated-facts;tpl;capabilities;hooks;stateful-storage,,,none,,,source-risk-no-proof,P0 source/dependency risk,77,1,2,5,8,1,4,6,2,0,0,27,3,1,1,0,0,0,0,6,4,10,1,true,1,,0,0,0,,,,,,,,,,,,,,,,https://prometheus-community.github.io/helm-charts,87c9684755c021357cad5d11023c71fad436fb7bc893a6e1f0a077db9aa3777f,scanned,
273,prometheus-community/prometheus-mongodb-exporter,3.20.0,,none,none,source-scanned,no-current-recipe,no-package-proof,no-variants,not-proved,not-in-catalog,none,,"create recipe, package, variants, rendered digest, scans, and receipts",tpl,,,none,,,not-yet-proved,P2 recipe/render/install policy,5,0,0,0,0,0,0,0,0,0,1,2,0,0,0,0,0,0,0,0,0,1,0,false,0,,0,0,0,,,,,,,,,,,,,,,,https://prometheus-community.github.io/helm-charts,260da83dad29bae6d232c19b4183b2c3322cff700d6ced2d0c99bb9dcfd72eb6,scanned,"Error: Get ""https://github.com/prometheus-community/helm-charts/releases/download/prometheus-mongodb-exporter-3.20.0/prometheus-mongodb-exporter-3.20.0.tgz"": read tcp 192.168.1.189:61560->20.26.156.215:443: read: connection reset by peer
"
274,victoriametrics/victoria-metrics-operator,0.63.1,,none,none,source-scanned,no-current-recipe,no-package-proof,no-variants,not-proved,not-in-catalog,none,,"create recipe, package, variants, rendered digest, scans, and receipts",lookup;generated-facts;tpl;capabilities;crds;cluster-rbac;webhooks,,,none,,,source-risk-no-proof,P0 source/dependency risk,60,1,0,3,2,3,1,0,2,0,11,11,0,2,0,10,8,1,0,0,0,1,1,true,2,,0,0,0,,,,,,,,,,,,,,,,https://victoriametrics.github.io/helm-charts/,5d00fcc23ce026c70acdc6e50907d0ee01732123557116c3a1b1dc815a8d412d,scanned,"Error: looks like ""https://victoriametrics.github.io/helm-charts/"" is not a valid chart repository or cannot be reached: read tcp [2a00:23c4:aca5:a701:3466:f2bf:46c9:30a4]:61559->[2606:50c0:8002::153]:443: read: connection reset by peer
"
275,mongodb-helm-charts/community-operator,0.13.0,,none,none,source-scanned,no-current-recipe,no-package-proof,no-variants,not-proved,not-in-catalog,none,,"create recipe, package, variants, rendered digest, scans, and receipts",plain-ish,,,none,,,not-yet-proved,P2 recipe/render/install policy,1,0,0,0,0,1,0,0,0,0,0,0,0,0,0,0,0,0,0,0,0,0,0,true,0,,0,0,0,,,,,,,,,,,,,,,,https://mongodb.github.io/helm-charts,55e1b4f4c1be49c0195945a1ab256a1296259f44569a37565683c27f98dec43f,scanned,
276,keel/keel,1.2.0,,none,none,source-scanned,no-current-recipe,no-package-proof,no-variants,not-proved,not-in-catalog,none,,"create recipe, package, variants, rendered digest, scans, and receipts",cluster-rbac;stateful-storage,,,none,,,not-yet-proved,P2 recipe/render/install policy,2,0,0,0,0,2,0,0,0,0,0,0,0,0,0,0,2,0,0,0,1,2,0,false,0,,0,0,0,,,,,,,,,,,,,,,,https://charts.keel.sh,7753708867a8219607d8f7f1c2bcef1545818c2ca927484b696daac7c9fac5e8,scanned,
277,fission-charts/fission-all,1.23.0,,none,none,source-scanned,no-current-recipe,no-package-proof,no-variants,not-proved,not-in-catalog,none,,"create recipe, package, variants, rendered digest, scans, and receipts",lookup;generated-facts;hooks;cluster-rbac;webhooks;stateful-storage,,,none,,,not-yet-proved,P1 compiler policy needed,52,0,3,1,11,3,1,7,4,0,7,0,0,0,7,0,2,2,0,0,1,5,0,false,0,,0,0,0,,,,,,,,,,,,,,,,https://fission.github.io/fission-charts/,fbf071154c6dafdcebdcdb456f1f7c81270c431eaedf6c9429e6b820b0f758a0,scanned,
278,meshery/meshery,1.0.28,,none,none,source-scanned,no-current-recipe,no-package-proof,no-variants,not-proved,not-in-catalog,none,,"create recipe, package, variants, rendered digest, scans, and receipts",tpl;capabilities;crds;cluster-rbac,,,none,,,not-yet-proved,P2 recipe/render/install policy,16,0,0,3,0,2,0,0,0,0,0,1,2,10,0,2,9,0,0,0,0,0,0,true,0,,0,0,0,,,,,,,,,,,,,,,,https://meshery.io/charts/,93105567b571d2d9d5c44fb340cc63d121578ad33801ac3a2815400ad7cb6842,scanned,
279,hirosystems/bitcoin-core,2.1.7,,none,none,source-scanned,no-current-recipe,no-package-proof,no-variants,not-proved,not-in-catalog,none,,"create recipe, package, variants, rendered digest, scans, and receipts",lookup;generated-facts;tpl;capabilities;stateful-storage,,,none,,,source-risk-no-proof,P0 source/dependency risk,61,1,0,5,7,1,3,5,2,0,0,6,2,1,0,0,0,0,0,1,0,2,1,true,1,,0,0,0,,,,,,,,,,,,,,,,https://charts.hiro.so/hirosystems,ed57e29e76054bebb563a4fc29ef5e672b4d012a89a8949639266dea0dc656af,scanned,
280,bitnami/grafana-operator,4.9.37,,none,none,source-scanned,no-current-recipe,no-package-proof,no-variants,not-proved,not-in-catalog,none,,"create recipe, package, variants, rendered digest, scans, and receipts",lookup;generated-facts;tpl;capabilities;crds;cluster-rbac,,,none,,,source-risk-no-proof,P0 source/dependency risk,62,1,0,5,5,2,3,5,0,0,0,4,2,1,0,11,2,0,0,0,0,0,1,true,1,,0,0,0,,,,,,,,,,,,,,,,https://charts.bitnami.com/bitnami,154a0007b12ddee72e77982ea45a4151571349a91c786363790707ee57723c4e,scanned,
281,jouve/mailpit,0.34.1,,none,none,source-scanned,no-current-recipe,no-package-proof,no-variants,not-proved,not-in-catalog,none,,"create recipe, package, variants, rendered digest, scans, and receipts",lookup;generated-facts;tpl;capabilities;stateful-storage,,,none,,,source-risk-no-proof,P0 source/dependency risk,64,1,0,5,15,1,3,5,0,0,2,6,2,1,0,0,0,0,0,0,1,1,1,true,1,,0,0,0,,,,,,,,,,,,,,,,https://jouve.github.io/charts/,a8aab7cd8c9a7bb5c3e13b782b5c272781f9858cba551c9643e078a510774b64,scanned,
282,cowboysysop/mongo-express,7.0.0,,none,none,source-scanned,no-current-recipe,no-package-proof,no-variants,not-proved,not-in-catalog,none,,"create recipe, package, variants, rendered digest, scans, and receipts",lookup;generated-facts;tpl;capabilities;hooks;stateful-storage,,,none,,,not-yet-proved,P1 compiler policy needed,52,0,1,5,14,1,7,13,1,0,2,23,4,3,2,0,0,0,0,3,3,5,2,true,0,,0,0,0,,,,,,,,,,,,,,,,https://cowboysysop.github.io/charts/,c787ef4bd9383f200ceb3c4ba29f918447e3b3e78a758ed7a5bd74f8c4a63215,scanned,
283,bitnami/moodle,28.0.0,,none,none,source-scanned,no-current-recipe,no-package-proof,no-variants,not-proved,not-in-catalog,none,,"create recipe, package, variants, rendered digest, scans, and receipts",lookup;generated-facts;tpl;capabilities;stateful-storage,,,none,,,source-risk-no-proof,P0 source/dependency risk,64,1,0,5,16,1,7,12,2,2,13,15,4,2,0,0,0,0,0,2,1,10,2,true,3,,0,0,0,,,,,,,,,,,,,,,,https://charts.bitnami.com/bitnami,a77f6d22e8e5aecc0a84dde8187954a7878e7a842351fec27cd19a6745f214f7,scanned,
284,ygqygq2/nacos,2.1.10,,none,none,source-scanned,no-current-recipe,no-package-proof,no-variants,not-proved,not-in-catalog,none,,"create recipe, package, variants, rendered digest, scans, and receipts",lookup;generated-facts;tpl;capabilities;stateful-storage,,,none,,,source-risk-no-proof,P0 source/dependency risk,64,1,0,5,13,1,7,11,2,0,1,13,2,3,0,0,0,0,0,3,1,6,2,true,3,,0,0,0,,,,,,,,,,,,,,,,https://ygqygq2.github.io/charts/,9d694ea2b8c91fad7456035bb40a2930fc3bdbf012afc326fef64ba1971a20cf,scanned,
285,bitnami/redmine,34.0.0,,none,none,source-scanned,no-current-recipe,no-package-proof,no-variants,not-proved,not-in-catalog,none,,"create recipe, package, variants, rendered digest, scans, and receipts",lookup;generated-facts;tpl;capabilities;stateful-storage,,,none,,,source-risk-no-proof,P0 source/dependency risk,64,1,0,5,28,1,10,18,6,4,21,46,6,3,0,0,0,0,0,4,4,17,3,true,5,,0,0,0,,,,,,,,,,,,,,,,https://charts.bitnami.com/bitnami,4eefd22089d01c4f04f607cf3c838511925230df67a78b72fcf1e080501f401a,scanned,
286,emqx-operator/emqx,5.8.9,,none,none,source-scanned,no-current-recipe,no-package-proof,no-variants,not-proved,not-in-catalog,none,,"create recipe, package, variants, rendered digest, scans, and receipts",tpl;capabilities;stateful-storage,,,none,,,not-yet-proved,P2 recipe/render/install policy,15,0,0,3,0,1,0,0,0,0,0,3,1,17,0,0,0,0,0,1,0,1,0,false,0,,0,0,0,,,,,,,,,,,,,,,,https://repos.emqx.io/charts,50d42fcbbfedc59f466c1a6288d440084f1dd2dd5f865d9212e5fb56e386172c,scanned,
287,groundhog2k/postgres,1.6.3,,none,none,source-scanned,no-current-recipe,no-package-proof,no-variants,not-proved,not-in-catalog,none,,"create recipe, package, variants, rendered digest, scans, and receipts",stateful-storage,,,none,,,not-yet-proved,P2 recipe/render/install policy,4,0,0,0,0,1,0,0,0,0,4,0,0,0,0,0,0,0,0,1,1,1,0,false,0,,0,0,0,,,,,,,,,,,,,,,,https://groundhog2k.github.io/helm-charts/,c5463ae959f597396c3de564f790cfbcad046fd3211da46c97adec0645e9b246,scanned,
288,seaweedfs/seaweedfs,4.28.0,,none,none,source-scanned,no-current-recipe,no-package-proof,no-variants,not-proved,not-in-catalog,none,,"create recipe, package, variants, rendered digest, scans, and receipts",lookup;generated-facts;tpl;capabilities;hooks;cluster-rbac;stateful-storage,,,none,,,not-yet-proved,P1 compiler policy needed,61,0,3,3,6,2,7,6,0,0,7,75,0,28,4,0,4,0,0,4,9,4,0,false,0,,0,0,0,,,,,,,,,,,,,,,,https://seaweedfs.github.io/seaweedfs/helm,9d05e5913fde15dc1907ab3ba5fad55c9007d4dd6e30b55046cf14912042b159,scanned,
289,dependencytrack/dependency-track,1.0.0,,none,none,source-scanned,no-current-recipe,no-package-proof,no-variants,not-proved,not-in-catalog,none,,"create recipe, package, variants, rendered digest, scans, and receipts",generated-facts;tpl;stateful-storage,,,none,,,not-yet-proved,P1 compiler policy needed,13,0,0,0,1,1,0,1,0,0,0,7,0,0,0,0,0,0,0,1,1,1,0,false,0,,0,0,0,,,,,,,,,,,,,,,,https://dependencytrack.github.io/helm-charts,cb1517a4c6797bce32bb19d07b75b0e43de36f0e0f14637da9155ec294abfe84,scanned,
290,apache-solr/solr,0.9.1,,none,none,source-scanned,no-current-recipe,no-package-proof,no-variants,not-proved,not-in-catalog,none,,"create recipe, package, variants, rendered digest, scans, and receipts",plain-ish,,,none,,,not-yet-proved,P3 plain/static-ish,0,0,0,0,0,0,0,0,0,0,0,0,0,0,0,0,0,0,0,0,0,0,0,false,0,,0,0,0,,,,,,,,,,,,,,,,https://solr.apache.org/charts,067724d0385e6ca19194f0a1db201dabcf950a4737fcd63d31e6d78aec345618,scanned,
291,stackgres-charts/stackgres-operator,1.18.7,,none,none,source-scanned,no-current-recipe,no-package-proof,no-variants,not-proved,not-in-catalog,none,,"create recipe, package, variants, rendered digest, scans, and receipts",lookup;capabilities;crds;cluster-rbac;webhooks,,,none,,,not-yet-proved,P1 compiler policy needed,36,0,0,5,0,3,6,0,0,0,3,0,7,5,0,14,14,2,0,0,0,0,0,false,0,,0,0,0,,,,,,,,,,,,,,,,https://stackgres.io/downloads/stackgres-k8s/stackgres/helm/,5f61e15caaa6fd8e489a3ef4c17611ca7bbc426ef1cf5829fbdcd4a12b2b44ca,scanned,
292,istio-official/ztunnel,1.30.0,,none,none,source-scanned,no-current-recipe,no-package-proof,no-variants,not-proved,not-in-catalog,none,,"create recipe, package, variants, rendered digest, scans, and receipts",cluster-rbac,,,none,,,not-yet-proved,P2 recipe/render/install policy,6,0,0,0,0,1,0,0,0,0,4,0,0,0,0,0,2,0,0,0,0,0,0,false,0,,0,0,0,,,,,,,,,,,,,,,,https://istio-release.storage.googleapis.com/charts,41a591e342d4e4cffe29b9795884e4182fc55b301eb67466ad2b336c575457d2,scanned,
293,cloudnative-pg/cluster,0.6.1,,none,none,source-scanned,no-current-recipe,no-package-proof,no-variants,not-proved,not-in-catalog,none,,"create recipe, package, variants, rendered digest, scans, and receipts",tpl;stateful-storage,,,none,,,not-yet-proved,P2 recipe/render/install policy,12,0,0,1,0,1,0,0,0,0,18,4,0,0,0,0,0,0,0,1,0,12,0,false,0,,0,0,0,,,,,,,,,,,,,,,,https://cloudnative-pg.io/charts/,5027d329dedb6c40c3cffb71f14d53d97816babe80274eb2f6c244fb16c8d18c,scanned,
294,nicholaswilde/code-server,1.1.1,,none,none,source-scanned,no-current-recipe,no-package-proof,no-variants,not-proved,not-in-catalog,none,,"create recipe, package, variants, rendered digest, scans, and receipts",capabilities;cluster-rbac;stateful-storage,,,none,,,source-risk-no-proof,P0 source/dependency risk,33,1,0,2,0,2,0,0,0,0,3,0,0,5,0,0,2,0,0,1,1,2,1,true,1,,0,0,0,,,,,,,,,,,,,,,,https://nicholaswilde.github.io/helm-charts/,dfbdac88e3fd0db9697a899b85095517493dca8ecd2464a79f7fc18a4c83c2ae,scanned,
295,douban/dify,0.9.1,,none,none,source-scanned,no-current-recipe,no-package-proof,no-variants,not-proved,not-in-catalog,none,,"create recipe, package, variants, rendered digest, scans, and receipts",lookup;generated-facts;tpl;capabilities;hooks;stateful-storage,,,none,,,source-risk-no-proof,P0 source/dependency risk,80,1,2,5,27,1,15,18,8,1,11,36,3,28,1,0,0,0,0,6,9,11,3,true,6,,0,0,0,,,,,,,,,,,,,,,,https://douban.github.io/charts/,0f6391040a81a92a8fe4284f09d9dd88058b57eda482ad28eeb01dc15f9bebb5,scanned,
296,dragonfly/dragonfly,1.6.27,,none,none,source-scanned,no-current-recipe,no-package-proof,no-variants,not-proved,not-in-catalog,none,,"create recipe, package, variants, rendered digest, scans, and receipts",lookup;generated-facts;tpl;capabilities;cluster-rbac;webhooks;stateful-storage,,,none,,,source-risk-no-proof,P0 source/dependency risk,66,1,0,5,14,3,11,11,2,1,5,20,2,20,0,0,5,1,0,7,4,6,2,true,2,,0,0,0,,,,,,,,,,,,,,,,https://dragonflyoss.github.io/helm-charts/,b6e3d96c0e2831385ab65e8b9fd7d47157a5d479d4377e97292a2149ab67c6e0,scanned,
297,bitnami/drupal,23.0.0,,none,none,source-scanned,no-current-recipe,no-package-proof,no-variants,not-proved,not-in-catalog,none,,"create recipe, package, variants, rendered digest, scans, and receipts",lookup;generated-facts;tpl;capabilities;stateful-storage,,,none,,,source-risk-no-proof,P0 source/dependency risk,64,1,0,5,16,1,7,12,2,2,12,16,4,2,0,0,0,0,0,2,1,10,2,true,3,,0,0,0,,,,,,,,,,,,,,,,https://charts.bitnami.com/bitnami,f90dab01a8c66986813bf7e36a4a9ea9f43cdcd7e2c57c47491bf5704d893954,scanned,
298,bitnami/logstash,7.0.11,,none,none,source-scanned,no-current-recipe,no-package-proof,no-variants,not-proved,not-in-catalog,none,,"create recipe, package, variants, rendered digest, scans, and receipts",lookup;generated-facts;tpl;capabilities;stateful-storage,,,none,,,source-risk-no-proof,P0 source/dependency risk,61,1,0,5,7,1,3,5,2,0,0,5,2,1,0,0,0,0,0,1,0,2,1,true,1,,0,0,0,,,,,,,,,,,,,,,,https://charts.bitnami.com/bitnami,9815bd944fa779a8bba7358f967fb30dd235925712dabc4c57210b00c1411da5,scanned,
299,mattermost/mattermost-team-edition,6.6.98,,none,none,source-scanned,no-current-recipe,no-package-proof,no-variants,not-proved,not-in-catalog,none,,"create recipe, package, variants, rendered digest, scans, and receipts",generated-facts;tpl;capabilities;stateful-storage,,,none,,,not-yet-proved,P1 compiler policy needed,25,0,0,3,2,1,0,2,0,0,0,5,3,1,0,0,0,0,0,0,3,4,0,true,0,,0,0,0,,,,,,,,,,,,,,,,https://helm.mattermost.com,550ba4f7dbb57905151bc232fbee0a0c278af6f43dcb11f19ef0e87571c8cc2c,scanned,
300,deliveryhero/node-local-dns,2.8.0,,none,none,source-scanned,no-current-recipe,no-package-proof,no-variants,not-proved,not-in-catalog,none,,"create recipe, package, variants, rendered digest, scans, and receipts",tpl,,,none,,,not-yet-proved,P2 recipe/render/install policy,4,0,0,0,0,0,0,0,0,0,0,2,0,0,0,0,0,0,0,0,0,0,0,false,0,,0,0,0,,,,,,,,,,,,,,,,https://raw.githubusercontent.com/deliveryhero/helm-charts/refs/heads/master/,0e9b68ea3639025c8fc07e5f64209c0b2781baacf558bc91be2a3a074cac7273,scanned,
301,victoriametrics/victoria-logs-single,0.12.4,0.12.5,chart-name-only,different-current-version,source-scanned,current-recipe-different-version,package-proof-exists,default-only,next80-full:1 revision(s),proof-grade,not-reviewed-for-production,,review source/current-version drift and refresh recipe if needed,lookup;tpl;capabilities;cluster-rbac;stateful-storage,recipes/vm/victoria-logs-single/0.12.5/recipe.yaml,packages/vm/victoria-logs-single/0.12.5,machine-proof-only,,default,proof-grade-needs-variants,P0 source/dependency risk,51,1,0,3,0,2,3,0,0,0,13,33,3,0,0,0,2,0,0,2,2,1,1,true,2,next80-full,1,1,2,edbf6e7dd31e9a1d0686592e7c1f050b04f5d780bdc33bb34fb3ddbfdfedde04,2/2,pass,allow,0,0,0,capability-profile;dependency-lock;extension-slots;generated-facts;helm-equivalence;rendered-manifest-scan;source-lock;stateful-storage;target-facts;tpl-extension-slots;variant-revision,true,true,true,true,true,helmEquivalence;installGate;render;scan,,https://victoriametrics.github.io/helm-charts/,8fc06f5852cbd877b16f9d50ff45b734a046c20ecb645c04d8af175fbb348780,scanned,
302,jfrog/artifactory-oss,107.146.13,,none,none,source-scanned,no-current-recipe,no-package-proof,no-variants,not-proved,not-in-catalog,none,,"create recipe, package, variants, rendered digest, scans, and receipts",lookup;generated-facts;tpl;capabilities;stateful-storage,,,none,,,source-risk-no-proof,P0 source/dependency risk,66,1,0,5,12,1,4,6,4,2,37,335,10,13,0,0,0,0,0,4,6,18,2,true,1,,0,0,0,,,,,,,,,,,,,,,,https://charts.jfrog.io,bd439a61be2b4b84f49008b6ac90cb7e25ba719ea48ee7ae5d7849f0bf04ec21,scanned,
303,adwerx/awx,3.4.3,,none,none,source-scanned,no-current-recipe,no-package-proof,no-variants,not-proved,not-in-catalog,none,,"create recipe, package, variants, rendered digest, scans, and receipts",lookup;generated-facts;tpl;capabilities;stateful-storage,,,none,,,source-risk-no-proof,P0 source/dependency risk,66,1,0,5,10,1,2,8,2,0,4,12,1,6,0,0,0,0,0,2,0,4,1,true,1,,0,0,0,,,,,,,,,,,,,,,,https://adwerx.github.io/charts/,b16bfa1421d55a6cd638a70b23b13f8415f9f42761bdf44cc2ed18d53b013873,scanned,
304,cetic/nifi,1.2.1,,none,none,source-scanned,no-current-recipe,no-package-proof,no-variants,not-proved,not-in-catalog,none,,"create recipe, package, variants, rendered digest, scans, and receipts",lookup;generated-facts;tpl;capabilities;stateful-storage,,,none,,,source-risk-no-proof,P0 source/dependency risk,62,1,0,4,17,1,3,13,4,0,1,12,0,3,0,0,0,0,0,3,2,8,1,true,2,,0,0,0,,,,,,,,,,,,,,,,https://cetic.github.io/helm-charts,eec502f3156fb903905f834085cc1177492db792873adbede757632b29df7888,scanned,
305,rancher-latest/rancher,2.14.1,,none,none,source-scanned,no-current-recipe,no-package-proof,no-variants,not-proved,not-in-catalog,none,,"create recipe, package, variants, rendered digest, scans, and receipts",lookup;tpl;capabilities;cluster-rbac;stateful-storage,,,none,,,not-yet-proved,P1 compiler policy needed,32,0,0,4,0,2,2,0,0,0,0,2,4,0,0,0,5,0,0,0,1,1,0,false,0,,0,0,0,,,,,,,,,,,,,,,,https://releases.rancher.com/server-charts/latest,9db459d9948bab56a0b8594e3f120dfc48f80f2cb9f9626ed30501a4b35d9b5e,scanned,
306,signoz/signoz,0.125.0,,none,none,source-scanned,no-current-recipe,no-package-proof,no-variants,not-proved,not-in-catalog,none,,"create recipe, package, variants, rendered digest, scans, and receipts",lookup;generated-facts;tpl;capabilities;hooks;crds;cluster-rbac;stateful-storage,,,none,,,source-risk-no-proof,P0 source/dependency risk,92,1,3,5,18,3,7,13,4,1,58,32,3,6,10,3,2,0,0,3,0,8,1,true,2,,0,0,0,,,,,,,,,,,,,,,,https://charts.signoz.io,70bd3ec4e43c82c64eea4be49e770e06f81621da15eb9f67aedbb2a239839f7d,scanned,
307,kubeshark-helm-charts/kubeshark,53.3.0,,none,none,source-scanned,no-current-recipe,no-package-proof,no-variants,not-proved,not-in-catalog,none,,"create recipe, package, variants, rendered digest, scans, and receipts",generated-facts;capabilities;cluster-rbac;stateful-storage,,,none,,,not-yet-proved,P1 compiler policy needed,14,0,0,1,1,2,0,0,0,1,0,0,1,0,0,0,2,0,0,0,2,5,0,false,0,,0,0,0,,,,,,,,,,,,,,,,https://helm.kubeshark.com/,be5d31dfce9f4f92acdf47adbe669372c8159de8882cb66fd3442729e932c8b0,scanned,
308,elastic/metricbeat,8.5.1,8.5.1,exact-chart-ref,exact,source-scanned,current-recipe-exact-version,package-proof-exists,default-only,next80-full:1 revision(s),proof-grade,not-reviewed-for-production,,add user-shaped variants before catalog promotion,tpl;capabilities;cluster-rbac;stateful-storage,recipes/elastic/metricbeat/8.5.1/recipe.yaml,packages/elastic/metricbeat/8.5.1,machine-proof-only,,default,proof-grade-needs-variants,P2 recipe/render/install policy,14,0,0,2,0,2,0,0,0,0,0,6,0,1,0,0,7,0,0,1,0,2,0,true,0,next80-full,1,1,14,805a258f07a07f1cdef0ee45ee427a06e28cc18380e52368840efeb7b672e939,14/14,warn,warn,0,4,0,capability-profile;cluster-rbac;dependency-lock;extension-slots;helm-equivalence;rendered-manifest-scan;source-lock;tpl-extension-slots;variant-revision,false,false,true,true,true,helmEquivalence;installGate;render;scan,,https://helm.elastic.co,b19a8af7f34e7bd9eeaea9c425cf1272efe2edac0f073e1cd42690be6dd463ad,scanned,
309,enix/kube-image-keeper,2.3.0-beta.1,,none,none,source-scanned,no-current-recipe,no-package-proof,no-variants,not-proved,not-in-catalog,none,,"create recipe, package, variants, rendered digest, scans, and receipts",crds;cluster-rbac;webhooks,,,none,,,not-yet-proved,P2 recipe/render/install policy,5,0,0,0,0,3,0,0,0,0,0,0,0,0,0,5,4,1,0,0,0,0,0,false,0,,0,0,0,,,,,,,,,,,,,,,,https://charts.enix.io,999d6817a8e9e417b6496ff2db9037ff55a301e2ecff84c8b9fbfee5bfbe8b14,scanned,
310,bitnami/matomo,11.0.0,,none,none,source-scanned,no-current-recipe,no-package-proof,no-variants,not-proved,not-in-catalog,none,,"create recipe, package, variants, rendered digest, scans, and receipts",lookup;generated-facts;tpl;capabilities;stateful-storage,,,none,,,source-risk-no-proof,P0 source/dependency risk,64,1,0,5,17,1,7,11,4,2,12,15,4,2,0,0,0,0,0,2,1,11,2,true,3,,0,0,0,,,,,,,,,,,,,,,,https://charts.bitnami.com/bitnami,588efd08236afafaa21ca850f1c984bf72deca11b135e6bc5fd63c3ee63d42f4,scanned,
311,cloudpirates-mongodb/mongodb,0.17.3,,none,none,source-scanned,no-current-recipe,no-package-proof,no-variants,not-proved,not-in-catalog,none,,"create recipe, package, variants, rendered digest, scans, and receipts",lookup;generated-facts;tpl;capabilities;hooks;stateful-storage,,,none,,,not-yet-proved,P1 compiler policy needed,48,0,2,2,3,1,3,3,0,0,6,1,1,0,1,0,0,0,0,7,0,4,1,true,0,,0,0,0,,,,,,,,,,,,,,,,oci://registry-1.docker.io/cloudpirates/mongodb,ccfdd2fa451fa3e61c236aa607311b07939e7434980d015a37262394c9582d29,scanned,"Error: looks like ""oci://registry-1.docker.io/cloudpirates/mongodb"" is not a valid chart repository or cannot be reached: failed to perform ""FetchReference"" on source: invalid reference
"
312,fairwinds-stable/polaris,6.0.0,,none,none,source-scanned,no-current-recipe,no-package-proof,no-variants,not-proved,not-in-catalog,none,,"create recipe, package, variants, rendered digest, scans, and receipts",generated-facts;capabilities;cluster-rbac;webhooks,,,none,,,not-yet-proved,P1 compiler policy needed,17,0,0,1,1,2,0,0,0,1,1,0,4,0,0,0,3,2,0,0,0,0,0,false,0,,0,0,0,,,,,,,,,,,,,,,,https://charts.fairwinds.com/stable,a4a23ce95646fbbb3aa8baece5554db97055b32e30c01d0773e16511cba04b9c,scanned,
313,bitnami/sealed-secrets,2.5.19,,none,none,source-scanned,no-current-recipe,no-package-proof,no-variants,not-proved,not-in-catalog,none,,"create recipe, package, variants, rendered digest, scans, and receipts",lookup;generated-facts;tpl;capabilities;crds;cluster-rbac,,,none,,,source-risk-no-proof,P0 source/dependency risk,65,1,0,5,7,2,3,5,2,0,2,4,2,1,0,1,4,0,0,0,0,2,1,true,1,,0,0,0,,,,,,,,,,,,,,,,https://charts.bitnami.com/bitnami,9ff42df8d0502906d3afe0123ca8e4c8474448707164fe3668c4f09dcee154f3,scanned,
314,gabe565/vaultwarden,0.16.1,,none,none,source-scanned,no-current-recipe,no-package-proof,no-variants,not-proved,not-in-catalog,none,,"create recipe, package, variants, rendered digest, scans, and receipts",lookup;generated-facts;tpl;capabilities;stateful-storage,,,none,,,source-risk-no-proof,P0 source/dependency risk,64,1,0,5,18,1,7,12,4,2,40,47,1,3,0,0,0,0,0,5,3,12,3,true,2,,0,0,0,,,,,,,,,,,,,,,,https://charts.gabe565.com,4e7dc2a728974ad2d47200ea735873ea892df4cdaf353d8d2909242c8109c63f,scanned,
315,eugen/rundeck,2.20.1,,none,none,source-scanned,no-current-recipe,no-package-proof,no-variants,not-proved,not-in-catalog,none,,"create recipe, package, variants, rendered digest, scans, and receipts",tpl;stateful-storage,,,none,,,not-yet-proved,P2 recipe/render/install policy,8,0,0,0,0,1,0,0,0,0,5,1,0,0,0,0,0,0,0,0,4,0,0,false,0,,0,0,0,,,,,,,,,,,,,,,,https://eugenmayer.github.io/helm-charts/,297266475c56c6bf30c37ac98998f8ba0dabd662f116f044030437c8d22a4928,scanned,
316,langfuse-k8s/langfuse,1.5.31,,none,none,source-scanned,no-current-recipe,no-package-proof,no-variants,not-proved,not-in-catalog,none,,"create recipe, package, variants, rendered digest, scans, and receipts",lookup;generated-facts;tpl;capabilities;hooks;stateful-storage,,,none,,,source-risk-no-proof,P0 source/dependency risk,80,1,2,5,54,1,22,35,16,3,103,58,13,15,1,0,0,0,0,8,11,27,6,true,6,,0,0,0,,,,,,,,,,,,,,,,https://langfuse.github.io/langfuse-k8s/,76e40e7ac48c1d396da0795091c8768019ac109bf455567c33b542e4ee2d2a97,scanned,
317,meilisearch-kubernetes/meilisearch,0.32.0,,none,none,source-scanned,no-current-recipe,no-package-proof,no-variants,not-proved,not-in-catalog,none,,"create recipe, package, variants, rendered digest, scans, and receipts",lookup;generated-facts;tpl;capabilities;stateful-storage,,,none,,,not-yet-proved,P1 compiler policy needed,35,0,0,4,1,1,1,1,0,0,0,1,1,4,0,0,0,0,0,1,1,1,0,false,0,,0,0,0,,,,,,,,,,,,,,,,https://meilisearch.github.io/meilisearch-kubernetes,5e223ad555dba80a0f7c21aee27e8c004a98d803e9a0fdea90a873efafc115ea,scanned,
318,sumologic/sumologic,5.1.0,,none,none,source-scanned,no-current-recipe,no-package-proof,no-variants,not-proved,not-in-catalog,none,,"create recipe, package, variants, rendered digest, scans, and receipts",lookup;generated-facts;tpl;capabilities;hooks;crds;cluster-rbac;webhooks;stateful-storage,,,none,,,source-risk-no-proof,P0 source/dependency risk,90,1,3,4,65,5,6,2,7,56,51,170,30,76,4,16,51,10,1,11,2,24,0,true,6,,0,0,0,,,,,,,,,,,,,,,,https://sumologic.github.io/sumologic-kubernetes-collection,b7ae9174660f0e7a355d6bbf5f24471e7e568216e9fc70bc5aa680a4e73925fe,scanned,
319,cilium/tetragon,1.7.0,,none,none,source-scanned,no-current-recipe,no-package-proof,no-variants,not-proved,not-in-catalog,none,,"create recipe, package, variants, rendered digest, scans, and receipts",cluster-rbac,,,none,,,not-yet-proved,P2 recipe/render/install policy,6,0,0,0,0,1,0,0,0,0,1,0,0,0,0,0,4,0,0,0,0,0,0,false,0,,0,0,0,,,,,,,,,,,,,,,,https://helm.cilium.io/,2d142ecff37a05bc2efab4c3f90cac2a545e8951d845fd15d023e1cbc31685f5,scanned,
320,infracloudio/botkube,1.14.0,,none,none,source-scanned,no-current-recipe,no-package-proof,no-variants,not-proved,not-in-catalog,none,,"create recipe, package, variants, rendered digest, scans, and receipts",lookup;tpl;cluster-rbac,,,none,,,not-yet-proved,P1 compiler policy needed,19,0,0,1,0,1,3,0,0,0,0,1,0,0,0,0,4,0,0,0,0,3,0,false,0,,0,0,0,,,,,,,,,,,,,,,,https://charts.botkube.io/,87ddb70ff1273ea00326175c2f185fd8fa6206290e7c778cc6cb1acab6088dd2,scanned,
321,democratic-csi/democratic-csi,0.15.1,,none,none,source-scanned,no-current-recipe,no-package-proof,no-variants,not-proved,not-in-catalog,none,,"create recipe, package, variants, rendered digest, scans, and receipts",tpl;capabilities;cluster-rbac,,,none,,,not-yet-proved,P2 recipe/render/install policy,14,0,0,2,0,1,0,0,0,0,2,14,0,10,0,0,4,0,0,0,0,3,0,false,0,,0,0,0,,,,,,,,,,,,,,,,https://democratic-csi.github.io/charts/,3d87e129cea46d49d810e9e5085b61d06c01a313bcf92160e3d106adc30426ed,scanned,
322,eclipse-che/eclipse-che,7.118.0,,none,none,source-scanned,no-current-recipe,no-package-proof,no-variants,not-proved,not-in-catalog,none,,"create recipe, package, variants, rendered digest, scans, and receipts",crds;cluster-rbac;webhooks,,,none,,,not-yet-proved,P2 recipe/render/install policy,3,0,0,0,0,3,0,0,0,0,0,0,0,0,0,1,4,2,0,0,0,0,0,false,0,,0,0,0,,,,,,,,,,,,,,,,https://eclipse-che.github.io/che-operator/charts,fb9319aea87dc01f6f238536ab9ddf44f81cae73dc1c3df4c779e0baa41aa86d,scanned,
323,jitsi-meet/jitsi-meet,2.18.0,,none,none,source-scanned,no-current-recipe,no-package-proof,no-variants,not-proved,not-in-catalog,none,,"create recipe, package, variants, rendered digest, scans, and receipts",generated-facts;tpl;hooks;stateful-storage,,,none,,,not-yet-proved,P1 compiler policy needed,32,0,2,0,7,1,0,7,0,0,4,25,0,0,1,0,0,0,0,1,2,9,0,false,0,,0,0,0,,,,,,,,,,,,,,,,https://jitsi-contrib.github.io/jitsi-helm/,4cb898b7571075147b484ad17e3f5f1c02eff705e621cf303291b449703b9b42,scanned,
324,cloudpirates-mariadb/mariadb,0.16.4,,none,none,source-scanned,no-current-recipe,no-package-proof,no-variants,not-proved,not-in-catalog,none,,"create recipe, package, variants, rendered digest, scans, and receipts",lookup;generated-facts;tpl;capabilities;stateful-storage,,,none,,,not-yet-proved,P1 compiler policy needed,40,0,0,4,3,1,2,3,0,0,1,3,1,3,0,0,0,0,0,1,2,2,1,true,0,,0,0,0,,,,,,,,,,,,,,,,oci://registry-1.docker.io/cloudpirates/mariadb,883b0a1b5591baeaf4a4b5b1e306447b407c9e5086d02451a2cfa03771c8bacc,scanned,"Error: looks like ""oci://registry-1.docker.io/cloudpirates/mariadb"" is not a valid chart repository or cannot be reached: failed to perform ""FetchReference"" on source: invalid reference
"
325,opensearch-operator/opensearch-operator,3.0.2,,none,none,source-scanned,no-current-recipe,no-package-proof,no-variants,not-proved,not-in-catalog,none,,"create recipe, package, variants, rendered digest, scans, and receipts",cluster-rbac;webhooks,,,none,,,not-yet-proved,P2 recipe/render/install policy,4,0,0,0,0,2,0,0,0,0,0,0,0,0,0,0,3,1,0,0,0,0,0,false,0,,0,0,0,,,,,,,,,,,,,,,,https://opensearch-project.github.io/opensearch-k8s-operator/,d5fe23fd7d8e1107331d2074d68b7bc42533b265096730ba9ab45eca11659d93,scanned,
326,stevehipwell/plantuml,3.46.0,,none,none,source-scanned,no-current-recipe,no-package-proof,no-variants,not-proved,not-in-catalog,none,,"create recipe, package, variants, rendered digest, scans, and receipts",capabilities,,,none,,,not-yet-proved,P2 recipe/render/install policy,12,0,0,3,0,0,0,0,0,0,0,0,4,5,0,0,0,0,0,0,0,0,0,false,0,,0,0,0,,,,,,,,,,,,,,,,https://stevehipwell.github.io/helm-charts/,12236c55115bad028f08e46af0986c7bfcc5eb76bec93f3524997c0630dce9ba,scanned,
327,bitnami/pytorch,5.8.5,,none,none,source-scanned,no-current-recipe,no-package-proof,no-variants,not-proved,not-in-catalog,none,,"create recipe, package, variants, rendered digest, scans, and receipts",lookup;generated-facts;tpl;capabilities;stateful-storage,,,none,,,not-yet-proved,P1 compiler policy needed,43,0,0,5,5,1,3,5,0,0,0,5,2,1,0,0,0,0,0,1,2,0,1,false,0,,0,0,0,,,,,,,,,,,,,,,,https://charts.bitnami.com/bitnami,7dfe43941bb27699019cc22505d5ab09c7117248d9b8e18dae82368fa26aac96,scanned,
328,bitnami/sonarqube,8.1.17,,none,none,source-scanned,no-current-recipe,no-package-proof,no-variants,not-proved,not-in-catalog,none,,"create recipe, package, variants, rendered digest, scans, and receipts",lookup;generated-facts;tpl;capabilities;stateful-storage,,,none,,,source-risk-no-proof,P0 source/dependency risk,64,1,0,5,18,1,6,12,4,2,9,37,4,2,0,0,0,0,0,2,4,10,2,true,3,,0,0,0,,,,,,,,,,,,,,,,https://charts.bitnami.com/bitnami,66bdb6f8fc7806e42a868fc5c3fcbdacae35a02203baf4d102e5d36c5d70fafc,scanned,
329,grafana-community/tempo,2.1.2,1.24.4,chart-name-only,different-current-version,source-scanned,current-recipe-different-version,package-proof-exists,multi-variant,proof:2 revision(s),catalog-supported,blocked-by-current-scan-gate,local-persistent;s3-query-observability,review source/current-version drift and refresh recipe if needed,tpl;stateful-storage,recipes/grafana/tempo/1.24.4/recipe.yaml,packages/grafana/tempo/1.24.4,supported-for-declared-scopes,local-test,,local-test-supported-production-blocked,P2 recipe/render/install policy,3,0,0,0,0,1,0,0,0,0,0,4,0,0,0,0,0,0,0,1,1,0,0,false,0,,2,2,12,4a18b354ff67e98d84f6d89ce16b973396c9c30bf3c121f4ef146886151c44be,4/4;8/8,warn,warn,0,13,0,capability-profile;capability-profile;chart-deprecation;dependency-lock;extension-slots;installer-support-object;network-policy;query-ingress-policy;servicemonitor-capability;source-lock;stateful-workload;target-facts;upstream-runtime-risk,false,false,false,false,false,helmEquivalence;installGate;render;scan,recipes/grafana/tempo/1.24.4/weirdness-and-mitigations.md,https://grafana-community.github.io/helm-charts/,b765e64c7956cd287f1678b84cc551465eaa52e4473e10cc058ae01d01a1a843,scanned,
330,cowboysysop/vertical-pod-autoscaler,11.1.1,0.9.0,chart-name-only,different-current-version,source-scanned,current-recipe-different-version,package-proof-exists,default-only,next80-full:1 revision(s),proof-grade,not-reviewed-for-production,,review source/current-version drift and refresh recipe if needed,lookup;generated-facts;tpl;capabilities;hooks;crds;cluster-rbac,recipes/autoscaler/vertical-pod-autoscaler/0.9.0/recipe.yaml,packages/autoscaler/vertical-pod-autoscaler/0.9.0,machine-proof-only,,default,proof-grade-needs-variants,P1 compiler policy needed,60,0,2,5,7,2,3,5,2,0,0,5,2,1,7,8,8,0,0,0,0,1,1,true,0,next80-full,1,1,39,9d7307f629bdc478fa0c9bc6646359976b96d0cfd549bd66c13442facfa57490,39/39,warn,warn,0,25,0,capability-profile;cluster-rbac;crds;dependency-lock;extension-slots;generated-facts;helm-equivalence;lifecycle-policy;rendered-manifest-scan;source-lock;variant-revision;webhooks,false,true,false,false,true,helmEquivalence;installGate;render;scan,,https://cowboysysop.github.io/charts/,fbef3ad036f59dc3cf9fc361cb92fae0564aa11f335f59b8b9e878dc490a4970,scanned,
331,akhq/akhq,0.27.0,,none,none,source-scanned,no-current-recipe,no-package-proof,no-variants,not-proved,not-in-catalog,none,,"create recipe, package, variants, rendered digest, scans, and receipts",tpl;capabilities,,,none,,,not-yet-proved,P2 recipe/render/install policy,13,0,0,2,0,0,0,0,0,0,1,1,0,4,0,0,0,0,0,0,0,1,0,false,0,,0,0,0,,,,,,,,,,,,,,,,https://akhq.io/,9b9a72766c5be64cb36ab96a672c2ca63c5b76430a87886dafa594ef8f07e1c2,scanned,
332,beryju-org/guacamole,1.4.2,,none,none,source-scanned,no-current-recipe,no-package-proof,no-variants,not-proved,not-in-catalog,none,,"create recipe, package, variants, rendered digest, scans, and receipts",tpl,,,none,,,not-yet-proved,P2 recipe/render/install policy,2,0,0,0,0,0,0,0,0,0,0,3,0,0,0,0,0,0,0,0,0,1,0,false,0,,0,0,0,,,,,,,,,,,,,,,,https://charts.beryju.org,4d72d6bc78a282cc333fc79ae38c28f23f9dd53a04131dd89406df5c9b489766,scanned,
333,securecodebox/juice-shop,5.7.0,,none,none,source-scanned,no-current-recipe,no-package-proof,no-variants,not-proved,not-in-catalog,none,,"create recipe, package, variants, rendered digest, scans, and receipts",plain-ish,,,none,,,not-yet-proved,P3 plain/static-ish,0,0,0,0,0,0,0,0,0,0,0,0,0,0,0,0,0,0,0,0,0,0,0,false,0,,0,0,0,,,,,,,,,,,,,,,,https://charts.securecodebox.io/,c7bcb85821dba6848709da9c4dc458ae3c8bd075f53a4039b7754618bc15c3b7,scanned,
334,wso2/mysql,1.6.9,,none,none,source-scanned,no-current-recipe,no-package-proof,no-variants,not-proved,not-in-catalog,none,,"create recipe, package, variants, rendered digest, scans, and receipts",generated-facts;tpl;stateful-storage,,,none,,,not-yet-proved,P1 compiler policy needed,11,0,0,0,2,1,0,2,0,0,0,4,0,0,0,0,0,0,0,0,1,2,0,false,0,,0,0,0,,,,,,,,,,,,,,,,https://helm.wso2.com,232aea408ae8bd9c6ff4f129ee685ecc0567d594f8f560dbbd4c8962a23f97d4,scanned,
335,mysql-operator/mysql-operator,2.2.8,,none,none,source-scanned,no-current-recipe,no-package-proof,no-variants,not-proved,not-in-catalog,none,,"create recipe, package, variants, rendered digest, scans, and receipts",lookup;crds;cluster-rbac,,,none,,,not-yet-proved,P1 compiler policy needed,21,0,0,2,0,2,9,0,0,0,34,0,0,0,0,1,4,0,0,0,0,0,0,false,0,,0,0,0,,,,,,,,,,,,,,,,https://mysql.github.io/mysql-operator/,35e32495c88a703ea85d86cebe305c7732639e9981837ad2aecef0493a2cbaa4,scanned,
336,minio-operator/operator,7.1.1,7.1.1,exact-chart-ref,exact,source-scanned,current-recipe-exact-version,package-proof-exists,default-only,next80-full:1 revision(s),proof-grade,not-reviewed-for-production,,add user-shaped variants before catalog promotion,cluster-rbac,recipes/minio-operator/operator/7.1.1/recipe.yaml,packages/minio-operator/operator/7.1.1,machine-proof-only,,default,proof-grade-needs-variants,P2 recipe/render/install policy,2,0,0,0,0,2,0,0,0,0,0,0,0,0,0,0,2,0,0,0,0,0,0,false,0,next80-full,1,1,8,3ac734cc8872f78365a7649830f706dc43341bba596b7ff266be2862f0f28b0a,8/8,warn,warn,1,4,0,capability-profile;cluster-rbac;crds;dependency-lock;helm-equivalence;rendered-manifest-scan;source-lock;variant-revision,false,false,false,false,false,helmEquivalence;installGate;render;scan,,https://operator.min.io,94f8124e2ecbc62f9cdcbe0519e8980f5992073638f5f63bd2b3ecac4f0ce7ca,scanned,
337,apache/pulsar,4.6.0,,none,none,source-scanned,no-current-recipe,no-package-proof,no-variants,not-proved,not-in-catalog,none,,"create recipe, package, variants, rendered digest, scans, and receipts",lookup;generated-facts;tpl;capabilities;crds;cluster-rbac;webhooks;stateful-storage,,,none,,,source-risk-no-proof,P0 source/dependency risk,69,1,0,5,8,4,7,3,2,3,51,167,6,15,0,10,18,1,0,14,4,8,2,true,8,,0,0,0,,,,,,,,,,,,,,,,https://pulsar.apache.org/charts,72104a5d9ebc939d776ae62fb16ad4c8de629cd664119e0a426650996c97e8d9,scanned,
338,percona/pxc-operator,1.19.1,1.19.1,exact-chart-ref,exact,source-scanned,current-recipe-exact-version,package-proof-exists,default-only,next80-full:1 revision(s),proof-grade,not-reviewed-for-production,,add user-shaped variants before catalog promotion,lookup;crds;cluster-rbac,recipes/percona/pxc-operator/1.19.1/recipe.yaml,packages/percona/pxc-operator/1.19.1,machine-proof-only,,default,proof-grade-needs-variants,P1 compiler policy needed,22,0,0,3,0,2,1,0,0,0,0,0,0,0,0,1,2,0,0,0,0,0,0,false,0,next80-full,1,1,7,769b3b65e8543cd4ae04c498b6793f5f9e84b611bff8ec07b7fbaa5efaac8dc6,7/7,warn,warn,0,3,0,capability-profile;crds;dependency-lock;extension-slots;helm-equivalence;rendered-manifest-scan;source-lock;target-facts;variant-revision,true,false,false,false,true,helmEquivalence;installGate;render;scan,,https://percona.github.io/percona-helm-charts,3b61a8f61af9fdbb9c39bd089a0707680d6a3b89eb8ddba6b9ec588ed161298c,scanned,
339,secret-store-csi-driver/secrets-store-csi-driver,1.6.0,1.6.0,chart-name-version,exact,source-scanned,current-recipe-exact-version,package-proof-exists,multi-variant,proof:2 revision(s),catalog-supported,blocked-by-current-scan-gate,default;sync-secret-rotation,add production dispositions and live/e2e observation lane,capabilities;hooks;crds;cluster-rbac,recipes/secrets-store-csi-driver/secrets-store-csi-driver/1.6.0/recipe.yaml,packages/secrets-store-csi-driver/secrets-store-csi-driver/1.6.0,supported-for-declared-scopes,local-test,,local-test-supported-production-blocked,P1 compiler policy needed,38,0,3,3,0,2,0,0,0,0,0,0,6,2,10,2,11,0,0,0,0,0,0,false,0,,2,2,22,2490f14dd08f7e309f8f78cd1c2f1b05eb5b8995343b33ad6b3b243401a39ead,10/10;12/12,warn,warn,0,23,0,capability-profile;cluster-rbac;crd-lifecycle;csi-driver;daemonset-workload;dependency-lock;extension-slots;installer-support-object;platform-variant;provider-integration;source-lock;sync-secret-rotation,false,false,false,false,false,helmEquivalence;installGate;render;scan,recipes/secrets-store-csi-driver/secrets-store-csi-driver/1.6.0/weirdness-and-mitigations.md,https://kubernetes-sigs.github.io/secrets-store-csi-driver/charts,63a35e803d78a07df990411fc2df66d1f9426ed4508cc5794b5b4f125bb50744,scanned,
340,teleport-agent-kube/teleport-cluster,18.8.2,,none,none,source-scanned,no-current-recipe,no-package-proof,no-variants,not-proved,not-in-catalog,none,,"create recipe, package, variants, rendered digest, scans, and receipts",lookup;capabilities;cluster-rbac;stateful-storage,,,none,,,not-yet-proved,P1 compiler policy needed,31,0,0,4,0,2,1,0,0,0,49,0,2,11,0,0,3,0,0,0,1,0,0,false,0,,0,0,0,,,,,,,,,,,,,,,,https://charts.releases.teleport.dev,6ca0b8cd501e8dabdec87cfff187c03d256be644c01c0e44be9ac5e76599f5c1,scanned,
341,unleash/unleash,5.6.7,,none,none,source-scanned,no-current-recipe,no-package-proof,no-variants,not-proved,not-in-catalog,none,,"create recipe, package, variants, rendered digest, scans, and receipts",lookup;generated-facts;tpl;capabilities;stateful-storage,,,none,,,source-risk-no-proof,P0 source/dependency risk,64,1,0,5,8,1,3,6,2,0,5,21,1,8,0,0,0,0,0,2,2,5,1,true,1,,0,0,0,,,,,,,,,,,,,,,,https://docs.getunleash.io/helm-charts/,ff20297ca4445c78a4dc72c2f86cb6e2e4a201cd0ecbed18a15091ab4c44acfc,scanned,
342,kong/ingress,0.24.0,,none,none,source-scanned,no-current-recipe,no-package-proof,no-variants,not-proved,not-in-catalog,none,,"create recipe, package, variants, rendered digest, scans, and receipts",lookup;generated-facts;tpl;capabilities;hooks;crds;cluster-rbac;webhooks;stateful-storage,,,none,,,source-risk-no-proof,P0 source/dependency risk,85,1,2,5,9,4,10,5,4,0,21,20,24,4,2,1,6,1,0,2,0,8,1,true,3,,0,0,0,,,,,,,,,,,,,,,,https://charts.konghq.com,670053e7ae58f0b09951f9edc3ab4dea6cab59c970efb6080b3082f63b4fc1f2,scanned,
343,node-feature-discovery/node-feature-discovery,0.18.3,,none,none,source-scanned,no-current-recipe,no-package-proof,no-variants,not-proved,not-in-catalog,none,,"create recipe, package, variants, rendered digest, scans, and receipts",crds;cluster-rbac,,,none,,,not-yet-proved,P2 recipe/render/install policy,2,0,0,0,0,2,0,0,0,0,0,0,0,0,0,1,8,0,0,0,0,0,0,false,0,,0,0,0,,,,,,,,,,,,,,,,https://kubernetes-sigs.github.io/node-feature-discovery/charts,0cb59bd70444d3d426ffd53fd242ae433118d7ebb9d2ad32d3db99be8a523e16,scanned,
344,okteto/okteto,1.44.0,,none,none,source-scanned,no-current-recipe,no-package-proof,no-variants,not-proved,not-in-catalog,none,,"create recipe, package, variants, rendered digest, scans, and receipts",lookup;generated-facts;tpl;capabilities;crds;cluster-rbac;webhooks;stateful-storage,,,none,,,not-yet-proved,P1 compiler policy needed,44,0,0,4,5,5,6,0,4,1,47,52,13,17,0,7,9,3,1,3,1,7,0,true,0,,0,0,0,,,,,,,,,,,,,,,,https://charts.okteto.com,adb5f7c13d3e87fc04f2356a5c5d31e6fd5b41bfa647cadaef8433886e491315,scanned,
345,openproject-helm-charts/openproject,13.6.0,,none,none,source-scanned,no-current-recipe,no-package-proof,no-variants,not-proved,not-in-catalog,none,,"create recipe, package, variants, rendered digest, scans, and receipts",lookup;generated-facts;tpl;capabilities;stateful-storage,,,none,,,source-risk-no-proof,P0 source/dependency risk,64,1,0,5,21,1,14,19,2,0,8,26,3,5,0,0,0,0,0,4,2,5,3,true,5,,0,0,0,,,,,,,,,,,,,,,,https://charts.openproject.org,9941354e2fc7ddcdce9b46fc4a553400c30a2252a5a3a2882d36c233c4ff0282,scanned,
346,yourls/yourls,8.7.20,,none,none,source-scanned,no-current-recipe,no-package-proof,no-variants,not-proved,not-in-catalog,none,,"create recipe, package, variants, rendered digest, scans, and receipts",lookup;generated-facts;tpl;capabilities;stateful-storage,,,none,,,source-risk-no-proof,P0 source/dependency risk,66,1,0,5,17,1,7,11,4,2,13,20,4,2,0,0,0,0,0,2,1,10,2,true,2,,0,0,0,,,,,,,,,,,,,,,,https://charts.yourls.org/,da41773dfbea10ca39ef6953f2f3c115069d34e6413d4ad5d2d8a43e03184d6d,scanned,
347,dify-helm/dify,0.36.0,,none,none,source-scanned,no-current-recipe,no-package-proof,no-variants,not-proved,not-in-catalog,none,,"create recipe, package, variants, rendered digest, scans, and receipts",lookup;generated-facts;tpl;capabilities;stateful-storage,,,none,,,source-risk-no-proof,P0 source/dependency risk,60,1,0,4,18,1,12,13,4,1,24,27,0,13,0,0,0,0,0,7,5,28,2,true,2,,0,0,0,,,,,,,,,,,,,,,,https://borispolonsky.github.io/dify-helm,f0b11b4bc1d09f1ea48554e1ee07fde37c90c602f491609cd57211ca8c258eaf,scanned,
348,appscode/kubed,0.13.2,,none,none,source-scanned,no-current-recipe,no-package-proof,no-variants,not-proved,not-in-catalog,none,,"create recipe, package, variants, rendered digest, scans, and receipts",generated-facts;capabilities;cluster-rbac,,,none,,,not-yet-proved,P1 compiler policy needed,16,0,0,1,2,1,0,0,2,0,2,0,0,2,0,0,3,0,0,0,0,2,0,false,0,,0,0,0,,,,,,,,,,,,,,,,https://charts.appscode.com/stable/,ea31ad0a3e12b9ed9c1dc5fb6ce10b90dacafa1aaaa88be38a10179baf29994f,scanned,
349,cloudpirates-minio/minio,0.13.0,,none,none,source-scanned,no-current-recipe,no-package-proof,no-variants,not-proved,not-in-catalog,none,,"create recipe, package, variants, rendered digest, scans, and receipts",lookup;generated-facts;tpl;capabilities;stateful-storage,,,none,,,not-yet-proved,P1 compiler policy needed,32,0,0,2,1,1,2,1,0,0,1,1,1,0,0,0,0,0,0,0,1,1,1,true,0,,0,0,0,,,,,,,,,,,,,,,,oci://registry-1.docker.io/cloudpirates/minio,c7e11487b37330e0c31028d6425a40b609d428b241851b0143e4eb1fad66a17f,scanned,"Error: looks like ""oci://registry-1.docker.io/cloudpirates/minio"" is not a valid chart repository or cannot be reached: failed to perform ""FetchReference"" on source: invalid reference
"
350,bitnami/oauth2-proxy,8.0.2,,none,none,source-scanned,no-current-recipe,no-package-proof,no-variants,not-proved,not-in-catalog,none,,"create recipe, package, variants, rendered digest, scans, and receipts",lookup;generated-facts;tpl;capabilities;stateful-storage,,,none,,,source-risk-no-proof,P0 source/dependency risk,64,1,0,5,21,1,11,10,4,1,2,15,4,2,0,0,0,0,0,3,5,10,2,true,3,,0,0,0,,,,,,,,,,,,,,,,https://charts.bitnami.com/bitnami,0611a362944377b706617d36a466b19b85b9bd8d33c5d0666e25d41c1ebd7793,scanned,
351,bitnami/prometheus,2.1.23,,none,none,source-scanned,no-current-recipe,no-package-proof,no-variants,not-proved,not-in-catalog,none,,"create recipe, package, variants, rendered digest, scans, and receipts",lookup;generated-facts;tpl;capabilities;cluster-rbac;stateful-storage,,,none,,,source-risk-no-proof,P0 source/dependency risk,62,1,0,5,9,2,3,5,4,0,0,7,2,1,0,0,2,0,0,1,2,6,1,true,1,,0,0,0,,,,,,,,,,,,,,,,https://charts.bitnami.com/bitnami,6615d15be2047bf7619b9162ebcbeff14e4d740708bef5a4b0c2d3e3b60bafdc,scanned,
352,fairwinds-stable/rbac-manager,1.21.5,,none,none,source-scanned,no-current-recipe,no-package-proof,no-variants,not-proved,not-in-catalog,none,,"create recipe, package, variants, rendered digest, scans, and receipts",cluster-rbac,,,none,,,not-yet-proved,P2 recipe/render/install policy,2,0,0,0,0,2,0,0,0,0,0,0,0,0,0,0,2,0,0,0,0,0,0,false,0,,0,0,0,,,,,,,,,,,,,,,,https://charts.fairwinds.com/stable,a1a6fed2178f8e2013daa30ef1448492043ed7982a703ca03231639f00f76354,scanned,
353,hirosystems/stacks-blockchain,2.2.2,,none,none,source-scanned,no-current-recipe,no-package-proof,no-variants,not-proved,not-in-catalog,none,,"create recipe, package, variants, rendered digest, scans, and receipts",lookup;generated-facts;tpl;capabilities;stateful-storage,,,none,,,source-risk-no-proof,P0 source/dependency risk,61,1,0,5,14,1,6,10,4,0,0,12,4,2,0,0,0,0,0,2,0,4,2,true,3,,0,0,0,,,,,,,,,,,,,,,,https://charts.hiro.so/hirosystems,5e2a43ab9b6e64fc988031769bfbdb74e41fa147c14b229e23e4eb26ee3d2504,scanned,
354,victoriametrics/victoria-metrics-single,0.38.0,0.39.0,chart-name-only,different-current-version,source-scanned,current-recipe-different-version,package-proof-exists,default-only,next80-full:1 revision(s),proof-grade,not-reviewed-for-production,,review source/current-version drift and refresh recipe if needed,tpl;cluster-rbac;stateful-storage,recipes/vm/victoria-metrics-single/0.39.0/recipe.yaml,packages/vm/victoria-metrics-single/0.39.0,machine-proof-only,,default,proof-grade-needs-variants,P0 source/dependency risk,33,1,0,1,0,2,0,0,0,0,8,18,0,0,0,0,2,0,0,0,2,0,1,true,1,next80-full,1,1,3,10c95bd43cb02502fb823b0d461c26b60fb0b4fe988ccf8a0cbe2e29f0a8c5f8,3/3,pass,allow,0,0,0,capability-profile;dependency-lock;extension-slots;helm-equivalence;rendered-manifest-scan;source-lock;stateful-storage;tpl-extension-slots;variant-revision,false,false,true,true,true,helmEquivalence;installGate;render;scan,,https://victoriametrics.github.io/helm-charts/,9ddf4ce32dc49def8d408fea6afdc966cea247e0489493d36a304ba563f746f2,scanned,
355,datawire/ambassador,6.9.5,,none,none,source-scanned,no-current-recipe,no-package-proof,no-variants,not-proved,not-in-catalog,none,,"create recipe, package, variants, rendered digest, scans, and receipts",generated-facts;crds;cluster-rbac;webhooks;stateful-storage,,,none,,,not-yet-proved,P1 compiler policy needed,14,0,0,0,1,4,0,0,1,0,0,0,0,0,0,19,20,1,0,0,1,4,0,false,0,,0,0,0,,,,,,,,,,,,,,,,https://getambassador.io/,1257e1fcb14ae658e62b9e4faeaaffb55a2a47098bdeb0d16573897f7b4a6d05,scanned,
356,couchdb/couchdb,4.6.3,,none,none,source-scanned,no-current-recipe,no-package-proof,no-variants,not-proved,not-in-catalog,none,,"create recipe, package, variants, rendered digest, scans, and receipts",lookup;generated-facts;stateful-storage,,,none,,,not-yet-proved,P1 compiler policy needed,24,0,0,1,2,1,1,2,0,0,1,0,0,0,0,0,0,0,0,1,1,1,0,false,0,,0,0,0,,,,,,,,,,,,,,,,https://apache.github.io/couchdb-helm/,33a028ac76293c039d382d507800f4510dc1a3ad8050f1d43f2e61b2e7138864,scanned,
357,ory/hydra,0.61.2,,none,none,source-scanned,no-current-recipe,no-package-proof,no-variants,not-proved,not-in-catalog,none,,"create recipe, package, variants, rendered digest, scans, and receipts",generated-facts;tpl;capabilities;hooks;crds;cluster-rbac,,,none,,,not-yet-proved,P1 compiler policy needed,53,0,3,3,2,2,0,2,0,0,10,22,2,6,1,1,2,0,0,0,0,1,0,true,0,,0,0,0,,,,,,,,,,,,,,,,https://k8s.ory.sh/helm/charts,31e7412c22b4ca60480525c8a8cac643060e9cad4623a757e5443a3861560325,scanned,
358,kiali/kiali-server,2.26.0,,none,none,source-scanned,no-current-recipe,no-package-proof,no-variants,not-proved,not-in-catalog,none,,"create recipe, package, variants, rendered digest, scans, and receipts",lookup;generated-facts;capabilities;cluster-rbac,,,none,,,not-yet-proved,P1 compiler policy needed,28,0,0,2,1,1,2,1,0,0,7,0,3,0,0,0,5,0,0,0,0,0,0,false,0,,0,0,0,,,,,,,,,,,,,,,,https://kiali.org/helm-charts,a5570a189af026483b48d03354b55e6e968e30f62cd412f753135f6198d84c7e,scanned,
359,newrelic/nri-bundle,7.0.12,,none,none,source-scanned,no-current-recipe,no-package-proof,no-variants,not-proved,not-in-catalog,none,,"create recipe, package, variants, rendered digest, scans, and receipts",lookup;generated-facts;tpl;capabilities;hooks;crds;cluster-rbac;webhooks;stateful-storage,,,none,,,not-yet-proved,P1 compiler policy needed,62,0,2,4,5,5,9,0,2,3,110,20,3,4,1,2,44,4,1,3,1,37,10,true,0,,0,0,0,,,,,,,,,,,,,,,,https://helm-charts.newrelic.com,4688f9804ec79d5bb9491524970d918244df85fb28474721f32e62147e375f71,scanned,
360,influxdata/telegraf,1.8.71,,none,none,source-scanned,no-current-recipe,no-package-proof,no-variants,not-proved,not-in-catalog,none,,"create recipe, package, variants, rendered digest, scans, and receipts",tpl;capabilities;cluster-rbac,,,none,,,not-yet-proved,P2 recipe/render/install policy,7,0,0,1,0,1,0,0,0,0,0,1,1,0,0,0,2,0,0,0,0,0,0,false,0,,0,0,0,,,,,,,,,,,,,,,,https://helm.influxdata.com/,8a41b4ac98e185529fce9e4d56a3c40232760093a6e42df599b55b58c4d42e93,scanned,
361,kubevela/vela-core,1.11.0-alpha.3,,none,none,source-scanned,no-current-recipe,no-package-proof,no-variants,not-proved,not-in-catalog,none,,"create recipe, package, variants, rendered digest, scans, and receipts",lookup;generated-facts;capabilities;hooks;crds;cluster-rbac;webhooks;stateful-storage,,,none,,,not-yet-proved,P1 compiler policy needed,45,0,2,2,1,5,3,0,0,1,0,0,7,0,1,12,7,2,1,1,0,0,0,false,0,,0,0,0,,,,,,,,,,,,,,,,https://kubevela.github.io/charts,85c8f4043f57cefa8f51b685429dedfc31968478b8d824a2549c25ef3fa47e82,scanned,
362,verdaccio/verdaccio,4.31.0,,none,none,source-scanned,no-current-recipe,no-package-proof,no-variants,not-proved,not-in-catalog,none,,"create recipe, package, variants, rendered digest, scans, and receipts",tpl;capabilities;stateful-storage,,,none,,,not-yet-proved,P1 compiler policy needed,21,0,0,2,27,1,0,0,0,0,0,13,0,9,0,0,0,0,0,1,1,2,0,false,0,,0,0,0,,,,,,,,,,,,,,,,https://charts.verdaccio.org/,4c7b3aab90688f973a14de99c77a53bfc606f65b63685794ce40e518239fe892,scanned,
363,vllm-production-stack/vllm-stack,0.1.11,,none,none,source-scanned,no-current-recipe,no-package-proof,no-variants,not-proved,not-in-catalog,none,,"create recipe, package, variants, rendered digest, scans, and receipts",lookup;generated-facts;tpl;capabilities;hooks;crds;cluster-rbac;webhooks;stateful-storage,,,none,,,source-risk-no-proof,P0 source/dependency risk,94,1,3,5,71,5,3,1,0,70,68,405,10,81,2,21,30,2,3,4,4,15,0,true,1,,0,0,0,,,,,,,,,,,,,,,,https://vllm-project.github.io/production-stack,97d9a59ac5dca86c650743ba011dfaef48bc751d838d7d8d262fb49bab9c6f81,scanned,
364,gocd/gocd,2.17.2,,none,none,source-scanned,no-current-recipe,no-package-proof,no-variants,not-proved,not-in-catalog,none,,"create recipe, package, variants, rendered digest, scans, and receipts",generated-facts;cluster-rbac;stateful-storage,,,none,,,not-yet-proved,P1 compiler policy needed,13,0,0,0,1,2,0,0,0,1,2,0,0,0,0,0,2,0,0,0,2,0,0,false,0,,0,0,0,,,,,,,,,,,,,,,,https://gocd.github.io/helm-chart,7b5d97b53356d70a2cde75acdeda083d9e8009954477d77923517c6860dbd257,scanned,
365,k8sgpt/k8sgpt-operator,0.2.27,,none,none,source-scanned,no-current-recipe,no-package-proof,no-variants,not-proved,not-in-catalog,none,,"create recipe, package, variants, rendered digest, scans, and receipts",crds;cluster-rbac;stateful-storage,,,none,,,not-yet-proved,P2 recipe/render/install policy,5,0,0,0,0,3,0,0,0,0,0,0,0,0,0,3,7,0,0,1,0,0,0,true,0,,0,0,0,,,,,,,,,,,,,,,,https://charts.k8sgpt.ai,5f2c2eb3d7305544c8e63e29ef1400e5569f9d6e59fc77d1f0b9233fa517f3dd,scanned,
366,k8tz/k8tz,0.19.0,,none,none,source-scanned,no-current-recipe,no-package-proof,no-variants,not-proved,not-in-catalog,none,,"create recipe, package, variants, rendered digest, scans, and receipts",generated-facts;capabilities;cluster-rbac;webhooks,,,none,,,not-yet-proved,P1 compiler policy needed,17,0,0,1,1,2,0,0,1,0,2,0,0,8,0,0,2,1,0,0,0,1,0,false,0,,0,0,0,,,,,,,,,,,,,,,,https://k8tz.github.io/k8tz/,6f9a7eed09b974e835c9b5faf9d8958be2fdd7a5c5ce4fd12fceaea514cde001,scanned,
367,nginx-gateway-fabric/nginx-gateway-fabric,2.6.2,,none,none,source-scanned,no-current-recipe,no-package-proof,no-variants,not-proved,not-in-catalog,none,,"create recipe, package, variants, rendered digest, scans, and receipts",capabilities;crds;cluster-rbac,,,none,,,not-yet-proved,P2 recipe/render/install policy,8,0,0,1,0,2,0,0,0,0,0,0,5,0,0,11,2,0,0,0,0,0,0,false,0,,0,0,0,,,,,,,,,,,,,,,,oci://ghcr.io/nginx/charts/nginx-gateway-fabric,e3c97d24e47287304554ab3f32201e96405f06e67ded27c9b9d2d4c69e54965a,scanned,"Error: looks like ""oci://ghcr.io/nginx/charts/nginx-gateway-fabric"" is not a valid chart repository or cannot be reached: failed to perform ""FetchReference"" on source: invalid reference
"
368,enix/san-iscsi-csi,4.0.2,,none,none,source-scanned,no-current-recipe,no-package-proof,no-variants,not-proved,not-in-catalog,none,,"create recipe, package, variants, rendered digest, scans, and receipts",cluster-rbac,,,none,,,not-yet-proved,P2 recipe/render/install policy,1,0,0,0,0,1,0,0,0,0,0,0,0,0,0,0,2,0,0,0,0,0,0,false,0,,0,0,0,,,,,,,,,,,,,,,,https://charts.enix.io,a243e6ff5f23cf54c9766373d69fc3ed00d378adae5c534040811780a1665416,scanned,
369,sftpgo/sftpgo,0.45.0,,none,none,source-scanned,no-current-recipe,no-package-proof,no-variants,not-proved,not-in-catalog,none,,"create recipe, package, variants, rendered digest, scans, and receipts",stateful-storage,,,none,,,not-yet-proved,P2 recipe/render/install policy,4,0,0,0,0,1,0,0,0,0,5,0,0,0,0,0,0,0,0,0,1,0,0,false,0,,0,0,0,,,,,,,,,,,,,,,,oci://ghcr.io/sftpgo/helm-charts/sftpgo,db03cbc2bc2d25231714b20a7575430049dbbe035d1d05427a0d99238e254bdf,scanned,"Error: looks like ""oci://ghcr.io/sftpgo/helm-charts/sftpgo"" is not a valid chart repository or cannot be reached: failed to perform ""FetchReference"" on source: invalid reference
"
370,backube-helm-charts/volsync,0.15.0,,none,none,source-scanned,no-current-recipe,no-package-proof,no-variants,not-proved,not-in-catalog,none,,"create recipe, package, variants, rendered digest, scans, and receipts",capabilities;cluster-rbac,,,none,,,not-yet-proved,P2 recipe/render/install policy,6,0,0,1,0,2,0,0,0,0,0,0,2,0,0,0,5,0,0,0,0,0,0,false,0,,0,0,0,,,,,,,,,,,,,,,,https://backube.github.io/helm-charts/,d6b20a2148265326ecb8f077830263cf8242e4a10d07f2402abccfd4594abdf2,scanned,
371,bitnami/apache,11.4.29,11.4.29,exact-chart-ref,exact,source-scanned,current-recipe-exact-version,package-proof-exists,default-only,next80-full:1 revision(s),proof-grade,not-reviewed-for-production,,add user-shaped variants before catalog promotion,lookup;generated-facts;tpl;capabilities,recipes/bitnami/apache/11.4.29/recipe.yaml,packages/bitnami/apache/11.4.29,machine-proof-only,,default,proof-grade-needs-variants,P0 source/dependency risk,62,1,0,5,7,0,3,5,2,0,0,6,2,1,0,0,0,0,0,0,0,2,1,true,1,next80-full,1,1,5,0b37f6d8ae27b5b341860619b89aa3d78e02d7bd01a2271fab216d4e65be047c,5/5,pass,allow,0,0,0,capability-profile;dependency-lock;extension-slots;generated-facts;helm-equivalence;rendered-manifest-scan;source-lock;target-facts;tpl-extension-slots;variant-revision,true,true,true,true,true,helmEquivalence;installGate;render;scan,,https://charts.bitnami.com/bitnami,74a07863e26b536e31b08c65825c40ec866723f6e49a967e1d8d13ad30923c29,scanned,"Error: looks like ""https://charts.bitnami.com/bitnami"" is not a valid chart repository or cannot be reached: read tcp [2a00:23c4:aca5:a701:3466:f2bf:46c9:30a4]:62078->[2a06:98c1:58::a5]:443: read: connection reset by peer
"
372,deliveryhero/cluster-overprovisioner,0.7.14,,none,none,source-scanned,no-current-recipe,no-package-proof,no-variants,not-proved,not-in-catalog,none,,"create recipe, package, variants, rendered digest, scans, and receipts",capabilities,,,none,,,not-yet-proved,P2 recipe/render/install policy,8,0,0,2,0,0,0,0,0,0,0,0,0,3,0,0,0,0,0,0,0,0,0,false,0,,0,0,0,,,,,,,,,,,,,,,,https://raw.githubusercontent.com/deliveryhero/helm-charts/refs/heads/master/,3cde29e3bf3738242feb8794b9483a96558bb925b246dd6edbcd24ef64173743,scanned,"Error: failed to perform ""Fetch"" on source: Get ""https://ghcr.io/v2/deliveryhero/helm-charts/cluster-overprovisioner/blobs/sha256:63de6550a8da09a218b835dd5cbbe3e72fbd9677799e8ff0fc6f01fd37c107a7"": read tcp 192.168.1.189:62098->20.26.156.211:443: read: connection reset by peer
"
373,concourse/concourse,20.2.1,,none,none,source-scanned,no-current-recipe,no-package-proof,no-variants,not-proved,not-in-catalog,none,,"create recipe, package, variants, rendered digest, scans, and receipts",tpl;capabilities;cluster-rbac;stateful-storage,,,none,,,not-yet-proved,P2 recipe/render/install policy,15,0,0,2,0,2,0,0,0,0,8,2,0,6,0,0,4,0,0,2,0,3,0,false,0,,0,0,0,,,,,,,,,,,,,,,,https://concourse-charts.storage.googleapis.com/,bbdd235adc79cf6decee4de60749fb6bec020ac5de382a07304708b1d4ff1ac3,scanned,
374,dynatrace/dynatrace-operator,1.9.0,,none,none,source-scanned,no-current-recipe,no-package-proof,no-variants,not-proved,not-in-catalog,none,,"create recipe, package, variants, rendered digest, scans, and receipts",capabilities;cluster-rbac;webhooks;stateful-storage,,,none,,,not-yet-proved,P2 recipe/render/install policy,21,0,0,3,0,4,0,0,0,0,2,0,2,1,0,0,28,4,0,1,0,1,0,false,0,,0,0,0,,,,,,,,,,,,,,,,oci://public.ecr.aws/dynatrace/dynatrace-operator,affcdb6079415f168b6596110056c6e468658c27d78c4ae1ba963b342d378c3e,scanned,"Error: looks like ""oci://public.ecr.aws/dynatrace/dynatrace-operator"" is not a valid chart repository or cannot be reached: failed to perform ""FetchReference"" on source: invalid reference
"
375,gabe565/headscale,0.16.0,,none,none,source-scanned,no-current-recipe,no-package-proof,no-variants,not-proved,not-in-catalog,none,,"create recipe, package, variants, rendered digest, scans, and receipts",lookup;generated-facts;tpl;capabilities;stateful-storage,,,none,,,source-risk-no-proof,P0 source/dependency risk,60,1,0,4,8,1,3,6,2,0,28,38,0,2,0,0,0,0,0,3,3,5,2,true,1,,0,0,0,,,,,,,,,,,,,,,,https://charts.gabe565.com,2c4261f5aeb7bec881b7b0f68d214209b0cf0fa7e75899cfba9f7d5bb3cf4520,scanned,"Error: looks like ""https://charts.gabe565.com"" is not a valid chart repository or cannot be reached: read tcp [2a00:23c4:aca5:a701:3466:f2bf:46c9:30a4]:62103->[2606:50c0:8002::153]:443: read: connection reset by peer
"
376,verwilst/rocketchat,1.0.2,,none,none,source-scanned,no-current-recipe,no-package-proof,no-variants,not-proved,not-in-catalog,none,,"create recipe, package, variants, rendered digest, scans, and receipts",generated-facts;tpl;capabilities;stateful-storage,,,none,,,source-risk-no-proof,P0 source/dependency risk,46,1,0,3,6,1,0,3,3,0,5,12,0,4,0,0,0,0,0,2,2,3,1,true,2,,0,0,0,,,,,,,,,,,,,,,,https://verwilst.github.io/helm-charts,f7264817020842e09bc7ab38c1c7a16bcbdc90534e3de5e7a9e7d6172cb40bef,scanned,
377,bitnami/schema-registry,26.0.5,,none,none,source-scanned,no-current-recipe,no-package-proof,no-variants,not-proved,not-in-catalog,none,,"create recipe, package, variants, rendered digest, scans, and receipts",lookup;generated-facts;tpl;capabilities;hooks;stateful-storage,,,none,,,source-risk-no-proof,P0 source/dependency risk,77,1,2,5,15,1,7,11,4,0,0,36,4,2,1,0,0,0,0,8,4,12,2,true,3,,0,0,0,,,,,,,,,,,,,,,,https://charts.bitnami.com/bitnami,b5846e52c35853d29a823579c62239a6d2a4c5020467ec9bcbb3b365018c6b67,scanned,"Error: looks like ""https://charts.bitnami.com/bitnami"" is not a valid chart repository or cannot be reached: Get ""https://charts.bitnami.com/bitnami/index.yaml"": read tcp 192.168.1.189:62107->99.86.12.29:443: read: connection reset by peer
"
378,armory/armory-spinnaker-operator,1.8.11,,none,none,source-scan-failed,no-current-recipe,no-package-proof,no-variants,not-proved,not-in-catalog,none,,repair source acquisition before recipe proof,plain-ish,,,none,,,source-risk-no-proof,P0 blocked: archive unavailable/malformed,100,1,,,,,0,0,0,0,0,0,0,0,0,0,0,0,0,0,0,0,0,false,0,,0,0,0,,,,,,,,,,,,,,,,https://armory.jfrog.io/artifactory/charts/,,failed,
379,aws/aws-vpc-cni,1.21.2,,none,none,source-scanned,no-current-recipe,no-package-proof,no-variants,not-proved,not-in-catalog,none,,"create recipe, package, variants, rendered digest, scans, and receipts",crds;cluster-rbac,,,none,,,not-yet-proved,P2 recipe/render/install policy,5,0,0,0,0,2,0,0,0,0,1,0,0,0,0,1,2,0,0,0,0,0,0,false,0,,0,0,0,,,,,,,,,,,,,,,,https://aws.github.io/eks-charts,c896cff8c4b20fdd7ebf85a1bcf23491bce87b6719e2600589424287e7892cd0,scanned,
380,gadsme/cube,3.3.0,,none,none,source-scanned,no-current-recipe,no-package-proof,no-variants,not-proved,not-in-catalog,none,,"create recipe, package, variants, rendered digest, scans, and receipts",tpl;capabilities,,,none,,,not-yet-proved,P2 recipe/render/install policy,13,0,0,2,0,0,0,0,0,0,25,2,0,4,0,0,0,0,0,0,0,0,0,false,0,,0,0,0,,,,,,,,,,,,,,,,https://gadsme.github.io/charts,ed9a1e3dedf5f34063aeb8ec1c0c33e24685ba785d8776a74a60c26d02b4c8ed,scanned,
381,erpnext/erpnext,8.0.53,,none,none,source-scanned,no-current-recipe,no-package-proof,no-variants,not-proved,not-in-catalog,none,,"create recipe, package, variants, rendered digest, scans, and receipts",lookup;generated-facts;tpl;capabilities;stateful-storage,,,none,,,source-risk-no-proof,P0 source/dependency risk,64,1,0,5,31,1,14,16,4,11,27,47,1,21,0,0,0,0,0,12,6,11,3,true,3,,0,0,0,,,,,,,,,,,,,,,,https://helm.erpnext.com,f85714142287fb7a06cca20f9a7702c24a389035e4716c31c57f74f236761280,scanned,
382,apache-hadoop-helm/hadoop,1.3.0,,none,none,source-scanned,no-current-recipe,no-package-proof,no-variants,not-proved,not-in-catalog,none,,"create recipe, package, variants, rendered digest, scans, and receipts",stateful-storage,,,none,,,not-yet-proved,P2 recipe/render/install policy,1,0,0,0,0,1,0,0,0,0,0,0,0,0,0,0,0,0,0,4,0,0,0,false,0,,0,0,0,,,,,,,,,,,,,,,,https://pfisterer.github.io/apache-hadoop-helm/,3c2f383aba3ed41e89a75a6fada7dc5ac77ea709e6c4acf4dc5f7391315b3ae7,scanned,
383,cloudposse/istio,1.1.0,,none,none,source-scanned,no-current-recipe,no-package-proof,no-variants,not-proved,not-in-catalog,none,,"create recipe, package, variants, rendered digest, scans, and receipts",cluster-rbac;webhooks;stateful-storage,,,none,,,not-yet-proved,P2 recipe/render/install policy,6,0,0,0,0,4,0,0,0,0,0,0,0,0,0,0,52,4,0,0,2,0,0,true,0,,0,0,0,,,,,,,,,,,,,,,,https://charts.cloudposse.com/incubator/,3bda8ee61ba77c3ce73195ea49daf420eda3489ed66d5af3095d91fbe119fe04,scanned,
384,grafana/k6-operator,4.4.1,,none,none,source-scanned,no-current-recipe,no-package-proof,no-variants,not-proved,not-in-catalog,none,,"create recipe, package, variants, rendered digest, scans, and receipts",crds;cluster-rbac,,,none,,,not-yet-proved,P2 recipe/render/install policy,2,0,0,0,0,2,0,0,0,0,0,0,0,0,0,2,7,0,0,0,0,0,0,false,0,,0,0,0,,,,,,,,,,,,,,,,https://grafana.github.io/helm-charts,b46331e5dd5ff6969c2ce36343c666220fd9cd7be246dd914f7868d1c90fab76,scanned,
385,ory/kratos,0.61.2,,none,none,source-scanned,no-current-recipe,no-package-proof,no-variants,not-proved,not-in-catalog,none,,"create recipe, package, variants, rendered digest, scans, and receipts",generated-facts;tpl;capabilities;hooks;stateful-storage,,,none,,,not-yet-proved,P1 compiler policy needed,52,0,3,3,3,1,0,3,0,0,7,26,2,6,1,0,0,0,0,1,0,1,0,true,0,,0,0,0,,,,,,,,,,,,,,,,https://k8s.ory.sh/helm/charts,cb6a4aa74086634ae9810af91bd8fb96efd0c61b304d5d18133ffe8310c09297,scanned,
386,grafana/oncall,1.16.5,,none,none,source-scanned,no-current-recipe,no-package-proof,no-variants,not-proved,not-in-catalog,none,,"create recipe, package, variants, rendered digest, scans, and receipts",lookup;generated-facts;tpl;capabilities;cluster-rbac;webhooks;stateful-storage,,,none,,,source-risk-no-proof,P0 source/dependency risk,67,1,0,5,49,4,21,30,8,11,62,141,31,41,0,0,47,3,0,17,6,27,4,true,8,,0,0,0,,,,,,,,,,,,,,,,https://grafana.github.io/helm-charts,7bca60cf446d1963f403f86aa5eafe14020dc8cc9711a664c3917a7d8e437bdc,scanned,
387,prometheus-msteams/prometheus-msteams,1.3.6,,none,none,source-scanned,no-current-recipe,no-package-proof,no-variants,not-proved,not-in-catalog,none,,"create recipe, package, variants, rendered digest, scans, and receipts",capabilities,,,none,,,not-yet-proved,P2 recipe/render/install policy,10,0,0,2,0,0,0,0,0,0,0,0,0,2,0,0,0,0,0,0,0,0,0,false,0,,0,0,0,,,,,,,,,,,,,,,,https://prometheus-msteams.github.io/prometheus-msteams,5e7d7be472f048e62071eaaf31f93fe9a08edfba282b0048b25b03a02001e40a,scanned,
388,grafana/pyroscope,2.0.2,2.0.2,exact-chart-ref,exact,source-scanned,current-recipe-exact-version,package-proof-exists,default-only,next80-full:1 revision(s),proof-grade,not-reviewed-for-production,,add user-shaped variants before catalog promotion,lookup;generated-facts;tpl;capabilities;crds;cluster-rbac;stateful-storage,recipes/grafana/pyroscope/2.0.2/recipe.yaml,packages/grafana/pyroscope/2.0.2,machine-proof-only,,default,proof-grade-needs-variants,P1 compiler policy needed,44,0,0,4,3,3,1,1,0,2,22,24,7,34,0,4,4,0,0,4,1,1,0,true,0,next80-full,1,1,18,24d78308d5476731eefba9ac71cee442cf9aeb21f16443557d9a6d9574449df5,18/18,warn,warn,0,3,0,capability-profile;cluster-rbac;crds;dependency-lock;extension-slots;generated-facts;helm-equivalence;lifecycle-policy;rendered-manifest-scan;source-lock;stateful-storage;target-facts;tpl-extension-slots;variant-revision,true,true,true,true,true,helmEquivalence;installGate;render;scan,,https://grafana.github.io/helm-charts,2ef4155c4952f4427964273e4bd9bc81bb3356083dc43d28665979d2359f172f,scanned,
389,datawire/telepresence,2.20.3-test.0,,none,none,source-scanned,no-current-recipe,no-package-proof,no-variants,not-proved,not-in-catalog,none,,"create recipe, package, variants, rendered digest, scans, and receipts",lookup;generated-facts;capabilities;cluster-rbac;webhooks,,,none,,,source-risk-no-proof,P0 source/dependency risk,49,1,0,2,6,2,1,0,6,0,12,0,0,2,0,0,15,1,0,0,0,3,0,false,1,,0,0,0,,,,,,,,,,,,,,,,https://getambassador.io/,c82b42a5704cac61432b369872d66aeb7a3d4cdade85ef6fa5189b56f9fe8dd0,scanned,
390,zot/zot,0.1.116,,none,none,source-scanned,no-current-recipe,no-package-proof,no-variants,not-proved,not-in-catalog,none,,"create recipe, package, variants, rendered digest, scans, and receipts",generated-facts;stateful-storage,,,none,,,not-yet-proved,P1 compiler policy needed,12,0,0,0,2,1,0,2,0,0,3,0,0,0,0,0,0,0,0,1,0,1,0,false,0,,0,0,0,,,,,,,,,,,,,,,,https://zotregistry.dev/helm-charts/,a27342381b86ef00c14382d8ff38654447c302308bec291997dc5470469827d4,scanned,
391,elastic/apm-server,8.5.1,,none,none,source-scanned,no-current-recipe,no-package-proof,no-variants,not-proved,not-in-catalog,none,,"create recipe, package, variants, rendered digest, scans, and receipts",tpl;cluster-rbac,,,none,,,not-yet-proved,P2 recipe/render/install policy,3,0,0,0,0,1,0,0,0,0,0,2,0,0,0,0,2,0,0,0,0,0,0,false,0,,0,0,0,,,,,,,,,,,,,,,,https://helm.elastic.co,df2112d12a0e51a7c399475ffee007cdf12241af1a347b03bf1ed7f97173b490,scanned,
392,gadget/gadget,0.52.0,,none,none,source-scanned,no-current-recipe,no-package-proof,no-variants,not-proved,not-in-catalog,none,,"create recipe, package, variants, rendered digest, scans, and receipts",cluster-rbac,,,none,,,not-yet-proved,P2 recipe/render/install policy,1,0,0,0,0,1,0,0,0,0,0,0,0,0,0,0,2,0,0,0,0,0,0,false,0,,0,0,0,,,,,,,,,,,,,,,,https://inspektor-gadget.github.io/charts,2309c2d36ffbd15443ad531d31876ec0b673ea8b0a5ab575265cc3b5c3b0ce76,scanned,
393,homarr-labs/homarr,8.19.0,,none,none,source-scanned,no-current-recipe,no-package-proof,no-variants,not-proved,not-in-catalog,none,,"create recipe, package, variants, rendered digest, scans, and receipts",tpl;capabilities;cluster-rbac;stateful-storage,,,none,,,not-yet-proved,P2 recipe/render/install policy,12,0,0,2,0,2,0,0,0,0,0,1,0,5,0,0,2,0,0,0,1,2,0,false,0,,0,0,0,,,,,,,,,,,,,,,,https://homarr-labs.github.io/charts/,1240b3f44ce78333f59be443646410e5ba1ff1f4ccefbe916f2400239e9c7b94,scanned,
394,hpe-storage/hpe-csi-driver,3.2.0-beta,,none,none,source-scanned,no-current-recipe,no-package-proof,no-variants,not-proved,not-in-catalog,none,,"create recipe, package, variants, rendered digest, scans, and receipts",lookup;crds;cluster-rbac,,,none,,,not-yet-proved,P1 compiler policy needed,19,0,0,1,0,2,1,0,0,0,4,0,0,0,0,12,16,0,0,0,0,0,0,false,0,,0,0,0,,,,,,,,,,,,,,,,https://hpe-storage.github.io/co-deployments/,36a1827cae14ddd98c3ffef6cc2c6afb906239421d914a7674f76fcc9cd250f3,scanned,
395,kestra/kestra,1.3.19,,none,none,source-scanned,no-current-recipe,no-package-proof,no-variants,not-proved,not-in-catalog,none,,"create recipe, package, variants, rendered digest, scans, and receipts",tpl;capabilities,,,none,,,not-yet-proved,P2 recipe/render/install policy,15,0,0,2,0,0,0,0,0,0,7,2,0,7,0,0,0,0,0,0,0,0,0,false,0,,0,0,0,,,,,,,,,,,,,,,,https://helm.kestra.io/,2ba6cbbeae81c71b491918054ae233428e7472a4bb114ade091ae6e2ad4c7cc3,scanned,
396,kwatch/kwatch,0.10.5,,none,none,source-scanned,no-current-recipe,no-package-proof,no-variants,not-proved,not-in-catalog,none,,"create recipe, package, variants, rendered digest, scans, and receipts",cluster-rbac,,,none,,,not-yet-proved,P2 recipe/render/install policy,1,0,0,0,0,1,0,0,0,0,0,0,0,0,0,0,2,0,0,0,0,0,0,false,0,,0,0,0,,,,,,,,,,,,,,,,https://kwatch.dev/charts,a40ba043ebf6dd91c5f8b9ee59a703ea56fbe776d542a2a8ff863aa711b6d3e9,scanned,
397,prometheus-community/prometheus-snmp-exporter,9.14.0,,none,none,source-scanned,no-current-recipe,no-package-proof,no-variants,not-proved,not-in-catalog,none,,"create recipe, package, variants, rendered digest, scans, and receipts",tpl;capabilities,,,none,,,not-yet-proved,P2 recipe/render/install policy,8,0,0,1,0,0,0,0,0,0,0,1,0,1,0,0,0,0,0,0,0,0,0,false,0,,0,0,0,,,,,,,,,,,,,,,,https://prometheus-community.github.io/helm-charts,d2720be8fcb16192bd5fb571748e660c9daf0873e0270da4fc1fedf9199c6f21,scanned,
398,netapp-trident/trident-operator,100.2602.1,,none,none,source-scanned,no-current-recipe,no-package-proof,no-variants,not-proved,not-in-catalog,none,,"create recipe, package, variants, rendered digest, scans, and receipts",lookup;generated-facts;crds;cluster-rbac,,,none,,,not-yet-proved,P1 compiler policy needed,22,0,0,1,1,2,2,0,0,1,0,0,0,0,0,2,6,0,0,0,0,0,0,false,0,,0,0,0,,,,,,,,,,,,,,,,https://netapp.github.io/trident-helm-chart,a5434a0ba33a1effde3893378857bf8ab055f107d305f4c2f6ac97b98d856fac,scanned,
399,weaviate/weaviate,17.8.0,,none,none,source-scanned,no-current-recipe,no-package-proof,no-variants,not-proved,not-in-catalog,none,,"create recipe, package, variants, rendered digest, scans, and receipts",lookup;generated-facts;stateful-storage,,,none,,,not-yet-proved,P1 compiler policy needed,24,0,0,1,2,1,1,2,0,0,16,0,0,0,0,0,0,0,0,1,0,22,0,false,0,,0,0,0,,,,,,,,,,,,,,,,https://weaviate.github.io/weaviate-helm,e66093b4e707636dd4ee1e6663e6f0cc2998ca1762ff05526bb259968a4d31f5,scanned,
400,community-charts/actualbudget,1.8.7,,none,none,source-scanned,no-current-recipe,no-package-proof,no-variants,not-proved,not-in-catalog,none,,"create recipe, package, variants, rendered digest, scans, and receipts",capabilities;stateful-storage,,,none,,,not-yet-proved,P2 recipe/render/install policy,12,0,0,2,0,1,0,0,0,0,2,0,0,6,0,0,0,0,0,0,1,1,0,true,0,,0,0,0,,,,,,,,,,,,,,,,https://community-charts.github.io/helm-charts,f51fc562452b86c6bcfee2b1f87e914d69e05ef2b48e827d702c9036d638e16c,scanned,
401,chatwoot/chatwoot,2.0.23,,none,none,source-scanned,no-current-recipe,no-package-proof,no-variants,not-proved,not-in-catalog,none,,"create recipe, package, variants, rendered digest, scans, and receipts",lookup;generated-facts;tpl;capabilities;stateful-storage,,,none,,,source-risk-no-proof,P0 source/dependency risk,64,1,0,5,21,1,13,16,4,1,8,26,2,10,0,0,0,0,0,6,1,5,3,true,2,,0,0,0,,,,,,,,,,,,,,,,https://chatwoot.github.io/charts/,f9cd54c8e21ce07032b827190694923d348f214ceb27bd272cf320e876cc793d,scanned,
402,kubitodev/cloudflared,1.7.7,,none,none,source-scanned,no-current-recipe,no-package-proof,no-variants,not-proved,not-in-catalog,none,,"create recipe, package, variants, rendered digest, scans, and receipts",capabilities,,,none,,,not-yet-proved,P2 recipe/render/install policy,7,0,0,1,0,0,0,0,0,0,7,0,2,0,0,0,0,0,0,0,0,1,0,false,0,,0,0,0,,,,,,,,,,,,,,,,https://charts.kubito.dev,5ed34eaac31d9cd3529a2aa961ae4343d29beaca526883601fd7cb11a9022035,scanned,
403,forgejo-runner/forgejo-runner,0.7.6,,none,none,source-scanned,no-current-recipe,no-package-proof,no-variants,not-proved,not-in-catalog,none,,"create recipe, package, variants, rendered digest, scans, and receipts",plain-ish,,,none,,,not-yet-proved,P2 recipe/render/install policy,3,0,0,0,0,0,0,0,0,0,1,0,0,0,0,0,0,0,0,0,0,3,0,false,0,,0,0,0,,,,,,,,,,,,,,,,oci://codeberg.org/wrenix/helm-charts/forgejo-runner,5c14f08ed045495deb95ce3b24125bdbe81e06721dd69243196cefaff43e4c11,scanned,"Error: looks like ""oci://codeberg.org/wrenix/helm-charts/forgejo-runner"" is not a valid chart repository or cannot be reached: failed to perform ""FetchReference"" on source: invalid reference
"
404,geek-cookbook/home-assistant,13.5.0,,none,none,source-scanned,no-current-recipe,no-package-proof,no-variants,not-proved,not-in-catalog,none,,"create recipe, package, variants, rendered digest, scans, and receipts",lookup;generated-facts;tpl;capabilities;stateful-storage,,,none,,,source-risk-no-proof,P0 source/dependency risk,60,1,0,4,22,1,8,20,2,0,31,48,0,7,0,0,0,0,0,5,3,11,4,true,3,,0,0,0,,,,,,,,,,,,,,,,https://geek-cookbook.github.io/charts/,7668248a031ea8fb8485698d756713c96d01791fc72ba4018ad04944b765b43f,scanned,
405,wiremind/karma,2.12.2,,none,none,source-scanned,no-current-recipe,no-package-proof,no-variants,not-proved,not-in-catalog,none,,"create recipe, package, variants, rendered digest, scans, and receipts",tpl;capabilities,,,none,,,not-yet-proved,P2 recipe/render/install policy,11,0,0,1,0,0,0,0,0,0,1,6,1,0,0,0,0,0,0,0,0,0,0,false,0,,0,0,0,,,,,,,,,,,,,,,,https://wiremind.github.io/wiremind-helm-charts,205d16b5dae51a69e2f7aab2306c1f07b3ded903f2d02f9765bb6b07e07850ef,scanned,
406,deliveryhero/kube-downscaler,0.7.6,,none,none,source-scanned,no-current-recipe,no-package-proof,no-variants,not-proved,not-in-catalog,none,,"create recipe, package, variants, rendered digest, scans, and receipts",capabilities;cluster-rbac,,,none,,,not-yet-proved,P2 recipe/render/install policy,9,0,0,2,0,1,0,0,0,0,0,0,0,2,0,0,2,0,0,0,0,0,0,false,0,,0,0,0,,,,,,,,,,,,,,,,https://raw.githubusercontent.com/deliveryhero/helm-charts/refs/heads/master/,38a71d672f181f5e8f6e58c858c2e2ae60e30b81fed3e0b3515dc433671c39fa,scanned,
407,ananace-charts/lemmy,0.6.13,,none,none,source-scanned,no-current-recipe,no-package-proof,no-variants,not-proved,not-in-catalog,none,,"create recipe, package, variants, rendered digest, scans, and receipts",lookup;generated-facts;tpl;capabilities;stateful-storage,,,none,,,source-risk-no-proof,P0 source/dependency risk,60,1,0,4,10,1,9,8,2,0,15,19,0,8,0,0,0,0,0,2,3,6,1,true,2,,0,0,0,,,,,,,,,,,,,,,,https://ananace.gitlab.io/charts,10b20643e25a553e00cfee09ff79605d1d57272c1d7ee126484fb3dcebcda93e,scanned,
408,gabe565/paperless-ngx,0.24.1,,none,none,source-scanned,no-current-recipe,no-package-proof,no-variants,not-proved,not-in-catalog,none,,"create recipe, package, variants, rendered digest, scans, and receipts",lookup;generated-facts;tpl;capabilities;stateful-storage,,,none,,,source-risk-no-proof,P0 source/dependency risk,64,1,0,5,26,1,14,17,6,3,42,56,2,7,0,0,0,0,0,8,8,15,4,true,3,,0,0,0,,,,,,,,,,,,,,,,https://charts.gabe565.com,f9f43cda92bd0ab2d16001707adf76da1c816b7e3bd8f8e97a387d9c5a87003d,scanned,
409,hirosystems/stacks-blockchain-api,6.5.1,,none,none,source-scanned,no-current-recipe,no-package-proof,no-variants,not-proved,not-in-catalog,none,,"create recipe, package, variants, rendered digest, scans, and receipts",lookup;generated-facts;tpl;capabilities;cluster-rbac;stateful-storage,,,none,,,source-risk-no-proof,P0 source/dependency risk,65,1,0,5,29,2,12,21,8,0,5,37,6,5,0,0,2,0,0,5,4,11,4,true,7,,0,0,0,,,,,,,,,,,,,,,,https://charts.hiro.so/hirosystems,2edb06f24a29e1dbc7e26afffeed39f5042ebaf324ba7b13e672f9a34119ece4,scanned,
410,cloudpirates-valkey/valkey,0.21.1,,none,none,source-scanned,no-current-recipe,no-package-proof,no-variants,not-proved,not-in-catalog,none,,"create recipe, package, variants, rendered digest, scans, and receipts",lookup;generated-facts;tpl;capabilities;stateful-storage,,,none,,,not-yet-proved,P1 compiler policy needed,40,0,0,4,1,1,2,1,0,0,5,1,1,5,0,0,0,0,0,1,0,1,1,true,0,,0,0,0,,,,,,,,,,,,,,,,oci://registry-1.docker.io/cloudpirates/valkey,f4af576d3682f60353263e3b2f96bf296727978bcf8b751129365f714ab0b849,scanned,"Error: looks like ""oci://registry-1.docker.io/cloudpirates/valkey"" is not a valid chart repository or cannot be reached: failed to perform ""FetchReference"" on source: invalid reference
"
411,victoriametrics/victoria-metrics-agent,0.39.0,,none,none,source-scanned,no-current-recipe,no-package-proof,no-variants,not-proved,not-in-catalog,none,,"create recipe, package, variants, rendered digest, scans, and receipts",tpl;capabilities;stateful-storage,,,none,,,source-risk-no-proof,P0 source/dependency risk,36,1,0,2,0,1,0,0,0,0,11,21,1,0,0,0,0,0,0,0,2,0,1,true,1,,0,0,0,,,,,,,,,,,,,,,,https://victoriametrics.github.io/helm-charts/,d18690f7efd50c2790badec609862816ea990fab60bd4ae9398af0fba6ec90ec,scanned,
412,wazuh-helm-morgoved/wazuh,1.0.23,,none,none,source-scanned,no-current-recipe,no-package-proof,no-variants,not-proved,not-in-catalog,none,,"create recipe, package, variants, rendered digest, scans, and receipts",lookup;generated-facts;tpl;hooks;cluster-rbac;webhooks;stateful-storage,,,none,,,not-yet-proved,P1 compiler policy needed,47,0,2,1,19,4,3,13,0,6,17,19,0,0,1,0,33,2,0,3,4,6,0,true,0,,0,0,0,,,,,,,,,,,,,,,,https://morgoved.github.io/wazuh-helm,59df63a70ae63672c68b3e12cd679eb7b66222f76b3e8a292568276d5b16a9b2,scanned,
413,apisix/apisix-ingress-controller,1.1.2,,none,none,source-scanned,no-current-recipe,no-package-proof,no-variants,not-proved,not-in-catalog,none,,"create recipe, package, variants, rendered digest, scans, and receipts",lookup;generated-facts;tpl;capabilities;crds;cluster-rbac;webhooks,,,none,,,not-yet-proved,P1 compiler policy needed,33,0,0,3,2,3,1,0,2,0,0,2,0,1,0,2,5,1,0,0,0,1,0,false,0,,0,0,0,,,,,,,,,,,,,,,,https://charts.apiseven.com,01837e44a1dd0c85db995f7bcab4ef00127ace8f59565f7f8400a6163b22573d,scanned,
414,jfrog/artifactory-jcr,107.146.13,,none,none,source-scanned,no-current-recipe,no-package-proof,no-variants,not-proved,not-in-catalog,none,,"create recipe, package, variants, rendered digest, scans, and receipts",lookup;generated-facts;tpl;capabilities;stateful-storage,,,none,,,source-risk-no-proof,P0 source/dependency risk,66,1,0,5,12,1,4,6,4,2,37,335,10,13,0,0,0,0,0,4,6,18,2,true,1,,0,0,0,,,,,,,,,,,,,,,,https://charts.jfrog.io,dde06ed955b5bffeae6fc7552d25db2e7bfbade2e978f2c921dcb0e4061d0665,scanned,
415,datawire/emissary-ingress,8.12.2,,none,none,source-scanned,no-current-recipe,no-package-proof,no-variants,not-proved,not-in-catalog,none,,"create recipe, package, variants, rendered digest, scans, and receipts",tpl;capabilities;cluster-rbac,,,none,,,not-yet-proved,P2 recipe/render/install policy,7,0,0,1,0,1,0,0,0,0,0,6,4,0,0,0,12,0,0,0,0,0,0,false,0,,0,0,0,,,,,,,,,,,,,,,,https://getambassador.io/,0ca988010b5caab6ed499a497898e2d3809267caab4d3c7a1b30781e5837cd91,scanned,
416,gitlab-jh/gitlab,9.11.4,,none,none,source-scanned,no-current-recipe,no-package-proof,no-variants,not-proved,not-in-catalog,none,,"create recipe, package, variants, rendered digest, scans, and receipts",lookup;generated-facts;tpl;capabilities;hooks;crds;cluster-rbac;webhooks;stateful-storage,,,none,,,source-risk-no-proof,P0 source/dependency risk,77,1,1,5,40,4,13,14,6,19,60,152,33,49,1,18,57,4,0,17,14,22,6,true,12,,0,0,0,,,,,,,,,,,,,,,,https://charts.gitlab.cn,4eeb475725b263035de97b90ee98c11f513e691522cdc05347e486cd86306976,scanned,
417,rimusz/hostpath-provisioner,0.2.13,,none,none,source-scanned,no-current-recipe,no-package-proof,no-variants,not-proved,not-in-catalog,none,,"create recipe, package, variants, rendered digest, scans, and receipts",generated-facts;cluster-rbac;stateful-storage,,,none,,,not-yet-proved,P1 compiler policy needed,10,0,0,0,2,2,0,0,0,2,0,0,0,0,0,0,2,0,0,0,1,0,0,false,0,,0,0,0,,,,,,,,,,,,,,,,https://charts.rimusz.net,fc63c56623aad0400797cbe446ab94583a108d43bdbacd495c5aa717a479ebdb,scanned,
418,imgproxy/imgproxy,1.1.0,,none,none,source-scanned,no-current-recipe,no-package-proof,no-variants,not-proved,not-in-catalog,none,,"create recipe, package, variants, rendered digest, scans, and receipts",generated-facts;tpl;capabilities,,,none,,,not-yet-proved,P1 compiler policy needed,21,0,0,2,1,0,0,0,0,1,8,1,0,5,0,0,0,0,0,0,0,2,0,false,0,,0,0,0,,,,,,,,,,,,,,,,https://helm.imgproxy.net/,5b2a4ec44041dffa4f520ffb08b6a32da41b6260c1010494f6be765afc6dcdac,scanned,
419,influxdata/influxdb,4.12.5,,none,none,source-scanned,no-current-recipe,no-package-proof,no-variants,not-proved,not-in-catalog,none,,"create recipe, package, variants, rendered digest, scans, and receipts",generated-facts;capabilities;stateful-storage,,,none,,,not-yet-proved,P1 compiler policy needed,15,0,0,1,1,1,0,1,0,0,0,0,2,0,0,0,0,0,0,2,1,1,0,false,0,,0,0,0,,,,,,,,,,,,,,,,https://helm.influxdata.com/,b04cb2839c4e85e4afc0be17433be3bc9a5cff04be5591d3c9b21f56bb2dd965,scanned,
420,postgres-operator/postgres-operator,1.15.1,,none,none,source-scanned,no-current-recipe,no-package-proof,no-variants,not-proved,not-in-catalog,none,,"create recipe, package, variants, rendered digest, scans, and receipts",tpl;crds;cluster-rbac,,,none,,,not-yet-proved,P2 recipe/render/install policy,4,0,0,0,0,2,0,0,0,0,0,14,0,0,0,3,6,0,0,0,0,0,0,false,0,,0,0,0,,,,,,,,,,,,,,,,https://opensource.zalando.com/postgres-operator/charts/postgres-operator,9f3edc3d796105c02c04eaae28a78e58fb08c1847a9de012245fd6ac2c0d2c00,scanned,
421,cetic/postgresql,0.2.5,,none,none,source-scanned,no-current-recipe,no-package-proof,no-variants,not-proved,not-in-catalog,none,,"create recipe, package, variants, rendered digest, scans, and receipts",tpl;stateful-storage,,,none,,,not-yet-proved,P2 recipe/render/install policy,5,0,0,0,0,1,0,0,0,0,0,3,0,0,0,0,0,0,0,1,0,0,0,false,0,,0,0,0,,,,,,,,,,,,,,,,https://cetic.github.io/helm-charts,c915562ca71e9db86a6f093d8a6489fa230307b89b8c68549297fa08d9e70470,scanned,
422,groundhog2k/rabbitmq,2.3.0,,none,none,source-scanned,no-current-recipe,no-package-proof,no-variants,not-proved,not-in-catalog,none,,"create recipe, package, variants, rendered digest, scans, and receipts",capabilities;stateful-storage,,,none,,,not-yet-proved,P2 recipe/render/install policy,5,0,0,1,0,1,0,0,0,0,0,0,1,0,0,0,0,0,0,1,0,0,0,false,0,,0,0,0,,,,,,,,,,,,,,,,https://groundhog2k.github.io/helm-charts/,3c21296f57a14ef6e4c1f6b6b848333e1e0175432674b6cf2456796596461a97,scanned,
423,redash/redash,4.0.1,,none,none,source-scanned,no-current-recipe,no-package-proof,no-variants,not-proved,not-in-catalog,none,,"create recipe, package, variants, rendered digest, scans, and receipts",lookup;generated-facts;tpl;capabilities;stateful-storage,,,none,,,not-yet-proved,P1 compiler policy needed,44,0,0,5,18,1,11,11,4,3,15,49,4,2,0,0,0,0,0,5,8,10,2,true,0,,0,0,0,,,,,,,,,,,,,,,,https://getredash.github.io/contrib-helm-chart/,b6627b35cb58356f7b1eb851a6345e83341693c531f0171f6fe0d45ac2d4617d,scanned,
424,halkeye/synapse,0.40.0,,none,none,source-scanned,no-current-recipe,no-package-proof,no-variants,not-proved,not-in-catalog,none,,"create recipe, package, variants, rendered digest, scans, and receipts",lookup;generated-facts;tpl;capabilities;stateful-storage,,,none,,,source-risk-no-proof,P0 source/dependency risk,60,1,0,4,16,1,11,11,4,1,16,34,0,9,0,0,0,0,0,6,2,8,2,true,4,,0,0,0,,,,,,,,,,,,,,,,https://halkeye.github.io/helm-charts/,51aee7d3f95e1b77faa0c0ef9c9533e7a72c318abad229f06b05f225eae40b68,scanned,
425,vaultwarden/vaultwarden,0.36.4,,none,none,source-scanned,no-current-recipe,no-package-proof,no-variants,not-proved,not-in-catalog,none,,"create recipe, package, variants, rendered digest, scans, and receipts",tpl;capabilities;stateful-storage,,,none,,,not-yet-proved,P2 recipe/render/install policy,17,0,0,3,0,1,0,0,0,0,0,5,1,1,0,0,0,0,0,1,1,1,0,false,0,,0,0,0,,,,,,,,,,,,,,,,https://guerzon.github.io/vaultwarden,c370907a7edd7e668263efc19048008430f5250263269c0bc4b4c5f2ac2bfd90,scanned,
426,cetic/zabbix,3.1.3,,none,none,source-scanned,no-current-recipe,no-package-proof,no-variants,not-proved,not-in-catalog,none,,"create recipe, package, variants, rendered digest, scans, and receipts",lookup;generated-facts;capabilities;stateful-storage,,,none,,,not-yet-proved,P1 compiler policy needed,33,0,0,4,2,1,1,1,0,1,0,0,3,6,0,0,0,0,0,2,0,1,0,false,0,,0,0,0,,,,,,,,,,,,,,,,https://cetic.github.io/helm-charts,63460f3f85e2a67c5f4cba4c93c684dcb86adaf30a52e6a8c9cce5011ac64299,scanned,
427,connector/connector,0.1.35,,none,none,source-scanned,no-current-recipe,no-package-proof,no-variants,not-proved,not-in-catalog,none,,"create recipe, package, variants, rendered digest, scans, and receipts",plain-ish,,,none,,,not-yet-proved,P2 recipe/render/install policy,3,0,0,0,0,0,0,0,0,0,3,0,0,0,0,0,0,0,0,0,0,1,0,false,0,,0,0,0,,,,,,,,,,,,,,,,https://twingate.github.io/helm-charts,adda3a1fe3dea9b6f68de3bad43ed6033184ab364697ec1443f0d0f1205f683e,scanned,
428,elastic/eck-stack,0.19.0,,none,none,source-scanned,no-current-recipe,no-package-proof,no-variants,not-proved,not-in-catalog,none,,"create recipe, package, variants, rendered digest, scans, and receipts",tpl;cluster-rbac,,,none,,,not-yet-proved,P2 recipe/render/install policy,8,0,0,0,0,1,0,0,0,0,29,11,0,0,0,0,3,0,0,0,0,0,0,true,0,,0,0,0,,,,,,,,,,,,,,,,https://helm.elastic.co,5291c7d49899e55e0c9e8195c9e5e60cc2e1a15f6a5910262305e7e7578bd93f,scanned,
429,kube-starrocks/kube-starrocks,1.11.4,,none,none,source-scanned,no-current-recipe,no-package-proof,no-variants,not-proved,not-in-catalog,none,,"create recipe, package, variants, rendered digest, scans, and receipts",capabilities;crds;cluster-rbac,,,none,,,not-yet-proved,P2 recipe/render/install policy,13,0,0,2,0,2,0,0,0,0,9,0,3,0,0,1,2,0,0,0,0,2,2,false,0,,0,0,0,,,,,,,,,,,,,,,,https://starrocks.github.io/starrocks-kubernetes-operator,47791c083012818d7d8cf885b2549eca4141dea7700f4ed4db387ec2a6a6d690,scanned,
430,ngrok/ngrok-operator,0.23.0,,none,none,source-scanned,no-current-recipe,no-package-proof,no-variants,not-proved,not-in-catalog,none,,"create recipe, package, variants, rendered digest, scans, and receipts",lookup;generated-facts;tpl;capabilities;cluster-rbac,,,none,,,source-risk-no-proof,P0 source/dependency risk,63,1,0,5,5,2,3,5,0,0,2,4,2,1,0,0,24,0,0,0,0,1,1,true,1,,0,0,0,,,,,,,,,,,,,,,,https://charts.ngrok.com,57c7fd2fefbda4af35f766de41a6f2b0ba44a59c5884f471f51a0e528cb6851e,scanned,
431,open-feature-operator/open-feature-operator,0.9.1,,none,none,source-scanned,no-current-recipe,no-package-proof,no-variants,not-proved,not-in-catalog,none,,"create recipe, package, variants, rendered digest, scans, and receipts",crds;cluster-rbac;webhooks,,,none,,,not-yet-proved,P2 recipe/render/install policy,3,0,0,0,0,3,0,0,0,0,0,0,0,0,0,4,7,2,0,0,0,0,0,false,0,,0,0,0,,,,,,,,,,,,,,,,https://open-feature.github.io/open-feature-operator,5358af6fd2996ef6b8eb8a3a6dfaa0291c1528a9be9a7bb97463fb7c31c80d51,scanned,
432,telepresence-oss/telepresence-oss,2.28.0,,none,none,source-scanned,no-current-recipe,no-package-proof,no-variants,not-proved,not-in-catalog,none,,"create recipe, package, variants, rendered digest, scans, and receipts",lookup;generated-facts;capabilities;cluster-rbac;webhooks,,,none,,,not-yet-proved,P1 compiler policy needed,29,0,0,2,6,2,3,0,6,0,7,0,0,4,0,0,8,1,0,0,0,1,0,false,0,,0,0,0,,,,,,,,,,,,,,,,oci://ghcr.io/telepresenceio/telepresence-oss,623247188bd3dc2fd13f0ae946c7f7deba9930877710f79e658e54b735f6f514,scanned,"Error: looks like ""oci://ghcr.io/telepresenceio/telepresence-oss"" is not a valid chart repository or cannot be reached: failed to perform ""FetchReference"" on source: invalid reference
"
433,csi-driver-smb/csi-driver-smb,1.20.1,,none,none,source-scanned,no-current-recipe,no-package-proof,no-variants,not-proved,not-in-catalog,none,,"create recipe, package, variants, rendered digest, scans, and receipts",cluster-rbac,,,none,,,not-yet-proved,P2 recipe/render/install policy,1,0,0,0,0,1,0,0,0,0,0,0,0,0,0,0,6,0,0,0,0,0,0,false,0,,0,0,0,,,,,,,,,,,,,,,,https://raw.githubusercontent.com/kubernetes-csi/csi-driver-smb/master/charts,fd5f708832805f93a9832c791ddd22cd99af2cdc04749a6e89c90355d8fe16a2,scanned,
434,evryfs-oss/dependency-track,1.5.5,,none,none,source-scanned,no-current-recipe,no-package-proof,no-variants,not-proved,not-in-catalog,none,,"create recipe, package, variants, rendered digest, scans, and receipts",lookup;generated-facts;tpl;capabilities;stateful-storage,,,none,,,source-risk-no-proof,P0 source/dependency risk,62,1,0,4,15,1,4,13,2,0,4,13,0,7,0,0,0,0,0,2,1,2,2,true,3,,0,0,0,,,,,,,,,,,,,,,,https://evryfs.github.io/helm-charts/,4a588946b1553ff42d79d9075b3b9ac8e718a7a1127850aff8506ea75d342d4c,scanned,
435,factorio-server-charts/factorio-server-charts,2.5.2,,none,none,source-scanned,no-current-recipe,no-package-proof,no-variants,not-proved,not-in-catalog,none,,"create recipe, package, variants, rendered digest, scans, and receipts",capabilities;stateful-storage,,,none,,,not-yet-proved,P2 recipe/render/install policy,9,0,0,2,0,1,0,0,0,0,0,0,0,6,0,0,0,0,0,0,1,3,0,false,0,,0,0,0,,,,,,,,,,,,,,,,https://sqljames.github.io/factorio-server-charts/,ec83aad5f451f296add109efe2c158de7ff6572403029d4a573b677375964874,scanned,
436,falcon-helm/falcon-sensor,1.36.0,,none,none,source-scanned,no-current-recipe,no-package-proof,no-variants,not-proved,not-in-catalog,none,,"create recipe, package, variants, rendered digest, scans, and receipts",lookup;generated-facts;capabilities;cluster-rbac;webhooks,,,none,,,not-yet-proved,P1 compiler policy needed,31,0,0,2,3,2,4,1,2,0,9,0,0,2,0,0,4,1,0,0,0,6,0,false,0,,0,0,0,,,,,,,,,,,,,,,,https://crowdstrike.github.io/falcon-helm,f507b58b5ab82915f808d9413ffd861bcb1e301345da745c2134532593079bcc,scanned,
437,bitnami/fluent-bit,3.1.13,,none,none,source-scanned,no-current-recipe,no-package-proof,no-variants,not-proved,not-in-catalog,none,,"create recipe, package, variants, rendered digest, scans, and receipts",lookup;generated-facts;tpl;capabilities;cluster-rbac,,,none,,,source-risk-no-proof,P0 source/dependency risk,61,1,0,5,7,1,3,5,2,0,0,4,2,1,0,0,2,0,0,0,0,2,1,true,1,,0,0,0,,,,,,,,,,,,,,,,https://charts.bitnami.com/bitnami,566716b5db56fe8840daa185300984a3c0fa092dd35f8d3b7cc685455e3e9013,scanned,
438,utkuozdemir/jellyfin,2.0.0,,none,none,source-scanned,no-current-recipe,no-package-proof,no-variants,not-proved,not-in-catalog,none,,"create recipe, package, variants, rendered digest, scans, and receipts",capabilities;stateful-storage,,,none,,,not-yet-proved,P2 recipe/render/install policy,9,0,0,2,0,1,0,0,0,0,0,0,0,6,0,0,0,0,0,0,2,1,0,false,0,,0,0,0,,,,,,,,,,,,,,,,https://utkuozdemir.org/helm-charts,d2a7ce09d693bf5154a9642aa897ab48cc31f0b457b3785da64950d78264c9f3,scanned,
439,k8gb/k8gb,0.19.0,,none,none,source-scanned,no-current-recipe,no-package-proof,no-variants,not-proved,not-in-catalog,none,,"create recipe, package, variants, rendered digest, scans, and receipts",generated-facts;tpl;capabilities;crds;cluster-rbac,,,none,,,not-yet-proved,P1 compiler policy needed,19,0,0,1,2,2,0,0,0,2,7,13,1,0,0,1,10,0,0,0,0,1,1,true,0,,0,0,0,,,,,,,,,,,,,,,,https://www.k8gb.io,e4e676ee7f9650193d69f426a922cf63715dbd0444a13e83e91d69e87591b71b,scanned,
440,k8up/k8up,4.9.0,,none,none,source-scanned,no-current-recipe,no-package-proof,no-variants,not-proved,not-in-catalog,none,,"create recipe, package, variants, rendered digest, scans, and receipts",generated-facts;crds;cluster-rbac,,,none,,,not-yet-proved,P1 compiler policy needed,10,0,0,0,2,2,0,0,0,2,0,0,0,0,0,9,7,0,0,0,0,0,0,false,0,,0,0,0,,,,,,,,,,,,,,,,https://k8up-io.github.io/k8up,66c78a074ab3f9fe4c29147d4635c1dc64f76292184404efdb859f513b66bc69,scanned,
441,linkerd2/linkerd-jaeger,30.12.11,,none,none,source-scanned,no-current-recipe,no-package-proof,no-variants,not-proved,not-in-catalog,none,,"create recipe, package, variants, rendered digest, scans, and receipts",generated-facts;cluster-rbac;webhooks,,,none,,,not-yet-proved,P1 compiler policy needed,13,0,0,0,1,2,0,0,1,0,6,0,0,0,0,0,2,1,0,0,0,1,0,true,0,,0,0,0,,,,,,,,,,,,,,,,https://helm.linkerd.io/stable,6bd18b3de1af10b4117816382fd772253f270e0e974c34a0828812aa82ce65a5,scanned,
442,neo4j-helm-charts/neo4j,2026.4.0,,none,none,source-scanned,no-current-recipe,no-package-proof,no-variants,not-proved,not-in-catalog,none,,"create recipe, package, variants, rendered digest, scans, and receipts",lookup;generated-facts;tpl;capabilities;stateful-storage,,,none,,,not-yet-proved,P1 compiler policy needed,36,0,0,3,1,1,10,1,0,0,65,2,0,2,0,0,0,0,0,1,0,2,0,false,0,,0,0,0,,,,,,,,,,,,,,,,https://neo4j.github.io/helm-charts/,781407ed1b521b1fe115526f5ee82a4a4a593855669a1a7ebb251942a0ff2c0b,scanned,
443,openclaw-helm/openclaw,1.5.39,,none,none,source-scanned,no-current-recipe,no-package-proof,no-variants,not-proved,not-in-catalog,none,,"create recipe, package, variants, rendered digest, scans, and receipts",tpl;capabilities;stateful-storage,,,none,,,not-yet-proved,P2 recipe/render/install policy,16,0,0,2,0,1,0,0,0,0,61,89,2,5,0,0,0,0,0,1,1,1,2,true,0,,0,0,0,,,,,,,,,,,,,,,,https://serhanekicii.github.io/openclaw-helm,cf72555680cfca439d6bc2baeb721e6f56b933e0c227ed8a33e7bb9ffd5acbe0,scanned,
444,helm-openldap/openldap,2.0.4,,none,none,source-scanned,no-current-recipe,no-package-proof,no-variants,not-proved,not-in-catalog,none,,"create recipe, package, variants, rendered digest, scans, and receipts",generated-facts;tpl;capabilities;stateful-storage,,,none,,,source-risk-no-proof,P0 source/dependency risk,39,1,0,2,1,1,0,1,0,0,0,2,0,1,0,0,0,0,0,1,0,2,0,false,2,,0,0,0,,,,,,,,,,,,,,,,https://jp-gouin.github.io/helm-openldap/,13d4b44af041fcc9eba8179414a73a6da517d5439a9087228a46d9bd71b74ff0,scanned,
445,stenic/openvpn-as,0.1.9,,none,none,source-scanned,no-current-recipe,no-package-proof,no-variants,not-proved,not-in-catalog,none,,"create recipe, package, variants, rendered digest, scans, and receipts",capabilities;stateful-storage,,,none,,,not-yet-proved,P2 recipe/render/install policy,9,0,0,2,0,1,0,0,0,0,0,0,0,2,0,0,0,0,0,0,1,1,0,false,0,,0,0,0,,,,,,,,,,,,,,,,https://charts.stenic.io/,e5dc06f66551ee0ebbee97e12628af56c567f5a2bcc8833fabbea07e07dbefe5,scanned,
446,prometheus-community/prometheus-cloudwatch-exporter,0.28.1,,none,none,source-scanned,no-current-recipe,no-package-proof,no-variants,not-proved,not-in-catalog,none,,"create recipe, package, variants, rendered digest, scans, and receipts",tpl;capabilities;cluster-rbac,,,none,,,not-yet-proved,P2 recipe/render/install policy,15,0,0,3,0,1,0,0,0,0,0,1,3,3,0,0,2,0,0,0,0,1,0,false,0,,0,0,0,,,,,,,,,,,,,,,,https://prometheus-community.github.io/helm-charts,08092b2ee466c626118281512da3b147206172aea72b58203e6a7eaa31aca631,scanned,
447,community-charts/pypiserver,0.1.9,,none,none,source-scanned,no-current-recipe,no-package-proof,no-variants,not-proved,not-in-catalog,none,,"create recipe, package, variants, rendered digest, scans, and receipts",capabilities,,,none,,,not-yet-proved,P2 recipe/render/install policy,8,0,0,2,0,0,0,0,0,0,0,0,0,6,0,0,0,0,0,0,0,0,0,true,0,,0,0,0,,,,,,,,,,,,,,,,https://community-charts.github.io/helm-charts,b4e7272d8daa3127025c073b5409e3f08b19eca9d9786031b75ac959b899cc6c,scanned,
448,grafana-community/tempo-distributed,2.23.0,,none,none,source-scanned,no-current-recipe,no-package-proof,no-variants,not-proved,not-in-catalog,none,,"create recipe, package, variants, rendered digest, scans, and receipts",lookup;generated-facts;tpl;capabilities;crds;cluster-rbac;webhooks;stateful-storage,,,none,,,not-yet-proved,P1 compiler policy needed,43,0,0,4,5,4,2,1,0,2,5,104,3,20,0,13,8,4,0,9,3,6,0,true,0,,0,0,0,,,,,,,,,,,,,,,,https://grafana-community.github.io/helm-charts/,675c4f979b80feb80704ab4a5e788887ec03259772203fb84cf92f4a2ef7b3d8,scanned,
449,yugabyte/yugabyte,2025.2.3,,none,none,source-scanned,no-current-recipe,no-package-proof,no-variants,not-proved,not-in-catalog,none,,"create recipe, package, variants, rendered digest, scans, and receipts",lookup;generated-facts;capabilities;stateful-storage,,,none,,,not-yet-proved,P1 compiler policy needed,28,0,0,2,3,1,2,0,2,1,8,0,1,0,0,0,0,0,0,1,0,8,0,false,0,,0,0,0,,,,,,,,,,,,,,,,https://charts.yugabyte.com,9dd0979a7f231fc5f714da2ee2dfa0d036315a75aa89e5ca5759c6c16f2d8195,scanned,
450,smallstep/autocert,1.20.7,,none,none,source-scanned,no-current-recipe,no-package-proof,no-variants,not-proved,not-in-catalog,none,,"create recipe, package, variants, rendered digest, scans, and receipts",capabilities;cluster-rbac;webhooks,,,none,,,not-yet-proved,P2 recipe/render/install policy,17,0,0,3,0,2,0,0,0,0,1,0,0,3,0,0,4,1,0,0,0,8,0,true,0,,0,0,0,,,,,,,,,,,,,,,,https://smallstep.github.io/helm-charts/,e98ab3aa23f311a995880c33d270bc05de3364b698d60ea322d9d30b5b83761a,scanned,
451,aws/aws-cloudwatch-metrics,0.0.11,,none,none,source-scanned,no-current-recipe,no-package-proof,no-variants,not-proved,not-in-catalog,none,,"create recipe, package, variants, rendered digest, scans, and receipts",cluster-rbac,,,none,,,not-yet-proved,P2 recipe/render/install policy,1,0,0,0,0,1,0,0,0,0,0,0,0,0,0,0,2,0,0,0,0,0,0,false,0,,0,0,0,,,,,,,,,,,,,,,,https://aws.github.io/eks-charts,3b2edf8038c19eb4bc5590e0337a7f76ff1c9f7266529710305b3aa3fe5cd918,scanned,
452,aws-ebs-csi-driver/aws-ebs-csi-driver,2.60.1,2.60.1,exact-chart-ref,exact,source-scanned,current-recipe-exact-version,package-proof-exists,default-only,next80-full:1 revision(s),proof-grade,not-reviewed-for-production,,add user-shaped variants before catalog promotion,tpl;capabilities;cluster-rbac,recipes/aws-ebs-csi-driver/aws-ebs-csi-driver/2.60.1/recipe.yaml,packages/aws-ebs-csi-driver/aws-ebs-csi-driver/2.60.1,machine-proof-only,,default,proof-grade-needs-variants,P2 recipe/render/install policy,18,0,0,3,0,1,0,0,0,0,3,3,11,3,0,0,14,0,0,0,0,0,0,false,0,next80-full,1,1,19,ae9f0b30339870e7bab818ea4eb299e5393416b5efd5053dd5800017373bb3a7,19/19,warn,warn,0,11,0,capability-profile;cluster-rbac;dependency-lock;helm-equivalence;lifecycle-policy;rendered-manifest-scan;source-lock;tpl-extension-slots;variant-revision,false,false,true,true,false,helmEquivalence;installGate;render;scan,,https://kubernetes-sigs.github.io/aws-ebs-csi-driver/,800d52ecc906445a8b6f3553b671edd37a5fc5355c6a8cb879ea8d043223ea7e,scanned,
453,dapr/dapr,1.18.0-rc.4,,none,none,source-scanned,no-current-recipe,no-package-proof,no-variants,not-proved,not-in-catalog,none,,"create recipe, package, variants, rendered digest, scans, and receipts",lookup;tpl;capabilities;crds;cluster-rbac;webhooks;stateful-storage,,,none,,,not-yet-proved,P1 compiler policy needed,25,0,0,2,0,4,1,0,0,0,3,55,5,0,0,7,10,1,0,2,2,1,7,false,0,,0,0,0,,,,,,,,,,,,,,,,https://dapr.github.io/helm-charts/,0f9f79cbdec550291bec598625386e51467ef08b00118868cc692bb489a88bc2,scanned,
454,dask/dask,2024.1.1,,none,none,source-scanned,no-current-recipe,no-package-proof,no-variants,not-proved,not-in-catalog,none,,"create recipe, package, variants, rendered digest, scans, and receipts",capabilities,,,none,,,not-yet-proved,P2 recipe/render/install policy,4,0,0,1,0,0,0,0,0,0,0,0,4,0,0,0,0,0,0,0,0,0,0,false,0,,0,0,0,,,,,,,,,,,,,,,,https://helm.dask.org/,33b5ef503c6cc08a8c6f641d605ff4b993ff25f7b1aa113200f7f73cdc28581e,scanned,
455,dgraph/dgraph,25.0.0-preview6,,none,none,source-scanned,no-current-recipe,no-package-proof,no-variants,not-proved,not-in-catalog,none,,"create recipe, package, variants, rendered digest, scans, and receipts",tpl;stateful-storage,,,none,,,not-yet-proved,P2 recipe/render/install policy,7,0,0,1,0,1,0,0,0,0,0,2,0,0,0,0,0,0,0,2,1,5,0,false,0,,0,0,0,,,,,,,,,,,,,,,,https://charts.dgraph.io,307246d4db8c2d89af83cbafd3396a76f9c3846735f192cbe209ac368450158c,scanned,
456,rimusz/gcloud-sqlproxy,0.25.6,,none,none,source-scanned,no-current-recipe,no-package-proof,no-variants,not-proved,not-in-catalog,none,,"create recipe, package, variants, rendered digest, scans, and receipts",tpl;capabilities;stateful-storage,,,none,,,not-yet-proved,P2 recipe/render/install policy,7,0,0,1,0,1,0,0,0,0,0,2,1,0,0,0,0,0,0,2,0,1,0,false,0,,0,0,0,,,,,,,,,,,,,,,,https://charts.rimusz.net,68aac36f4de302bf9dea3ad184f50edffb01fb537cf4e865ad62d6bcc88b150a,scanned,
457,localstack/localstack,0.7.0,,none,none,source-scanned,no-current-recipe,no-package-proof,no-variants,not-proved,not-in-catalog,none,,"create recipe, package, variants, rendered digest, scans, and receipts",lookup;generated-facts;tpl;capabilities;stateful-storage,,,none,,,source-risk-no-proof,P0 source/dependency risk,61,1,0,5,5,1,3,5,0,0,0,15,2,2,0,0,0,0,0,0,1,0,1,true,1,,0,0,0,,,,,,,,,,,,,,,,https://helm.localstack.cloud,aaeb6794278f5a04aaa50018845b0d7c6e47cac418aeac7fd85226494aa5f8fc,scanned,
458,banzaicloud-stable/logging-operator,3.17.10,,none,none,source-scan-failed,no-current-recipe,no-package-proof,no-variants,not-proved,not-in-catalog,none,,repair source acquisition before recipe proof,plain-ish,,,none,,,source-risk-no-proof,P0 blocked: archive unavailable/malformed,100,1,,,,,0,0,0,0,0,0,0,0,0,0,0,0,0,0,0,0,0,false,0,,0,0,0,,,,,,,,,,,,,,,,https://kubernetes-charts.banzaicloud.com,,failed,
459,outline/outline,0.0.9,,none,none,source-scanned,no-current-recipe,no-package-proof,no-variants,not-proved,not-in-catalog,none,,"create recipe, package, variants, rendered digest, scans, and receipts",lookup;generated-facts;tpl;capabilities;stateful-storage,,,none,,,source-risk-no-proof,P0 source/dependency risk,62,1,0,4,36,1,10,27,8,1,9,22,0,13,0,0,0,0,0,8,1,8,3,true,3,,0,0,0,,,,,,,,,,,,,,,,https://gitlab.com/api/v4/projects/30221184/packages/helm/stable/,c2a8e6f12561bcb8f3490d162ddcf467a3054ff5b5995ee7abbce2d447b6c891,scanned,
460,proxmox-csi/proxmox-csi-plugin,0.5.7,,none,none,source-scanned,no-current-recipe,no-package-proof,no-variants,not-proved,not-in-catalog,none,,"create recipe, package, variants, rendered digest, scans, and receipts",cluster-rbac,,,none,,,not-yet-proved,P2 recipe/render/install policy,4,0,0,0,0,1,0,0,0,0,2,0,0,0,0,0,4,0,0,0,0,1,0,false,0,,0,0,0,,,,,,,,,,,,,,,,oci://ghcr.io/sergelogvinov/charts/proxmox-csi-plugin,121f729deb7f1a7ae58ca735273c75d30c4d28da14e41a2e2b65f25f907172ac,scanned,"Error: looks like ""oci://ghcr.io/sergelogvinov/charts/proxmox-csi-plugin"" is not a valid chart repository or cannot be reached: failed to perform ""FetchReference"" on source: invalid reference
"
461,percona/pxc-db,1.19.2,,none,none,source-scanned,no-current-recipe,no-package-proof,no-variants,not-proved,not-in-catalog,none,,"create recipe, package, variants, rendered digest, scans, and receipts",lookup;generated-facts;tpl,,,none,,,not-yet-proved,P1 compiler policy needed,25,0,0,1,3,0,2,0,3,0,1,40,0,0,0,0,0,0,0,0,0,4,0,false,0,,0,0,0,,,,,,,,,,,,,,,,https://percona.github.io/percona-helm-charts,5285f6df55aa74998fff407099d74af48d4ca4acc075f103abe7e5ce5d889db7,scanned,
462,choerodon/skywalking,8.1.0-alpha.1,,none,none,source-scanned,no-current-recipe,no-package-proof,no-variants,not-proved,not-in-catalog,none,,"create recipe, package, variants, rendered digest, scans, and receipts",cluster-rbac,,,none,,,not-yet-proved,P2 recipe/render/install policy,1,0,0,0,0,1,0,0,0,0,0,0,0,0,0,0,2,0,0,0,0,0,0,false,0,,0,0,0,,,,,,,,,,,,,,,,https://openchart.choerodon.com.cn/choerodon/c7n,2794bd9620898ab54ec5094e84089f35fb50c0cd0889ecae1bc11b18019e2bfc,scanned,
463,amd-gpu-helm/amd-gpu,0.21.0,,none,none,source-scanned,no-current-recipe,no-package-proof,no-variants,not-proved,not-in-catalog,none,,"create recipe, package, variants, rendered digest, scans, and receipts",crds;cluster-rbac,,,none,,,source-risk-no-proof,P0 source/dependency risk,22,1,0,0,0,2,0,0,0,0,0,0,0,0,0,1,10,0,0,0,0,0,0,true,1,,0,0,0,,,,,,,,,,,,,,,,https://rocm.github.io/k8s-device-plugin/,ab21bae0b038b8fed84dcc20af37180db18cde75cee486f8c9983b8daf85b312,scanned,
464,redpanda-data/console,3.7.0,,none,none,source-scanned,no-current-recipe,no-package-proof,no-variants,not-proved,not-in-catalog,none,,"create recipe, package, variants, rendered digest, scans, and receipts",lookup;generated-facts;tpl;capabilities,,,none,,,not-yet-proved,P1 compiler policy needed,29,0,0,2,1,0,1,1,0,0,10,3,0,1,0,0,0,0,0,0,0,0,0,false,0,,0,0,0,,,,,,,,,,,,,,,,https://charts.redpanda.com,6db11f43e9db7eb45e7a3af4f2456a7581b2f580c0a85059f04872d4294ab1da,scanned,
465,elastic/eck-operator-crds,3.4.0,,none,none,source-scanned,no-current-recipe,no-package-proof,no-variants,not-proved,not-in-catalog,none,,"create recipe, package, variants, rendered digest, scans, and receipts",capabilities,,,none,,,not-yet-proved,P2 recipe/render/install policy,5,0,0,1,0,1,0,0,0,0,0,0,0,1,0,0,0,0,0,0,0,0,0,false,0,,0,0,0,,,,,,,,,,,,,,,,https://helm.elastic.co,ebb34e7134eb00aaaed2d3eb29e62c813407f6d93020a5f84f84ecdeabf080c0,scanned,
466,flagsmith/flagsmith,0.81.0,,none,none,source-scanned,no-current-recipe,no-package-proof,no-variants,not-proved,not-in-catalog,none,,"create recipe, package, variants, rendered digest, scans, and receipts",lookup;generated-facts;tpl;capabilities;stateful-storage,,,none,,,source-risk-no-proof,P0 source/dependency risk,60,1,0,4,9,1,3,7,2,0,24,35,0,11,0,0,0,0,0,3,2,7,1,true,1,,0,0,0,,,,,,,,,,,,,,,,https://flagsmith.github.io/flagsmith-charts/,8520a9303f40fd249784612750a1931a18e81c7cd513d80c9122af995ca13a13,scanned,
467,glasskube/glasskube-operator,0.12.2,,none,none,source-scanned,no-current-recipe,no-package-proof,no-variants,not-proved,not-in-catalog,none,,"create recipe, package, variants, rendered digest, scans, and receipts",lookup;generated-facts;tpl;capabilities;hooks;crds;cluster-rbac;webhooks;stateful-storage,,,none,,,source-risk-no-proof,P0 source/dependency risk,93,1,3,5,82,4,2,2,2,78,16,182,40,92,5,14,60,8,0,5,2,13,0,true,4,,0,0,0,,,,,,,,,,,,,,,,https://charts.glasskube.eu/,91d2a45d2fc0834828a75ac5d20da9d626322c4481d415b62e2b005efb808f46,scanned,
468,makeplane/plane-ce,1.5.0,,none,none,source-scanned,no-current-recipe,no-package-proof,no-variants,not-proved,not-in-catalog,none,,"create recipe, package, variants, rendered digest, scans, and receipts",generated-facts;stateful-storage,,,none,,,not-yet-proved,P1 compiler policy needed,13,0,0,1,8,1,0,0,0,8,0,0,0,0,0,0,0,0,0,4,4,7,0,false,0,,0,0,0,,,,,,,,,,,,,,,,https://helm.plane.so/,ed834ba762148cecf365bd2eed4d0f51cf4d765079b9ef26c8b34ed6fdd040fc,scanned,
469,rustfs/rustfs,0.4.0,,none,none,source-scanned,no-current-recipe,no-package-proof,no-variants,not-proved,not-in-catalog,none,,"create recipe, package, variants, rendered digest, scans, and receipts",tpl;stateful-storage,,,none,,,not-yet-proved,P2 recipe/render/install policy,8,0,0,0,0,1,0,0,0,0,3,1,0,0,0,0,0,0,0,1,2,4,0,false,0,,0,0,0,,,,,,,,,,,,,,,,https://charts.rustfs.com,1e8b2850b1cfa8d787bad455a1fec183c36b4726fd31617481f3dccd097fec99,scanned,
470,backube-helm-charts/scribe,0.2.0,,none,none,source-scanned,no-current-recipe,no-package-proof,no-variants,not-proved,not-in-catalog,none,,"create recipe, package, variants, rendered digest, scans, and receipts",capabilities;crds;cluster-rbac,,,none,,,not-yet-proved,P2 recipe/render/install policy,6,0,0,1,0,2,0,0,0,0,0,0,2,0,0,2,5,0,0,0,0,0,0,false,0,,0,0,0,,,,,,,,,,,,,,,,https://backube.github.io/helm-charts/,2a257f902583d10b21476a099c73bbc422100866cdd16a6a396613cd6b5ed83c,scanned,
471,camel-k/camel-k,2.10.1,,none,none,source-scanned,no-current-recipe,no-package-proof,no-variants,not-proved,not-in-catalog,none,,"create recipe, package, variants, rendered digest, scans, and receipts",crds;cluster-rbac,,,none,,,not-yet-proved,P2 recipe/render/install policy,2,0,0,0,0,2,0,0,0,0,0,0,0,0,0,1,16,0,0,0,0,0,0,false,0,,0,0,0,,,,,,,,,,,,,,,,https://apache.github.io/camel-k/charts/,8727f8a4d0b4385eaec55e8e581d2c4a850bf19f9316d5a227e555001e3746d2,scanned,
472,wiremind/cerebro,2.3.0,,none,none,source-scanned,no-current-recipe,no-package-proof,no-variants,not-proved,not-in-catalog,none,,"create recipe, package, variants, rendered digest, scans, and receipts",generated-facts,,,none,,,not-yet-proved,P1 compiler policy needed,8,0,0,0,1,0,0,1,0,0,0,0,0,0,0,0,0,0,0,0,0,2,0,false,0,,0,0,0,,,,,,,,,,,,,,,,https://wiremind.github.io/wiremind-helm-charts,72123817b4213de3e7c98da9e62b48c4c0c9bfb493c0277a6bc51bcc886bf4aa,scanned,
473,cert-manager-webhook-ovh/cert-manager-webhook-ovh,0.9.10,,none,none,source-scanned,no-current-recipe,no-package-proof,no-variants,not-proved,not-in-catalog,none,,"create recipe, package, variants, rendered digest, scans, and receipts",tpl;cluster-rbac,,,none,,,not-yet-proved,P2 recipe/render/install policy,9,0,0,0,0,2,0,0,0,0,12,2,0,0,0,0,5,0,1,0,0,1,0,false,0,,0,0,0,,,,,,,,,,,,,,,,https://aureq.github.io/cert-manager-webhook-ovh/,cf0564a70d4f757146e5ff7967631f5100a893d5c3505f14b3898a40d31dc43b,scanned,
474,neuvectorcharts/core,2.8.13,,none,none,source-scanned,no-current-recipe,no-package-proof,no-variants,not-proved,not-in-catalog,none,,"create recipe, package, variants, rendered digest, scans, and receipts",lookup;generated-facts;capabilities;cluster-rbac;stateful-storage,,,none,,,not-yet-proved,P1 compiler policy needed,31,0,0,3,4,3,1,1,3,0,0,0,0,157,0,0,58,0,0,0,1,6,0,false,0,,0,0,0,,,,,,,,,,,,,,,,https://neuvector.github.io/neuvector-helm/,41781a8f922bc5064d235e4aa601abc1774da4bd13003ea2da6c5baf19e6786e,scanned,
475,maikumori/gotenberg,1.21.0,,none,none,source-scanned,no-current-recipe,no-package-proof,no-variants,not-proved,not-in-catalog,none,,"create recipe, package, variants, rendered digest, scans, and receipts",capabilities,,,none,,,not-yet-proved,P2 recipe/render/install policy,4,0,0,1,0,0,0,0,0,0,0,0,2,0,0,0,0,0,0,0,0,0,0,false,0,,0,0,0,,,,,,,,,,,,,,,,https://maikumori.github.io/helm-charts/,13a7f77ac534744a3c11804441d96117eeacafc795c11df9860954d4fc823075,scanned,
476,komodor/helm-dashboard,2.0.6,,none,none,source-scanned,no-current-recipe,no-package-proof,no-variants,not-proved,not-in-catalog,none,,"create recipe, package, variants, rendered digest, scans, and receipts",lookup;capabilities;cluster-rbac;stateful-storage,,,none,,,not-yet-proved,P1 compiler policy needed,22,0,0,3,0,2,2,0,0,0,0,0,0,6,0,0,2,0,0,0,1,0,0,false,0,,0,0,0,,,,,,,,,,,,,,,,https://helm-charts.komodor.io,f50cf32af17369c5d2c3a513296d3f1ec0b44a848356c227bc1139a8ba3f9cac,scanned,
477,aws-karpenter-crd/karpenter-crd,1.12.1,,none,none,source-scanned,no-current-recipe,no-package-proof,no-variants,not-proved,not-in-catalog,none,,"create recipe, package, variants, rendered digest, scans, and receipts",plain-ish,,,none,,,not-yet-proved,P2 recipe/render/install policy,1,0,0,0,0,1,0,0,0,0,0,0,0,0,0,0,0,0,0,0,0,0,0,false,0,,0,0,0,,,,,,,,,,,,,,,,oci://public.ecr.aws/karpenter/karpenter-crd,3d92cf4a69170c80895b1e0f8203417503149685853af12bb4aceaa88ca171d0,scanned,"Error: looks like ""oci://public.ecr.aws/karpenter/karpenter-crd"" is not a valid chart repository or cannot be reached: failed to perform ""FetchReference"" on source: invalid reference
"
478,bitnami/kong,15.4.22,,none,none,source-scanned,no-current-recipe,no-package-proof,no-variants,not-proved,not-in-catalog,none,,"create recipe, package, variants, rendered digest, scans, and receipts",lookup;generated-facts;tpl;capabilities;crds;cluster-rbac;stateful-storage,,,none,,,source-risk-no-proof,P0 source/dependency risk,66,1,0,5,24,3,9,16,6,2,11,45,6,3,0,1,2,0,0,3,4,13,3,true,5,,0,0,0,,,,,,,,,,,,,,,,https://charts.bitnami.com/bitnami,80c10800f570b15526632f937d391d4417bf41fbdae004a21d558203c51ada15,scanned,
479,linkerd2/linkerd2-cni,30.12.2,,none,none,source-scanned,no-current-recipe,no-package-proof,no-variants,not-proved,not-in-catalog,none,,"create recipe, package, variants, rendered digest, scans, and receipts",cluster-rbac,,,none,,,not-yet-proved,P2 recipe/render/install policy,4,0,0,0,0,1,0,0,0,0,6,0,0,0,0,0,2,0,0,0,0,0,0,true,0,,0,0,0,,,,,,,,,,,,,,,,https://helm.linkerd.io/stable,9e23404eab820893b22f80d9753540ba81ef1dcb264726e618bf63fadfd117b0,scanned,
480,linkerd2-edge/linkerd-viz,2026.5.3,,none,none,source-scanned,no-current-recipe,no-package-proof,no-variants,not-proved,not-in-catalog,none,,"create recipe, package, variants, rendered digest, scans, and receipts",generated-facts;cluster-rbac;webhooks;stateful-storage,,,none,,,not-yet-proved,P1 compiler policy needed,15,0,0,0,2,4,0,0,2,0,14,0,0,0,0,0,15,1,1,0,1,2,0,true,0,,0,0,0,,,,,,,,,,,,,,,,https://helm.linkerd.io/edge,804c5fd5329f84659b11f01ff1dd772a884412b829286bcaa666f2e12c0c6928,scanned,
481,ebrianne/local-path-provisioner,0.0.21,,none,none,source-scan-failed,no-current-recipe,no-package-proof,no-variants,not-proved,not-in-catalog,none,,repair source acquisition before recipe proof,plain-ish,,,none,,,source-risk-no-proof,P0 blocked: archive unavailable/malformed,100,1,,,,,0,0,0,0,0,0,0,0,0,0,0,0,0,0,0,0,0,false,0,,0,0,0,,,,,,,,,,,,,,,,https://ebrianne.github.io/helm-charts,,failed,
482,minecraft-server-charts/minecraft-bedrock,2.9.0,,none,none,source-scanned,no-current-recipe,no-package-proof,no-variants,not-proved,not-in-catalog,none,,"create recipe, package, variants, rendered digest, scans, and receipts",tpl;stateful-storage,,,none,,,not-yet-proved,P2 recipe/render/install policy,5,0,0,0,0,1,0,0,0,0,0,4,0,0,0,0,0,0,0,0,1,0,0,false,0,,0,0,0,,,,,,,,,,,,,,,,https://itzg.github.io/minecraft-server-charts/,a71eeaee084fa4456884ec878e05748de82751c5c3a80bd133cfa443c2a5e314,scanned,
483,mssql/mssql,1.7.1,,none,none,source-scanned,no-current-recipe,no-package-proof,no-variants,not-proved,not-in-catalog,none,,"create recipe, package, variants, rendered digest, scans, and receipts",lookup;generated-facts;tpl;capabilities;cluster-rbac;stateful-storage,,,none,,,not-yet-proved,P1 compiler policy needed,45,0,0,5,8,2,4,6,0,2,1,13,2,2,0,0,1,0,0,1,1,1,2,true,0,,0,0,0,,,,,,,,,,,,,,,,oci://registry.gitlab.com/xrow-public/helm-mssql/charts/mssql,f1c3e1f0b486b6a6448a94b775e0e71566e0064de510de5103cd658ec349fa6a,scanned,"Error: looks like ""oci://registry.gitlab.com/xrow-public/helm-mssql/charts/mssql"" is not a valid chart repository or cannot be reached: failed to perform ""FetchReference"" on source: invalid reference
"
484,bitnami/nats,9.0.28,,none,none,source-scanned,no-current-recipe,no-package-proof,no-variants,not-proved,not-in-catalog,none,,"create recipe, package, variants, rendered digest, scans, and receipts",lookup;generated-facts;tpl;capabilities,,,none,,,source-risk-no-proof,P0 source/dependency risk,63,1,0,5,12,0,3,7,5,0,8,8,2,1,0,0,0,0,0,0,0,9,1,true,1,,0,0,0,,,,,,,,,,,,,,,,https://charts.bitnami.com/bitnami,48600e36b51558ce88db70d93dc17dd26a6ae26d42a38adab22354f0c85a1bbc,scanned,
485,jaconi/netbird,0.15.0,,none,none,source-scanned,no-current-recipe,no-package-proof,no-variants,not-proved,not-in-catalog,none,,"create recipe, package, variants, rendered digest, scans, and receipts",capabilities;stateful-storage,,,none,,,not-yet-proved,P2 recipe/render/install policy,11,0,0,2,0,1,0,0,0,0,0,0,0,21,0,0,0,0,0,0,2,0,0,false,0,,0,0,0,,,,,,,,,,,,,,,,https://charts.jaconi.io,5a91c7945d027476c17abf0be90d605eca3cdc6dc5562a47ce4d3a1d6e70af0d,scanned,
486,oobeya/oobeya,1.0.6,,none,none,source-scanned,no-current-recipe,no-package-proof,no-variants,not-proved,not-in-catalog,none,,"create recipe, package, variants, rendered digest, scans, and receipts",stateful-storage,,,none,,,not-yet-proved,P2 recipe/render/install policy,1,0,0,0,0,1,0,0,0,0,0,0,0,0,0,0,0,0,0,0,2,9,0,false,0,,0,0,0,,,,,,,,,,,,,,,,https://oobeyaio.github.io/oobeya-helm-chart/,ae9581bdf9dd064991895cd51757e4fe4c2980eb5c1499d2b944ed1f4b023b65,scanned,
487,opa-kube-mgmt/opa-kube-mgmt,11.0.7,,none,none,source-scanned,no-current-recipe,no-package-proof,no-variants,not-proved,not-in-catalog,none,,"create recipe, package, variants, rendered digest, scans, and receipts",generated-facts;tpl;capabilities;cluster-rbac,,,none,,,not-yet-proved,P1 compiler policy needed,18,0,0,1,2,1,0,0,2,0,1,1,5,0,0,0,6,0,0,0,0,3,0,false,0,,0,0,0,,,,,,,,,,,,,,,,https://open-policy-agent.github.io/kube-mgmt/charts,4388067e5a98858c945e465396aeac3f71d35b81f04e4f17eb8a298575bb1417,scanned,
488,openbao/openbao,0.28.3,,none,none,source-scanned,no-current-recipe,no-package-proof,no-variants,not-proved,not-in-catalog,none,,"create recipe, package, variants, rendered digest, scans, and receipts",tpl;capabilities;cluster-rbac;webhooks;stateful-storage,,,none,,,not-yet-proved,P2 recipe/render/install policy,21,0,0,3,0,3,0,0,0,0,0,35,3,8,0,0,5,1,0,1,2,2,0,false,0,,0,0,0,,,,,,,,,,,,,,,,https://openbao.github.io/openbao-helm,8612ab52ca1383b61dbf54c0a40691aaeba2bb9f4e542134c9ad06fce15a907c,scanned,
489,kubitodev/outline,1.2.2,,none,none,source-scanned,no-current-recipe,no-package-proof,no-variants,not-proved,not-in-catalog,none,,"create recipe, package, variants, rendered digest, scans, and receipts",lookup;generated-facts;tpl;capabilities;hooks;stateful-storage,,,none,,,source-risk-no-proof,P0 source/dependency risk,80,1,2,5,27,1,15,18,8,1,11,36,1,9,1,0,0,0,0,6,8,11,3,true,6,,0,0,0,,,,,,,,,,,,,,,,https://charts.kubito.dev,7056c6ff8fa0d0651d7d572671584f18b269271193bdf1a0380a8424dd0ebfb1,scanned,
490,prefect/prefect-server,2026.5.23002106,,none,none,source-scanned,no-current-recipe,no-package-proof,no-variants,not-proved,not-in-catalog,none,,"create recipe, package, variants, rendered digest, scans, and receipts",lookup;generated-facts;tpl;capabilities;stateful-storage,,,none,,,source-risk-no-proof,P0 source/dependency risk,64,1,0,5,22,1,14,16,4,2,25,35,5,4,0,0,0,0,0,5,8,8,3,true,2,,0,0,0,,,,,,,,,,,,,,,,https://prefecthq.github.io/prefect-helm,ee99f8ebd8776e3b828ab0c78be8c3730b2329dad183e842363ae75a3a059c6d,scanned,
491,main/raw,2.0.2,,none,none,source-scanned,no-current-recipe,no-package-proof,no-variants,not-proved,not-in-catalog,none,,"create recipe, package, variants, rendered digest, scans, and receipts",tpl;capabilities,,,none,,,not-yet-proved,P2 recipe/render/install policy,9,0,0,1,0,0,0,0,0,0,1,3,0,1,0,0,0,0,0,0,0,0,1,true,0,,0,0,0,,,,,,,,,,,,,,,,https://bedag.github.io/helm-charts/,e6143374bf874fe96987af94201222e64bdd6a303fe13395555721eeb79c52cb,scanned,
492,stalwart-mail/stalwart-mail,1.0.7,,none,none,source-scanned,no-current-recipe,no-package-proof,no-variants,not-proved,not-in-catalog,none,,"create recipe, package, variants, rendered digest, scans, and receipts",lookup;tpl;capabilities;stateful-storage,,,none,,,not-yet-proved,P1 compiler policy needed,34,0,0,4,0,1,1,0,0,0,28,7,1,18,0,0,0,0,0,1,1,2,0,true,0,,0,0,0,,,,,,,,,,,,,,,,oci://codeberg.org/wrenix/helm-charts/stalwart-mail,3b5c863d19d25c8988664d4cab375a0e916c7496ac8e76412feb02b2c0bcbf96,scanned,"Error: looks like ""oci://codeberg.org/wrenix/helm-charts/stalwart-mail"" is not a valid chart repository or cannot be reached: failed to perform ""FetchReference"" on source: invalid reference
"
493,bitnami/vault,1.9.0,,none,none,source-scanned,no-current-recipe,no-package-proof,no-variants,not-proved,not-in-catalog,none,,"create recipe, package, variants, rendered digest, scans, and receipts",lookup;generated-facts;tpl;capabilities;cluster-rbac;webhooks;stateful-storage,,,none,,,source-risk-no-proof,P0 source/dependency risk,63,1,0,5,7,3,3,5,2,0,0,4,2,1,0,0,4,1,0,1,1,2,1,true,1,,0,0,0,,,,,,,,,,,,,,,,https://charts.bitnami.com/bitnami,bdea74fb0c82e5f34e4ba6c26a874cfeaeddddb0340fbb29270ba646588657bd,scanned,
494,wireguard/wireguard,0.31.2,,none,none,source-scanned,no-current-recipe,no-package-proof,no-variants,not-proved,not-in-catalog,none,,"create recipe, package, variants, rendered digest, scans, and receipts",tpl;capabilities;hooks;stateful-storage,,,none,,,not-yet-proved,P1 compiler policy needed,21,0,1,2,0,1,0,0,0,0,0,8,0,3,1,0,0,0,0,0,1,1,0,false,0,,0,0,0,,,,,,,,,,,,,,,,https://bryopsida.github.io/wireguard-chart,cbf7db85758097ceae1f3240ca6e9a23a45cdf05189d0354f33c0188320f722f,scanned,
495,cloudpirates-zookeeper/zookeeper,0.10.3,,none,none,source-scanned,no-current-recipe,no-package-proof,no-variants,not-proved,not-in-catalog,none,,"create recipe, package, variants, rendered digest, scans, and receipts",lookup;tpl;capabilities;stateful-storage,,,none,,,not-yet-proved,P1 compiler policy needed,24,0,0,2,0,1,1,0,0,0,1,1,1,0,0,0,0,0,0,1,1,0,1,true,0,,0,0,0,,,,,,,,,,,,,,,,oci://registry-1.docker.io/cloudpirates/zookeeper,9e5f4d503e90d7e82c0ebebb51c3df99fb3bdb430086208f0da696084235bbf7,scanned,"Error: looks like ""oci://registry-1.docker.io/cloudpirates/zookeeper"" is not a valid chart repository or cannot be reached: failed to perform ""FetchReference"" on source: invalid reference
"
496,jfrog/artifactory-ha,107.146.13,,none,none,source-scanned,no-current-recipe,no-package-proof,no-variants,not-proved,not-in-catalog,none,,"create recipe, package, variants, rendered digest, scans, and receipts",lookup;generated-facts;tpl;capabilities;stateful-storage,,,none,,,source-risk-no-proof,P0 source/dependency risk,66,1,0,5,12,1,4,6,4,2,37,340,10,13,0,0,0,0,0,4,7,18,1,true,1,,0,0,0,,,,,,,,,,,,,,,,https://charts.jfrog.io,bfb07ad726862881461f575de42986325568bdbaaa2b9a5d05a9454fc72dad1e,scanned,
497,docker-mailserver/docker-mailserver,0.4.0,,none,none,source-scanned,no-current-recipe,no-package-proof,no-variants,not-proved,not-in-catalog,none,,"create recipe, package, variants, rendered digest, scans, and receipts",generated-facts;tpl;capabilities;crds;cluster-rbac,,,none,,,not-yet-proved,P1 compiler policy needed,26,0,0,3,2,2,0,0,2,0,0,13,7,3,0,3,2,0,0,0,0,3,0,true,0,,0,0,0,,,,,,,,,,,,,,,,https://docker-mailserver.github.io/docker-mailserver-helm/,38c107ea0ea18486ae5c37a862ba8cf739cb3bd9e3b471c7886029ac6cf193db,scanned,
498,datawire/edge-stack,8.13.2,,none,none,source-scanned,no-current-recipe,no-package-proof,no-variants,not-proved,not-in-catalog,none,,"create recipe, package, variants, rendered digest, scans, and receipts",tpl;capabilities;cluster-rbac,,,none,,,not-yet-proved,P2 recipe/render/install policy,9,0,0,1,0,1,0,0,0,0,0,8,6,0,0,0,14,0,0,0,0,1,1,true,0,,0,0,0,,,,,,,,,,,,,,,,https://getambassador.io/,a5a5c08255eaa41b4ba6867339c40384473f3eaef630e5214463640228e77cbe,scanned,
499,falcosecurity/falcosidekick,0.13.1,0.13.1,exact-chart-ref,exact,source-scanned,current-recipe-exact-version,package-proof-exists,default-only,next80-full:1 revision(s),proof-grade,not-reviewed-for-production,,add user-shaped variants before catalog promotion,capabilities;cluster-rbac;stateful-storage,recipes/falcosecurity/falcosidekick/0.13.1/recipe.yaml,packages/falcosecurity/falcosidekick/0.13.1,machine-proof-only,,default,proof-grade-needs-variants,P2 recipe/render/install policy,19,0,0,3,0,2,0,0,0,0,3,0,3,2,0,0,3,0,0,1,1,4,0,false,0,next80-full,1,1,6,7a657f26e36fdc7b72d0ec1ba0831010739e3f84677af99e7397a500a414d0b4,6/6,warn,warn,0,1,0,capability-profile;dependency-lock;extension-slots;helm-equivalence;lifecycle-policy;rendered-manifest-scan;secret-material;source-lock;variant-revision,false,false,true,false,true,helmEquivalence;installGate;render;scan,,https://falcosecurity.github.io/charts,8ab1a7225a1da64547b9bf04244cbaa67c10e26ed784f44740e0246947d18d9a,scanned,
500,mvisonneau/gitlab-ci-pipelines-exporter,0.3.5,,none,none,source-scanned,no-current-recipe,no-package-proof,no-variants,not-proved,not-in-catalog,none,,"create recipe, package, variants, rendered digest, scans, and receipts",lookup;generated-facts;tpl;capabilities;cluster-rbac;stateful-storage,,,none,,,source-risk-no-proof,P0 source/dependency risk,65,1,0,5,8,2,7,5,2,1,6,9,1,4,0,0,1,0,0,3,5,5,1,true,1,,0,0,0,,,,,,,,,,,,,,,,https://charts.visonneau.fr/,6cb96376d2bf39a08f73d573055c2ebdf0699f48823eb74f61bce5a7864fc423,scanned,
