chart,version,variant,catalog_status,proof_surface,image_refs,digest_pinned_refs,mutable_tag_refs,floating_latest_or_untagged_refs,needs_resolution,resolution_receipt_status,resolution_receipt_path,support_image_policy_decision_status,support_image_policy_decision_state,support_image_policy_decision_path,example_unpinned_images,rendered_sha256,rendered_path,next_action
argo-cd/argo-cd,10.1.3,default,catalog-supported,top20-catalog-supported,9,0,9,0,yes,stale-version,data/image-digest-workdown/receipts/argo-cd-argo-cd/default/image-digest-resolution.yaml,stale-version,,data/production-support-decisions/argo-cd-argo-cd/image-policy-decision.yaml,ecr-public.aws.com/docker/library/redis:8.2.3-alpine;ghcr.io/dexidp/dex:v2.45.1;quay.io/argoproj/argocd:v3.4.5,b2cbe21e58abbf285edb7710df9df299c93bb288293eed091ef7e24f83f850b5,recipes/argo-cd/argo-cd/10.1.3/revisions/default/r001/rendered/release-objects.yaml,resolve image digests and record image override/proof receipt before production OCI support
argo-cd/argo-cd,10.2.1,default,catalog-supported,top20-catalog-supported,9,0,9,0,yes,stale-version,data/image-digest-workdown/receipts/argo-cd-argo-cd/default/image-digest-resolution.yaml,stale-version,,data/production-support-decisions/argo-cd-argo-cd/image-policy-decision.yaml,ecr-public.aws.com/docker/library/redis:8.2.3-alpine;ghcr.io/dexidp/dex:v2.45.1;quay.io/argoproj/argocd:v3.4.5,a2ba05a7684443115b1516e1b01a03ebe845cdfcf956722539ae0d3f5bff8780,recipes/argo-cd/argo-cd/10.2.1/revisions/default/r001/rendered/release-objects.yaml,resolve image digests and record image override/proof receipt before production OCI support
argo-cd/argo-cd,10.7.0,default,catalog-supported,top20-catalog-supported,9,0,9,0,yes,stale-version,data/image-digest-workdown/receipts/argo-cd-argo-cd/default/image-digest-resolution.yaml,stale-version,,data/production-support-decisions/argo-cd-argo-cd/image-policy-decision.yaml,ecr-public.aws.com/docker/library/redis:8.6.4-alpine;ghcr.io/dexidp/dex:v2.45.1;quay.io/argoproj/argocd:v3.5.2,5642d162c6718874a310acebeaaa75dbd1f0825e6188418b36d8b06357fdface,recipes/argo-cd/argo-cd/10.7.0/revisions/default/r001/rendered/release-objects.yaml,resolve image digests and record image override/proof receipt before production OCI support
argo-cd/argo-cd,9.5.15,default,catalog-supported,top20-catalog-supported,9,0,9,0,yes,recorded,data/image-digest-workdown/receipts/argo-cd-argo-cd/default/image-digest-resolution.yaml,recorded,mutable-image-exception-accepted-for-target-scope,data/production-support-decisions/argo-cd-argo-cd/image-policy-decision.yaml,ecr-public.aws.com/docker/library/redis:8.2.3-alpine;ghcr.io/dexidp/dex:v2.45.1;quay.io/argoproj/argocd:v3.4.2,e52ddef5e56e347a8959dd1e8591e116479bf8aa8682c83e3753fe7355a38cc0,recipes/argo-cd/argo-cd/9.5.15/revisions/default/r001/rendered/release-objects.yaml,covered by target-scoped image policy decision; create digest-pinned base or override for stricter scopes
argo-cd/argo-cd,9.5.17,default,catalog-supported,top20-catalog-supported,9,0,9,0,yes,stale-version,data/image-digest-workdown/receipts/argo-cd-argo-cd/default/image-digest-resolution.yaml,stale-version,,data/production-support-decisions/argo-cd-argo-cd/image-policy-decision.yaml,ecr-public.aws.com/docker/library/redis:8.2.3-alpine;ghcr.io/dexidp/dex:v2.45.1;quay.io/argoproj/argocd:v3.4.3,e79d4daf30498e893d2dc41c736de2de1fe3ff3a4dc396212a86336143f80fa7,recipes/argo-cd/argo-cd/9.5.17/revisions/default/r001/rendered/release-objects.yaml,resolve image digests and record image override/proof receipt before production OCI support
argo-cd/argo-cd,10.1.3,no-crds,catalog-supported,top20-catalog-supported,9,0,9,0,yes,stale-version,data/image-digest-workdown/receipts/argo-cd-argo-cd/no-crds/image-digest-resolution.yaml,stale-version,,data/production-support-decisions/argo-cd-argo-cd/image-policy-decision.yaml,ecr-public.aws.com/docker/library/redis:8.2.3-alpine;ghcr.io/dexidp/dex:v2.45.1;quay.io/argoproj/argocd:v3.4.5,813fb156368c0a1588c666c9870f07e5441347d11af65a9d349161109ae1a5da,recipes/argo-cd/argo-cd/10.1.3/revisions/no-crds/r001/rendered/release-objects.yaml,resolve image digests and record image override/proof receipt before production OCI support
argo-cd/argo-cd,10.2.1,no-crds,catalog-supported,top20-catalog-supported,9,0,9,0,yes,stale-version,data/image-digest-workdown/receipts/argo-cd-argo-cd/no-crds/image-digest-resolution.yaml,stale-version,,data/production-support-decisions/argo-cd-argo-cd/image-policy-decision.yaml,ecr-public.aws.com/docker/library/redis:8.2.3-alpine;ghcr.io/dexidp/dex:v2.45.1;quay.io/argoproj/argocd:v3.4.5,51d717634a2d0098d0791629aad974dc79b1ec0de68e4adfe00005de2003ca14,recipes/argo-cd/argo-cd/10.2.1/revisions/no-crds/r001/rendered/release-objects.yaml,resolve image digests and record image override/proof receipt before production OCI support
argo-cd/argo-cd,10.7.0,no-crds,catalog-supported,top20-catalog-supported,9,0,9,0,yes,stale-version,data/image-digest-workdown/receipts/argo-cd-argo-cd/no-crds/image-digest-resolution.yaml,stale-version,,data/production-support-decisions/argo-cd-argo-cd/image-policy-decision.yaml,ecr-public.aws.com/docker/library/redis:8.6.4-alpine;ghcr.io/dexidp/dex:v2.45.1;quay.io/argoproj/argocd:v3.5.2,9e7f272f1f39d5c4911a02de8b72e2901ad25163f5308080b7fabb748c6e2532,recipes/argo-cd/argo-cd/10.7.0/revisions/no-crds/r001/rendered/release-objects.yaml,resolve image digests and record image override/proof receipt before production OCI support
argo-cd/argo-cd,9.5.15,no-crds,catalog-supported,top20-catalog-supported,9,0,9,0,yes,recorded,data/image-digest-workdown/receipts/argo-cd-argo-cd/no-crds/image-digest-resolution.yaml,recorded,mutable-image-exception-accepted-for-target-scope,data/production-support-decisions/argo-cd-argo-cd/image-policy-decision.yaml,ecr-public.aws.com/docker/library/redis:8.2.3-alpine;ghcr.io/dexidp/dex:v2.45.1;quay.io/argoproj/argocd:v3.4.2,23a51fb8ea2215b08a853bbb26698d80f58a5514b68d4f49cdcd870a8371fc71,recipes/argo-cd/argo-cd/9.5.15/revisions/no-crds/r001/rendered/release-objects.yaml,covered by target-scoped image policy decision; create digest-pinned base or override for stricter scopes
argo-cd/argo-cd,9.5.17,no-crds,catalog-supported,top20-catalog-supported,9,0,9,0,yes,stale-version,data/image-digest-workdown/receipts/argo-cd-argo-cd/no-crds/image-digest-resolution.yaml,stale-version,,data/production-support-decisions/argo-cd-argo-cd/image-policy-decision.yaml,ecr-public.aws.com/docker/library/redis:8.2.3-alpine;ghcr.io/dexidp/dex:v2.45.1;quay.io/argoproj/argocd:v3.4.3,58d54d31b7e52f80c4a352f48a8828fc62fc31b8e2c8aea497f756ae5ce0f9ec,recipes/argo-cd/argo-cd/9.5.17/revisions/no-crds/r001/rendered/release-objects.yaml,resolve image digests and record image override/proof receipt before production OCI support
bitnami/mongodb,19.0.7,existing-secret-replicaset,catalog-supported,top20-catalog-supported,3,3,0,0,no,missing,,recorded,no-open-image-digest-gap,data/production-support-decisions/bitnami-mongodb/image-policy-decision.yaml,,3723a87004e25f813534be469bf648b6d6b80357fb01e47e465f775dcaec9231,recipes/bitnami/mongodb/19.0.7/revisions/existing-secret-replicaset/r001/rendered/release-objects.yaml,none
bitnami/mongodb,19.0.9,existing-secret-replicaset,catalog-supported,top20-catalog-supported,3,3,0,0,no,missing,,stale-version,,data/production-support-decisions/bitnami-mongodb/image-policy-decision.yaml,,ba28659f7a827714941ba587c403de0e7afec7bf77a35512ff751bf6c2fdd3a2,recipes/bitnami/mongodb/19.0.9/revisions/existing-secret-replicaset/r001/rendered/release-objects.yaml,none
bitnami/mongodb,19.1.0,existing-secret-replicaset,catalog-supported,top20-catalog-supported,3,3,0,0,no,missing,,stale-version,,data/production-support-decisions/bitnami-mongodb/image-policy-decision.yaml,,b39a69abcab4c663d77a1176895385b5c864766a5ac19b16953d3cfd4597adcd,recipes/bitnami/mongodb/19.1.0/revisions/existing-secret-replicaset/r001/rendered/release-objects.yaml,none
bitnami/mongodb,19.0.7,static-passwords,catalog-supported,top20-catalog-supported,2,2,0,0,no,missing,,recorded,no-open-image-digest-gap,data/production-support-decisions/bitnami-mongodb/image-policy-decision.yaml,,ce99d9a7867d5cb7ea0f0f983d092600ec1bb24ce50e969d1032bdbf937e8fdf,recipes/bitnami/mongodb/19.0.7/revisions/static-passwords/r001/rendered/release-objects.yaml,none
bitnami/mongodb,19.0.9,static-passwords,catalog-supported,top20-catalog-supported,2,2,0,0,no,missing,,stale-version,,data/production-support-decisions/bitnami-mongodb/image-policy-decision.yaml,,4c5f0cd0bc6bffd0ff46b15cdb23ce44dba155120b6be46952d7da70ade25a68,recipes/bitnami/mongodb/19.0.9/revisions/static-passwords/r001/rendered/release-objects.yaml,none
bitnami/mongodb,19.1.0,static-passwords,catalog-supported,top20-catalog-supported,2,2,0,0,no,missing,,stale-version,,data/production-support-decisions/bitnami-mongodb/image-policy-decision.yaml,,2753c6bfaf61d7e60135c7a52e1e05bd4fde979c5796b4e2b54ffa2cb64c6911,recipes/bitnami/mongodb/19.1.0/revisions/static-passwords/r001/rendered/release-objects.yaml,none
bitnami/mysql,14.0.3,existing-secret,catalog-supported,top20-catalog-supported,2,0,2,0,yes,recorded,data/image-digest-workdown/receipts/bitnami-mysql/existing-secret/image-digest-resolution.yaml,recorded,mutable-image-exception-accepted-for-target-scope,data/production-support-decisions/bitnami-mysql/image-policy-decision.yaml,docker.io/bitnamilegacy/mysql:9.4.0-debian-12-r1;docker.io/bitnamilegacy/mysql:9.4.0-debian-12-r1,024c04f020fbe5cc7af518d743a68e055f999e88a6633b278adccc769c1b7fa8,recipes/bitnami/mysql/14.0.3/revisions/existing-secret/r001/rendered/release-objects.yaml,covered by target-scoped image policy decision; create digest-pinned base or override for stricter scopes
bitnami/mysql,14.0.3,static-passwords,catalog-supported,top20-catalog-supported,2,0,2,0,yes,recorded,data/image-digest-workdown/receipts/bitnami-mysql/static-passwords/image-digest-resolution.yaml,recorded,mutable-image-exception-accepted-for-target-scope,data/production-support-decisions/bitnami-mysql/image-policy-decision.yaml,docker.io/bitnamilegacy/mysql:9.4.0-debian-12-r1;docker.io/bitnamilegacy/mysql:9.4.0-debian-12-r1,04e856bfa75859dc9d8e45c61d49ad566494a7f66c257da9113ad26ca1696380,recipes/bitnami/mysql/14.0.3/revisions/static-passwords/r001/rendered/release-objects.yaml,covered by target-scoped image policy decision; create digest-pinned base or override for stricter scopes
bitnami/nginx,24.0.2,existing-tls-ingress,catalog-supported,top20-catalog-supported,2,2,0,0,no,missing,,missing,,,,cb5cdb64d2f05a0f3e2b2d07facc3d08705f86b3a34a3f52c891bdbd28d44e8f,recipes/bitnami/nginx/24.0.2/revisions/existing-tls-ingress/r001/rendered/release-objects.yaml,none
bitnami/nginx,24.0.4,existing-tls-ingress,catalog-supported,top20-catalog-supported,2,2,0,0,no,missing,,missing,,,,35c8f535452c33518088a067f035d6249750b0a67245138feaf84d728c94588f,recipes/bitnami/nginx/24.0.4/revisions/existing-tls-ingress/r001/rendered/release-objects.yaml,none
bitnami/nginx,25.0.0,existing-tls-ingress,catalog-supported,top20-catalog-supported,2,2,0,0,no,missing,,missing,,,,6cbd96e9b63ddeab378f378b86e1b7821d850144539d1a6e367eb639f2b2166e,recipes/bitnami/nginx/25.0.0/revisions/existing-tls-ingress/r001/rendered/release-objects.yaml,none
bitnami/nginx,24.0.2,http-clusterip,catalog-supported,top20-catalog-supported,2,2,0,0,no,missing,,missing,,,,7fb28597f2eea8113612fa9e67ac84760cba1e72c42a4c59e4c25d284e0a94ba,recipes/bitnami/nginx/24.0.2/revisions/http-clusterip/r001/rendered/release-objects.yaml,none
bitnami/nginx,24.0.4,http-clusterip,catalog-supported,top20-catalog-supported,2,2,0,0,no,missing,,missing,,,,5c175126acf3b7abd9fce0c17791cfce7236eac8f51e9781d20814cad14b0bac,recipes/bitnami/nginx/24.0.4/revisions/http-clusterip/r001/rendered/release-objects.yaml,none
bitnami/nginx,25.0.0,http-clusterip,catalog-supported,top20-catalog-supported,2,2,0,0,no,missing,,missing,,,,2e71065dc018fb37304a978d3bb6381f0628ac5ef4e0695b53fafe3680697780,recipes/bitnami/nginx/25.0.0/revisions/http-clusterip/r001/rendered/release-objects.yaml,none
bitnami/postgresql,18.6.10,existing-secret,catalog-supported,top20-catalog-supported,1,1,0,0,no,missing,,stale-version,,data/production-support-decisions/bitnami-postgresql/image-policy-decision.yaml,,dfbd333f2a1842ca8af06c501cf0b9719fd1b121fc5ee87b78a1cd3253f9497a,recipes/bitnami/postgresql/18.6.10/revisions/existing-secret/r001/rendered/release-objects.yaml,none
bitnami/postgresql,18.6.7,existing-secret,catalog-supported,top20-catalog-supported,1,1,0,0,no,missing,,recorded,no-open-image-digest-gap,data/production-support-decisions/bitnami-postgresql/image-policy-decision.yaml,,595ce44f8c11b10ad1817bf57141529864efd48318a6a97a6e914d3669bb90dd,recipes/bitnami/postgresql/18.6.7/revisions/existing-secret/r001/rendered/release-objects.yaml,none
bitnami/postgresql,18.7.0,existing-secret,catalog-supported,top20-catalog-supported,1,1,0,0,no,missing,,stale-version,,data/production-support-decisions/bitnami-postgresql/image-policy-decision.yaml,,bdcfa750a9553ede16f5718d0189d3616820e3ba1422eb82a8217f54c3c70dd2,recipes/bitnami/postgresql/18.7.0/revisions/existing-secret/r001/rendered/release-objects.yaml,none
bitnami/postgresql,18.6.10,static-passwords,catalog-supported,top20-catalog-supported,1,1,0,0,no,missing,,stale-version,,data/production-support-decisions/bitnami-postgresql/image-policy-decision.yaml,,3813cd50ce20e68fab8ac09137d36e9164c718df62da7eb0b3df35ede0ce7f69,recipes/bitnami/postgresql/18.6.10/revisions/static-passwords/r001/rendered/release-objects.yaml,none
bitnami/postgresql,18.6.7,static-passwords,catalog-supported,top20-catalog-supported,1,1,0,0,no,missing,,recorded,no-open-image-digest-gap,data/production-support-decisions/bitnami-postgresql/image-policy-decision.yaml,,db49bd6d27e0deaed0b9e314f0527bc2d9468b7be10f9bbdaad14593f0b65a6b,recipes/bitnami/postgresql/18.6.7/revisions/static-passwords/r001/rendered/release-objects.yaml,none
bitnami/postgresql,18.7.0,static-passwords,catalog-supported,top20-catalog-supported,1,1,0,0,no,missing,,stale-version,,data/production-support-decisions/bitnami-postgresql/image-policy-decision.yaml,,e640101bb1c3c9ee519e04bfb6e28254f7a894c6f49b394e73756b351e5b57d1,recipes/bitnami/postgresql/18.7.0/revisions/static-passwords/r001/rendered/release-objects.yaml,none
bitnami/rabbitmq,16.0.14,existing-secret,catalog-supported,top20-catalog-supported,2,0,2,0,yes,recorded,data/image-digest-workdown/receipts/bitnami-rabbitmq/existing-secret/image-digest-resolution.yaml,recorded,mutable-image-exception-accepted-for-target-scope,data/production-support-decisions/bitnami-rabbitmq/image-policy-decision.yaml,docker.io/bitnamilegacy/rabbitmq:4.1.3-debian-12-r1;docker.io/bitnamilegacy/rabbitmq:4.1.3-debian-12-r1,cdff3262264844b099e7f4421f1bbd5027360c2d23ba34667506d85255c4b6f2,recipes/bitnami/rabbitmq/16.0.14/revisions/existing-secret/r001/rendered/release-objects.yaml,covered by target-scoped image policy decision; create digest-pinned base or override for stricter scopes
bitnami/rabbitmq,16.0.14,static-passwords,catalog-supported,top20-catalog-supported,2,0,2,0,yes,recorded,data/image-digest-workdown/receipts/bitnami-rabbitmq/static-passwords/image-digest-resolution.yaml,recorded,mutable-image-exception-accepted-for-target-scope,data/production-support-decisions/bitnami-rabbitmq/image-policy-decision.yaml,docker.io/bitnamilegacy/rabbitmq:4.1.3-debian-12-r1;docker.io/bitnamilegacy/rabbitmq:4.1.3-debian-12-r1,81187ce4367f5196ddbaa35ea55b972698f8a474d78a2cdc2908b12290c89f31,recipes/bitnami/rabbitmq/16.0.14/revisions/static-passwords/r001/rendered/release-objects.yaml,covered by target-scoped image policy decision; create digest-pinned base or override for stricter scopes
bitnami/redis,25.5.3,default,catalog-supported,top20-catalog-supported,2,2,0,0,no,missing,,missing,,,,175caf404c4a005708398d2facd696a8500ef4280c47c682b7bae6273a91272e,recipes/bitnami/redis/25.5.3/revisions/default/r001/rendered/release-objects.yaml,none
bitnami/redis,27.0.0,default,catalog-supported,top20-catalog-supported,2,2,0,0,no,missing,,missing,,,,758467319ec109764b55ee730ba51a37a2196744f45f5c064f212bfc176178f0,recipes/bitnami/redis/27.0.0/revisions/default/r001/rendered/release-objects.yaml,none
bitnami/redis,25.5.3,reuse-existing-secret,catalog-supported,top20-catalog-supported,2,2,0,0,no,missing,,missing,,,,55f424589dfd8581580a51659cdf46e52180961ddbf9f6b7b244d0aacc42546f,recipes/bitnami/redis/25.5.3/revisions/reuse-existing-secret/r001/rendered/release-objects.yaml,none
bitnami/redis,27.0.0,reuse-existing-secret,catalog-supported,top20-catalog-supported,2,2,0,0,no,missing,,missing,,,,ff3e9532687b0826784a329dd1b10afea3a7bfd355bced74d5fa9064f7908eb4,recipes/bitnami/redis/27.0.0/revisions/reuse-existing-secret/r001/rendered/release-objects.yaml,none
external-secrets/external-secrets,2.10.0,default,catalog-supported,top20-catalog-supported,3,0,3,0,yes,stale-version,data/image-digest-workdown/receipts/external-secrets-external-secrets/default/image-digest-resolution.yaml,stale-version,,data/production-support-decisions/external-secrets-external-secrets/image-policy-decision.yaml,ghcr.io/external-secrets/external-secrets:v2.10.0;ghcr.io/external-secrets/external-secrets:v2.10.0;ghcr.io/external-secrets/external-secrets:v2.10.0,5836924e6c7df634a86ae7fb6b35de5133778dab0afe1d0a25f9adde2187ee2e,recipes/external-secrets/external-secrets/2.10.0/revisions/default/r001/rendered/release-objects.yaml,resolve image digests and record image override/proof receipt before production OCI support
external-secrets/external-secrets,2.5.0,default,catalog-supported,top20-catalog-supported,3,0,3,0,yes,recorded,data/image-digest-workdown/receipts/external-secrets-external-secrets/default/image-digest-resolution.yaml,recorded,mutable-image-exception-accepted-for-target-scope,data/production-support-decisions/external-secrets-external-secrets/image-policy-decision.yaml,ghcr.io/external-secrets/external-secrets:v2.5.0;ghcr.io/external-secrets/external-secrets:v2.5.0;ghcr.io/external-secrets/external-secrets:v2.5.0,f1c832a9af788c9d2a7a0b066d76a7d8af253d83f5b0fa39c1aa91271230d3db,recipes/external-secrets/external-secrets/2.5.0/revisions/default/r001/rendered/release-objects.yaml,covered by target-scoped image policy decision; create digest-pinned base or override for stricter scopes
external-secrets/external-secrets,2.7.0,default,catalog-supported,top20-catalog-supported,3,0,3,0,yes,stale-version,data/image-digest-workdown/receipts/external-secrets-external-secrets/default/image-digest-resolution.yaml,stale-version,,data/production-support-decisions/external-secrets-external-secrets/image-policy-decision.yaml,ghcr.io/external-secrets/external-secrets:v2.7.0;ghcr.io/external-secrets/external-secrets:v2.7.0;ghcr.io/external-secrets/external-secrets:v2.7.0,33f0d74470d5f0a3affc7589a1929d5dc6cd1a30b557ccfb624545820a0a0d11,recipes/external-secrets/external-secrets/2.7.0/revisions/default/r001/rendered/release-objects.yaml,resolve image digests and record image override/proof receipt before production OCI support
external-secrets/external-secrets,2.8.0,default,catalog-supported,top20-catalog-supported,3,0,3,0,yes,stale-version,data/image-digest-workdown/receipts/external-secrets-external-secrets/default/image-digest-resolution.yaml,stale-version,,data/production-support-decisions/external-secrets-external-secrets/image-policy-decision.yaml,ghcr.io/external-secrets/external-secrets:v2.8.0;ghcr.io/external-secrets/external-secrets:v2.8.0;ghcr.io/external-secrets/external-secrets:v2.8.0,bb3555fb22fc50b3cebf8a96068d20a887fcf58fc52cb3785704928cdaf40be3,recipes/external-secrets/external-secrets/2.8.0/revisions/default/r001/rendered/release-objects.yaml,resolve image digests and record image override/proof receipt before production OCI support
external-secrets/external-secrets,2.10.0,no-crds,catalog-supported,top20-catalog-supported,3,0,3,0,yes,stale-version,data/image-digest-workdown/receipts/external-secrets-external-secrets/no-crds/image-digest-resolution.yaml,stale-version,,data/production-support-decisions/external-secrets-external-secrets/image-policy-decision.yaml,ghcr.io/external-secrets/external-secrets:v2.10.0;ghcr.io/external-secrets/external-secrets:v2.10.0;ghcr.io/external-secrets/external-secrets:v2.10.0,5bee43e3c91bccbe93e20fc0f9bd47fb08e5564cb0c1f932049039d7998d24f2,recipes/external-secrets/external-secrets/2.10.0/revisions/no-crds/r001/rendered/release-objects.yaml,resolve image digests and record image override/proof receipt before production OCI support
external-secrets/external-secrets,2.5.0,no-crds,catalog-supported,top20-catalog-supported,3,0,3,0,yes,recorded,data/image-digest-workdown/receipts/external-secrets-external-secrets/no-crds/image-digest-resolution.yaml,recorded,mutable-image-exception-accepted-for-target-scope,data/production-support-decisions/external-secrets-external-secrets/image-policy-decision.yaml,ghcr.io/external-secrets/external-secrets:v2.5.0;ghcr.io/external-secrets/external-secrets:v2.5.0;ghcr.io/external-secrets/external-secrets:v2.5.0,da5857fba93e0394594d7e072b31e3cf28985392b5cc0443730a23b722d7670b,recipes/external-secrets/external-secrets/2.5.0/revisions/no-crds/r001/rendered/release-objects.yaml,covered by target-scoped image policy decision; create digest-pinned base or override for stricter scopes
external-secrets/external-secrets,2.7.0,no-crds,catalog-supported,top20-catalog-supported,3,0,3,0,yes,stale-version,data/image-digest-workdown/receipts/external-secrets-external-secrets/no-crds/image-digest-resolution.yaml,stale-version,,data/production-support-decisions/external-secrets-external-secrets/image-policy-decision.yaml,ghcr.io/external-secrets/external-secrets:v2.7.0;ghcr.io/external-secrets/external-secrets:v2.7.0;ghcr.io/external-secrets/external-secrets:v2.7.0,63eae27464b7c2c352d5b4fd8c1c7aa21c6e04cf024ca530206b0f6b2d9819d1,recipes/external-secrets/external-secrets/2.7.0/revisions/no-crds/r001/rendered/release-objects.yaml,resolve image digests and record image override/proof receipt before production OCI support
external-secrets/external-secrets,2.8.0,no-crds,catalog-supported,top20-catalog-supported,3,0,3,0,yes,stale-version,data/image-digest-workdown/receipts/external-secrets-external-secrets/no-crds/image-digest-resolution.yaml,stale-version,,data/production-support-decisions/external-secrets-external-secrets/image-policy-decision.yaml,ghcr.io/external-secrets/external-secrets:v2.8.0;ghcr.io/external-secrets/external-secrets:v2.8.0;ghcr.io/external-secrets/external-secrets:v2.8.0,75ce0bfaa1c4ed14044edbd406eaa256987967a395676e2902a280e9abfa3304,recipes/external-secrets/external-secrets/2.8.0/revisions/no-crds/r001/rendered/release-objects.yaml,resolve image digests and record image override/proof receipt before production OCI support
grafana/grafana,10.5.15,existing-secret-ingress,catalog-supported,top20-catalog-supported,1,0,1,0,yes,missing,,missing,,,docker.io/grafana/grafana:12.3.1,04b1fc4abd47d12c2eef1e06e7f4dc7cb2dd6ffd639a7a8967bda1c98a00fb60,recipes/grafana/grafana/10.5.15/revisions/existing-secret-ingress/r001/rendered/release-objects.yaml,resolve image digests and record image override/proof receipt before production OCI support
grafana/grafana,10.5.15,static-passwords,catalog-supported,top20-catalog-supported,1,0,1,0,yes,missing,,missing,,,docker.io/grafana/grafana:12.3.1,893351c9b8cad0a10b0176a946bf514a76c5895bdb2d88a31bdd53a94288066d,recipes/grafana/grafana/10.5.15/revisions/static-passwords/r001/rendered/release-objects.yaml,resolve image digests and record image override/proof receipt before production OCI support
grafana/loki,7.1.0,default,catalog-supported,top20-catalog-supported,8,0,8,0,yes,missing,,stale-version,,data/production-support-decisions/grafana-loki/image-policy-decision.yaml,docker.io/grafana/loki-canary:3.6.8;docker.io/grafana/loki:3.6.8;docker.io/kiwigrid/k8s-sidecar:2.5.0,2e25c21e656867877b5211bfb1914d335806e76df455a78f72e7ec7f8bd8b9ff,recipes/grafana/loki/7.1.0/revisions/default/r001/rendered/release-objects.yaml,resolve image digests and record image override/proof receipt before production OCI support
grafana/loki,7.3.0,default,catalog-supported,top20-catalog-supported,8,0,8,0,yes,missing,,stale-version,,data/production-support-decisions/grafana-loki/image-policy-decision.yaml,docker.io/grafana/loki-canary:3.6.12;docker.io/grafana/loki:3.6.11;docker.io/kiwigrid/k8s-sidecar:2.5.0,748a9b3329ec784fc8eeba2bc023fd9f42af37816a0e3a40fa02a4e44ae8afaa,recipes/grafana/loki/7.3.0/revisions/default/r001/rendered/release-objects.yaml,resolve image digests and record image override/proof receipt before production OCI support
grafana/loki,7.0.0,simple-scalable-minio,catalog-supported,top20-catalog-supported,11,0,11,0,yes,recorded,data/image-digest-workdown/receipts/grafana-loki/simple-scalable-minio/image-digest-resolution.yaml,recorded,mutable-image-exception-accepted-for-target-scope,data/production-support-decisions/grafana-loki/image-policy-decision.yaml,docker.io/grafana/loki-canary:3.6.7;docker.io/grafana/loki:3.6.7;docker.io/grafana/loki:3.6.7,91787d0999a776a5b32de6fa06264eb4ba43bc520a66f82234a07cdf94c2f207,recipes/grafana/loki/7.0.0/revisions/simple-scalable-minio/r001/rendered/release-objects.yaml,covered by target-scoped image policy decision; create digest-pinned base or override for stricter scopes
grafana/loki,7.0.0,single-binary-filesystem,catalog-supported,top20-catalog-supported,8,0,8,0,yes,recorded,data/image-digest-workdown/receipts/grafana-loki/single-binary-filesystem/image-digest-resolution.yaml,recorded,mutable-image-exception-accepted-for-target-scope,data/production-support-decisions/grafana-loki/image-policy-decision.yaml,docker.io/grafana/loki-canary:3.6.7;docker.io/grafana/loki:3.6.7;docker.io/kiwigrid/k8s-sidecar:2.5.0,6c1e4c38271f2c48cb66ac6e39be8643524e774fec8cf363875c66bf3ea2bb30,recipes/grafana/loki/7.0.0/revisions/single-binary-filesystem/r001/rendered/release-objects.yaml,covered by target-scoped image policy decision; create digest-pinned base or override for stricter scopes
grafana/tempo,1.24.4,local-persistent,catalog-supported,top20-catalog-supported,1,0,1,0,yes,missing,,missing,,,docker.io/grafana/tempo:2.9.0,df7ce7b40425eef8d057bdd80416ea3ae781ababe7ce6a154db74990c0f07905,recipes/grafana/tempo/1.24.4/revisions/local-persistent/r001/rendered/release-objects.yaml,resolve image digests and record image override/proof receipt before production OCI support
grafana/tempo,1.24.4,s3-query-observability,catalog-supported,top20-catalog-supported,2,0,2,0,yes,missing,,missing,,,docker.io/grafana/tempo:2.9.0;grafana/tempo-query:2.9.0,4e981336df773cdd82b2551d35d27d61f4b39e6a3df0a9a693ac81fd0d3cf8ed,recipes/grafana/tempo/1.24.4/revisions/s3-query-observability/r001/rendered/release-objects.yaml,resolve image digests and record image override/proof receipt before production OCI support
hashicorp/consul,2.0.0,default-control-plane,catalog-supported,top20-catalog-supported,4,0,4,0,yes,recorded,data/image-digest-workdown/receipts/hashicorp-consul/default-control-plane/image-digest-resolution.yaml,recorded,mutable-image-exception-accepted-for-target-scope,data/production-support-decisions/hashicorp-consul/image-policy-decision.yaml,hashicorp/consul-k8s-control-plane:2.0.0;hashicorp/consul-k8s-control-plane:2.0.0;hashicorp/consul-k8s-control-plane:2.0.0,7efa3e8b59c702c8b8fa744a0ff91198e09ad8ba0fb93a86b50c3fd9e39d29f7,recipes/hashicorp/consul/2.0.0/revisions/default-control-plane/r001/rendered/release-objects.yaml,covered by target-scoped image policy decision; create digest-pinned base or override for stricter scopes
hashicorp/consul,2.0.0,secure-mesh-existing-secrets,catalog-supported,top20-catalog-supported,11,0,11,0,yes,recorded,data/image-digest-workdown/receipts/hashicorp-consul/secure-mesh-existing-secrets/image-digest-resolution.yaml,recorded,mutable-image-exception-accepted-for-target-scope,data/production-support-decisions/hashicorp-consul/image-policy-decision.yaml,hashicorp/consul-dataplane:2.0.0;hashicorp/consul-dataplane:2.0.0;hashicorp/consul-dataplane:2.0.0,0acc8c339c2965446b754c3a9c948c4f154ca6e47b074ddc3b8d315e2cb7c468,recipes/hashicorp/consul/2.0.0/revisions/secure-mesh-existing-secrets/r001/rendered/release-objects.yaml,covered by target-scoped image policy decision; create digest-pinned base or override for stricter scopes
hashicorp/vault,0.32.0,default,catalog-supported,top20-catalog-supported,2,0,2,0,yes,missing,,missing,,,hashicorp/vault-k8s:1.7.2;hashicorp/vault:1.21.2,6de2d61c8de0c21faa951e89ec16658bcdff22e69d78075fdd394d895a5e6978,recipes/hashicorp/vault/0.32.0/revisions/default/r001/rendered/release-objects.yaml,resolve image digests and record image override/proof receipt before production OCI support
hashicorp/vault,0.32.0,dev-mode,catalog-supported,top20-catalog-supported,2,0,2,0,yes,missing,,missing,,,hashicorp/vault-k8s:1.7.2;hashicorp/vault:1.21.2,f07ae80c317a1156f1f6ae6dc849300de0ba4683eb3ffae67cdcfcd6e8072955,recipes/hashicorp/vault/0.32.0/revisions/dev-mode/r001/rendered/release-objects.yaml,resolve image digests and record image override/proof receipt before production OCI support
hashicorp/vault,0.32.0,ha-raft-ui,catalog-supported,top20-catalog-supported,2,0,2,0,yes,missing,,missing,,,hashicorp/vault-k8s:1.7.2;hashicorp/vault:1.21.2,734a212cbb2e8d11ed288d32bc8b709e859248ef5587090b04e0fa407b248b5f,recipes/hashicorp/vault/0.32.0/revisions/ha-raft-ui/r001/rendered/release-objects.yaml,resolve image digests and record image override/proof receipt before production OCI support
ingress-nginx/ingress-nginx,4.15.1,admission-disabled,catalog-supported,top20-catalog-supported,1,1,0,0,no,missing,,missing,,,,ad133758fa1985241f9dd1fe766f6ca9f17e199bf7562e37b3c2834a6588c25e,recipes/ingress-nginx/ingress-nginx/4.15.1/revisions/admission-disabled/r001/rendered/release-objects.yaml,none
ingress-nginx/ingress-nginx,4.15.1,default,catalog-supported,top20-catalog-supported,1,1,0,0,no,missing,,missing,,,,257503d94cea6b1d59e1564805f03a59c5a2d8fdf2de2b340676df03c295a80d,recipes/ingress-nginx/ingress-nginx/4.15.1/revisions/default/r001/rendered/release-objects.yaml,none
ingress-nginx/ingress-nginx,4.15.1,internal-clusterip,catalog-supported,top20-catalog-supported,1,1,0,0,no,missing,,missing,,,,a94ba2b56636baf7e732766c12c98d808b57c276156fa7a3a752b4137bf5f46a,recipes/ingress-nginx/ingress-nginx/4.15.1/revisions/internal-clusterip/r001/rendered/release-objects.yaml,none
jetstack/cert-manager,v1.20.2,crds-enabled,catalog-supported,top20-catalog-supported,3,0,3,0,yes,recorded,data/image-digest-workdown/receipts/jetstack-cert-manager/crds-enabled/image-digest-resolution.yaml,recorded,mutable-image-exception-accepted-for-target-scope,data/production-support-decisions/jetstack-cert-manager/image-policy-decision.yaml,quay.io/jetstack/cert-manager-cainjector:v1.20.2;quay.io/jetstack/cert-manager-controller:v1.20.2;quay.io/jetstack/cert-manager-webhook:v1.20.2,e288b2413bd1919173bee6afcd823be61399f101cfe2cf61f8e0df56740fefe0,recipes/jetstack/cert-manager/v1.20.2/revisions/crds-enabled/r001/rendered/release-objects.yaml,covered by target-scoped image policy decision; create digest-pinned base or override for stricter scopes
jetstack/cert-manager,v1.21.0,crds-enabled,catalog-supported,top20-catalog-supported,3,0,3,0,yes,stale-version,data/image-digest-workdown/receipts/jetstack-cert-manager/crds-enabled/image-digest-resolution.yaml,stale-version,,data/production-support-decisions/jetstack-cert-manager/image-policy-decision.yaml,quay.io/jetstack/cert-manager-cainjector:v1.21.0;quay.io/jetstack/cert-manager-controller:v1.21.0;quay.io/jetstack/cert-manager-webhook:v1.21.0,ce9f3596a16fd6af0ef68f3c292349bd4174cff361bdc2e1318901396d8f6967,recipes/jetstack/cert-manager/v1.21.0/revisions/crds-enabled/r001/rendered/release-objects.yaml,resolve image digests and record image override/proof receipt before production OCI support
jetstack/cert-manager,v1.21.1,crds-enabled,catalog-supported,top20-catalog-supported,3,0,3,0,yes,stale-version,data/image-digest-workdown/receipts/jetstack-cert-manager/crds-enabled/image-digest-resolution.yaml,stale-version,,data/production-support-decisions/jetstack-cert-manager/image-policy-decision.yaml,quay.io/jetstack/cert-manager-cainjector:v1.21.1;quay.io/jetstack/cert-manager-controller:v1.21.1;quay.io/jetstack/cert-manager-webhook:v1.21.1,b086f94f9123688449e03f4a7af2071f8f97ad4ccafa226c375fc2bb44a6c2db,recipes/jetstack/cert-manager/v1.21.1/revisions/crds-enabled/r001/rendered/release-objects.yaml,resolve image digests and record image override/proof receipt before production OCI support
jetstack/cert-manager,v1.20.2,default,catalog-supported,top20-catalog-supported,3,0,3,0,yes,recorded,data/image-digest-workdown/receipts/jetstack-cert-manager/default/image-digest-resolution.yaml,recorded,mutable-image-exception-accepted-for-target-scope,data/production-support-decisions/jetstack-cert-manager/image-policy-decision.yaml,quay.io/jetstack/cert-manager-cainjector:v1.20.2;quay.io/jetstack/cert-manager-controller:v1.20.2;quay.io/jetstack/cert-manager-webhook:v1.20.2,45029db19d75e578bec74b82a0476a6580d1f7193239a210bf4873156ac725ce,recipes/jetstack/cert-manager/v1.20.2/revisions/default/r001/rendered/release-objects.yaml,covered by target-scoped image policy decision; create digest-pinned base or override for stricter scopes
jetstack/cert-manager,v1.21.0,default,catalog-supported,top20-catalog-supported,3,0,3,0,yes,stale-version,data/image-digest-workdown/receipts/jetstack-cert-manager/default/image-digest-resolution.yaml,stale-version,,data/production-support-decisions/jetstack-cert-manager/image-policy-decision.yaml,quay.io/jetstack/cert-manager-cainjector:v1.21.0;quay.io/jetstack/cert-manager-controller:v1.21.0;quay.io/jetstack/cert-manager-webhook:v1.21.0,9e9b6442f769b8a02974ae801946207452f7f4990e873e007e4d32ec88d9cc09,recipes/jetstack/cert-manager/v1.21.0/revisions/default/r001/rendered/release-objects.yaml,resolve image digests and record image override/proof receipt before production OCI support
jetstack/cert-manager,v1.21.1,default,catalog-supported,top20-catalog-supported,3,0,3,0,yes,stale-version,data/image-digest-workdown/receipts/jetstack-cert-manager/default/image-digest-resolution.yaml,stale-version,,data/production-support-decisions/jetstack-cert-manager/image-policy-decision.yaml,quay.io/jetstack/cert-manager-cainjector:v1.21.1;quay.io/jetstack/cert-manager-controller:v1.21.1;quay.io/jetstack/cert-manager-webhook:v1.21.1,e07b13b5b7f193be263181e405388fc362e7850dc1bac9561cad4bb8f4609ad3,recipes/jetstack/cert-manager/v1.21.1/revisions/default/r001/rendered/release-objects.yaml,resolve image digests and record image override/proof receipt before production OCI support
longhorn/longhorn,1.11.2,default,catalog-supported,top20-catalog-supported,5,0,5,0,yes,recorded,data/image-digest-workdown/receipts/longhorn-longhorn/default/image-digest-resolution.yaml,recorded,mutable-image-exception-accepted-for-target-scope,data/production-support-decisions/longhorn-longhorn/image-policy-decision.yaml,docker.io/longhornio/longhorn-manager:v1.11.2;docker.io/longhornio/longhorn-manager:v1.11.2;docker.io/longhornio/longhorn-manager:v1.11.2,4a2f739775a696f5d67db6adf1f99473c60a3f5adf308ceb3ccbf222435acd90,recipes/longhorn/longhorn/1.11.2/revisions/default/r001/rendered/release-objects.yaml,covered by target-scoped image policy decision; create digest-pinned base or override for stricter scopes
longhorn/longhorn,1.12.0,default,catalog-supported,top20-catalog-supported,5,0,5,0,yes,stale-version,data/image-digest-workdown/receipts/longhorn-longhorn/default/image-digest-resolution.yaml,stale-version,,data/production-support-decisions/longhorn-longhorn/image-policy-decision.yaml,docker.io/longhornio/longhorn-manager:v1.12.0;docker.io/longhornio/longhorn-manager:v1.12.0;docker.io/longhornio/longhorn-manager:v1.12.0,5297ce7e4c7d1dcbae7404f2b3348efcb4c2d4e1b11a140de98c81eb99fe07c7,recipes/longhorn/longhorn/1.12.0/revisions/default/r001/rendered/release-objects.yaml,resolve image digests and record image override/proof receipt before production OCI support
longhorn/longhorn,1.12.1,default,catalog-supported,top20-catalog-supported,5,0,5,0,yes,stale-version,data/image-digest-workdown/receipts/longhorn-longhorn/default/image-digest-resolution.yaml,stale-version,,data/production-support-decisions/longhorn-longhorn/image-policy-decision.yaml,docker.io/longhornio/longhorn-manager:v1.12.1;docker.io/longhornio/longhorn-manager:v1.12.1;docker.io/longhornio/longhorn-manager:v1.12.1,1e1c0981fa9e52c72e1e6adac0a981b809532f423a8f095a362501a7bf77e5b8,recipes/longhorn/longhorn/1.12.1/revisions/default/r001/rendered/release-objects.yaml,resolve image digests and record image override/proof receipt before production OCI support
longhorn/longhorn,1.11.2,ui-ingress,catalog-supported,top20-catalog-supported,5,0,5,0,yes,recorded,data/image-digest-workdown/receipts/longhorn-longhorn/ui-ingress/image-digest-resolution.yaml,recorded,mutable-image-exception-accepted-for-target-scope,data/production-support-decisions/longhorn-longhorn/image-policy-decision.yaml,docker.io/longhornio/longhorn-manager:v1.11.2;docker.io/longhornio/longhorn-manager:v1.11.2;docker.io/longhornio/longhorn-manager:v1.11.2,2f6508c2bc3f2a09e1ffcb8ec71282b3e2dd52e69fe8ca80fc90ab756f9b9298,recipes/longhorn/longhorn/1.11.2/revisions/ui-ingress/r001/rendered/release-objects.yaml,covered by target-scoped image policy decision; create digest-pinned base or override for stricter scopes
metrics-server/metrics-server,3.13.0,default,catalog-supported,top20-catalog-supported,1,0,1,0,yes,recorded,data/image-digest-workdown/receipts/metrics-server-metrics-server/default/image-digest-resolution.yaml,recorded,mutable-image-exception-accepted-for-target-scope,data/production-support-decisions/metrics-server-metrics-server/image-policy-decision.yaml,registry.k8s.io/metrics-server/metrics-server:v0.8.0,97514966a1917b1ae3b597ec3a32216d0a650db7cb56d472f4e722c69c869b51,recipes/metrics-server/metrics-server/3.13.0/revisions/default/r001/rendered/release-objects.yaml,covered by target-scoped image policy decision; create digest-pinned base or override for stricter scopes
metrics-server/metrics-server,3.13.1,default,catalog-supported,top20-catalog-supported,1,0,1,0,yes,stale-version,data/image-digest-workdown/receipts/metrics-server-metrics-server/default/image-digest-resolution.yaml,stale-version,,data/production-support-decisions/metrics-server-metrics-server/image-policy-decision.yaml,registry.k8s.io/metrics-server/metrics-server:v0.8.1,ba425a0f2a88f25a0052c54d3cbfe143f399f5ee13e53e1d926d84f82066e93d,recipes/metrics-server/metrics-server/3.13.1/revisions/default/r001/rendered/release-objects.yaml,resolve image digests and record image override/proof receipt before production OCI support
metrics-server/metrics-server,3.14.0,default,catalog-supported,top20-catalog-supported,1,0,1,0,yes,stale-version,data/image-digest-workdown/receipts/metrics-server-metrics-server/default/image-digest-resolution.yaml,stale-version,,data/production-support-decisions/metrics-server-metrics-server/image-policy-decision.yaml,registry.k8s.io/metrics-server/metrics-server:v0.9.0,6e0dc279447462b6ad2ca64f6af6e40c5fac2057c1d6498933d720ffd7d810b2,recipes/metrics-server/metrics-server/3.14.0/revisions/default/r001/rendered/release-objects.yaml,resolve image digests and record image override/proof receipt before production OCI support
metrics-server/metrics-server,3.13.0,external-tls-ca,catalog-supported,top20-catalog-supported,1,0,1,0,yes,recorded,data/image-digest-workdown/receipts/metrics-server-metrics-server/external-tls-ca/image-digest-resolution.yaml,recorded,mutable-image-exception-accepted-for-target-scope,data/production-support-decisions/metrics-server-metrics-server/image-policy-decision.yaml,registry.k8s.io/metrics-server/metrics-server:v0.8.0,03497dfa266c74cd3bdbf9f884e4d255ae0f24b426a030f6290c36505a1300a4,recipes/metrics-server/metrics-server/3.13.0/revisions/external-tls-ca/r001/rendered/release-objects.yaml,covered by target-scoped image policy decision; create digest-pinned base or override for stricter scopes
metrics-server/metrics-server,3.13.1,external-tls-ca,catalog-supported,top20-catalog-supported,1,0,1,0,yes,stale-version,data/image-digest-workdown/receipts/metrics-server-metrics-server/external-tls-ca/image-digest-resolution.yaml,stale-version,,data/production-support-decisions/metrics-server-metrics-server/image-policy-decision.yaml,registry.k8s.io/metrics-server/metrics-server:v0.8.1,212865947af7715d777769dc65712ce8713c725c8ab9e805f8db55d2e345f537,recipes/metrics-server/metrics-server/3.13.1/revisions/external-tls-ca/r001/rendered/release-objects.yaml,resolve image digests and record image override/proof receipt before production OCI support
metrics-server/metrics-server,3.14.0,external-tls-ca,catalog-supported,top20-catalog-supported,1,0,1,0,yes,stale-version,data/image-digest-workdown/receipts/metrics-server-metrics-server/external-tls-ca/image-digest-resolution.yaml,stale-version,,data/production-support-decisions/metrics-server-metrics-server/image-policy-decision.yaml,registry.k8s.io/metrics-server/metrics-server:v0.9.0,3c7569acec1ac9a798aedac416aae5cbed9ac8caa28813a3cf0e373537511052,recipes/metrics-server/metrics-server/3.14.0/revisions/external-tls-ca/r001/rendered/release-objects.yaml,resolve image digests and record image override/proof receipt before production OCI support
prometheus-community/kube-prometheus-stack,84.4.0,aicr-eks-training-v0-20-0,catalog-supported,top20-catalog-supported,8,0,8,0,yes,missing,,stale-version,,data/production-support-decisions/prometheus-community-kube-prometheus-stack/image-policy-decision.yaml,docker.io/grafana/grafana:13.0.1;quay.io/kiwigrid/k8s-sidecar:2.7.1;quay.io/kiwigrid/k8s-sidecar:2.7.1,6852e478443ab96b48fa472a206e98265592ce85f8997e82f9d58b94406a7dfc,recipes/prometheus-community/kube-prometheus-stack/84.4.0/revisions/aicr-eks-training-v0-20-0/r001/rendered/release-objects.yaml,resolve image digests and record image override/proof receipt before production OCI support
prometheus-community/kube-prometheus-stack,84.4.0,aicr-eks-training-v1-0-0,catalog-supported,top20-catalog-supported,8,0,8,0,yes,missing,,stale-version,,data/production-support-decisions/prometheus-community-kube-prometheus-stack/image-policy-decision.yaml,docker.io/grafana/grafana:13.0.1;quay.io/kiwigrid/k8s-sidecar:2.7.1;quay.io/kiwigrid/k8s-sidecar:2.7.1,55c31cf72066a59e0c7f1e67c453e9487160ab7683b7320ce4ea280b00cd194a,recipes/prometheus-community/kube-prometheus-stack/84.4.0/revisions/aicr-eks-training-v1-0-0/r001/rendered/release-objects.yaml,resolve image digests and record image override/proof receipt before production OCI support
prometheus-community/kube-prometheus-stack,84.4.0,default,catalog-supported,top20-catalog-supported,8,0,8,0,yes,stale-version,data/image-digest-workdown/receipts/prometheus-community-kube-prometheus-stack/default/image-digest-resolution.yaml,stale-version,,data/production-support-decisions/prometheus-community-kube-prometheus-stack/image-policy-decision.yaml,docker.io/grafana/grafana:13.0.1;quay.io/kiwigrid/k8s-sidecar:2.7.1;quay.io/kiwigrid/k8s-sidecar:2.7.1,c5dc2d69b5f9d0163166cd07485ee067e96702856fbdb5e0af3de88df0a348db,recipes/prometheus-community/kube-prometheus-stack/84.4.0/revisions/default/r001/rendered/release-objects.yaml,resolve image digests and record image override/proof receipt before production OCI support
prometheus-community/kube-prometheus-stack,85.3.3,default,catalog-supported,top20-catalog-supported,8,0,8,0,yes,recorded,data/image-digest-workdown/receipts/prometheus-community-kube-prometheus-stack/default/image-digest-resolution.yaml,recorded,mutable-image-exception-accepted-for-target-scope,data/production-support-decisions/prometheus-community-kube-prometheus-stack/image-policy-decision.yaml,docker.io/grafana/grafana:13.0.1-security-01;quay.io/kiwigrid/k8s-sidecar:2.7.3;quay.io/kiwigrid/k8s-sidecar:2.7.3,9fac2a0e4140eee298c84ce61f13dd8ca392bb92e2037d0ef0aaa4d8015ee491,recipes/prometheus-community/kube-prometheus-stack/85.3.3/revisions/default/r001/rendered/release-objects.yaml,covered by target-scoped image policy decision; create digest-pinned base or override for stricter scopes
prometheus-community/kube-prometheus-stack,86.1.0,default,catalog-supported,top20-catalog-supported,8,0,8,0,yes,stale-version,data/image-digest-workdown/receipts/prometheus-community-kube-prometheus-stack/default/image-digest-resolution.yaml,stale-version,,data/production-support-decisions/prometheus-community-kube-prometheus-stack/image-policy-decision.yaml,docker.io/grafana/grafana:13.0.1-security-01;quay.io/kiwigrid/k8s-sidecar:2.7.3;quay.io/kiwigrid/k8s-sidecar:2.7.3,58c19d82e70831986861de45eba5697418105140625afa840f5e329f1c21d1dd,recipes/prometheus-community/kube-prometheus-stack/86.1.0/revisions/default/r001/rendered/release-objects.yaml,resolve image digests and record image override/proof receipt before production OCI support
prometheus-community/kube-prometheus-stack,87.15.1,default,catalog-supported,top20-catalog-supported,8,0,8,0,yes,stale-version,data/image-digest-workdown/receipts/prometheus-community-kube-prometheus-stack/default/image-digest-resolution.yaml,stale-version,,data/production-support-decisions/prometheus-community-kube-prometheus-stack/image-policy-decision.yaml,docker.io/grafana/grafana:13.1.0;quay.io/kiwigrid/k8s-sidecar:2.8.1;quay.io/kiwigrid/k8s-sidecar:2.8.1,97b4a93ca243b74fc8f39ac939701c5247eb24cd01d5eb5bfe86b81972759c09,recipes/prometheus-community/kube-prometheus-stack/87.15.1/revisions/default/r001/rendered/release-objects.yaml,resolve image digests and record image override/proof receipt before production OCI support
prometheus-community/kube-prometheus-stack,87.19.2,default,catalog-supported,top20-catalog-supported,8,0,8,0,yes,stale-version,data/image-digest-workdown/receipts/prometheus-community-kube-prometheus-stack/default/image-digest-resolution.yaml,stale-version,,data/production-support-decisions/prometheus-community-kube-prometheus-stack/image-policy-decision.yaml,docker.io/grafana/grafana:13.1.1;quay.io/kiwigrid/k8s-sidecar:2.8.1;quay.io/kiwigrid/k8s-sidecar:2.8.1,f93812ce23b92c73c0bcc223d5c4efd125e80430b846dc41aa874eee09f67d99,recipes/prometheus-community/kube-prometheus-stack/87.19.2/revisions/default/r001/rendered/release-objects.yaml,resolve image digests and record image override/proof receipt before production OCI support
prometheus-community/kube-prometheus-stack,88.6.3,default,catalog-supported,top20-catalog-supported,8,0,8,0,yes,stale-version,data/image-digest-workdown/receipts/prometheus-community-kube-prometheus-stack/default/image-digest-resolution.yaml,stale-version,,data/production-support-decisions/prometheus-community-kube-prometheus-stack/image-policy-decision.yaml,docker.io/grafana/grafana:13.2.0;quay.io/kiwigrid/k8s-sidecar:2.10.1;quay.io/kiwigrid/k8s-sidecar:2.10.1,7b1bb6bd944ccfff3fa9e42b82a1fe442ddffefccf28f08f670b841c12906f4d,recipes/prometheus-community/kube-prometheus-stack/88.6.3/revisions/default/r001/rendered/release-objects.yaml,resolve image digests and record image override/proof receipt before production OCI support
prometheus-community/kube-prometheus-stack,87.15.1,existing-secret,catalog-supported,top20-catalog-supported,8,0,8,0,yes,missing,,stale-version,,data/production-support-decisions/prometheus-community-kube-prometheus-stack/image-policy-decision.yaml,docker.io/grafana/grafana:13.1.0;quay.io/kiwigrid/k8s-sidecar:2.8.1;quay.io/kiwigrid/k8s-sidecar:2.8.1,7297b2aaced5ed2e6e6bd040af1114b0f4360fa4fdebbb1d63a1ce65d89edfcc,recipes/prometheus-community/kube-prometheus-stack/87.15.1/revisions/existing-secret/r001/rendered/release-objects.yaml,resolve image digests and record image override/proof receipt before production OCI support
prometheus-community/kube-prometheus-stack,87.19.2,existing-secret,catalog-supported,top20-catalog-supported,8,0,8,0,yes,missing,,stale-version,,data/production-support-decisions/prometheus-community-kube-prometheus-stack/image-policy-decision.yaml,docker.io/grafana/grafana:13.1.1;quay.io/kiwigrid/k8s-sidecar:2.8.1;quay.io/kiwigrid/k8s-sidecar:2.8.1,c0a62fce6407f18a6cbadb712a2b2570f51522f55bddc9ecaffcf30c5192ed2b,recipes/prometheus-community/kube-prometheus-stack/87.19.2/revisions/existing-secret/r001/rendered/release-objects.yaml,resolve image digests and record image override/proof receipt before production OCI support
prometheus-community/kube-prometheus-stack,88.6.3,existing-secret,catalog-supported,top20-catalog-supported,8,0,8,0,yes,missing,,stale-version,,data/production-support-decisions/prometheus-community-kube-prometheus-stack/image-policy-decision.yaml,docker.io/grafana/grafana:13.2.0;quay.io/kiwigrid/k8s-sidecar:2.10.1;quay.io/kiwigrid/k8s-sidecar:2.10.1,2aa77c122fb43a9beb0a714f6bc033d9e78f0f2151ff6c3f58193e50162c0284,recipes/prometheus-community/kube-prometheus-stack/88.6.3/revisions/existing-secret/r001/rendered/release-objects.yaml,resolve image digests and record image override/proof receipt before production OCI support
prometheus-community/kube-prometheus-stack,85.3.3,no-crds,catalog-supported,top20-catalog-supported,8,0,8,0,yes,recorded,data/image-digest-workdown/receipts/prometheus-community-kube-prometheus-stack/no-crds/image-digest-resolution.yaml,recorded,mutable-image-exception-accepted-for-target-scope,data/production-support-decisions/prometheus-community-kube-prometheus-stack/image-policy-decision.yaml,docker.io/grafana/grafana:13.0.1-security-01;quay.io/kiwigrid/k8s-sidecar:2.7.3;quay.io/kiwigrid/k8s-sidecar:2.7.3,3f6049fc2b7a40bbfb009b347880e3f319a87c9b60a6fd274220287a10167fc2,recipes/prometheus-community/kube-prometheus-stack/85.3.3/revisions/no-crds/r001/rendered/release-objects.yaml,covered by target-scoped image policy decision; create digest-pinned base or override for stricter scopes
prometheus-community/kube-prometheus-stack,86.1.0,no-crds,catalog-supported,top20-catalog-supported,8,0,8,0,yes,stale-version,data/image-digest-workdown/receipts/prometheus-community-kube-prometheus-stack/no-crds/image-digest-resolution.yaml,stale-version,,data/production-support-decisions/prometheus-community-kube-prometheus-stack/image-policy-decision.yaml,docker.io/grafana/grafana:13.0.1-security-01;quay.io/kiwigrid/k8s-sidecar:2.7.3;quay.io/kiwigrid/k8s-sidecar:2.7.3,671c6f820a2cc2b381d056f112ad1750b36d08b01e9e1ff5bc503cfa81a56e87,recipes/prometheus-community/kube-prometheus-stack/86.1.0/revisions/no-crds/r001/rendered/release-objects.yaml,resolve image digests and record image override/proof receipt before production OCI support
prometheus-community/kube-prometheus-stack,87.15.1,no-crds,catalog-supported,top20-catalog-supported,8,0,8,0,yes,stale-version,data/image-digest-workdown/receipts/prometheus-community-kube-prometheus-stack/no-crds/image-digest-resolution.yaml,stale-version,,data/production-support-decisions/prometheus-community-kube-prometheus-stack/image-policy-decision.yaml,docker.io/grafana/grafana:13.1.0;quay.io/kiwigrid/k8s-sidecar:2.8.1;quay.io/kiwigrid/k8s-sidecar:2.8.1,2c8ba25e823226825ed50e190ae7a938d33531713ec63b8dcd9ebb851a8487f2,recipes/prometheus-community/kube-prometheus-stack/87.15.1/revisions/no-crds/r001/rendered/release-objects.yaml,resolve image digests and record image override/proof receipt before production OCI support
prometheus-community/kube-prometheus-stack,87.19.2,no-crds,catalog-supported,top20-catalog-supported,8,0,8,0,yes,stale-version,data/image-digest-workdown/receipts/prometheus-community-kube-prometheus-stack/no-crds/image-digest-resolution.yaml,stale-version,,data/production-support-decisions/prometheus-community-kube-prometheus-stack/image-policy-decision.yaml,docker.io/grafana/grafana:13.1.1;quay.io/kiwigrid/k8s-sidecar:2.8.1;quay.io/kiwigrid/k8s-sidecar:2.8.1,86d54113ec12fcea838d30e7e2ff6722de375bd0f6cc0e09ab8a14078c941446,recipes/prometheus-community/kube-prometheus-stack/87.19.2/revisions/no-crds/r001/rendered/release-objects.yaml,resolve image digests and record image override/proof receipt before production OCI support
prometheus-community/kube-prometheus-stack,88.6.3,no-crds,catalog-supported,top20-catalog-supported,8,0,8,0,yes,stale-version,data/image-digest-workdown/receipts/prometheus-community-kube-prometheus-stack/no-crds/image-digest-resolution.yaml,stale-version,,data/production-support-decisions/prometheus-community-kube-prometheus-stack/image-policy-decision.yaml,docker.io/grafana/grafana:13.2.0;quay.io/kiwigrid/k8s-sidecar:2.10.1;quay.io/kiwigrid/k8s-sidecar:2.10.1,3927a5c00b43122e4126947dd428d621a93e6e972c22a78b1033c40f39722959,recipes/prometheus-community/kube-prometheus-stack/88.6.3/revisions/no-crds/r001/rendered/release-objects.yaml,resolve image digests and record image override/proof receipt before production OCI support
prometheus-community/prometheus,29.8.0,default,catalog-supported,top20-catalog-supported,6,0,6,0,yes,recorded,data/image-digest-workdown/receipts/prometheus-community-prometheus/default/image-digest-resolution.yaml,recorded,mutable-image-exception-accepted-for-target-scope,data/production-support-decisions/prometheus-community-prometheus/image-policy-decision.yaml,quay.io/prometheus-operator/prometheus-config-reloader:v0.91.0;quay.io/prometheus/alertmanager:v0.32.1;quay.io/prometheus/node-exporter:v1.11.1,c11349803ddbb44562066474dd04d47d7c5c75d083dbc96162224573f949c11b,recipes/prometheus-community/prometheus/29.8.0/revisions/default/r001/rendered/release-objects.yaml,covered by target-scoped image policy decision; create digest-pinned base or override for stricter scopes
prometheus-community/prometheus,29.9.0,default,catalog-supported,top20-catalog-supported,6,0,6,0,yes,stale-version,data/image-digest-workdown/receipts/prometheus-community-prometheus/default/image-digest-resolution.yaml,stale-version,,data/production-support-decisions/prometheus-community-prometheus/image-policy-decision.yaml,quay.io/prometheus-operator/prometheus-config-reloader:v0.91.0;quay.io/prometheus/alertmanager:v0.32.1;quay.io/prometheus/node-exporter:v1.11.1,08dacfbc1ecd3ef9956999398bbf30a7a8dd083dccde23c589853da525541d36,recipes/prometheus-community/prometheus/29.9.0/revisions/default/r001/rendered/release-objects.yaml,resolve image digests and record image override/proof receipt before production OCI support
prometheus-community/prometheus,29.8.0,server-only-ephemeral,catalog-supported,top20-catalog-supported,2,0,2,0,yes,recorded,data/image-digest-workdown/receipts/prometheus-community-prometheus/server-only-ephemeral/image-digest-resolution.yaml,recorded,mutable-image-exception-accepted-for-target-scope,data/production-support-decisions/prometheus-community-prometheus/image-policy-decision.yaml,quay.io/prometheus-operator/prometheus-config-reloader:v0.91.0;quay.io/prometheus/prometheus:v3.11.3,174e1729753ef551fa059f86111cfd87653ea2380dc879238cf5cc4987e78812,recipes/prometheus-community/prometheus/29.8.0/revisions/server-only-ephemeral/r001/rendered/release-objects.yaml,covered by target-scoped image policy decision; create digest-pinned base or override for stricter scopes
prometheus-community/prometheus,29.9.0,server-only-ephemeral,catalog-supported,top20-catalog-supported,2,0,2,0,yes,stale-version,data/image-digest-workdown/receipts/prometheus-community-prometheus/server-only-ephemeral/image-digest-resolution.yaml,stale-version,,data/production-support-decisions/prometheus-community-prometheus/image-policy-decision.yaml,quay.io/prometheus-operator/prometheus-config-reloader:v0.91.0;quay.io/prometheus/prometheus:v3.12.0,a1ff9f44451cc28aaeed183a5d36fdf2551dbc4647714a2565c30d9512a4af8b,recipes/prometheus-community/prometheus/29.9.0/revisions/server-only-ephemeral/r001/rendered/release-objects.yaml,resolve image digests and record image override/proof receipt before production OCI support
secrets-store-csi-driver/secrets-store-csi-driver,1.6.0,default,catalog-supported,top20-catalog-supported,3,0,3,0,yes,recorded,data/image-digest-workdown/receipts/secrets-store-csi-driver-secrets-store-csi-driver/default/image-digest-resolution.yaml,recorded,mutable-image-exception-accepted-for-target-scope,data/production-support-decisions/secrets-store-csi-driver-secrets-store-csi-driver/image-policy-decision.yaml,registry.k8s.io/csi-secrets-store/driver:v1.6.0;registry.k8s.io/sig-storage/csi-node-driver-registrar:v2.16.0;registry.k8s.io/sig-storage/livenessprobe:v2.18.0,2490f14dd08f7e309f8f78cd1c2f1b05eb5b8995343b33ad6b3b243401a39ead,recipes/secrets-store-csi-driver/secrets-store-csi-driver/1.6.0/revisions/default/r001/rendered/release-objects.yaml,covered by target-scoped image policy decision; create digest-pinned base or override for stricter scopes
secrets-store-csi-driver/secrets-store-csi-driver,1.6.0,sync-secret-rotation,catalog-supported,top20-catalog-supported,3,0,3,0,yes,recorded,data/image-digest-workdown/receipts/secrets-store-csi-driver-secrets-store-csi-driver/sync-secret-rotation/image-digest-resolution.yaml,recorded,mutable-image-exception-accepted-for-target-scope,data/production-support-decisions/secrets-store-csi-driver-secrets-store-csi-driver/image-policy-decision.yaml,registry.k8s.io/csi-secrets-store/driver:v1.6.0;registry.k8s.io/sig-storage/csi-node-driver-registrar:v2.16.0;registry.k8s.io/sig-storage/livenessprobe:v2.18.0,3667c16d411f773ef20e51c9980d484eb770c1173092878f1b018f5b4377a182,recipes/secrets-store-csi-driver/secrets-store-csi-driver/1.6.0/revisions/sync-secret-rotation/r001/rendered/release-objects.yaml,covered by target-scoped image policy decision; create digest-pinned base or override for stricter scopes
aqua/trivy-operator,0.32.1,default,proof-grade,next80-proof-grade,1,0,1,0,yes,missing,,missing,,,mirror.gcr.io/aquasec/trivy-operator:0.30.1,4728643a42924d6af2c0b2b4f1f616938c31b6271ed7e32bac2ce36e5e339a25,recipes/aqua/trivy-operator/0.32.1/revisions/default/r001/rendered/release-objects.yaml,resolve image digests and record image override/proof receipt before production OCI support
aqua/trivy-operator,0.32.1,no-crds,proof-grade,next80-proof-grade,1,0,1,0,yes,missing,,missing,,,mirror.gcr.io/aquasec/trivy-operator:0.30.1,875c8aa838c2841aeda6fbd5ffe95e4f7e2c6a36d64194715bb4039aff0ed492,recipes/aqua/trivy-operator/0.32.1/revisions/no-crds/r001/rendered/release-objects.yaml,resolve image digests and record image override/proof receipt before production OCI support
argo-cd/argo-events,2.4.21,default,proof-grade,next80-proof-grade,1,0,1,0,yes,missing,,missing,,,quay.io/argoproj/argo-events:v1.9.10,fe5c705f2f03410df75055542a79619c82947dafbf3f1c01c05eca2fc197503b,recipes/argo-cd/argo-events/2.4.21/revisions/default/r001/rendered/release-objects.yaml,resolve image digests and record image override/proof receipt before production OCI support
argo-cd/argo-events,2.4.21,no-crds,proof-grade,next80-proof-grade,1,0,1,0,yes,missing,,missing,,,quay.io/argoproj/argo-events:v1.9.10,4858a0854eb393c136be157686a7417478ee33c88428452eaa21ad3fed65ad49,recipes/argo-cd/argo-events/2.4.21/revisions/no-crds/r001/rendered/release-objects.yaml,resolve image digests and record image override/proof receipt before production OCI support
argo-cd/argo-rollouts,2.40.9,default,proof-grade,next80-proof-grade,1,0,1,0,yes,missing,,missing,,,quay.io/argoproj/argo-rollouts:v1.9.0,cd696130d24a1a676d5bc1abb9978ff10d6d4e6e072655c6ef275453b1e85e47,recipes/argo-cd/argo-rollouts/2.40.9/revisions/default/r001/rendered/release-objects.yaml,resolve image digests and record image override/proof receipt before production OCI support
argo-cd/argo-rollouts,2.40.9,no-crds,proof-grade,next80-proof-grade,1,0,1,0,yes,missing,,missing,,,quay.io/argoproj/argo-rollouts:v1.9.0,6facde581531cc4995b342bf9b3614f4c73f5c8d9ba057ae92895db6c3813dd7,recipes/argo-cd/argo-rollouts/2.40.9/revisions/no-crds/r001/rendered/release-objects.yaml,resolve image digests and record image override/proof receipt before production OCI support
argo-cd/argo-workflows,1.0.14,controller-default-reviewed,proof-grade,next80-proof-grade,2,0,2,0,yes,missing,,missing,,,quay.io/argoproj/argocli:v4.0.5;quay.io/argoproj/workflow-controller:v4.0.5,677516f7d311ffdfcf7a4b424585cada43ba104af51ef7e283c575d8279c16bc,recipes/argo-cd/argo-workflows/1.0.14/revisions/controller-default-reviewed/r001/rendered/release-objects.yaml,resolve image digests and record image override/proof receipt before production OCI support
argo-cd/argo-workflows,1.0.14,default,proof-grade,next80-proof-grade,2,0,2,0,yes,missing,,missing,,,quay.io/argoproj/argocli:v4.0.5;quay.io/argoproj/workflow-controller:v4.0.5,677516f7d311ffdfcf7a4b424585cada43ba104af51ef7e283c575d8279c16bc,recipes/argo-cd/argo-workflows/1.0.14/revisions/default/r001/rendered/release-objects.yaml,resolve image digests and record image override/proof receipt before production OCI support
argo-cd/argo-workflows,1.0.14,minimal-crds,proof-grade,next80-proof-grade,2,0,2,0,yes,missing,,missing,,,quay.io/argoproj/argocli:v4.0.5;quay.io/argoproj/workflow-controller:v4.0.5,8c1919f7c1841fb4dbaf12f2d110c82e4426e8e766310cc850efe81d2fb2fd4b,recipes/argo-cd/argo-workflows/1.0.14/revisions/minimal-crds/r001/rendered/release-objects.yaml,resolve image digests and record image override/proof receipt before production OCI support
argo-cd/argocd-image-updater,1.2.2,default,proof-grade,next80-proof-grade,1,0,1,0,yes,missing,,missing,,,quay.io/argoprojlabs/argocd-image-updater:v1.2.1,0b3646b69dab9a21cad5cbc550a95ffb9ac4be833cc2d076b1fd12cbe4e4eaf2,recipes/argo-cd/argocd-image-updater/1.2.2/revisions/default/r001/rendered/release-objects.yaml,resolve image digests and record image override/proof receipt before production OCI support
autoscaler/cluster-autoscaler,9.57.0,controller-default-reviewed,proof-grade,next80-proof-grade,1,0,1,0,yes,missing,,missing,,,registry.k8s.io/autoscaling/cluster-autoscaler:v1.35.0,b89d1d1b0acbcfc12528c4aa8b29451000eb5734e04818aeedabf713c958837a,recipes/autoscaler/cluster-autoscaler/9.57.0/revisions/controller-default-reviewed/r001/rendered/release-objects.yaml,resolve image digests and record image override/proof receipt before production OCI support
autoscaler/vertical-pod-autoscaler,0.9.0,default,proof-grade,next80-proof-grade,3,0,3,0,yes,missing,,missing,,,registry.k8s.io/autoscaling/vpa-admission-controller:1.6.0;registry.k8s.io/autoscaling/vpa-recommender:1.6.0;registry.k8s.io/autoscaling/vpa-updater:1.6.0,9d7307f629bdc478fa0c9bc6646359976b96d0cfd549bd66c13442facfa57490,recipes/autoscaler/vertical-pod-autoscaler/0.9.0/revisions/default/r001/rendered/release-objects.yaml,resolve image digests and record image override/proof receipt before production OCI support
autoscaler/vertical-pod-autoscaler,0.9.0,no-crds,proof-grade,next80-proof-grade,3,0,3,0,yes,missing,,missing,,,registry.k8s.io/autoscaling/vpa-admission-controller:1.6.0;registry.k8s.io/autoscaling/vpa-recommender:1.6.0;registry.k8s.io/autoscaling/vpa-updater:1.6.0,874f8d5277136c7721ff190fc6993d2f3d4de6c990ca7828c5f5e3a08d48ccf6,recipes/autoscaler/vertical-pod-autoscaler/0.9.0/revisions/no-crds/r001/rendered/release-objects.yaml,resolve image digests and record image override/proof receipt before production OCI support
aws-controllers-k8s/ec2-chart,1.18.4,default,catalog-candidate,next80-proof-grade,1,0,1,0,yes,missing,,missing,,,public.ecr.aws/aws-controllers-k8s/ec2-controller:1.18.4,f554824764fd9d781aaea445b728b209a93a190ccd8865ccdf235139377fcc59,recipes/aws-controllers-k8s/ec2-chart/1.18.4/revisions/default/r001/rendered/release-objects.yaml,resolve image digests and record image override/proof receipt before production OCI support
aws-controllers-k8s/ec2-chart,1.18.4,eks-inference,catalog-candidate,next80-proof-grade,1,0,1,0,yes,missing,,missing,,,public.ecr.aws/aws-controllers-k8s/ec2-controller:1.18.4,52eab19d8c3c6c160d3259bd15bc468fa31eb295238e0b428fda9e53b8514a7d,recipes/aws-controllers-k8s/ec2-chart/1.18.4/revisions/eks-inference/r001/rendered/release-objects.yaml,resolve image digests and record image override/proof receipt before production OCI support
aws-controllers-k8s/eks-chart,1.16.3,default,catalog-candidate,next80-proof-grade,1,0,1,0,yes,missing,,missing,,,public.ecr.aws/aws-controllers-k8s/eks-controller:1.16.3,3fe09ae2024abed56f4c85fa918c2950dc8fddc677cec46dc69b681cd43bc3a9,recipes/aws-controllers-k8s/eks-chart/1.16.3/revisions/default/r001/rendered/release-objects.yaml,resolve image digests and record image override/proof receipt before production OCI support
aws-controllers-k8s/eks-chart,1.16.3,eks-inference,catalog-candidate,next80-proof-grade,1,0,1,0,yes,missing,,missing,,,public.ecr.aws/aws-controllers-k8s/eks-controller:1.16.3,7fd0d6032acd22425401c38a877d2b949ec9c0e3e49da622c6d06c3fd2658e8e,recipes/aws-controllers-k8s/eks-chart/1.16.3/revisions/eks-inference/r001/rendered/release-objects.yaml,resolve image digests and record image override/proof receipt before production OCI support
aws-controllers-k8s/iam-chart,1.7.3,default,catalog-candidate,next80-proof-grade,1,0,1,0,yes,missing,,missing,,,public.ecr.aws/aws-controllers-k8s/iam-controller:1.7.3,350845a2ef277c599db5d4729da7c557505b39a6f6aec4be1e9d06dbb622243b,recipes/aws-controllers-k8s/iam-chart/1.7.3/revisions/default/r001/rendered/release-objects.yaml,resolve image digests and record image override/proof receipt before production OCI support
aws-controllers-k8s/iam-chart,1.7.3,eks-inference,catalog-candidate,next80-proof-grade,1,0,1,0,yes,missing,,missing,,,public.ecr.aws/aws-controllers-k8s/iam-controller:1.7.3,6f0442b679faf210cd45a2b44856acd2d96b675d5dc004f5b53f33677ec9c67d,recipes/aws-controllers-k8s/iam-chart/1.7.3/revisions/eks-inference/r001/rendered/release-objects.yaml,resolve image digests and record image override/proof receipt before production OCI support
aws-ebs-csi-driver/aws-ebs-csi-driver,2.59.0,aicr-eks-training-v0-20-0,catalog-candidate,next80-proof-grade,8,0,8,0,yes,missing,,missing,,,public.ecr.aws/csi-components/csi-attacher:v4.11.0-eksbuild.4;public.ecr.aws/csi-components/csi-node-driver-registrar:v2.16.0-eksbuild.4;public.ecr.aws/csi-components/csi-provisioner:v6.2.0-eksbuild.3,3add2198bacb315b41fe707fe68c0aa4d71551850e31dc4757fca2b750c7c6a8,recipes/aws-ebs-csi-driver/aws-ebs-csi-driver/2.59.0/revisions/aicr-eks-training-v0-20-0/r001/rendered/release-objects.yaml,resolve image digests and record image override/proof receipt before production OCI support
aws-ebs-csi-driver/aws-ebs-csi-driver,2.59.0,aicr-eks-training-v1-0-0,catalog-candidate,next80-proof-grade,8,0,8,0,yes,missing,,missing,,,public.ecr.aws/csi-components/csi-attacher:v4.11.0-eksbuild.4;public.ecr.aws/csi-components/csi-node-driver-registrar:v2.16.0-eksbuild.4;public.ecr.aws/csi-components/csi-provisioner:v6.2.0-eksbuild.3,d2e617adfa3bf225ed25b1ffff83ce69708b4c37129385ebaaddfa8154b52314,recipes/aws-ebs-csi-driver/aws-ebs-csi-driver/2.59.0/revisions/aicr-eks-training-v1-0-0/r001/rendered/release-objects.yaml,resolve image digests and record image override/proof receipt before production OCI support
aws-ebs-csi-driver/aws-ebs-csi-driver,2.59.0,default,catalog-candidate,next80-proof-grade,11,0,11,0,yes,missing,,missing,,,public.ecr.aws/csi-components/csi-attacher:v4.11.0-eksbuild.4;public.ecr.aws/csi-components/csi-node-driver-registrar:v2.16.0-eksbuild.4;public.ecr.aws/csi-components/csi-node-driver-registrar:v2.16.0-eksbuild.4,447a8575281561228f0967028733f1aece68c338afa487091e8baa3f1eeaaec1,recipes/aws-ebs-csi-driver/aws-ebs-csi-driver/2.59.0/revisions/default/r001/rendered/release-objects.yaml,resolve image digests and record image override/proof receipt before production OCI support
aws-ebs-csi-driver/aws-ebs-csi-driver,2.60.1,default,catalog-candidate,next80-proof-grade,11,0,11,0,yes,missing,,missing,,,public.ecr.aws/csi-components/csi-attacher:v4.11.0-eksbuild.6;public.ecr.aws/csi-components/csi-node-driver-registrar:v2.16.0-eksbuild.6;public.ecr.aws/csi-components/csi-node-driver-registrar:v2.16.0-eksbuild.6,ae9f0b30339870e7bab818ea4eb299e5393416b5efd5053dd5800017373bb3a7,recipes/aws-ebs-csi-driver/aws-ebs-csi-driver/2.60.1/revisions/default/r001/rendered/release-objects.yaml,resolve image digests and record image override/proof receipt before production OCI support
bitnami/apache,11.4.29,default,proof-grade,next80-proof-grade,2,0,2,0,yes,missing,,missing,,,docker.io/bitnami/apache:2.4.65-debian-12-r2;docker.io/bitnami/apache:2.4.65-debian-12-r2,0b37f6d8ae27b5b341860619b89aa3d78e02d7bd01a2271fab216d4e65be047c,recipes/bitnami/apache/11.4.29/revisions/default/r001/rendered/release-objects.yaml,resolve image digests and record image override/proof receipt before production OCI support
bitnami/apache,11.4.29,legacy,proof-grade,next80-proof-grade,2,0,2,0,yes,missing,,missing,,,docker.io/bitnamilegacy/apache:2.4.65-debian-12-r2;docker.io/bitnamilegacy/apache:2.4.65-debian-12-r2,1d068da0bd7af6230de4a414eb9abc70a895f63cfd7d79f5591d6951ece06399,recipes/bitnami/apache/11.4.29/revisions/legacy/r001/rendered/release-objects.yaml,resolve image digests and record image override/proof receipt before production OCI support
bitnami/contour,21.1.4,default,proof-grade,next80-proof-grade,4,0,4,0,yes,missing,,missing,,,docker.io/bitnami/contour:1.32.1-debian-12-r0;docker.io/bitnami/contour:1.32.1-debian-12-r0;docker.io/bitnami/contour:1.32.1-debian-12-r0,f28ab1558939812f833981bce56dfdbd7030428a4bcdd816b0eedb1bd13ffd53,recipes/bitnami/contour/21.1.4/revisions/default/r001/rendered/release-objects.yaml,resolve image digests and record image override/proof receipt before production OCI support
bitnami/contour,21.1.4,legacy,proof-grade,next80-proof-grade,4,0,4,0,yes,missing,,missing,,,docker.io/bitnamilegacy/contour:1.32.1-debian-12-r0;docker.io/bitnamilegacy/contour:1.32.1-debian-12-r0;docker.io/bitnamilegacy/contour:1.32.1-debian-12-r0,d7df93e9094b4f918f3f97621beb90909c2d8f5a64ab8dc51b8f8dce0c934123,recipes/bitnami/contour/21.1.4/revisions/legacy/r001/rendered/release-objects.yaml,resolve image digests and record image override/proof receipt before production OCI support
bitnami/contour,21.1.4,no-crds,proof-grade,next80-proof-grade,4,0,4,0,yes,missing,,missing,,,docker.io/bitnami/contour:1.32.1-debian-12-r0;docker.io/bitnami/contour:1.32.1-debian-12-r0;docker.io/bitnami/contour:1.32.1-debian-12-r0,c481362a773024134946dc9307db4819ae2ccdd46b8d71e658595b11bb42622f,recipes/bitnami/contour/21.1.4/revisions/no-crds/r001/rendered/release-objects.yaml,resolve image digests and record image override/proof receipt before production OCI support
bitnami/elasticsearch,22.1.6,default,proof-grade,next80-proof-grade,12,0,12,0,yes,missing,,missing,,,docker.io/bitnami/elasticsearch:9.1.2-debian-12-r0;docker.io/bitnami/elasticsearch:9.1.2-debian-12-r0;docker.io/bitnami/elasticsearch:9.1.2-debian-12-r0,2dea059172595f3477271eadd1aea69c4274d15a8029a55afb176cb5ffd66217,recipes/bitnami/elasticsearch/22.1.6/revisions/default/r001/rendered/release-objects.yaml,resolve image digests and record image override/proof receipt before production OCI support
bitnami/elasticsearch,22.1.6,ha,proof-grade,next80-proof-grade,12,0,12,0,yes,missing,,missing,,,docker.io/bitnami/elasticsearch:9.1.2-debian-12-r0;docker.io/bitnami/elasticsearch:9.1.2-debian-12-r0;docker.io/bitnami/elasticsearch:9.1.2-debian-12-r0,9ae3685e24863d4a3e6b8af8a7c2613d6123c927f9518be12d68370e2d0c3db4,recipes/bitnami/elasticsearch/22.1.6/revisions/ha/r001/rendered/release-objects.yaml,resolve image digests and record image override/proof receipt before production OCI support
bitnami/elasticsearch,22.1.6,legacy,proof-grade,next80-proof-grade,12,0,12,0,yes,missing,,missing,,,docker.io/bitnamilegacy/elasticsearch:9.1.2-debian-12-r0;docker.io/bitnamilegacy/elasticsearch:9.1.2-debian-12-r0;docker.io/bitnamilegacy/elasticsearch:9.1.2-debian-12-r0,84bdbaf1a905f282a240ad1a5d355a257dd11617d4921411b1a7397738923e60,recipes/bitnami/elasticsearch/22.1.6/revisions/legacy/r001/rendered/release-objects.yaml,resolve image digests and record image override/proof receipt before production OCI support
bitnami/memcached,8.5.5,default,proof-grade,next80-proof-grade,1,0,0,1,yes,missing,,missing,,,registry-1.docker.io/bitnami/memcached:latest,8cd477e08d9fdd2d56df7832f901d773af4f4313a405330180d7068cd7751558,recipes/bitnami/memcached/8.5.5/revisions/default/r001/rendered/release-objects.yaml,resolve image digests and record image override/proof receipt before production OCI support
bitnami/opensearch,2.0.10,default,proof-grade,next80-proof-grade,12,0,12,0,yes,missing,,missing,,,docker.io/bitnami/opensearch:3.2.0-debian-12-r0;docker.io/bitnami/opensearch:3.2.0-debian-12-r0;docker.io/bitnami/opensearch:3.2.0-debian-12-r0,99c0b24ee1850d1f5a4da323e9924a8a1f9d93a34a97a985d92c954836747afd,recipes/bitnami/opensearch/2.0.10/revisions/default/r001/rendered/release-objects.yaml,resolve image digests and record image override/proof receipt before production OCI support
bitnami/opensearch,2.0.10,ha,proof-grade,next80-proof-grade,12,0,12,0,yes,missing,,missing,,,docker.io/bitnami/opensearch:3.2.0-debian-12-r0;docker.io/bitnami/opensearch:3.2.0-debian-12-r0;docker.io/bitnami/opensearch:3.2.0-debian-12-r0,c419606d1875905b2e84126b7b1d5d33c18f7cf34c0dd8048ba6e9221db36564,recipes/bitnami/opensearch/2.0.10/revisions/ha/r001/rendered/release-objects.yaml,resolve image digests and record image override/proof receipt before production OCI support
bitnami/opensearch,2.0.10,legacy,proof-grade,next80-proof-grade,12,0,12,0,yes,missing,,missing,,,docker.io/bitnamilegacy/opensearch:3.2.0-debian-12-r0;docker.io/bitnamilegacy/opensearch:3.2.0-debian-12-r0;docker.io/bitnamilegacy/opensearch:3.2.0-debian-12-r0,ae93532b5f5b71b51e19b840c9195d903674e3edb9138823f46d73daf97afccc,recipes/bitnami/opensearch/2.0.10/revisions/legacy/r001/rendered/release-objects.yaml,resolve image digests and record image override/proof receipt before production OCI support
bitnami/phpmyadmin,20.0.0,default,proof-grade,next80-proof-grade,2,0,2,0,yes,missing,,missing,,,docker.io/bitnami/phpmyadmin:5.2.2-debian-12-r22;docker.io/bitnami/phpmyadmin:5.2.2-debian-12-r22,41d8e5dabf8548c2965f32db8fdb6870f07b3e3fd967d641d8dc952f7569eb0a,recipes/bitnami/phpmyadmin/20.0.0/revisions/default/r001/rendered/release-objects.yaml,resolve image digests and record image override/proof receipt before production OCI support
bitnami/phpmyadmin,20.0.0,legacy,proof-grade,next80-proof-grade,2,0,2,0,yes,missing,,missing,,,docker.io/bitnamilegacy/phpmyadmin:5.2.2-debian-12-r22;docker.io/bitnamilegacy/phpmyadmin:5.2.2-debian-12-r22,401bc04af284e57aba9dce87ee949cc2c2fed28b8adc4bfffd7056ef5ad70942,recipes/bitnami/phpmyadmin/20.0.0/revisions/legacy/r001/rendered/release-objects.yaml,resolve image digests and record image override/proof receipt before production OCI support
bitnami/spark,10.0.3,default,proof-grade,next80-proof-grade,2,0,2,0,yes,missing,,missing,,,docker.io/bitnami/spark:4.0.0-debian-12-r20;docker.io/bitnami/spark:4.0.0-debian-12-r20,bec034832a7f2a6c1d2f05aa7bfcf0ce4562dbb274e7b760170df3e80e1ced55,recipes/bitnami/spark/10.0.3/revisions/default/r001/rendered/release-objects.yaml,resolve image digests and record image override/proof receipt before production OCI support
bitnami/spark,10.0.3,ha,proof-grade,next80-proof-grade,2,0,2,0,yes,missing,,missing,,,docker.io/bitnami/spark:4.0.0-debian-12-r20;docker.io/bitnami/spark:4.0.0-debian-12-r20,55b44c0927f07867cba166634cbf1440028df42dabc48870953a2ddc6c2fbe75,recipes/bitnami/spark/10.0.3/revisions/ha/r001/rendered/release-objects.yaml,resolve image digests and record image override/proof receipt before production OCI support
bitnami/spark,10.0.3,legacy,proof-grade,next80-proof-grade,2,0,2,0,yes,missing,,missing,,,docker.io/bitnamilegacy/spark:4.0.0-debian-12-r20;docker.io/bitnamilegacy/spark:4.0.0-debian-12-r20,05921876ce0d142a26b495df363557abefd1d460251b66c4777370838f8c9373,recipes/bitnami/spark/10.0.3/revisions/legacy/r001/rendered/release-objects.yaml,resolve image digests and record image override/proof receipt before production OCI support
bitnami/zookeeper,13.8.7,default,proof-grade,next80-proof-grade,1,0,1,0,yes,missing,,missing,,,docker.io/bitnami/zookeeper:3.9.3-debian-12-r21,67672a9bfa85db38f8485736cd19f80ccec599fc17c2c5bb154e3c2feeb54bdb,recipes/bitnami/zookeeper/13.8.7/revisions/default/r001/rendered/release-objects.yaml,resolve image digests and record image override/proof receipt before production OCI support
bitnami/zookeeper,13.8.7,ha,proof-grade,next80-proof-grade,1,0,1,0,yes,missing,,missing,,,docker.io/bitnami/zookeeper:3.9.3-debian-12-r21,ac9d09d452d221cb673fcdbc07767e7440402161c0e3a41811db20192768b01f,recipes/bitnami/zookeeper/13.8.7/revisions/ha/r001/rendered/release-objects.yaml,resolve image digests and record image override/proof receipt before production OCI support
bitnami/zookeeper,13.8.7,legacy,proof-grade,next80-proof-grade,1,0,1,0,yes,missing,,missing,,,docker.io/bitnamilegacy/zookeeper:3.9.3-debian-12-r21,98d1db5810c626fce54ff8a5b297cd7c50102367e064eb0610bb418072944260,recipes/bitnami/zookeeper/13.8.7/revisions/legacy/r001/rendered/release-objects.yaml,resolve image digests and record image override/proof receipt before production OCI support
cloudnative-pg/cloudnative-pg,0.28.2,default,proof-grade,next80-proof-grade,1,0,1,0,yes,missing,,missing,,,ghcr.io/cloudnative-pg/cloudnative-pg:1.29.1,67190a176fe9539df56c63c033cfffb1538a06bc47d8624532a0a980fe50bd46,recipes/cloudnative-pg/cloudnative-pg/0.28.2/revisions/default/r001/rendered/release-objects.yaml,resolve image digests and record image override/proof receipt before production OCI support
cloudnative-pg/cloudnative-pg,0.29.0,default,proof-grade,next80-proof-grade,1,0,1,0,yes,missing,,missing,,,ghcr.io/cloudnative-pg/cloudnative-pg:1.30.0,b11817a3879adca31331188e6ff8e77b031832c62ec22eceb86a565d827f6ea1,recipes/cloudnative-pg/cloudnative-pg/0.29.0/revisions/default/r001/rendered/release-objects.yaml,resolve image digests and record image override/proof receipt before production OCI support
cloudnative-pg/cloudnative-pg,0.28.2,no-crds,proof-grade,next80-proof-grade,1,0,1,0,yes,missing,,missing,,,ghcr.io/cloudnative-pg/cloudnative-pg:1.29.1,2b48d08cac37e72b6840cff94c0f89c31721c9fa5c124ec2c671614f904b849d,recipes/cloudnative-pg/cloudnative-pg/0.28.2/revisions/no-crds/r001/rendered/release-objects.yaml,resolve image digests and record image override/proof receipt before production OCI support
cloudpirates/nginx,0.16.1,default,proof-grade,next80-proof-grade,1,1,0,0,no,missing,,missing,,,,0ab5bf40e30391f43bb673d8e3f97c3d427ae2b2dda8d007dfd38464ad820e9b,recipes/cloudpirates/nginx/0.16.1/revisions/default/r001/rendered/release-objects.yaml,none
cloudpirates/rabbitmq,0.21.13,default,proof-grade,next80-proof-grade,2,2,0,0,no,missing,,missing,,,,ada74ec4e4df444071b63172777c84c055018a602978642ae044453ae74a30df,recipes/cloudpirates/rabbitmq/0.21.13/revisions/default/r001/rendered/release-objects.yaml,none
cloudpirates/rabbitmq,0.21.13,existing-secret,proof-grade,next80-proof-grade,2,2,0,0,no,missing,,missing,,,,61cb8f47b5980bf4ee52494d096afd2b28b8f36c329de3d05549ba728356d576,recipes/cloudpirates/rabbitmq/0.21.13/revisions/existing-secret/r001/rendered/release-objects.yaml,none
cloudpirates/redis,0.34.11,default,proof-grade,next80-proof-grade,2,2,0,0,no,missing,,missing,,,,e7bfebc49e68cd2a4baa080a6376fd9d5c2c3b0deaa3363abbbbbdec1c134935,recipes/cloudpirates/redis/0.34.11/revisions/default/r001/rendered/release-objects.yaml,none
cloudpirates/redis,0.34.11,reuse-existing-secret,proof-grade,next80-proof-grade,2,2,0,0,no,missing,,missing,,,,20d5f7bbb74bb3ce73370a164c2915bcc4d9fd70316fecedbafd5445d08bead1,recipes/cloudpirates/redis/0.34.11/revisions/reuse-existing-secret/r001/rendered/release-objects.yaml,none
coredns/coredns,1.45.2,default,proof-grade,next80-proof-grade,1,0,1,0,yes,missing,,missing,,,coredns/coredns:1.13.1,e9d0e20ceb7a6ec8e8189aa63d5fcba50be11360c7b734e57b84ad0556b1ca34,recipes/coredns/coredns/1.45.2/revisions/default/r001/rendered/release-objects.yaml,resolve image digests and record image override/proof receipt before production OCI support
crossplane-stable/crossplane,2.3.1,default,proof-grade,next80-proof-grade,4,0,4,0,yes,missing,,missing,,,xpkg.crossplane.io/crossplane/crossplane:v2.3.1;xpkg.crossplane.io/crossplane/crossplane:v2.3.1;xpkg.crossplane.io/crossplane/crossplane:v2.3.1,917b3dc2a52c16f26cefebe2b580889944e23461d95d1fbe912e0c7a451fd996,recipes/crossplane-stable/crossplane/2.3.1/revisions/default/r001/rendered/release-objects.yaml,resolve image digests and record image override/proof receipt before production OCI support
descheduler/descheduler,0.36.0,default,proof-grade,next80-proof-grade,1,0,1,0,yes,missing,,missing,,,registry.k8s.io/descheduler/descheduler:v0.36.0,23cfd1f815897db367d88feb42f54c765ed17f435cb779cd8dec5ecb196da707,recipes/descheduler/descheduler/0.36.0/revisions/default/r001/rendered/release-objects.yaml,resolve image digests and record image override/proof receipt before production OCI support
dex/dex,0.24.0,default,proof-grade,next80-proof-grade,1,0,1,0,yes,missing,,missing,,,ghcr.io/dexidp/dex:v2.44.0,5461ff32d1a2a157fd54a958809a06aa73938f52efc8c97f40e866cbc070b2f5,recipes/dex/dex/0.24.0/revisions/default/r001/rendered/release-objects.yaml,resolve image digests and record image override/proof receipt before production OCI support
dra-driver-nvidia/dra-driver-nvidia-gpu,0.4.1,aicr-eks-training,catalog-candidate,next80-proof-grade,3,0,3,0,yes,missing,,missing,,,registry.k8s.io/dra-driver-nvidia/dra-driver-nvidia-gpu:v0.4.1;registry.k8s.io/dra-driver-nvidia/dra-driver-nvidia-gpu:v0.4.1;registry.k8s.io/dra-driver-nvidia/dra-driver-nvidia-gpu:v0.4.1,c5e25860c069d686900435af631514b948bec7a6fde59aabeadd78ccf737b779,recipes/dra-driver-nvidia/dra-driver-nvidia-gpu/0.4.1/revisions/aicr-eks-training/r001/rendered/release-objects.yaml,resolve image digests and record image override/proof receipt before production OCI support
dra-driver-nvidia/dra-driver-nvidia-gpu,0.5.0,aicr-eks-training,catalog-candidate,next80-proof-grade,3,0,3,0,yes,missing,,missing,,,registry.k8s.io/dra-driver-nvidia/dra-driver-nvidia-gpu:v0.5.0;registry.k8s.io/dra-driver-nvidia/dra-driver-nvidia-gpu:v0.5.0;registry.k8s.io/dra-driver-nvidia/dra-driver-nvidia-gpu:v0.5.0,282e9c2dd1946fe677c2b7a9ee7d1a8d65f109f2a302ab628e2ffe1bddc3c932,recipes/dra-driver-nvidia/dra-driver-nvidia-gpu/0.5.0/revisions/aicr-eks-training/r001/rendered/release-objects.yaml,resolve image digests and record image override/proof receipt before production OCI support
dra-driver-nvidia/dra-driver-nvidia-gpu,0.4.1,default,catalog-candidate,next80-proof-grade,3,0,3,0,yes,missing,,missing,,,registry.k8s.io/dra-driver-nvidia/dra-driver-nvidia-gpu:v0.4.1;registry.k8s.io/dra-driver-nvidia/dra-driver-nvidia-gpu:v0.4.1;registry.k8s.io/dra-driver-nvidia/dra-driver-nvidia-gpu:v0.4.1,00102cc2a1a5a1e73778e326dc7774090347379c52fe73c68551602d1b26f3df,recipes/dra-driver-nvidia/dra-driver-nvidia-gpu/0.4.1/revisions/default/r001/rendered/release-objects.yaml,resolve image digests and record image override/proof receipt before production OCI support
dra-driver-nvidia/dra-driver-nvidia-gpu,0.5.0,default,catalog-candidate,next80-proof-grade,3,0,3,0,yes,missing,,missing,,,registry.k8s.io/dra-driver-nvidia/dra-driver-nvidia-gpu:v0.5.0;registry.k8s.io/dra-driver-nvidia/dra-driver-nvidia-gpu:v0.5.0;registry.k8s.io/dra-driver-nvidia/dra-driver-nvidia-gpu:v0.5.0,982b6a16c8814b856c120b054856011e70d40f4c024a76cb9b087791b5ed0cf8,recipes/dra-driver-nvidia/dra-driver-nvidia-gpu/0.5.0/revisions/default/r001/rendered/release-objects.yaml,resolve image digests and record image override/proof receipt before production OCI support
dra-driver-nvidia/dra-driver-nvidia-gpu,0.4.1,gpu-resources,catalog-candidate,next80-proof-grade,4,0,4,0,yes,missing,,missing,,,registry.k8s.io/dra-driver-nvidia/dra-driver-nvidia-gpu:v0.4.1;registry.k8s.io/dra-driver-nvidia/dra-driver-nvidia-gpu:v0.4.1;registry.k8s.io/dra-driver-nvidia/dra-driver-nvidia-gpu:v0.4.1,8a6d869284830a33e801c4b782c12f193a497b7563d84acaf2c370c8be8a0183,recipes/dra-driver-nvidia/dra-driver-nvidia-gpu/0.4.1/revisions/gpu-resources/r001/rendered/release-objects.yaml,resolve image digests and record image override/proof receipt before production OCI support
dra-driver-nvidia/dra-driver-nvidia-gpu,0.5.0,gpu-resources,catalog-candidate,next80-proof-grade,4,0,4,0,yes,missing,,missing,,,registry.k8s.io/dra-driver-nvidia/dra-driver-nvidia-gpu:v0.5.0;registry.k8s.io/dra-driver-nvidia/dra-driver-nvidia-gpu:v0.5.0;registry.k8s.io/dra-driver-nvidia/dra-driver-nvidia-gpu:v0.5.0,29aaf2e6ba3dce216ef70bcb1cd14afcd8dbcbe4e30cec982c48f36befe6e93d,recipes/dra-driver-nvidia/dra-driver-nvidia-gpu/0.5.0/revisions/gpu-resources/r001/rendered/release-objects.yaml,resolve image digests and record image override/proof receipt before production OCI support
eks/aws-efa-k8s-device-plugin,v0.5.29,aicr-eks-training,catalog-candidate,next80-proof-grade,1,0,1,0,yes,missing,,missing,,,602401143452.dkr.ecr.us-west-2.amazonaws.com/eks/aws-efa-k8s-device-plugin:v0.5.20,c1e96376a8ef0c55ca0218fdc91a6e4a5cffb9b2782e54b6559df906fcad3d71,recipes/eks/aws-efa-k8s-device-plugin/v0.5.29/revisions/aicr-eks-training/r001/rendered/release-objects.yaml,resolve image digests and record image override/proof receipt before production OCI support
eks/aws-efa-k8s-device-plugin,v0.5.29,default,catalog-candidate,next80-proof-grade,1,0,1,0,yes,missing,,missing,,,602401143452.dkr.ecr.us-west-2.amazonaws.com/eks/aws-efa-k8s-device-plugin:v0.5.20,c1ef5b2dfd1b02b944714537189ff29d7fa937dedcb2ce32b40495bebdb5b8f8,recipes/eks/aws-efa-k8s-device-plugin/v0.5.29/revisions/default/r001/rendered/release-objects.yaml,resolve image digests and record image override/proof receipt before production OCI support
elastic/eck-operator,3.4.0,default,proof-grade,next80-proof-grade,1,0,1,0,yes,missing,,missing,,,docker.elastic.co/eck/eck-operator:3.4.0,11bd8f291f9da0611bf6795dbbbe41a9e4e5ae9fe4cd58e9bad69dd883aee278,recipes/elastic/eck-operator/3.4.0/revisions/default/r001/rendered/release-objects.yaml,resolve image digests and record image override/proof receipt before production OCI support
elastic/eck-operator,3.4.0,ha,proof-grade,next80-proof-grade,1,0,1,0,yes,missing,,missing,,,docker.elastic.co/eck/eck-operator:3.4.0,20bc4c9cdd28f35aa9c1f646c0af7bc092faac39f8ce3e3606861b98789ee54a,recipes/elastic/eck-operator/3.4.0/revisions/ha/r001/rendered/release-objects.yaml,resolve image digests and record image override/proof receipt before production OCI support
elastic/eck-operator,3.4.0,no-crds,proof-grade,next80-proof-grade,1,0,1,0,yes,missing,,missing,,,docker.elastic.co/eck/eck-operator:3.4.0,6da1150ac5e27b67009e5c20dddf061a5a92af72adfc4551a866fa0d28e23a87,recipes/elastic/eck-operator/3.4.0/revisions/no-crds/r001/rendered/release-objects.yaml,resolve image digests and record image override/proof receipt before production OCI support
elastic/filebeat,8.5.1,default,proof-grade,next80-proof-grade,1,0,1,0,yes,missing,,missing,,,docker.elastic.co/beats/filebeat:8.5.1,690fcc3d2e2d1019f35b7d9ec64ba0783b4dc445a2060c400d49dae6a251e020,recipes/elastic/filebeat/8.5.1/revisions/default/r001/rendered/release-objects.yaml,resolve image digests and record image override/proof receipt before production OCI support
elastic/filebeat,8.5.1,node-or-cluster-collector,proof-grade,next80-proof-grade,1,0,1,0,yes,missing,,missing,,,docker.elastic.co/beats/filebeat:8.5.1,690fcc3d2e2d1019f35b7d9ec64ba0783b4dc445a2060c400d49dae6a251e020,recipes/elastic/filebeat/8.5.1/revisions/node-or-cluster-collector/r001/rendered/release-objects.yaml,resolve image digests and record image override/proof receipt before production OCI support
elastic/kibana,8.5.1,default,proof-grade,next80-proof-grade,1,0,1,0,yes,missing,,missing,,,docker.elastic.co/kibana/kibana:8.5.1,3c0e03c571ed6c5635edd63244a0085634a30bd73e011e2db802c9d1c63b0cb3,recipes/elastic/kibana/8.5.1/revisions/default/r001/rendered/release-objects.yaml,resolve image digests and record image override/proof receipt before production OCI support
elastic/logstash,8.5.1,default,proof-grade,next80-proof-grade,1,0,1,0,yes,missing,,missing,,,docker.elastic.co/logstash/logstash:8.5.1,1bb5971d54f2bb9fd05ffe69b339261a9c31e8b81eeba48064a9dbc337fe5ecd,recipes/elastic/logstash/8.5.1/revisions/default/r001/rendered/release-objects.yaml,resolve image digests and record image override/proof receipt before production OCI support
elastic/logstash,8.5.1,ha,proof-grade,next80-proof-grade,1,0,1,0,yes,missing,,missing,,,docker.elastic.co/logstash/logstash:8.5.1,d65903a7c75f9e3cdaed333b6a2daddcca45d3cc7f80ff09e6b7972a90c3aa70,recipes/elastic/logstash/8.5.1/revisions/ha/r001/rendered/release-objects.yaml,resolve image digests and record image override/proof receipt before production OCI support
elastic/metricbeat,8.5.1,default,proof-grade,next80-proof-grade,3,0,3,0,yes,missing,,missing,,,docker.elastic.co/beats/metricbeat:8.5.1;docker.elastic.co/beats/metricbeat:8.5.1;k8s.gcr.io/kube-state-metrics/kube-state-metrics:v2.4.1,805a258f07a07f1cdef0ee45ee427a06e28cc18380e52368840efeb7b672e939,recipes/elastic/metricbeat/8.5.1/revisions/default/r001/rendered/release-objects.yaml,resolve image digests and record image override/proof receipt before production OCI support
external-dns/external-dns,1.21.1,default,proof-grade,next80-proof-grade,1,0,1,0,yes,missing,,missing,,,registry.k8s.io/external-dns/external-dns:v0.21.0,764caa006e0e36ed1ad27659090d71a9ca5ff4d671962684b49500971c57ee74,recipes/external-dns/external-dns/1.21.1/revisions/default/r001/rendered/release-objects.yaml,resolve image digests and record image override/proof receipt before production OCI support
external-dns/external-dns,1.21.1,dry-run-txt-registry,proof-grade,next80-proof-grade,1,0,1,0,yes,missing,,missing,,,registry.k8s.io/external-dns/external-dns:v0.21.0,8e3b831abefa8ca2b8754e4beb16fbc1e369965dc95b8f83e1de76cd8f2a3e62,recipes/external-dns/external-dns/1.21.1/revisions/dry-run-txt-registry/r001/rendered/release-objects.yaml,resolve image digests and record image override/proof receipt before production OCI support
external-dns/external-dns,1.21.1,no-crds,proof-grade,next80-proof-grade,1,0,1,0,yes,missing,,missing,,,registry.k8s.io/external-dns/external-dns:v0.21.0,1479961761882b58c3cfcb955197ae178c15def12065e35b72023c25ac1dd7cf,recipes/external-dns/external-dns/1.21.1/revisions/no-crds/r001/rendered/release-objects.yaml,resolve image digests and record image override/proof receipt before production OCI support
fairwinds-stable/goldilocks,10.3.0,default,proof-grade,next80-proof-grade,2,0,2,0,yes,missing,,missing,,,us-docker.pkg.dev/fairwinds-ops/oss/goldilocks:v4.14.1;us-docker.pkg.dev/fairwinds-ops/oss/goldilocks:v4.14.1,5939f53dfe4e6c888630fc4c30fcc478e4786a56cb0092139c418510da17d7a5,recipes/fairwinds-stable/goldilocks/10.3.0/revisions/default/r001/rendered/release-objects.yaml,resolve image digests and record image override/proof receipt before production OCI support
fairwinds-stable/vpa,4.11.0,default,proof-grade,next80-proof-grade,3,0,3,0,yes,missing,,missing,,,registry.k8s.io/autoscaling/vpa-admission-controller:1.6.0;registry.k8s.io/autoscaling/vpa-recommender:1.6.0;registry.k8s.io/autoscaling/vpa-updater:1.6.0,9fc49375853347271950b87624ed5215a97a56370dc361b14d22f7efb157a48b,recipes/fairwinds-stable/vpa/4.11.0/revisions/default/r001/rendered/release-objects.yaml,resolve image digests and record image override/proof receipt before production OCI support
fairwinds-stable/vpa,4.11.0,no-crds,proof-grade,next80-proof-grade,3,0,3,0,yes,missing,,missing,,,registry.k8s.io/autoscaling/vpa-admission-controller:1.6.0;registry.k8s.io/autoscaling/vpa-recommender:1.6.0;registry.k8s.io/autoscaling/vpa-updater:1.6.0,bf99b3e1df92e9ba5da5ab284c98749da9618c5c55358dff3021639057119187,recipes/fairwinds-stable/vpa/4.11.0/revisions/no-crds/r001/rendered/release-objects.yaml,resolve image digests and record image override/proof receipt before production OCI support
falcosecurity/falco,9.0.0,default,proof-grade,next80-proof-grade,4,0,4,0,yes,missing,,missing,,,docker.io/falcosecurity/falco-driver-loader:0.44.0;docker.io/falcosecurity/falco:0.44.0;docker.io/falcosecurity/falcoctl:0.13.0,e417f53227667413d5d51b89157f00c603af2cd613e282816c27df69408f7648,recipes/falcosecurity/falco/9.0.0/revisions/default/r001/rendered/release-objects.yaml,resolve image digests and record image override/proof receipt before production OCI support
falcosecurity/falcosidekick,0.13.1,default,proof-grade,next80-proof-grade,1,0,1,0,yes,missing,,missing,,,docker.io/falcosecurity/falcosidekick:2.32.0,7a657f26e36fdc7b72d0ec1ba0831010739e3f84677af99e7397a500a414d0b4,recipes/falcosecurity/falcosidekick/0.13.1/revisions/default/r001/rendered/release-objects.yaml,resolve image digests and record image override/proof receipt before production OCI support
fluent/fluent-bit,0.57.6,default,proof-grade,next80-proof-grade,1,0,1,0,yes,missing,,missing,,,cr.fluentbit.io/fluent/fluent-bit:5.0.6,464d9136c0ba9e845fd81c1dbea556e717d47930d7cb58755de67ead7f8f2a2b,recipes/fluent/fluent-bit/0.57.6/revisions/default/r001/rendered/release-objects.yaml,resolve image digests and record image override/proof receipt before production OCI support
fluent/fluentd,0.5.3,default,proof-grade,next80-proof-grade,1,0,1,0,yes,missing,,missing,,,fluent/fluentd-kubernetes-daemonset:v1.17.1-debian-elasticsearch7-1.2,9d7c1ec5d0f201623aa61a0fa2adcb477bac4b7366f5a9b87d9b4a3754c2491a,recipes/fluent/fluentd/0.5.3/revisions/default/r001/rendered/release-objects.yaml,resolve image digests and record image override/proof receipt before production OCI support
gatekeeper/gatekeeper,3.22.2,default,proof-grade,next80-proof-grade,2,0,2,0,yes,missing,,missing,,,openpolicyagent/gatekeeper:v3.22.2;openpolicyagent/gatekeeper:v3.22.2,757e7fe97f5331bd964463ed228d147bdc090f3bb6d7c34b319522124efd2e5d,recipes/gatekeeper/gatekeeper/3.22.2/revisions/default/r001/rendered/release-objects.yaml,resolve image digests and record image override/proof receipt before production OCI support
gatekeeper/gatekeeper,3.22.2,no-crds,proof-grade,next80-proof-grade,2,0,2,0,yes,missing,,missing,,,openpolicyagent/gatekeeper:v3.22.2;openpolicyagent/gatekeeper:v3.22.2,ab5488411d047ab53e8c5c5cece3730c66ce7c8f9cb3ff9da1135d64eca97e1c,recipes/gatekeeper/gatekeeper/3.22.2/revisions/no-crds/r001/rendered/release-objects.yaml,resolve image digests and record image override/proof receipt before production OCI support
gitlab/gitlab-runner,0.89.0,default,proof-grade,next80-proof-grade,1,0,1,0,yes,missing,,missing,,,registry.gitlab.com/gitlab-org/gitlab-runner:alpine-v19.0.0,ad0d78b72ba8c9c6d896ee2faf620db82e9c52d2794f3dbbcbe6f3705c43d95e,recipes/gitlab/gitlab-runner/0.89.0/revisions/default/r001/rendered/release-objects.yaml,resolve image digests and record image override/proof receipt before production OCI support
grafana/alloy,1.11.0,default,proof-grade,next80-proof-grade,2,1,1,0,yes,missing,,missing,,,docker.io/grafana/alloy:v1.18.0,d6e75fca48c764892e27664e0137148e30e34428763f411ef4eca669720e2ba6,recipes/grafana/alloy/1.11.0/revisions/default/r001/rendered/release-objects.yaml,resolve image digests and record image override/proof receipt before production OCI support
grafana/alloy,1.12.1,default,proof-grade,next80-proof-grade,2,1,1,0,yes,missing,,missing,,,docker.io/grafana/alloy:v1.19.2,e3b30c75c9a0bc3241f42a8dde5d4b05371091c319ab5712fe30685234d17549,recipes/grafana/alloy/1.12.1/revisions/default/r001/rendered/release-objects.yaml,resolve image digests and record image override/proof receipt before production OCI support
grafana/alloy,1.8.2,default,proof-grade,next80-proof-grade,2,1,1,0,yes,missing,,missing,,,docker.io/grafana/alloy:v1.16.1,984319325f620b099f091df4c45ef851f0dd7593526f146d5271dbf477f7f37b,recipes/grafana/alloy/1.8.2/revisions/default/r001/rendered/release-objects.yaml,resolve image digests and record image override/proof receipt before production OCI support
grafana/alloy,1.8.2,no-crds,proof-grade,next80-proof-grade,2,1,1,0,yes,missing,,missing,,,docker.io/grafana/alloy:v1.16.1,3284915e4cee6101e8279e10a5ef11937e6d860b01b95549079d809f64a17e22,recipes/grafana/alloy/1.8.2/revisions/no-crds/r001/rendered/release-objects.yaml,resolve image digests and record image override/proof receipt before production OCI support
grafana/promtail,6.17.1,default,proof-grade,next80-proof-grade,1,0,1,0,yes,missing,,missing,,,docker.io/grafana/promtail:3.5.1,06ff3623536aeca2cb083040a0b0c22d6627e57cd6600f3f3482dd1e7d56eb35,recipes/grafana/promtail/6.17.1/revisions/default/r001/rendered/release-objects.yaml,resolve image digests and record image override/proof receipt before production OCI support
grafana/pyroscope,2.0.2,default,proof-grade,next80-proof-grade,3,0,3,0,yes,missing,,missing,,,docker.io/grafana/alloy:v1.12.2;grafana/pyroscope:2.0.2;quay.io/prometheus-operator/prometheus-config-reloader:v0.81.0,24d78308d5476731eefba9ac71cee442cf9aeb21f16443557d9a6d9574449df5,recipes/grafana/pyroscope/2.0.2/revisions/default/r001/rendered/release-objects.yaml,resolve image digests and record image override/proof receipt before production OCI support
grafana/pyroscope,2.0.2,ha,proof-grade,next80-proof-grade,3,0,3,0,yes,missing,,missing,,,docker.io/grafana/alloy:v1.12.2;grafana/pyroscope:2.0.2;quay.io/prometheus-operator/prometheus-config-reloader:v0.81.0,4525b9a04718d1de62dbc12a161ec2f0cd119a36d68f69c0f481400d43e031cf,recipes/grafana/pyroscope/2.0.2/revisions/ha/r001/rendered/release-objects.yaml,resolve image digests and record image override/proof receipt before production OCI support
grafana/pyroscope,2.0.2,no-crds,proof-grade,next80-proof-grade,3,0,3,0,yes,missing,,missing,,,docker.io/grafana/alloy:v1.12.2;grafana/pyroscope:2.0.2;quay.io/prometheus-operator/prometheus-config-reloader:v0.81.0,bd128b8d66e06802da2e56a74216e817033ebe8ed59abe878df05886ec008086,recipes/grafana/pyroscope/2.0.2/revisions/no-crds/r001/rendered/release-objects.yaml,resolve image digests and record image override/proof receipt before production OCI support
grafana/rollout-operator,0.49.0,default,proof-grade,next80-proof-grade,1,0,1,0,yes,missing,,missing,,,docker.io/grafana/rollout-operator:v0.36.2,dc6b652767aec075b147247c38dbce391bb86750a54e749a45576fd6791d4763,recipes/grafana/rollout-operator/0.49.0/revisions/default/r001/rendered/release-objects.yaml,resolve image digests and record image override/proof receipt before production OCI support
grafana/rollout-operator,0.49.0,no-crds,proof-grade,next80-proof-grade,1,0,1,0,yes,missing,,missing,,,docker.io/grafana/rollout-operator:v0.36.2,ae6b9000b84edf8a5ad01c4399619b76ad28b808486d623fc482035ed5e3b403,recipes/grafana/rollout-operator/0.49.0/revisions/no-crds/r001/rendered/release-objects.yaml,resolve image digests and record image override/proof receipt before production OCI support
haproxytech/kubernetes-ingress,1.52.0,default,proof-grade,next80-proof-grade,1,0,1,0,yes,missing,,missing,,,docker.io/haproxytech/kubernetes-ingress:3.2.9,d04b79ade525cfe276e761918d319794e8e662ef896ae3418a42e7c781ded544,recipes/haproxytech/kubernetes-ingress/1.52.0/revisions/default/r001/rendered/release-objects.yaml,resolve image digests and record image override/proof receipt before production OCI support
hashicorp/terraform,1.1.2,default,proof-grade,next80-proof-grade,1,0,1,0,yes,missing,,missing,,,hashicorp/terraform-k8s:1.1.2,5cc2a190066cc639af6f8856b1ff8e28a40e61546d53cd04f19c5b14d6c37d3b,recipes/hashicorp/terraform/1.1.2/revisions/default/r001/rendered/release-objects.yaml,resolve image digests and record image override/proof receipt before production OCI support
hashicorp/terraform,1.1.2,no-crds,proof-grade,next80-proof-grade,1,0,1,0,yes,missing,,missing,,,hashicorp/terraform-k8s:1.1.2,a8b9e5e6ce83d71e19d70e4695bdda1a2cb28c26e094a0f28b70b58a3fc6a50a,recipes/hashicorp/terraform/1.1.2/revisions/no-crds/r001/rendered/release-objects.yaml,resolve image digests and record image override/proof receipt before production OCI support
istio/gateway,1.30.0,controller-default-reviewed,proof-grade,next80-proof-grade,1,0,0,1,yes,missing,,missing,,,auto,07b3cb11d265a7b857b231a347be2c71742e5bc1eeb02efddd7ce71ecc1c7afc,recipes/istio/gateway/1.30.0/revisions/controller-default-reviewed/r001/rendered/release-objects.yaml,resolve image digests and record image override/proof receipt before production OCI support
istio/gateway,1.30.0,default,proof-grade,next80-proof-grade,1,0,0,1,yes,missing,,missing,,,auto,07b3cb11d265a7b857b231a347be2c71742e5bc1eeb02efddd7ce71ecc1c7afc,recipes/istio/gateway/1.30.0/revisions/default/r001/rendered/release-objects.yaml,resolve image digests and record image override/proof receipt before production OCI support
istio/istiod,1.30.0,default,proof-grade,next80-proof-grade,1,0,1,0,yes,missing,,missing,,,registry.istio.io/release/pilot:1.30.0,53385181293dd9a8228f37a370148dde3cc77acecf5a3a8539fa1b8eb0f9afdf,recipes/istio/istiod/1.30.0/revisions/default/r001/rendered/release-objects.yaml,resolve image digests and record image override/proof receipt before production OCI support
jaegertracing/jaeger,4.8.0,default,proof-grade,next80-proof-grade,1,0,1,0,yes,missing,,missing,,,jaegertracing/jaeger:2.18.0,da24b2c05d1c43492627f3d01b0d675ea01bb2acb38017a18dec5a70c55b7939,recipes/jaegertracing/jaeger/4.8.0/revisions/default/r001/rendered/release-objects.yaml,resolve image digests and record image override/proof receipt before production OCI support
jaegertracing/jaeger-operator,2.57.0,default,proof-grade,next80-proof-grade,1,0,1,0,yes,missing,,missing,,,jaegertracing/jaeger-operator:1.61.0,c17323ac7d71b000b42732323a79731fe3d9244ba4e641d8349a73a71b8807ab,recipes/jaegertracing/jaeger-operator/2.57.0/revisions/default/r001/rendered/release-objects.yaml,resolve image digests and record image override/proof receipt before production OCI support
jaegertracing/jaeger-operator,2.57.0,no-crds,proof-grade,next80-proof-grade,1,0,1,0,yes,missing,,missing,,,jaegertracing/jaeger-operator:1.61.0,14755312bc08dd5aad02a12a16f32a04e54adad141a93cb28ff42b2e49066975,recipes/jaegertracing/jaeger-operator/2.57.0/revisions/no-crds/r001/rendered/release-objects.yaml,resolve image digests and record image override/proof receipt before production OCI support
jetstack/cert-manager-csi-driver,v0.14.0,default,proof-grade,next80-proof-grade,3,0,3,0,yes,missing,,missing,,,quay.io/jetstack/cert-manager-csi-driver:v0.14.0;quay.io/jetstack/csi-node-driver-registrar:v2.16.0;quay.io/jetstack/livenessprobe:v2.18.0,2fa28f4f4c912710babcc4f46818889df3c51396a400dbce6c0245afc20056f3,recipes/jetstack/cert-manager-csi-driver/v0.14.0/revisions/default/r001/rendered/release-objects.yaml,resolve image digests and record image override/proof receipt before production OCI support
jetstack/trust-manager,v0.22.1,default,proof-grade,next80-proof-grade,2,0,2,0,yes,missing,,missing,,,quay.io/jetstack/trust-manager:v0.22.1;quay.io/jetstack/trust-pkg-debian-bookworm:20230311-deb12u1.6,50eb2239a5db07734497711c4e812eb111d231852c2f614e5b0a1faec7bab683,recipes/jetstack/trust-manager/v0.22.1/revisions/default/r001/rendered/release-objects.yaml,resolve image digests and record image override/proof receipt before production OCI support
jetstack/trust-manager,v0.22.1,no-crds,proof-grade,next80-proof-grade,2,0,2,0,yes,missing,,missing,,,quay.io/jetstack/trust-manager:v0.22.1;quay.io/jetstack/trust-pkg-debian-bookworm:20230311-deb12u1.6,5d0b08f8abda179089de0d4acead48bd8a3752c16766ed8ef1b95478065e9250,recipes/jetstack/trust-manager/v0.22.1/revisions/no-crds/r001/rendered/release-objects.yaml,resolve image digests and record image override/proof receipt before production OCI support
k8s-ephemeral-storage-metrics/k8s-ephemeral-storage-metrics,1.19.2,aicr-eks-training-v0-20-0,catalog-candidate,next80-proof-grade,1,0,1,0,yes,missing,,missing,,,ghcr.io/jmcgrath207/k8s-ephemeral-storage-metrics:1.19.2,6ff74d2f9205569c76a953a1bc1b09ddcf9341e9a9c72c8a53e5805c59f403bd,recipes/k8s-ephemeral-storage-metrics/k8s-ephemeral-storage-metrics/1.19.2/revisions/aicr-eks-training-v0-20-0/r001/rendered/release-objects.yaml,resolve image digests and record image override/proof receipt before production OCI support
k8s-ephemeral-storage-metrics/k8s-ephemeral-storage-metrics,1.19.2,aicr-eks-training-v1-0-0,catalog-candidate,next80-proof-grade,1,0,1,0,yes,missing,,missing,,,ghcr.io/jmcgrath207/k8s-ephemeral-storage-metrics:1.19.2,9f9f4bda22ad0886fe05c25a16a747c6020fc98151906bdcbe116c2177622a92,recipes/k8s-ephemeral-storage-metrics/k8s-ephemeral-storage-metrics/1.19.2/revisions/aicr-eks-training-v1-0-0/r001/rendered/release-objects.yaml,resolve image digests and record image override/proof receipt before production OCI support
k8s-ephemeral-storage-metrics/k8s-ephemeral-storage-metrics,1.19.2,default,catalog-candidate,next80-proof-grade,1,0,1,0,yes,missing,,missing,,,ghcr.io/jmcgrath207/k8s-ephemeral-storage-metrics:1.19.2,80ef333ecea7833761b828a1da0e0301efc0e1a399a8a03fd31fdbd4af638da8,recipes/k8s-ephemeral-storage-metrics/k8s-ephemeral-storage-metrics/1.19.2/revisions/default/r001/rendered/release-objects.yaml,resolve image digests and record image override/proof receipt before production OCI support
kai-scheduler/kai-scheduler,v0.14.1,aicr-eks-training,catalog-candidate,next80-proof-grade,1,0,1,0,yes,missing,,missing,,,ghcr.io/kai-scheduler/kai-scheduler/operator:v0.14.1,f5b5383ffa1072925cd6d639d4aa69cbdefa1b34ba4eaf75b33a698fd210a9c5,recipes/kai-scheduler/kai-scheduler/v0.14.1/revisions/aicr-eks-training/r001/rendered/release-objects.yaml,resolve image digests and record image override/proof receipt before production OCI support
kai-scheduler/kai-scheduler,v0.16.9,aicr-eks-training,catalog-candidate,next80-proof-grade,1,0,1,0,yes,missing,,missing,,,ghcr.io/kai-scheduler/kai-scheduler/operator:v0.16.9,47d9baab7ac158b03e2a19620e2d40bfd4f7b2944cf8b54dd00053ecfc57fb25,recipes/kai-scheduler/kai-scheduler/v0.16.9/revisions/aicr-eks-training/r001/rendered/release-objects.yaml,resolve image digests and record image override/proof receipt before production OCI support
kai-scheduler/kai-scheduler,v0.14.1,default,catalog-candidate,next80-proof-grade,1,0,1,0,yes,missing,,missing,,,ghcr.io/kai-scheduler/kai-scheduler/operator:v0.14.1,a0cf177775ec0bf2532012da868de07c070a4fb6d6f792a9518089c5b0bc7b46,recipes/kai-scheduler/kai-scheduler/v0.14.1/revisions/default/r001/rendered/release-objects.yaml,resolve image digests and record image override/proof receipt before production OCI support
kai-scheduler/kai-scheduler,v0.16.9,default,catalog-candidate,next80-proof-grade,1,0,1,0,yes,missing,,missing,,,ghcr.io/kai-scheduler/kai-scheduler/operator:v0.16.9,7254c6c835430dbc6c8513ccb0d7d5a94b2d4fd0cdc7d4029fed5e13c541dd76,recipes/kai-scheduler/kai-scheduler/v0.16.9/revisions/default/r001/rendered/release-objects.yaml,resolve image digests and record image override/proof receipt before production OCI support
karpenter/karpenter,1.14.0,crds-managed,catalog-candidate,next80-proof-grade,1,1,0,0,no,missing,,missing,,,,cdfd98d41d43445a3c5830bd8f789012c5aa2953d4c68ee39c86490025d244cb,recipes/karpenter/karpenter/1.14.0/revisions/crds-managed/r001/rendered/release-objects.yaml,none
karpenter/karpenter,1.14.0,default,catalog-candidate,next80-proof-grade,1,1,0,0,no,missing,,missing,,,,c38230e2c3415465b9369ba43943b2f5c33fd5082b836eea705af7546383e381,recipes/karpenter/karpenter/1.14.0/revisions/default/r001/rendered/release-objects.yaml,none
karpenter/karpenter,1.14.0,eks-inference,catalog-candidate,next80-proof-grade,1,1,0,0,no,missing,,missing,,,,27259c2a0af970cd3b87623fa209ccd9d1e37dec693f1d6b0f0bc904958db64c,recipes/karpenter/karpenter/1.14.0/revisions/eks-inference/r001/rendered/release-objects.yaml,none
kedacore/keda,2.19.0,default,proof-grade,next80-proof-grade,3,0,3,0,yes,missing,,missing,,,ghcr.io/kedacore/keda-admission-webhooks:2.19.0;ghcr.io/kedacore/keda-metrics-apiserver:2.19.0;ghcr.io/kedacore/keda:2.19.0,95bac2eeb03cdf4d0392ed7d66c37c81db91beeba346752f932abef73d26db1f,recipes/kedacore/keda/2.19.0/revisions/default/r001/rendered/release-objects.yaml,resolve image digests and record image override/proof receipt before production OCI support
kedacore/keda,2.19.0,no-crds,proof-grade,next80-proof-grade,3,0,3,0,yes,missing,,missing,,,ghcr.io/kedacore/keda-admission-webhooks:2.19.0;ghcr.io/kedacore/keda-metrics-apiserver:2.19.0;ghcr.io/kedacore/keda:2.19.0,c5a9b4bf0a0eb7786a206b54365e8ad632e96bb3f4796a51f41621fea1f276a7,recipes/kedacore/keda/2.19.0/revisions/no-crds/r001/rendered/release-objects.yaml,resolve image digests and record image override/proof receipt before production OCI support
kubeflow/kubeflow-trainer,2.2.0,aicr-eks-training-v0-20-0,catalog-candidate,next80-proof-grade,2,0,2,0,yes,missing,,missing,,,ghcr.io/kubeflow/trainer/trainer-controller-manager:v2.2.0;registry.k8s.io/jobset/jobset:v0.11.0,9dd7efd3ae87560f2a396d4ed3a13db830d8a5b0856da5992e377026a92f2fcc,recipes/kubeflow/kubeflow-trainer/2.2.0/revisions/aicr-eks-training-v0-20-0/r001/rendered/release-objects.yaml,resolve image digests and record image override/proof receipt before production OCI support
kubeflow/kubeflow-trainer,2.2.0,aicr-eks-training-v1-0-0,catalog-candidate,next80-proof-grade,2,0,2,0,yes,missing,,missing,,,ghcr.io/kubeflow/trainer/trainer-controller-manager:v2.2.0;registry.k8s.io/jobset/jobset:v0.11.0,6d3b2103eec83a3ae10f1ced2dc4b30178068013ee0b688527581d2abe5619aa,recipes/kubeflow/kubeflow-trainer/2.2.0/revisions/aicr-eks-training-v1-0-0/r001/rendered/release-objects.yaml,resolve image digests and record image override/proof receipt before production OCI support
kubeflow/kubeflow-trainer,2.2.0,default,catalog-candidate,next80-proof-grade,2,0,2,0,yes,missing,,missing,,,ghcr.io/kubeflow/trainer/trainer-controller-manager:v2.2.0;registry.k8s.io/jobset/jobset:v0.11.0,517fb09d2f16a0a4c83b9859ec82b4fddc8ce4c74eb552608c1789df0252b616,recipes/kubeflow/kubeflow-trainer/2.2.0/revisions/default/r001/rendered/release-objects.yaml,resolve image digests and record image override/proof receipt before production OCI support
kyverno/kyverno,3.8.1,default,proof-grade,next80-proof-grade,5,0,5,0,yes,missing,,missing,,,reg.kyverno.io/kyverno/background-controller:v1.18.1;reg.kyverno.io/kyverno/cleanup-controller:v1.18.1;reg.kyverno.io/kyverno/kyverno:v1.18.1,00df8d584a2b69683a7895eff47d5a2bd6c1947827272bc518b0b79bbba80884,recipes/kyverno/kyverno/3.8.1/revisions/default/r001/rendered/release-objects.yaml,resolve image digests and record image override/proof receipt before production OCI support
kyverno/kyverno,3.8.2,default,proof-grade,next80-proof-grade,5,0,5,0,yes,missing,,missing,,,reg.kyverno.io/kyverno/background-controller:v1.18.2;reg.kyverno.io/kyverno/cleanup-controller:v1.18.2;reg.kyverno.io/kyverno/kyverno:v1.18.2,1596c72d8cde36995d7cd32ff3e953830da1763a59a25459c53ae4e4d425506d,recipes/kyverno/kyverno/3.8.2/revisions/default/r001/rendered/release-objects.yaml,resolve image digests and record image override/proof receipt before production OCI support
kyverno/kyverno,3.9.0,default,proof-grade,next80-proof-grade,5,0,5,0,yes,missing,,missing,,,reg.kyverno.io/kyverno/background-controller:v1.19.0;reg.kyverno.io/kyverno/cleanup-controller:v1.19.0;reg.kyverno.io/kyverno/kyverno:v1.19.0,ce364621e5802e6a4ce33666345a33139edcb7a6948062ed65e8df8bbfc1291a,recipes/kyverno/kyverno/3.9.0/revisions/default/r001/rendered/release-objects.yaml,resolve image digests and record image override/proof receipt before production OCI support
kyverno/kyverno,3.8.1,no-crds,proof-grade,next80-proof-grade,5,0,5,0,yes,missing,,missing,,,reg.kyverno.io/kyverno/background-controller:v1.18.1;reg.kyverno.io/kyverno/cleanup-controller:v1.18.1;reg.kyverno.io/kyverno/kyverno:v1.18.1,3a1b0dd0d65607586ee0a3ace591e776a0a13c8047cb31b43f7128febcd93227,recipes/kyverno/kyverno/3.8.1/revisions/no-crds/r001/rendered/release-objects.yaml,resolve image digests and record image override/proof receipt before production OCI support
metallb/metallb,0.16.1,default,unknown,unknown,12,0,12,0,yes,missing,,missing,,,quay.io/frrouting/frr:10.4.3;quay.io/frrouting/frr:10.4.3;quay.io/frrouting/frr:10.4.3,430fb6a1ec84cd0b737106c4b87ac33d9734adb9fd337767a3161c90d7ae2d4e,recipes/metallb/metallb/0.16.1/revisions/default/r001/rendered/release-objects.yaml,resolve image digests and record image override/proof receipt before production OCI support
minio-operator/operator,7.1.1,default,proof-grade,next80-proof-grade,1,0,1,0,yes,missing,,missing,,,quay.io/minio/operator:v7.1.1,3ac734cc8872f78365a7649830f706dc43341bba596b7ff266be2862f0f28b0a,recipes/minio-operator/operator/7.1.1/revisions/default/r001/rendered/release-objects.yaml,resolve image digests and record image override/proof receipt before production OCI support
minio-operator/tenant,7.1.1,default,proof-grade,next80-proof-grade,1,0,1,0,yes,missing,,missing,,,quay.io/minio/minio:RELEASE.2025-04-08T15-41-24Z,4577edd3c6c83479b029c32a8e41e966b19ef3810e062c156c5c54850c4ab32a,recipes/minio-operator/tenant/7.1.1/revisions/default/r001/rendered/release-objects.yaml,resolve image digests and record image override/proof receipt before production OCI support
mysql/mysql-operator,2.3.0,default,proof-grade,next80-proof-grade,1,0,1,0,yes,missing,,missing,,,container-registry.oracle.com/mysql/community-operator:26.7.0-2.3.0,d9ed07b28ae9b972c1b7f8c47e00e7dd79b1af2445596f5d6e994eb05a983957,recipes/mysql/mysql-operator/2.3.0/revisions/default/r001/rendered/release-objects.yaml,resolve image digests and record image override/proof receipt before production OCI support
nats/nack,0.34.0,default,proof-grade,next80-proof-grade,1,0,1,0,yes,missing,,missing,,,natsio/jetstream-controller:0.23.0,3578a1e913da259083e95b1bca9492a5e1aac8ae270e2871eb05c5f0c5f6c3c9,recipes/nats/nack/0.34.0/revisions/default/r001/rendered/release-objects.yaml,resolve image digests and record image override/proof receipt before production OCI support
nats/nack,0.34.0,no-crds,proof-grade,next80-proof-grade,1,0,1,0,yes,missing,,missing,,,natsio/jetstream-controller:0.23.0,2a0e96ea4834808a0b66545eb50b94c4dc773572f699c3acad3ef2d6649a152d,recipes/nats/nack/0.34.0/revisions/no-crds/r001/rendered/release-objects.yaml,resolve image digests and record image override/proof receipt before production OCI support
nats/nats,2.14.0,default,proof-grade,next80-proof-grade,3,0,3,0,yes,missing,,missing,,,nats:2.14.0-alpine;natsio/nats-box:0.19.5;natsio/nats-server-config-reloader:0.23.0,395344e7541927ec138080eda2a92f6ce69532966040ce5d689f9852a4cee8da,recipes/nats/nats/2.14.0/revisions/default/r001/rendered/release-objects.yaml,resolve image digests and record image override/proof receipt before production OCI support
nats/nats,2.14.0,ha,proof-grade,next80-proof-grade,3,0,3,0,yes,missing,,missing,,,nats:2.14.0-alpine;natsio/nats-box:0.19.5;natsio/nats-server-config-reloader:0.23.0,2d8fcfe5bea7f482e322fdba1cf800faedf835a13eef32d042e43ae6254d0a96,recipes/nats/nats/2.14.0/revisions/ha/r001/rendered/release-objects.yaml,resolve image digests and record image override/proof receipt before production OCI support
nats/surveyor,0.20.9,default,proof-grade,next80-proof-grade,1,0,1,0,yes,missing,,missing,,,natsio/nats-surveyor:0.9.9,c39b6dd56b5c2dfaedd3860e71d1eaaed9083354b35e4cef70eae6f9b982a7b1,recipes/nats/surveyor/0.20.9/revisions/default/r001/rendered/release-objects.yaml,resolve image digests and record image override/proof receipt before production OCI support
nats/surveyor,0.20.9,default-reviewed,proof-grade,next80-proof-grade,1,0,1,0,yes,missing,,missing,,,natsio/nats-surveyor:0.9.9,c39b6dd56b5c2dfaedd3860e71d1eaaed9083354b35e4cef70eae6f9b982a7b1,recipes/nats/surveyor/0.20.9/revisions/default-reviewed/r001/rendered/release-objects.yaml,resolve image digests and record image override/proof receipt before production OCI support
nfs-subdir-external-provisioner/nfs-subdir-external-provisioner,4.0.18,default,proof-grade,next80-proof-grade,1,0,1,0,yes,missing,,missing,,,registry.k8s.io/sig-storage/nfs-subdir-external-provisioner:v4.0.2,448129b8cf526e0fb240e23fc1cbddd1b6cd994158faa60904f7db5b1c10eb28,recipes/nfs-subdir-external-provisioner/nfs-subdir-external-provisioner/4.0.18/revisions/default/r001/rendered/release-objects.yaml,resolve image digests and record image override/proof receipt before production OCI support
node-feature-discovery/node-feature-discovery,0.19.0,aicr-eks-training-v0-20-0,catalog-candidate,next80-proof-grade,4,0,4,0,yes,missing,,missing,,,registry.k8s.io/nfd/node-feature-discovery:v0.19.0;registry.k8s.io/nfd/node-feature-discovery:v0.19.0;registry.k8s.io/nfd/node-feature-discovery:v0.19.0,371a599fbb959c71f232f4cfbe5a37aedfb70a17fe9205793440c73b2d7c3b93,recipes/node-feature-discovery/node-feature-discovery/0.19.0/revisions/aicr-eks-training-v0-20-0/r001/rendered/release-objects.yaml,resolve image digests and record image override/proof receipt before production OCI support
node-feature-discovery/node-feature-discovery,0.19.0,aicr-eks-training-v1-0-0,catalog-candidate,next80-proof-grade,4,0,4,0,yes,missing,,missing,,,registry.k8s.io/nfd/node-feature-discovery:v0.19.0;registry.k8s.io/nfd/node-feature-discovery:v0.19.0;registry.k8s.io/nfd/node-feature-discovery:v0.19.0,2329b2fca9e54b4e5b5ba90308c4769c1e919eebffcaa4b756266d63a64de0ff,recipes/node-feature-discovery/node-feature-discovery/0.19.0/revisions/aicr-eks-training-v1-0-0/r001/rendered/release-objects.yaml,resolve image digests and record image override/proof receipt before production OCI support
node-feature-discovery/node-feature-discovery,0.19.0,default,catalog-candidate,next80-proof-grade,3,0,3,0,yes,missing,,missing,,,registry.k8s.io/nfd/node-feature-discovery:v0.19.0;registry.k8s.io/nfd/node-feature-discovery:v0.19.0;registry.k8s.io/nfd/node-feature-discovery:v0.19.0,cd6276f43fedbf192ec8a7e9e35906a2a07dedfed5eed00286e34fa5cbb8e995,recipes/node-feature-discovery/node-feature-discovery/0.19.0/revisions/default/r001/rendered/release-objects.yaml,resolve image digests and record image override/proof receipt before production OCI support
nvidia/cluster-readiness-engine,v0.6.0,default,proof-grade,next80-proof-grade,1,0,1,0,yes,missing,,missing,,,ghcr.io/nvidia/cluster-readiness-engine/manager:v0.6.0,3d7c5f88d97f8f74f84b7ced2ae32d75fceb9888aa4d2701124eb6beea713170,recipes/nvidia/cluster-readiness-engine/v0.6.0/revisions/default/r001/rendered/release-objects.yaml,resolve image digests and record image override/proof receipt before production OCI support
nvidia/gpu-operator,v26.3.3,aicr-eks-training,catalog-candidate,next80-proof-grade,21,0,1,20,yes,missing,,missing,,,container-toolkit;dcgm-exporter;dcgm,8f33a5021500891676062706330ec40b6f356e115a013df11d41943c65bf1be7,recipes/nvidia/gpu-operator/v26.3.3/revisions/aicr-eks-training/r001/rendered/release-objects.yaml,resolve image digests and record image override/proof receipt before production OCI support
nvidia/gpu-operator,v26.7.1,aicr-eks-training,catalog-candidate,next80-proof-grade,21,0,1,20,yes,missing,,missing,,,container-toolkit;dcgm-exporter;dcgm,4bd9d60ec2d64a15f28d175934c33d26efd49990a5a28d36b463182b807f9a9b,recipes/nvidia/gpu-operator/v26.7.1/revisions/aicr-eks-training/r001/rendered/release-objects.yaml,resolve image digests and record image override/proof receipt before production OCI support
nvidia/gpu-operator,v25.10.1,default,catalog-candidate,next80-proof-grade,25,0,4,21,yes,missing,,missing,,,container-toolkit;cuda;cuda,4a711392870e1063a56eaaf4ca40219d82f4acda7cae5c2ead234a9fa1384891,recipes/nvidia/gpu-operator/v25.10.1/revisions/default/r001/rendered/release-objects.yaml,resolve image digests and record image override/proof receipt before production OCI support
nvidia/gpu-operator,v26.3.2,default,catalog-candidate,next80-proof-grade,24,0,4,20,yes,missing,,missing,,,container-toolkit;dcgm-exporter;dcgm,51c7d8994a0ca9530254b46b3b6eae4fd38baeae4e0504c28f27933a4437950c,recipes/nvidia/gpu-operator/v26.3.2/revisions/default/r001/rendered/release-objects.yaml,resolve image digests and record image override/proof receipt before production OCI support
nvidia/gpu-operator,v26.3.3,default,catalog-candidate,next80-proof-grade,24,0,4,20,yes,missing,,missing,,,container-toolkit;dcgm-exporter;dcgm,73ebb5f6de3d1f010330d266db11b99b508be84dfc92b9d5deb01a39b66fee7c,recipes/nvidia/gpu-operator/v26.3.3/revisions/default/r001/rendered/release-objects.yaml,resolve image digests and record image override/proof receipt before production OCI support
nvidia/gpu-operator,v26.7.1,default,catalog-candidate,next80-proof-grade,24,0,4,20,yes,missing,,missing,,,container-toolkit;dcgm-exporter;dcgm,a3d4cab291e48e0d0e667ef49116c6d7ecff91600cd13c1e9c4c23290fcd78dd,recipes/nvidia/gpu-operator/v26.7.1/revisions/default/r001/rendered/release-objects.yaml,resolve image digests and record image override/proof receipt before production OCI support
nvidia/gpu-operator,v26.3.2,driver-580.105.08,catalog-candidate,next80-proof-grade,24,0,4,20,yes,missing,,missing,,,container-toolkit;dcgm-exporter;dcgm,70caf6e456b039cee29792410a0526c67a0f1ca6954f8b054bdd7c57b62243a0,recipes/nvidia/gpu-operator/v26.3.2/revisions/driver-580.105.08/r001/rendered/release-objects.yaml,resolve image digests and record image override/proof receipt before production OCI support
nvidia/gpu-operator,v26.3.3,driver-580.105.08,catalog-candidate,next80-proof-grade,24,0,4,20,yes,missing,,missing,,,container-toolkit;dcgm-exporter;dcgm,3e9b98ac2f1753e1e53801e271b071ee590da1c7b5ab5278e1b5dadba9f87528,recipes/nvidia/gpu-operator/v26.3.3/revisions/driver-580.105.08/r001/rendered/release-objects.yaml,resolve image digests and record image override/proof receipt before production OCI support
nvidia/gpu-operator,v26.7.1,driver-580.105.08,catalog-candidate,next80-proof-grade,24,0,4,20,yes,missing,,missing,,,container-toolkit;dcgm-exporter;dcgm,a7c7497145609bb16a06dda26b387625f75b388360ba9589d19ad6e6459a63f6,recipes/nvidia/gpu-operator/v26.7.1/revisions/driver-580.105.08/r001/rendered/release-objects.yaml,resolve image digests and record image override/proof receipt before production OCI support
nvidia/gpu-operator,v25.10.1,driver-580.126.20,catalog-candidate,next80-proof-grade,25,0,4,21,yes,missing,,missing,,,container-toolkit;cuda;cuda,ac011644664f8eadcbceeb44327d0525429d2710bfc9aef90ebe6d721d6090ee,recipes/nvidia/gpu-operator/v25.10.1/revisions/driver-580.126.20/r001/rendered/release-objects.yaml,resolve image digests and record image override/proof receipt before production OCI support
nvidia/gpu-operator,v26.7.1,driver-580.126.20,catalog-candidate,next80-proof-grade,24,0,4,20,yes,missing,,missing,,,container-toolkit;dcgm-exporter;dcgm,07c886e36a064b51cc99954ae5f3e98f3ca07d3ba51e1721e7affbf6a01654aa,recipes/nvidia/gpu-operator/v26.7.1/revisions/driver-580.126.20/r001/rendered/release-objects.yaml,resolve image digests and record image override/proof receipt before production OCI support
nvidia/gpu-operator,v25.10.1,driver-595.91.07,catalog-candidate,next80-proof-grade,25,0,4,21,yes,missing,,missing,,,container-toolkit;cuda;cuda,32714faffb818eaeda0f014bf562eab4942f8a1c8ce93d5a2c6613f087978cac,recipes/nvidia/gpu-operator/v25.10.1/revisions/driver-595.91.07/r001/rendered/release-objects.yaml,resolve image digests and record image override/proof receipt before production OCI support
nvidia/gpu-operator,v26.3.2,driver-595.91.07,catalog-candidate,next80-proof-grade,24,0,4,20,yes,missing,,missing,,,container-toolkit;dcgm-exporter;dcgm,523f9c0beb4eeab1b60bf8ce2438d03e85a7a4b564a80d546ad1d22932b06b9e,recipes/nvidia/gpu-operator/v26.3.2/revisions/driver-595.91.07/r001/rendered/release-objects.yaml,resolve image digests and record image override/proof receipt before production OCI support
nvidia/gpu-operator,v26.3.3,driver-595.91.07,catalog-candidate,next80-proof-grade,24,0,4,20,yes,missing,,missing,,,container-toolkit;dcgm-exporter;dcgm,d14f2965c55aab8f9b5503562949c16fa1f86c205af48afcc11f87bdf4606838,recipes/nvidia/gpu-operator/v26.3.3/revisions/driver-595.91.07/r001/rendered/release-objects.yaml,resolve image digests and record image override/proof receipt before production OCI support
nvidia/gpu-operator,v25.10.1,external-nfd,catalog-candidate,next80-proof-grade,22,0,1,21,yes,missing,,missing,,,container-toolkit;cuda;cuda,8667cb754f68c927b3d9dee8e7c4e1cb7d5141e6947f788f3e44853883df665a,recipes/nvidia/gpu-operator/v25.10.1/revisions/external-nfd/r001/rendered/release-objects.yaml,resolve image digests and record image override/proof receipt before production OCI support
nvidia/gpu-operator,v26.3.2,external-nfd,catalog-candidate,next80-proof-grade,21,0,1,20,yes,missing,,missing,,,container-toolkit;dcgm-exporter;dcgm,30a949cc36999ed032f4aa18838e11f4bacc29c2840e6a2b3bce8712e9305b37,recipes/nvidia/gpu-operator/v26.3.2/revisions/external-nfd/r001/rendered/release-objects.yaml,resolve image digests and record image override/proof receipt before production OCI support
nvidia/gpu-operator,v26.3.3,external-nfd,catalog-candidate,next80-proof-grade,21,0,1,20,yes,missing,,missing,,,container-toolkit;dcgm-exporter;dcgm,cb21107fdf6b6e1efee9c20074ed1969f7780e81e27ac73e67eb2b3d751b241d,recipes/nvidia/gpu-operator/v26.3.3/revisions/external-nfd/r001/rendered/release-objects.yaml,resolve image digests and record image override/proof receipt before production OCI support
nvidia/gpu-operator,v26.7.1,external-nfd,catalog-candidate,next80-proof-grade,21,0,1,20,yes,missing,,missing,,,container-toolkit;dcgm-exporter;dcgm,a6331c4c2f27f1b5124c97a8e5074375ff58e0dbfcb48c0a12104dba2617b489,recipes/nvidia/gpu-operator/v26.7.1/revisions/external-nfd/r001/rendered/release-objects.yaml,resolve image digests and record image override/proof receipt before production OCI support
nvidia/gpu-operator,v25.10.1,preinstalled-driver,catalog-candidate,next80-proof-grade,25,0,4,21,yes,missing,,missing,,,container-toolkit;cuda;cuda,4b03d8e2d14fb9cec1bc58aad65d50f18997e2f7cb6db661d279822ce7c8d9ea,recipes/nvidia/gpu-operator/v25.10.1/revisions/preinstalled-driver/r001/rendered/release-objects.yaml,resolve image digests and record image override/proof receipt before production OCI support
nvidia/gpu-operator,v26.3.2,preinstalled-driver,catalog-candidate,next80-proof-grade,24,0,4,20,yes,missing,,missing,,,container-toolkit;dcgm-exporter;dcgm,81722ed910b8ec297ef43e02fbbe13a124c3a78cc6ddc4ea7f07f7c1bec6e8ec,recipes/nvidia/gpu-operator/v26.3.2/revisions/preinstalled-driver/r001/rendered/release-objects.yaml,resolve image digests and record image override/proof receipt before production OCI support
nvidia/gpu-operator,v26.3.3,preinstalled-driver,catalog-candidate,next80-proof-grade,24,0,4,20,yes,missing,,missing,,,container-toolkit;dcgm-exporter;dcgm,a683f3569297e0bec21311881018d80b25feacabc15939acef49b045b18fc627,recipes/nvidia/gpu-operator/v26.3.3/revisions/preinstalled-driver/r001/rendered/release-objects.yaml,resolve image digests and record image override/proof receipt before production OCI support
nvidia/gpu-operator,v26.7.1,preinstalled-driver,catalog-candidate,next80-proof-grade,24,0,4,20,yes,missing,,missing,,,container-toolkit;dcgm-exporter;dcgm,98a886b6a43765364c65a2b93d489f430347f3fd8a02a35d5bc03015d675fe36,recipes/nvidia/gpu-operator/v26.7.1/revisions/preinstalled-driver/r001/rendered/release-objects.yaml,resolve image digests and record image override/proof receipt before production OCI support
nvidia/gpu-operator,v25.10.1,preinstalled-driver-and-toolkit,catalog-candidate,next80-proof-grade,25,0,4,21,yes,missing,,missing,,,container-toolkit;cuda;cuda,ec5537100284d75523d002dcd5d4754382bb372b4087d3564ad2c966103eaac8,recipes/nvidia/gpu-operator/v25.10.1/revisions/preinstalled-driver-and-toolkit/r001/rendered/release-objects.yaml,resolve image digests and record image override/proof receipt before production OCI support
nvidia/gpu-operator,v26.3.2,preinstalled-driver-and-toolkit,catalog-candidate,next80-proof-grade,24,0,4,20,yes,missing,,missing,,,container-toolkit;dcgm-exporter;dcgm,2980e91c1280647c62edc7e95bd9e1145de261022fe8d6f3a6d2ed1425f57c22,recipes/nvidia/gpu-operator/v26.3.2/revisions/preinstalled-driver-and-toolkit/r001/rendered/release-objects.yaml,resolve image digests and record image override/proof receipt before production OCI support
nvidia/gpu-operator,v26.3.3,preinstalled-driver-and-toolkit,catalog-candidate,next80-proof-grade,24,0,4,20,yes,missing,,missing,,,container-toolkit;dcgm-exporter;dcgm,f6db512d2f6196493b14208565922fb804bcb63c6570c960b85d4c97d7c39569,recipes/nvidia/gpu-operator/v26.3.3/revisions/preinstalled-driver-and-toolkit/r001/rendered/release-objects.yaml,resolve image digests and record image override/proof receipt before production OCI support
nvidia/gpu-operator,v26.7.1,preinstalled-driver-and-toolkit,catalog-candidate,next80-proof-grade,24,0,4,20,yes,missing,,missing,,,container-toolkit;dcgm-exporter;dcgm,2b6cb805960b912ddebd8e5ead4b9bfe5a75ec8d6e28816ebcc9173bdf5da82b,recipes/nvidia/gpu-operator/v26.7.1/revisions/preinstalled-driver-and-toolkit/r001/rendered/release-objects.yaml,resolve image digests and record image override/proof receipt before production OCI support
nvidia/k8s-nim-operator,3.1.0,aicr-eks-inference,catalog-candidate,next80-proof-grade,1,0,1,0,yes,missing,,missing,,,nvcr.io/nvidia/cloud-native/k8s-nim-operator:v3.1.0,ef6956d9cec1d29fa5955d22d5e5df9db12fa1a122613c7da358e0edcd19dbf8,recipes/nvidia/k8s-nim-operator/3.1.0/revisions/aicr-eks-inference/r001/rendered/release-objects.yaml,resolve image digests and record image override/proof receipt before production OCI support
nvidia/k8s-nim-operator,3.1.0,default,catalog-candidate,next80-proof-grade,1,0,1,0,yes,missing,,missing,,,nvcr.io/nvidia/cloud-native/k8s-nim-operator:v3.1.0,226c148d867aff54fd40bdce6debeec6201ce90a726f09087bd438ea426e450f,recipes/nvidia/k8s-nim-operator/3.1.0/revisions/default/r001/rendered/release-objects.yaml,resolve image digests and record image override/proof receipt before production OCI support
nvidia/k8s-nim-operator,3.1.2,default,catalog-candidate,next80-proof-grade,1,0,1,0,yes,missing,,missing,,,nvcr.io/nvidia/cloud-native/k8s-nim-operator:v3.1.2,b152742ed9d6d23ffc731464407499cf534c2c155657052cb1f9425000f6830f,recipes/nvidia/k8s-nim-operator/3.1.2/revisions/default/r001/rendered/release-objects.yaml,resolve image digests and record image override/proof receipt before production OCI support
nvidia/nodewright,v0.17.1,aicr-eks-training,catalog-candidate,next80-proof-grade,2,2,0,0,no,missing,,missing,,,,6b25ebafd5569b97caf3dab889873641f69ec5595fa7d2ff5262042d8927b3ed,recipes/nvidia/nodewright/v0.17.1/revisions/aicr-eks-training/r001/rendered/release-objects.yaml,none
nvidia/nodewright,v0.19.0,aicr-eks-training,catalog-candidate,next80-proof-grade,1,1,0,0,no,missing,,missing,,,,c97795fc53613bceb0e6c6080a3b225dba75152fe36ceb1a51be5d891d706baf,recipes/nvidia/nodewright/v0.19.0/revisions/aicr-eks-training/r001/rendered/release-objects.yaml,none
nvidia/nodewright,v0.17.1,default,catalog-candidate,next80-proof-grade,2,2,0,0,no,missing,,missing,,,,95a732cc71f8c56371fe119f8727c2c4053891dbb59d6cbbc5fbcbc378412210,recipes/nvidia/nodewright/v0.17.1/revisions/default/r001/rendered/release-objects.yaml,none
nvidia/nodewright,v0.19.0,default,catalog-candidate,next80-proof-grade,1,1,0,0,no,missing,,missing,,,,4d5e785228886b5681a54f46eb442bb8983d6b908d95e625c0c9ceb045b39430,recipes/nvidia/nodewright/v0.19.0/revisions/default/r001/rendered/release-objects.yaml,none
nvidia/nvidia-device-plugin,0.19.3,default,catalog-candidate,next80-proof-grade,3,0,3,0,yes,missing,,missing,,,nvcr.io/nvidia/k8s-device-plugin:v0.19.3;nvcr.io/nvidia/k8s-device-plugin:v0.19.3;nvcr.io/nvidia/k8s-device-plugin:v0.19.3,53d8261ca2426081f87f6f340e3f29897b7be85107b3ab99d6323d1042e29f52,recipes/nvidia/nvidia-device-plugin/0.19.3/revisions/default/r001/rendered/release-objects.yaml,resolve image digests and record image override/proof receipt before production OCI support
nvidia/nvidia-device-plugin,0.19.3,eks-inference,catalog-candidate,next80-proof-grade,3,0,3,0,yes,missing,,missing,,,nvcr.io/nvidia/k8s-device-plugin:v0.19.3;nvcr.io/nvidia/k8s-device-plugin:v0.19.3;nvcr.io/nvidia/k8s-device-plugin:v0.19.3,d5400ed7c047b23b6d5783ceb33f90346750a979ecd97d715faa4b0348ec3f1f,recipes/nvidia/nvidia-device-plugin/0.19.3/revisions/eks-inference/r001/rendered/release-objects.yaml,resolve image digests and record image override/proof receipt before production OCI support
nvidia/nvidia-device-plugin,0.19.3,nfd-enabled,catalog-candidate,next80-proof-grade,7,0,7,0,yes,missing,,missing,,,nvcr.io/nvidia/k8s-device-plugin:v0.19.3;nvcr.io/nvidia/k8s-device-plugin:v0.19.3;nvcr.io/nvidia/k8s-device-plugin:v0.19.3,ea128b8bb7bdea3f841d2bf5fe74d8d8926401882dc2348e567fe9678d74a119,recipes/nvidia/nvidia-device-plugin/0.19.3/revisions/nfd-enabled/r001/rendered/release-objects.yaml,resolve image digests and record image override/proof receipt before production OCI support
nvidia/nvsentinel,v1.20.0,aicr-eks-training,catalog-candidate,next80-proof-grade,7,0,7,0,yes,missing,,missing,,,ghcr.io/nvidia/nvsentinel/gpu-health-monitor:v1.20.0-dcgm-3.x;ghcr.io/nvidia/nvsentinel/gpu-health-monitor:v1.20.0-dcgm-4.x;ghcr.io/nvidia/nvsentinel/labeler:v1.20.0,28e45494250a43f3f44a0a9b7918984e5aaf12f5bd235137e06e40a264be8aee,recipes/nvidia/nvsentinel/v1.20.0/revisions/aicr-eks-training/r001/rendered/release-objects.yaml,resolve image digests and record image override/proof receipt before production OCI support
nvidia/nvsentinel,v1.25.0,aicr-eks-training,catalog-candidate,next80-proof-grade,7,0,7,0,yes,missing,,missing,,,ghcr.io/nvidia/nvsentinel/gpu-health-monitor:v1.25.0-dcgm-3.x;ghcr.io/nvidia/nvsentinel/gpu-health-monitor:v1.25.0-dcgm-4.x;ghcr.io/nvidia/nvsentinel/labeler:v1.25.0,a0a98f57755f4be60aedae1219efb32059025921a6c5eb15f57e87d5a7776b15,recipes/nvidia/nvsentinel/v1.25.0/revisions/aicr-eks-training/r001/rendered/release-objects.yaml,resolve image digests and record image override/proof receipt before production OCI support
nvidia/nvsentinel,v1.9.0,aicr-eks-training,catalog-candidate,next80-proof-grade,7,0,7,0,yes,missing,,missing,,,ghcr.io/nvidia/nvsentinel/gpu-health-monitor:v1.9.0-dcgm-3.x;ghcr.io/nvidia/nvsentinel/gpu-health-monitor:v1.9.0-dcgm-4.x;ghcr.io/nvidia/nvsentinel/labeler:v1.9.0,108838b8b474bf4a3e5bf541af136ef74fcacfdf74cb16ed18f7d999a44f365d,recipes/nvidia/nvsentinel/v1.9.0/revisions/aicr-eks-training/r001/rendered/release-objects.yaml,resolve image digests and record image override/proof receipt before production OCI support
nvidia/nvsentinel,v1.20.0,default,catalog-candidate,next80-proof-grade,7,0,7,0,yes,missing,,missing,,,ghcr.io/nvidia/nvsentinel/gpu-health-monitor:v1.20.0-dcgm-3.x;ghcr.io/nvidia/nvsentinel/gpu-health-monitor:v1.20.0-dcgm-4.x;ghcr.io/nvidia/nvsentinel/labeler:v1.20.0,3344e2d68968a485305ba8280ebb1676457f5552cd665c8000faa38c42841377,recipes/nvidia/nvsentinel/v1.20.0/revisions/default/r001/rendered/release-objects.yaml,resolve image digests and record image override/proof receipt before production OCI support
nvidia/nvsentinel,v1.25.0,default,catalog-candidate,next80-proof-grade,7,0,7,0,yes,missing,,missing,,,ghcr.io/nvidia/nvsentinel/gpu-health-monitor:v1.25.0-dcgm-3.x;ghcr.io/nvidia/nvsentinel/gpu-health-monitor:v1.25.0-dcgm-4.x;ghcr.io/nvidia/nvsentinel/labeler:v1.25.0,f12a375c7b63cdfe02ed6eda602a22c771d43216297ab2089f374ef913a86ec2,recipes/nvidia/nvsentinel/v1.25.0/revisions/default/r001/rendered/release-objects.yaml,resolve image digests and record image override/proof receipt before production OCI support
nvidia/nvsentinel,v1.26.0,default,catalog-candidate,next80-proof-grade,7,0,7,0,yes,missing,,missing,,,ghcr.io/nvidia/nvsentinel/gpu-health-monitor:v1.26.0-dcgm-3.x;ghcr.io/nvidia/nvsentinel/gpu-health-monitor:v1.26.0-dcgm-4.x;ghcr.io/nvidia/nvsentinel/labeler:v1.26.0,24814ac18cb0a16ce47a9d02a6a4c01d86ad3b99c1382f47b5daf734c4bc70ae,recipes/nvidia/nvsentinel/v1.26.0/revisions/default/r001/rendered/release-objects.yaml,resolve image digests and record image override/proof receipt before production OCI support
nvidia/nvsentinel,v1.9.0,default,catalog-candidate,next80-proof-grade,7,0,7,0,yes,missing,,missing,,,ghcr.io/nvidia/nvsentinel/gpu-health-monitor:v1.9.0-dcgm-3.x;ghcr.io/nvidia/nvsentinel/gpu-health-monitor:v1.9.0-dcgm-4.x;ghcr.io/nvidia/nvsentinel/labeler:v1.9.0,ff119d611ef65e379981eebab7975632ce560268a59300146e425c0468313fb2,recipes/nvidia/nvsentinel/v1.9.0/revisions/default/r001/rendered/release-objects.yaml,resolve image digests and record image override/proof receipt before production OCI support
nvidia/nvsentinel,v1.20.0,no-pod-monitor,catalog-candidate,next80-proof-grade,7,0,7,0,yes,missing,,missing,,,ghcr.io/nvidia/nvsentinel/gpu-health-monitor:v1.20.0-dcgm-3.x;ghcr.io/nvidia/nvsentinel/gpu-health-monitor:v1.20.0-dcgm-4.x;ghcr.io/nvidia/nvsentinel/labeler:v1.20.0,90aeac70ec22badcd205ec6a6ee66b7490a8353eb3242cde61bedce08bd4c3eb,recipes/nvidia/nvsentinel/v1.20.0/revisions/no-pod-monitor/r001/rendered/release-objects.yaml,resolve image digests and record image override/proof receipt before production OCI support
nvidia/nvsentinel,v1.25.0,no-pod-monitor,catalog-candidate,next80-proof-grade,7,0,7,0,yes,missing,,missing,,,ghcr.io/nvidia/nvsentinel/gpu-health-monitor:v1.25.0-dcgm-3.x;ghcr.io/nvidia/nvsentinel/gpu-health-monitor:v1.25.0-dcgm-4.x;ghcr.io/nvidia/nvsentinel/labeler:v1.25.0,efeccf54131507abb5c6c4965ec661bcc48b5e89f609afdcdf9f299a8afbbd25,recipes/nvidia/nvsentinel/v1.25.0/revisions/no-pod-monitor/r001/rendered/release-objects.yaml,resolve image digests and record image override/proof receipt before production OCI support
nvidia/nvsentinel,v1.26.0,no-pod-monitor,catalog-candidate,next80-proof-grade,7,0,7,0,yes,missing,,missing,,,ghcr.io/nvidia/nvsentinel/gpu-health-monitor:v1.26.0-dcgm-3.x;ghcr.io/nvidia/nvsentinel/gpu-health-monitor:v1.26.0-dcgm-4.x;ghcr.io/nvidia/nvsentinel/labeler:v1.26.0,46e1eea6fdb17a85b71a8e36978dc96364ed5d65ee7951b02b22cf7de8733c00,recipes/nvidia/nvsentinel/v1.26.0/revisions/no-pod-monitor/r001/rendered/release-objects.yaml,resolve image digests and record image override/proof receipt before production OCI support
nvidia/nvsentinel,v1.9.0,no-pod-monitor,catalog-candidate,next80-proof-grade,7,0,7,0,yes,missing,,missing,,,ghcr.io/nvidia/nvsentinel/gpu-health-monitor:v1.9.0-dcgm-3.x;ghcr.io/nvidia/nvsentinel/gpu-health-monitor:v1.9.0-dcgm-4.x;ghcr.io/nvidia/nvsentinel/labeler:v1.9.0,5319d654999e0575a5c43ab992c31af9a22a92f5d55f025e4f3ad539cb963810,recipes/nvidia/nvsentinel/v1.9.0/revisions/no-pod-monitor/r001/rendered/release-objects.yaml,resolve image digests and record image override/proof receipt before production OCI support
oauth2-proxy/oauth2-proxy,10.7.0,default,unknown,unknown,1,0,1,0,yes,missing,,missing,,,quay.io/oauth2-proxy/oauth2-proxy:v7.15.3,1e6b5312d0e3ec8d8c0e306fb995604d377c89207409e35f2934f3526ac54abc,recipes/oauth2-proxy/oauth2-proxy/10.7.0/revisions/default/r001/rendered/release-objects.yaml,resolve image digests and record image override/proof receipt before production OCI support
open-telemetry/opentelemetry-operator,0.114.0,default,proof-grade,next80-proof-grade,1,0,1,0,yes,missing,,missing,,,ghcr.io/open-telemetry/opentelemetry-operator/opentelemetry-operator:0.152.0,68dd01565796d137e5dea26e1db02ef3e0d99bbbafd000ec3663680b5bbda873,recipes/open-telemetry/opentelemetry-operator/0.114.0/revisions/default/r001/rendered/release-objects.yaml,resolve image digests and record image override/proof receipt before production OCI support
open-telemetry/opentelemetry-operator,0.114.0,no-crds,proof-grade,next80-proof-grade,1,0,1,0,yes,missing,,missing,,,ghcr.io/open-telemetry/opentelemetry-operator/opentelemetry-operator:0.152.0,6ca1e737e9540f4b6a2d6e19fa83fa580cb407942b78ed53f9604aa46b662ea1,recipes/open-telemetry/opentelemetry-operator/0.114.0/revisions/no-crds/r001/rendered/release-objects.yaml,resolve image digests and record image override/proof receipt before production OCI support
opencost/opencost,2.5.21,default,proof-grade,next80-proof-grade,2,2,0,0,no,missing,,missing,,,,3cf0267ce7b5173e0c514fad903e559129d63d2f9a6bb83da681dcff1f7977dc,recipes/opencost/opencost/2.5.21/revisions/default/r001/rendered/release-objects.yaml,none
percona/pg-operator,3.0.0,default,proof-grade,next80-proof-grade,1,0,1,0,yes,missing,,missing,,,docker.io/percona/percona-postgresql-operator:3.0.0,bf309d7e26c9351501282530b3707719d97e87593333150163c468461725a8ff,recipes/percona/pg-operator/3.0.0/revisions/default/r001/rendered/release-objects.yaml,resolve image digests and record image override/proof receipt before production OCI support
percona/pg-operator,3.0.0,no-crds,proof-grade,next80-proof-grade,1,0,1,0,yes,missing,,missing,,,docker.io/percona/percona-postgresql-operator:3.0.0,b74ec3d7caff70a013e25ff922dc6ead03c37f01193f603f63a1f6686e59f8d2,recipes/percona/pg-operator/3.0.0/revisions/no-crds/r001/rendered/release-objects.yaml,resolve image digests and record image override/proof receipt before production OCI support
percona/psmdb-operator,1.22.0,default,proof-grade,next80-proof-grade,1,0,1,0,yes,missing,,missing,,,percona/percona-server-mongodb-operator:1.22.0,a9ae26e197ef3e108ecab8c30f630ce24004a29b670916169ae6634198b96936,recipes/percona/psmdb-operator/1.22.0/revisions/default/r001/rendered/release-objects.yaml,resolve image digests and record image override/proof receipt before production OCI support
percona/psmdb-operator,1.23.0,default,proof-grade,next80-proof-grade,1,0,1,0,yes,missing,,missing,,,percona/percona-server-mongodb-operator:1.23.0,3a78993717302f1bae0a460466174a9211d04eb873f105a45e39b8fc49535bab,recipes/percona/psmdb-operator/1.23.0/revisions/default/r001/rendered/release-objects.yaml,resolve image digests and record image override/proof receipt before production OCI support
percona/psmdb-operator,1.22.0,no-crds,proof-grade,next80-proof-grade,1,0,1,0,yes,missing,,missing,,,percona/percona-server-mongodb-operator:1.22.0,583396c1666b921931627a8a24a0dcb5a6d4859dd5fbd1ee350a1dfec44daffb,recipes/percona/psmdb-operator/1.22.0/revisions/no-crds/r001/rendered/release-objects.yaml,resolve image digests and record image override/proof receipt before production OCI support
percona/pxc-operator,1.19.1,default,proof-grade,next80-proof-grade,1,0,1,0,yes,missing,,missing,,,percona/percona-xtradb-cluster-operator:1.19.1,769b3b65e8543cd4ae04c498b6793f5f9e84b611bff8ec07b7fbaa5efaac8dc6,recipes/percona/pxc-operator/1.19.1/revisions/default/r001/rendered/release-objects.yaml,resolve image digests and record image override/proof receipt before production OCI support
percona/pxc-operator,1.19.1,no-crds,proof-grade,next80-proof-grade,1,0,1,0,yes,missing,,missing,,,percona/percona-xtradb-cluster-operator:1.19.1,ee1aa1c285ef83592cb2488116b126c13c4b3311f0e8a153b9bd6699ae566488,recipes/percona/pxc-operator/1.19.1/revisions/no-crds/r001/rendered/release-objects.yaml,resolve image digests and record image override/proof receipt before production OCI support
policy-reporter/policy-reporter,3.10.0,default,proof-grade,next80-proof-grade,1,0,1,0,yes,missing,,missing,,,ghcr.io/kyverno/policy-reporter:3.10.0,a7b6293916be3b1e6e7746a1fb2802f6e820ecd9fbb24aa122fc028a6f95de10,recipes/policy-reporter/policy-reporter/3.10.0/revisions/default/r001/rendered/release-objects.yaml,resolve image digests and record image override/proof receipt before production OCI support
policy-reporter/policy-reporter,3.9.1,default,proof-grade,next80-proof-grade,1,0,1,0,yes,missing,,missing,,,ghcr.io/kyverno/policy-reporter:3.9.0,95d0f5f27c2ca4df172b45db2a8f60d2c86c43801984c62ee032fca725bf1abf,recipes/policy-reporter/policy-reporter/3.9.1/revisions/default/r001/rendered/release-objects.yaml,resolve image digests and record image override/proof receipt before production OCI support
projectcalico/tigera-operator,v3.32.0,default,proof-grade,next80-proof-grade,1,0,1,0,yes,missing,,missing,,,quay.io/tigera/operator:v1.42.0,9ce56a65a1b0ca63aec202cb662a5389fe6a6a55e6d4b9db9920febcc5b2b350,recipes/projectcalico/tigera-operator/v3.32.0/revisions/default/r001/rendered/release-objects.yaml,resolve image digests and record image override/proof receipt before production OCI support
prometheus-community/alertmanager,1.37.0,default,proof-grade,next80-proof-grade,1,0,1,0,yes,missing,,missing,,,quay.io/prometheus/alertmanager:v0.32.1,fc6c693435a12f92b94f3f59435e1e23af1cf4b87fc4564cda64ea502e7e1dc6,recipes/prometheus-community/alertmanager/1.37.0/revisions/default/r001/rendered/release-objects.yaml,resolve image digests and record image override/proof receipt before production OCI support
prometheus-community/alertmanager,1.37.0,ha,proof-grade,next80-proof-grade,1,0,1,0,yes,missing,,missing,,,quay.io/prometheus/alertmanager:v0.32.1,a016dbf7647ff32935788288023d6dbd78b924f6cca645ef2081fe1d8856f8b4,recipes/prometheus-community/alertmanager/1.37.0/revisions/ha/r001/rendered/release-objects.yaml,resolve image digests and record image override/proof receipt before production OCI support
prometheus-community/kube-state-metrics,7.4.0,cluster-metrics-readonly,proof-grade,next80-proof-grade,1,0,1,0,yes,missing,,missing,,,registry.k8s.io/kube-state-metrics/kube-state-metrics:v2.19.0,b892be5f9969f39e3a7a0fadacde77cf3b9a86ca16485d5712cc2a476bda14bc,recipes/prometheus-community/kube-state-metrics/7.4.0/revisions/cluster-metrics-readonly/r001/rendered/release-objects.yaml,resolve image digests and record image override/proof receipt before production OCI support
prometheus-community/kube-state-metrics,7.4.0,default,proof-grade,next80-proof-grade,1,0,1,0,yes,missing,,missing,,,registry.k8s.io/kube-state-metrics/kube-state-metrics:v2.19.0,b892be5f9969f39e3a7a0fadacde77cf3b9a86ca16485d5712cc2a476bda14bc,recipes/prometheus-community/kube-state-metrics/7.4.0/revisions/default/r001/rendered/release-objects.yaml,resolve image digests and record image override/proof receipt before production OCI support
prometheus-community/prometheus-adapter,5.3.0,apiservice-v1-capability,proof-grade,next80-proof-grade,1,0,1,0,yes,missing,,missing,,,registry.k8s.io/prometheus-adapter/prometheus-adapter:v0.12.0,b1cfc0aa1c663e05e1c184d9cbc6e806feffb9456755ff81233058f05a795c23,recipes/prometheus-community/prometheus-adapter/5.3.0/revisions/apiservice-v1-capability/r001/rendered/release-objects.yaml,resolve image digests and record image override/proof receipt before production OCI support
prometheus-community/prometheus-adapter,5.3.0,cluster-metrics-readonly,proof-grade,next80-proof-grade,1,0,1,0,yes,missing,,missing,,,registry.k8s.io/prometheus-adapter/prometheus-adapter:v0.12.0,50e586691867cf7be3f14a7c3e71839f3f8b6cae32b64a10f01362d68add983a,recipes/prometheus-community/prometheus-adapter/5.3.0/revisions/cluster-metrics-readonly/r001/rendered/release-objects.yaml,resolve image digests and record image override/proof receipt before production OCI support
prometheus-community/prometheus-adapter,5.3.0,default,proof-grade,next80-proof-grade,1,0,1,0,yes,missing,,missing,,,registry.k8s.io/prometheus-adapter/prometheus-adapter:v0.12.0,50e586691867cf7be3f14a7c3e71839f3f8b6cae32b64a10f01362d68add983a,recipes/prometheus-community/prometheus-adapter/5.3.0/revisions/default/r001/rendered/release-objects.yaml,resolve image digests and record image override/proof receipt before production OCI support
prometheus-community/prometheus-blackbox-exporter,11.10.0,cluster-metrics-readonly,proof-grade,next80-proof-grade,1,0,1,0,yes,missing,,missing,,,quay.io/prometheus/blackbox-exporter:v0.28.0,43dbd48cda5a6f5aa85365fdba15a04cb328d513a0123983ec943c505a01730c,recipes/prometheus-community/prometheus-blackbox-exporter/11.10.0/revisions/cluster-metrics-readonly/r001/rendered/release-objects.yaml,resolve image digests and record image override/proof receipt before production OCI support
prometheus-community/prometheus-blackbox-exporter,11.10.0,default,proof-grade,next80-proof-grade,1,0,1,0,yes,missing,,missing,,,quay.io/prometheus/blackbox-exporter:v0.28.0,43dbd48cda5a6f5aa85365fdba15a04cb328d513a0123983ec943c505a01730c,recipes/prometheus-community/prometheus-blackbox-exporter/11.10.0/revisions/default/r001/rendered/release-objects.yaml,resolve image digests and record image override/proof receipt before production OCI support
prometheus-community/prometheus-blackbox-exporter,11.15.1,default,proof-grade,next80-proof-grade,1,0,1,0,yes,missing,,missing,,,quay.io/prometheus/blackbox-exporter:v0.28.0,988144ef5b62615e820a8ada37fe9c0f9ee80bb853d5ec65c55a928faeba0c70,recipes/prometheus-community/prometheus-blackbox-exporter/11.15.1/revisions/default/r001/rendered/release-objects.yaml,resolve image digests and record image override/proof receipt before production OCI support
prometheus-community/prometheus-blackbox-exporter,11.18.0,default,proof-grade,next80-proof-grade,1,0,1,0,yes,missing,,missing,,,quay.io/prometheus/blackbox-exporter:v0.28.0,f9a8cddd436d84f31bcb4903756d6a1e149e7f4197d33d18013e33b077195aa2,recipes/prometheus-community/prometheus-blackbox-exporter/11.18.0/revisions/default/r001/rendered/release-objects.yaml,resolve image digests and record image override/proof receipt before production OCI support
prometheus-community/prometheus-node-exporter,4.55.0,cluster-metrics-readonly,proof-grade,next80-proof-grade,1,0,1,0,yes,missing,,missing,,,quay.io/prometheus/node-exporter:v1.11.1,76ee8c58c2b4022743468fcbc8ccd9414853d85b951edb720268e5466638ef0d,recipes/prometheus-community/prometheus-node-exporter/4.55.0/revisions/cluster-metrics-readonly/r001/rendered/release-objects.yaml,resolve image digests and record image override/proof receipt before production OCI support
prometheus-community/prometheus-node-exporter,4.55.0,default,proof-grade,next80-proof-grade,1,0,1,0,yes,missing,,missing,,,quay.io/prometheus/node-exporter:v1.11.1,37862948d7c5d39d7be726864e9c71e6fb9e9fcc1ac40140e97153152aa6ffbc,recipes/prometheus-community/prometheus-node-exporter/4.55.0/revisions/default/r001/rendered/release-objects.yaml,resolve image digests and record image override/proof receipt before production OCI support
prometheus-community/prometheus-pushgateway,3.6.0,default,proof-grade,next80-proof-grade,1,0,1,0,yes,missing,,missing,,,quay.io/prometheus/pushgateway:v1.11.2,80cb018f0b277814e17ca7208be55ef10ed74288a258a6519e7bbcf088a9f450,recipes/prometheus-community/prometheus-pushgateway/3.6.0/revisions/default/r001/rendered/release-objects.yaml,resolve image digests and record image override/proof receipt before production OCI support
rook-release/rook-ceph,v1.19.5,default,proof-grade,next80-proof-grade,2,0,2,0,yes,missing,,missing,,,docker.io/rook/ceph:v1.19.5;quay.io/cephcsi/ceph-csi-operator:v0.6.0,26789923789aab27d01638f52680ee6de6d982268eee3740cabc733142f67ba8,recipes/rook-release/rook-ceph/v1.19.5/revisions/default/r001/rendered/release-objects.yaml,resolve image digests and record image override/proof receipt before production OCI support
rook-release/rook-ceph-cluster,v1.19.5,default,proof-grade,next80-proof-grade,1,0,1,0,yes,missing,,missing,,,quay.io/ceph/ceph:v19.2.3,5ac8f526459d6393552b66ab60f690c6c85a1e86bba45ea82d5bbf219694b010,recipes/rook-release/rook-ceph-cluster/v1.19.5/revisions/default/r001/rendered/release-objects.yaml,resolve image digests and record image override/proof receipt before production OCI support
runix/pgadmin4,1.62.0,default,proof-grade,next80-proof-grade,1,0,1,0,yes,missing,,missing,,,docker.io/dpage/pgadmin4:9.13,78528d11d3b5ea8cf8c03e43834edbe87a944df1593c516867cc4e0389ba1565,recipes/runix/pgadmin4/1.62.0/revisions/default/r001/rendered/release-objects.yaml,resolve image digests and record image override/proof receipt before production OCI support
sealed-secrets/sealed-secrets,2.18.6,default,proof-grade,next80-proof-grade,1,0,1,0,yes,missing,,missing,,,docker.io/bitnami/sealed-secrets-controller:0.37.0,096c66f4ea312aa7c3a4fc2be815b64271c3f1c829c8914b5c96c190aa22a83e,recipes/sealed-secrets/sealed-secrets/2.18.6/revisions/default/r001/rendered/release-objects.yaml,resolve image digests and record image override/proof receipt before production OCI support
sealed-secrets/sealed-secrets,2.18.6,no-crds,proof-grade,next80-proof-grade,1,0,1,0,yes,missing,,missing,,,docker.io/bitnami/sealed-secrets-controller:0.37.0,8c271440bc9064522738add874400229e0dc0de35e39818aa29433f7d16c243c,recipes/sealed-secrets/sealed-secrets/2.18.6/revisions/no-crds/r001/rendered/release-objects.yaml,resolve image digests and record image override/proof receipt before production OCI support
stakater/reloader,2.2.12,controller-default-reviewed,proof-grade,next80-proof-grade,1,0,1,0,yes,missing,,missing,,,ghcr.io/stakater/reloader:v1.4.17,d73021c041d681424e89af4e6dde4e99ac3791b1622576649778f7314f979d9e,recipes/stakater/reloader/2.2.12/revisions/controller-default-reviewed/r001/rendered/release-objects.yaml,resolve image digests and record image override/proof receipt before production OCI support
stakater/reloader,2.2.12,default,proof-grade,next80-proof-grade,1,0,1,0,yes,missing,,missing,,,ghcr.io/stakater/reloader:v1.4.17,d73021c041d681424e89af4e6dde4e99ac3791b1622576649778f7314f979d9e,recipes/stakater/reloader/2.2.12/revisions/default/r001/rendered/release-objects.yaml,resolve image digests and record image override/proof receipt before production OCI support
stakater/reloader,2.2.14,default,proof-grade,next80-proof-grade,1,0,1,0,yes,missing,,missing,,,ghcr.io/stakater/reloader:v1.4.19,206dcaad71b6f825e834c5b1c0a3dc6799927de8344f4f5d58ed8f6a8bded049,recipes/stakater/reloader/2.2.14/revisions/default/r001/rendered/release-objects.yaml,resolve image digests and record image override/proof receipt before production OCI support
stakater/reloader,2.2.16,default,proof-grade,next80-proof-grade,1,0,1,0,yes,missing,,missing,,,ghcr.io/stakater/reloader:v1.4.21,64a45378bc0d60bf4cb4fb5094cf8c58aeb5c337934d0f9df3273fcaa04b2a3b,recipes/stakater/reloader/2.2.16/revisions/default/r001/rendered/release-objects.yaml,resolve image digests and record image override/proof receipt before production OCI support
strimzi/strimzi-kafka-operator,1.0.0,default,proof-grade,next80-proof-grade,1,0,1,0,yes,missing,,missing,,,quay.io/strimzi/operator:1.0.0,f3cfe3329c6673870bb6ecd1d31cab9d74ee96695d6b2b6fbfb0f4a1a7b9f23b,recipes/strimzi/strimzi-kafka-operator/1.0.0/revisions/default/r001/rendered/release-objects.yaml,resolve image digests and record image override/proof receipt before production OCI support
strimzi/strimzi-kafka-operator,1.0.0,no-crds,proof-grade,next80-proof-grade,1,0,1,0,yes,missing,,missing,,,quay.io/strimzi/operator:1.0.0,c074a6281dddbc35ec340c8efcce77b1875ed5c3432cc54c651a7976304ef43d,recipes/strimzi/strimzi-kafka-operator/1.0.0/revisions/no-crds/r001/rendered/release-objects.yaml,resolve image digests and record image override/proof receipt before production OCI support
traefik/traefik,40.2.0,default,proof-grade,next80-proof-grade,1,0,1,0,yes,missing,,missing,,,docker.io/traefik:v3.7.1,84b1e950901024fda7bb0be73aba239015712ae0c3d4cb0ecabcb091abc53c09,recipes/traefik/traefik/40.2.0/revisions/default/r001/rendered/release-objects.yaml,resolve image digests and record image override/proof receipt before production OCI support
traefik/traefik,41.0.2,default,proof-grade,next80-proof-grade,1,0,1,0,yes,missing,,missing,,,docker.io/traefik:v3.7.6,460d20fb9271461c0ccf38da58c7aa940fd691aca94b48cf76aed24465a982ac,recipes/traefik/traefik/41.0.2/revisions/default/r001/rendered/release-objects.yaml,resolve image digests and record image override/proof receipt before production OCI support
traefik/traefik,41.4.0,default,proof-grade,next80-proof-grade,1,0,1,0,yes,missing,,missing,,,docker.io/traefik:v3.7.12,8e17fdeb313402d3b8cc3f7827c1f35d278e6809cf93ea0d7a9be31ea82c464b,recipes/traefik/traefik/41.4.0/revisions/default/r001/rendered/release-objects.yaml,resolve image digests and record image override/proof receipt before production OCI support
traefik/traefik,40.2.0,no-crds,proof-grade,next80-proof-grade,1,0,1,0,yes,missing,,missing,,,docker.io/traefik:v3.7.1,9db056bdffd213bbce847b96122b40e879d0e47f7b8d57074f62a020ed89c9ce,recipes/traefik/traefik/40.2.0/revisions/no-crds/r001/rendered/release-objects.yaml,resolve image digests and record image override/proof receipt before production OCI support
valkey/valkey,0.11.0,default,proof-grade,next80-proof-grade,2,0,2,0,yes,missing,,missing,,,docker.io/valkey/valkey:9.1.1;docker.io/valkey/valkey:9.1.1,0e66fc37f01be1b3812cf18bb9e0f83799a07f7d2d5a8d66c18cfca409d5e4df,recipes/valkey/valkey/0.11.0/revisions/default/r001/rendered/release-objects.yaml,resolve image digests and record image override/proof receipt before production OCI support
velero/velero,12.0.1,default,proof-grade,next80-proof-grade,1,0,1,0,yes,missing,,missing,,,docker.io/velero/velero:v1.18.0,3fc8afa5a2077710e8e9a49df435b234925b373cdaf2209e66fada0044ef2c1b,recipes/velero/velero/12.0.1/revisions/default/r001/rendered/release-objects.yaml,resolve image digests and record image override/proof receipt before production OCI support
velero/velero,12.1.0,default,proof-grade,next80-proof-grade,1,0,1,0,yes,missing,,missing,,,docker.io/velero/velero:v1.18.1,98ae56afed33da670906bb8ea003f7abd1ec19e4bbc42244590bc2e97f772d3f,recipes/velero/velero/12.1.0/revisions/default/r001/rendered/release-objects.yaml,resolve image digests and record image override/proof receipt before production OCI support
velero/velero,12.0.1,no-crds,proof-grade,next80-proof-grade,1,0,1,0,yes,missing,,missing,,,docker.io/velero/velero:v1.18.0,8ae294dd0418f586f2ea4ba66660384f28cacb0ceed6124ac0a0b1c8b4c1d933,recipes/velero/velero/12.0.1/revisions/no-crds/r001/rendered/release-objects.yaml,resolve image digests and record image override/proof receipt before production OCI support
vm/victoria-logs-single,0.12.5,default,proof-grade,next80-proof-grade,1,0,1,0,yes,missing,,missing,,,victoriametrics/victoria-logs:v1.50.0,edbf6e7dd31e9a1d0686592e7c1f050b04f5d780bdc33bb34fb3ddbfdfedde04,recipes/vm/victoria-logs-single/0.12.5/revisions/default/r001/rendered/release-objects.yaml,resolve image digests and record image override/proof receipt before production OCI support
vm/victoria-metrics-single,0.39.0,default,proof-grade,next80-proof-grade,1,0,1,0,yes,missing,,missing,,,victoriametrics/victoria-metrics:v1.144.0,10c95bd43cb02502fb823b0d461c26b60fb0b4fe988ccf8a0cbe2e29f0a8c5f8,recipes/vm/victoria-metrics-single/0.39.0/revisions/default/r001/rendered/release-objects.yaml,resolve image digests and record image override/proof receipt before production OCI support
vm/victoria-metrics-single,0.39.0,default-reviewed,proof-grade,next80-proof-grade,1,0,1,0,yes,missing,,missing,,,victoriametrics/victoria-metrics:v1.144.0,10c95bd43cb02502fb823b0d461c26b60fb0b4fe988ccf8a0cbe2e29f0a8c5f8,recipes/vm/victoria-metrics-single/0.39.0/revisions/default-reviewed/r001/rendered/release-objects.yaml,resolve image digests and record image override/proof receipt before production OCI support
