block_id,block_goal,work_type,chart,version,base,command,current_status,lane_cells,run_readiness,support_artifact,receipt,prediction_status,predicted_residue_family,predicted_target_profile,prediction_basis,confidence,serial_safety_notes,why_this_block_matters_for_99
GP-01,"G/P: run the 5 ready live-parity row(s) with predicted capability-profile / gitops-runtime (prometheus-community/prometheus-operator-crds@28.0.1, jetstack/cert-manager@v1.21.0, jetstack/cert-manager@v1.21.1); each live-parity command classifies both the G and P cells. Confirm or reclassify from each receipt.",live-parity,prometheus-community/prometheus-operator-crds,28.0.1,aicr-eks-training,npm run live-parity:run -- --recipe recipes/prometheus-community/prometheus-operator-crds/28.0.1 --base aicr-eks-training,todo,G=todo;P=todo,ready-to-run,,,derived,capability-profile,a target whose API capabilities match the chart render profile,family pattern — prometheus-community: 2/6 classified rows are capability-profile,low,installs cluster-scoped CRDs/webhooks — verify CRD ownership and cleanup; do not batch with another CRD installer in parallel,ready-to-run todo cell(s) [G=todo;P=todo] counted against the 99% disposition bar; running this converts todo -> pass/watch/blocked with a committed receipt
GP-01,"G/P: run the 5 ready live-parity row(s) with predicted capability-profile / gitops-runtime (prometheus-community/prometheus-operator-crds@28.0.1, jetstack/cert-manager@v1.21.0, jetstack/cert-manager@v1.21.1); each live-parity command classifies both the G and P cells. Confirm or reclassify from each receipt.",live-parity,prometheus-community/prometheus-operator-crds,28.0.1,default,npm run live-parity:run -- --recipe recipes/prometheus-community/prometheus-operator-crds/28.0.1 --base default,todo,G=todo;P=todo,ready-to-run,,,derived,capability-profile,a target whose API capabilities match the chart render profile,family pattern — prometheus-community: 2/6 classified rows are capability-profile,low,installs cluster-scoped CRDs/webhooks — verify CRD ownership and cleanup; do not batch with another CRD installer in parallel,ready-to-run todo cell(s) [G=todo;P=todo] counted against the 99% disposition bar; running this converts todo -> pass/watch/blocked with a committed receipt
GP-01,"G/P: run the 5 ready live-parity row(s) with predicted capability-profile / gitops-runtime (prometheus-community/prometheus-operator-crds@28.0.1, jetstack/cert-manager@v1.21.0, jetstack/cert-manager@v1.21.1); each live-parity command classifies both the G and P cells. Confirm or reclassify from each receipt.",live-parity,jetstack/cert-manager,v1.21.0,crds-enabled,npm run live-parity:run -- --recipe recipes/jetstack/cert-manager/v1.21.0 --base crds-enabled,todo,G=todo;P=todo,ready-to-run,,,derived,gitops-runtime,vanilla kind proof rig with ConfigHub OCI/Argo — expect a controller-health residue to explain,family pattern — jetstack: 1/1 classified rows are gitops-runtime,medium,installs cluster-scoped CRDs/webhooks — verify CRD ownership and cleanup; do not batch with another CRD installer in parallel,ready-to-run todo cell(s) [G=todo;P=todo] counted against the 99% disposition bar; running this converts todo -> pass/watch/blocked with a committed receipt
GP-01,"G/P: run the 5 ready live-parity row(s) with predicted capability-profile / gitops-runtime (prometheus-community/prometheus-operator-crds@28.0.1, jetstack/cert-manager@v1.21.0, jetstack/cert-manager@v1.21.1); each live-parity command classifies both the G and P cells. Confirm or reclassify from each receipt.",live-parity,jetstack/cert-manager,v1.21.1,crds-enabled,npm run live-parity:run -- --recipe recipes/jetstack/cert-manager/v1.21.1 --base crds-enabled,todo,G=todo;P=todo,ready-to-run,,,derived,gitops-runtime,vanilla kind proof rig with ConfigHub OCI/Argo — expect a controller-health residue to explain,family pattern — jetstack: 1/1 classified rows are gitops-runtime,medium,installs cluster-scoped CRDs/webhooks — verify CRD ownership and cleanup; do not batch with another CRD installer in parallel,ready-to-run todo cell(s) [G=todo;P=todo] counted against the 99% disposition bar; running this converts todo -> pass/watch/blocked with a committed receipt
GP-01,"G/P: run the 5 ready live-parity row(s) with predicted capability-profile / gitops-runtime (prometheus-community/prometheus-operator-crds@28.0.1, jetstack/cert-manager@v1.21.0, jetstack/cert-manager@v1.21.1); each live-parity command classifies both the G and P cells. Confirm or reclassify from each receipt.",live-parity,jetstack/cert-manager,v1.21.0,default,npm run live-parity:run -- --recipe recipes/jetstack/cert-manager/v1.21.0 --base default,todo,G=todo;P=todo,ready-to-run,,,derived,gitops-runtime,vanilla kind proof rig with ConfigHub OCI/Argo — expect a controller-health residue to explain,family pattern — jetstack: 1/1 classified rows are gitops-runtime,medium,installs cluster-scoped CRDs/webhooks — verify CRD ownership and cleanup; do not batch with another CRD installer in parallel,ready-to-run todo cell(s) [G=todo;P=todo] counted against the 99% disposition bar; running this converts todo -> pass/watch/blocked with a committed receipt
GP-02,"G/P: run the 5 ready live-parity row(s) with predicted gitops-runtime (jetstack/cert-manager@v1.21.1, kyverno/kyverno-policies@3.8.2, kyverno/kyverno-policies@3.9.0, kyverno/kyverno@3.8.2, kyverno/kyverno@3.9.0); each live-parity command classifies both the G and P cells. Confirm or reclassify from each receipt.",live-parity,jetstack/cert-manager,v1.21.1,default,npm run live-parity:run -- --recipe recipes/jetstack/cert-manager/v1.21.1 --base default,todo,G=todo;P=todo,ready-to-run,,,derived,gitops-runtime,vanilla kind proof rig with ConfigHub OCI/Argo — expect a controller-health residue to explain,family pattern — jetstack: 1/1 classified rows are gitops-runtime,medium,installs cluster-scoped CRDs/webhooks — verify CRD ownership and cleanup; do not batch with another CRD installer in parallel,ready-to-run todo cell(s) [G=todo;P=todo] counted against the 99% disposition bar; running this converts todo -> pass/watch/blocked with a committed receipt
GP-02,"G/P: run the 5 ready live-parity row(s) with predicted gitops-runtime (jetstack/cert-manager@v1.21.1, kyverno/kyverno-policies@3.8.2, kyverno/kyverno-policies@3.9.0, kyverno/kyverno@3.8.2, kyverno/kyverno@3.9.0); each live-parity command classifies both the G and P cells. Confirm or reclassify from each receipt.",live-parity,kyverno/kyverno-policies,3.8.2,default,npm run live-parity:run -- --recipe recipes/kyverno/kyverno-policies/3.8.2 --base default,todo,G=todo;P=todo,ready-to-run,,,derived,gitops-runtime,vanilla kind proof rig with ConfigHub OCI/Argo — expect a controller-health residue to explain,sibling receipt — kyverno/kyverno-policies already classified gitops-runtime (runs/live-helm-confighub-compare/kyverno-kyverno-policies-default/receipt.yaml),high,installs cluster-scoped CRDs/webhooks — verify CRD ownership and cleanup; do not batch with another CRD installer in parallel,ready-to-run todo cell(s) [G=todo;P=todo] counted against the 99% disposition bar; running this converts todo -> pass/watch/blocked with a committed receipt
GP-02,"G/P: run the 5 ready live-parity row(s) with predicted gitops-runtime (jetstack/cert-manager@v1.21.1, kyverno/kyverno-policies@3.8.2, kyverno/kyverno-policies@3.9.0, kyverno/kyverno@3.8.2, kyverno/kyverno@3.9.0); each live-parity command classifies both the G and P cells. Confirm or reclassify from each receipt.",live-parity,kyverno/kyverno-policies,3.9.0,default,npm run live-parity:run -- --recipe recipes/kyverno/kyverno-policies/3.9.0 --base default,todo,G=todo;P=todo,ready-to-run,,,derived,gitops-runtime,vanilla kind proof rig with ConfigHub OCI/Argo — expect a controller-health residue to explain,sibling receipt — kyverno/kyverno-policies already classified gitops-runtime (runs/live-helm-confighub-compare/kyverno-kyverno-policies-default/receipt.yaml),high,installs cluster-scoped CRDs/webhooks — verify CRD ownership and cleanup; do not batch with another CRD installer in parallel,ready-to-run todo cell(s) [G=todo;P=todo] counted against the 99% disposition bar; running this converts todo -> pass/watch/blocked with a committed receipt
GP-02,"G/P: run the 5 ready live-parity row(s) with predicted gitops-runtime (jetstack/cert-manager@v1.21.1, kyverno/kyverno-policies@3.8.2, kyverno/kyverno-policies@3.9.0, kyverno/kyverno@3.8.2, kyverno/kyverno@3.9.0); each live-parity command classifies both the G and P cells. Confirm or reclassify from each receipt.",live-parity,kyverno/kyverno,3.8.2,default,npm run live-parity:run -- --recipe recipes/kyverno/kyverno/3.8.2 --base default,todo,G=todo;P=todo,ready-to-run,,,derived,gitops-runtime,vanilla kind proof rig with ConfigHub OCI/Argo — expect a controller-health residue to explain,family pattern — kyverno: 1/2 classified rows are gitops-runtime,medium,installs cluster-scoped CRDs/webhooks — verify CRD ownership and cleanup; do not batch with another CRD installer in parallel,ready-to-run todo cell(s) [G=todo;P=todo] counted against the 99% disposition bar; running this converts todo -> pass/watch/blocked with a committed receipt
GP-02,"G/P: run the 5 ready live-parity row(s) with predicted gitops-runtime (jetstack/cert-manager@v1.21.1, kyverno/kyverno-policies@3.8.2, kyverno/kyverno-policies@3.9.0, kyverno/kyverno@3.8.2, kyverno/kyverno@3.9.0); each live-parity command classifies both the G and P cells. Confirm or reclassify from each receipt.",live-parity,kyverno/kyverno,3.9.0,default,npm run live-parity:run -- --recipe recipes/kyverno/kyverno/3.9.0 --base default,todo,G=todo;P=todo,ready-to-run,,,derived,gitops-runtime,vanilla kind proof rig with ConfigHub OCI/Argo — expect a controller-health residue to explain,family pattern — kyverno: 1/2 classified rows are gitops-runtime,medium,installs cluster-scoped CRDs/webhooks — verify CRD ownership and cleanup; do not batch with another CRD installer in parallel,ready-to-run todo cell(s) [G=todo;P=todo] counted against the 99% disposition bar; running this converts todo -> pass/watch/blocked with a committed receipt
GP-03,"G/P: run the 5 ready live-parity row(s) with no prior residue signal (first observation) (mysql/mysql-operator@2.3.0, nvidia/gpu-operator@v26.3.3, nvidia/gpu-operator@v26.7.1, nvidia/gpu-operator@v25.10.1, nvidia/gpu-operator@v26.3.2); each live-parity command classifies both the G and P cells. Confirm or reclassify from each receipt.",live-parity,mysql/mysql-operator,2.3.0,default,npm run live-parity:run -- --recipe recipes/mysql/mysql-operator/2.3.0 --base default,todo,G=todo;P=todo,ready-to-run,,,unknown,unknown,unknown,,unknown,"installs cluster-scoped CRDs/webhooks — verify CRD ownership and cleanup; do not batch with another CRD installer in parallel; stateful/heavy — run alone, allow a longer timeout, verify PVC/cluster cleanup",ready-to-run todo cell(s) [G=todo;P=todo] counted against the 99% disposition bar; running this converts todo -> pass/watch/blocked with a committed receipt
GP-03,"G/P: run the 5 ready live-parity row(s) with no prior residue signal (first observation) (mysql/mysql-operator@2.3.0, nvidia/gpu-operator@v26.3.3, nvidia/gpu-operator@v26.7.1, nvidia/gpu-operator@v25.10.1, nvidia/gpu-operator@v26.3.2); each live-parity command classifies both the G and P cells. Confirm or reclassify from each receipt.",live-parity,nvidia/gpu-operator,v26.3.3,aicr-eks-training,npm run live-parity:run -- --recipe recipes/nvidia/gpu-operator/v26.3.3 --base aicr-eks-training,todo,G=todo;P=todo,ready-to-run,,,unknown,unknown,unknown,,unknown,installs cluster-scoped CRDs/webhooks — verify CRD ownership and cleanup; do not batch with another CRD installer in parallel,ready-to-run todo cell(s) [G=todo;P=todo] counted against the 99% disposition bar; running this converts todo -> pass/watch/blocked with a committed receipt
GP-03,"G/P: run the 5 ready live-parity row(s) with no prior residue signal (first observation) (mysql/mysql-operator@2.3.0, nvidia/gpu-operator@v26.3.3, nvidia/gpu-operator@v26.7.1, nvidia/gpu-operator@v25.10.1, nvidia/gpu-operator@v26.3.2); each live-parity command classifies both the G and P cells. Confirm or reclassify from each receipt.",live-parity,nvidia/gpu-operator,v26.7.1,aicr-eks-training,npm run live-parity:run -- --recipe recipes/nvidia/gpu-operator/v26.7.1 --base aicr-eks-training,todo,G=todo;P=todo,ready-to-run,,,unknown,unknown,unknown,,unknown,installs cluster-scoped CRDs/webhooks — verify CRD ownership and cleanup; do not batch with another CRD installer in parallel,ready-to-run todo cell(s) [G=todo;P=todo] counted against the 99% disposition bar; running this converts todo -> pass/watch/blocked with a committed receipt
GP-03,"G/P: run the 5 ready live-parity row(s) with no prior residue signal (first observation) (mysql/mysql-operator@2.3.0, nvidia/gpu-operator@v26.3.3, nvidia/gpu-operator@v26.7.1, nvidia/gpu-operator@v25.10.1, nvidia/gpu-operator@v26.3.2); each live-parity command classifies both the G and P cells. Confirm or reclassify from each receipt.",live-parity,nvidia/gpu-operator,v25.10.1,default,npm run live-parity:run -- --recipe recipes/nvidia/gpu-operator/v25.10.1 --base default,todo,G=todo;P=todo,ready-to-run,,,unknown,unknown,unknown,,unknown,installs cluster-scoped CRDs/webhooks — verify CRD ownership and cleanup; do not batch with another CRD installer in parallel,ready-to-run todo cell(s) [G=todo;P=todo] counted against the 99% disposition bar; running this converts todo -> pass/watch/blocked with a committed receipt
GP-03,"G/P: run the 5 ready live-parity row(s) with no prior residue signal (first observation) (mysql/mysql-operator@2.3.0, nvidia/gpu-operator@v26.3.3, nvidia/gpu-operator@v26.7.1, nvidia/gpu-operator@v25.10.1, nvidia/gpu-operator@v26.3.2); each live-parity command classifies both the G and P cells. Confirm or reclassify from each receipt.",live-parity,nvidia/gpu-operator,v26.3.2,default,npm run live-parity:run -- --recipe recipes/nvidia/gpu-operator/v26.3.2 --base default,todo,G=todo;P=todo,ready-to-run,,,unknown,unknown,unknown,,unknown,installs cluster-scoped CRDs/webhooks — verify CRD ownership and cleanup; do not batch with another CRD installer in parallel,ready-to-run todo cell(s) [G=todo;P=todo] counted against the 99% disposition bar; running this converts todo -> pass/watch/blocked with a committed receipt
GP-04,"G/P: run the 5 ready live-parity row(s) with no prior residue signal (first observation) (nvidia/gpu-operator@v26.3.3, nvidia/gpu-operator@v26.7.1, nvidia/gpu-operator@v26.3.2); each live-parity command classifies both the G and P cells. Confirm or reclassify from each receipt.",live-parity,nvidia/gpu-operator,v26.3.3,default,npm run live-parity:run -- --recipe recipes/nvidia/gpu-operator/v26.3.3 --base default,todo,G=todo;P=todo,ready-to-run,,,unknown,unknown,unknown,,unknown,installs cluster-scoped CRDs/webhooks — verify CRD ownership and cleanup; do not batch with another CRD installer in parallel,ready-to-run todo cell(s) [G=todo;P=todo] counted against the 99% disposition bar; running this converts todo -> pass/watch/blocked with a committed receipt
GP-04,"G/P: run the 5 ready live-parity row(s) with no prior residue signal (first observation) (nvidia/gpu-operator@v26.3.3, nvidia/gpu-operator@v26.7.1, nvidia/gpu-operator@v26.3.2); each live-parity command classifies both the G and P cells. Confirm or reclassify from each receipt.",live-parity,nvidia/gpu-operator,v26.7.1,default,npm run live-parity:run -- --recipe recipes/nvidia/gpu-operator/v26.7.1 --base default,todo,G=todo;P=todo,ready-to-run,,,unknown,unknown,unknown,,unknown,installs cluster-scoped CRDs/webhooks — verify CRD ownership and cleanup; do not batch with another CRD installer in parallel,ready-to-run todo cell(s) [G=todo;P=todo] counted against the 99% disposition bar; running this converts todo -> pass/watch/blocked with a committed receipt
GP-04,"G/P: run the 5 ready live-parity row(s) with no prior residue signal (first observation) (nvidia/gpu-operator@v26.3.3, nvidia/gpu-operator@v26.7.1, nvidia/gpu-operator@v26.3.2); each live-parity command classifies both the G and P cells. Confirm or reclassify from each receipt.",live-parity,nvidia/gpu-operator,v26.3.2,driver-580.105.08,npm run live-parity:run -- --recipe recipes/nvidia/gpu-operator/v26.3.2 --base driver-580.105.08,todo,G=todo;P=todo,ready-to-run,,,unknown,unknown,unknown,,unknown,installs cluster-scoped CRDs/webhooks — verify CRD ownership and cleanup; do not batch with another CRD installer in parallel,ready-to-run todo cell(s) [G=todo;P=todo] counted against the 99% disposition bar; running this converts todo -> pass/watch/blocked with a committed receipt
GP-04,"G/P: run the 5 ready live-parity row(s) with no prior residue signal (first observation) (nvidia/gpu-operator@v26.3.3, nvidia/gpu-operator@v26.7.1, nvidia/gpu-operator@v26.3.2); each live-parity command classifies both the G and P cells. Confirm or reclassify from each receipt.",live-parity,nvidia/gpu-operator,v26.3.3,driver-580.105.08,npm run live-parity:run -- --recipe recipes/nvidia/gpu-operator/v26.3.3 --base driver-580.105.08,todo,G=todo;P=todo,ready-to-run,,,unknown,unknown,unknown,,unknown,installs cluster-scoped CRDs/webhooks — verify CRD ownership and cleanup; do not batch with another CRD installer in parallel,ready-to-run todo cell(s) [G=todo;P=todo] counted against the 99% disposition bar; running this converts todo -> pass/watch/blocked with a committed receipt
GP-04,"G/P: run the 5 ready live-parity row(s) with no prior residue signal (first observation) (nvidia/gpu-operator@v26.3.3, nvidia/gpu-operator@v26.7.1, nvidia/gpu-operator@v26.3.2); each live-parity command classifies both the G and P cells. Confirm or reclassify from each receipt.",live-parity,nvidia/gpu-operator,v26.7.1,driver-580.105.08,npm run live-parity:run -- --recipe recipes/nvidia/gpu-operator/v26.7.1 --base driver-580.105.08,todo,G=todo;P=todo,ready-to-run,,,unknown,unknown,unknown,,unknown,installs cluster-scoped CRDs/webhooks — verify CRD ownership and cleanup; do not batch with another CRD installer in parallel,ready-to-run todo cell(s) [G=todo;P=todo] counted against the 99% disposition bar; running this converts todo -> pass/watch/blocked with a committed receipt
GP-05,"G/P: run the 5 ready live-parity row(s) with no prior residue signal (first observation) (nvidia/gpu-operator@v25.10.1, nvidia/gpu-operator@v26.7.1, nvidia/gpu-operator@v26.3.2, nvidia/gpu-operator@v26.3.3); each live-parity command classifies both the G and P cells. Confirm or reclassify from each receipt.",live-parity,nvidia/gpu-operator,v25.10.1,driver-580.126.20,npm run live-parity:run -- --recipe recipes/nvidia/gpu-operator/v25.10.1 --base driver-580.126.20,todo,G=todo;P=todo,ready-to-run,,,unknown,unknown,unknown,,unknown,installs cluster-scoped CRDs/webhooks — verify CRD ownership and cleanup; do not batch with another CRD installer in parallel,ready-to-run todo cell(s) [G=todo;P=todo] counted against the 99% disposition bar; running this converts todo -> pass/watch/blocked with a committed receipt
GP-05,"G/P: run the 5 ready live-parity row(s) with no prior residue signal (first observation) (nvidia/gpu-operator@v25.10.1, nvidia/gpu-operator@v26.7.1, nvidia/gpu-operator@v26.3.2, nvidia/gpu-operator@v26.3.3); each live-parity command classifies both the G and P cells. Confirm or reclassify from each receipt.",live-parity,nvidia/gpu-operator,v26.7.1,driver-580.126.20,npm run live-parity:run -- --recipe recipes/nvidia/gpu-operator/v26.7.1 --base driver-580.126.20,todo,G=todo;P=todo,ready-to-run,,,unknown,unknown,unknown,,unknown,installs cluster-scoped CRDs/webhooks — verify CRD ownership and cleanup; do not batch with another CRD installer in parallel,ready-to-run todo cell(s) [G=todo;P=todo] counted against the 99% disposition bar; running this converts todo -> pass/watch/blocked with a committed receipt
GP-05,"G/P: run the 5 ready live-parity row(s) with no prior residue signal (first observation) (nvidia/gpu-operator@v25.10.1, nvidia/gpu-operator@v26.7.1, nvidia/gpu-operator@v26.3.2, nvidia/gpu-operator@v26.3.3); each live-parity command classifies both the G and P cells. Confirm or reclassify from each receipt.",live-parity,nvidia/gpu-operator,v25.10.1,driver-595.91.07,npm run live-parity:run -- --recipe recipes/nvidia/gpu-operator/v25.10.1 --base driver-595.91.07,todo,G=todo;P=todo,ready-to-run,,,unknown,unknown,unknown,,unknown,installs cluster-scoped CRDs/webhooks — verify CRD ownership and cleanup; do not batch with another CRD installer in parallel,ready-to-run todo cell(s) [G=todo;P=todo] counted against the 99% disposition bar; running this converts todo -> pass/watch/blocked with a committed receipt
GP-05,"G/P: run the 5 ready live-parity row(s) with no prior residue signal (first observation) (nvidia/gpu-operator@v25.10.1, nvidia/gpu-operator@v26.7.1, nvidia/gpu-operator@v26.3.2, nvidia/gpu-operator@v26.3.3); each live-parity command classifies both the G and P cells. Confirm or reclassify from each receipt.",live-parity,nvidia/gpu-operator,v26.3.2,driver-595.91.07,npm run live-parity:run -- --recipe recipes/nvidia/gpu-operator/v26.3.2 --base driver-595.91.07,todo,G=todo;P=todo,ready-to-run,,,unknown,unknown,unknown,,unknown,installs cluster-scoped CRDs/webhooks — verify CRD ownership and cleanup; do not batch with another CRD installer in parallel,ready-to-run todo cell(s) [G=todo;P=todo] counted against the 99% disposition bar; running this converts todo -> pass/watch/blocked with a committed receipt
GP-05,"G/P: run the 5 ready live-parity row(s) with no prior residue signal (first observation) (nvidia/gpu-operator@v25.10.1, nvidia/gpu-operator@v26.7.1, nvidia/gpu-operator@v26.3.2, nvidia/gpu-operator@v26.3.3); each live-parity command classifies both the G and P cells. Confirm or reclassify from each receipt.",live-parity,nvidia/gpu-operator,v26.3.3,driver-595.91.07,npm run live-parity:run -- --recipe recipes/nvidia/gpu-operator/v26.3.3 --base driver-595.91.07,todo,G=todo;P=todo,ready-to-run,,,unknown,unknown,unknown,,unknown,installs cluster-scoped CRDs/webhooks — verify CRD ownership and cleanup; do not batch with another CRD installer in parallel,ready-to-run todo cell(s) [G=todo;P=todo] counted against the 99% disposition bar; running this converts todo -> pass/watch/blocked with a committed receipt
GP-06,"G/P: run the 5 ready live-parity row(s) with no prior residue signal (first observation) (nvidia/gpu-operator@v25.10.1, nvidia/gpu-operator@v26.3.2, nvidia/gpu-operator@v26.3.3, nvidia/gpu-operator@v26.7.1); each live-parity command classifies both the G and P cells. Confirm or reclassify from each receipt.",live-parity,nvidia/gpu-operator,v25.10.1,external-nfd,npm run live-parity:run -- --recipe recipes/nvidia/gpu-operator/v25.10.1 --base external-nfd,todo,G=todo;P=todo,ready-to-run,,,unknown,unknown,unknown,,unknown,installs cluster-scoped CRDs/webhooks — verify CRD ownership and cleanup; do not batch with another CRD installer in parallel,ready-to-run todo cell(s) [G=todo;P=todo] counted against the 99% disposition bar; running this converts todo -> pass/watch/blocked with a committed receipt
GP-06,"G/P: run the 5 ready live-parity row(s) with no prior residue signal (first observation) (nvidia/gpu-operator@v25.10.1, nvidia/gpu-operator@v26.3.2, nvidia/gpu-operator@v26.3.3, nvidia/gpu-operator@v26.7.1); each live-parity command classifies both the G and P cells. Confirm or reclassify from each receipt.",live-parity,nvidia/gpu-operator,v26.3.2,external-nfd,npm run live-parity:run -- --recipe recipes/nvidia/gpu-operator/v26.3.2 --base external-nfd,todo,G=todo;P=todo,ready-to-run,,,unknown,unknown,unknown,,unknown,installs cluster-scoped CRDs/webhooks — verify CRD ownership and cleanup; do not batch with another CRD installer in parallel,ready-to-run todo cell(s) [G=todo;P=todo] counted against the 99% disposition bar; running this converts todo -> pass/watch/blocked with a committed receipt
GP-06,"G/P: run the 5 ready live-parity row(s) with no prior residue signal (first observation) (nvidia/gpu-operator@v25.10.1, nvidia/gpu-operator@v26.3.2, nvidia/gpu-operator@v26.3.3, nvidia/gpu-operator@v26.7.1); each live-parity command classifies both the G and P cells. Confirm or reclassify from each receipt.",live-parity,nvidia/gpu-operator,v26.3.3,external-nfd,npm run live-parity:run -- --recipe recipes/nvidia/gpu-operator/v26.3.3 --base external-nfd,todo,G=todo;P=todo,ready-to-run,,,unknown,unknown,unknown,,unknown,installs cluster-scoped CRDs/webhooks — verify CRD ownership and cleanup; do not batch with another CRD installer in parallel,ready-to-run todo cell(s) [G=todo;P=todo] counted against the 99% disposition bar; running this converts todo -> pass/watch/blocked with a committed receipt
GP-06,"G/P: run the 5 ready live-parity row(s) with no prior residue signal (first observation) (nvidia/gpu-operator@v25.10.1, nvidia/gpu-operator@v26.3.2, nvidia/gpu-operator@v26.3.3, nvidia/gpu-operator@v26.7.1); each live-parity command classifies both the G and P cells. Confirm or reclassify from each receipt.",live-parity,nvidia/gpu-operator,v26.7.1,external-nfd,npm run live-parity:run -- --recipe recipes/nvidia/gpu-operator/v26.7.1 --base external-nfd,todo,G=todo;P=todo,ready-to-run,,,unknown,unknown,unknown,,unknown,installs cluster-scoped CRDs/webhooks — verify CRD ownership and cleanup; do not batch with another CRD installer in parallel,ready-to-run todo cell(s) [G=todo;P=todo] counted against the 99% disposition bar; running this converts todo -> pass/watch/blocked with a committed receipt
GP-06,"G/P: run the 5 ready live-parity row(s) with no prior residue signal (first observation) (nvidia/gpu-operator@v25.10.1, nvidia/gpu-operator@v26.3.2, nvidia/gpu-operator@v26.3.3, nvidia/gpu-operator@v26.7.1); each live-parity command classifies both the G and P cells. Confirm or reclassify from each receipt.",live-parity,nvidia/gpu-operator,v25.10.1,preinstalled-driver,npm run live-parity:run -- --recipe recipes/nvidia/gpu-operator/v25.10.1 --base preinstalled-driver,todo,G=todo;P=todo,ready-to-run,,,unknown,unknown,unknown,,unknown,installs cluster-scoped CRDs/webhooks — verify CRD ownership and cleanup; do not batch with another CRD installer in parallel,ready-to-run todo cell(s) [G=todo;P=todo] counted against the 99% disposition bar; running this converts todo -> pass/watch/blocked with a committed receipt
GP-07,"G/P: run the 5 ready live-parity row(s) with no prior residue signal (first observation) (nvidia/gpu-operator@v26.3.2, nvidia/gpu-operator@v26.3.3, nvidia/gpu-operator@v26.7.1, nvidia/gpu-operator@v25.10.1); each live-parity command classifies both the G and P cells. Confirm or reclassify from each receipt.",live-parity,nvidia/gpu-operator,v26.3.2,preinstalled-driver,npm run live-parity:run -- --recipe recipes/nvidia/gpu-operator/v26.3.2 --base preinstalled-driver,todo,G=todo;P=todo,ready-to-run,,,unknown,unknown,unknown,,unknown,installs cluster-scoped CRDs/webhooks — verify CRD ownership and cleanup; do not batch with another CRD installer in parallel,ready-to-run todo cell(s) [G=todo;P=todo] counted against the 99% disposition bar; running this converts todo -> pass/watch/blocked with a committed receipt
GP-07,"G/P: run the 5 ready live-parity row(s) with no prior residue signal (first observation) (nvidia/gpu-operator@v26.3.2, nvidia/gpu-operator@v26.3.3, nvidia/gpu-operator@v26.7.1, nvidia/gpu-operator@v25.10.1); each live-parity command classifies both the G and P cells. Confirm or reclassify from each receipt.",live-parity,nvidia/gpu-operator,v26.3.3,preinstalled-driver,npm run live-parity:run -- --recipe recipes/nvidia/gpu-operator/v26.3.3 --base preinstalled-driver,todo,G=todo;P=todo,ready-to-run,,,unknown,unknown,unknown,,unknown,installs cluster-scoped CRDs/webhooks — verify CRD ownership and cleanup; do not batch with another CRD installer in parallel,ready-to-run todo cell(s) [G=todo;P=todo] counted against the 99% disposition bar; running this converts todo -> pass/watch/blocked with a committed receipt
GP-07,"G/P: run the 5 ready live-parity row(s) with no prior residue signal (first observation) (nvidia/gpu-operator@v26.3.2, nvidia/gpu-operator@v26.3.3, nvidia/gpu-operator@v26.7.1, nvidia/gpu-operator@v25.10.1); each live-parity command classifies both the G and P cells. Confirm or reclassify from each receipt.",live-parity,nvidia/gpu-operator,v26.7.1,preinstalled-driver,npm run live-parity:run -- --recipe recipes/nvidia/gpu-operator/v26.7.1 --base preinstalled-driver,todo,G=todo;P=todo,ready-to-run,,,unknown,unknown,unknown,,unknown,installs cluster-scoped CRDs/webhooks — verify CRD ownership and cleanup; do not batch with another CRD installer in parallel,ready-to-run todo cell(s) [G=todo;P=todo] counted against the 99% disposition bar; running this converts todo -> pass/watch/blocked with a committed receipt
GP-07,"G/P: run the 5 ready live-parity row(s) with no prior residue signal (first observation) (nvidia/gpu-operator@v26.3.2, nvidia/gpu-operator@v26.3.3, nvidia/gpu-operator@v26.7.1, nvidia/gpu-operator@v25.10.1); each live-parity command classifies both the G and P cells. Confirm or reclassify from each receipt.",live-parity,nvidia/gpu-operator,v25.10.1,preinstalled-driver-and-toolkit,npm run live-parity:run -- --recipe recipes/nvidia/gpu-operator/v25.10.1 --base preinstalled-driver-and-toolkit,todo,G=todo;P=todo,ready-to-run,,,unknown,unknown,unknown,,unknown,installs cluster-scoped CRDs/webhooks — verify CRD ownership and cleanup; do not batch with another CRD installer in parallel,ready-to-run todo cell(s) [G=todo;P=todo] counted against the 99% disposition bar; running this converts todo -> pass/watch/blocked with a committed receipt
GP-07,"G/P: run the 5 ready live-parity row(s) with no prior residue signal (first observation) (nvidia/gpu-operator@v26.3.2, nvidia/gpu-operator@v26.3.3, nvidia/gpu-operator@v26.7.1, nvidia/gpu-operator@v25.10.1); each live-parity command classifies both the G and P cells. Confirm or reclassify from each receipt.",live-parity,nvidia/gpu-operator,v26.3.2,preinstalled-driver-and-toolkit,npm run live-parity:run -- --recipe recipes/nvidia/gpu-operator/v26.3.2 --base preinstalled-driver-and-toolkit,todo,G=todo;P=todo,ready-to-run,,,unknown,unknown,unknown,,unknown,installs cluster-scoped CRDs/webhooks — verify CRD ownership and cleanup; do not batch with another CRD installer in parallel,ready-to-run todo cell(s) [G=todo;P=todo] counted against the 99% disposition bar; running this converts todo -> pass/watch/blocked with a committed receipt
GP-08,"G/P: run the 5 ready live-parity row(s) with no prior residue signal (first observation) (nvidia/gpu-operator@v26.3.3, nvidia/gpu-operator@v26.7.1, nvidia/k8s-nim-operator@3.1.0, nvidia/k8s-nim-operator@3.1.2); each live-parity command classifies both the G and P cells. Confirm or reclassify from each receipt.",live-parity,nvidia/gpu-operator,v26.3.3,preinstalled-driver-and-toolkit,npm run live-parity:run -- --recipe recipes/nvidia/gpu-operator/v26.3.3 --base preinstalled-driver-and-toolkit,todo,G=todo;P=todo,ready-to-run,,,unknown,unknown,unknown,,unknown,installs cluster-scoped CRDs/webhooks — verify CRD ownership and cleanup; do not batch with another CRD installer in parallel,ready-to-run todo cell(s) [G=todo;P=todo] counted against the 99% disposition bar; running this converts todo -> pass/watch/blocked with a committed receipt
GP-08,"G/P: run the 5 ready live-parity row(s) with no prior residue signal (first observation) (nvidia/gpu-operator@v26.3.3, nvidia/gpu-operator@v26.7.1, nvidia/k8s-nim-operator@3.1.0, nvidia/k8s-nim-operator@3.1.2); each live-parity command classifies both the G and P cells. Confirm or reclassify from each receipt.",live-parity,nvidia/gpu-operator,v26.7.1,preinstalled-driver-and-toolkit,npm run live-parity:run -- --recipe recipes/nvidia/gpu-operator/v26.7.1 --base preinstalled-driver-and-toolkit,todo,G=todo;P=todo,ready-to-run,,,unknown,unknown,unknown,,unknown,installs cluster-scoped CRDs/webhooks — verify CRD ownership and cleanup; do not batch with another CRD installer in parallel,ready-to-run todo cell(s) [G=todo;P=todo] counted against the 99% disposition bar; running this converts todo -> pass/watch/blocked with a committed receipt
GP-08,"G/P: run the 5 ready live-parity row(s) with no prior residue signal (first observation) (nvidia/gpu-operator@v26.3.3, nvidia/gpu-operator@v26.7.1, nvidia/k8s-nim-operator@3.1.0, nvidia/k8s-nim-operator@3.1.2); each live-parity command classifies both the G and P cells. Confirm or reclassify from each receipt.",live-parity,nvidia/k8s-nim-operator,3.1.0,aicr-eks-inference,npm run live-parity:run -- --recipe recipes/nvidia/k8s-nim-operator/3.1.0 --base aicr-eks-inference,todo,G=todo;P=todo,ready-to-run,,,unknown,unknown,unknown,,unknown,installs cluster-scoped CRDs/webhooks — verify CRD ownership and cleanup; do not batch with another CRD installer in parallel,ready-to-run todo cell(s) [G=todo;P=todo] counted against the 99% disposition bar; running this converts todo -> pass/watch/blocked with a committed receipt
GP-08,"G/P: run the 5 ready live-parity row(s) with no prior residue signal (first observation) (nvidia/gpu-operator@v26.3.3, nvidia/gpu-operator@v26.7.1, nvidia/k8s-nim-operator@3.1.0, nvidia/k8s-nim-operator@3.1.2); each live-parity command classifies both the G and P cells. Confirm or reclassify from each receipt.",live-parity,nvidia/k8s-nim-operator,3.1.0,default,npm run live-parity:run -- --recipe recipes/nvidia/k8s-nim-operator/3.1.0 --base default,todo,G=todo;P=todo,ready-to-run,,,unknown,unknown,unknown,,unknown,installs cluster-scoped CRDs/webhooks — verify CRD ownership and cleanup; do not batch with another CRD installer in parallel,ready-to-run todo cell(s) [G=todo;P=todo] counted against the 99% disposition bar; running this converts todo -> pass/watch/blocked with a committed receipt
GP-08,"G/P: run the 5 ready live-parity row(s) with no prior residue signal (first observation) (nvidia/gpu-operator@v26.3.3, nvidia/gpu-operator@v26.7.1, nvidia/k8s-nim-operator@3.1.0, nvidia/k8s-nim-operator@3.1.2); each live-parity command classifies both the G and P cells. Confirm or reclassify from each receipt.",live-parity,nvidia/k8s-nim-operator,3.1.2,default,npm run live-parity:run -- --recipe recipes/nvidia/k8s-nim-operator/3.1.2 --base default,todo,G=todo;P=todo,ready-to-run,,,unknown,unknown,unknown,,unknown,installs cluster-scoped CRDs/webhooks — verify CRD ownership and cleanup; do not batch with another CRD installer in parallel,ready-to-run todo cell(s) [G=todo;P=todo] counted against the 99% disposition bar; running this converts todo -> pass/watch/blocked with a committed receipt
GP-09,"G/P: run the 5 ready live-parity row(s) with predicted unknown / gitops-runtime / capability-profile (percona/psmdb-operator@1.23.0, traefik/traefik@41.0.2, traefik/traefik@41.4.0, prometheus-community/prometheus-blackbox-exporter@11.15.1, prometheus-community/prometheus-blackbox-exporter@11.18.0); each live-parity command classifies both the G and P cells. Confirm or reclassify from each receipt.",live-parity,percona/psmdb-operator,1.23.0,default,npm run live-parity:run -- --recipe recipes/percona/psmdb-operator/1.23.0 --base default,todo,G=todo;P=todo,ready-to-run,,,unknown,unknown,unknown,,unknown,installs cluster-scoped CRDs/webhooks — verify CRD ownership and cleanup; do not batch with another CRD installer in parallel,ready-to-run todo cell(s) [G=todo;P=todo] counted against the 99% disposition bar; running this converts todo -> pass/watch/blocked with a committed receipt
GP-09,"G/P: run the 5 ready live-parity row(s) with predicted unknown / gitops-runtime / capability-profile (percona/psmdb-operator@1.23.0, traefik/traefik@41.0.2, traefik/traefik@41.4.0, prometheus-community/prometheus-blackbox-exporter@11.15.1, prometheus-community/prometheus-blackbox-exporter@11.18.0); each live-parity command classifies both the G and P cells. Confirm or reclassify from each receipt.",live-parity,traefik/traefik,41.0.2,default,npm run live-parity:run -- --recipe recipes/traefik/traefik/41.0.2 --base default,todo,G=todo;P=todo,ready-to-run,,,derived,gitops-runtime,vanilla kind proof rig with ConfigHub OCI/Argo — expect a controller-health residue to explain,sibling receipt — traefik/traefik already classified gitops-runtime (runs/live-helm-confighub-compare/traefik-traefik-no-crds/receipt.yaml),high,light controller — safe within a block,ready-to-run todo cell(s) [G=todo;P=todo] counted against the 99% disposition bar; running this converts todo -> pass/watch/blocked with a committed receipt
GP-09,"G/P: run the 5 ready live-parity row(s) with predicted unknown / gitops-runtime / capability-profile (percona/psmdb-operator@1.23.0, traefik/traefik@41.0.2, traefik/traefik@41.4.0, prometheus-community/prometheus-blackbox-exporter@11.15.1, prometheus-community/prometheus-blackbox-exporter@11.18.0); each live-parity command classifies both the G and P cells. Confirm or reclassify from each receipt.",live-parity,traefik/traefik,41.4.0,default,npm run live-parity:run -- --recipe recipes/traefik/traefik/41.4.0 --base default,todo,G=todo;P=todo,ready-to-run,,,derived,gitops-runtime,vanilla kind proof rig with ConfigHub OCI/Argo — expect a controller-health residue to explain,sibling receipt — traefik/traefik already classified gitops-runtime (runs/live-helm-confighub-compare/traefik-traefik-no-crds/receipt.yaml),high,light controller — safe within a block,ready-to-run todo cell(s) [G=todo;P=todo] counted against the 99% disposition bar; running this converts todo -> pass/watch/blocked with a committed receipt
GP-09,"G/P: run the 5 ready live-parity row(s) with predicted unknown / gitops-runtime / capability-profile (percona/psmdb-operator@1.23.0, traefik/traefik@41.0.2, traefik/traefik@41.4.0, prometheus-community/prometheus-blackbox-exporter@11.15.1, prometheus-community/prometheus-blackbox-exporter@11.18.0); each live-parity command classifies both the G and P cells. Confirm or reclassify from each receipt.",live-parity,prometheus-community/prometheus-blackbox-exporter,11.15.1,default,npm run live-parity:run -- --recipe recipes/prometheus-community/prometheus-blackbox-exporter/11.15.1 --base default,todo,G=todo;P=todo,ready-to-run,,,derived,capability-profile,a target whose API capabilities match the chart render profile,family pattern — prometheus-community: 2/6 classified rows are capability-profile,low,light controller — safe within a block,ready-to-run todo cell(s) [G=todo;P=todo] counted against the 99% disposition bar; running this converts todo -> pass/watch/blocked with a committed receipt
GP-09,"G/P: run the 5 ready live-parity row(s) with predicted unknown / gitops-runtime / capability-profile (percona/psmdb-operator@1.23.0, traefik/traefik@41.0.2, traefik/traefik@41.4.0, prometheus-community/prometheus-blackbox-exporter@11.15.1, prometheus-community/prometheus-blackbox-exporter@11.18.0); each live-parity command classifies both the G and P cells. Confirm or reclassify from each receipt.",live-parity,prometheus-community/prometheus-blackbox-exporter,11.18.0,default,npm run live-parity:run -- --recipe recipes/prometheus-community/prometheus-blackbox-exporter/11.18.0 --base default,todo,G=todo;P=todo,ready-to-run,,,derived,capability-profile,a target whose API capabilities match the chart render profile,family pattern — prometheus-community: 2/6 classified rows are capability-profile,low,light controller — safe within a block,ready-to-run todo cell(s) [G=todo;P=todo] counted against the 99% disposition bar; running this converts todo -> pass/watch/blocked with a committed receipt
GP-10,"G/P: run the 5 ready live-parity row(s) with predicted gitops-runtime (argo-cd/argo-cd@10.1.3, argo-cd/argo-cd@10.2.1, argo-cd/argo-cd@10.7.0, grafana/grafana@10.5.15); each live-parity command classifies both the G and P cells. Confirm or reclassify from each receipt.",live-parity,argo-cd/argo-cd,10.1.3,default,npm run live-parity:run -- --recipe recipes/argo-cd/argo-cd/10.1.3 --base default,todo,G=todo;P=todo,ready-to-run,,,derived,gitops-runtime,vanilla kind proof rig with ConfigHub OCI/Argo — expect a controller-health residue to explain,sibling receipt — argo-cd/argo-cd already classified gitops-runtime (runs/live-helm-confighub-compare/argo-cd-argo-cd-default-9-5-17/receipt.yaml),high,light controller — safe within a block,ready-to-run todo cell(s) [G=todo;P=todo] counted against the 99% disposition bar; running this converts todo -> pass/watch/blocked with a committed receipt
GP-10,"G/P: run the 5 ready live-parity row(s) with predicted gitops-runtime (argo-cd/argo-cd@10.1.3, argo-cd/argo-cd@10.2.1, argo-cd/argo-cd@10.7.0, grafana/grafana@10.5.15); each live-parity command classifies both the G and P cells. Confirm or reclassify from each receipt.",live-parity,argo-cd/argo-cd,10.2.1,default,npm run live-parity:run -- --recipe recipes/argo-cd/argo-cd/10.2.1 --base default,todo,G=todo;P=todo,ready-to-run,,,derived,gitops-runtime,vanilla kind proof rig with ConfigHub OCI/Argo — expect a controller-health residue to explain,sibling receipt — argo-cd/argo-cd already classified gitops-runtime (runs/live-helm-confighub-compare/argo-cd-argo-cd-default-9-5-17/receipt.yaml),high,light controller — safe within a block,ready-to-run todo cell(s) [G=todo;P=todo] counted against the 99% disposition bar; running this converts todo -> pass/watch/blocked with a committed receipt
GP-10,"G/P: run the 5 ready live-parity row(s) with predicted gitops-runtime (argo-cd/argo-cd@10.1.3, argo-cd/argo-cd@10.2.1, argo-cd/argo-cd@10.7.0, grafana/grafana@10.5.15); each live-parity command classifies both the G and P cells. Confirm or reclassify from each receipt.",live-parity,argo-cd/argo-cd,10.7.0,default,npm run live-parity:run -- --recipe recipes/argo-cd/argo-cd/10.7.0 --base default,todo,G=todo;P=todo,ready-to-run,,,derived,gitops-runtime,vanilla kind proof rig with ConfigHub OCI/Argo — expect a controller-health residue to explain,sibling receipt — argo-cd/argo-cd already classified gitops-runtime (runs/live-helm-confighub-compare/argo-cd-argo-cd-default-9-5-17/receipt.yaml),high,light controller — safe within a block,ready-to-run todo cell(s) [G=todo;P=todo] counted against the 99% disposition bar; running this converts todo -> pass/watch/blocked with a committed receipt
GP-10,"G/P: run the 5 ready live-parity row(s) with predicted gitops-runtime (argo-cd/argo-cd@10.1.3, argo-cd/argo-cd@10.2.1, argo-cd/argo-cd@10.7.0, grafana/grafana@10.5.15); each live-parity command classifies both the G and P cells. Confirm or reclassify from each receipt.",live-parity,grafana/grafana,10.5.15,customer-acme-prod,npm run live-parity:run -- --recipe recipes/grafana/grafana/10.5.15 --base customer-acme-prod,todo,G=todo;P=n/a,ready-to-run,,,derived,gitops-runtime,vanilla kind proof rig with ConfigHub OCI/Argo — expect a controller-health residue to explain,recipe artifact recipes/grafana/grafana/10.5.15/gitops-runtime-review.yaml,medium,light controller — safe within a block,ready-to-run todo cell(s) [G=todo;P=n/a] counted against the 99% disposition bar; running this converts todo -> pass/watch/blocked with a committed receipt
GP-10,"G/P: run the 5 ready live-parity row(s) with predicted gitops-runtime (argo-cd/argo-cd@10.1.3, argo-cd/argo-cd@10.2.1, argo-cd/argo-cd@10.7.0, grafana/grafana@10.5.15); each live-parity command classifies both the G and P cells. Confirm or reclassify from each receipt.",live-parity,grafana/grafana,10.5.15,prod-us-east,npm run live-parity:run -- --recipe recipes/grafana/grafana/10.5.15 --base prod-us-east,todo,G=todo;P=n/a,ready-to-run,,,derived,gitops-runtime,vanilla kind proof rig with ConfigHub OCI/Argo — expect a controller-health residue to explain,recipe artifact recipes/grafana/grafana/10.5.15/gitops-runtime-review.yaml,medium,light controller — safe within a block,ready-to-run todo cell(s) [G=todo;P=n/a] counted against the 99% disposition bar; running this converts todo -> pass/watch/blocked with a committed receipt
GP-11,"G/P: run the 5 ready live-parity row(s) with predicted gitops-runtime / model-gap-render (prometheus-community/prometheus@29.8.0, prometheus-community/kube-prometheus-stack@84.4.0); each live-parity command classifies both the G and P cells. Confirm or reclassify from each receipt.",live-parity,prometheus-community/prometheus,29.8.0,prod-us-east,npm run live-parity:run -- --recipe recipes/prometheus-community/prometheus/29.8.0 --base prod-us-east,todo,G=todo;P=n/a,ready-to-run,,,derived,gitops-runtime,vanilla kind proof rig with ConfigHub OCI/Argo — expect a controller-health residue to explain,sibling receipt — prometheus-community/prometheus already classified gitops-runtime (runs/live-helm-confighub-compare/prometheus-community-prometheus-default-29-9-0/receipt.yaml),high,light controller — safe within a block,ready-to-run todo cell(s) [G=todo;P=n/a] counted against the 99% disposition bar; running this converts todo -> pass/watch/blocked with a committed receipt
GP-11,"G/P: run the 5 ready live-parity row(s) with predicted gitops-runtime / model-gap-render (prometheus-community/prometheus@29.8.0, prometheus-community/kube-prometheus-stack@84.4.0); each live-parity command classifies both the G and P cells. Confirm or reclassify from each receipt.",live-parity,prometheus-community/prometheus,29.8.0,staging-eu-west,npm run live-parity:run -- --recipe recipes/prometheus-community/prometheus/29.8.0 --base staging-eu-west,todo,G=todo;P=n/a,ready-to-run,,,derived,gitops-runtime,vanilla kind proof rig with ConfigHub OCI/Argo — expect a controller-health residue to explain,sibling receipt — prometheus-community/prometheus already classified gitops-runtime (runs/live-helm-confighub-compare/prometheus-community-prometheus-default-29-9-0/receipt.yaml),high,light controller — safe within a block,ready-to-run todo cell(s) [G=todo;P=n/a] counted against the 99% disposition bar; running this converts todo -> pass/watch/blocked with a committed receipt
GP-11,"G/P: run the 5 ready live-parity row(s) with predicted gitops-runtime / model-gap-render (prometheus-community/prometheus@29.8.0, prometheus-community/kube-prometheus-stack@84.4.0); each live-parity command classifies both the G and P cells. Confirm or reclassify from each receipt.",live-parity,prometheus-community/kube-prometheus-stack,84.4.0,aicr-eks-training-v0-20-0,npm run live-parity:run -- --recipe recipes/prometheus-community/kube-prometheus-stack/84.4.0 --base aicr-eks-training-v0-20-0,todo,G=todo;P=todo,ready-to-run,,,derived,model-gap-render,vanilla kind — a render/model gap to reconcile in the catalog,sibling receipt — prometheus-community/kube-prometheus-stack already classified model-gap-render (runs/live-kind-parity/prometheus-community-kube-prometheus-stack-default/receipt.yaml),high,light controller — safe within a block,ready-to-run todo cell(s) [G=todo;P=todo] counted against the 99% disposition bar; running this converts todo -> pass/watch/blocked with a committed receipt
GP-11,"G/P: run the 5 ready live-parity row(s) with predicted gitops-runtime / model-gap-render (prometheus-community/prometheus@29.8.0, prometheus-community/kube-prometheus-stack@84.4.0); each live-parity command classifies both the G and P cells. Confirm or reclassify from each receipt.",live-parity,prometheus-community/kube-prometheus-stack,84.4.0,aicr-eks-training-v1-0-0,npm run live-parity:run -- --recipe recipes/prometheus-community/kube-prometheus-stack/84.4.0 --base aicr-eks-training-v1-0-0,todo,G=todo;P=todo,ready-to-run,,,derived,model-gap-render,vanilla kind — a render/model gap to reconcile in the catalog,sibling receipt — prometheus-community/kube-prometheus-stack already classified model-gap-render (runs/live-kind-parity/prometheus-community-kube-prometheus-stack-default/receipt.yaml),high,light controller — safe within a block,ready-to-run todo cell(s) [G=todo;P=todo] counted against the 99% disposition bar; running this converts todo -> pass/watch/blocked with a committed receipt
GP-11,"G/P: run the 5 ready live-parity row(s) with predicted gitops-runtime / model-gap-render (prometheus-community/prometheus@29.8.0, prometheus-community/kube-prometheus-stack@84.4.0); each live-parity command classifies both the G and P cells. Confirm or reclassify from each receipt.",live-parity,prometheus-community/kube-prometheus-stack,84.4.0,default,npm run live-parity:run -- --recipe recipes/prometheus-community/kube-prometheus-stack/84.4.0 --base default,todo,G=yes;P=todo,ready-to-run,,,derived,model-gap-render,vanilla kind — a render/model gap to reconcile in the catalog,sibling receipt — prometheus-community/kube-prometheus-stack already classified model-gap-render (runs/live-kind-parity/prometheus-community-kube-prometheus-stack-default/receipt.yaml),high,light controller — safe within a block,ready-to-run todo cell(s) [G=yes;P=todo] counted against the 99% disposition bar; running this converts todo -> pass/watch/blocked with a committed receipt
GP-12,"G/P: run the 5 ready live-parity row(s) with predicted model-gap-render (prometheus-community/kube-prometheus-stack@87.15.1, prometheus-community/kube-prometheus-stack@87.19.2, prometheus-community/kube-prometheus-stack@88.6.3); each live-parity command classifies both the G and P cells. Confirm or reclassify from each receipt.",live-parity,prometheus-community/kube-prometheus-stack,87.15.1,default,npm run live-parity:run -- --recipe recipes/prometheus-community/kube-prometheus-stack/87.15.1 --base default,todo,G=yes;P=todo,ready-to-run,,,derived,model-gap-render,vanilla kind — a render/model gap to reconcile in the catalog,sibling receipt — prometheus-community/kube-prometheus-stack already classified model-gap-render (runs/live-kind-parity/prometheus-community-kube-prometheus-stack-default/receipt.yaml),high,light controller — safe within a block,ready-to-run todo cell(s) [G=yes;P=todo] counted against the 99% disposition bar; running this converts todo -> pass/watch/blocked with a committed receipt
GP-12,"G/P: run the 5 ready live-parity row(s) with predicted model-gap-render (prometheus-community/kube-prometheus-stack@87.15.1, prometheus-community/kube-prometheus-stack@87.19.2, prometheus-community/kube-prometheus-stack@88.6.3); each live-parity command classifies both the G and P cells. Confirm or reclassify from each receipt.",live-parity,prometheus-community/kube-prometheus-stack,87.19.2,default,npm run live-parity:run -- --recipe recipes/prometheus-community/kube-prometheus-stack/87.19.2 --base default,todo,G=yes;P=todo,ready-to-run,,,derived,model-gap-render,vanilla kind — a render/model gap to reconcile in the catalog,sibling receipt — prometheus-community/kube-prometheus-stack already classified model-gap-render (runs/live-kind-parity/prometheus-community-kube-prometheus-stack-default/receipt.yaml),high,light controller — safe within a block,ready-to-run todo cell(s) [G=yes;P=todo] counted against the 99% disposition bar; running this converts todo -> pass/watch/blocked with a committed receipt
GP-12,"G/P: run the 5 ready live-parity row(s) with predicted model-gap-render (prometheus-community/kube-prometheus-stack@87.15.1, prometheus-community/kube-prometheus-stack@87.19.2, prometheus-community/kube-prometheus-stack@88.6.3); each live-parity command classifies both the G and P cells. Confirm or reclassify from each receipt.",live-parity,prometheus-community/kube-prometheus-stack,88.6.3,default,npm run live-parity:run -- --recipe recipes/prometheus-community/kube-prometheus-stack/88.6.3 --base default,todo,G=yes;P=todo,ready-to-run,,,derived,model-gap-render,vanilla kind — a render/model gap to reconcile in the catalog,sibling receipt — prometheus-community/kube-prometheus-stack already classified model-gap-render (runs/live-kind-parity/prometheus-community-kube-prometheus-stack-default/receipt.yaml),high,light controller — safe within a block,ready-to-run todo cell(s) [G=yes;P=todo] counted against the 99% disposition bar; running this converts todo -> pass/watch/blocked with a committed receipt
GP-12,"G/P: run the 5 ready live-parity row(s) with predicted model-gap-render (prometheus-community/kube-prometheus-stack@87.15.1, prometheus-community/kube-prometheus-stack@87.19.2, prometheus-community/kube-prometheus-stack@88.6.3); each live-parity command classifies both the G and P cells. Confirm or reclassify from each receipt.",live-parity,prometheus-community/kube-prometheus-stack,87.15.1,existing-secret,npm run live-parity:run -- --recipe recipes/prometheus-community/kube-prometheus-stack/87.15.1 --base existing-secret,todo,G=todo;P=todo,ready-to-run,,,derived,model-gap-render,vanilla kind — a render/model gap to reconcile in the catalog,sibling receipt — prometheus-community/kube-prometheus-stack already classified model-gap-render (runs/live-kind-parity/prometheus-community-kube-prometheus-stack-default/receipt.yaml),high,light controller — safe within a block,ready-to-run todo cell(s) [G=todo;P=todo] counted against the 99% disposition bar; running this converts todo -> pass/watch/blocked with a committed receipt
GP-12,"G/P: run the 5 ready live-parity row(s) with predicted model-gap-render (prometheus-community/kube-prometheus-stack@87.15.1, prometheus-community/kube-prometheus-stack@87.19.2, prometheus-community/kube-prometheus-stack@88.6.3); each live-parity command classifies both the G and P cells. Confirm or reclassify from each receipt.",live-parity,prometheus-community/kube-prometheus-stack,87.19.2,existing-secret,npm run live-parity:run -- --recipe recipes/prometheus-community/kube-prometheus-stack/87.19.2 --base existing-secret,todo,G=todo;P=todo,ready-to-run,,,derived,model-gap-render,vanilla kind — a render/model gap to reconcile in the catalog,sibling receipt — prometheus-community/kube-prometheus-stack already classified model-gap-render (runs/live-kind-parity/prometheus-community-kube-prometheus-stack-default/receipt.yaml),high,light controller — safe within a block,ready-to-run todo cell(s) [G=todo;P=todo] counted against the 99% disposition bar; running this converts todo -> pass/watch/blocked with a committed receipt
GP-13,"G/P: run the 5 ready live-parity row(s) with predicted model-gap-render / operate-policy (prometheus-community/kube-prometheus-stack@88.6.3, prometheus-community/kube-prometheus-stack@87.15.1, prometheus-community/kube-prometheus-stack@87.19.2, hashicorp/vault@0.32.0); each live-parity command classifies both the G and P cells. Confirm or reclassify from each receipt.",live-parity,prometheus-community/kube-prometheus-stack,88.6.3,existing-secret,npm run live-parity:run -- --recipe recipes/prometheus-community/kube-prometheus-stack/88.6.3 --base existing-secret,todo,G=todo;P=todo,ready-to-run,,,derived,model-gap-render,vanilla kind — a render/model gap to reconcile in the catalog,sibling receipt — prometheus-community/kube-prometheus-stack already classified model-gap-render (runs/live-kind-parity/prometheus-community-kube-prometheus-stack-default/receipt.yaml),high,light controller — safe within a block,ready-to-run todo cell(s) [G=todo;P=todo] counted against the 99% disposition bar; running this converts todo -> pass/watch/blocked with a committed receipt
GP-13,"G/P: run the 5 ready live-parity row(s) with predicted model-gap-render / operate-policy (prometheus-community/kube-prometheus-stack@88.6.3, prometheus-community/kube-prometheus-stack@87.15.1, prometheus-community/kube-prometheus-stack@87.19.2, hashicorp/vault@0.32.0); each live-parity command classifies both the G and P cells. Confirm or reclassify from each receipt.",live-parity,prometheus-community/kube-prometheus-stack,87.15.1,no-crds,npm run live-parity:run -- --recipe recipes/prometheus-community/kube-prometheus-stack/87.15.1 --base no-crds,todo,G=yes;P=todo,ready-to-run,,,derived,model-gap-render,vanilla kind — a render/model gap to reconcile in the catalog,sibling receipt — prometheus-community/kube-prometheus-stack already classified model-gap-render (runs/live-kind-parity/prometheus-community-kube-prometheus-stack-default/receipt.yaml),high,light controller — safe within a block,ready-to-run todo cell(s) [G=yes;P=todo] counted against the 99% disposition bar; running this converts todo -> pass/watch/blocked with a committed receipt
GP-13,"G/P: run the 5 ready live-parity row(s) with predicted model-gap-render / operate-policy (prometheus-community/kube-prometheus-stack@88.6.3, prometheus-community/kube-prometheus-stack@87.15.1, prometheus-community/kube-prometheus-stack@87.19.2, hashicorp/vault@0.32.0); each live-parity command classifies both the G and P cells. Confirm or reclassify from each receipt.",live-parity,prometheus-community/kube-prometheus-stack,87.19.2,no-crds,npm run live-parity:run -- --recipe recipes/prometheus-community/kube-prometheus-stack/87.19.2 --base no-crds,todo,G=yes;P=todo,ready-to-run,,,derived,model-gap-render,vanilla kind — a render/model gap to reconcile in the catalog,sibling receipt — prometheus-community/kube-prometheus-stack already classified model-gap-render (runs/live-kind-parity/prometheus-community-kube-prometheus-stack-default/receipt.yaml),high,light controller — safe within a block,ready-to-run todo cell(s) [G=yes;P=todo] counted against the 99% disposition bar; running this converts todo -> pass/watch/blocked with a committed receipt
GP-13,"G/P: run the 5 ready live-parity row(s) with predicted model-gap-render / operate-policy (prometheus-community/kube-prometheus-stack@88.6.3, prometheus-community/kube-prometheus-stack@87.15.1, prometheus-community/kube-prometheus-stack@87.19.2, hashicorp/vault@0.32.0); each live-parity command classifies both the G and P cells. Confirm or reclassify from each receipt.",live-parity,prometheus-community/kube-prometheus-stack,88.6.3,no-crds,npm run live-parity:run -- --recipe recipes/prometheus-community/kube-prometheus-stack/88.6.3 --base no-crds,todo,G=yes;P=todo,ready-to-run,,,derived,model-gap-render,vanilla kind — a render/model gap to reconcile in the catalog,sibling receipt — prometheus-community/kube-prometheus-stack already classified model-gap-render (runs/live-kind-parity/prometheus-community-kube-prometheus-stack-default/receipt.yaml),high,light controller — safe within a block,ready-to-run todo cell(s) [G=yes;P=todo] counted against the 99% disposition bar; running this converts todo -> pass/watch/blocked with a committed receipt
GP-13,"G/P: run the 5 ready live-parity row(s) with predicted model-gap-render / operate-policy (prometheus-community/kube-prometheus-stack@88.6.3, prometheus-community/kube-prometheus-stack@87.15.1, prometheus-community/kube-prometheus-stack@87.19.2, hashicorp/vault@0.32.0); each live-parity command classifies both the G and P cells. Confirm or reclassify from each receipt.",live-parity,hashicorp/vault,0.32.0,regulated-prod-us-east,npm run live-parity:run -- --recipe recipes/hashicorp/vault/0.32.0 --base regulated-prod-us-east,todo,G=todo;P=n/a,ready-to-run,,,derived,operate-policy,vanilla kind + an operational readiness step (e.g. init/unseal),sibling receipt — hashicorp/vault already classified operate-policy (runs/live-helm-confighub-compare/hashicorp-vault-ha-raft-ui/receipt.yaml),high,"stateful/heavy — run alone, allow a longer timeout, verify PVC/cluster cleanup",ready-to-run todo cell(s) [G=todo;P=n/a] counted against the 99% disposition bar; running this converts todo -> pass/watch/blocked with a committed receipt
GP-14,"G/P: run the 5 ready live-parity row(s) with predicted operate-policy / remote-image / render-input / target-fit (hashicorp/vault@0.32.0, bitnami/redis@25.5.3, velero/velero@12.1.0, aws-ebs-csi-driver/aws-ebs-csi-driver@2.59.0); each live-parity command classifies both the G and P cells. Confirm or reclassify from each receipt.",live-parity,hashicorp/vault,0.32.0,staging-us-east,npm run live-parity:run -- --recipe recipes/hashicorp/vault/0.32.0 --base staging-us-east,todo,G=todo;P=n/a,ready-to-run,,,derived,operate-policy,vanilla kind + an operational readiness step (e.g. init/unseal),sibling receipt — hashicorp/vault already classified operate-policy (runs/live-helm-confighub-compare/hashicorp-vault-ha-raft-ui/receipt.yaml),high,"stateful/heavy — run alone, allow a longer timeout, verify PVC/cluster cleanup",ready-to-run todo cell(s) [G=todo;P=n/a] counted against the 99% disposition bar; running this converts todo -> pass/watch/blocked with a committed receipt
GP-14,"G/P: run the 5 ready live-parity row(s) with predicted operate-policy / remote-image / render-input / target-fit (hashicorp/vault@0.32.0, bitnami/redis@25.5.3, velero/velero@12.1.0, aws-ebs-csi-driver/aws-ebs-csi-driver@2.59.0); each live-parity command classifies both the G and P cells. Confirm or reclassify from each receipt.",live-parity,bitnami/redis,25.5.3,prod-us-east,npm run live-parity:run -- --recipe recipes/bitnami/redis/25.5.3 --base prod-us-east,todo,G=todo;P=n/a,ready-to-run,,,derived,remote-image,vanilla kind proof rig — image must be pullable on the target,family pattern — bitnami: 26/41 classified rows are remote-image,medium,"stateful/heavy — run alone, allow a longer timeout, verify PVC/cluster cleanup",ready-to-run todo cell(s) [G=todo;P=n/a] counted against the 99% disposition bar; running this converts todo -> pass/watch/blocked with a committed receipt
GP-14,"G/P: run the 5 ready live-parity row(s) with predicted operate-policy / remote-image / render-input / target-fit (hashicorp/vault@0.32.0, bitnami/redis@25.5.3, velero/velero@12.1.0, aws-ebs-csi-driver/aws-ebs-csi-driver@2.59.0); each live-parity command classifies both the G and P cells. Confirm or reclassify from each receipt.",live-parity,velero/velero,12.1.0,default,npm run live-parity:run -- --recipe recipes/velero/velero/12.1.0 --base default,todo,G=todo;P=todo,ready-to-run,,,derived,render-input,vanilla kind — required input values must be supplied or refused first,sibling receipt — velero/velero already classified render-input (runs/live-helm-confighub-compare/velero-velero-default/receipt.yaml),high,light controller — safe within a block,ready-to-run todo cell(s) [G=todo;P=todo] counted against the 99% disposition bar; running this converts todo -> pass/watch/blocked with a committed receipt
GP-14,"G/P: run the 5 ready live-parity row(s) with predicted operate-policy / remote-image / render-input / target-fit (hashicorp/vault@0.32.0, bitnami/redis@25.5.3, velero/velero@12.1.0, aws-ebs-csi-driver/aws-ebs-csi-driver@2.59.0); each live-parity command classifies both the G and P cells. Confirm or reclassify from each receipt.",live-parity,aws-ebs-csi-driver/aws-ebs-csi-driver,2.59.0,aicr-eks-training-v0-20-0,npm run live-parity:run -- --recipe recipes/aws-ebs-csi-driver/aws-ebs-csi-driver/2.59.0 --base aicr-eks-training-v0-20-0,todo,G=todo;P=todo,ready-to-run,,,derived,target-fit,non-vanilla target profile — a platform identity/capability the chart needs,sibling receipt — aws-ebs-csi-driver/aws-ebs-csi-driver already classified target-fit (runs/live-helm-confighub-compare/aws-ebs-csi-driver-aws-ebs-csi-driver-default/receipt.yaml),high,light controller — safe within a block,ready-to-run todo cell(s) [G=todo;P=todo] counted against the 99% disposition bar; running this converts todo -> pass/watch/blocked with a committed receipt
GP-14,"G/P: run the 5 ready live-parity row(s) with predicted operate-policy / remote-image / render-input / target-fit (hashicorp/vault@0.32.0, bitnami/redis@25.5.3, velero/velero@12.1.0, aws-ebs-csi-driver/aws-ebs-csi-driver@2.59.0); each live-parity command classifies both the G and P cells. Confirm or reclassify from each receipt.",live-parity,aws-ebs-csi-driver/aws-ebs-csi-driver,2.59.0,aicr-eks-training-v1-0-0,npm run live-parity:run -- --recipe recipes/aws-ebs-csi-driver/aws-ebs-csi-driver/2.59.0 --base aicr-eks-training-v1-0-0,todo,G=todo;P=todo,ready-to-run,,,derived,target-fit,non-vanilla target profile — a platform identity/capability the chart needs,sibling receipt — aws-ebs-csi-driver/aws-ebs-csi-driver already classified target-fit (runs/live-helm-confighub-compare/aws-ebs-csi-driver-aws-ebs-csi-driver-default/receipt.yaml),high,light controller — safe within a block,ready-to-run todo cell(s) [G=todo;P=todo] counted against the 99% disposition bar; running this converts todo -> pass/watch/blocked with a committed receipt
GP-15,"G/P: run the 5 ready live-parity row(s) with predicted target-fit / target-prerequisite (aws-ebs-csi-driver/aws-ebs-csi-driver@2.59.0, metrics-server/metrics-server@3.13.1, metrics-server/metrics-server@3.14.0); each live-parity command classifies both the G and P cells. Confirm or reclassify from each receipt.",live-parity,aws-ebs-csi-driver/aws-ebs-csi-driver,2.59.0,default,npm run live-parity:run -- --recipe recipes/aws-ebs-csi-driver/aws-ebs-csi-driver/2.59.0 --base default,todo,G=todo;P=todo,ready-to-run,,,derived,target-fit,non-vanilla target profile — a platform identity/capability the chart needs,sibling receipt — aws-ebs-csi-driver/aws-ebs-csi-driver already classified target-fit (runs/live-helm-confighub-compare/aws-ebs-csi-driver-aws-ebs-csi-driver-default/receipt.yaml),high,light controller — safe within a block,ready-to-run todo cell(s) [G=todo;P=todo] counted against the 99% disposition bar; running this converts todo -> pass/watch/blocked with a committed receipt
GP-15,"G/P: run the 5 ready live-parity row(s) with predicted target-fit / target-prerequisite (aws-ebs-csi-driver/aws-ebs-csi-driver@2.59.0, metrics-server/metrics-server@3.13.1, metrics-server/metrics-server@3.14.0); each live-parity command classifies both the G and P cells. Confirm or reclassify from each receipt.",live-parity,metrics-server/metrics-server,3.13.1,default,npm run live-parity:run -- --recipe recipes/metrics-server/metrics-server/3.13.1 --base default,todo,G=yes;P=todo,ready-to-run,,,derived,target-prerequisite,vanilla kind + the named prerequisite staged (CRD/Secret/Namespace),recipe artifact recipes/metrics-server/metrics-server/3.13.1/target-prerequisite-plan.yaml,medium,light controller — safe within a block,ready-to-run todo cell(s) [G=yes;P=todo] counted against the 99% disposition bar; running this converts todo -> pass/watch/blocked with a committed receipt
GP-15,"G/P: run the 5 ready live-parity row(s) with predicted target-fit / target-prerequisite (aws-ebs-csi-driver/aws-ebs-csi-driver@2.59.0, metrics-server/metrics-server@3.13.1, metrics-server/metrics-server@3.14.0); each live-parity command classifies both the G and P cells. Confirm or reclassify from each receipt.",live-parity,metrics-server/metrics-server,3.14.0,default,npm run live-parity:run -- --recipe recipes/metrics-server/metrics-server/3.14.0 --base default,todo,G=yes;P=todo,ready-to-run,,,derived,target-prerequisite,vanilla kind + the named prerequisite staged (CRD/Secret/Namespace),recipe artifact recipes/metrics-server/metrics-server/3.14.0/target-prerequisite-plan.yaml,medium,light controller — safe within a block,ready-to-run todo cell(s) [G=yes;P=todo] counted against the 99% disposition bar; running this converts todo -> pass/watch/blocked with a committed receipt
GP-15,"G/P: run the 5 ready live-parity row(s) with predicted target-fit / target-prerequisite (aws-ebs-csi-driver/aws-ebs-csi-driver@2.59.0, metrics-server/metrics-server@3.13.1, metrics-server/metrics-server@3.14.0); each live-parity command classifies both the G and P cells. Confirm or reclassify from each receipt.",live-parity,metrics-server/metrics-server,3.13.1,external-tls-ca,npm run live-parity:run -- --recipe recipes/metrics-server/metrics-server/3.13.1 --base external-tls-ca,todo,G=todo;P=todo,ready-to-run,,,derived,target-prerequisite,vanilla kind + the named prerequisite staged (CRD/Secret/Namespace),recipe artifact recipes/metrics-server/metrics-server/3.13.1/target-prerequisite-plan.yaml,medium,light controller — safe within a block,ready-to-run todo cell(s) [G=todo;P=todo] counted against the 99% disposition bar; running this converts todo -> pass/watch/blocked with a committed receipt
GP-15,"G/P: run the 5 ready live-parity row(s) with predicted target-fit / target-prerequisite (aws-ebs-csi-driver/aws-ebs-csi-driver@2.59.0, metrics-server/metrics-server@3.13.1, metrics-server/metrics-server@3.14.0); each live-parity command classifies both the G and P cells. Confirm or reclassify from each receipt.",live-parity,metrics-server/metrics-server,3.14.0,external-tls-ca,npm run live-parity:run -- --recipe recipes/metrics-server/metrics-server/3.14.0 --base external-tls-ca,todo,G=todo;P=todo,ready-to-run,,,derived,target-prerequisite,vanilla kind + the named prerequisite staged (CRD/Secret/Namespace),recipe artifact recipes/metrics-server/metrics-server/3.14.0/target-prerequisite-plan.yaml,medium,light controller — safe within a block,ready-to-run todo cell(s) [G=todo;P=todo] counted against the 99% disposition bar; running this converts todo -> pass/watch/blocked with a committed receipt
GP-16,"G/P: run the 5 ready live-parity row(s) with predicted target-runtime / unknown (grafana/alloy@1.11.0, grafana/alloy@1.12.1, grafana/loki@7.1.0, grafana/loki@7.3.0, aws-controllers-k8s/ec2-chart@1.18.4); each live-parity command classifies both the G and P cells. Confirm or reclassify from each receipt.",live-parity,grafana/alloy,1.11.0,default,npm run live-parity:run -- --recipe recipes/grafana/alloy/1.11.0 --base default,todo,G=todo;P=todo,ready-to-run,,,derived,target-runtime,vanilla kind proof rig — runtime convergence to review,family pattern — grafana: 3/5 classified rows are target-runtime,medium,light controller — safe within a block,ready-to-run todo cell(s) [G=todo;P=todo] counted against the 99% disposition bar; running this converts todo -> pass/watch/blocked with a committed receipt
GP-16,"G/P: run the 5 ready live-parity row(s) with predicted target-runtime / unknown (grafana/alloy@1.11.0, grafana/alloy@1.12.1, grafana/loki@7.1.0, grafana/loki@7.3.0, aws-controllers-k8s/ec2-chart@1.18.4); each live-parity command classifies both the G and P cells. Confirm or reclassify from each receipt.",live-parity,grafana/alloy,1.12.1,default,npm run live-parity:run -- --recipe recipes/grafana/alloy/1.12.1 --base default,todo,G=todo;P=todo,ready-to-run,,,derived,target-runtime,vanilla kind proof rig — runtime convergence to review,family pattern — grafana: 3/5 classified rows are target-runtime,medium,light controller — safe within a block,ready-to-run todo cell(s) [G=todo;P=todo] counted against the 99% disposition bar; running this converts todo -> pass/watch/blocked with a committed receipt
GP-16,"G/P: run the 5 ready live-parity row(s) with predicted target-runtime / unknown (grafana/alloy@1.11.0, grafana/alloy@1.12.1, grafana/loki@7.1.0, grafana/loki@7.3.0, aws-controllers-k8s/ec2-chart@1.18.4); each live-parity command classifies both the G and P cells. Confirm or reclassify from each receipt.",live-parity,grafana/loki,7.1.0,default,npm run live-parity:run -- --recipe recipes/grafana/loki/7.1.0 --base default,todo,G=todo;P=todo,ready-to-run,,,derived,target-runtime,vanilla kind proof rig — runtime convergence to review,family pattern — grafana: 3/5 classified rows are target-runtime,medium,"stateful/heavy — run alone, allow a longer timeout, verify PVC/cluster cleanup",ready-to-run todo cell(s) [G=todo;P=todo] counted against the 99% disposition bar; running this converts todo -> pass/watch/blocked with a committed receipt
GP-16,"G/P: run the 5 ready live-parity row(s) with predicted target-runtime / unknown (grafana/alloy@1.11.0, grafana/alloy@1.12.1, grafana/loki@7.1.0, grafana/loki@7.3.0, aws-controllers-k8s/ec2-chart@1.18.4); each live-parity command classifies both the G and P cells. Confirm or reclassify from each receipt.",live-parity,grafana/loki,7.3.0,default,npm run live-parity:run -- --recipe recipes/grafana/loki/7.3.0 --base default,todo,G=todo;P=todo,ready-to-run,,,derived,target-runtime,vanilla kind proof rig — runtime convergence to review,family pattern — grafana: 3/5 classified rows are target-runtime,medium,"stateful/heavy — run alone, allow a longer timeout, verify PVC/cluster cleanup",ready-to-run todo cell(s) [G=todo;P=todo] counted against the 99% disposition bar; running this converts todo -> pass/watch/blocked with a committed receipt
GP-16,"G/P: run the 5 ready live-parity row(s) with predicted target-runtime / unknown (grafana/alloy@1.11.0, grafana/alloy@1.12.1, grafana/loki@7.1.0, grafana/loki@7.3.0, aws-controllers-k8s/ec2-chart@1.18.4); each live-parity command classifies both the G and P cells. Confirm or reclassify from each receipt.",live-parity,aws-controllers-k8s/ec2-chart,1.18.4,default,npm run live-parity:run -- --recipe recipes/aws-controllers-k8s/ec2-chart/1.18.4 --base default,todo,G=todo;P=todo,ready-to-run,,,unknown,unknown,unknown,,unknown,light controller — safe within a block,ready-to-run todo cell(s) [G=todo;P=todo] counted against the 99% disposition bar; running this converts todo -> pass/watch/blocked with a committed receipt
GP-17,"G/P: run the 5 ready live-parity row(s) with no prior residue signal (first observation) (aws-controllers-k8s/ec2-chart@1.18.4, aws-controllers-k8s/eks-chart@1.16.3, aws-controllers-k8s/iam-chart@1.7.3); each live-parity command classifies both the G and P cells. Confirm or reclassify from each receipt.",live-parity,aws-controllers-k8s/ec2-chart,1.18.4,eks-inference,npm run live-parity:run -- --recipe recipes/aws-controllers-k8s/ec2-chart/1.18.4 --base eks-inference,todo,G=todo;P=todo,ready-to-run,,,unknown,unknown,unknown,,unknown,light controller — safe within a block,ready-to-run todo cell(s) [G=todo;P=todo] counted against the 99% disposition bar; running this converts todo -> pass/watch/blocked with a committed receipt
GP-17,"G/P: run the 5 ready live-parity row(s) with no prior residue signal (first observation) (aws-controllers-k8s/ec2-chart@1.18.4, aws-controllers-k8s/eks-chart@1.16.3, aws-controllers-k8s/iam-chart@1.7.3); each live-parity command classifies both the G and P cells. Confirm or reclassify from each receipt.",live-parity,aws-controllers-k8s/eks-chart,1.16.3,default,npm run live-parity:run -- --recipe recipes/aws-controllers-k8s/eks-chart/1.16.3 --base default,todo,G=todo;P=todo,ready-to-run,,,unknown,unknown,unknown,,unknown,light controller — safe within a block,ready-to-run todo cell(s) [G=todo;P=todo] counted against the 99% disposition bar; running this converts todo -> pass/watch/blocked with a committed receipt
GP-17,"G/P: run the 5 ready live-parity row(s) with no prior residue signal (first observation) (aws-controllers-k8s/ec2-chart@1.18.4, aws-controllers-k8s/eks-chart@1.16.3, aws-controllers-k8s/iam-chart@1.7.3); each live-parity command classifies both the G and P cells. Confirm or reclassify from each receipt.",live-parity,aws-controllers-k8s/eks-chart,1.16.3,eks-inference,npm run live-parity:run -- --recipe recipes/aws-controllers-k8s/eks-chart/1.16.3 --base eks-inference,todo,G=todo;P=todo,ready-to-run,,,unknown,unknown,unknown,,unknown,light controller — safe within a block,ready-to-run todo cell(s) [G=todo;P=todo] counted against the 99% disposition bar; running this converts todo -> pass/watch/blocked with a committed receipt
GP-17,"G/P: run the 5 ready live-parity row(s) with no prior residue signal (first observation) (aws-controllers-k8s/ec2-chart@1.18.4, aws-controllers-k8s/eks-chart@1.16.3, aws-controllers-k8s/iam-chart@1.7.3); each live-parity command classifies both the G and P cells. Confirm or reclassify from each receipt.",live-parity,aws-controllers-k8s/iam-chart,1.7.3,default,npm run live-parity:run -- --recipe recipes/aws-controllers-k8s/iam-chart/1.7.3 --base default,todo,G=todo;P=todo,ready-to-run,,,unknown,unknown,unknown,,unknown,light controller — safe within a block,ready-to-run todo cell(s) [G=todo;P=todo] counted against the 99% disposition bar; running this converts todo -> pass/watch/blocked with a committed receipt
GP-17,"G/P: run the 5 ready live-parity row(s) with no prior residue signal (first observation) (aws-controllers-k8s/ec2-chart@1.18.4, aws-controllers-k8s/eks-chart@1.16.3, aws-controllers-k8s/iam-chart@1.7.3); each live-parity command classifies both the G and P cells. Confirm or reclassify from each receipt.",live-parity,aws-controllers-k8s/iam-chart,1.7.3,eks-inference,npm run live-parity:run -- --recipe recipes/aws-controllers-k8s/iam-chart/1.7.3 --base eks-inference,todo,G=todo;P=todo,ready-to-run,,,unknown,unknown,unknown,,unknown,light controller — safe within a block,ready-to-run todo cell(s) [G=todo;P=todo] counted against the 99% disposition bar; running this converts todo -> pass/watch/blocked with a committed receipt
GP-18,"G/P: run the 5 ready live-parity row(s) with no prior residue signal (first observation) (cloudnative-pg/cloudnative-pg@0.29.0, cloudpirates/nginx@0.16.1, cloudpirates/rabbitmq@0.21.13, cloudpirates/redis@0.34.11); each live-parity command classifies both the G and P cells. Confirm or reclassify from each receipt.",live-parity,cloudnative-pg/cloudnative-pg,0.29.0,default,npm run live-parity:run -- --recipe recipes/cloudnative-pg/cloudnative-pg/0.29.0 --base default,todo,G=todo;P=todo,ready-to-run,,,unknown,unknown,unknown,,unknown,light controller — safe within a block,ready-to-run todo cell(s) [G=todo;P=todo] counted against the 99% disposition bar; running this converts todo -> pass/watch/blocked with a committed receipt
GP-18,"G/P: run the 5 ready live-parity row(s) with no prior residue signal (first observation) (cloudnative-pg/cloudnative-pg@0.29.0, cloudpirates/nginx@0.16.1, cloudpirates/rabbitmq@0.21.13, cloudpirates/redis@0.34.11); each live-parity command classifies both the G and P cells. Confirm or reclassify from each receipt.",live-parity,cloudpirates/nginx,0.16.1,default,npm run live-parity:run -- --recipe recipes/cloudpirates/nginx/0.16.1 --base default,todo,G=todo;P=todo,ready-to-run,,,unknown,unknown,unknown,,unknown,light controller — safe within a block,ready-to-run todo cell(s) [G=todo;P=todo] counted against the 99% disposition bar; running this converts todo -> pass/watch/blocked with a committed receipt
GP-18,"G/P: run the 5 ready live-parity row(s) with no prior residue signal (first observation) (cloudnative-pg/cloudnative-pg@0.29.0, cloudpirates/nginx@0.16.1, cloudpirates/rabbitmq@0.21.13, cloudpirates/redis@0.34.11); each live-parity command classifies both the G and P cells. Confirm or reclassify from each receipt.",live-parity,cloudpirates/rabbitmq,0.21.13,default,npm run live-parity:run -- --recipe recipes/cloudpirates/rabbitmq/0.21.13 --base default,todo,G=todo;P=todo,ready-to-run,,,unknown,unknown,unknown,,unknown,light controller — safe within a block,ready-to-run todo cell(s) [G=todo;P=todo] counted against the 99% disposition bar; running this converts todo -> pass/watch/blocked with a committed receipt
GP-18,"G/P: run the 5 ready live-parity row(s) with no prior residue signal (first observation) (cloudnative-pg/cloudnative-pg@0.29.0, cloudpirates/nginx@0.16.1, cloudpirates/rabbitmq@0.21.13, cloudpirates/redis@0.34.11); each live-parity command classifies both the G and P cells. Confirm or reclassify from each receipt.",live-parity,cloudpirates/rabbitmq,0.21.13,existing-secret,npm run live-parity:run -- --recipe recipes/cloudpirates/rabbitmq/0.21.13 --base existing-secret,todo,G=todo;P=todo,ready-to-run,,,unknown,unknown,unknown,,unknown,light controller — safe within a block,ready-to-run todo cell(s) [G=todo;P=todo] counted against the 99% disposition bar; running this converts todo -> pass/watch/blocked with a committed receipt
GP-18,"G/P: run the 5 ready live-parity row(s) with no prior residue signal (first observation) (cloudnative-pg/cloudnative-pg@0.29.0, cloudpirates/nginx@0.16.1, cloudpirates/rabbitmq@0.21.13, cloudpirates/redis@0.34.11); each live-parity command classifies both the G and P cells. Confirm or reclassify from each receipt.",live-parity,cloudpirates/redis,0.34.11,default,npm run live-parity:run -- --recipe recipes/cloudpirates/redis/0.34.11 --base default,todo,G=todo;P=todo,ready-to-run,,,unknown,unknown,unknown,,unknown,"stateful/heavy — run alone, allow a longer timeout, verify PVC/cluster cleanup",ready-to-run todo cell(s) [G=todo;P=todo] counted against the 99% disposition bar; running this converts todo -> pass/watch/blocked with a committed receipt
GP-19,"G/P: run the 5 ready live-parity row(s) with no prior residue signal (first observation) (cloudpirates/redis@0.34.11, dra-driver-nvidia/dra-driver-nvidia-gpu@0.4.1, dra-driver-nvidia/dra-driver-nvidia-gpu@0.5.0); each live-parity command classifies both the G and P cells. Confirm or reclassify from each receipt.",live-parity,cloudpirates/redis,0.34.11,reuse-existing-secret,npm run live-parity:run -- --recipe recipes/cloudpirates/redis/0.34.11 --base reuse-existing-secret,todo,G=todo;P=todo,ready-to-run,,,unknown,unknown,unknown,,unknown,"stateful/heavy — run alone, allow a longer timeout, verify PVC/cluster cleanup",ready-to-run todo cell(s) [G=todo;P=todo] counted against the 99% disposition bar; running this converts todo -> pass/watch/blocked with a committed receipt
GP-19,"G/P: run the 5 ready live-parity row(s) with no prior residue signal (first observation) (cloudpirates/redis@0.34.11, dra-driver-nvidia/dra-driver-nvidia-gpu@0.4.1, dra-driver-nvidia/dra-driver-nvidia-gpu@0.5.0); each live-parity command classifies both the G and P cells. Confirm or reclassify from each receipt.",live-parity,dra-driver-nvidia/dra-driver-nvidia-gpu,0.4.1,aicr-eks-training,npm run live-parity:run -- --recipe recipes/dra-driver-nvidia/dra-driver-nvidia-gpu/0.4.1 --base aicr-eks-training,todo,G=todo;P=todo,ready-to-run,,,unknown,unknown,unknown,,unknown,light controller — safe within a block,ready-to-run todo cell(s) [G=todo;P=todo] counted against the 99% disposition bar; running this converts todo -> pass/watch/blocked with a committed receipt
GP-19,"G/P: run the 5 ready live-parity row(s) with no prior residue signal (first observation) (cloudpirates/redis@0.34.11, dra-driver-nvidia/dra-driver-nvidia-gpu@0.4.1, dra-driver-nvidia/dra-driver-nvidia-gpu@0.5.0); each live-parity command classifies both the G and P cells. Confirm or reclassify from each receipt.",live-parity,dra-driver-nvidia/dra-driver-nvidia-gpu,0.5.0,aicr-eks-training,npm run live-parity:run -- --recipe recipes/dra-driver-nvidia/dra-driver-nvidia-gpu/0.5.0 --base aicr-eks-training,todo,G=todo;P=todo,ready-to-run,,,unknown,unknown,unknown,,unknown,light controller — safe within a block,ready-to-run todo cell(s) [G=todo;P=todo] counted against the 99% disposition bar; running this converts todo -> pass/watch/blocked with a committed receipt
GP-19,"G/P: run the 5 ready live-parity row(s) with no prior residue signal (first observation) (cloudpirates/redis@0.34.11, dra-driver-nvidia/dra-driver-nvidia-gpu@0.4.1, dra-driver-nvidia/dra-driver-nvidia-gpu@0.5.0); each live-parity command classifies both the G and P cells. Confirm or reclassify from each receipt.",live-parity,dra-driver-nvidia/dra-driver-nvidia-gpu,0.4.1,default,npm run live-parity:run -- --recipe recipes/dra-driver-nvidia/dra-driver-nvidia-gpu/0.4.1 --base default,todo,G=todo;P=todo,ready-to-run,,,unknown,unknown,unknown,,unknown,light controller — safe within a block,ready-to-run todo cell(s) [G=todo;P=todo] counted against the 99% disposition bar; running this converts todo -> pass/watch/blocked with a committed receipt
GP-19,"G/P: run the 5 ready live-parity row(s) with no prior residue signal (first observation) (cloudpirates/redis@0.34.11, dra-driver-nvidia/dra-driver-nvidia-gpu@0.4.1, dra-driver-nvidia/dra-driver-nvidia-gpu@0.5.0); each live-parity command classifies both the G and P cells. Confirm or reclassify from each receipt.",live-parity,dra-driver-nvidia/dra-driver-nvidia-gpu,0.5.0,default,npm run live-parity:run -- --recipe recipes/dra-driver-nvidia/dra-driver-nvidia-gpu/0.5.0 --base default,todo,G=todo;P=todo,ready-to-run,,,unknown,unknown,unknown,,unknown,light controller — safe within a block,ready-to-run todo cell(s) [G=todo;P=todo] counted against the 99% disposition bar; running this converts todo -> pass/watch/blocked with a committed receipt
GP-20,"G/P: run the 5 ready live-parity row(s) with no prior residue signal (first observation) (dra-driver-nvidia/dra-driver-nvidia-gpu@0.4.1, dra-driver-nvidia/dra-driver-nvidia-gpu@0.5.0, k8s-ephemeral-storage-metrics/k8s-ephemeral-storage-metrics@1.19.2); each live-parity command classifies both the G and P cells. Confirm or reclassify from each receipt.",live-parity,dra-driver-nvidia/dra-driver-nvidia-gpu,0.4.1,gpu-resources,npm run live-parity:run -- --recipe recipes/dra-driver-nvidia/dra-driver-nvidia-gpu/0.4.1 --base gpu-resources,todo,G=todo;P=todo,ready-to-run,,,unknown,unknown,unknown,,unknown,light controller — safe within a block,ready-to-run todo cell(s) [G=todo;P=todo] counted against the 99% disposition bar; running this converts todo -> pass/watch/blocked with a committed receipt
GP-20,"G/P: run the 5 ready live-parity row(s) with no prior residue signal (first observation) (dra-driver-nvidia/dra-driver-nvidia-gpu@0.4.1, dra-driver-nvidia/dra-driver-nvidia-gpu@0.5.0, k8s-ephemeral-storage-metrics/k8s-ephemeral-storage-metrics@1.19.2); each live-parity command classifies both the G and P cells. Confirm or reclassify from each receipt.",live-parity,dra-driver-nvidia/dra-driver-nvidia-gpu,0.5.0,gpu-resources,npm run live-parity:run -- --recipe recipes/dra-driver-nvidia/dra-driver-nvidia-gpu/0.5.0 --base gpu-resources,todo,G=todo;P=todo,ready-to-run,,,unknown,unknown,unknown,,unknown,light controller — safe within a block,ready-to-run todo cell(s) [G=todo;P=todo] counted against the 99% disposition bar; running this converts todo -> pass/watch/blocked with a committed receipt
GP-20,"G/P: run the 5 ready live-parity row(s) with no prior residue signal (first observation) (dra-driver-nvidia/dra-driver-nvidia-gpu@0.4.1, dra-driver-nvidia/dra-driver-nvidia-gpu@0.5.0, k8s-ephemeral-storage-metrics/k8s-ephemeral-storage-metrics@1.19.2); each live-parity command classifies both the G and P cells. Confirm or reclassify from each receipt.",live-parity,k8s-ephemeral-storage-metrics/k8s-ephemeral-storage-metrics,1.19.2,aicr-eks-training-v0-20-0,npm run live-parity:run -- --recipe recipes/k8s-ephemeral-storage-metrics/k8s-ephemeral-storage-metrics/1.19.2 --base aicr-eks-training-v0-20-0,todo,G=todo;P=todo,ready-to-run,,,unknown,unknown,unknown,,unknown,light controller — safe within a block,ready-to-run todo cell(s) [G=todo;P=todo] counted against the 99% disposition bar; running this converts todo -> pass/watch/blocked with a committed receipt
GP-20,"G/P: run the 5 ready live-parity row(s) with no prior residue signal (first observation) (dra-driver-nvidia/dra-driver-nvidia-gpu@0.4.1, dra-driver-nvidia/dra-driver-nvidia-gpu@0.5.0, k8s-ephemeral-storage-metrics/k8s-ephemeral-storage-metrics@1.19.2); each live-parity command classifies both the G and P cells. Confirm or reclassify from each receipt.",live-parity,k8s-ephemeral-storage-metrics/k8s-ephemeral-storage-metrics,1.19.2,aicr-eks-training-v1-0-0,npm run live-parity:run -- --recipe recipes/k8s-ephemeral-storage-metrics/k8s-ephemeral-storage-metrics/1.19.2 --base aicr-eks-training-v1-0-0,todo,G=todo;P=todo,ready-to-run,,,unknown,unknown,unknown,,unknown,light controller — safe within a block,ready-to-run todo cell(s) [G=todo;P=todo] counted against the 99% disposition bar; running this converts todo -> pass/watch/blocked with a committed receipt
GP-20,"G/P: run the 5 ready live-parity row(s) with no prior residue signal (first observation) (dra-driver-nvidia/dra-driver-nvidia-gpu@0.4.1, dra-driver-nvidia/dra-driver-nvidia-gpu@0.5.0, k8s-ephemeral-storage-metrics/k8s-ephemeral-storage-metrics@1.19.2); each live-parity command classifies both the G and P cells. Confirm or reclassify from each receipt.",live-parity,k8s-ephemeral-storage-metrics/k8s-ephemeral-storage-metrics,1.19.2,default,npm run live-parity:run -- --recipe recipes/k8s-ephemeral-storage-metrics/k8s-ephemeral-storage-metrics/1.19.2 --base default,todo,G=todo;P=todo,ready-to-run,,,unknown,unknown,unknown,,unknown,light controller — safe within a block,ready-to-run todo cell(s) [G=todo;P=todo] counted against the 99% disposition bar; running this converts todo -> pass/watch/blocked with a committed receipt
GP-21,"G/P: run the 5 ready live-parity row(s) with no prior residue signal (first observation) (kai-scheduler/kai-scheduler@v0.14.1, kai-scheduler/kai-scheduler@v0.16.9, karpenter/karpenter@1.14.0); each live-parity command classifies both the G and P cells. Confirm or reclassify from each receipt.",live-parity,kai-scheduler/kai-scheduler,v0.14.1,aicr-eks-training,npm run live-parity:run -- --recipe recipes/kai-scheduler/kai-scheduler/v0.14.1 --base aicr-eks-training,todo,G=todo;P=todo,ready-to-run,,,unknown,unknown,unknown,,unknown,light controller — safe within a block,ready-to-run todo cell(s) [G=todo;P=todo] counted against the 99% disposition bar; running this converts todo -> pass/watch/blocked with a committed receipt
GP-21,"G/P: run the 5 ready live-parity row(s) with no prior residue signal (first observation) (kai-scheduler/kai-scheduler@v0.14.1, kai-scheduler/kai-scheduler@v0.16.9, karpenter/karpenter@1.14.0); each live-parity command classifies both the G and P cells. Confirm or reclassify from each receipt.",live-parity,kai-scheduler/kai-scheduler,v0.16.9,aicr-eks-training,npm run live-parity:run -- --recipe recipes/kai-scheduler/kai-scheduler/v0.16.9 --base aicr-eks-training,todo,G=todo;P=todo,ready-to-run,,,unknown,unknown,unknown,,unknown,light controller — safe within a block,ready-to-run todo cell(s) [G=todo;P=todo] counted against the 99% disposition bar; running this converts todo -> pass/watch/blocked with a committed receipt
GP-21,"G/P: run the 5 ready live-parity row(s) with no prior residue signal (first observation) (kai-scheduler/kai-scheduler@v0.14.1, kai-scheduler/kai-scheduler@v0.16.9, karpenter/karpenter@1.14.0); each live-parity command classifies both the G and P cells. Confirm or reclassify from each receipt.",live-parity,kai-scheduler/kai-scheduler,v0.14.1,default,npm run live-parity:run -- --recipe recipes/kai-scheduler/kai-scheduler/v0.14.1 --base default,todo,G=todo;P=todo,ready-to-run,,,unknown,unknown,unknown,,unknown,light controller — safe within a block,ready-to-run todo cell(s) [G=todo;P=todo] counted against the 99% disposition bar; running this converts todo -> pass/watch/blocked with a committed receipt
GP-21,"G/P: run the 5 ready live-parity row(s) with no prior residue signal (first observation) (kai-scheduler/kai-scheduler@v0.14.1, kai-scheduler/kai-scheduler@v0.16.9, karpenter/karpenter@1.14.0); each live-parity command classifies both the G and P cells. Confirm or reclassify from each receipt.",live-parity,kai-scheduler/kai-scheduler,v0.16.9,default,npm run live-parity:run -- --recipe recipes/kai-scheduler/kai-scheduler/v0.16.9 --base default,todo,G=todo;P=todo,ready-to-run,,,unknown,unknown,unknown,,unknown,light controller — safe within a block,ready-to-run todo cell(s) [G=todo;P=todo] counted against the 99% disposition bar; running this converts todo -> pass/watch/blocked with a committed receipt
GP-21,"G/P: run the 5 ready live-parity row(s) with no prior residue signal (first observation) (kai-scheduler/kai-scheduler@v0.14.1, kai-scheduler/kai-scheduler@v0.16.9, karpenter/karpenter@1.14.0); each live-parity command classifies both the G and P cells. Confirm or reclassify from each receipt.",live-parity,karpenter/karpenter,1.14.0,crds-managed,npm run live-parity:run -- --recipe recipes/karpenter/karpenter/1.14.0 --base crds-managed,todo,G=todo;P=todo,ready-to-run,,,unknown,unknown,unknown,,unknown,light controller — safe within a block,ready-to-run todo cell(s) [G=todo;P=todo] counted against the 99% disposition bar; running this converts todo -> pass/watch/blocked with a committed receipt
GP-22,"G/P: run the 5 ready live-parity row(s) with no prior residue signal (first observation) (karpenter/karpenter@1.14.0, kubeflow/kubeflow-trainer@2.2.0); each live-parity command classifies both the G and P cells. Confirm or reclassify from each receipt.",live-parity,karpenter/karpenter,1.14.0,default,npm run live-parity:run -- --recipe recipes/karpenter/karpenter/1.14.0 --base default,todo,G=todo;P=todo,ready-to-run,,,unknown,unknown,unknown,,unknown,light controller — safe within a block,ready-to-run todo cell(s) [G=todo;P=todo] counted against the 99% disposition bar; running this converts todo -> pass/watch/blocked with a committed receipt
GP-22,"G/P: run the 5 ready live-parity row(s) with no prior residue signal (first observation) (karpenter/karpenter@1.14.0, kubeflow/kubeflow-trainer@2.2.0); each live-parity command classifies both the G and P cells. Confirm or reclassify from each receipt.",live-parity,karpenter/karpenter,1.14.0,eks-inference,npm run live-parity:run -- --recipe recipes/karpenter/karpenter/1.14.0 --base eks-inference,todo,G=todo;P=todo,ready-to-run,,,unknown,unknown,unknown,,unknown,light controller — safe within a block,ready-to-run todo cell(s) [G=todo;P=todo] counted against the 99% disposition bar; running this converts todo -> pass/watch/blocked with a committed receipt
GP-22,"G/P: run the 5 ready live-parity row(s) with no prior residue signal (first observation) (karpenter/karpenter@1.14.0, kubeflow/kubeflow-trainer@2.2.0); each live-parity command classifies both the G and P cells. Confirm or reclassify from each receipt.",live-parity,kubeflow/kubeflow-trainer,2.2.0,aicr-eks-training-v0-20-0,npm run live-parity:run -- --recipe recipes/kubeflow/kubeflow-trainer/2.2.0 --base aicr-eks-training-v0-20-0,todo,G=todo;P=todo,ready-to-run,,,unknown,unknown,unknown,,unknown,light controller — safe within a block,ready-to-run todo cell(s) [G=todo;P=todo] counted against the 99% disposition bar; running this converts todo -> pass/watch/blocked with a committed receipt
GP-22,"G/P: run the 5 ready live-parity row(s) with no prior residue signal (first observation) (karpenter/karpenter@1.14.0, kubeflow/kubeflow-trainer@2.2.0); each live-parity command classifies both the G and P cells. Confirm or reclassify from each receipt.",live-parity,kubeflow/kubeflow-trainer,2.2.0,aicr-eks-training-v1-0-0,npm run live-parity:run -- --recipe recipes/kubeflow/kubeflow-trainer/2.2.0 --base aicr-eks-training-v1-0-0,todo,G=todo;P=todo,ready-to-run,,,unknown,unknown,unknown,,unknown,light controller — safe within a block,ready-to-run todo cell(s) [G=todo;P=todo] counted against the 99% disposition bar; running this converts todo -> pass/watch/blocked with a committed receipt
GP-22,"G/P: run the 5 ready live-parity row(s) with no prior residue signal (first observation) (karpenter/karpenter@1.14.0, kubeflow/kubeflow-trainer@2.2.0); each live-parity command classifies both the G and P cells. Confirm or reclassify from each receipt.",live-parity,kubeflow/kubeflow-trainer,2.2.0,default,npm run live-parity:run -- --recipe recipes/kubeflow/kubeflow-trainer/2.2.0 --base default,todo,G=todo;P=todo,ready-to-run,,,unknown,unknown,unknown,,unknown,light controller — safe within a block,ready-to-run todo cell(s) [G=todo;P=todo] counted against the 99% disposition bar; running this converts todo -> pass/watch/blocked with a committed receipt
GP-23,"G/P: run the 5 ready live-parity row(s) with no prior residue signal (first observation) (longhorn/longhorn@1.12.0, longhorn/longhorn@1.12.1, metallb/metallb@0.16.1, nvidia/cluster-readiness-engine@v0.6.0, nvidia/nodewright@v0.17.1); each live-parity command classifies both the G and P cells. Confirm or reclassify from each receipt.",live-parity,longhorn/longhorn,1.12.0,default,npm run live-parity:run -- --recipe recipes/longhorn/longhorn/1.12.0 --base default,todo,G=todo;P=todo,ready-to-run,,,unknown,unknown,unknown,,unknown,light controller — safe within a block,ready-to-run todo cell(s) [G=todo;P=todo] counted against the 99% disposition bar; running this converts todo -> pass/watch/blocked with a committed receipt
GP-23,"G/P: run the 5 ready live-parity row(s) with no prior residue signal (first observation) (longhorn/longhorn@1.12.0, longhorn/longhorn@1.12.1, metallb/metallb@0.16.1, nvidia/cluster-readiness-engine@v0.6.0, nvidia/nodewright@v0.17.1); each live-parity command classifies both the G and P cells. Confirm or reclassify from each receipt.",live-parity,longhorn/longhorn,1.12.1,default,npm run live-parity:run -- --recipe recipes/longhorn/longhorn/1.12.1 --base default,todo,G=todo;P=todo,ready-to-run,,,unknown,unknown,unknown,,unknown,light controller — safe within a block,ready-to-run todo cell(s) [G=todo;P=todo] counted against the 99% disposition bar; running this converts todo -> pass/watch/blocked with a committed receipt
GP-23,"G/P: run the 5 ready live-parity row(s) with no prior residue signal (first observation) (longhorn/longhorn@1.12.0, longhorn/longhorn@1.12.1, metallb/metallb@0.16.1, nvidia/cluster-readiness-engine@v0.6.0, nvidia/nodewright@v0.17.1); each live-parity command classifies both the G and P cells. Confirm or reclassify from each receipt.",live-parity,metallb/metallb,0.16.1,default,npm run live-parity:run -- --recipe recipes/metallb/metallb/0.16.1 --base default,todo,G=todo;P=todo,ready-to-run,,,unknown,unknown,unknown,,unknown,light controller — safe within a block,ready-to-run todo cell(s) [G=todo;P=todo] counted against the 99% disposition bar; running this converts todo -> pass/watch/blocked with a committed receipt
GP-23,"G/P: run the 5 ready live-parity row(s) with no prior residue signal (first observation) (longhorn/longhorn@1.12.0, longhorn/longhorn@1.12.1, metallb/metallb@0.16.1, nvidia/cluster-readiness-engine@v0.6.0, nvidia/nodewright@v0.17.1); each live-parity command classifies both the G and P cells. Confirm or reclassify from each receipt.",live-parity,nvidia/cluster-readiness-engine,v0.6.0,default,npm run live-parity:run -- --recipe recipes/nvidia/cluster-readiness-engine/v0.6.0 --base default,todo,G=todo;P=todo,ready-to-run,,,unknown,unknown,unknown,,unknown,light controller — safe within a block,ready-to-run todo cell(s) [G=todo;P=todo] counted against the 99% disposition bar; running this converts todo -> pass/watch/blocked with a committed receipt
GP-23,"G/P: run the 5 ready live-parity row(s) with no prior residue signal (first observation) (longhorn/longhorn@1.12.0, longhorn/longhorn@1.12.1, metallb/metallb@0.16.1, nvidia/cluster-readiness-engine@v0.6.0, nvidia/nodewright@v0.17.1); each live-parity command classifies both the G and P cells. Confirm or reclassify from each receipt.",live-parity,nvidia/nodewright,v0.17.1,aicr-eks-training,npm run live-parity:run -- --recipe recipes/nvidia/nodewright/v0.17.1 --base aicr-eks-training,todo,G=todo;P=todo,ready-to-run,,,unknown,unknown,unknown,,unknown,light controller — safe within a block,ready-to-run todo cell(s) [G=todo;P=todo] counted against the 99% disposition bar; running this converts todo -> pass/watch/blocked with a committed receipt
GP-24,"G/P: run the 5 ready live-parity row(s) with no prior residue signal (first observation) (nvidia/nodewright@v0.19.0, nvidia/nodewright@v0.17.1, nvidia/nvidia-device-plugin@0.19.3); each live-parity command classifies both the G and P cells. Confirm or reclassify from each receipt.",live-parity,nvidia/nodewright,v0.19.0,aicr-eks-training,npm run live-parity:run -- --recipe recipes/nvidia/nodewright/v0.19.0 --base aicr-eks-training,todo,G=todo;P=todo,ready-to-run,,,unknown,unknown,unknown,,unknown,light controller — safe within a block,ready-to-run todo cell(s) [G=todo;P=todo] counted against the 99% disposition bar; running this converts todo -> pass/watch/blocked with a committed receipt
GP-24,"G/P: run the 5 ready live-parity row(s) with no prior residue signal (first observation) (nvidia/nodewright@v0.19.0, nvidia/nodewright@v0.17.1, nvidia/nvidia-device-plugin@0.19.3); each live-parity command classifies both the G and P cells. Confirm or reclassify from each receipt.",live-parity,nvidia/nodewright,v0.17.1,default,npm run live-parity:run -- --recipe recipes/nvidia/nodewright/v0.17.1 --base default,todo,G=todo;P=todo,ready-to-run,,,unknown,unknown,unknown,,unknown,light controller — safe within a block,ready-to-run todo cell(s) [G=todo;P=todo] counted against the 99% disposition bar; running this converts todo -> pass/watch/blocked with a committed receipt
GP-24,"G/P: run the 5 ready live-parity row(s) with no prior residue signal (first observation) (nvidia/nodewright@v0.19.0, nvidia/nodewright@v0.17.1, nvidia/nvidia-device-plugin@0.19.3); each live-parity command classifies both the G and P cells. Confirm or reclassify from each receipt.",live-parity,nvidia/nodewright,v0.19.0,default,npm run live-parity:run -- --recipe recipes/nvidia/nodewright/v0.19.0 --base default,todo,G=todo;P=todo,ready-to-run,,,unknown,unknown,unknown,,unknown,light controller — safe within a block,ready-to-run todo cell(s) [G=todo;P=todo] counted against the 99% disposition bar; running this converts todo -> pass/watch/blocked with a committed receipt
GP-24,"G/P: run the 5 ready live-parity row(s) with no prior residue signal (first observation) (nvidia/nodewright@v0.19.0, nvidia/nodewright@v0.17.1, nvidia/nvidia-device-plugin@0.19.3); each live-parity command classifies both the G and P cells. Confirm or reclassify from each receipt.",live-parity,nvidia/nvidia-device-plugin,0.19.3,default,npm run live-parity:run -- --recipe recipes/nvidia/nvidia-device-plugin/0.19.3 --base default,todo,G=todo;P=todo,ready-to-run,,,unknown,unknown,unknown,,unknown,light controller — safe within a block,ready-to-run todo cell(s) [G=todo;P=todo] counted against the 99% disposition bar; running this converts todo -> pass/watch/blocked with a committed receipt
GP-24,"G/P: run the 5 ready live-parity row(s) with no prior residue signal (first observation) (nvidia/nodewright@v0.19.0, nvidia/nodewright@v0.17.1, nvidia/nvidia-device-plugin@0.19.3); each live-parity command classifies both the G and P cells. Confirm or reclassify from each receipt.",live-parity,nvidia/nvidia-device-plugin,0.19.3,eks-inference,npm run live-parity:run -- --recipe recipes/nvidia/nvidia-device-plugin/0.19.3 --base eks-inference,todo,G=todo;P=todo,ready-to-run,,,unknown,unknown,unknown,,unknown,light controller — safe within a block,ready-to-run todo cell(s) [G=todo;P=todo] counted against the 99% disposition bar; running this converts todo -> pass/watch/blocked with a committed receipt
GP-25,"G/P: run the 5 ready live-parity row(s) with no prior residue signal (first observation) (nvidia/nvidia-device-plugin@0.19.3, nvidia/nvsentinel@v1.20.0, nvidia/nvsentinel@v1.25.0, nvidia/nvsentinel@v1.9.0); each live-parity command classifies both the G and P cells. Confirm or reclassify from each receipt.",live-parity,nvidia/nvidia-device-plugin,0.19.3,nfd-enabled,npm run live-parity:run -- --recipe recipes/nvidia/nvidia-device-plugin/0.19.3 --base nfd-enabled,todo,G=todo;P=todo,ready-to-run,,,unknown,unknown,unknown,,unknown,light controller — safe within a block,ready-to-run todo cell(s) [G=todo;P=todo] counted against the 99% disposition bar; running this converts todo -> pass/watch/blocked with a committed receipt
GP-25,"G/P: run the 5 ready live-parity row(s) with no prior residue signal (first observation) (nvidia/nvidia-device-plugin@0.19.3, nvidia/nvsentinel@v1.20.0, nvidia/nvsentinel@v1.25.0, nvidia/nvsentinel@v1.9.0); each live-parity command classifies both the G and P cells. Confirm or reclassify from each receipt.",live-parity,nvidia/nvsentinel,v1.20.0,aicr-eks-training,npm run live-parity:run -- --recipe recipes/nvidia/nvsentinel/v1.20.0 --base aicr-eks-training,todo,G=todo;P=todo,ready-to-run,,,unknown,unknown,unknown,,unknown,light controller — safe within a block,ready-to-run todo cell(s) [G=todo;P=todo] counted against the 99% disposition bar; running this converts todo -> pass/watch/blocked with a committed receipt
GP-25,"G/P: run the 5 ready live-parity row(s) with no prior residue signal (first observation) (nvidia/nvidia-device-plugin@0.19.3, nvidia/nvsentinel@v1.20.0, nvidia/nvsentinel@v1.25.0, nvidia/nvsentinel@v1.9.0); each live-parity command classifies both the G and P cells. Confirm or reclassify from each receipt.",live-parity,nvidia/nvsentinel,v1.25.0,aicr-eks-training,npm run live-parity:run -- --recipe recipes/nvidia/nvsentinel/v1.25.0 --base aicr-eks-training,todo,G=todo;P=todo,ready-to-run,,,unknown,unknown,unknown,,unknown,light controller — safe within a block,ready-to-run todo cell(s) [G=todo;P=todo] counted against the 99% disposition bar; running this converts todo -> pass/watch/blocked with a committed receipt
GP-25,"G/P: run the 5 ready live-parity row(s) with no prior residue signal (first observation) (nvidia/nvidia-device-plugin@0.19.3, nvidia/nvsentinel@v1.20.0, nvidia/nvsentinel@v1.25.0, nvidia/nvsentinel@v1.9.0); each live-parity command classifies both the G and P cells. Confirm or reclassify from each receipt.",live-parity,nvidia/nvsentinel,v1.9.0,aicr-eks-training,npm run live-parity:run -- --recipe recipes/nvidia/nvsentinel/v1.9.0 --base aicr-eks-training,todo,G=todo;P=todo,ready-to-run,,,unknown,unknown,unknown,,unknown,light controller — safe within a block,ready-to-run todo cell(s) [G=todo;P=todo] counted against the 99% disposition bar; running this converts todo -> pass/watch/blocked with a committed receipt
GP-25,"G/P: run the 5 ready live-parity row(s) with no prior residue signal (first observation) (nvidia/nvidia-device-plugin@0.19.3, nvidia/nvsentinel@v1.20.0, nvidia/nvsentinel@v1.25.0, nvidia/nvsentinel@v1.9.0); each live-parity command classifies both the G and P cells. Confirm or reclassify from each receipt.",live-parity,nvidia/nvsentinel,v1.20.0,default,npm run live-parity:run -- --recipe recipes/nvidia/nvsentinel/v1.20.0 --base default,todo,G=todo;P=todo,ready-to-run,,,unknown,unknown,unknown,,unknown,light controller — safe within a block,ready-to-run todo cell(s) [G=todo;P=todo] counted against the 99% disposition bar; running this converts todo -> pass/watch/blocked with a committed receipt
GP-26,"G/P: run the 5 ready live-parity row(s) with no prior residue signal (first observation) (nvidia/nvsentinel@v1.25.0, nvidia/nvsentinel@v1.26.0, nvidia/nvsentinel@v1.9.0, nvidia/nvsentinel@v1.20.0); each live-parity command classifies both the G and P cells. Confirm or reclassify from each receipt.",live-parity,nvidia/nvsentinel,v1.25.0,default,npm run live-parity:run -- --recipe recipes/nvidia/nvsentinel/v1.25.0 --base default,todo,G=todo;P=todo,ready-to-run,,,unknown,unknown,unknown,,unknown,light controller — safe within a block,ready-to-run todo cell(s) [G=todo;P=todo] counted against the 99% disposition bar; running this converts todo -> pass/watch/blocked with a committed receipt
GP-26,"G/P: run the 5 ready live-parity row(s) with no prior residue signal (first observation) (nvidia/nvsentinel@v1.25.0, nvidia/nvsentinel@v1.26.0, nvidia/nvsentinel@v1.9.0, nvidia/nvsentinel@v1.20.0); each live-parity command classifies both the G and P cells. Confirm or reclassify from each receipt.",live-parity,nvidia/nvsentinel,v1.26.0,default,npm run live-parity:run -- --recipe recipes/nvidia/nvsentinel/v1.26.0 --base default,todo,G=todo;P=todo,ready-to-run,,,unknown,unknown,unknown,,unknown,light controller — safe within a block,ready-to-run todo cell(s) [G=todo;P=todo] counted against the 99% disposition bar; running this converts todo -> pass/watch/blocked with a committed receipt
GP-26,"G/P: run the 5 ready live-parity row(s) with no prior residue signal (first observation) (nvidia/nvsentinel@v1.25.0, nvidia/nvsentinel@v1.26.0, nvidia/nvsentinel@v1.9.0, nvidia/nvsentinel@v1.20.0); each live-parity command classifies both the G and P cells. Confirm or reclassify from each receipt.",live-parity,nvidia/nvsentinel,v1.9.0,default,npm run live-parity:run -- --recipe recipes/nvidia/nvsentinel/v1.9.0 --base default,todo,G=todo;P=todo,ready-to-run,,,unknown,unknown,unknown,,unknown,light controller — safe within a block,ready-to-run todo cell(s) [G=todo;P=todo] counted against the 99% disposition bar; running this converts todo -> pass/watch/blocked with a committed receipt
GP-26,"G/P: run the 5 ready live-parity row(s) with no prior residue signal (first observation) (nvidia/nvsentinel@v1.25.0, nvidia/nvsentinel@v1.26.0, nvidia/nvsentinel@v1.9.0, nvidia/nvsentinel@v1.20.0); each live-parity command classifies both the G and P cells. Confirm or reclassify from each receipt.",live-parity,nvidia/nvsentinel,v1.20.0,no-pod-monitor,npm run live-parity:run -- --recipe recipes/nvidia/nvsentinel/v1.20.0 --base no-pod-monitor,todo,G=todo;P=todo,ready-to-run,,,unknown,unknown,unknown,,unknown,light controller — safe within a block,ready-to-run todo cell(s) [G=todo;P=todo] counted against the 99% disposition bar; running this converts todo -> pass/watch/blocked with a committed receipt
GP-26,"G/P: run the 5 ready live-parity row(s) with no prior residue signal (first observation) (nvidia/nvsentinel@v1.25.0, nvidia/nvsentinel@v1.26.0, nvidia/nvsentinel@v1.9.0, nvidia/nvsentinel@v1.20.0); each live-parity command classifies both the G and P cells. Confirm or reclassify from each receipt.",live-parity,nvidia/nvsentinel,v1.25.0,no-pod-monitor,npm run live-parity:run -- --recipe recipes/nvidia/nvsentinel/v1.25.0 --base no-pod-monitor,todo,G=todo;P=todo,ready-to-run,,,unknown,unknown,unknown,,unknown,light controller — safe within a block,ready-to-run todo cell(s) [G=todo;P=todo] counted against the 99% disposition bar; running this converts todo -> pass/watch/blocked with a committed receipt
GP-27,"G/P: run the 4 ready live-parity row(s) with no prior residue signal (first observation) (nvidia/nvsentinel@v1.26.0, nvidia/nvsentinel@v1.9.0, oauth2-proxy/oauth2-proxy@10.7.0, policy-reporter/policy-reporter@3.10.0); each live-parity command classifies both the G and P cells. Confirm or reclassify from each receipt.",live-parity,nvidia/nvsentinel,v1.26.0,no-pod-monitor,npm run live-parity:run -- --recipe recipes/nvidia/nvsentinel/v1.26.0 --base no-pod-monitor,todo,G=todo;P=todo,ready-to-run,,,unknown,unknown,unknown,,unknown,light controller — safe within a block,ready-to-run todo cell(s) [G=todo;P=todo] counted against the 99% disposition bar; running this converts todo -> pass/watch/blocked with a committed receipt
GP-27,"G/P: run the 4 ready live-parity row(s) with no prior residue signal (first observation) (nvidia/nvsentinel@v1.26.0, nvidia/nvsentinel@v1.9.0, oauth2-proxy/oauth2-proxy@10.7.0, policy-reporter/policy-reporter@3.10.0); each live-parity command classifies both the G and P cells. Confirm or reclassify from each receipt.",live-parity,nvidia/nvsentinel,v1.9.0,no-pod-monitor,npm run live-parity:run -- --recipe recipes/nvidia/nvsentinel/v1.9.0 --base no-pod-monitor,todo,G=todo;P=todo,ready-to-run,,,unknown,unknown,unknown,,unknown,light controller — safe within a block,ready-to-run todo cell(s) [G=todo;P=todo] counted against the 99% disposition bar; running this converts todo -> pass/watch/blocked with a committed receipt
GP-27,"G/P: run the 4 ready live-parity row(s) with no prior residue signal (first observation) (nvidia/nvsentinel@v1.26.0, nvidia/nvsentinel@v1.9.0, oauth2-proxy/oauth2-proxy@10.7.0, policy-reporter/policy-reporter@3.10.0); each live-parity command classifies both the G and P cells. Confirm or reclassify from each receipt.",live-parity,oauth2-proxy/oauth2-proxy,10.7.0,default,npm run live-parity:run -- --recipe recipes/oauth2-proxy/oauth2-proxy/10.7.0 --base default,todo,G=todo;P=todo,ready-to-run,,,unknown,unknown,unknown,,unknown,light controller — safe within a block,ready-to-run todo cell(s) [G=todo;P=todo] counted against the 99% disposition bar; running this converts todo -> pass/watch/blocked with a committed receipt
GP-27,"G/P: run the 4 ready live-parity row(s) with no prior residue signal (first observation) (nvidia/nvsentinel@v1.26.0, nvidia/nvsentinel@v1.9.0, oauth2-proxy/oauth2-proxy@10.7.0, policy-reporter/policy-reporter@3.10.0); each live-parity command classifies both the G and P cells. Confirm or reclassify from each receipt.",live-parity,policy-reporter/policy-reporter,3.10.0,default,npm run live-parity:run -- --recipe recipes/policy-reporter/policy-reporter/3.10.0 --base default,todo,G=todo;P=todo,ready-to-run,,,unknown,unknown,unknown,,unknown,light controller — safe within a block,ready-to-run todo cell(s) [G=todo;P=todo] counted against the 99% disposition bar; running this converts todo -> pass/watch/blocked with a committed receipt
GP-28,"G/P: run the 4 ready live-parity row(s) with no prior residue signal (first observation) (policy-reporter/policy-reporter@3.9.1, stakater/reloader@2.2.14, stakater/reloader@2.2.16, valkey/valkey@0.11.0); each live-parity command classifies both the G and P cells. Confirm or reclassify from each receipt.",live-parity,policy-reporter/policy-reporter,3.9.1,default,npm run live-parity:run -- --recipe recipes/policy-reporter/policy-reporter/3.9.1 --base default,todo,G=todo;P=todo,ready-to-run,,,unknown,unknown,unknown,,unknown,light controller — safe within a block,ready-to-run todo cell(s) [G=todo;P=todo] counted against the 99% disposition bar; running this converts todo -> pass/watch/blocked with a committed receipt
GP-28,"G/P: run the 4 ready live-parity row(s) with no prior residue signal (first observation) (policy-reporter/policy-reporter@3.9.1, stakater/reloader@2.2.14, stakater/reloader@2.2.16, valkey/valkey@0.11.0); each live-parity command classifies both the G and P cells. Confirm or reclassify from each receipt.",live-parity,stakater/reloader,2.2.14,default,npm run live-parity:run -- --recipe recipes/stakater/reloader/2.2.14 --base default,todo,G=todo;P=todo,ready-to-run,,,unknown,unknown,unknown,,unknown,light controller — safe within a block,ready-to-run todo cell(s) [G=todo;P=todo] counted against the 99% disposition bar; running this converts todo -> pass/watch/blocked with a committed receipt
GP-28,"G/P: run the 4 ready live-parity row(s) with no prior residue signal (first observation) (policy-reporter/policy-reporter@3.9.1, stakater/reloader@2.2.14, stakater/reloader@2.2.16, valkey/valkey@0.11.0); each live-parity command classifies both the G and P cells. Confirm or reclassify from each receipt.",live-parity,stakater/reloader,2.2.16,default,npm run live-parity:run -- --recipe recipes/stakater/reloader/2.2.16 --base default,todo,G=todo;P=todo,ready-to-run,,,unknown,unknown,unknown,,unknown,light controller — safe within a block,ready-to-run todo cell(s) [G=todo;P=todo] counted against the 99% disposition bar; running this converts todo -> pass/watch/blocked with a committed receipt
GP-28,"G/P: run the 4 ready live-parity row(s) with no prior residue signal (first observation) (policy-reporter/policy-reporter@3.9.1, stakater/reloader@2.2.14, stakater/reloader@2.2.16, valkey/valkey@0.11.0); each live-parity command classifies both the G and P cells. Confirm or reclassify from each receipt.",live-parity,valkey/valkey,0.11.0,default,npm run live-parity:run -- --recipe recipes/valkey/valkey/0.11.0 --base default,todo,G=todo;P=todo,ready-to-run,,,unknown,unknown,unknown,,unknown,light controller — safe within a block,ready-to-run todo cell(s) [G=todo;P=todo] counted against the 99% disposition bar; running this converts todo -> pass/watch/blocked with a committed receipt
K-01,"K: run the 5 ready kind-parity row(s) with predicted capability-profile / unknown (prometheus-community/prometheus-operator-crds@28.0.1, mysql/mysql-operator@2.3.0, nvidia/gpu-operator@v26.3.3, nvidia/gpu-operator@v26.7.1, nvidia/gpu-operator@v25.10.1); each kind-parity command classifies the K cell. Confirm or reclassify from each receipt.",kind-parity,prometheus-community/prometheus-operator-crds,28.0.1,aicr-eks-training,npm run kind-parity:run -- --recipe recipes/prometheus-community/prometheus-operator-crds/28.0.1 --base aicr-eks-training,todo,K=todo,ready-to-run,,,derived,capability-profile,a target whose API capabilities match the chart render profile,family pattern — prometheus-community: 2/6 classified rows are capability-profile,low,two-cluster kind run (provisions two clusters); installs cluster-scoped CRDs/webhooks — verify CRD ownership and cleanup; do not batch with another CRD installer in parallel,ready-to-run todo cell(s) [K=todo] counted against the 99% disposition bar; running this converts todo -> pass/watch/blocked with a committed receipt
K-01,"K: run the 5 ready kind-parity row(s) with predicted capability-profile / unknown (prometheus-community/prometheus-operator-crds@28.0.1, mysql/mysql-operator@2.3.0, nvidia/gpu-operator@v26.3.3, nvidia/gpu-operator@v26.7.1, nvidia/gpu-operator@v25.10.1); each kind-parity command classifies the K cell. Confirm or reclassify from each receipt.",kind-parity,mysql/mysql-operator,2.3.0,default,npm run kind-parity:run -- --recipe recipes/mysql/mysql-operator/2.3.0 --base default,todo,K=todo,ready-to-run,,,unknown,unknown,unknown,,unknown,"two-cluster kind run (provisions two clusters); installs cluster-scoped CRDs/webhooks — verify CRD ownership and cleanup; do not batch with another CRD installer in parallel; stateful/heavy — run alone, allow a longer timeout, verify PVC/cluster cleanup",ready-to-run todo cell(s) [K=todo] counted against the 99% disposition bar; running this converts todo -> pass/watch/blocked with a committed receipt
K-01,"K: run the 5 ready kind-parity row(s) with predicted capability-profile / unknown (prometheus-community/prometheus-operator-crds@28.0.1, mysql/mysql-operator@2.3.0, nvidia/gpu-operator@v26.3.3, nvidia/gpu-operator@v26.7.1, nvidia/gpu-operator@v25.10.1); each kind-parity command classifies the K cell. Confirm or reclassify from each receipt.",kind-parity,nvidia/gpu-operator,v26.3.3,aicr-eks-training,npm run kind-parity:run -- --recipe recipes/nvidia/gpu-operator/v26.3.3 --base aicr-eks-training,todo,K=todo,ready-to-run,,,unknown,unknown,unknown,,unknown,two-cluster kind run (provisions two clusters); installs cluster-scoped CRDs/webhooks — verify CRD ownership and cleanup; do not batch with another CRD installer in parallel,ready-to-run todo cell(s) [K=todo] counted against the 99% disposition bar; running this converts todo -> pass/watch/blocked with a committed receipt
K-01,"K: run the 5 ready kind-parity row(s) with predicted capability-profile / unknown (prometheus-community/prometheus-operator-crds@28.0.1, mysql/mysql-operator@2.3.0, nvidia/gpu-operator@v26.3.3, nvidia/gpu-operator@v26.7.1, nvidia/gpu-operator@v25.10.1); each kind-parity command classifies the K cell. Confirm or reclassify from each receipt.",kind-parity,nvidia/gpu-operator,v26.7.1,aicr-eks-training,npm run kind-parity:run -- --recipe recipes/nvidia/gpu-operator/v26.7.1 --base aicr-eks-training,todo,K=todo,ready-to-run,,,unknown,unknown,unknown,,unknown,two-cluster kind run (provisions two clusters); installs cluster-scoped CRDs/webhooks — verify CRD ownership and cleanup; do not batch with another CRD installer in parallel,ready-to-run todo cell(s) [K=todo] counted against the 99% disposition bar; running this converts todo -> pass/watch/blocked with a committed receipt
K-01,"K: run the 5 ready kind-parity row(s) with predicted capability-profile / unknown (prometheus-community/prometheus-operator-crds@28.0.1, mysql/mysql-operator@2.3.0, nvidia/gpu-operator@v26.3.3, nvidia/gpu-operator@v26.7.1, nvidia/gpu-operator@v25.10.1); each kind-parity command classifies the K cell. Confirm or reclassify from each receipt.",kind-parity,nvidia/gpu-operator,v25.10.1,default,npm run kind-parity:run -- --recipe recipes/nvidia/gpu-operator/v25.10.1 --base default,todo,K=todo,ready-to-run,,,unknown,unknown,unknown,,unknown,two-cluster kind run (provisions two clusters); installs cluster-scoped CRDs/webhooks — verify CRD ownership and cleanup; do not batch with another CRD installer in parallel,ready-to-run todo cell(s) [K=todo] counted against the 99% disposition bar; running this converts todo -> pass/watch/blocked with a committed receipt
K-02,"K: run the 5 ready kind-parity row(s) with no prior residue signal (first observation) (nvidia/gpu-operator@v26.3.2, nvidia/gpu-operator@v26.3.3, nvidia/gpu-operator@v26.7.1); each kind-parity command classifies the K cell. Confirm or reclassify from each receipt.",kind-parity,nvidia/gpu-operator,v26.3.2,default,npm run kind-parity:run -- --recipe recipes/nvidia/gpu-operator/v26.3.2 --base default,todo,K=todo,ready-to-run,,,unknown,unknown,unknown,,unknown,two-cluster kind run (provisions two clusters); installs cluster-scoped CRDs/webhooks — verify CRD ownership and cleanup; do not batch with another CRD installer in parallel,ready-to-run todo cell(s) [K=todo] counted against the 99% disposition bar; running this converts todo -> pass/watch/blocked with a committed receipt
K-02,"K: run the 5 ready kind-parity row(s) with no prior residue signal (first observation) (nvidia/gpu-operator@v26.3.2, nvidia/gpu-operator@v26.3.3, nvidia/gpu-operator@v26.7.1); each kind-parity command classifies the K cell. Confirm or reclassify from each receipt.",kind-parity,nvidia/gpu-operator,v26.3.3,default,npm run kind-parity:run -- --recipe recipes/nvidia/gpu-operator/v26.3.3 --base default,todo,K=todo,ready-to-run,,,unknown,unknown,unknown,,unknown,two-cluster kind run (provisions two clusters); installs cluster-scoped CRDs/webhooks — verify CRD ownership and cleanup; do not batch with another CRD installer in parallel,ready-to-run todo cell(s) [K=todo] counted against the 99% disposition bar; running this converts todo -> pass/watch/blocked with a committed receipt
K-02,"K: run the 5 ready kind-parity row(s) with no prior residue signal (first observation) (nvidia/gpu-operator@v26.3.2, nvidia/gpu-operator@v26.3.3, nvidia/gpu-operator@v26.7.1); each kind-parity command classifies the K cell. Confirm or reclassify from each receipt.",kind-parity,nvidia/gpu-operator,v26.7.1,default,npm run kind-parity:run -- --recipe recipes/nvidia/gpu-operator/v26.7.1 --base default,todo,K=todo,ready-to-run,,,unknown,unknown,unknown,,unknown,two-cluster kind run (provisions two clusters); installs cluster-scoped CRDs/webhooks — verify CRD ownership and cleanup; do not batch with another CRD installer in parallel,ready-to-run todo cell(s) [K=todo] counted against the 99% disposition bar; running this converts todo -> pass/watch/blocked with a committed receipt
K-02,"K: run the 5 ready kind-parity row(s) with no prior residue signal (first observation) (nvidia/gpu-operator@v26.3.2, nvidia/gpu-operator@v26.3.3, nvidia/gpu-operator@v26.7.1); each kind-parity command classifies the K cell. Confirm or reclassify from each receipt.",kind-parity,nvidia/gpu-operator,v26.3.2,driver-580.105.08,npm run kind-parity:run -- --recipe recipes/nvidia/gpu-operator/v26.3.2 --base driver-580.105.08,todo,K=todo,ready-to-run,,,unknown,unknown,unknown,,unknown,two-cluster kind run (provisions two clusters); installs cluster-scoped CRDs/webhooks — verify CRD ownership and cleanup; do not batch with another CRD installer in parallel,ready-to-run todo cell(s) [K=todo] counted against the 99% disposition bar; running this converts todo -> pass/watch/blocked with a committed receipt
K-02,"K: run the 5 ready kind-parity row(s) with no prior residue signal (first observation) (nvidia/gpu-operator@v26.3.2, nvidia/gpu-operator@v26.3.3, nvidia/gpu-operator@v26.7.1); each kind-parity command classifies the K cell. Confirm or reclassify from each receipt.",kind-parity,nvidia/gpu-operator,v26.3.3,driver-580.105.08,npm run kind-parity:run -- --recipe recipes/nvidia/gpu-operator/v26.3.3 --base driver-580.105.08,todo,K=todo,ready-to-run,,,unknown,unknown,unknown,,unknown,two-cluster kind run (provisions two clusters); installs cluster-scoped CRDs/webhooks — verify CRD ownership and cleanup; do not batch with another CRD installer in parallel,ready-to-run todo cell(s) [K=todo] counted against the 99% disposition bar; running this converts todo -> pass/watch/blocked with a committed receipt
K-03,"K: run the 5 ready kind-parity row(s) with no prior residue signal (first observation) (nvidia/gpu-operator@v26.7.1, nvidia/gpu-operator@v25.10.1, nvidia/gpu-operator@v26.3.2); each kind-parity command classifies the K cell. Confirm or reclassify from each receipt.",kind-parity,nvidia/gpu-operator,v26.7.1,driver-580.105.08,npm run kind-parity:run -- --recipe recipes/nvidia/gpu-operator/v26.7.1 --base driver-580.105.08,todo,K=todo,ready-to-run,,,unknown,unknown,unknown,,unknown,two-cluster kind run (provisions two clusters); installs cluster-scoped CRDs/webhooks — verify CRD ownership and cleanup; do not batch with another CRD installer in parallel,ready-to-run todo cell(s) [K=todo] counted against the 99% disposition bar; running this converts todo -> pass/watch/blocked with a committed receipt
K-03,"K: run the 5 ready kind-parity row(s) with no prior residue signal (first observation) (nvidia/gpu-operator@v26.7.1, nvidia/gpu-operator@v25.10.1, nvidia/gpu-operator@v26.3.2); each kind-parity command classifies the K cell. Confirm or reclassify from each receipt.",kind-parity,nvidia/gpu-operator,v25.10.1,driver-580.126.20,npm run kind-parity:run -- --recipe recipes/nvidia/gpu-operator/v25.10.1 --base driver-580.126.20,todo,K=todo,ready-to-run,,,unknown,unknown,unknown,,unknown,two-cluster kind run (provisions two clusters); installs cluster-scoped CRDs/webhooks — verify CRD ownership and cleanup; do not batch with another CRD installer in parallel,ready-to-run todo cell(s) [K=todo] counted against the 99% disposition bar; running this converts todo -> pass/watch/blocked with a committed receipt
K-03,"K: run the 5 ready kind-parity row(s) with no prior residue signal (first observation) (nvidia/gpu-operator@v26.7.1, nvidia/gpu-operator@v25.10.1, nvidia/gpu-operator@v26.3.2); each kind-parity command classifies the K cell. Confirm or reclassify from each receipt.",kind-parity,nvidia/gpu-operator,v26.7.1,driver-580.126.20,npm run kind-parity:run -- --recipe recipes/nvidia/gpu-operator/v26.7.1 --base driver-580.126.20,todo,K=todo,ready-to-run,,,unknown,unknown,unknown,,unknown,two-cluster kind run (provisions two clusters); installs cluster-scoped CRDs/webhooks — verify CRD ownership and cleanup; do not batch with another CRD installer in parallel,ready-to-run todo cell(s) [K=todo] counted against the 99% disposition bar; running this converts todo -> pass/watch/blocked with a committed receipt
K-03,"K: run the 5 ready kind-parity row(s) with no prior residue signal (first observation) (nvidia/gpu-operator@v26.7.1, nvidia/gpu-operator@v25.10.1, nvidia/gpu-operator@v26.3.2); each kind-parity command classifies the K cell. Confirm or reclassify from each receipt.",kind-parity,nvidia/gpu-operator,v25.10.1,driver-595.91.07,npm run kind-parity:run -- --recipe recipes/nvidia/gpu-operator/v25.10.1 --base driver-595.91.07,todo,K=todo,ready-to-run,,,unknown,unknown,unknown,,unknown,two-cluster kind run (provisions two clusters); installs cluster-scoped CRDs/webhooks — verify CRD ownership and cleanup; do not batch with another CRD installer in parallel,ready-to-run todo cell(s) [K=todo] counted against the 99% disposition bar; running this converts todo -> pass/watch/blocked with a committed receipt
K-03,"K: run the 5 ready kind-parity row(s) with no prior residue signal (first observation) (nvidia/gpu-operator@v26.7.1, nvidia/gpu-operator@v25.10.1, nvidia/gpu-operator@v26.3.2); each kind-parity command classifies the K cell. Confirm or reclassify from each receipt.",kind-parity,nvidia/gpu-operator,v26.3.2,driver-595.91.07,npm run kind-parity:run -- --recipe recipes/nvidia/gpu-operator/v26.3.2 --base driver-595.91.07,todo,K=todo,ready-to-run,,,unknown,unknown,unknown,,unknown,two-cluster kind run (provisions two clusters); installs cluster-scoped CRDs/webhooks — verify CRD ownership and cleanup; do not batch with another CRD installer in parallel,ready-to-run todo cell(s) [K=todo] counted against the 99% disposition bar; running this converts todo -> pass/watch/blocked with a committed receipt
K-04,"K: run the 5 ready kind-parity row(s) with no prior residue signal (first observation) (nvidia/gpu-operator@v26.3.3, nvidia/gpu-operator@v25.10.1, nvidia/gpu-operator@v26.3.2, nvidia/gpu-operator@v26.7.1); each kind-parity command classifies the K cell. Confirm or reclassify from each receipt.",kind-parity,nvidia/gpu-operator,v26.3.3,driver-595.91.07,npm run kind-parity:run -- --recipe recipes/nvidia/gpu-operator/v26.3.3 --base driver-595.91.07,todo,K=todo,ready-to-run,,,unknown,unknown,unknown,,unknown,two-cluster kind run (provisions two clusters); installs cluster-scoped CRDs/webhooks — verify CRD ownership and cleanup; do not batch with another CRD installer in parallel,ready-to-run todo cell(s) [K=todo] counted against the 99% disposition bar; running this converts todo -> pass/watch/blocked with a committed receipt
K-04,"K: run the 5 ready kind-parity row(s) with no prior residue signal (first observation) (nvidia/gpu-operator@v26.3.3, nvidia/gpu-operator@v25.10.1, nvidia/gpu-operator@v26.3.2, nvidia/gpu-operator@v26.7.1); each kind-parity command classifies the K cell. Confirm or reclassify from each receipt.",kind-parity,nvidia/gpu-operator,v25.10.1,external-nfd,npm run kind-parity:run -- --recipe recipes/nvidia/gpu-operator/v25.10.1 --base external-nfd,todo,K=todo,ready-to-run,,,unknown,unknown,unknown,,unknown,two-cluster kind run (provisions two clusters); installs cluster-scoped CRDs/webhooks — verify CRD ownership and cleanup; do not batch with another CRD installer in parallel,ready-to-run todo cell(s) [K=todo] counted against the 99% disposition bar; running this converts todo -> pass/watch/blocked with a committed receipt
K-04,"K: run the 5 ready kind-parity row(s) with no prior residue signal (first observation) (nvidia/gpu-operator@v26.3.3, nvidia/gpu-operator@v25.10.1, nvidia/gpu-operator@v26.3.2, nvidia/gpu-operator@v26.7.1); each kind-parity command classifies the K cell. Confirm or reclassify from each receipt.",kind-parity,nvidia/gpu-operator,v26.3.2,external-nfd,npm run kind-parity:run -- --recipe recipes/nvidia/gpu-operator/v26.3.2 --base external-nfd,todo,K=todo,ready-to-run,,,unknown,unknown,unknown,,unknown,two-cluster kind run (provisions two clusters); installs cluster-scoped CRDs/webhooks — verify CRD ownership and cleanup; do not batch with another CRD installer in parallel,ready-to-run todo cell(s) [K=todo] counted against the 99% disposition bar; running this converts todo -> pass/watch/blocked with a committed receipt
K-04,"K: run the 5 ready kind-parity row(s) with no prior residue signal (first observation) (nvidia/gpu-operator@v26.3.3, nvidia/gpu-operator@v25.10.1, nvidia/gpu-operator@v26.3.2, nvidia/gpu-operator@v26.7.1); each kind-parity command classifies the K cell. Confirm or reclassify from each receipt.",kind-parity,nvidia/gpu-operator,v26.3.3,external-nfd,npm run kind-parity:run -- --recipe recipes/nvidia/gpu-operator/v26.3.3 --base external-nfd,todo,K=todo,ready-to-run,,,unknown,unknown,unknown,,unknown,two-cluster kind run (provisions two clusters); installs cluster-scoped CRDs/webhooks — verify CRD ownership and cleanup; do not batch with another CRD installer in parallel,ready-to-run todo cell(s) [K=todo] counted against the 99% disposition bar; running this converts todo -> pass/watch/blocked with a committed receipt
K-04,"K: run the 5 ready kind-parity row(s) with no prior residue signal (first observation) (nvidia/gpu-operator@v26.3.3, nvidia/gpu-operator@v25.10.1, nvidia/gpu-operator@v26.3.2, nvidia/gpu-operator@v26.7.1); each kind-parity command classifies the K cell. Confirm or reclassify from each receipt.",kind-parity,nvidia/gpu-operator,v26.7.1,external-nfd,npm run kind-parity:run -- --recipe recipes/nvidia/gpu-operator/v26.7.1 --base external-nfd,todo,K=todo,ready-to-run,,,unknown,unknown,unknown,,unknown,two-cluster kind run (provisions two clusters); installs cluster-scoped CRDs/webhooks — verify CRD ownership and cleanup; do not batch with another CRD installer in parallel,ready-to-run todo cell(s) [K=todo] counted against the 99% disposition bar; running this converts todo -> pass/watch/blocked with a committed receipt
K-05,"K: run the 5 ready kind-parity row(s) with no prior residue signal (first observation) (nvidia/gpu-operator@v25.10.1, nvidia/gpu-operator@v26.3.2, nvidia/gpu-operator@v26.3.3, nvidia/gpu-operator@v26.7.1); each kind-parity command classifies the K cell. Confirm or reclassify from each receipt.",kind-parity,nvidia/gpu-operator,v25.10.1,preinstalled-driver,npm run kind-parity:run -- --recipe recipes/nvidia/gpu-operator/v25.10.1 --base preinstalled-driver,todo,K=todo,ready-to-run,,,unknown,unknown,unknown,,unknown,two-cluster kind run (provisions two clusters); installs cluster-scoped CRDs/webhooks — verify CRD ownership and cleanup; do not batch with another CRD installer in parallel,ready-to-run todo cell(s) [K=todo] counted against the 99% disposition bar; running this converts todo -> pass/watch/blocked with a committed receipt
K-05,"K: run the 5 ready kind-parity row(s) with no prior residue signal (first observation) (nvidia/gpu-operator@v25.10.1, nvidia/gpu-operator@v26.3.2, nvidia/gpu-operator@v26.3.3, nvidia/gpu-operator@v26.7.1); each kind-parity command classifies the K cell. Confirm or reclassify from each receipt.",kind-parity,nvidia/gpu-operator,v26.3.2,preinstalled-driver,npm run kind-parity:run -- --recipe recipes/nvidia/gpu-operator/v26.3.2 --base preinstalled-driver,todo,K=todo,ready-to-run,,,unknown,unknown,unknown,,unknown,two-cluster kind run (provisions two clusters); installs cluster-scoped CRDs/webhooks — verify CRD ownership and cleanup; do not batch with another CRD installer in parallel,ready-to-run todo cell(s) [K=todo] counted against the 99% disposition bar; running this converts todo -> pass/watch/blocked with a committed receipt
K-05,"K: run the 5 ready kind-parity row(s) with no prior residue signal (first observation) (nvidia/gpu-operator@v25.10.1, nvidia/gpu-operator@v26.3.2, nvidia/gpu-operator@v26.3.3, nvidia/gpu-operator@v26.7.1); each kind-parity command classifies the K cell. Confirm or reclassify from each receipt.",kind-parity,nvidia/gpu-operator,v26.3.3,preinstalled-driver,npm run kind-parity:run -- --recipe recipes/nvidia/gpu-operator/v26.3.3 --base preinstalled-driver,todo,K=todo,ready-to-run,,,unknown,unknown,unknown,,unknown,two-cluster kind run (provisions two clusters); installs cluster-scoped CRDs/webhooks — verify CRD ownership and cleanup; do not batch with another CRD installer in parallel,ready-to-run todo cell(s) [K=todo] counted against the 99% disposition bar; running this converts todo -> pass/watch/blocked with a committed receipt
K-05,"K: run the 5 ready kind-parity row(s) with no prior residue signal (first observation) (nvidia/gpu-operator@v25.10.1, nvidia/gpu-operator@v26.3.2, nvidia/gpu-operator@v26.3.3, nvidia/gpu-operator@v26.7.1); each kind-parity command classifies the K cell. Confirm or reclassify from each receipt.",kind-parity,nvidia/gpu-operator,v26.7.1,preinstalled-driver,npm run kind-parity:run -- --recipe recipes/nvidia/gpu-operator/v26.7.1 --base preinstalled-driver,todo,K=todo,ready-to-run,,,unknown,unknown,unknown,,unknown,two-cluster kind run (provisions two clusters); installs cluster-scoped CRDs/webhooks — verify CRD ownership and cleanup; do not batch with another CRD installer in parallel,ready-to-run todo cell(s) [K=todo] counted against the 99% disposition bar; running this converts todo -> pass/watch/blocked with a committed receipt
K-05,"K: run the 5 ready kind-parity row(s) with no prior residue signal (first observation) (nvidia/gpu-operator@v25.10.1, nvidia/gpu-operator@v26.3.2, nvidia/gpu-operator@v26.3.3, nvidia/gpu-operator@v26.7.1); each kind-parity command classifies the K cell. Confirm or reclassify from each receipt.",kind-parity,nvidia/gpu-operator,v25.10.1,preinstalled-driver-and-toolkit,npm run kind-parity:run -- --recipe recipes/nvidia/gpu-operator/v25.10.1 --base preinstalled-driver-and-toolkit,todo,K=todo,ready-to-run,,,unknown,unknown,unknown,,unknown,two-cluster kind run (provisions two clusters); installs cluster-scoped CRDs/webhooks — verify CRD ownership and cleanup; do not batch with another CRD installer in parallel,ready-to-run todo cell(s) [K=todo] counted against the 99% disposition bar; running this converts todo -> pass/watch/blocked with a committed receipt
K-06,"K: run the 5 ready kind-parity row(s) with no prior residue signal (first observation) (nvidia/gpu-operator@v26.3.2, nvidia/gpu-operator@v26.3.3, nvidia/gpu-operator@v26.7.1, nvidia/k8s-nim-operator@3.1.0); each kind-parity command classifies the K cell. Confirm or reclassify from each receipt.",kind-parity,nvidia/gpu-operator,v26.3.2,preinstalled-driver-and-toolkit,npm run kind-parity:run -- --recipe recipes/nvidia/gpu-operator/v26.3.2 --base preinstalled-driver-and-toolkit,todo,K=todo,ready-to-run,,,unknown,unknown,unknown,,unknown,two-cluster kind run (provisions two clusters); installs cluster-scoped CRDs/webhooks — verify CRD ownership and cleanup; do not batch with another CRD installer in parallel,ready-to-run todo cell(s) [K=todo] counted against the 99% disposition bar; running this converts todo -> pass/watch/blocked with a committed receipt
K-06,"K: run the 5 ready kind-parity row(s) with no prior residue signal (first observation) (nvidia/gpu-operator@v26.3.2, nvidia/gpu-operator@v26.3.3, nvidia/gpu-operator@v26.7.1, nvidia/k8s-nim-operator@3.1.0); each kind-parity command classifies the K cell. Confirm or reclassify from each receipt.",kind-parity,nvidia/gpu-operator,v26.3.3,preinstalled-driver-and-toolkit,npm run kind-parity:run -- --recipe recipes/nvidia/gpu-operator/v26.3.3 --base preinstalled-driver-and-toolkit,todo,K=todo,ready-to-run,,,unknown,unknown,unknown,,unknown,two-cluster kind run (provisions two clusters); installs cluster-scoped CRDs/webhooks — verify CRD ownership and cleanup; do not batch with another CRD installer in parallel,ready-to-run todo cell(s) [K=todo] counted against the 99% disposition bar; running this converts todo -> pass/watch/blocked with a committed receipt
K-06,"K: run the 5 ready kind-parity row(s) with no prior residue signal (first observation) (nvidia/gpu-operator@v26.3.2, nvidia/gpu-operator@v26.3.3, nvidia/gpu-operator@v26.7.1, nvidia/k8s-nim-operator@3.1.0); each kind-parity command classifies the K cell. Confirm or reclassify from each receipt.",kind-parity,nvidia/gpu-operator,v26.7.1,preinstalled-driver-and-toolkit,npm run kind-parity:run -- --recipe recipes/nvidia/gpu-operator/v26.7.1 --base preinstalled-driver-and-toolkit,todo,K=todo,ready-to-run,,,unknown,unknown,unknown,,unknown,two-cluster kind run (provisions two clusters); installs cluster-scoped CRDs/webhooks — verify CRD ownership and cleanup; do not batch with another CRD installer in parallel,ready-to-run todo cell(s) [K=todo] counted against the 99% disposition bar; running this converts todo -> pass/watch/blocked with a committed receipt
K-06,"K: run the 5 ready kind-parity row(s) with no prior residue signal (first observation) (nvidia/gpu-operator@v26.3.2, nvidia/gpu-operator@v26.3.3, nvidia/gpu-operator@v26.7.1, nvidia/k8s-nim-operator@3.1.0); each kind-parity command classifies the K cell. Confirm or reclassify from each receipt.",kind-parity,nvidia/k8s-nim-operator,3.1.0,aicr-eks-inference,npm run kind-parity:run -- --recipe recipes/nvidia/k8s-nim-operator/3.1.0 --base aicr-eks-inference,todo,K=todo,ready-to-run,,,unknown,unknown,unknown,,unknown,two-cluster kind run (provisions two clusters); installs cluster-scoped CRDs/webhooks — verify CRD ownership and cleanup; do not batch with another CRD installer in parallel,ready-to-run todo cell(s) [K=todo] counted against the 99% disposition bar; running this converts todo -> pass/watch/blocked with a committed receipt
K-06,"K: run the 5 ready kind-parity row(s) with no prior residue signal (first observation) (nvidia/gpu-operator@v26.3.2, nvidia/gpu-operator@v26.3.3, nvidia/gpu-operator@v26.7.1, nvidia/k8s-nim-operator@3.1.0); each kind-parity command classifies the K cell. Confirm or reclassify from each receipt.",kind-parity,nvidia/k8s-nim-operator,3.1.0,default,npm run kind-parity:run -- --recipe recipes/nvidia/k8s-nim-operator/3.1.0 --base default,todo,K=todo,ready-to-run,,,unknown,unknown,unknown,,unknown,two-cluster kind run (provisions two clusters); installs cluster-scoped CRDs/webhooks — verify CRD ownership and cleanup; do not batch with another CRD installer in parallel,ready-to-run todo cell(s) [K=todo] counted against the 99% disposition bar; running this converts todo -> pass/watch/blocked with a committed receipt
K-07,"K: run the 5 ready kind-parity row(s) with predicted unknown / model-gap-render (nvidia/k8s-nim-operator@3.1.2, prometheus-community/kube-prometheus-stack@84.4.0, prometheus-community/kube-prometheus-stack@87.15.1, prometheus-community/kube-prometheus-stack@87.19.2); each kind-parity command classifies the K cell. Confirm or reclassify from each receipt.",kind-parity,nvidia/k8s-nim-operator,3.1.2,default,npm run kind-parity:run -- --recipe recipes/nvidia/k8s-nim-operator/3.1.2 --base default,todo,K=todo,ready-to-run,,,unknown,unknown,unknown,,unknown,two-cluster kind run (provisions two clusters); installs cluster-scoped CRDs/webhooks — verify CRD ownership and cleanup; do not batch with another CRD installer in parallel,ready-to-run todo cell(s) [K=todo] counted against the 99% disposition bar; running this converts todo -> pass/watch/blocked with a committed receipt
K-07,"K: run the 5 ready kind-parity row(s) with predicted unknown / model-gap-render (nvidia/k8s-nim-operator@3.1.2, prometheus-community/kube-prometheus-stack@84.4.0, prometheus-community/kube-prometheus-stack@87.15.1, prometheus-community/kube-prometheus-stack@87.19.2); each kind-parity command classifies the K cell. Confirm or reclassify from each receipt.",kind-parity,prometheus-community/kube-prometheus-stack,84.4.0,aicr-eks-training-v0-20-0,npm run kind-parity:run -- --recipe recipes/prometheus-community/kube-prometheus-stack/84.4.0 --base aicr-eks-training-v0-20-0,todo,K=todo,ready-to-run,,,derived,model-gap-render,vanilla kind — a render/model gap to reconcile in the catalog,sibling receipt — prometheus-community/kube-prometheus-stack already classified model-gap-render (runs/live-kind-parity/prometheus-community-kube-prometheus-stack-default/receipt.yaml),high,two-cluster kind run (provisions two clusters),ready-to-run todo cell(s) [K=todo] counted against the 99% disposition bar; running this converts todo -> pass/watch/blocked with a committed receipt
K-07,"K: run the 5 ready kind-parity row(s) with predicted unknown / model-gap-render (nvidia/k8s-nim-operator@3.1.2, prometheus-community/kube-prometheus-stack@84.4.0, prometheus-community/kube-prometheus-stack@87.15.1, prometheus-community/kube-prometheus-stack@87.19.2); each kind-parity command classifies the K cell. Confirm or reclassify from each receipt.",kind-parity,prometheus-community/kube-prometheus-stack,84.4.0,aicr-eks-training-v1-0-0,npm run kind-parity:run -- --recipe recipes/prometheus-community/kube-prometheus-stack/84.4.0 --base aicr-eks-training-v1-0-0,todo,K=todo,ready-to-run,,,derived,model-gap-render,vanilla kind — a render/model gap to reconcile in the catalog,sibling receipt — prometheus-community/kube-prometheus-stack already classified model-gap-render (runs/live-kind-parity/prometheus-community-kube-prometheus-stack-default/receipt.yaml),high,two-cluster kind run (provisions two clusters),ready-to-run todo cell(s) [K=todo] counted against the 99% disposition bar; running this converts todo -> pass/watch/blocked with a committed receipt
K-07,"K: run the 5 ready kind-parity row(s) with predicted unknown / model-gap-render (nvidia/k8s-nim-operator@3.1.2, prometheus-community/kube-prometheus-stack@84.4.0, prometheus-community/kube-prometheus-stack@87.15.1, prometheus-community/kube-prometheus-stack@87.19.2); each kind-parity command classifies the K cell. Confirm or reclassify from each receipt.",kind-parity,prometheus-community/kube-prometheus-stack,87.15.1,existing-secret,npm run kind-parity:run -- --recipe recipes/prometheus-community/kube-prometheus-stack/87.15.1 --base existing-secret,todo,K=todo,ready-to-run,,,derived,model-gap-render,vanilla kind — a render/model gap to reconcile in the catalog,sibling receipt — prometheus-community/kube-prometheus-stack already classified model-gap-render (runs/live-kind-parity/prometheus-community-kube-prometheus-stack-default/receipt.yaml),high,two-cluster kind run (provisions two clusters),ready-to-run todo cell(s) [K=todo] counted against the 99% disposition bar; running this converts todo -> pass/watch/blocked with a committed receipt
K-07,"K: run the 5 ready kind-parity row(s) with predicted unknown / model-gap-render (nvidia/k8s-nim-operator@3.1.2, prometheus-community/kube-prometheus-stack@84.4.0, prometheus-community/kube-prometheus-stack@87.15.1, prometheus-community/kube-prometheus-stack@87.19.2); each kind-parity command classifies the K cell. Confirm or reclassify from each receipt.",kind-parity,prometheus-community/kube-prometheus-stack,87.19.2,existing-secret,npm run kind-parity:run -- --recipe recipes/prometheus-community/kube-prometheus-stack/87.19.2 --base existing-secret,todo,K=todo,ready-to-run,,,derived,model-gap-render,vanilla kind — a render/model gap to reconcile in the catalog,sibling receipt — prometheus-community/kube-prometheus-stack already classified model-gap-render (runs/live-kind-parity/prometheus-community-kube-prometheus-stack-default/receipt.yaml),high,two-cluster kind run (provisions two clusters),ready-to-run todo cell(s) [K=todo] counted against the 99% disposition bar; running this converts todo -> pass/watch/blocked with a committed receipt
K-08,"K: run the 5 ready kind-parity row(s) with predicted model-gap-render / target-fit / target-runtime (prometheus-community/kube-prometheus-stack@88.6.3, aws-ebs-csi-driver/aws-ebs-csi-driver@2.59.0, grafana/loki@7.1.0, grafana/loki@7.3.0); each kind-parity command classifies the K cell. Confirm or reclassify from each receipt.",kind-parity,prometheus-community/kube-prometheus-stack,88.6.3,existing-secret,npm run kind-parity:run -- --recipe recipes/prometheus-community/kube-prometheus-stack/88.6.3 --base existing-secret,todo,K=todo,ready-to-run,,,derived,model-gap-render,vanilla kind — a render/model gap to reconcile in the catalog,sibling receipt — prometheus-community/kube-prometheus-stack already classified model-gap-render (runs/live-kind-parity/prometheus-community-kube-prometheus-stack-default/receipt.yaml),high,two-cluster kind run (provisions two clusters),ready-to-run todo cell(s) [K=todo] counted against the 99% disposition bar; running this converts todo -> pass/watch/blocked with a committed receipt
K-08,"K: run the 5 ready kind-parity row(s) with predicted model-gap-render / target-fit / target-runtime (prometheus-community/kube-prometheus-stack@88.6.3, aws-ebs-csi-driver/aws-ebs-csi-driver@2.59.0, grafana/loki@7.1.0, grafana/loki@7.3.0); each kind-parity command classifies the K cell. Confirm or reclassify from each receipt.",kind-parity,aws-ebs-csi-driver/aws-ebs-csi-driver,2.59.0,aicr-eks-training-v0-20-0,npm run kind-parity:run -- --recipe recipes/aws-ebs-csi-driver/aws-ebs-csi-driver/2.59.0 --base aicr-eks-training-v0-20-0,todo,K=todo,ready-to-run,,,derived,target-fit,non-vanilla target profile — a platform identity/capability the chart needs,sibling receipt — aws-ebs-csi-driver/aws-ebs-csi-driver already classified target-fit (runs/live-helm-confighub-compare/aws-ebs-csi-driver-aws-ebs-csi-driver-default/receipt.yaml),high,two-cluster kind run (provisions two clusters),ready-to-run todo cell(s) [K=todo] counted against the 99% disposition bar; running this converts todo -> pass/watch/blocked with a committed receipt
K-08,"K: run the 5 ready kind-parity row(s) with predicted model-gap-render / target-fit / target-runtime (prometheus-community/kube-prometheus-stack@88.6.3, aws-ebs-csi-driver/aws-ebs-csi-driver@2.59.0, grafana/loki@7.1.0, grafana/loki@7.3.0); each kind-parity command classifies the K cell. Confirm or reclassify from each receipt.",kind-parity,aws-ebs-csi-driver/aws-ebs-csi-driver,2.59.0,aicr-eks-training-v1-0-0,npm run kind-parity:run -- --recipe recipes/aws-ebs-csi-driver/aws-ebs-csi-driver/2.59.0 --base aicr-eks-training-v1-0-0,todo,K=todo,ready-to-run,,,derived,target-fit,non-vanilla target profile — a platform identity/capability the chart needs,sibling receipt — aws-ebs-csi-driver/aws-ebs-csi-driver already classified target-fit (runs/live-helm-confighub-compare/aws-ebs-csi-driver-aws-ebs-csi-driver-default/receipt.yaml),high,two-cluster kind run (provisions two clusters),ready-to-run todo cell(s) [K=todo] counted against the 99% disposition bar; running this converts todo -> pass/watch/blocked with a committed receipt
K-08,"K: run the 5 ready kind-parity row(s) with predicted model-gap-render / target-fit / target-runtime (prometheus-community/kube-prometheus-stack@88.6.3, aws-ebs-csi-driver/aws-ebs-csi-driver@2.59.0, grafana/loki@7.1.0, grafana/loki@7.3.0); each kind-parity command classifies the K cell. Confirm or reclassify from each receipt.",kind-parity,grafana/loki,7.1.0,default,npm run kind-parity:run -- --recipe recipes/grafana/loki/7.1.0 --base default,todo,K=todo,ready-to-run,,,derived,target-runtime,vanilla kind proof rig — runtime convergence to review,family pattern — grafana: 3/5 classified rows are target-runtime,medium,"two-cluster kind run (provisions two clusters); stateful/heavy — run alone, allow a longer timeout, verify PVC/cluster cleanup",ready-to-run todo cell(s) [K=todo] counted against the 99% disposition bar; running this converts todo -> pass/watch/blocked with a committed receipt
K-08,"K: run the 5 ready kind-parity row(s) with predicted model-gap-render / target-fit / target-runtime (prometheus-community/kube-prometheus-stack@88.6.3, aws-ebs-csi-driver/aws-ebs-csi-driver@2.59.0, grafana/loki@7.1.0, grafana/loki@7.3.0); each kind-parity command classifies the K cell. Confirm or reclassify from each receipt.",kind-parity,grafana/loki,7.3.0,default,npm run kind-parity:run -- --recipe recipes/grafana/loki/7.3.0 --base default,todo,K=todo,ready-to-run,,,derived,target-runtime,vanilla kind proof rig — runtime convergence to review,family pattern — grafana: 3/5 classified rows are target-runtime,medium,"two-cluster kind run (provisions two clusters); stateful/heavy — run alone, allow a longer timeout, verify PVC/cluster cleanup",ready-to-run todo cell(s) [K=todo] counted against the 99% disposition bar; running this converts todo -> pass/watch/blocked with a committed receipt
K-09,"K: run the 5 ready kind-parity row(s) with no prior residue signal (first observation) (aws-controllers-k8s/ec2-chart@1.18.4, aws-controllers-k8s/eks-chart@1.16.3, aws-controllers-k8s/iam-chart@1.7.3); each kind-parity command classifies the K cell. Confirm or reclassify from each receipt.",kind-parity,aws-controllers-k8s/ec2-chart,1.18.4,default,npm run kind-parity:run -- --recipe recipes/aws-controllers-k8s/ec2-chart/1.18.4 --base default,todo,K=todo,ready-to-run,,,unknown,unknown,unknown,,unknown,two-cluster kind run (provisions two clusters),ready-to-run todo cell(s) [K=todo] counted against the 99% disposition bar; running this converts todo -> pass/watch/blocked with a committed receipt
K-09,"K: run the 5 ready kind-parity row(s) with no prior residue signal (first observation) (aws-controllers-k8s/ec2-chart@1.18.4, aws-controllers-k8s/eks-chart@1.16.3, aws-controllers-k8s/iam-chart@1.7.3); each kind-parity command classifies the K cell. Confirm or reclassify from each receipt.",kind-parity,aws-controllers-k8s/ec2-chart,1.18.4,eks-inference,npm run kind-parity:run -- --recipe recipes/aws-controllers-k8s/ec2-chart/1.18.4 --base eks-inference,todo,K=todo,ready-to-run,,,unknown,unknown,unknown,,unknown,two-cluster kind run (provisions two clusters),ready-to-run todo cell(s) [K=todo] counted against the 99% disposition bar; running this converts todo -> pass/watch/blocked with a committed receipt
K-09,"K: run the 5 ready kind-parity row(s) with no prior residue signal (first observation) (aws-controllers-k8s/ec2-chart@1.18.4, aws-controllers-k8s/eks-chart@1.16.3, aws-controllers-k8s/iam-chart@1.7.3); each kind-parity command classifies the K cell. Confirm or reclassify from each receipt.",kind-parity,aws-controllers-k8s/eks-chart,1.16.3,default,npm run kind-parity:run -- --recipe recipes/aws-controllers-k8s/eks-chart/1.16.3 --base default,todo,K=todo,ready-to-run,,,unknown,unknown,unknown,,unknown,two-cluster kind run (provisions two clusters),ready-to-run todo cell(s) [K=todo] counted against the 99% disposition bar; running this converts todo -> pass/watch/blocked with a committed receipt
K-09,"K: run the 5 ready kind-parity row(s) with no prior residue signal (first observation) (aws-controllers-k8s/ec2-chart@1.18.4, aws-controllers-k8s/eks-chart@1.16.3, aws-controllers-k8s/iam-chart@1.7.3); each kind-parity command classifies the K cell. Confirm or reclassify from each receipt.",kind-parity,aws-controllers-k8s/eks-chart,1.16.3,eks-inference,npm run kind-parity:run -- --recipe recipes/aws-controllers-k8s/eks-chart/1.16.3 --base eks-inference,todo,K=todo,ready-to-run,,,unknown,unknown,unknown,,unknown,two-cluster kind run (provisions two clusters),ready-to-run todo cell(s) [K=todo] counted against the 99% disposition bar; running this converts todo -> pass/watch/blocked with a committed receipt
K-09,"K: run the 5 ready kind-parity row(s) with no prior residue signal (first observation) (aws-controllers-k8s/ec2-chart@1.18.4, aws-controllers-k8s/eks-chart@1.16.3, aws-controllers-k8s/iam-chart@1.7.3); each kind-parity command classifies the K cell. Confirm or reclassify from each receipt.",kind-parity,aws-controllers-k8s/iam-chart,1.7.3,default,npm run kind-parity:run -- --recipe recipes/aws-controllers-k8s/iam-chart/1.7.3 --base default,todo,K=todo,ready-to-run,,,unknown,unknown,unknown,,unknown,two-cluster kind run (provisions two clusters),ready-to-run todo cell(s) [K=todo] counted against the 99% disposition bar; running this converts todo -> pass/watch/blocked with a committed receipt
K-10,"K: run the 5 ready kind-parity row(s) with no prior residue signal (first observation) (aws-controllers-k8s/iam-chart@1.7.3, cloudpirates/nginx@0.16.1, cloudpirates/rabbitmq@0.21.13, cloudpirates/redis@0.34.11); each kind-parity command classifies the K cell. Confirm or reclassify from each receipt.",kind-parity,aws-controllers-k8s/iam-chart,1.7.3,eks-inference,npm run kind-parity:run -- --recipe recipes/aws-controllers-k8s/iam-chart/1.7.3 --base eks-inference,todo,K=todo,ready-to-run,,,unknown,unknown,unknown,,unknown,two-cluster kind run (provisions two clusters),ready-to-run todo cell(s) [K=todo] counted against the 99% disposition bar; running this converts todo -> pass/watch/blocked with a committed receipt
K-10,"K: run the 5 ready kind-parity row(s) with no prior residue signal (first observation) (aws-controllers-k8s/iam-chart@1.7.3, cloudpirates/nginx@0.16.1, cloudpirates/rabbitmq@0.21.13, cloudpirates/redis@0.34.11); each kind-parity command classifies the K cell. Confirm or reclassify from each receipt.",kind-parity,cloudpirates/nginx,0.16.1,default,npm run kind-parity:run -- --recipe recipes/cloudpirates/nginx/0.16.1 --base default,todo,K=todo,ready-to-run,,,unknown,unknown,unknown,,unknown,two-cluster kind run (provisions two clusters),ready-to-run todo cell(s) [K=todo] counted against the 99% disposition bar; running this converts todo -> pass/watch/blocked with a committed receipt
K-10,"K: run the 5 ready kind-parity row(s) with no prior residue signal (first observation) (aws-controllers-k8s/iam-chart@1.7.3, cloudpirates/nginx@0.16.1, cloudpirates/rabbitmq@0.21.13, cloudpirates/redis@0.34.11); each kind-parity command classifies the K cell. Confirm or reclassify from each receipt.",kind-parity,cloudpirates/rabbitmq,0.21.13,default,npm run kind-parity:run -- --recipe recipes/cloudpirates/rabbitmq/0.21.13 --base default,todo,K=todo,ready-to-run,,,unknown,unknown,unknown,,unknown,two-cluster kind run (provisions two clusters),ready-to-run todo cell(s) [K=todo] counted against the 99% disposition bar; running this converts todo -> pass/watch/blocked with a committed receipt
K-10,"K: run the 5 ready kind-parity row(s) with no prior residue signal (first observation) (aws-controllers-k8s/iam-chart@1.7.3, cloudpirates/nginx@0.16.1, cloudpirates/rabbitmq@0.21.13, cloudpirates/redis@0.34.11); each kind-parity command classifies the K cell. Confirm or reclassify from each receipt.",kind-parity,cloudpirates/rabbitmq,0.21.13,existing-secret,npm run kind-parity:run -- --recipe recipes/cloudpirates/rabbitmq/0.21.13 --base existing-secret,todo,K=todo,ready-to-run,,,unknown,unknown,unknown,,unknown,two-cluster kind run (provisions two clusters),ready-to-run todo cell(s) [K=todo] counted against the 99% disposition bar; running this converts todo -> pass/watch/blocked with a committed receipt
K-10,"K: run the 5 ready kind-parity row(s) with no prior residue signal (first observation) (aws-controllers-k8s/iam-chart@1.7.3, cloudpirates/nginx@0.16.1, cloudpirates/rabbitmq@0.21.13, cloudpirates/redis@0.34.11); each kind-parity command classifies the K cell. Confirm or reclassify from each receipt.",kind-parity,cloudpirates/redis,0.34.11,default,npm run kind-parity:run -- --recipe recipes/cloudpirates/redis/0.34.11 --base default,todo,K=todo,ready-to-run,,,unknown,unknown,unknown,,unknown,"two-cluster kind run (provisions two clusters); stateful/heavy — run alone, allow a longer timeout, verify PVC/cluster cleanup",ready-to-run todo cell(s) [K=todo] counted against the 99% disposition bar; running this converts todo -> pass/watch/blocked with a committed receipt
K-11,"K: run the 5 ready kind-parity row(s) with no prior residue signal (first observation) (cloudpirates/redis@0.34.11, dra-driver-nvidia/dra-driver-nvidia-gpu@0.4.1, dra-driver-nvidia/dra-driver-nvidia-gpu@0.5.0); each kind-parity command classifies the K cell. Confirm or reclassify from each receipt.",kind-parity,cloudpirates/redis,0.34.11,reuse-existing-secret,npm run kind-parity:run -- --recipe recipes/cloudpirates/redis/0.34.11 --base reuse-existing-secret,todo,K=todo,ready-to-run,,,unknown,unknown,unknown,,unknown,"two-cluster kind run (provisions two clusters); stateful/heavy — run alone, allow a longer timeout, verify PVC/cluster cleanup",ready-to-run todo cell(s) [K=todo] counted against the 99% disposition bar; running this converts todo -> pass/watch/blocked with a committed receipt
K-11,"K: run the 5 ready kind-parity row(s) with no prior residue signal (first observation) (cloudpirates/redis@0.34.11, dra-driver-nvidia/dra-driver-nvidia-gpu@0.4.1, dra-driver-nvidia/dra-driver-nvidia-gpu@0.5.0); each kind-parity command classifies the K cell. Confirm or reclassify from each receipt.",kind-parity,dra-driver-nvidia/dra-driver-nvidia-gpu,0.4.1,aicr-eks-training,npm run kind-parity:run -- --recipe recipes/dra-driver-nvidia/dra-driver-nvidia-gpu/0.4.1 --base aicr-eks-training,todo,K=todo,ready-to-run,,,unknown,unknown,unknown,,unknown,two-cluster kind run (provisions two clusters),ready-to-run todo cell(s) [K=todo] counted against the 99% disposition bar; running this converts todo -> pass/watch/blocked with a committed receipt
K-11,"K: run the 5 ready kind-parity row(s) with no prior residue signal (first observation) (cloudpirates/redis@0.34.11, dra-driver-nvidia/dra-driver-nvidia-gpu@0.4.1, dra-driver-nvidia/dra-driver-nvidia-gpu@0.5.0); each kind-parity command classifies the K cell. Confirm or reclassify from each receipt.",kind-parity,dra-driver-nvidia/dra-driver-nvidia-gpu,0.5.0,aicr-eks-training,npm run kind-parity:run -- --recipe recipes/dra-driver-nvidia/dra-driver-nvidia-gpu/0.5.0 --base aicr-eks-training,todo,K=todo,ready-to-run,,,unknown,unknown,unknown,,unknown,two-cluster kind run (provisions two clusters),ready-to-run todo cell(s) [K=todo] counted against the 99% disposition bar; running this converts todo -> pass/watch/blocked with a committed receipt
K-11,"K: run the 5 ready kind-parity row(s) with no prior residue signal (first observation) (cloudpirates/redis@0.34.11, dra-driver-nvidia/dra-driver-nvidia-gpu@0.4.1, dra-driver-nvidia/dra-driver-nvidia-gpu@0.5.0); each kind-parity command classifies the K cell. Confirm or reclassify from each receipt.",kind-parity,dra-driver-nvidia/dra-driver-nvidia-gpu,0.4.1,default,npm run kind-parity:run -- --recipe recipes/dra-driver-nvidia/dra-driver-nvidia-gpu/0.4.1 --base default,todo,K=todo,ready-to-run,,,unknown,unknown,unknown,,unknown,two-cluster kind run (provisions two clusters),ready-to-run todo cell(s) [K=todo] counted against the 99% disposition bar; running this converts todo -> pass/watch/blocked with a committed receipt
K-11,"K: run the 5 ready kind-parity row(s) with no prior residue signal (first observation) (cloudpirates/redis@0.34.11, dra-driver-nvidia/dra-driver-nvidia-gpu@0.4.1, dra-driver-nvidia/dra-driver-nvidia-gpu@0.5.0); each kind-parity command classifies the K cell. Confirm or reclassify from each receipt.",kind-parity,dra-driver-nvidia/dra-driver-nvidia-gpu,0.5.0,default,npm run kind-parity:run -- --recipe recipes/dra-driver-nvidia/dra-driver-nvidia-gpu/0.5.0 --base default,todo,K=todo,ready-to-run,,,unknown,unknown,unknown,,unknown,two-cluster kind run (provisions two clusters),ready-to-run todo cell(s) [K=todo] counted against the 99% disposition bar; running this converts todo -> pass/watch/blocked with a committed receipt
K-12,"K: run the 5 ready kind-parity row(s) with no prior residue signal (first observation) (dra-driver-nvidia/dra-driver-nvidia-gpu@0.4.1, dra-driver-nvidia/dra-driver-nvidia-gpu@0.5.0, k8s-ephemeral-storage-metrics/k8s-ephemeral-storage-metrics@1.19.2); each kind-parity command classifies the K cell. Confirm or reclassify from each receipt.",kind-parity,dra-driver-nvidia/dra-driver-nvidia-gpu,0.4.1,gpu-resources,npm run kind-parity:run -- --recipe recipes/dra-driver-nvidia/dra-driver-nvidia-gpu/0.4.1 --base gpu-resources,todo,K=todo,ready-to-run,,,unknown,unknown,unknown,,unknown,two-cluster kind run (provisions two clusters),ready-to-run todo cell(s) [K=todo] counted against the 99% disposition bar; running this converts todo -> pass/watch/blocked with a committed receipt
K-12,"K: run the 5 ready kind-parity row(s) with no prior residue signal (first observation) (dra-driver-nvidia/dra-driver-nvidia-gpu@0.4.1, dra-driver-nvidia/dra-driver-nvidia-gpu@0.5.0, k8s-ephemeral-storage-metrics/k8s-ephemeral-storage-metrics@1.19.2); each kind-parity command classifies the K cell. Confirm or reclassify from each receipt.",kind-parity,dra-driver-nvidia/dra-driver-nvidia-gpu,0.5.0,gpu-resources,npm run kind-parity:run -- --recipe recipes/dra-driver-nvidia/dra-driver-nvidia-gpu/0.5.0 --base gpu-resources,todo,K=todo,ready-to-run,,,unknown,unknown,unknown,,unknown,two-cluster kind run (provisions two clusters),ready-to-run todo cell(s) [K=todo] counted against the 99% disposition bar; running this converts todo -> pass/watch/blocked with a committed receipt
K-12,"K: run the 5 ready kind-parity row(s) with no prior residue signal (first observation) (dra-driver-nvidia/dra-driver-nvidia-gpu@0.4.1, dra-driver-nvidia/dra-driver-nvidia-gpu@0.5.0, k8s-ephemeral-storage-metrics/k8s-ephemeral-storage-metrics@1.19.2); each kind-parity command classifies the K cell. Confirm or reclassify from each receipt.",kind-parity,k8s-ephemeral-storage-metrics/k8s-ephemeral-storage-metrics,1.19.2,aicr-eks-training-v0-20-0,npm run kind-parity:run -- --recipe recipes/k8s-ephemeral-storage-metrics/k8s-ephemeral-storage-metrics/1.19.2 --base aicr-eks-training-v0-20-0,todo,K=todo,ready-to-run,,,unknown,unknown,unknown,,unknown,two-cluster kind run (provisions two clusters),ready-to-run todo cell(s) [K=todo] counted against the 99% disposition bar; running this converts todo -> pass/watch/blocked with a committed receipt
K-12,"K: run the 5 ready kind-parity row(s) with no prior residue signal (first observation) (dra-driver-nvidia/dra-driver-nvidia-gpu@0.4.1, dra-driver-nvidia/dra-driver-nvidia-gpu@0.5.0, k8s-ephemeral-storage-metrics/k8s-ephemeral-storage-metrics@1.19.2); each kind-parity command classifies the K cell. Confirm or reclassify from each receipt.",kind-parity,k8s-ephemeral-storage-metrics/k8s-ephemeral-storage-metrics,1.19.2,aicr-eks-training-v1-0-0,npm run kind-parity:run -- --recipe recipes/k8s-ephemeral-storage-metrics/k8s-ephemeral-storage-metrics/1.19.2 --base aicr-eks-training-v1-0-0,todo,K=todo,ready-to-run,,,unknown,unknown,unknown,,unknown,two-cluster kind run (provisions two clusters),ready-to-run todo cell(s) [K=todo] counted against the 99% disposition bar; running this converts todo -> pass/watch/blocked with a committed receipt
K-12,"K: run the 5 ready kind-parity row(s) with no prior residue signal (first observation) (dra-driver-nvidia/dra-driver-nvidia-gpu@0.4.1, dra-driver-nvidia/dra-driver-nvidia-gpu@0.5.0, k8s-ephemeral-storage-metrics/k8s-ephemeral-storage-metrics@1.19.2); each kind-parity command classifies the K cell. Confirm or reclassify from each receipt.",kind-parity,k8s-ephemeral-storage-metrics/k8s-ephemeral-storage-metrics,1.19.2,default,npm run kind-parity:run -- --recipe recipes/k8s-ephemeral-storage-metrics/k8s-ephemeral-storage-metrics/1.19.2 --base default,todo,K=todo,ready-to-run,,,unknown,unknown,unknown,,unknown,two-cluster kind run (provisions two clusters),ready-to-run todo cell(s) [K=todo] counted against the 99% disposition bar; running this converts todo -> pass/watch/blocked with a committed receipt
K-13,"K: run the 5 ready kind-parity row(s) with no prior residue signal (first observation) (kai-scheduler/kai-scheduler@v0.14.1, kai-scheduler/kai-scheduler@v0.16.9, karpenter/karpenter@1.14.0); each kind-parity command classifies the K cell. Confirm or reclassify from each receipt.",kind-parity,kai-scheduler/kai-scheduler,v0.14.1,aicr-eks-training,npm run kind-parity:run -- --recipe recipes/kai-scheduler/kai-scheduler/v0.14.1 --base aicr-eks-training,todo,K=todo,ready-to-run,,,unknown,unknown,unknown,,unknown,two-cluster kind run (provisions two clusters),ready-to-run todo cell(s) [K=todo] counted against the 99% disposition bar; running this converts todo -> pass/watch/blocked with a committed receipt
K-13,"K: run the 5 ready kind-parity row(s) with no prior residue signal (first observation) (kai-scheduler/kai-scheduler@v0.14.1, kai-scheduler/kai-scheduler@v0.16.9, karpenter/karpenter@1.14.0); each kind-parity command classifies the K cell. Confirm or reclassify from each receipt.",kind-parity,kai-scheduler/kai-scheduler,v0.16.9,aicr-eks-training,npm run kind-parity:run -- --recipe recipes/kai-scheduler/kai-scheduler/v0.16.9 --base aicr-eks-training,todo,K=todo,ready-to-run,,,unknown,unknown,unknown,,unknown,two-cluster kind run (provisions two clusters),ready-to-run todo cell(s) [K=todo] counted against the 99% disposition bar; running this converts todo -> pass/watch/blocked with a committed receipt
K-13,"K: run the 5 ready kind-parity row(s) with no prior residue signal (first observation) (kai-scheduler/kai-scheduler@v0.14.1, kai-scheduler/kai-scheduler@v0.16.9, karpenter/karpenter@1.14.0); each kind-parity command classifies the K cell. Confirm or reclassify from each receipt.",kind-parity,kai-scheduler/kai-scheduler,v0.14.1,default,npm run kind-parity:run -- --recipe recipes/kai-scheduler/kai-scheduler/v0.14.1 --base default,todo,K=todo,ready-to-run,,,unknown,unknown,unknown,,unknown,two-cluster kind run (provisions two clusters),ready-to-run todo cell(s) [K=todo] counted against the 99% disposition bar; running this converts todo -> pass/watch/blocked with a committed receipt
K-13,"K: run the 5 ready kind-parity row(s) with no prior residue signal (first observation) (kai-scheduler/kai-scheduler@v0.14.1, kai-scheduler/kai-scheduler@v0.16.9, karpenter/karpenter@1.14.0); each kind-parity command classifies the K cell. Confirm or reclassify from each receipt.",kind-parity,kai-scheduler/kai-scheduler,v0.16.9,default,npm run kind-parity:run -- --recipe recipes/kai-scheduler/kai-scheduler/v0.16.9 --base default,todo,K=todo,ready-to-run,,,unknown,unknown,unknown,,unknown,two-cluster kind run (provisions two clusters),ready-to-run todo cell(s) [K=todo] counted against the 99% disposition bar; running this converts todo -> pass/watch/blocked with a committed receipt
K-13,"K: run the 5 ready kind-parity row(s) with no prior residue signal (first observation) (kai-scheduler/kai-scheduler@v0.14.1, kai-scheduler/kai-scheduler@v0.16.9, karpenter/karpenter@1.14.0); each kind-parity command classifies the K cell. Confirm or reclassify from each receipt.",kind-parity,karpenter/karpenter,1.14.0,crds-managed,npm run kind-parity:run -- --recipe recipes/karpenter/karpenter/1.14.0 --base crds-managed,todo,K=todo,ready-to-run,,,unknown,unknown,unknown,,unknown,two-cluster kind run (provisions two clusters),ready-to-run todo cell(s) [K=todo] counted against the 99% disposition bar; running this converts todo -> pass/watch/blocked with a committed receipt
K-14,"K: run the 5 ready kind-parity row(s) with no prior residue signal (first observation) (karpenter/karpenter@1.14.0, kubeflow/kubeflow-trainer@2.2.0); each kind-parity command classifies the K cell. Confirm or reclassify from each receipt.",kind-parity,karpenter/karpenter,1.14.0,default,npm run kind-parity:run -- --recipe recipes/karpenter/karpenter/1.14.0 --base default,todo,K=todo,ready-to-run,,,unknown,unknown,unknown,,unknown,two-cluster kind run (provisions two clusters),ready-to-run todo cell(s) [K=todo] counted against the 99% disposition bar; running this converts todo -> pass/watch/blocked with a committed receipt
K-14,"K: run the 5 ready kind-parity row(s) with no prior residue signal (first observation) (karpenter/karpenter@1.14.0, kubeflow/kubeflow-trainer@2.2.0); each kind-parity command classifies the K cell. Confirm or reclassify from each receipt.",kind-parity,karpenter/karpenter,1.14.0,eks-inference,npm run kind-parity:run -- --recipe recipes/karpenter/karpenter/1.14.0 --base eks-inference,todo,K=todo,ready-to-run,,,unknown,unknown,unknown,,unknown,two-cluster kind run (provisions two clusters),ready-to-run todo cell(s) [K=todo] counted against the 99% disposition bar; running this converts todo -> pass/watch/blocked with a committed receipt
K-14,"K: run the 5 ready kind-parity row(s) with no prior residue signal (first observation) (karpenter/karpenter@1.14.0, kubeflow/kubeflow-trainer@2.2.0); each kind-parity command classifies the K cell. Confirm or reclassify from each receipt.",kind-parity,kubeflow/kubeflow-trainer,2.2.0,aicr-eks-training-v0-20-0,npm run kind-parity:run -- --recipe recipes/kubeflow/kubeflow-trainer/2.2.0 --base aicr-eks-training-v0-20-0,todo,K=todo,ready-to-run,,,unknown,unknown,unknown,,unknown,two-cluster kind run (provisions two clusters),ready-to-run todo cell(s) [K=todo] counted against the 99% disposition bar; running this converts todo -> pass/watch/blocked with a committed receipt
K-14,"K: run the 5 ready kind-parity row(s) with no prior residue signal (first observation) (karpenter/karpenter@1.14.0, kubeflow/kubeflow-trainer@2.2.0); each kind-parity command classifies the K cell. Confirm or reclassify from each receipt.",kind-parity,kubeflow/kubeflow-trainer,2.2.0,aicr-eks-training-v1-0-0,npm run kind-parity:run -- --recipe recipes/kubeflow/kubeflow-trainer/2.2.0 --base aicr-eks-training-v1-0-0,todo,K=todo,ready-to-run,,,unknown,unknown,unknown,,unknown,two-cluster kind run (provisions two clusters),ready-to-run todo cell(s) [K=todo] counted against the 99% disposition bar; running this converts todo -> pass/watch/blocked with a committed receipt
K-14,"K: run the 5 ready kind-parity row(s) with no prior residue signal (first observation) (karpenter/karpenter@1.14.0, kubeflow/kubeflow-trainer@2.2.0); each kind-parity command classifies the K cell. Confirm or reclassify from each receipt.",kind-parity,kubeflow/kubeflow-trainer,2.2.0,default,npm run kind-parity:run -- --recipe recipes/kubeflow/kubeflow-trainer/2.2.0 --base default,todo,K=todo,ready-to-run,,,unknown,unknown,unknown,,unknown,two-cluster kind run (provisions two clusters),ready-to-run todo cell(s) [K=todo] counted against the 99% disposition bar; running this converts todo -> pass/watch/blocked with a committed receipt
K-15,"K: run the 5 ready kind-parity row(s) with no prior residue signal (first observation) (metallb/metallb@0.16.1, nvidia/cluster-readiness-engine@v0.6.0, nvidia/nodewright@v0.17.1, nvidia/nodewright@v0.19.0); each kind-parity command classifies the K cell. Confirm or reclassify from each receipt.",kind-parity,metallb/metallb,0.16.1,default,npm run kind-parity:run -- --recipe recipes/metallb/metallb/0.16.1 --base default,todo,K=todo,ready-to-run,,,unknown,unknown,unknown,,unknown,two-cluster kind run (provisions two clusters),ready-to-run todo cell(s) [K=todo] counted against the 99% disposition bar; running this converts todo -> pass/watch/blocked with a committed receipt
K-15,"K: run the 5 ready kind-parity row(s) with no prior residue signal (first observation) (metallb/metallb@0.16.1, nvidia/cluster-readiness-engine@v0.6.0, nvidia/nodewright@v0.17.1, nvidia/nodewright@v0.19.0); each kind-parity command classifies the K cell. Confirm or reclassify from each receipt.",kind-parity,nvidia/cluster-readiness-engine,v0.6.0,default,npm run kind-parity:run -- --recipe recipes/nvidia/cluster-readiness-engine/v0.6.0 --base default,todo,K=todo,ready-to-run,,,unknown,unknown,unknown,,unknown,two-cluster kind run (provisions two clusters),ready-to-run todo cell(s) [K=todo] counted against the 99% disposition bar; running this converts todo -> pass/watch/blocked with a committed receipt
K-15,"K: run the 5 ready kind-parity row(s) with no prior residue signal (first observation) (metallb/metallb@0.16.1, nvidia/cluster-readiness-engine@v0.6.0, nvidia/nodewright@v0.17.1, nvidia/nodewright@v0.19.0); each kind-parity command classifies the K cell. Confirm or reclassify from each receipt.",kind-parity,nvidia/nodewright,v0.17.1,aicr-eks-training,npm run kind-parity:run -- --recipe recipes/nvidia/nodewright/v0.17.1 --base aicr-eks-training,todo,K=todo,ready-to-run,,,unknown,unknown,unknown,,unknown,two-cluster kind run (provisions two clusters),ready-to-run todo cell(s) [K=todo] counted against the 99% disposition bar; running this converts todo -> pass/watch/blocked with a committed receipt
K-15,"K: run the 5 ready kind-parity row(s) with no prior residue signal (first observation) (metallb/metallb@0.16.1, nvidia/cluster-readiness-engine@v0.6.0, nvidia/nodewright@v0.17.1, nvidia/nodewright@v0.19.0); each kind-parity command classifies the K cell. Confirm or reclassify from each receipt.",kind-parity,nvidia/nodewright,v0.19.0,aicr-eks-training,npm run kind-parity:run -- --recipe recipes/nvidia/nodewright/v0.19.0 --base aicr-eks-training,todo,K=todo,ready-to-run,,,unknown,unknown,unknown,,unknown,two-cluster kind run (provisions two clusters),ready-to-run todo cell(s) [K=todo] counted against the 99% disposition bar; running this converts todo -> pass/watch/blocked with a committed receipt
K-15,"K: run the 5 ready kind-parity row(s) with no prior residue signal (first observation) (metallb/metallb@0.16.1, nvidia/cluster-readiness-engine@v0.6.0, nvidia/nodewright@v0.17.1, nvidia/nodewright@v0.19.0); each kind-parity command classifies the K cell. Confirm or reclassify from each receipt.",kind-parity,nvidia/nodewright,v0.17.1,default,npm run kind-parity:run -- --recipe recipes/nvidia/nodewright/v0.17.1 --base default,todo,K=todo,ready-to-run,,,unknown,unknown,unknown,,unknown,two-cluster kind run (provisions two clusters),ready-to-run todo cell(s) [K=todo] counted against the 99% disposition bar; running this converts todo -> pass/watch/blocked with a committed receipt
K-16,"K: run the 5 ready kind-parity row(s) with no prior residue signal (first observation) (nvidia/nodewright@v0.19.0, nvidia/nvidia-device-plugin@0.19.3, nvidia/nvsentinel@v1.20.0); each kind-parity command classifies the K cell. Confirm or reclassify from each receipt.",kind-parity,nvidia/nodewright,v0.19.0,default,npm run kind-parity:run -- --recipe recipes/nvidia/nodewright/v0.19.0 --base default,todo,K=todo,ready-to-run,,,unknown,unknown,unknown,,unknown,two-cluster kind run (provisions two clusters),ready-to-run todo cell(s) [K=todo] counted against the 99% disposition bar; running this converts todo -> pass/watch/blocked with a committed receipt
K-16,"K: run the 5 ready kind-parity row(s) with no prior residue signal (first observation) (nvidia/nodewright@v0.19.0, nvidia/nvidia-device-plugin@0.19.3, nvidia/nvsentinel@v1.20.0); each kind-parity command classifies the K cell. Confirm or reclassify from each receipt.",kind-parity,nvidia/nvidia-device-plugin,0.19.3,default,npm run kind-parity:run -- --recipe recipes/nvidia/nvidia-device-plugin/0.19.3 --base default,todo,K=todo,ready-to-run,,,unknown,unknown,unknown,,unknown,two-cluster kind run (provisions two clusters),ready-to-run todo cell(s) [K=todo] counted against the 99% disposition bar; running this converts todo -> pass/watch/blocked with a committed receipt
K-16,"K: run the 5 ready kind-parity row(s) with no prior residue signal (first observation) (nvidia/nodewright@v0.19.0, nvidia/nvidia-device-plugin@0.19.3, nvidia/nvsentinel@v1.20.0); each kind-parity command classifies the K cell. Confirm or reclassify from each receipt.",kind-parity,nvidia/nvidia-device-plugin,0.19.3,eks-inference,npm run kind-parity:run -- --recipe recipes/nvidia/nvidia-device-plugin/0.19.3 --base eks-inference,todo,K=todo,ready-to-run,,,unknown,unknown,unknown,,unknown,two-cluster kind run (provisions two clusters),ready-to-run todo cell(s) [K=todo] counted against the 99% disposition bar; running this converts todo -> pass/watch/blocked with a committed receipt
K-16,"K: run the 5 ready kind-parity row(s) with no prior residue signal (first observation) (nvidia/nodewright@v0.19.0, nvidia/nvidia-device-plugin@0.19.3, nvidia/nvsentinel@v1.20.0); each kind-parity command classifies the K cell. Confirm or reclassify from each receipt.",kind-parity,nvidia/nvidia-device-plugin,0.19.3,nfd-enabled,npm run kind-parity:run -- --recipe recipes/nvidia/nvidia-device-plugin/0.19.3 --base nfd-enabled,todo,K=todo,ready-to-run,,,unknown,unknown,unknown,,unknown,two-cluster kind run (provisions two clusters),ready-to-run todo cell(s) [K=todo] counted against the 99% disposition bar; running this converts todo -> pass/watch/blocked with a committed receipt
K-16,"K: run the 5 ready kind-parity row(s) with no prior residue signal (first observation) (nvidia/nodewright@v0.19.0, nvidia/nvidia-device-plugin@0.19.3, nvidia/nvsentinel@v1.20.0); each kind-parity command classifies the K cell. Confirm or reclassify from each receipt.",kind-parity,nvidia/nvsentinel,v1.20.0,aicr-eks-training,npm run kind-parity:run -- --recipe recipes/nvidia/nvsentinel/v1.20.0 --base aicr-eks-training,todo,K=todo,ready-to-run,,,unknown,unknown,unknown,,unknown,two-cluster kind run (provisions two clusters),ready-to-run todo cell(s) [K=todo] counted against the 99% disposition bar; running this converts todo -> pass/watch/blocked with a committed receipt
K-17,"K: run the 5 ready kind-parity row(s) with no prior residue signal (first observation) (nvidia/nvsentinel@v1.25.0, nvidia/nvsentinel@v1.9.0, nvidia/nvsentinel@v1.20.0, nvidia/nvsentinel@v1.26.0); each kind-parity command classifies the K cell. Confirm or reclassify from each receipt.",kind-parity,nvidia/nvsentinel,v1.25.0,aicr-eks-training,npm run kind-parity:run -- --recipe recipes/nvidia/nvsentinel/v1.25.0 --base aicr-eks-training,todo,K=todo,ready-to-run,,,unknown,unknown,unknown,,unknown,two-cluster kind run (provisions two clusters),ready-to-run todo cell(s) [K=todo] counted against the 99% disposition bar; running this converts todo -> pass/watch/blocked with a committed receipt
K-17,"K: run the 5 ready kind-parity row(s) with no prior residue signal (first observation) (nvidia/nvsentinel@v1.25.0, nvidia/nvsentinel@v1.9.0, nvidia/nvsentinel@v1.20.0, nvidia/nvsentinel@v1.26.0); each kind-parity command classifies the K cell. Confirm or reclassify from each receipt.",kind-parity,nvidia/nvsentinel,v1.9.0,aicr-eks-training,npm run kind-parity:run -- --recipe recipes/nvidia/nvsentinel/v1.9.0 --base aicr-eks-training,todo,K=todo,ready-to-run,,,unknown,unknown,unknown,,unknown,two-cluster kind run (provisions two clusters),ready-to-run todo cell(s) [K=todo] counted against the 99% disposition bar; running this converts todo -> pass/watch/blocked with a committed receipt
K-17,"K: run the 5 ready kind-parity row(s) with no prior residue signal (first observation) (nvidia/nvsentinel@v1.25.0, nvidia/nvsentinel@v1.9.0, nvidia/nvsentinel@v1.20.0, nvidia/nvsentinel@v1.26.0); each kind-parity command classifies the K cell. Confirm or reclassify from each receipt.",kind-parity,nvidia/nvsentinel,v1.20.0,default,npm run kind-parity:run -- --recipe recipes/nvidia/nvsentinel/v1.20.0 --base default,todo,K=todo,ready-to-run,,,unknown,unknown,unknown,,unknown,two-cluster kind run (provisions two clusters),ready-to-run todo cell(s) [K=todo] counted against the 99% disposition bar; running this converts todo -> pass/watch/blocked with a committed receipt
K-17,"K: run the 5 ready kind-parity row(s) with no prior residue signal (first observation) (nvidia/nvsentinel@v1.25.0, nvidia/nvsentinel@v1.9.0, nvidia/nvsentinel@v1.20.0, nvidia/nvsentinel@v1.26.0); each kind-parity command classifies the K cell. Confirm or reclassify from each receipt.",kind-parity,nvidia/nvsentinel,v1.25.0,default,npm run kind-parity:run -- --recipe recipes/nvidia/nvsentinel/v1.25.0 --base default,todo,K=todo,ready-to-run,,,unknown,unknown,unknown,,unknown,two-cluster kind run (provisions two clusters),ready-to-run todo cell(s) [K=todo] counted against the 99% disposition bar; running this converts todo -> pass/watch/blocked with a committed receipt
K-17,"K: run the 5 ready kind-parity row(s) with no prior residue signal (first observation) (nvidia/nvsentinel@v1.25.0, nvidia/nvsentinel@v1.9.0, nvidia/nvsentinel@v1.20.0, nvidia/nvsentinel@v1.26.0); each kind-parity command classifies the K cell. Confirm or reclassify from each receipt.",kind-parity,nvidia/nvsentinel,v1.26.0,default,npm run kind-parity:run -- --recipe recipes/nvidia/nvsentinel/v1.26.0 --base default,todo,K=todo,ready-to-run,,,unknown,unknown,unknown,,unknown,two-cluster kind run (provisions two clusters),ready-to-run todo cell(s) [K=todo] counted against the 99% disposition bar; running this converts todo -> pass/watch/blocked with a committed receipt
K-18,"K: run the 5 ready kind-parity row(s) with no prior residue signal (first observation) (nvidia/nvsentinel@v1.9.0, nvidia/nvsentinel@v1.20.0, nvidia/nvsentinel@v1.25.0, nvidia/nvsentinel@v1.26.0); each kind-parity command classifies the K cell. Confirm or reclassify from each receipt.",kind-parity,nvidia/nvsentinel,v1.9.0,default,npm run kind-parity:run -- --recipe recipes/nvidia/nvsentinel/v1.9.0 --base default,todo,K=todo,ready-to-run,,,unknown,unknown,unknown,,unknown,two-cluster kind run (provisions two clusters),ready-to-run todo cell(s) [K=todo] counted against the 99% disposition bar; running this converts todo -> pass/watch/blocked with a committed receipt
K-18,"K: run the 5 ready kind-parity row(s) with no prior residue signal (first observation) (nvidia/nvsentinel@v1.9.0, nvidia/nvsentinel@v1.20.0, nvidia/nvsentinel@v1.25.0, nvidia/nvsentinel@v1.26.0); each kind-parity command classifies the K cell. Confirm or reclassify from each receipt.",kind-parity,nvidia/nvsentinel,v1.20.0,no-pod-monitor,npm run kind-parity:run -- --recipe recipes/nvidia/nvsentinel/v1.20.0 --base no-pod-monitor,todo,K=todo,ready-to-run,,,unknown,unknown,unknown,,unknown,two-cluster kind run (provisions two clusters),ready-to-run todo cell(s) [K=todo] counted against the 99% disposition bar; running this converts todo -> pass/watch/blocked with a committed receipt
K-18,"K: run the 5 ready kind-parity row(s) with no prior residue signal (first observation) (nvidia/nvsentinel@v1.9.0, nvidia/nvsentinel@v1.20.0, nvidia/nvsentinel@v1.25.0, nvidia/nvsentinel@v1.26.0); each kind-parity command classifies the K cell. Confirm or reclassify from each receipt.",kind-parity,nvidia/nvsentinel,v1.25.0,no-pod-monitor,npm run kind-parity:run -- --recipe recipes/nvidia/nvsentinel/v1.25.0 --base no-pod-monitor,todo,K=todo,ready-to-run,,,unknown,unknown,unknown,,unknown,two-cluster kind run (provisions two clusters),ready-to-run todo cell(s) [K=todo] counted against the 99% disposition bar; running this converts todo -> pass/watch/blocked with a committed receipt
K-18,"K: run the 5 ready kind-parity row(s) with no prior residue signal (first observation) (nvidia/nvsentinel@v1.9.0, nvidia/nvsentinel@v1.20.0, nvidia/nvsentinel@v1.25.0, nvidia/nvsentinel@v1.26.0); each kind-parity command classifies the K cell. Confirm or reclassify from each receipt.",kind-parity,nvidia/nvsentinel,v1.26.0,no-pod-monitor,npm run kind-parity:run -- --recipe recipes/nvidia/nvsentinel/v1.26.0 --base no-pod-monitor,todo,K=todo,ready-to-run,,,unknown,unknown,unknown,,unknown,two-cluster kind run (provisions two clusters),ready-to-run todo cell(s) [K=todo] counted against the 99% disposition bar; running this converts todo -> pass/watch/blocked with a committed receipt
K-18,"K: run the 5 ready kind-parity row(s) with no prior residue signal (first observation) (nvidia/nvsentinel@v1.9.0, nvidia/nvsentinel@v1.20.0, nvidia/nvsentinel@v1.25.0, nvidia/nvsentinel@v1.26.0); each kind-parity command classifies the K cell. Confirm or reclassify from each receipt.",kind-parity,nvidia/nvsentinel,v1.9.0,no-pod-monitor,npm run kind-parity:run -- --recipe recipes/nvidia/nvsentinel/v1.9.0 --base no-pod-monitor,todo,K=todo,ready-to-run,,,unknown,unknown,unknown,,unknown,two-cluster kind run (provisions two clusters),ready-to-run todo cell(s) [K=todo] counted against the 99% disposition bar; running this converts todo -> pass/watch/blocked with a committed receipt
K-19,"K: run the 4 ready kind-parity row(s) with no prior residue signal (first observation) (oauth2-proxy/oauth2-proxy@10.7.0, policy-reporter/policy-reporter@3.10.0, policy-reporter/policy-reporter@3.9.1, valkey/valkey@0.11.0); each kind-parity command classifies the K cell. Confirm or reclassify from each receipt.",kind-parity,oauth2-proxy/oauth2-proxy,10.7.0,default,npm run kind-parity:run -- --recipe recipes/oauth2-proxy/oauth2-proxy/10.7.0 --base default,todo,K=todo,ready-to-run,,,unknown,unknown,unknown,,unknown,two-cluster kind run (provisions two clusters),ready-to-run todo cell(s) [K=todo] counted against the 99% disposition bar; running this converts todo -> pass/watch/blocked with a committed receipt
K-19,"K: run the 4 ready kind-parity row(s) with no prior residue signal (first observation) (oauth2-proxy/oauth2-proxy@10.7.0, policy-reporter/policy-reporter@3.10.0, policy-reporter/policy-reporter@3.9.1, valkey/valkey@0.11.0); each kind-parity command classifies the K cell. Confirm or reclassify from each receipt.",kind-parity,policy-reporter/policy-reporter,3.10.0,default,npm run kind-parity:run -- --recipe recipes/policy-reporter/policy-reporter/3.10.0 --base default,todo,K=todo,ready-to-run,,,unknown,unknown,unknown,,unknown,two-cluster kind run (provisions two clusters),ready-to-run todo cell(s) [K=todo] counted against the 99% disposition bar; running this converts todo -> pass/watch/blocked with a committed receipt
K-19,"K: run the 4 ready kind-parity row(s) with no prior residue signal (first observation) (oauth2-proxy/oauth2-proxy@10.7.0, policy-reporter/policy-reporter@3.10.0, policy-reporter/policy-reporter@3.9.1, valkey/valkey@0.11.0); each kind-parity command classifies the K cell. Confirm or reclassify from each receipt.",kind-parity,policy-reporter/policy-reporter,3.9.1,default,npm run kind-parity:run -- --recipe recipes/policy-reporter/policy-reporter/3.9.1 --base default,todo,K=todo,ready-to-run,,,unknown,unknown,unknown,,unknown,two-cluster kind run (provisions two clusters),ready-to-run todo cell(s) [K=todo] counted against the 99% disposition bar; running this converts todo -> pass/watch/blocked with a committed receipt
K-19,"K: run the 4 ready kind-parity row(s) with no prior residue signal (first observation) (oauth2-proxy/oauth2-proxy@10.7.0, policy-reporter/policy-reporter@3.10.0, policy-reporter/policy-reporter@3.9.1, valkey/valkey@0.11.0); each kind-parity command classifies the K cell. Confirm or reclassify from each receipt.",kind-parity,valkey/valkey,0.11.0,default,npm run kind-parity:run -- --recipe recipes/valkey/valkey/0.11.0 --base default,todo,K=todo,ready-to-run,,,unknown,unknown,unknown,,unknown,two-cluster kind run (provisions two clusters),ready-to-run todo cell(s) [K=todo] counted against the 99% disposition bar; running this converts todo -> pass/watch/blocked with a committed receipt
