chart,version,variant,image,image_status,object,field_path,rendered_sha256,rendered_path,next_action
aqua/trivy-operator,0.32.1,default,mirror.gcr.io/aquasec/trivy-operator:0.30.1,mutable-tag,apps/v1/Deployment/default/trivy-operator,spec.template.spec.containers.0.image,4728643a42924d6af2c0b2b4f1f616938c31b6271ed7e32bac2ce36e5e339a25,recipes/aqua/trivy-operator/0.32.1/revisions/default/r001/rendered/release-objects.yaml,resolve digest and record image override/proof receipt before reproducible production OCI delivery
aqua/trivy-operator,0.32.1,no-crds,mirror.gcr.io/aquasec/trivy-operator:0.30.1,mutable-tag,apps/v1/Deployment/default/trivy-operator,spec.template.spec.containers.0.image,875c8aa838c2841aeda6fbd5ffe95e4f7e2c6a36d64194715bb4039aff0ed492,recipes/aqua/trivy-operator/0.32.1/revisions/no-crds/r001/rendered/release-objects.yaml,resolve digest and record image override/proof receipt before reproducible production OCI delivery
argo-cd/argo-cd,9.5.15,default,ecr-public.aws.com/docker/library/redis:8.2.3-alpine,mutable-tag,apps/v1/Deployment/argocd/argo-cd-argocd-redis,spec.template.spec.containers.0.image,e52ddef5e56e347a8959dd1e8591e116479bf8aa8682c83e3753fe7355a38cc0,recipes/argo-cd/argo-cd/9.5.15/revisions/default/r001/rendered/release-objects.yaml,resolve digest and record image override/proof receipt before reproducible production OCI delivery
argo-cd/argo-cd,9.5.15,default,ghcr.io/dexidp/dex:v2.45.1,mutable-tag,apps/v1/Deployment/argocd/argo-cd-argocd-dex-server,spec.template.spec.containers.0.image,e52ddef5e56e347a8959dd1e8591e116479bf8aa8682c83e3753fe7355a38cc0,recipes/argo-cd/argo-cd/9.5.15/revisions/default/r001/rendered/release-objects.yaml,resolve digest and record image override/proof receipt before reproducible production OCI delivery
argo-cd/argo-cd,9.5.15,default,quay.io/argoproj/argocd:v3.4.2,mutable-tag,apps/v1/Deployment/argocd/argo-cd-argocd-applicationset-controller,spec.template.spec.containers.0.image,e52ddef5e56e347a8959dd1e8591e116479bf8aa8682c83e3753fe7355a38cc0,recipes/argo-cd/argo-cd/9.5.15/revisions/default/r001/rendered/release-objects.yaml,resolve digest and record image override/proof receipt before reproducible production OCI delivery
argo-cd/argo-cd,9.5.15,default,quay.io/argoproj/argocd:v3.4.2,mutable-tag,apps/v1/Deployment/argocd/argo-cd-argocd-dex-server,spec.template.spec.initContainers.0.image,e52ddef5e56e347a8959dd1e8591e116479bf8aa8682c83e3753fe7355a38cc0,recipes/argo-cd/argo-cd/9.5.15/revisions/default/r001/rendered/release-objects.yaml,resolve digest and record image override/proof receipt before reproducible production OCI delivery
argo-cd/argo-cd,9.5.15,default,quay.io/argoproj/argocd:v3.4.2,mutable-tag,apps/v1/Deployment/argocd/argo-cd-argocd-notifications-controller,spec.template.spec.containers.0.image,e52ddef5e56e347a8959dd1e8591e116479bf8aa8682c83e3753fe7355a38cc0,recipes/argo-cd/argo-cd/9.5.15/revisions/default/r001/rendered/release-objects.yaml,resolve digest and record image override/proof receipt before reproducible production OCI delivery
argo-cd/argo-cd,9.5.15,default,quay.io/argoproj/argocd:v3.4.2,mutable-tag,apps/v1/Deployment/argocd/argo-cd-argocd-repo-server,spec.template.spec.containers.0.image,e52ddef5e56e347a8959dd1e8591e116479bf8aa8682c83e3753fe7355a38cc0,recipes/argo-cd/argo-cd/9.5.15/revisions/default/r001/rendered/release-objects.yaml,resolve digest and record image override/proof receipt before reproducible production OCI delivery
argo-cd/argo-cd,9.5.15,default,quay.io/argoproj/argocd:v3.4.2,mutable-tag,apps/v1/Deployment/argocd/argo-cd-argocd-repo-server,spec.template.spec.initContainers.0.image,e52ddef5e56e347a8959dd1e8591e116479bf8aa8682c83e3753fe7355a38cc0,recipes/argo-cd/argo-cd/9.5.15/revisions/default/r001/rendered/release-objects.yaml,resolve digest and record image override/proof receipt before reproducible production OCI delivery
argo-cd/argo-cd,9.5.15,default,quay.io/argoproj/argocd:v3.4.2,mutable-tag,apps/v1/Deployment/argocd/argo-cd-argocd-server,spec.template.spec.containers.0.image,e52ddef5e56e347a8959dd1e8591e116479bf8aa8682c83e3753fe7355a38cc0,recipes/argo-cd/argo-cd/9.5.15/revisions/default/r001/rendered/release-objects.yaml,resolve digest and record image override/proof receipt before reproducible production OCI delivery
argo-cd/argo-cd,9.5.15,default,quay.io/argoproj/argocd:v3.4.2,mutable-tag,apps/v1/StatefulSet/argocd/argo-cd-argocd-application-controller,spec.template.spec.containers.0.image,e52ddef5e56e347a8959dd1e8591e116479bf8aa8682c83e3753fe7355a38cc0,recipes/argo-cd/argo-cd/9.5.15/revisions/default/r001/rendered/release-objects.yaml,resolve digest and record image override/proof receipt before reproducible production OCI delivery
argo-cd/argo-cd,9.5.15,no-crds,ecr-public.aws.com/docker/library/redis:8.2.3-alpine,mutable-tag,apps/v1/Deployment/argocd/argo-cd-argocd-redis,spec.template.spec.containers.0.image,23a51fb8ea2215b08a853bbb26698d80f58a5514b68d4f49cdcd870a8371fc71,recipes/argo-cd/argo-cd/9.5.15/revisions/no-crds/r001/rendered/release-objects.yaml,resolve digest and record image override/proof receipt before reproducible production OCI delivery
argo-cd/argo-cd,9.5.15,no-crds,ghcr.io/dexidp/dex:v2.45.1,mutable-tag,apps/v1/Deployment/argocd/argo-cd-argocd-dex-server,spec.template.spec.containers.0.image,23a51fb8ea2215b08a853bbb26698d80f58a5514b68d4f49cdcd870a8371fc71,recipes/argo-cd/argo-cd/9.5.15/revisions/no-crds/r001/rendered/release-objects.yaml,resolve digest and record image override/proof receipt before reproducible production OCI delivery
argo-cd/argo-cd,9.5.15,no-crds,quay.io/argoproj/argocd:v3.4.2,mutable-tag,apps/v1/Deployment/argocd/argo-cd-argocd-applicationset-controller,spec.template.spec.containers.0.image,23a51fb8ea2215b08a853bbb26698d80f58a5514b68d4f49cdcd870a8371fc71,recipes/argo-cd/argo-cd/9.5.15/revisions/no-crds/r001/rendered/release-objects.yaml,resolve digest and record image override/proof receipt before reproducible production OCI delivery
argo-cd/argo-cd,9.5.15,no-crds,quay.io/argoproj/argocd:v3.4.2,mutable-tag,apps/v1/Deployment/argocd/argo-cd-argocd-dex-server,spec.template.spec.initContainers.0.image,23a51fb8ea2215b08a853bbb26698d80f58a5514b68d4f49cdcd870a8371fc71,recipes/argo-cd/argo-cd/9.5.15/revisions/no-crds/r001/rendered/release-objects.yaml,resolve digest and record image override/proof receipt before reproducible production OCI delivery
argo-cd/argo-cd,9.5.15,no-crds,quay.io/argoproj/argocd:v3.4.2,mutable-tag,apps/v1/Deployment/argocd/argo-cd-argocd-notifications-controller,spec.template.spec.containers.0.image,23a51fb8ea2215b08a853bbb26698d80f58a5514b68d4f49cdcd870a8371fc71,recipes/argo-cd/argo-cd/9.5.15/revisions/no-crds/r001/rendered/release-objects.yaml,resolve digest and record image override/proof receipt before reproducible production OCI delivery
argo-cd/argo-cd,9.5.15,no-crds,quay.io/argoproj/argocd:v3.4.2,mutable-tag,apps/v1/Deployment/argocd/argo-cd-argocd-repo-server,spec.template.spec.containers.0.image,23a51fb8ea2215b08a853bbb26698d80f58a5514b68d4f49cdcd870a8371fc71,recipes/argo-cd/argo-cd/9.5.15/revisions/no-crds/r001/rendered/release-objects.yaml,resolve digest and record image override/proof receipt before reproducible production OCI delivery
argo-cd/argo-cd,9.5.15,no-crds,quay.io/argoproj/argocd:v3.4.2,mutable-tag,apps/v1/Deployment/argocd/argo-cd-argocd-repo-server,spec.template.spec.initContainers.0.image,23a51fb8ea2215b08a853bbb26698d80f58a5514b68d4f49cdcd870a8371fc71,recipes/argo-cd/argo-cd/9.5.15/revisions/no-crds/r001/rendered/release-objects.yaml,resolve digest and record image override/proof receipt before reproducible production OCI delivery
argo-cd/argo-cd,9.5.15,no-crds,quay.io/argoproj/argocd:v3.4.2,mutable-tag,apps/v1/Deployment/argocd/argo-cd-argocd-server,spec.template.spec.containers.0.image,23a51fb8ea2215b08a853bbb26698d80f58a5514b68d4f49cdcd870a8371fc71,recipes/argo-cd/argo-cd/9.5.15/revisions/no-crds/r001/rendered/release-objects.yaml,resolve digest and record image override/proof receipt before reproducible production OCI delivery
argo-cd/argo-cd,9.5.15,no-crds,quay.io/argoproj/argocd:v3.4.2,mutable-tag,apps/v1/StatefulSet/argocd/argo-cd-argocd-application-controller,spec.template.spec.containers.0.image,23a51fb8ea2215b08a853bbb26698d80f58a5514b68d4f49cdcd870a8371fc71,recipes/argo-cd/argo-cd/9.5.15/revisions/no-crds/r001/rendered/release-objects.yaml,resolve digest and record image override/proof receipt before reproducible production OCI delivery
argo-cd/argo-cd,9.5.17,default,ecr-public.aws.com/docker/library/redis:8.2.3-alpine,mutable-tag,apps/v1/Deployment/argocd/argo-cd-argocd-redis,spec.template.spec.containers.0.image,e79d4daf30498e893d2dc41c736de2de1fe3ff3a4dc396212a86336143f80fa7,recipes/argo-cd/argo-cd/9.5.17/revisions/default/r001/rendered/release-objects.yaml,resolve digest and record image override/proof receipt before reproducible production OCI delivery
argo-cd/argo-cd,9.5.17,default,ghcr.io/dexidp/dex:v2.45.1,mutable-tag,apps/v1/Deployment/argocd/argo-cd-argocd-dex-server,spec.template.spec.containers.0.image,e79d4daf30498e893d2dc41c736de2de1fe3ff3a4dc396212a86336143f80fa7,recipes/argo-cd/argo-cd/9.5.17/revisions/default/r001/rendered/release-objects.yaml,resolve digest and record image override/proof receipt before reproducible production OCI delivery
argo-cd/argo-cd,9.5.17,default,quay.io/argoproj/argocd:v3.4.3,mutable-tag,apps/v1/Deployment/argocd/argo-cd-argocd-applicationset-controller,spec.template.spec.containers.0.image,e79d4daf30498e893d2dc41c736de2de1fe3ff3a4dc396212a86336143f80fa7,recipes/argo-cd/argo-cd/9.5.17/revisions/default/r001/rendered/release-objects.yaml,resolve digest and record image override/proof receipt before reproducible production OCI delivery
argo-cd/argo-cd,9.5.17,default,quay.io/argoproj/argocd:v3.4.3,mutable-tag,apps/v1/Deployment/argocd/argo-cd-argocd-dex-server,spec.template.spec.initContainers.0.image,e79d4daf30498e893d2dc41c736de2de1fe3ff3a4dc396212a86336143f80fa7,recipes/argo-cd/argo-cd/9.5.17/revisions/default/r001/rendered/release-objects.yaml,resolve digest and record image override/proof receipt before reproducible production OCI delivery
argo-cd/argo-cd,9.5.17,default,quay.io/argoproj/argocd:v3.4.3,mutable-tag,apps/v1/Deployment/argocd/argo-cd-argocd-notifications-controller,spec.template.spec.containers.0.image,e79d4daf30498e893d2dc41c736de2de1fe3ff3a4dc396212a86336143f80fa7,recipes/argo-cd/argo-cd/9.5.17/revisions/default/r001/rendered/release-objects.yaml,resolve digest and record image override/proof receipt before reproducible production OCI delivery
argo-cd/argo-cd,9.5.17,default,quay.io/argoproj/argocd:v3.4.3,mutable-tag,apps/v1/Deployment/argocd/argo-cd-argocd-repo-server,spec.template.spec.containers.0.image,e79d4daf30498e893d2dc41c736de2de1fe3ff3a4dc396212a86336143f80fa7,recipes/argo-cd/argo-cd/9.5.17/revisions/default/r001/rendered/release-objects.yaml,resolve digest and record image override/proof receipt before reproducible production OCI delivery
argo-cd/argo-cd,9.5.17,default,quay.io/argoproj/argocd:v3.4.3,mutable-tag,apps/v1/Deployment/argocd/argo-cd-argocd-repo-server,spec.template.spec.initContainers.0.image,e79d4daf30498e893d2dc41c736de2de1fe3ff3a4dc396212a86336143f80fa7,recipes/argo-cd/argo-cd/9.5.17/revisions/default/r001/rendered/release-objects.yaml,resolve digest and record image override/proof receipt before reproducible production OCI delivery
argo-cd/argo-cd,9.5.17,default,quay.io/argoproj/argocd:v3.4.3,mutable-tag,apps/v1/Deployment/argocd/argo-cd-argocd-server,spec.template.spec.containers.0.image,e79d4daf30498e893d2dc41c736de2de1fe3ff3a4dc396212a86336143f80fa7,recipes/argo-cd/argo-cd/9.5.17/revisions/default/r001/rendered/release-objects.yaml,resolve digest and record image override/proof receipt before reproducible production OCI delivery
argo-cd/argo-cd,9.5.17,default,quay.io/argoproj/argocd:v3.4.3,mutable-tag,apps/v1/StatefulSet/argocd/argo-cd-argocd-application-controller,spec.template.spec.containers.0.image,e79d4daf30498e893d2dc41c736de2de1fe3ff3a4dc396212a86336143f80fa7,recipes/argo-cd/argo-cd/9.5.17/revisions/default/r001/rendered/release-objects.yaml,resolve digest and record image override/proof receipt before reproducible production OCI delivery
argo-cd/argo-cd,9.5.17,no-crds,ecr-public.aws.com/docker/library/redis:8.2.3-alpine,mutable-tag,apps/v1/Deployment/argocd/argo-cd-argocd-redis,spec.template.spec.containers.0.image,58d54d31b7e52f80c4a352f48a8828fc62fc31b8e2c8aea497f756ae5ce0f9ec,recipes/argo-cd/argo-cd/9.5.17/revisions/no-crds/r001/rendered/release-objects.yaml,resolve digest and record image override/proof receipt before reproducible production OCI delivery
argo-cd/argo-cd,9.5.17,no-crds,ghcr.io/dexidp/dex:v2.45.1,mutable-tag,apps/v1/Deployment/argocd/argo-cd-argocd-dex-server,spec.template.spec.containers.0.image,58d54d31b7e52f80c4a352f48a8828fc62fc31b8e2c8aea497f756ae5ce0f9ec,recipes/argo-cd/argo-cd/9.5.17/revisions/no-crds/r001/rendered/release-objects.yaml,resolve digest and record image override/proof receipt before reproducible production OCI delivery
argo-cd/argo-cd,9.5.17,no-crds,quay.io/argoproj/argocd:v3.4.3,mutable-tag,apps/v1/Deployment/argocd/argo-cd-argocd-applicationset-controller,spec.template.spec.containers.0.image,58d54d31b7e52f80c4a352f48a8828fc62fc31b8e2c8aea497f756ae5ce0f9ec,recipes/argo-cd/argo-cd/9.5.17/revisions/no-crds/r001/rendered/release-objects.yaml,resolve digest and record image override/proof receipt before reproducible production OCI delivery
argo-cd/argo-cd,9.5.17,no-crds,quay.io/argoproj/argocd:v3.4.3,mutable-tag,apps/v1/Deployment/argocd/argo-cd-argocd-dex-server,spec.template.spec.initContainers.0.image,58d54d31b7e52f80c4a352f48a8828fc62fc31b8e2c8aea497f756ae5ce0f9ec,recipes/argo-cd/argo-cd/9.5.17/revisions/no-crds/r001/rendered/release-objects.yaml,resolve digest and record image override/proof receipt before reproducible production OCI delivery
argo-cd/argo-cd,9.5.17,no-crds,quay.io/argoproj/argocd:v3.4.3,mutable-tag,apps/v1/Deployment/argocd/argo-cd-argocd-notifications-controller,spec.template.spec.containers.0.image,58d54d31b7e52f80c4a352f48a8828fc62fc31b8e2c8aea497f756ae5ce0f9ec,recipes/argo-cd/argo-cd/9.5.17/revisions/no-crds/r001/rendered/release-objects.yaml,resolve digest and record image override/proof receipt before reproducible production OCI delivery
argo-cd/argo-cd,9.5.17,no-crds,quay.io/argoproj/argocd:v3.4.3,mutable-tag,apps/v1/Deployment/argocd/argo-cd-argocd-repo-server,spec.template.spec.containers.0.image,58d54d31b7e52f80c4a352f48a8828fc62fc31b8e2c8aea497f756ae5ce0f9ec,recipes/argo-cd/argo-cd/9.5.17/revisions/no-crds/r001/rendered/release-objects.yaml,resolve digest and record image override/proof receipt before reproducible production OCI delivery
argo-cd/argo-cd,9.5.17,no-crds,quay.io/argoproj/argocd:v3.4.3,mutable-tag,apps/v1/Deployment/argocd/argo-cd-argocd-repo-server,spec.template.spec.initContainers.0.image,58d54d31b7e52f80c4a352f48a8828fc62fc31b8e2c8aea497f756ae5ce0f9ec,recipes/argo-cd/argo-cd/9.5.17/revisions/no-crds/r001/rendered/release-objects.yaml,resolve digest and record image override/proof receipt before reproducible production OCI delivery
argo-cd/argo-cd,9.5.17,no-crds,quay.io/argoproj/argocd:v3.4.3,mutable-tag,apps/v1/Deployment/argocd/argo-cd-argocd-server,spec.template.spec.containers.0.image,58d54d31b7e52f80c4a352f48a8828fc62fc31b8e2c8aea497f756ae5ce0f9ec,recipes/argo-cd/argo-cd/9.5.17/revisions/no-crds/r001/rendered/release-objects.yaml,resolve digest and record image override/proof receipt before reproducible production OCI delivery
argo-cd/argo-cd,9.5.17,no-crds,quay.io/argoproj/argocd:v3.4.3,mutable-tag,apps/v1/StatefulSet/argocd/argo-cd-argocd-application-controller,spec.template.spec.containers.0.image,58d54d31b7e52f80c4a352f48a8828fc62fc31b8e2c8aea497f756ae5ce0f9ec,recipes/argo-cd/argo-cd/9.5.17/revisions/no-crds/r001/rendered/release-objects.yaml,resolve digest and record image override/proof receipt before reproducible production OCI delivery
argo-cd/argo-events,2.4.21,default,quay.io/argoproj/argo-events:v1.9.10,mutable-tag,apps/v1/Deployment/default/argo-events-controller-manager,spec.template.spec.containers.0.image,fe5c705f2f03410df75055542a79619c82947dafbf3f1c01c05eca2fc197503b,recipes/argo-cd/argo-events/2.4.21/revisions/default/r001/rendered/release-objects.yaml,resolve digest and record image override/proof receipt before reproducible production OCI delivery
argo-cd/argo-events,2.4.21,no-crds,quay.io/argoproj/argo-events:v1.9.10,mutable-tag,apps/v1/Deployment/default/argo-events-controller-manager,spec.template.spec.containers.0.image,4858a0854eb393c136be157686a7417478ee33c88428452eaa21ad3fed65ad49,recipes/argo-cd/argo-events/2.4.21/revisions/no-crds/r001/rendered/release-objects.yaml,resolve digest and record image override/proof receipt before reproducible production OCI delivery
argo-cd/argo-rollouts,2.40.9,default,quay.io/argoproj/argo-rollouts:v1.9.0,mutable-tag,apps/v1/Deployment/default/argo-rollouts,spec.template.spec.containers.0.image,cd696130d24a1a676d5bc1abb9978ff10d6d4e6e072655c6ef275453b1e85e47,recipes/argo-cd/argo-rollouts/2.40.9/revisions/default/r001/rendered/release-objects.yaml,resolve digest and record image override/proof receipt before reproducible production OCI delivery
argo-cd/argo-rollouts,2.40.9,no-crds,quay.io/argoproj/argo-rollouts:v1.9.0,mutable-tag,apps/v1/Deployment/default/argo-rollouts,spec.template.spec.containers.0.image,6facde581531cc4995b342bf9b3614f4c73f5c8d9ba057ae92895db6c3813dd7,recipes/argo-cd/argo-rollouts/2.40.9/revisions/no-crds/r001/rendered/release-objects.yaml,resolve digest and record image override/proof receipt before reproducible production OCI delivery
argo-cd/argo-workflows,1.0.14,default,quay.io/argoproj/argocli:v4.0.5,mutable-tag,apps/v1/Deployment/default/argo-workflows-server,spec.template.spec.containers.0.image,677516f7d311ffdfcf7a4b424585cada43ba104af51ef7e283c575d8279c16bc,recipes/argo-cd/argo-workflows/1.0.14/revisions/default/r001/rendered/release-objects.yaml,resolve digest and record image override/proof receipt before reproducible production OCI delivery
argo-cd/argo-workflows,1.0.14,default,quay.io/argoproj/workflow-controller:v4.0.5,mutable-tag,apps/v1/Deployment/default/argo-workflows-workflow-controller,spec.template.spec.containers.0.image,677516f7d311ffdfcf7a4b424585cada43ba104af51ef7e283c575d8279c16bc,recipes/argo-cd/argo-workflows/1.0.14/revisions/default/r001/rendered/release-objects.yaml,resolve digest and record image override/proof receipt before reproducible production OCI delivery
argo-cd/argocd-image-updater,1.2.2,default,quay.io/argoprojlabs/argocd-image-updater:v1.2.1,mutable-tag,apps/v1/Deployment/default/argocd-image-updater-controller,spec.template.spec.containers.0.image,0b3646b69dab9a21cad5cbc550a95ffb9ac4be833cc2d076b1fd12cbe4e4eaf2,recipes/argo-cd/argocd-image-updater/1.2.2/revisions/default/r001/rendered/release-objects.yaml,resolve digest and record image override/proof receipt before reproducible production OCI delivery
autoscaler/vertical-pod-autoscaler,0.9.0,default,registry.k8s.io/autoscaling/vpa-admission-controller:1.6.0,mutable-tag,apps/v1/Deployment/default/vertical-pod-autoscaler-admission-controller,spec.template.spec.containers.0.image,9d7307f629bdc478fa0c9bc6646359976b96d0cfd549bd66c13442facfa57490,recipes/autoscaler/vertical-pod-autoscaler/0.9.0/revisions/default/r001/rendered/release-objects.yaml,resolve digest and record image override/proof receipt before reproducible production OCI delivery
autoscaler/vertical-pod-autoscaler,0.9.0,default,registry.k8s.io/autoscaling/vpa-recommender:1.6.0,mutable-tag,apps/v1/Deployment/default/vertical-pod-autoscaler-recommender,spec.template.spec.containers.0.image,9d7307f629bdc478fa0c9bc6646359976b96d0cfd549bd66c13442facfa57490,recipes/autoscaler/vertical-pod-autoscaler/0.9.0/revisions/default/r001/rendered/release-objects.yaml,resolve digest and record image override/proof receipt before reproducible production OCI delivery
autoscaler/vertical-pod-autoscaler,0.9.0,default,registry.k8s.io/autoscaling/vpa-updater:1.6.0,mutable-tag,apps/v1/Deployment/default/vertical-pod-autoscaler-updater,spec.template.spec.containers.0.image,9d7307f629bdc478fa0c9bc6646359976b96d0cfd549bd66c13442facfa57490,recipes/autoscaler/vertical-pod-autoscaler/0.9.0/revisions/default/r001/rendered/release-objects.yaml,resolve digest and record image override/proof receipt before reproducible production OCI delivery
autoscaler/vertical-pod-autoscaler,0.9.0,no-crds,registry.k8s.io/autoscaling/vpa-admission-controller:1.6.0,mutable-tag,apps/v1/Deployment/default/vertical-pod-autoscaler-admission-controller,spec.template.spec.containers.0.image,874f8d5277136c7721ff190fc6993d2f3d4de6c990ca7828c5f5e3a08d48ccf6,recipes/autoscaler/vertical-pod-autoscaler/0.9.0/revisions/no-crds/r001/rendered/release-objects.yaml,resolve digest and record image override/proof receipt before reproducible production OCI delivery
autoscaler/vertical-pod-autoscaler,0.9.0,no-crds,registry.k8s.io/autoscaling/vpa-recommender:1.6.0,mutable-tag,apps/v1/Deployment/default/vertical-pod-autoscaler-recommender,spec.template.spec.containers.0.image,874f8d5277136c7721ff190fc6993d2f3d4de6c990ca7828c5f5e3a08d48ccf6,recipes/autoscaler/vertical-pod-autoscaler/0.9.0/revisions/no-crds/r001/rendered/release-objects.yaml,resolve digest and record image override/proof receipt before reproducible production OCI delivery
autoscaler/vertical-pod-autoscaler,0.9.0,no-crds,registry.k8s.io/autoscaling/vpa-updater:1.6.0,mutable-tag,apps/v1/Deployment/default/vertical-pod-autoscaler-updater,spec.template.spec.containers.0.image,874f8d5277136c7721ff190fc6993d2f3d4de6c990ca7828c5f5e3a08d48ccf6,recipes/autoscaler/vertical-pod-autoscaler/0.9.0/revisions/no-crds/r001/rendered/release-objects.yaml,resolve digest and record image override/proof receipt before reproducible production OCI delivery
aws-ebs-csi-driver/aws-ebs-csi-driver,2.60.1,default,public.ecr.aws/csi-components/csi-attacher:v4.11.0-eksbuild.6,mutable-tag,apps/v1/Deployment/default/ebs-csi-controller,spec.template.spec.containers.2.image,ae9f0b30339870e7bab818ea4eb299e5393416b5efd5053dd5800017373bb3a7,recipes/aws-ebs-csi-driver/aws-ebs-csi-driver/2.60.1/revisions/default/r001/rendered/release-objects.yaml,resolve digest and record image override/proof receipt before reproducible production OCI delivery
aws-ebs-csi-driver/aws-ebs-csi-driver,2.60.1,default,public.ecr.aws/csi-components/csi-node-driver-registrar:v2.16.0-eksbuild.6,mutable-tag,apps/v1/DaemonSet/default/ebs-csi-node-windows,spec.template.spec.containers.1.image,ae9f0b30339870e7bab818ea4eb299e5393416b5efd5053dd5800017373bb3a7,recipes/aws-ebs-csi-driver/aws-ebs-csi-driver/2.60.1/revisions/default/r001/rendered/release-objects.yaml,resolve digest and record image override/proof receipt before reproducible production OCI delivery
aws-ebs-csi-driver/aws-ebs-csi-driver,2.60.1,default,public.ecr.aws/csi-components/csi-node-driver-registrar:v2.16.0-eksbuild.6,mutable-tag,apps/v1/DaemonSet/default/ebs-csi-node,spec.template.spec.containers.1.image,ae9f0b30339870e7bab818ea4eb299e5393416b5efd5053dd5800017373bb3a7,recipes/aws-ebs-csi-driver/aws-ebs-csi-driver/2.60.1/revisions/default/r001/rendered/release-objects.yaml,resolve digest and record image override/proof receipt before reproducible production OCI delivery
aws-ebs-csi-driver/aws-ebs-csi-driver,2.60.1,default,public.ecr.aws/csi-components/csi-provisioner:v6.2.0-eksbuild.5,mutable-tag,apps/v1/Deployment/default/ebs-csi-controller,spec.template.spec.containers.1.image,ae9f0b30339870e7bab818ea4eb299e5393416b5efd5053dd5800017373bb3a7,recipes/aws-ebs-csi-driver/aws-ebs-csi-driver/2.60.1/revisions/default/r001/rendered/release-objects.yaml,resolve digest and record image override/proof receipt before reproducible production OCI delivery
aws-ebs-csi-driver/aws-ebs-csi-driver,2.60.1,default,public.ecr.aws/csi-components/csi-resizer:v2.1.0-eksbuild.6,mutable-tag,apps/v1/Deployment/default/ebs-csi-controller,spec.template.spec.containers.3.image,ae9f0b30339870e7bab818ea4eb299e5393416b5efd5053dd5800017373bb3a7,recipes/aws-ebs-csi-driver/aws-ebs-csi-driver/2.60.1/revisions/default/r001/rendered/release-objects.yaml,resolve digest and record image override/proof receipt before reproducible production OCI delivery
aws-ebs-csi-driver/aws-ebs-csi-driver,2.60.1,default,public.ecr.aws/csi-components/livenessprobe:v2.18.0-eksbuild.6,mutable-tag,apps/v1/DaemonSet/default/ebs-csi-node-windows,spec.template.spec.containers.2.image,ae9f0b30339870e7bab818ea4eb299e5393416b5efd5053dd5800017373bb3a7,recipes/aws-ebs-csi-driver/aws-ebs-csi-driver/2.60.1/revisions/default/r001/rendered/release-objects.yaml,resolve digest and record image override/proof receipt before reproducible production OCI delivery
aws-ebs-csi-driver/aws-ebs-csi-driver,2.60.1,default,public.ecr.aws/csi-components/livenessprobe:v2.18.0-eksbuild.6,mutable-tag,apps/v1/DaemonSet/default/ebs-csi-node,spec.template.spec.containers.2.image,ae9f0b30339870e7bab818ea4eb299e5393416b5efd5053dd5800017373bb3a7,recipes/aws-ebs-csi-driver/aws-ebs-csi-driver/2.60.1/revisions/default/r001/rendered/release-objects.yaml,resolve digest and record image override/proof receipt before reproducible production OCI delivery
aws-ebs-csi-driver/aws-ebs-csi-driver,2.60.1,default,public.ecr.aws/csi-components/livenessprobe:v2.18.0-eksbuild.6,mutable-tag,apps/v1/Deployment/default/ebs-csi-controller,spec.template.spec.containers.4.image,ae9f0b30339870e7bab818ea4eb299e5393416b5efd5053dd5800017373bb3a7,recipes/aws-ebs-csi-driver/aws-ebs-csi-driver/2.60.1/revisions/default/r001/rendered/release-objects.yaml,resolve digest and record image override/proof receipt before reproducible production OCI delivery
aws-ebs-csi-driver/aws-ebs-csi-driver,2.60.1,default,public.ecr.aws/ebs-csi-driver/aws-ebs-csi-driver:v1.60.1,mutable-tag,apps/v1/DaemonSet/default/ebs-csi-node-windows,spec.template.spec.containers.0.image,ae9f0b30339870e7bab818ea4eb299e5393416b5efd5053dd5800017373bb3a7,recipes/aws-ebs-csi-driver/aws-ebs-csi-driver/2.60.1/revisions/default/r001/rendered/release-objects.yaml,resolve digest and record image override/proof receipt before reproducible production OCI delivery
aws-ebs-csi-driver/aws-ebs-csi-driver,2.60.1,default,public.ecr.aws/ebs-csi-driver/aws-ebs-csi-driver:v1.60.1,mutable-tag,apps/v1/DaemonSet/default/ebs-csi-node,spec.template.spec.containers.0.image,ae9f0b30339870e7bab818ea4eb299e5393416b5efd5053dd5800017373bb3a7,recipes/aws-ebs-csi-driver/aws-ebs-csi-driver/2.60.1/revisions/default/r001/rendered/release-objects.yaml,resolve digest and record image override/proof receipt before reproducible production OCI delivery
aws-ebs-csi-driver/aws-ebs-csi-driver,2.60.1,default,public.ecr.aws/ebs-csi-driver/aws-ebs-csi-driver:v1.60.1,mutable-tag,apps/v1/Deployment/default/ebs-csi-controller,spec.template.spec.containers.0.image,ae9f0b30339870e7bab818ea4eb299e5393416b5efd5053dd5800017373bb3a7,recipes/aws-ebs-csi-driver/aws-ebs-csi-driver/2.60.1/revisions/default/r001/rendered/release-objects.yaml,resolve digest and record image override/proof receipt before reproducible production OCI delivery
bitnami/apache,11.4.29,default,docker.io/bitnami/apache:2.4.65-debian-12-r2,mutable-tag,apps/v1/Deployment/default/apache,spec.template.spec.containers.0.image,0b37f6d8ae27b5b341860619b89aa3d78e02d7bd01a2271fab216d4e65be047c,recipes/bitnami/apache/11.4.29/revisions/default/r001/rendered/release-objects.yaml,resolve digest and record image override/proof receipt before reproducible production OCI delivery
bitnami/apache,11.4.29,default,docker.io/bitnami/apache:2.4.65-debian-12-r2,mutable-tag,apps/v1/Deployment/default/apache,spec.template.spec.initContainers.0.image,0b37f6d8ae27b5b341860619b89aa3d78e02d7bd01a2271fab216d4e65be047c,recipes/bitnami/apache/11.4.29/revisions/default/r001/rendered/release-objects.yaml,resolve digest and record image override/proof receipt before reproducible production OCI delivery
bitnami/contour,21.1.4,default,docker.io/bitnami/contour:1.32.1-debian-12-r0,mutable-tag,apps/v1/DaemonSet/default/contour-envoy,spec.template.spec.containers.0.image,f28ab1558939812f833981bce56dfdbd7030428a4bcdd816b0eedb1bd13ffd53,recipes/bitnami/contour/21.1.4/revisions/default/r001/rendered/release-objects.yaml,resolve digest and record image override/proof receipt before reproducible production OCI delivery
bitnami/contour,21.1.4,default,docker.io/bitnami/contour:1.32.1-debian-12-r0,mutable-tag,apps/v1/DaemonSet/default/contour-envoy,spec.template.spec.initContainers.0.image,f28ab1558939812f833981bce56dfdbd7030428a4bcdd816b0eedb1bd13ffd53,recipes/bitnami/contour/21.1.4/revisions/default/r001/rendered/release-objects.yaml,resolve digest and record image override/proof receipt before reproducible production OCI delivery
bitnami/contour,21.1.4,default,docker.io/bitnami/contour:1.32.1-debian-12-r0,mutable-tag,apps/v1/Deployment/default/contour-contour,spec.template.spec.containers.0.image,f28ab1558939812f833981bce56dfdbd7030428a4bcdd816b0eedb1bd13ffd53,recipes/bitnami/contour/21.1.4/revisions/default/r001/rendered/release-objects.yaml,resolve digest and record image override/proof receipt before reproducible production OCI delivery
bitnami/contour,21.1.4,default,docker.io/bitnami/envoy:1.34.5-debian-12-r0,mutable-tag,apps/v1/DaemonSet/default/contour-envoy,spec.template.spec.containers.1.image,f28ab1558939812f833981bce56dfdbd7030428a4bcdd816b0eedb1bd13ffd53,recipes/bitnami/contour/21.1.4/revisions/default/r001/rendered/release-objects.yaml,resolve digest and record image override/proof receipt before reproducible production OCI delivery
bitnami/contour,21.1.4,no-crds,docker.io/bitnami/contour:1.32.1-debian-12-r0,mutable-tag,apps/v1/DaemonSet/default/contour-envoy,spec.template.spec.containers.0.image,c481362a773024134946dc9307db4819ae2ccdd46b8d71e658595b11bb42622f,recipes/bitnami/contour/21.1.4/revisions/no-crds/r001/rendered/release-objects.yaml,resolve digest and record image override/proof receipt before reproducible production OCI delivery
bitnami/contour,21.1.4,no-crds,docker.io/bitnami/contour:1.32.1-debian-12-r0,mutable-tag,apps/v1/DaemonSet/default/contour-envoy,spec.template.spec.initContainers.0.image,c481362a773024134946dc9307db4819ae2ccdd46b8d71e658595b11bb42622f,recipes/bitnami/contour/21.1.4/revisions/no-crds/r001/rendered/release-objects.yaml,resolve digest and record image override/proof receipt before reproducible production OCI delivery
bitnami/contour,21.1.4,no-crds,docker.io/bitnami/contour:1.32.1-debian-12-r0,mutable-tag,apps/v1/Deployment/default/contour-contour,spec.template.spec.containers.0.image,c481362a773024134946dc9307db4819ae2ccdd46b8d71e658595b11bb42622f,recipes/bitnami/contour/21.1.4/revisions/no-crds/r001/rendered/release-objects.yaml,resolve digest and record image override/proof receipt before reproducible production OCI delivery
bitnami/contour,21.1.4,no-crds,docker.io/bitnami/envoy:1.34.5-debian-12-r0,mutable-tag,apps/v1/DaemonSet/default/contour-envoy,spec.template.spec.containers.1.image,c481362a773024134946dc9307db4819ae2ccdd46b8d71e658595b11bb42622f,recipes/bitnami/contour/21.1.4/revisions/no-crds/r001/rendered/release-objects.yaml,resolve digest and record image override/proof receipt before reproducible production OCI delivery
bitnami/elasticsearch,22.1.6,default,docker.io/bitnami/elasticsearch:9.1.2-debian-12-r0,mutable-tag,apps/v1/StatefulSet/default/elasticsearch-coordinating,spec.template.spec.containers.0.image,2dea059172595f3477271eadd1aea69c4274d15a8029a55afb176cb5ffd66217,recipes/bitnami/elasticsearch/22.1.6/revisions/default/r001/rendered/release-objects.yaml,resolve digest and record image override/proof receipt before reproducible production OCI delivery
bitnami/elasticsearch,22.1.6,default,docker.io/bitnami/elasticsearch:9.1.2-debian-12-r0,mutable-tag,apps/v1/StatefulSet/default/elasticsearch-coordinating,spec.template.spec.initContainers.1.image,2dea059172595f3477271eadd1aea69c4274d15a8029a55afb176cb5ffd66217,recipes/bitnami/elasticsearch/22.1.6/revisions/default/r001/rendered/release-objects.yaml,resolve digest and record image override/proof receipt before reproducible production OCI delivery
bitnami/elasticsearch,22.1.6,default,docker.io/bitnami/elasticsearch:9.1.2-debian-12-r0,mutable-tag,apps/v1/StatefulSet/default/elasticsearch-data,spec.template.spec.containers.0.image,2dea059172595f3477271eadd1aea69c4274d15a8029a55afb176cb5ffd66217,recipes/bitnami/elasticsearch/22.1.6/revisions/default/r001/rendered/release-objects.yaml,resolve digest and record image override/proof receipt before reproducible production OCI delivery
bitnami/elasticsearch,22.1.6,default,docker.io/bitnami/elasticsearch:9.1.2-debian-12-r0,mutable-tag,apps/v1/StatefulSet/default/elasticsearch-data,spec.template.spec.initContainers.1.image,2dea059172595f3477271eadd1aea69c4274d15a8029a55afb176cb5ffd66217,recipes/bitnami/elasticsearch/22.1.6/revisions/default/r001/rendered/release-objects.yaml,resolve digest and record image override/proof receipt before reproducible production OCI delivery
bitnami/elasticsearch,22.1.6,default,docker.io/bitnami/elasticsearch:9.1.2-debian-12-r0,mutable-tag,apps/v1/StatefulSet/default/elasticsearch-ingest,spec.template.spec.containers.0.image,2dea059172595f3477271eadd1aea69c4274d15a8029a55afb176cb5ffd66217,recipes/bitnami/elasticsearch/22.1.6/revisions/default/r001/rendered/release-objects.yaml,resolve digest and record image override/proof receipt before reproducible production OCI delivery
bitnami/elasticsearch,22.1.6,default,docker.io/bitnami/elasticsearch:9.1.2-debian-12-r0,mutable-tag,apps/v1/StatefulSet/default/elasticsearch-ingest,spec.template.spec.initContainers.1.image,2dea059172595f3477271eadd1aea69c4274d15a8029a55afb176cb5ffd66217,recipes/bitnami/elasticsearch/22.1.6/revisions/default/r001/rendered/release-objects.yaml,resolve digest and record image override/proof receipt before reproducible production OCI delivery
bitnami/elasticsearch,22.1.6,default,docker.io/bitnami/elasticsearch:9.1.2-debian-12-r0,mutable-tag,apps/v1/StatefulSet/default/elasticsearch-master,spec.template.spec.containers.0.image,2dea059172595f3477271eadd1aea69c4274d15a8029a55afb176cb5ffd66217,recipes/bitnami/elasticsearch/22.1.6/revisions/default/r001/rendered/release-objects.yaml,resolve digest and record image override/proof receipt before reproducible production OCI delivery
bitnami/elasticsearch,22.1.6,default,docker.io/bitnami/elasticsearch:9.1.2-debian-12-r0,mutable-tag,apps/v1/StatefulSet/default/elasticsearch-master,spec.template.spec.initContainers.1.image,2dea059172595f3477271eadd1aea69c4274d15a8029a55afb176cb5ffd66217,recipes/bitnami/elasticsearch/22.1.6/revisions/default/r001/rendered/release-objects.yaml,resolve digest and record image override/proof receipt before reproducible production OCI delivery
bitnami/elasticsearch,22.1.6,default,docker.io/bitnami/os-shell:12-debian-12-r50,mutable-tag,apps/v1/StatefulSet/default/elasticsearch-coordinating,spec.template.spec.initContainers.0.image,2dea059172595f3477271eadd1aea69c4274d15a8029a55afb176cb5ffd66217,recipes/bitnami/elasticsearch/22.1.6/revisions/default/r001/rendered/release-objects.yaml,resolve digest and record image override/proof receipt before reproducible production OCI delivery
bitnami/elasticsearch,22.1.6,default,docker.io/bitnami/os-shell:12-debian-12-r50,mutable-tag,apps/v1/StatefulSet/default/elasticsearch-data,spec.template.spec.initContainers.0.image,2dea059172595f3477271eadd1aea69c4274d15a8029a55afb176cb5ffd66217,recipes/bitnami/elasticsearch/22.1.6/revisions/default/r001/rendered/release-objects.yaml,resolve digest and record image override/proof receipt before reproducible production OCI delivery
bitnami/elasticsearch,22.1.6,default,docker.io/bitnami/os-shell:12-debian-12-r50,mutable-tag,apps/v1/StatefulSet/default/elasticsearch-ingest,spec.template.spec.initContainers.0.image,2dea059172595f3477271eadd1aea69c4274d15a8029a55afb176cb5ffd66217,recipes/bitnami/elasticsearch/22.1.6/revisions/default/r001/rendered/release-objects.yaml,resolve digest and record image override/proof receipt before reproducible production OCI delivery
bitnami/elasticsearch,22.1.6,default,docker.io/bitnami/os-shell:12-debian-12-r50,mutable-tag,apps/v1/StatefulSet/default/elasticsearch-master,spec.template.spec.initContainers.0.image,2dea059172595f3477271eadd1aea69c4274d15a8029a55afb176cb5ffd66217,recipes/bitnami/elasticsearch/22.1.6/revisions/default/r001/rendered/release-objects.yaml,resolve digest and record image override/proof receipt before reproducible production OCI delivery
bitnami/elasticsearch,22.1.6,ha,docker.io/bitnami/elasticsearch:9.1.2-debian-12-r0,mutable-tag,apps/v1/StatefulSet/default/elasticsearch-coordinating,spec.template.spec.containers.0.image,9ae3685e24863d4a3e6b8af8a7c2613d6123c927f9518be12d68370e2d0c3db4,recipes/bitnami/elasticsearch/22.1.6/revisions/ha/r001/rendered/release-objects.yaml,resolve digest and record image override/proof receipt before reproducible production OCI delivery
bitnami/elasticsearch,22.1.6,ha,docker.io/bitnami/elasticsearch:9.1.2-debian-12-r0,mutable-tag,apps/v1/StatefulSet/default/elasticsearch-coordinating,spec.template.spec.initContainers.1.image,9ae3685e24863d4a3e6b8af8a7c2613d6123c927f9518be12d68370e2d0c3db4,recipes/bitnami/elasticsearch/22.1.6/revisions/ha/r001/rendered/release-objects.yaml,resolve digest and record image override/proof receipt before reproducible production OCI delivery
bitnami/elasticsearch,22.1.6,ha,docker.io/bitnami/elasticsearch:9.1.2-debian-12-r0,mutable-tag,apps/v1/StatefulSet/default/elasticsearch-data,spec.template.spec.containers.0.image,9ae3685e24863d4a3e6b8af8a7c2613d6123c927f9518be12d68370e2d0c3db4,recipes/bitnami/elasticsearch/22.1.6/revisions/ha/r001/rendered/release-objects.yaml,resolve digest and record image override/proof receipt before reproducible production OCI delivery
bitnami/elasticsearch,22.1.6,ha,docker.io/bitnami/elasticsearch:9.1.2-debian-12-r0,mutable-tag,apps/v1/StatefulSet/default/elasticsearch-data,spec.template.spec.initContainers.1.image,9ae3685e24863d4a3e6b8af8a7c2613d6123c927f9518be12d68370e2d0c3db4,recipes/bitnami/elasticsearch/22.1.6/revisions/ha/r001/rendered/release-objects.yaml,resolve digest and record image override/proof receipt before reproducible production OCI delivery
bitnami/elasticsearch,22.1.6,ha,docker.io/bitnami/elasticsearch:9.1.2-debian-12-r0,mutable-tag,apps/v1/StatefulSet/default/elasticsearch-ingest,spec.template.spec.containers.0.image,9ae3685e24863d4a3e6b8af8a7c2613d6123c927f9518be12d68370e2d0c3db4,recipes/bitnami/elasticsearch/22.1.6/revisions/ha/r001/rendered/release-objects.yaml,resolve digest and record image override/proof receipt before reproducible production OCI delivery
bitnami/elasticsearch,22.1.6,ha,docker.io/bitnami/elasticsearch:9.1.2-debian-12-r0,mutable-tag,apps/v1/StatefulSet/default/elasticsearch-ingest,spec.template.spec.initContainers.1.image,9ae3685e24863d4a3e6b8af8a7c2613d6123c927f9518be12d68370e2d0c3db4,recipes/bitnami/elasticsearch/22.1.6/revisions/ha/r001/rendered/release-objects.yaml,resolve digest and record image override/proof receipt before reproducible production OCI delivery
bitnami/elasticsearch,22.1.6,ha,docker.io/bitnami/elasticsearch:9.1.2-debian-12-r0,mutable-tag,apps/v1/StatefulSet/default/elasticsearch-master,spec.template.spec.containers.0.image,9ae3685e24863d4a3e6b8af8a7c2613d6123c927f9518be12d68370e2d0c3db4,recipes/bitnami/elasticsearch/22.1.6/revisions/ha/r001/rendered/release-objects.yaml,resolve digest and record image override/proof receipt before reproducible production OCI delivery
bitnami/elasticsearch,22.1.6,ha,docker.io/bitnami/elasticsearch:9.1.2-debian-12-r0,mutable-tag,apps/v1/StatefulSet/default/elasticsearch-master,spec.template.spec.initContainers.1.image,9ae3685e24863d4a3e6b8af8a7c2613d6123c927f9518be12d68370e2d0c3db4,recipes/bitnami/elasticsearch/22.1.6/revisions/ha/r001/rendered/release-objects.yaml,resolve digest and record image override/proof receipt before reproducible production OCI delivery
bitnami/elasticsearch,22.1.6,ha,docker.io/bitnami/os-shell:12-debian-12-r50,mutable-tag,apps/v1/StatefulSet/default/elasticsearch-coordinating,spec.template.spec.initContainers.0.image,9ae3685e24863d4a3e6b8af8a7c2613d6123c927f9518be12d68370e2d0c3db4,recipes/bitnami/elasticsearch/22.1.6/revisions/ha/r001/rendered/release-objects.yaml,resolve digest and record image override/proof receipt before reproducible production OCI delivery
bitnami/elasticsearch,22.1.6,ha,docker.io/bitnami/os-shell:12-debian-12-r50,mutable-tag,apps/v1/StatefulSet/default/elasticsearch-data,spec.template.spec.initContainers.0.image,9ae3685e24863d4a3e6b8af8a7c2613d6123c927f9518be12d68370e2d0c3db4,recipes/bitnami/elasticsearch/22.1.6/revisions/ha/r001/rendered/release-objects.yaml,resolve digest and record image override/proof receipt before reproducible production OCI delivery
bitnami/elasticsearch,22.1.6,ha,docker.io/bitnami/os-shell:12-debian-12-r50,mutable-tag,apps/v1/StatefulSet/default/elasticsearch-ingest,spec.template.spec.initContainers.0.image,9ae3685e24863d4a3e6b8af8a7c2613d6123c927f9518be12d68370e2d0c3db4,recipes/bitnami/elasticsearch/22.1.6/revisions/ha/r001/rendered/release-objects.yaml,resolve digest and record image override/proof receipt before reproducible production OCI delivery
bitnami/elasticsearch,22.1.6,ha,docker.io/bitnami/os-shell:12-debian-12-r50,mutable-tag,apps/v1/StatefulSet/default/elasticsearch-master,spec.template.spec.initContainers.0.image,9ae3685e24863d4a3e6b8af8a7c2613d6123c927f9518be12d68370e2d0c3db4,recipes/bitnami/elasticsearch/22.1.6/revisions/ha/r001/rendered/release-objects.yaml,resolve digest and record image override/proof receipt before reproducible production OCI delivery
bitnami/memcached,8.5.5,default,registry-1.docker.io/bitnami/memcached:latest,floating-latest-or-untagged,apps/v1/Deployment/default/memcached,spec.template.spec.containers.0.image,8cd477e08d9fdd2d56df7832f901d773af4f4313a405330180d7068cd7751558,recipes/bitnami/memcached/8.5.5/revisions/default/r001/rendered/release-objects.yaml,resolve digest and record image override/proof receipt before reproducible production OCI delivery
bitnami/mongodb,19.0.7,existing-secret-replicaset,registry-1.docker.io/bitnami/mongodb@sha256:594309a857f5254bc2ee6b5e538f680696f9c7e2bf20279ca3fec49f682de44e,digest-pinned,apps/v1/StatefulSet/mongodb/mongodb-arbiter,spec.template.spec.containers.0.image,3723a87004e25f813534be469bf648b6d6b80357fb01e47e465f775dcaec9231,recipes/bitnami/mongodb/19.0.7/revisions/existing-secret-replicaset/r001/rendered/release-objects.yaml,none
bitnami/mongodb,19.0.7,existing-secret-replicaset,registry-1.docker.io/bitnami/mongodb@sha256:594309a857f5254bc2ee6b5e538f680696f9c7e2bf20279ca3fec49f682de44e,digest-pinned,apps/v1/StatefulSet/mongodb/mongodb,spec.template.spec.containers.0.image,3723a87004e25f813534be469bf648b6d6b80357fb01e47e465f775dcaec9231,recipes/bitnami/mongodb/19.0.7/revisions/existing-secret-replicaset/r001/rendered/release-objects.yaml,none
bitnami/mongodb,19.0.7,existing-secret-replicaset,registry-1.docker.io/bitnami/mongodb@sha256:594309a857f5254bc2ee6b5e538f680696f9c7e2bf20279ca3fec49f682de44e,digest-pinned,apps/v1/StatefulSet/mongodb/mongodb,spec.template.spec.initContainers.0.image,3723a87004e25f813534be469bf648b6d6b80357fb01e47e465f775dcaec9231,recipes/bitnami/mongodb/19.0.7/revisions/existing-secret-replicaset/r001/rendered/release-objects.yaml,none
bitnami/mongodb,19.0.7,generated-passwords,registry-1.docker.io/bitnami/mongodb@sha256:594309a857f5254bc2ee6b5e538f680696f9c7e2bf20279ca3fec49f682de44e,digest-pinned,apps/v1/Deployment/mongodb/mongodb,spec.template.spec.containers.0.image,ce99d9a7867d5cb7ea0f0f983d092600ec1bb24ce50e969d1032bdbf937e8fdf,recipes/bitnami/mongodb/19.0.7/revisions/generated-passwords/r001/rendered/release-objects.yaml,none
bitnami/mongodb,19.0.7,generated-passwords,registry-1.docker.io/bitnami/mongodb@sha256:594309a857f5254bc2ee6b5e538f680696f9c7e2bf20279ca3fec49f682de44e,digest-pinned,apps/v1/Deployment/mongodb/mongodb,spec.template.spec.initContainers.0.image,ce99d9a7867d5cb7ea0f0f983d092600ec1bb24ce50e969d1032bdbf937e8fdf,recipes/bitnami/mongodb/19.0.7/revisions/generated-passwords/r001/rendered/release-objects.yaml,none
bitnami/mongodb,19.0.9,existing-secret-replicaset,registry-1.docker.io/bitnami/mongodb@sha256:594309a857f5254bc2ee6b5e538f680696f9c7e2bf20279ca3fec49f682de44e,digest-pinned,apps/v1/StatefulSet/mongodb/mongodb-arbiter,spec.template.spec.containers.0.image,ba28659f7a827714941ba587c403de0e7afec7bf77a35512ff751bf6c2fdd3a2,recipes/bitnami/mongodb/19.0.9/revisions/existing-secret-replicaset/r001/rendered/release-objects.yaml,none
bitnami/mongodb,19.0.9,existing-secret-replicaset,registry-1.docker.io/bitnami/mongodb@sha256:594309a857f5254bc2ee6b5e538f680696f9c7e2bf20279ca3fec49f682de44e,digest-pinned,apps/v1/StatefulSet/mongodb/mongodb,spec.template.spec.containers.0.image,ba28659f7a827714941ba587c403de0e7afec7bf77a35512ff751bf6c2fdd3a2,recipes/bitnami/mongodb/19.0.9/revisions/existing-secret-replicaset/r001/rendered/release-objects.yaml,none
bitnami/mongodb,19.0.9,existing-secret-replicaset,registry-1.docker.io/bitnami/mongodb@sha256:594309a857f5254bc2ee6b5e538f680696f9c7e2bf20279ca3fec49f682de44e,digest-pinned,apps/v1/StatefulSet/mongodb/mongodb,spec.template.spec.initContainers.0.image,ba28659f7a827714941ba587c403de0e7afec7bf77a35512ff751bf6c2fdd3a2,recipes/bitnami/mongodb/19.0.9/revisions/existing-secret-replicaset/r001/rendered/release-objects.yaml,none
bitnami/mongodb,19.0.9,generated-passwords,registry-1.docker.io/bitnami/mongodb@sha256:594309a857f5254bc2ee6b5e538f680696f9c7e2bf20279ca3fec49f682de44e,digest-pinned,apps/v1/Deployment/mongodb/mongodb,spec.template.spec.containers.0.image,4c5f0cd0bc6bffd0ff46b15cdb23ce44dba155120b6be46952d7da70ade25a68,recipes/bitnami/mongodb/19.0.9/revisions/generated-passwords/r001/rendered/release-objects.yaml,none
bitnami/mongodb,19.0.9,generated-passwords,registry-1.docker.io/bitnami/mongodb@sha256:594309a857f5254bc2ee6b5e538f680696f9c7e2bf20279ca3fec49f682de44e,digest-pinned,apps/v1/Deployment/mongodb/mongodb,spec.template.spec.initContainers.0.image,4c5f0cd0bc6bffd0ff46b15cdb23ce44dba155120b6be46952d7da70ade25a68,recipes/bitnami/mongodb/19.0.9/revisions/generated-passwords/r001/rendered/release-objects.yaml,none
bitnami/mysql,14.0.3,existing-secret,docker.io/bitnamilegacy/mysql:9.4.0-debian-12-r1,mutable-tag,apps/v1/StatefulSet/mysql/mysql,spec.template.spec.containers.0.image,024c04f020fbe5cc7af518d743a68e055f999e88a6633b278adccc769c1b7fa8,recipes/bitnami/mysql/14.0.3/revisions/existing-secret/r001/rendered/release-objects.yaml,resolve digest and record image override/proof receipt before reproducible production OCI delivery
bitnami/mysql,14.0.3,existing-secret,docker.io/bitnamilegacy/mysql:9.4.0-debian-12-r1,mutable-tag,apps/v1/StatefulSet/mysql/mysql,spec.template.spec.initContainers.0.image,024c04f020fbe5cc7af518d743a68e055f999e88a6633b278adccc769c1b7fa8,recipes/bitnami/mysql/14.0.3/revisions/existing-secret/r001/rendered/release-objects.yaml,resolve digest and record image override/proof receipt before reproducible production OCI delivery
bitnami/mysql,14.0.3,generated-passwords,docker.io/bitnamilegacy/mysql:9.4.0-debian-12-r1,mutable-tag,apps/v1/StatefulSet/mysql/mysql,spec.template.spec.containers.0.image,04e856bfa75859dc9d8e45c61d49ad566494a7f66c257da9113ad26ca1696380,recipes/bitnami/mysql/14.0.3/revisions/generated-passwords/r001/rendered/release-objects.yaml,resolve digest and record image override/proof receipt before reproducible production OCI delivery
bitnami/mysql,14.0.3,generated-passwords,docker.io/bitnamilegacy/mysql:9.4.0-debian-12-r1,mutable-tag,apps/v1/StatefulSet/mysql/mysql,spec.template.spec.initContainers.0.image,04e856bfa75859dc9d8e45c61d49ad566494a7f66c257da9113ad26ca1696380,recipes/bitnami/mysql/14.0.3/revisions/generated-passwords/r001/rendered/release-objects.yaml,resolve digest and record image override/proof receipt before reproducible production OCI delivery
bitnami/nginx,24.0.2,existing-tls-ingress,registry-1.docker.io/bitnami/nginx@sha256:805bcc863fc3f602589fc75cae91eeedebad234d5ce5a476c96b03a747821e7f,digest-pinned,apps/v1/Deployment/nginx/nginx,spec.template.spec.containers.0.image,cb5cdb64d2f05a0f3e2b2d07facc3d08705f86b3a34a3f52c891bdbd28d44e8f,recipes/bitnami/nginx/24.0.2/revisions/existing-tls-ingress/r001/rendered/release-objects.yaml,none
bitnami/nginx,24.0.2,existing-tls-ingress,registry-1.docker.io/bitnami/nginx@sha256:805bcc863fc3f602589fc75cae91eeedebad234d5ce5a476c96b03a747821e7f,digest-pinned,apps/v1/Deployment/nginx/nginx,spec.template.spec.initContainers.0.image,cb5cdb64d2f05a0f3e2b2d07facc3d08705f86b3a34a3f52c891bdbd28d44e8f,recipes/bitnami/nginx/24.0.2/revisions/existing-tls-ingress/r001/rendered/release-objects.yaml,none
bitnami/nginx,24.0.2,http-clusterip,registry-1.docker.io/bitnami/nginx@sha256:805bcc863fc3f602589fc75cae91eeedebad234d5ce5a476c96b03a747821e7f,digest-pinned,apps/v1/Deployment/nginx/nginx,spec.template.spec.containers.0.image,7fb28597f2eea8113612fa9e67ac84760cba1e72c42a4c59e4c25d284e0a94ba,recipes/bitnami/nginx/24.0.2/revisions/http-clusterip/r001/rendered/release-objects.yaml,none
bitnami/nginx,24.0.2,http-clusterip,registry-1.docker.io/bitnami/nginx@sha256:805bcc863fc3f602589fc75cae91eeedebad234d5ce5a476c96b03a747821e7f,digest-pinned,apps/v1/Deployment/nginx/nginx,spec.template.spec.initContainers.0.image,7fb28597f2eea8113612fa9e67ac84760cba1e72c42a4c59e4c25d284e0a94ba,recipes/bitnami/nginx/24.0.2/revisions/http-clusterip/r001/rendered/release-objects.yaml,none
bitnami/nginx,24.0.4,existing-tls-ingress,registry-1.docker.io/bitnami/nginx@sha256:805bcc863fc3f602589fc75cae91eeedebad234d5ce5a476c96b03a747821e7f,digest-pinned,apps/v1/Deployment/nginx/nginx,spec.template.spec.containers.0.image,35c8f535452c33518088a067f035d6249750b0a67245138feaf84d728c94588f,recipes/bitnami/nginx/24.0.4/revisions/existing-tls-ingress/r001/rendered/release-objects.yaml,none
bitnami/nginx,24.0.4,existing-tls-ingress,registry-1.docker.io/bitnami/nginx@sha256:805bcc863fc3f602589fc75cae91eeedebad234d5ce5a476c96b03a747821e7f,digest-pinned,apps/v1/Deployment/nginx/nginx,spec.template.spec.initContainers.0.image,35c8f535452c33518088a067f035d6249750b0a67245138feaf84d728c94588f,recipes/bitnami/nginx/24.0.4/revisions/existing-tls-ingress/r001/rendered/release-objects.yaml,none
bitnami/nginx,24.0.4,http-clusterip,registry-1.docker.io/bitnami/nginx@sha256:805bcc863fc3f602589fc75cae91eeedebad234d5ce5a476c96b03a747821e7f,digest-pinned,apps/v1/Deployment/nginx/nginx,spec.template.spec.containers.0.image,5c175126acf3b7abd9fce0c17791cfce7236eac8f51e9781d20814cad14b0bac,recipes/bitnami/nginx/24.0.4/revisions/http-clusterip/r001/rendered/release-objects.yaml,none
bitnami/nginx,24.0.4,http-clusterip,registry-1.docker.io/bitnami/nginx@sha256:805bcc863fc3f602589fc75cae91eeedebad234d5ce5a476c96b03a747821e7f,digest-pinned,apps/v1/Deployment/nginx/nginx,spec.template.spec.initContainers.0.image,5c175126acf3b7abd9fce0c17791cfce7236eac8f51e9781d20814cad14b0bac,recipes/bitnami/nginx/24.0.4/revisions/http-clusterip/r001/rendered/release-objects.yaml,none
bitnami/opensearch,2.0.10,default,docker.io/bitnami/opensearch:3.2.0-debian-12-r0,mutable-tag,apps/v1/StatefulSet/default/opensearch-coordinating,spec.template.spec.containers.0.image,99c0b24ee1850d1f5a4da323e9924a8a1f9d93a34a97a985d92c954836747afd,recipes/bitnami/opensearch/2.0.10/revisions/default/r001/rendered/release-objects.yaml,resolve digest and record image override/proof receipt before reproducible production OCI delivery
bitnami/opensearch,2.0.10,default,docker.io/bitnami/opensearch:3.2.0-debian-12-r0,mutable-tag,apps/v1/StatefulSet/default/opensearch-coordinating,spec.template.spec.initContainers.1.image,99c0b24ee1850d1f5a4da323e9924a8a1f9d93a34a97a985d92c954836747afd,recipes/bitnami/opensearch/2.0.10/revisions/default/r001/rendered/release-objects.yaml,resolve digest and record image override/proof receipt before reproducible production OCI delivery
bitnami/opensearch,2.0.10,default,docker.io/bitnami/opensearch:3.2.0-debian-12-r0,mutable-tag,apps/v1/StatefulSet/default/opensearch-data,spec.template.spec.containers.0.image,99c0b24ee1850d1f5a4da323e9924a8a1f9d93a34a97a985d92c954836747afd,recipes/bitnami/opensearch/2.0.10/revisions/default/r001/rendered/release-objects.yaml,resolve digest and record image override/proof receipt before reproducible production OCI delivery
bitnami/opensearch,2.0.10,default,docker.io/bitnami/opensearch:3.2.0-debian-12-r0,mutable-tag,apps/v1/StatefulSet/default/opensearch-data,spec.template.spec.initContainers.1.image,99c0b24ee1850d1f5a4da323e9924a8a1f9d93a34a97a985d92c954836747afd,recipes/bitnami/opensearch/2.0.10/revisions/default/r001/rendered/release-objects.yaml,resolve digest and record image override/proof receipt before reproducible production OCI delivery
bitnami/opensearch,2.0.10,default,docker.io/bitnami/opensearch:3.2.0-debian-12-r0,mutable-tag,apps/v1/StatefulSet/default/opensearch-ingest,spec.template.spec.containers.0.image,99c0b24ee1850d1f5a4da323e9924a8a1f9d93a34a97a985d92c954836747afd,recipes/bitnami/opensearch/2.0.10/revisions/default/r001/rendered/release-objects.yaml,resolve digest and record image override/proof receipt before reproducible production OCI delivery
bitnami/opensearch,2.0.10,default,docker.io/bitnami/opensearch:3.2.0-debian-12-r0,mutable-tag,apps/v1/StatefulSet/default/opensearch-ingest,spec.template.spec.initContainers.1.image,99c0b24ee1850d1f5a4da323e9924a8a1f9d93a34a97a985d92c954836747afd,recipes/bitnami/opensearch/2.0.10/revisions/default/r001/rendered/release-objects.yaml,resolve digest and record image override/proof receipt before reproducible production OCI delivery
bitnami/opensearch,2.0.10,default,docker.io/bitnami/opensearch:3.2.0-debian-12-r0,mutable-tag,apps/v1/StatefulSet/default/opensearch-master,spec.template.spec.containers.0.image,99c0b24ee1850d1f5a4da323e9924a8a1f9d93a34a97a985d92c954836747afd,recipes/bitnami/opensearch/2.0.10/revisions/default/r001/rendered/release-objects.yaml,resolve digest and record image override/proof receipt before reproducible production OCI delivery
bitnami/opensearch,2.0.10,default,docker.io/bitnami/opensearch:3.2.0-debian-12-r0,mutable-tag,apps/v1/StatefulSet/default/opensearch-master,spec.template.spec.initContainers.1.image,99c0b24ee1850d1f5a4da323e9924a8a1f9d93a34a97a985d92c954836747afd,recipes/bitnami/opensearch/2.0.10/revisions/default/r001/rendered/release-objects.yaml,resolve digest and record image override/proof receipt before reproducible production OCI delivery
bitnami/opensearch,2.0.10,default,docker.io/bitnami/os-shell:12-debian-12-r51,mutable-tag,apps/v1/StatefulSet/default/opensearch-coordinating,spec.template.spec.initContainers.0.image,99c0b24ee1850d1f5a4da323e9924a8a1f9d93a34a97a985d92c954836747afd,recipes/bitnami/opensearch/2.0.10/revisions/default/r001/rendered/release-objects.yaml,resolve digest and record image override/proof receipt before reproducible production OCI delivery
bitnami/opensearch,2.0.10,default,docker.io/bitnami/os-shell:12-debian-12-r51,mutable-tag,apps/v1/StatefulSet/default/opensearch-data,spec.template.spec.initContainers.0.image,99c0b24ee1850d1f5a4da323e9924a8a1f9d93a34a97a985d92c954836747afd,recipes/bitnami/opensearch/2.0.10/revisions/default/r001/rendered/release-objects.yaml,resolve digest and record image override/proof receipt before reproducible production OCI delivery
bitnami/opensearch,2.0.10,default,docker.io/bitnami/os-shell:12-debian-12-r51,mutable-tag,apps/v1/StatefulSet/default/opensearch-ingest,spec.template.spec.initContainers.0.image,99c0b24ee1850d1f5a4da323e9924a8a1f9d93a34a97a985d92c954836747afd,recipes/bitnami/opensearch/2.0.10/revisions/default/r001/rendered/release-objects.yaml,resolve digest and record image override/proof receipt before reproducible production OCI delivery
bitnami/opensearch,2.0.10,default,docker.io/bitnami/os-shell:12-debian-12-r51,mutable-tag,apps/v1/StatefulSet/default/opensearch-master,spec.template.spec.initContainers.0.image,99c0b24ee1850d1f5a4da323e9924a8a1f9d93a34a97a985d92c954836747afd,recipes/bitnami/opensearch/2.0.10/revisions/default/r001/rendered/release-objects.yaml,resolve digest and record image override/proof receipt before reproducible production OCI delivery
bitnami/opensearch,2.0.10,ha,docker.io/bitnami/opensearch:3.2.0-debian-12-r0,mutable-tag,apps/v1/StatefulSet/default/opensearch-coordinating,spec.template.spec.containers.0.image,c419606d1875905b2e84126b7b1d5d33c18f7cf34c0dd8048ba6e9221db36564,recipes/bitnami/opensearch/2.0.10/revisions/ha/r001/rendered/release-objects.yaml,resolve digest and record image override/proof receipt before reproducible production OCI delivery
bitnami/opensearch,2.0.10,ha,docker.io/bitnami/opensearch:3.2.0-debian-12-r0,mutable-tag,apps/v1/StatefulSet/default/opensearch-coordinating,spec.template.spec.initContainers.1.image,c419606d1875905b2e84126b7b1d5d33c18f7cf34c0dd8048ba6e9221db36564,recipes/bitnami/opensearch/2.0.10/revisions/ha/r001/rendered/release-objects.yaml,resolve digest and record image override/proof receipt before reproducible production OCI delivery
bitnami/opensearch,2.0.10,ha,docker.io/bitnami/opensearch:3.2.0-debian-12-r0,mutable-tag,apps/v1/StatefulSet/default/opensearch-data,spec.template.spec.containers.0.image,c419606d1875905b2e84126b7b1d5d33c18f7cf34c0dd8048ba6e9221db36564,recipes/bitnami/opensearch/2.0.10/revisions/ha/r001/rendered/release-objects.yaml,resolve digest and record image override/proof receipt before reproducible production OCI delivery
bitnami/opensearch,2.0.10,ha,docker.io/bitnami/opensearch:3.2.0-debian-12-r0,mutable-tag,apps/v1/StatefulSet/default/opensearch-data,spec.template.spec.initContainers.1.image,c419606d1875905b2e84126b7b1d5d33c18f7cf34c0dd8048ba6e9221db36564,recipes/bitnami/opensearch/2.0.10/revisions/ha/r001/rendered/release-objects.yaml,resolve digest and record image override/proof receipt before reproducible production OCI delivery
bitnami/opensearch,2.0.10,ha,docker.io/bitnami/opensearch:3.2.0-debian-12-r0,mutable-tag,apps/v1/StatefulSet/default/opensearch-ingest,spec.template.spec.containers.0.image,c419606d1875905b2e84126b7b1d5d33c18f7cf34c0dd8048ba6e9221db36564,recipes/bitnami/opensearch/2.0.10/revisions/ha/r001/rendered/release-objects.yaml,resolve digest and record image override/proof receipt before reproducible production OCI delivery
bitnami/opensearch,2.0.10,ha,docker.io/bitnami/opensearch:3.2.0-debian-12-r0,mutable-tag,apps/v1/StatefulSet/default/opensearch-ingest,spec.template.spec.initContainers.1.image,c419606d1875905b2e84126b7b1d5d33c18f7cf34c0dd8048ba6e9221db36564,recipes/bitnami/opensearch/2.0.10/revisions/ha/r001/rendered/release-objects.yaml,resolve digest and record image override/proof receipt before reproducible production OCI delivery
bitnami/opensearch,2.0.10,ha,docker.io/bitnami/opensearch:3.2.0-debian-12-r0,mutable-tag,apps/v1/StatefulSet/default/opensearch-master,spec.template.spec.containers.0.image,c419606d1875905b2e84126b7b1d5d33c18f7cf34c0dd8048ba6e9221db36564,recipes/bitnami/opensearch/2.0.10/revisions/ha/r001/rendered/release-objects.yaml,resolve digest and record image override/proof receipt before reproducible production OCI delivery
bitnami/opensearch,2.0.10,ha,docker.io/bitnami/opensearch:3.2.0-debian-12-r0,mutable-tag,apps/v1/StatefulSet/default/opensearch-master,spec.template.spec.initContainers.1.image,c419606d1875905b2e84126b7b1d5d33c18f7cf34c0dd8048ba6e9221db36564,recipes/bitnami/opensearch/2.0.10/revisions/ha/r001/rendered/release-objects.yaml,resolve digest and record image override/proof receipt before reproducible production OCI delivery
bitnami/opensearch,2.0.10,ha,docker.io/bitnami/os-shell:12-debian-12-r51,mutable-tag,apps/v1/StatefulSet/default/opensearch-coordinating,spec.template.spec.initContainers.0.image,c419606d1875905b2e84126b7b1d5d33c18f7cf34c0dd8048ba6e9221db36564,recipes/bitnami/opensearch/2.0.10/revisions/ha/r001/rendered/release-objects.yaml,resolve digest and record image override/proof receipt before reproducible production OCI delivery
bitnami/opensearch,2.0.10,ha,docker.io/bitnami/os-shell:12-debian-12-r51,mutable-tag,apps/v1/StatefulSet/default/opensearch-data,spec.template.spec.initContainers.0.image,c419606d1875905b2e84126b7b1d5d33c18f7cf34c0dd8048ba6e9221db36564,recipes/bitnami/opensearch/2.0.10/revisions/ha/r001/rendered/release-objects.yaml,resolve digest and record image override/proof receipt before reproducible production OCI delivery
bitnami/opensearch,2.0.10,ha,docker.io/bitnami/os-shell:12-debian-12-r51,mutable-tag,apps/v1/StatefulSet/default/opensearch-ingest,spec.template.spec.initContainers.0.image,c419606d1875905b2e84126b7b1d5d33c18f7cf34c0dd8048ba6e9221db36564,recipes/bitnami/opensearch/2.0.10/revisions/ha/r001/rendered/release-objects.yaml,resolve digest and record image override/proof receipt before reproducible production OCI delivery
bitnami/opensearch,2.0.10,ha,docker.io/bitnami/os-shell:12-debian-12-r51,mutable-tag,apps/v1/StatefulSet/default/opensearch-master,spec.template.spec.initContainers.0.image,c419606d1875905b2e84126b7b1d5d33c18f7cf34c0dd8048ba6e9221db36564,recipes/bitnami/opensearch/2.0.10/revisions/ha/r001/rendered/release-objects.yaml,resolve digest and record image override/proof receipt before reproducible production OCI delivery
bitnami/phpmyadmin,20.0.0,default,docker.io/bitnami/phpmyadmin:5.2.2-debian-12-r22,mutable-tag,apps/v1/Deployment/default/phpmyadmin,spec.template.spec.containers.0.image,41d8e5dabf8548c2965f32db8fdb6870f07b3e3fd967d641d8dc952f7569eb0a,recipes/bitnami/phpmyadmin/20.0.0/revisions/default/r001/rendered/release-objects.yaml,resolve digest and record image override/proof receipt before reproducible production OCI delivery
bitnami/phpmyadmin,20.0.0,default,docker.io/bitnami/phpmyadmin:5.2.2-debian-12-r22,mutable-tag,apps/v1/Deployment/default/phpmyadmin,spec.template.spec.initContainers.0.image,41d8e5dabf8548c2965f32db8fdb6870f07b3e3fd967d641d8dc952f7569eb0a,recipes/bitnami/phpmyadmin/20.0.0/revisions/default/r001/rendered/release-objects.yaml,resolve digest and record image override/proof receipt before reproducible production OCI delivery
bitnami/postgresql,18.6.10,existing-secret,registry-1.docker.io/bitnami/postgresql@sha256:2d3c068e58f89e0e29c6d41ffa3d00ff253e87a9426662c3ef11d2a0942ee653,digest-pinned,apps/v1/StatefulSet/postgresql/postgresql,spec.template.spec.containers.0.image,dfbd333f2a1842ca8af06c501cf0b9719fd1b121fc5ee87b78a1cd3253f9497a,recipes/bitnami/postgresql/18.6.10/revisions/existing-secret/r001/rendered/release-objects.yaml,none
bitnami/postgresql,18.6.10,generated-passwords,registry-1.docker.io/bitnami/postgresql@sha256:2d3c068e58f89e0e29c6d41ffa3d00ff253e87a9426662c3ef11d2a0942ee653,digest-pinned,apps/v1/StatefulSet/postgresql/postgresql,spec.template.spec.containers.0.image,3813cd50ce20e68fab8ac09137d36e9164c718df62da7eb0b3df35ede0ce7f69,recipes/bitnami/postgresql/18.6.10/revisions/generated-passwords/r001/rendered/release-objects.yaml,none
bitnami/postgresql,18.6.7,existing-secret,registry-1.docker.io/bitnami/postgresql@sha256:2d3c068e58f89e0e29c6d41ffa3d00ff253e87a9426662c3ef11d2a0942ee653,digest-pinned,apps/v1/StatefulSet/postgresql/postgresql,spec.template.spec.containers.0.image,595ce44f8c11b10ad1817bf57141529864efd48318a6a97a6e914d3669bb90dd,recipes/bitnami/postgresql/18.6.7/revisions/existing-secret/r001/rendered/release-objects.yaml,none
bitnami/postgresql,18.6.7,generated-passwords,registry-1.docker.io/bitnami/postgresql@sha256:2d3c068e58f89e0e29c6d41ffa3d00ff253e87a9426662c3ef11d2a0942ee653,digest-pinned,apps/v1/StatefulSet/postgresql/postgresql,spec.template.spec.containers.0.image,db49bd6d27e0deaed0b9e314f0527bc2d9468b7be10f9bbdaad14593f0b65a6b,recipes/bitnami/postgresql/18.6.7/revisions/generated-passwords/r001/rendered/release-objects.yaml,none
bitnami/rabbitmq,16.0.14,existing-secret,docker.io/bitnamilegacy/rabbitmq:4.1.3-debian-12-r1,mutable-tag,apps/v1/StatefulSet/rabbitmq/rabbitmq,spec.template.spec.containers.0.image,cdff3262264844b099e7f4421f1bbd5027360c2d23ba34667506d85255c4b6f2,recipes/bitnami/rabbitmq/16.0.14/revisions/existing-secret/r001/rendered/release-objects.yaml,resolve digest and record image override/proof receipt before reproducible production OCI delivery
bitnami/rabbitmq,16.0.14,existing-secret,docker.io/bitnamilegacy/rabbitmq:4.1.3-debian-12-r1,mutable-tag,apps/v1/StatefulSet/rabbitmq/rabbitmq,spec.template.spec.initContainers.0.image,cdff3262264844b099e7f4421f1bbd5027360c2d23ba34667506d85255c4b6f2,recipes/bitnami/rabbitmq/16.0.14/revisions/existing-secret/r001/rendered/release-objects.yaml,resolve digest and record image override/proof receipt before reproducible production OCI delivery
bitnami/rabbitmq,16.0.14,generated-passwords,docker.io/bitnamilegacy/rabbitmq:4.1.3-debian-12-r1,mutable-tag,apps/v1/StatefulSet/rabbitmq/rabbitmq,spec.template.spec.containers.0.image,81187ce4367f5196ddbaa35ea55b972698f8a474d78a2cdc2908b12290c89f31,recipes/bitnami/rabbitmq/16.0.14/revisions/generated-passwords/r001/rendered/release-objects.yaml,resolve digest and record image override/proof receipt before reproducible production OCI delivery
bitnami/rabbitmq,16.0.14,generated-passwords,docker.io/bitnamilegacy/rabbitmq:4.1.3-debian-12-r1,mutable-tag,apps/v1/StatefulSet/rabbitmq/rabbitmq,spec.template.spec.initContainers.0.image,81187ce4367f5196ddbaa35ea55b972698f8a474d78a2cdc2908b12290c89f31,recipes/bitnami/rabbitmq/16.0.14/revisions/generated-passwords/r001/rendered/release-objects.yaml,resolve digest and record image override/proof receipt before reproducible production OCI delivery
bitnami/redis,25.5.3,default,registry-1.docker.io/bitnami/redis@sha256:6e7a020f1f6504698a7272c58783bdc2c23588c49febbae5aca1bb8dfa10af25,digest-pinned,apps/v1/StatefulSet/redis/redis-master,spec.template.spec.containers.0.image,175caf404c4a005708398d2facd696a8500ef4280c47c682b7bae6273a91272e,recipes/bitnami/redis/25.5.3/revisions/default/r001/rendered/release-objects.yaml,none
bitnami/redis,25.5.3,default,registry-1.docker.io/bitnami/redis@sha256:6e7a020f1f6504698a7272c58783bdc2c23588c49febbae5aca1bb8dfa10af25,digest-pinned,apps/v1/StatefulSet/redis/redis-replicas,spec.template.spec.containers.0.image,175caf404c4a005708398d2facd696a8500ef4280c47c682b7bae6273a91272e,recipes/bitnami/redis/25.5.3/revisions/default/r001/rendered/release-objects.yaml,none
bitnami/redis,25.5.3,reuse-existing-secret,registry-1.docker.io/bitnami/redis@sha256:6e7a020f1f6504698a7272c58783bdc2c23588c49febbae5aca1bb8dfa10af25,digest-pinned,apps/v1/StatefulSet/redis/redis-master,spec.template.spec.containers.0.image,55f424589dfd8581580a51659cdf46e52180961ddbf9f6b7b244d0aacc42546f,recipes/bitnami/redis/25.5.3/revisions/reuse-existing-secret/r001/rendered/release-objects.yaml,none
bitnami/redis,25.5.3,reuse-existing-secret,registry-1.docker.io/bitnami/redis@sha256:6e7a020f1f6504698a7272c58783bdc2c23588c49febbae5aca1bb8dfa10af25,digest-pinned,apps/v1/StatefulSet/redis/redis-replicas,spec.template.spec.containers.0.image,55f424589dfd8581580a51659cdf46e52180961ddbf9f6b7b244d0aacc42546f,recipes/bitnami/redis/25.5.3/revisions/reuse-existing-secret/r001/rendered/release-objects.yaml,none
bitnami/redis,27.0.0,default,registry-1.docker.io/bitnami/redis@sha256:6e7a020f1f6504698a7272c58783bdc2c23588c49febbae5aca1bb8dfa10af25,digest-pinned,apps/v1/StatefulSet/redis/redis-master,spec.template.spec.containers.0.image,758467319ec109764b55ee730ba51a37a2196744f45f5c064f212bfc176178f0,recipes/bitnami/redis/27.0.0/revisions/default/r001/rendered/release-objects.yaml,none
bitnami/redis,27.0.0,default,registry-1.docker.io/bitnami/redis@sha256:6e7a020f1f6504698a7272c58783bdc2c23588c49febbae5aca1bb8dfa10af25,digest-pinned,apps/v1/StatefulSet/redis/redis-replicas,spec.template.spec.containers.0.image,758467319ec109764b55ee730ba51a37a2196744f45f5c064f212bfc176178f0,recipes/bitnami/redis/27.0.0/revisions/default/r001/rendered/release-objects.yaml,none
bitnami/redis,27.0.0,reuse-existing-secret,registry-1.docker.io/bitnami/redis@sha256:6e7a020f1f6504698a7272c58783bdc2c23588c49febbae5aca1bb8dfa10af25,digest-pinned,apps/v1/StatefulSet/redis/redis-master,spec.template.spec.containers.0.image,ff3e9532687b0826784a329dd1b10afea3a7bfd355bced74d5fa9064f7908eb4,recipes/bitnami/redis/27.0.0/revisions/reuse-existing-secret/r001/rendered/release-objects.yaml,none
bitnami/redis,27.0.0,reuse-existing-secret,registry-1.docker.io/bitnami/redis@sha256:6e7a020f1f6504698a7272c58783bdc2c23588c49febbae5aca1bb8dfa10af25,digest-pinned,apps/v1/StatefulSet/redis/redis-replicas,spec.template.spec.containers.0.image,ff3e9532687b0826784a329dd1b10afea3a7bfd355bced74d5fa9064f7908eb4,recipes/bitnami/redis/27.0.0/revisions/reuse-existing-secret/r001/rendered/release-objects.yaml,none
bitnami/spark,10.0.3,default,docker.io/bitnami/spark:4.0.0-debian-12-r20,mutable-tag,apps/v1/StatefulSet/default/spark-master,spec.template.spec.containers.0.image,bec034832a7f2a6c1d2f05aa7bfcf0ce4562dbb274e7b760170df3e80e1ced55,recipes/bitnami/spark/10.0.3/revisions/default/r001/rendered/release-objects.yaml,resolve digest and record image override/proof receipt before reproducible production OCI delivery
bitnami/spark,10.0.3,default,docker.io/bitnami/spark:4.0.0-debian-12-r20,mutable-tag,apps/v1/StatefulSet/default/spark-worker,spec.template.spec.containers.0.image,bec034832a7f2a6c1d2f05aa7bfcf0ce4562dbb274e7b760170df3e80e1ced55,recipes/bitnami/spark/10.0.3/revisions/default/r001/rendered/release-objects.yaml,resolve digest and record image override/proof receipt before reproducible production OCI delivery
bitnami/spark,10.0.3,ha,docker.io/bitnami/spark:4.0.0-debian-12-r20,mutable-tag,apps/v1/StatefulSet/default/spark-master,spec.template.spec.containers.0.image,55b44c0927f07867cba166634cbf1440028df42dabc48870953a2ddc6c2fbe75,recipes/bitnami/spark/10.0.3/revisions/ha/r001/rendered/release-objects.yaml,resolve digest and record image override/proof receipt before reproducible production OCI delivery
bitnami/spark,10.0.3,ha,docker.io/bitnami/spark:4.0.0-debian-12-r20,mutable-tag,apps/v1/StatefulSet/default/spark-worker,spec.template.spec.containers.0.image,55b44c0927f07867cba166634cbf1440028df42dabc48870953a2ddc6c2fbe75,recipes/bitnami/spark/10.0.3/revisions/ha/r001/rendered/release-objects.yaml,resolve digest and record image override/proof receipt before reproducible production OCI delivery
bitnami/zookeeper,13.8.7,default,docker.io/bitnami/zookeeper:3.9.3-debian-12-r21,mutable-tag,apps/v1/StatefulSet/default/zookeeper,spec.template.spec.containers.0.image,67672a9bfa85db38f8485736cd19f80ccec599fc17c2c5bb154e3c2feeb54bdb,recipes/bitnami/zookeeper/13.8.7/revisions/default/r001/rendered/release-objects.yaml,resolve digest and record image override/proof receipt before reproducible production OCI delivery
bitnami/zookeeper,13.8.7,ha,docker.io/bitnami/zookeeper:3.9.3-debian-12-r21,mutable-tag,apps/v1/StatefulSet/default/zookeeper,spec.template.spec.containers.0.image,ac9d09d452d221cb673fcdbc07767e7440402161c0e3a41811db20192768b01f,recipes/bitnami/zookeeper/13.8.7/revisions/ha/r001/rendered/release-objects.yaml,resolve digest and record image override/proof receipt before reproducible production OCI delivery
cloudnative-pg/cloudnative-pg,0.28.2,default,ghcr.io/cloudnative-pg/cloudnative-pg:1.29.1,mutable-tag,apps/v1/Deployment/default/cloudnative-pg,spec.template.spec.containers.0.image,67190a176fe9539df56c63c033cfffb1538a06bc47d8624532a0a980fe50bd46,recipes/cloudnative-pg/cloudnative-pg/0.28.2/revisions/default/r001/rendered/release-objects.yaml,resolve digest and record image override/proof receipt before reproducible production OCI delivery
cloudnative-pg/cloudnative-pg,0.28.2,no-crds,ghcr.io/cloudnative-pg/cloudnative-pg:1.29.1,mutable-tag,apps/v1/Deployment/default/cloudnative-pg,spec.template.spec.containers.0.image,2b48d08cac37e72b6840cff94c0f89c31721c9fa5c124ec2c671614f904b849d,recipes/cloudnative-pg/cloudnative-pg/0.28.2/revisions/no-crds/r001/rendered/release-objects.yaml,resolve digest and record image override/proof receipt before reproducible production OCI delivery
coredns/coredns,1.45.2,default,coredns/coredns:1.13.1,mutable-tag,apps/v1/Deployment/default/coredns,spec.template.spec.containers.0.image,e9d0e20ceb7a6ec8e8189aa63d5fcba50be11360c7b734e57b84ad0556b1ca34,recipes/coredns/coredns/1.45.2/revisions/default/r001/rendered/release-objects.yaml,resolve digest and record image override/proof receipt before reproducible production OCI delivery
crossplane-stable/crossplane,2.3.1,default,xpkg.crossplane.io/crossplane/crossplane:v2.3.1,mutable-tag,apps/v1/Deployment/default/crossplane-rbac-manager,spec.template.spec.containers.0.image,917b3dc2a52c16f26cefebe2b580889944e23461d95d1fbe912e0c7a451fd996,recipes/crossplane-stable/crossplane/2.3.1/revisions/default/r001/rendered/release-objects.yaml,resolve digest and record image override/proof receipt before reproducible production OCI delivery
crossplane-stable/crossplane,2.3.1,default,xpkg.crossplane.io/crossplane/crossplane:v2.3.1,mutable-tag,apps/v1/Deployment/default/crossplane-rbac-manager,spec.template.spec.initContainers.0.image,917b3dc2a52c16f26cefebe2b580889944e23461d95d1fbe912e0c7a451fd996,recipes/crossplane-stable/crossplane/2.3.1/revisions/default/r001/rendered/release-objects.yaml,resolve digest and record image override/proof receipt before reproducible production OCI delivery
crossplane-stable/crossplane,2.3.1,default,xpkg.crossplane.io/crossplane/crossplane:v2.3.1,mutable-tag,apps/v1/Deployment/default/crossplane,spec.template.spec.containers.0.image,917b3dc2a52c16f26cefebe2b580889944e23461d95d1fbe912e0c7a451fd996,recipes/crossplane-stable/crossplane/2.3.1/revisions/default/r001/rendered/release-objects.yaml,resolve digest and record image override/proof receipt before reproducible production OCI delivery
crossplane-stable/crossplane,2.3.1,default,xpkg.crossplane.io/crossplane/crossplane:v2.3.1,mutable-tag,apps/v1/Deployment/default/crossplane,spec.template.spec.initContainers.0.image,917b3dc2a52c16f26cefebe2b580889944e23461d95d1fbe912e0c7a451fd996,recipes/crossplane-stable/crossplane/2.3.1/revisions/default/r001/rendered/release-objects.yaml,resolve digest and record image override/proof receipt before reproducible production OCI delivery
descheduler/descheduler,0.36.0,default,registry.k8s.io/descheduler/descheduler:v0.36.0,mutable-tag,batch/v1/CronJob/default/descheduler,spec.jobTemplate.spec.template.spec.containers.0.image,23cfd1f815897db367d88feb42f54c765ed17f435cb779cd8dec5ecb196da707,recipes/descheduler/descheduler/0.36.0/revisions/default/r001/rendered/release-objects.yaml,resolve digest and record image override/proof receipt before reproducible production OCI delivery
dex/dex,0.24.0,default,ghcr.io/dexidp/dex:v2.44.0,mutable-tag,apps/v1/Deployment/default/dex,spec.template.spec.containers.0.image,5461ff32d1a2a157fd54a958809a06aa73938f52efc8c97f40e866cbc070b2f5,recipes/dex/dex/0.24.0/revisions/default/r001/rendered/release-objects.yaml,resolve digest and record image override/proof receipt before reproducible production OCI delivery
elastic/eck-operator,3.4.0,default,docker.elastic.co/eck/eck-operator:3.4.0,mutable-tag,apps/v1/StatefulSet/default/elastic-operator,spec.template.spec.containers.0.image,11bd8f291f9da0611bf6795dbbbe41a9e4e5ae9fe4cd58e9bad69dd883aee278,recipes/elastic/eck-operator/3.4.0/revisions/default/r001/rendered/release-objects.yaml,resolve digest and record image override/proof receipt before reproducible production OCI delivery
elastic/eck-operator,3.4.0,ha,docker.elastic.co/eck/eck-operator:3.4.0,mutable-tag,apps/v1/StatefulSet/default/elastic-operator,spec.template.spec.containers.0.image,20bc4c9cdd28f35aa9c1f646c0af7bc092faac39f8ce3e3606861b98789ee54a,recipes/elastic/eck-operator/3.4.0/revisions/ha/r001/rendered/release-objects.yaml,resolve digest and record image override/proof receipt before reproducible production OCI delivery
elastic/eck-operator,3.4.0,no-crds,docker.elastic.co/eck/eck-operator:3.4.0,mutable-tag,apps/v1/StatefulSet/default/elastic-operator,spec.template.spec.containers.0.image,6da1150ac5e27b67009e5c20dddf061a5a92af72adfc4551a866fa0d28e23a87,recipes/elastic/eck-operator/3.4.0/revisions/no-crds/r001/rendered/release-objects.yaml,resolve digest and record image override/proof receipt before reproducible production OCI delivery
elastic/filebeat,8.5.1,default,docker.elastic.co/beats/filebeat:8.5.1,mutable-tag,apps/v1/DaemonSet//filebeat-filebeat,spec.template.spec.containers.0.image,690fcc3d2e2d1019f35b7d9ec64ba0783b4dc445a2060c400d49dae6a251e020,recipes/elastic/filebeat/8.5.1/revisions/default/r001/rendered/release-objects.yaml,resolve digest and record image override/proof receipt before reproducible production OCI delivery
elastic/kibana,8.5.1,default,docker.elastic.co/kibana/kibana:8.5.1,mutable-tag,apps/v1/Deployment//kibana-kibana,spec.template.spec.containers.0.image,3c0e03c571ed6c5635edd63244a0085634a30bd73e011e2db802c9d1c63b0cb3,recipes/elastic/kibana/8.5.1/revisions/default/r001/rendered/release-objects.yaml,resolve digest and record image override/proof receipt before reproducible production OCI delivery
elastic/logstash,8.5.1,default,docker.elastic.co/logstash/logstash:8.5.1,mutable-tag,apps/v1/StatefulSet//logstash-logstash,spec.template.spec.containers.0.image,1bb5971d54f2bb9fd05ffe69b339261a9c31e8b81eeba48064a9dbc337fe5ecd,recipes/elastic/logstash/8.5.1/revisions/default/r001/rendered/release-objects.yaml,resolve digest and record image override/proof receipt before reproducible production OCI delivery
elastic/logstash,8.5.1,ha,docker.elastic.co/logstash/logstash:8.5.1,mutable-tag,apps/v1/StatefulSet//logstash-logstash,spec.template.spec.containers.0.image,d65903a7c75f9e3cdaed333b6a2daddcca45d3cc7f80ff09e6b7972a90c3aa70,recipes/elastic/logstash/8.5.1/revisions/ha/r001/rendered/release-objects.yaml,resolve digest and record image override/proof receipt before reproducible production OCI delivery
elastic/metricbeat,8.5.1,default,docker.elastic.co/beats/metricbeat:8.5.1,mutable-tag,apps/v1/DaemonSet//metricbeat-metricbeat,spec.template.spec.containers.0.image,805a258f07a07f1cdef0ee45ee427a06e28cc18380e52368840efeb7b672e939,recipes/elastic/metricbeat/8.5.1/revisions/default/r001/rendered/release-objects.yaml,resolve digest and record image override/proof receipt before reproducible production OCI delivery
elastic/metricbeat,8.5.1,default,docker.elastic.co/beats/metricbeat:8.5.1,mutable-tag,apps/v1/Deployment//metricbeat-metricbeat-metrics,spec.template.spec.containers.0.image,805a258f07a07f1cdef0ee45ee427a06e28cc18380e52368840efeb7b672e939,recipes/elastic/metricbeat/8.5.1/revisions/default/r001/rendered/release-objects.yaml,resolve digest and record image override/proof receipt before reproducible production OCI delivery
elastic/metricbeat,8.5.1,default,k8s.gcr.io/kube-state-metrics/kube-state-metrics:v2.4.1,mutable-tag,apps/v1/Deployment/default/metricbeat-kube-state-metrics,spec.template.spec.containers.0.image,805a258f07a07f1cdef0ee45ee427a06e28cc18380e52368840efeb7b672e939,recipes/elastic/metricbeat/8.5.1/revisions/default/r001/rendered/release-objects.yaml,resolve digest and record image override/proof receipt before reproducible production OCI delivery
external-dns/external-dns,1.21.1,default,registry.k8s.io/external-dns/external-dns:v0.21.0,mutable-tag,apps/v1/Deployment/default/external-dns,spec.template.spec.containers.0.image,764caa006e0e36ed1ad27659090d71a9ca5ff4d671962684b49500971c57ee74,recipes/external-dns/external-dns/1.21.1/revisions/default/r001/rendered/release-objects.yaml,resolve digest and record image override/proof receipt before reproducible production OCI delivery
external-dns/external-dns,1.21.1,dry-run-txt-registry,registry.k8s.io/external-dns/external-dns:v0.21.0,mutable-tag,apps/v1/Deployment/default/external-dns,spec.template.spec.containers.0.image,8e3b831abefa8ca2b8754e4beb16fbc1e369965dc95b8f83e1de76cd8f2a3e62,recipes/external-dns/external-dns/1.21.1/revisions/dry-run-txt-registry/r001/rendered/release-objects.yaml,resolve digest and record image override/proof receipt before reproducible production OCI delivery
external-dns/external-dns,1.21.1,no-crds,registry.k8s.io/external-dns/external-dns:v0.21.0,mutable-tag,apps/v1/Deployment/default/external-dns,spec.template.spec.containers.0.image,1479961761882b58c3cfcb955197ae178c15def12065e35b72023c25ac1dd7cf,recipes/external-dns/external-dns/1.21.1/revisions/no-crds/r001/rendered/release-objects.yaml,resolve digest and record image override/proof receipt before reproducible production OCI delivery
external-secrets/external-secrets,2.5.0,default,ghcr.io/external-secrets/external-secrets:v2.5.0,mutable-tag,apps/v1/Deployment/external-secrets/external-secrets-cert-controller,spec.template.spec.containers.0.image,f1c832a9af788c9d2a7a0b066d76a7d8af253d83f5b0fa39c1aa91271230d3db,recipes/external-secrets/external-secrets/2.5.0/revisions/default/r001/rendered/release-objects.yaml,resolve digest and record image override/proof receipt before reproducible production OCI delivery
external-secrets/external-secrets,2.5.0,default,ghcr.io/external-secrets/external-secrets:v2.5.0,mutable-tag,apps/v1/Deployment/external-secrets/external-secrets-webhook,spec.template.spec.containers.0.image,f1c832a9af788c9d2a7a0b066d76a7d8af253d83f5b0fa39c1aa91271230d3db,recipes/external-secrets/external-secrets/2.5.0/revisions/default/r001/rendered/release-objects.yaml,resolve digest and record image override/proof receipt before reproducible production OCI delivery
external-secrets/external-secrets,2.5.0,default,ghcr.io/external-secrets/external-secrets:v2.5.0,mutable-tag,apps/v1/Deployment/external-secrets/external-secrets,spec.template.spec.containers.0.image,f1c832a9af788c9d2a7a0b066d76a7d8af253d83f5b0fa39c1aa91271230d3db,recipes/external-secrets/external-secrets/2.5.0/revisions/default/r001/rendered/release-objects.yaml,resolve digest and record image override/proof receipt before reproducible production OCI delivery
external-secrets/external-secrets,2.5.0,no-crds,ghcr.io/external-secrets/external-secrets:v2.5.0,mutable-tag,apps/v1/Deployment/external-secrets/external-secrets-cert-controller,spec.template.spec.containers.0.image,da5857fba93e0394594d7e072b31e3cf28985392b5cc0443730a23b722d7670b,recipes/external-secrets/external-secrets/2.5.0/revisions/no-crds/r001/rendered/release-objects.yaml,resolve digest and record image override/proof receipt before reproducible production OCI delivery
external-secrets/external-secrets,2.5.0,no-crds,ghcr.io/external-secrets/external-secrets:v2.5.0,mutable-tag,apps/v1/Deployment/external-secrets/external-secrets-webhook,spec.template.spec.containers.0.image,da5857fba93e0394594d7e072b31e3cf28985392b5cc0443730a23b722d7670b,recipes/external-secrets/external-secrets/2.5.0/revisions/no-crds/r001/rendered/release-objects.yaml,resolve digest and record image override/proof receipt before reproducible production OCI delivery
external-secrets/external-secrets,2.5.0,no-crds,ghcr.io/external-secrets/external-secrets:v2.5.0,mutable-tag,apps/v1/Deployment/external-secrets/external-secrets,spec.template.spec.containers.0.image,da5857fba93e0394594d7e072b31e3cf28985392b5cc0443730a23b722d7670b,recipes/external-secrets/external-secrets/2.5.0/revisions/no-crds/r001/rendered/release-objects.yaml,resolve digest and record image override/proof receipt before reproducible production OCI delivery
fairwinds-stable/goldilocks,10.3.0,default,us-docker.pkg.dev/fairwinds-ops/oss/goldilocks:v4.14.1,mutable-tag,apps/v1/Deployment/default/goldilocks-controller,spec.template.spec.containers.0.image,5939f53dfe4e6c888630fc4c30fcc478e4786a56cb0092139c418510da17d7a5,recipes/fairwinds-stable/goldilocks/10.3.0/revisions/default/r001/rendered/release-objects.yaml,resolve digest and record image override/proof receipt before reproducible production OCI delivery
fairwinds-stable/goldilocks,10.3.0,default,us-docker.pkg.dev/fairwinds-ops/oss/goldilocks:v4.14.1,mutable-tag,apps/v1/Deployment/default/goldilocks-dashboard,spec.template.spec.containers.0.image,5939f53dfe4e6c888630fc4c30fcc478e4786a56cb0092139c418510da17d7a5,recipes/fairwinds-stable/goldilocks/10.3.0/revisions/default/r001/rendered/release-objects.yaml,resolve digest and record image override/proof receipt before reproducible production OCI delivery
fairwinds-stable/vpa,4.11.0,default,registry.k8s.io/autoscaling/vpa-admission-controller:1.6.0,mutable-tag,apps/v1/Deployment/default/vpa-admission-controller,spec.template.spec.containers.0.image,9fc49375853347271950b87624ed5215a97a56370dc361b14d22f7efb157a48b,recipes/fairwinds-stable/vpa/4.11.0/revisions/default/r001/rendered/release-objects.yaml,resolve digest and record image override/proof receipt before reproducible production OCI delivery
fairwinds-stable/vpa,4.11.0,default,registry.k8s.io/autoscaling/vpa-recommender:1.6.0,mutable-tag,apps/v1/Deployment/default/vpa-recommender,spec.template.spec.containers.0.image,9fc49375853347271950b87624ed5215a97a56370dc361b14d22f7efb157a48b,recipes/fairwinds-stable/vpa/4.11.0/revisions/default/r001/rendered/release-objects.yaml,resolve digest and record image override/proof receipt before reproducible production OCI delivery
fairwinds-stable/vpa,4.11.0,default,registry.k8s.io/autoscaling/vpa-updater:1.6.0,mutable-tag,apps/v1/Deployment/default/vpa-updater,spec.template.spec.containers.0.image,9fc49375853347271950b87624ed5215a97a56370dc361b14d22f7efb157a48b,recipes/fairwinds-stable/vpa/4.11.0/revisions/default/r001/rendered/release-objects.yaml,resolve digest and record image override/proof receipt before reproducible production OCI delivery
fairwinds-stable/vpa,4.11.0,no-crds,registry.k8s.io/autoscaling/vpa-admission-controller:1.6.0,mutable-tag,apps/v1/Deployment/default/vpa-admission-controller,spec.template.spec.containers.0.image,bf99b3e1df92e9ba5da5ab284c98749da9618c5c55358dff3021639057119187,recipes/fairwinds-stable/vpa/4.11.0/revisions/no-crds/r001/rendered/release-objects.yaml,resolve digest and record image override/proof receipt before reproducible production OCI delivery
fairwinds-stable/vpa,4.11.0,no-crds,registry.k8s.io/autoscaling/vpa-recommender:1.6.0,mutable-tag,apps/v1/Deployment/default/vpa-recommender,spec.template.spec.containers.0.image,bf99b3e1df92e9ba5da5ab284c98749da9618c5c55358dff3021639057119187,recipes/fairwinds-stable/vpa/4.11.0/revisions/no-crds/r001/rendered/release-objects.yaml,resolve digest and record image override/proof receipt before reproducible production OCI delivery
fairwinds-stable/vpa,4.11.0,no-crds,registry.k8s.io/autoscaling/vpa-updater:1.6.0,mutable-tag,apps/v1/Deployment/default/vpa-updater,spec.template.spec.containers.0.image,bf99b3e1df92e9ba5da5ab284c98749da9618c5c55358dff3021639057119187,recipes/fairwinds-stable/vpa/4.11.0/revisions/no-crds/r001/rendered/release-objects.yaml,resolve digest and record image override/proof receipt before reproducible production OCI delivery
falcosecurity/falco,9.0.0,default,docker.io/falcosecurity/falco-driver-loader:0.44.0,mutable-tag,apps/v1/DaemonSet/default/falco,spec.template.spec.initContainers.0.image,e417f53227667413d5d51b89157f00c603af2cd613e282816c27df69408f7648,recipes/falcosecurity/falco/9.0.0/revisions/default/r001/rendered/release-objects.yaml,resolve digest and record image override/proof receipt before reproducible production OCI delivery
falcosecurity/falco,9.0.0,default,docker.io/falcosecurity/falco:0.44.0,mutable-tag,apps/v1/DaemonSet/default/falco,spec.template.spec.containers.0.image,e417f53227667413d5d51b89157f00c603af2cd613e282816c27df69408f7648,recipes/falcosecurity/falco/9.0.0/revisions/default/r001/rendered/release-objects.yaml,resolve digest and record image override/proof receipt before reproducible production OCI delivery
falcosecurity/falco,9.0.0,default,docker.io/falcosecurity/falcoctl:0.13.0,mutable-tag,apps/v1/DaemonSet/default/falco,spec.template.spec.containers.1.image,e417f53227667413d5d51b89157f00c603af2cd613e282816c27df69408f7648,recipes/falcosecurity/falco/9.0.0/revisions/default/r001/rendered/release-objects.yaml,resolve digest and record image override/proof receipt before reproducible production OCI delivery
falcosecurity/falco,9.0.0,default,docker.io/falcosecurity/falcoctl:0.13.0,mutable-tag,apps/v1/DaemonSet/default/falco,spec.template.spec.initContainers.1.image,e417f53227667413d5d51b89157f00c603af2cd613e282816c27df69408f7648,recipes/falcosecurity/falco/9.0.0/revisions/default/r001/rendered/release-objects.yaml,resolve digest and record image override/proof receipt before reproducible production OCI delivery
falcosecurity/falcosidekick,0.13.1,default,docker.io/falcosecurity/falcosidekick:2.32.0,mutable-tag,apps/v1/Deployment/default/falcosidekick,spec.template.spec.containers.0.image,7a657f26e36fdc7b72d0ec1ba0831010739e3f84677af99e7397a500a414d0b4,recipes/falcosecurity/falcosidekick/0.13.1/revisions/default/r001/rendered/release-objects.yaml,resolve digest and record image override/proof receipt before reproducible production OCI delivery
fluent/fluent-bit,0.57.6,default,cr.fluentbit.io/fluent/fluent-bit:5.0.6,mutable-tag,apps/v1/DaemonSet/default/fluent-bit,spec.template.spec.containers.0.image,464d9136c0ba9e845fd81c1dbea556e717d47930d7cb58755de67ead7f8f2a2b,recipes/fluent/fluent-bit/0.57.6/revisions/default/r001/rendered/release-objects.yaml,resolve digest and record image override/proof receipt before reproducible production OCI delivery
fluent/fluentd,0.5.3,default,fluent/fluentd-kubernetes-daemonset:v1.17.1-debian-elasticsearch7-1.2,mutable-tag,apps/v1/DaemonSet//fluentd,spec.template.spec.containers.0.image,9d7c1ec5d0f201623aa61a0fa2adcb477bac4b7366f5a9b87d9b4a3754c2491a,recipes/fluent/fluentd/0.5.3/revisions/default/r001/rendered/release-objects.yaml,resolve digest and record image override/proof receipt before reproducible production OCI delivery
gatekeeper/gatekeeper,3.22.2,default,openpolicyagent/gatekeeper:v3.22.2,mutable-tag,apps/v1/Deployment/default/gatekeeper-audit,spec.template.spec.containers.0.image,757e7fe97f5331bd964463ed228d147bdc090f3bb6d7c34b319522124efd2e5d,recipes/gatekeeper/gatekeeper/3.22.2/revisions/default/r001/rendered/release-objects.yaml,resolve digest and record image override/proof receipt before reproducible production OCI delivery
gatekeeper/gatekeeper,3.22.2,default,openpolicyagent/gatekeeper:v3.22.2,mutable-tag,apps/v1/Deployment/default/gatekeeper-controller-manager,spec.template.spec.containers.0.image,757e7fe97f5331bd964463ed228d147bdc090f3bb6d7c34b319522124efd2e5d,recipes/gatekeeper/gatekeeper/3.22.2/revisions/default/r001/rendered/release-objects.yaml,resolve digest and record image override/proof receipt before reproducible production OCI delivery
gatekeeper/gatekeeper,3.22.2,no-crds,openpolicyagent/gatekeeper:v3.22.2,mutable-tag,apps/v1/Deployment/default/gatekeeper-audit,spec.template.spec.containers.0.image,ab5488411d047ab53e8c5c5cece3730c66ce7c8f9cb3ff9da1135d64eca97e1c,recipes/gatekeeper/gatekeeper/3.22.2/revisions/no-crds/r001/rendered/release-objects.yaml,resolve digest and record image override/proof receipt before reproducible production OCI delivery
gatekeeper/gatekeeper,3.22.2,no-crds,openpolicyagent/gatekeeper:v3.22.2,mutable-tag,apps/v1/Deployment/default/gatekeeper-controller-manager,spec.template.spec.containers.0.image,ab5488411d047ab53e8c5c5cece3730c66ce7c8f9cb3ff9da1135d64eca97e1c,recipes/gatekeeper/gatekeeper/3.22.2/revisions/no-crds/r001/rendered/release-objects.yaml,resolve digest and record image override/proof receipt before reproducible production OCI delivery
gitlab/gitlab-runner,0.89.0,default,registry.gitlab.com/gitlab-org/gitlab-runner:alpine-v19.0.0,mutable-tag,apps/v1/Deployment/default/gitlab-runner,spec.template.spec.containers.0.image,ad0d78b72ba8c9c6d896ee2faf620db82e9c52d2794f3dbbcbe6f3705c43d95e,recipes/gitlab/gitlab-runner/0.89.0/revisions/default/r001/rendered/release-objects.yaml,resolve digest and record image override/proof receipt before reproducible production OCI delivery
grafana/alloy,1.8.2,default,docker.io/grafana/alloy:v1.16.1,mutable-tag,apps/v1/DaemonSet/default/alloy,spec.template.spec.containers.0.image,984319325f620b099f091df4c45ef851f0dd7593526f146d5271dbf477f7f37b,recipes/grafana/alloy/1.8.2/revisions/default/r001/rendered/release-objects.yaml,resolve digest and record image override/proof receipt before reproducible production OCI delivery
grafana/alloy,1.8.2,default,quay.io/prometheus-operator/prometheus-config-reloader:v0.91.0@sha256:7d9e4eea5f1139e602508871f422b0116c60e87c662f3dcd234d5ab60cd0d8c1,digest-pinned,apps/v1/DaemonSet/default/alloy,spec.template.spec.containers.1.image,984319325f620b099f091df4c45ef851f0dd7593526f146d5271dbf477f7f37b,recipes/grafana/alloy/1.8.2/revisions/default/r001/rendered/release-objects.yaml,none
grafana/alloy,1.8.2,no-crds,docker.io/grafana/alloy:v1.16.1,mutable-tag,apps/v1/DaemonSet/default/alloy,spec.template.spec.containers.0.image,3284915e4cee6101e8279e10a5ef11937e6d860b01b95549079d809f64a17e22,recipes/grafana/alloy/1.8.2/revisions/no-crds/r001/rendered/release-objects.yaml,resolve digest and record image override/proof receipt before reproducible production OCI delivery
grafana/alloy,1.8.2,no-crds,quay.io/prometheus-operator/prometheus-config-reloader:v0.91.0@sha256:7d9e4eea5f1139e602508871f422b0116c60e87c662f3dcd234d5ab60cd0d8c1,digest-pinned,apps/v1/DaemonSet/default/alloy,spec.template.spec.containers.1.image,3284915e4cee6101e8279e10a5ef11937e6d860b01b95549079d809f64a17e22,recipes/grafana/alloy/1.8.2/revisions/no-crds/r001/rendered/release-objects.yaml,none
grafana/grafana,10.5.15,existing-secret-ingress,docker.io/grafana/grafana:12.3.1,mutable-tag,apps/v1/Deployment/grafana/grafana,spec.template.spec.containers.0.image,04b1fc4abd47d12c2eef1e06e7f4dc7cb2dd6ffd639a7a8967bda1c98a00fb60,recipes/grafana/grafana/10.5.15/revisions/existing-secret-ingress/r001/rendered/release-objects.yaml,resolve digest and record image override/proof receipt before reproducible production OCI delivery
grafana/grafana,10.5.15,generated-passwords,docker.io/grafana/grafana:12.3.1,mutable-tag,apps/v1/Deployment/grafana/grafana,spec.template.spec.containers.0.image,893351c9b8cad0a10b0176a946bf514a76c5895bdb2d88a31bdd53a94288066d,recipes/grafana/grafana/10.5.15/revisions/generated-passwords/r001/rendered/release-objects.yaml,resolve digest and record image override/proof receipt before reproducible production OCI delivery
grafana/loki,7.0.0,simple-scalable-minio,docker.io/grafana/loki-canary:3.6.7,mutable-tag,apps/v1/DaemonSet/loki/loki-canary,spec.template.spec.containers.0.image,91787d0999a776a5b32de6fa06264eb4ba43bc520a66f82234a07cdf94c2f207,recipes/grafana/loki/7.0.0/revisions/simple-scalable-minio/r001/rendered/release-objects.yaml,resolve digest and record image override/proof receipt before reproducible production OCI delivery
grafana/loki,7.0.0,simple-scalable-minio,docker.io/grafana/loki:3.6.7,mutable-tag,apps/v1/Deployment/loki/loki-read,spec.template.spec.containers.0.image,91787d0999a776a5b32de6fa06264eb4ba43bc520a66f82234a07cdf94c2f207,recipes/grafana/loki/7.0.0/revisions/simple-scalable-minio/r001/rendered/release-objects.yaml,resolve digest and record image override/proof receipt before reproducible production OCI delivery
grafana/loki,7.0.0,simple-scalable-minio,docker.io/grafana/loki:3.6.7,mutable-tag,apps/v1/StatefulSet/loki/loki-backend,spec.template.spec.containers.0.image,91787d0999a776a5b32de6fa06264eb4ba43bc520a66f82234a07cdf94c2f207,recipes/grafana/loki/7.0.0/revisions/simple-scalable-minio/r001/rendered/release-objects.yaml,resolve digest and record image override/proof receipt before reproducible production OCI delivery
grafana/loki,7.0.0,simple-scalable-minio,docker.io/grafana/loki:3.6.7,mutable-tag,apps/v1/StatefulSet/loki/loki-write,spec.template.spec.containers.0.image,91787d0999a776a5b32de6fa06264eb4ba43bc520a66f82234a07cdf94c2f207,recipes/grafana/loki/7.0.0/revisions/simple-scalable-minio/r001/rendered/release-objects.yaml,resolve digest and record image override/proof receipt before reproducible production OCI delivery
grafana/loki,7.0.0,simple-scalable-minio,docker.io/kiwigrid/k8s-sidecar:2.5.0,mutable-tag,apps/v1/StatefulSet/loki/loki-backend,spec.template.spec.containers.1.image,91787d0999a776a5b32de6fa06264eb4ba43bc520a66f82234a07cdf94c2f207,recipes/grafana/loki/7.0.0/revisions/simple-scalable-minio/r001/rendered/release-objects.yaml,resolve digest and record image override/proof receipt before reproducible production OCI delivery
grafana/loki,7.0.0,simple-scalable-minio,docker.io/nginxinc/nginx-unprivileged:1.29-alpine,mutable-tag,apps/v1/Deployment/loki/loki-gateway,spec.template.spec.containers.0.image,91787d0999a776a5b32de6fa06264eb4ba43bc520a66f82234a07cdf94c2f207,recipes/grafana/loki/7.0.0/revisions/simple-scalable-minio/r001/rendered/release-objects.yaml,resolve digest and record image override/proof receipt before reproducible production OCI delivery
grafana/loki,7.0.0,simple-scalable-minio,docker.io/pgsty/minio:RELEASE.2026-03-14T12-00-00Z,mutable-tag,apps/v1/StatefulSet//loki-minio,spec.template.spec.containers.0.image,91787d0999a776a5b32de6fa06264eb4ba43bc520a66f82234a07cdf94c2f207,recipes/grafana/loki/7.0.0/revisions/simple-scalable-minio/r001/rendered/release-objects.yaml,resolve digest and record image override/proof receipt before reproducible production OCI delivery
grafana/loki,7.0.0,simple-scalable-minio,memcached:1.6.39-alpine,mutable-tag,apps/v1/StatefulSet/loki/loki-chunks-cache,spec.template.spec.containers.0.image,91787d0999a776a5b32de6fa06264eb4ba43bc520a66f82234a07cdf94c2f207,recipes/grafana/loki/7.0.0/revisions/simple-scalable-minio/r001/rendered/release-objects.yaml,resolve digest and record image override/proof receipt before reproducible production OCI delivery
grafana/loki,7.0.0,simple-scalable-minio,memcached:1.6.39-alpine,mutable-tag,apps/v1/StatefulSet/loki/loki-results-cache,spec.template.spec.containers.0.image,91787d0999a776a5b32de6fa06264eb4ba43bc520a66f82234a07cdf94c2f207,recipes/grafana/loki/7.0.0/revisions/simple-scalable-minio/r001/rendered/release-objects.yaml,resolve digest and record image override/proof receipt before reproducible production OCI delivery
grafana/loki,7.0.0,simple-scalable-minio,prom/memcached-exporter:v0.15.4,mutable-tag,apps/v1/StatefulSet/loki/loki-chunks-cache,spec.template.spec.containers.1.image,91787d0999a776a5b32de6fa06264eb4ba43bc520a66f82234a07cdf94c2f207,recipes/grafana/loki/7.0.0/revisions/simple-scalable-minio/r001/rendered/release-objects.yaml,resolve digest and record image override/proof receipt before reproducible production OCI delivery
grafana/loki,7.0.0,simple-scalable-minio,prom/memcached-exporter:v0.15.4,mutable-tag,apps/v1/StatefulSet/loki/loki-results-cache,spec.template.spec.containers.1.image,91787d0999a776a5b32de6fa06264eb4ba43bc520a66f82234a07cdf94c2f207,recipes/grafana/loki/7.0.0/revisions/simple-scalable-minio/r001/rendered/release-objects.yaml,resolve digest and record image override/proof receipt before reproducible production OCI delivery
grafana/loki,7.0.0,single-binary-filesystem,docker.io/grafana/loki-canary:3.6.7,mutable-tag,apps/v1/DaemonSet/loki/loki-canary,spec.template.spec.containers.0.image,6c1e4c38271f2c48cb66ac6e39be8643524e774fec8cf363875c66bf3ea2bb30,recipes/grafana/loki/7.0.0/revisions/single-binary-filesystem/r001/rendered/release-objects.yaml,resolve digest and record image override/proof receipt before reproducible production OCI delivery
grafana/loki,7.0.0,single-binary-filesystem,docker.io/grafana/loki:3.6.7,mutable-tag,apps/v1/StatefulSet/loki/loki,spec.template.spec.containers.0.image,6c1e4c38271f2c48cb66ac6e39be8643524e774fec8cf363875c66bf3ea2bb30,recipes/grafana/loki/7.0.0/revisions/single-binary-filesystem/r001/rendered/release-objects.yaml,resolve digest and record image override/proof receipt before reproducible production OCI delivery
grafana/loki,7.0.0,single-binary-filesystem,docker.io/kiwigrid/k8s-sidecar:2.5.0,mutable-tag,apps/v1/StatefulSet/loki/loki,spec.template.spec.containers.1.image,6c1e4c38271f2c48cb66ac6e39be8643524e774fec8cf363875c66bf3ea2bb30,recipes/grafana/loki/7.0.0/revisions/single-binary-filesystem/r001/rendered/release-objects.yaml,resolve digest and record image override/proof receipt before reproducible production OCI delivery
grafana/loki,7.0.0,single-binary-filesystem,docker.io/nginxinc/nginx-unprivileged:1.29-alpine,mutable-tag,apps/v1/Deployment/loki/loki-gateway,spec.template.spec.containers.0.image,6c1e4c38271f2c48cb66ac6e39be8643524e774fec8cf363875c66bf3ea2bb30,recipes/grafana/loki/7.0.0/revisions/single-binary-filesystem/r001/rendered/release-objects.yaml,resolve digest and record image override/proof receipt before reproducible production OCI delivery
grafana/loki,7.0.0,single-binary-filesystem,memcached:1.6.39-alpine,mutable-tag,apps/v1/StatefulSet/loki/loki-chunks-cache,spec.template.spec.containers.0.image,6c1e4c38271f2c48cb66ac6e39be8643524e774fec8cf363875c66bf3ea2bb30,recipes/grafana/loki/7.0.0/revisions/single-binary-filesystem/r001/rendered/release-objects.yaml,resolve digest and record image override/proof receipt before reproducible production OCI delivery
grafana/loki,7.0.0,single-binary-filesystem,memcached:1.6.39-alpine,mutable-tag,apps/v1/StatefulSet/loki/loki-results-cache,spec.template.spec.containers.0.image,6c1e4c38271f2c48cb66ac6e39be8643524e774fec8cf363875c66bf3ea2bb30,recipes/grafana/loki/7.0.0/revisions/single-binary-filesystem/r001/rendered/release-objects.yaml,resolve digest and record image override/proof receipt before reproducible production OCI delivery
grafana/loki,7.0.0,single-binary-filesystem,prom/memcached-exporter:v0.15.4,mutable-tag,apps/v1/StatefulSet/loki/loki-chunks-cache,spec.template.spec.containers.1.image,6c1e4c38271f2c48cb66ac6e39be8643524e774fec8cf363875c66bf3ea2bb30,recipes/grafana/loki/7.0.0/revisions/single-binary-filesystem/r001/rendered/release-objects.yaml,resolve digest and record image override/proof receipt before reproducible production OCI delivery
grafana/loki,7.0.0,single-binary-filesystem,prom/memcached-exporter:v0.15.4,mutable-tag,apps/v1/StatefulSet/loki/loki-results-cache,spec.template.spec.containers.1.image,6c1e4c38271f2c48cb66ac6e39be8643524e774fec8cf363875c66bf3ea2bb30,recipes/grafana/loki/7.0.0/revisions/single-binary-filesystem/r001/rendered/release-objects.yaml,resolve digest and record image override/proof receipt before reproducible production OCI delivery
grafana/promtail,6.17.1,default,docker.io/grafana/promtail:3.5.1,mutable-tag,apps/v1/DaemonSet/default/promtail,spec.template.spec.containers.0.image,06ff3623536aeca2cb083040a0b0c22d6627e57cd6600f3f3482dd1e7d56eb35,recipes/grafana/promtail/6.17.1/revisions/default/r001/rendered/release-objects.yaml,resolve digest and record image override/proof receipt before reproducible production OCI delivery
grafana/pyroscope,2.0.2,default,docker.io/grafana/alloy:v1.12.2,mutable-tag,apps/v1/StatefulSet/default/pyroscope-alloy,spec.template.spec.containers.0.image,24d78308d5476731eefba9ac71cee442cf9aeb21f16443557d9a6d9574449df5,recipes/grafana/pyroscope/2.0.2/revisions/default/r001/rendered/release-objects.yaml,resolve digest and record image override/proof receipt before reproducible production OCI delivery
grafana/pyroscope,2.0.2,default,grafana/pyroscope:2.0.2,mutable-tag,apps/v1/StatefulSet/default/pyroscope,spec.template.spec.containers.0.image,24d78308d5476731eefba9ac71cee442cf9aeb21f16443557d9a6d9574449df5,recipes/grafana/pyroscope/2.0.2/revisions/default/r001/rendered/release-objects.yaml,resolve digest and record image override/proof receipt before reproducible production OCI delivery
grafana/pyroscope,2.0.2,default,quay.io/prometheus-operator/prometheus-config-reloader:v0.81.0,mutable-tag,apps/v1/StatefulSet/default/pyroscope-alloy,spec.template.spec.containers.1.image,24d78308d5476731eefba9ac71cee442cf9aeb21f16443557d9a6d9574449df5,recipes/grafana/pyroscope/2.0.2/revisions/default/r001/rendered/release-objects.yaml,resolve digest and record image override/proof receipt before reproducible production OCI delivery
grafana/pyroscope,2.0.2,ha,docker.io/grafana/alloy:v1.12.2,mutable-tag,apps/v1/StatefulSet/default/pyroscope-alloy,spec.template.spec.containers.0.image,4525b9a04718d1de62dbc12a161ec2f0cd119a36d68f69c0f481400d43e031cf,recipes/grafana/pyroscope/2.0.2/revisions/ha/r001/rendered/release-objects.yaml,resolve digest and record image override/proof receipt before reproducible production OCI delivery
grafana/pyroscope,2.0.2,ha,grafana/pyroscope:2.0.2,mutable-tag,apps/v1/StatefulSet/default/pyroscope,spec.template.spec.containers.0.image,4525b9a04718d1de62dbc12a161ec2f0cd119a36d68f69c0f481400d43e031cf,recipes/grafana/pyroscope/2.0.2/revisions/ha/r001/rendered/release-objects.yaml,resolve digest and record image override/proof receipt before reproducible production OCI delivery
grafana/pyroscope,2.0.2,ha,quay.io/prometheus-operator/prometheus-config-reloader:v0.81.0,mutable-tag,apps/v1/StatefulSet/default/pyroscope-alloy,spec.template.spec.containers.1.image,4525b9a04718d1de62dbc12a161ec2f0cd119a36d68f69c0f481400d43e031cf,recipes/grafana/pyroscope/2.0.2/revisions/ha/r001/rendered/release-objects.yaml,resolve digest and record image override/proof receipt before reproducible production OCI delivery
grafana/pyroscope,2.0.2,no-crds,docker.io/grafana/alloy:v1.12.2,mutable-tag,apps/v1/StatefulSet/default/pyroscope-alloy,spec.template.spec.containers.0.image,bd128b8d66e06802da2e56a74216e817033ebe8ed59abe878df05886ec008086,recipes/grafana/pyroscope/2.0.2/revisions/no-crds/r001/rendered/release-objects.yaml,resolve digest and record image override/proof receipt before reproducible production OCI delivery
grafana/pyroscope,2.0.2,no-crds,grafana/pyroscope:2.0.2,mutable-tag,apps/v1/StatefulSet/default/pyroscope,spec.template.spec.containers.0.image,bd128b8d66e06802da2e56a74216e817033ebe8ed59abe878df05886ec008086,recipes/grafana/pyroscope/2.0.2/revisions/no-crds/r001/rendered/release-objects.yaml,resolve digest and record image override/proof receipt before reproducible production OCI delivery
grafana/pyroscope,2.0.2,no-crds,quay.io/prometheus-operator/prometheus-config-reloader:v0.81.0,mutable-tag,apps/v1/StatefulSet/default/pyroscope-alloy,spec.template.spec.containers.1.image,bd128b8d66e06802da2e56a74216e817033ebe8ed59abe878df05886ec008086,recipes/grafana/pyroscope/2.0.2/revisions/no-crds/r001/rendered/release-objects.yaml,resolve digest and record image override/proof receipt before reproducible production OCI delivery
grafana/rollout-operator,0.49.0,default,docker.io/grafana/rollout-operator:v0.36.2,mutable-tag,apps/v1/Deployment/default/rollout-operator,spec.template.spec.containers.0.image,dc6b652767aec075b147247c38dbce391bb86750a54e749a45576fd6791d4763,recipes/grafana/rollout-operator/0.49.0/revisions/default/r001/rendered/release-objects.yaml,resolve digest and record image override/proof receipt before reproducible production OCI delivery
grafana/rollout-operator,0.49.0,no-crds,docker.io/grafana/rollout-operator:v0.36.2,mutable-tag,apps/v1/Deployment/default/rollout-operator,spec.template.spec.containers.0.image,ae6b9000b84edf8a5ad01c4399619b76ad28b808486d623fc482035ed5e3b403,recipes/grafana/rollout-operator/0.49.0/revisions/no-crds/r001/rendered/release-objects.yaml,resolve digest and record image override/proof receipt before reproducible production OCI delivery
grafana/tempo,1.24.4,local-persistent,docker.io/grafana/tempo:2.9.0,mutable-tag,apps/v1/StatefulSet/tempo/tempo,spec.template.spec.containers.0.image,df7ce7b40425eef8d057bdd80416ea3ae781ababe7ce6a154db74990c0f07905,recipes/grafana/tempo/1.24.4/revisions/local-persistent/r001/rendered/release-objects.yaml,resolve digest and record image override/proof receipt before reproducible production OCI delivery
grafana/tempo,1.24.4,s3-query-observability,docker.io/grafana/tempo:2.9.0,mutable-tag,apps/v1/StatefulSet/tempo/tempo,spec.template.spec.containers.0.image,4e981336df773cdd82b2551d35d27d61f4b39e6a3df0a9a693ac81fd0d3cf8ed,recipes/grafana/tempo/1.24.4/revisions/s3-query-observability/r001/rendered/release-objects.yaml,resolve digest and record image override/proof receipt before reproducible production OCI delivery
grafana/tempo,1.24.4,s3-query-observability,grafana/tempo-query:2.9.0,mutable-tag,apps/v1/StatefulSet/tempo/tempo,spec.template.spec.containers.1.image,4e981336df773cdd82b2551d35d27d61f4b39e6a3df0a9a693ac81fd0d3cf8ed,recipes/grafana/tempo/1.24.4/revisions/s3-query-observability/r001/rendered/release-objects.yaml,resolve digest and record image override/proof receipt before reproducible production OCI delivery
haproxytech/kubernetes-ingress,1.52.0,default,docker.io/haproxytech/kubernetes-ingress:3.2.9,mutable-tag,apps/v1/Deployment/default/kubernetes-ingress,spec.template.spec.containers.0.image,d04b79ade525cfe276e761918d319794e8e662ef896ae3418a42e7c781ded544,recipes/haproxytech/kubernetes-ingress/1.52.0/revisions/default/r001/rendered/release-objects.yaml,resolve digest and record image override/proof receipt before reproducible production OCI delivery
hashicorp/consul,2.0.0,default-control-plane,hashicorp/consul-k8s-control-plane:2.0.0,mutable-tag,apps/v1/Deployment/consul/consul-consul-connect-injector,spec.template.spec.containers.0.image,7efa3e8b59c702c8b8fa744a0ff91198e09ad8ba0fb93a86b50c3fd9e39d29f7,recipes/hashicorp/consul/2.0.0/revisions/default-control-plane/r001/rendered/release-objects.yaml,resolve digest and record image override/proof receipt before reproducible production OCI delivery
hashicorp/consul,2.0.0,default-control-plane,hashicorp/consul-k8s-control-plane:2.0.0,mutable-tag,apps/v1/Deployment/consul/consul-consul-webhook-cert-manager,spec.template.spec.containers.0.image,7efa3e8b59c702c8b8fa744a0ff91198e09ad8ba0fb93a86b50c3fd9e39d29f7,recipes/hashicorp/consul/2.0.0/revisions/default-control-plane/r001/rendered/release-objects.yaml,resolve digest and record image override/proof receipt before reproducible production OCI delivery
hashicorp/consul,2.0.0,default-control-plane,hashicorp/consul-k8s-control-plane:2.0.0,mutable-tag,apps/v1/StatefulSet/consul/consul-consul-server,spec.template.spec.initContainers.0.image,7efa3e8b59c702c8b8fa744a0ff91198e09ad8ba0fb93a86b50c3fd9e39d29f7,recipes/hashicorp/consul/2.0.0/revisions/default-control-plane/r001/rendered/release-objects.yaml,resolve digest and record image override/proof receipt before reproducible production OCI delivery
hashicorp/consul,2.0.0,default-control-plane,hashicorp/consul:2.0.0,mutable-tag,apps/v1/StatefulSet/consul/consul-consul-server,spec.template.spec.containers.0.image,7efa3e8b59c702c8b8fa744a0ff91198e09ad8ba0fb93a86b50c3fd9e39d29f7,recipes/hashicorp/consul/2.0.0/revisions/default-control-plane/r001/rendered/release-objects.yaml,resolve digest and record image override/proof receipt before reproducible production OCI delivery
hashicorp/consul,2.0.0,secure-mesh-existing-secrets,hashicorp/consul-dataplane:2.0.0,mutable-tag,apps/v1/Deployment/consul/consul-consul-ingress-gateway,spec.template.spec.containers.0.image,0acc8c339c2965446b754c3a9c948c4f154ca6e47b074ddc3b8d315e2cb7c468,recipes/hashicorp/consul/2.0.0/revisions/secure-mesh-existing-secrets/r001/rendered/release-objects.yaml,resolve digest and record image override/proof receipt before reproducible production OCI delivery
hashicorp/consul,2.0.0,secure-mesh-existing-secrets,hashicorp/consul-dataplane:2.0.0,mutable-tag,apps/v1/Deployment/consul/consul-consul-mesh-gateway,spec.template.spec.containers.0.image,0acc8c339c2965446b754c3a9c948c4f154ca6e47b074ddc3b8d315e2cb7c468,recipes/hashicorp/consul/2.0.0/revisions/secure-mesh-existing-secrets/r001/rendered/release-objects.yaml,resolve digest and record image override/proof receipt before reproducible production OCI delivery
hashicorp/consul,2.0.0,secure-mesh-existing-secrets,hashicorp/consul-dataplane:2.0.0,mutable-tag,apps/v1/Deployment/consul/consul-consul-terminating-gateway,spec.template.spec.containers.0.image,0acc8c339c2965446b754c3a9c948c4f154ca6e47b074ddc3b8d315e2cb7c468,recipes/hashicorp/consul/2.0.0/revisions/secure-mesh-existing-secrets/r001/rendered/release-objects.yaml,resolve digest and record image override/proof receipt before reproducible production OCI delivery
hashicorp/consul,2.0.0,secure-mesh-existing-secrets,hashicorp/consul-k8s-control-plane:2.0.0,mutable-tag,apps/v1/Deployment/consul/consul-consul-connect-injector,spec.template.spec.containers.0.image,0acc8c339c2965446b754c3a9c948c4f154ca6e47b074ddc3b8d315e2cb7c468,recipes/hashicorp/consul/2.0.0/revisions/secure-mesh-existing-secrets/r001/rendered/release-objects.yaml,resolve digest and record image override/proof receipt before reproducible production OCI delivery
hashicorp/consul,2.0.0,secure-mesh-existing-secrets,hashicorp/consul-k8s-control-plane:2.0.0,mutable-tag,apps/v1/Deployment/consul/consul-consul-ingress-gateway,spec.template.spec.initContainers.0.image,0acc8c339c2965446b754c3a9c948c4f154ca6e47b074ddc3b8d315e2cb7c468,recipes/hashicorp/consul/2.0.0/revisions/secure-mesh-existing-secrets/r001/rendered/release-objects.yaml,resolve digest and record image override/proof receipt before reproducible production OCI delivery
hashicorp/consul,2.0.0,secure-mesh-existing-secrets,hashicorp/consul-k8s-control-plane:2.0.0,mutable-tag,apps/v1/Deployment/consul/consul-consul-mesh-gateway,spec.template.spec.initContainers.0.image,0acc8c339c2965446b754c3a9c948c4f154ca6e47b074ddc3b8d315e2cb7c468,recipes/hashicorp/consul/2.0.0/revisions/secure-mesh-existing-secrets/r001/rendered/release-objects.yaml,resolve digest and record image override/proof receipt before reproducible production OCI delivery
hashicorp/consul,2.0.0,secure-mesh-existing-secrets,hashicorp/consul-k8s-control-plane:2.0.0,mutable-tag,apps/v1/Deployment/consul/consul-consul-terminating-gateway,spec.template.spec.initContainers.0.image,0acc8c339c2965446b754c3a9c948c4f154ca6e47b074ddc3b8d315e2cb7c468,recipes/hashicorp/consul/2.0.0/revisions/secure-mesh-existing-secrets/r001/rendered/release-objects.yaml,resolve digest and record image override/proof receipt before reproducible production OCI delivery
hashicorp/consul,2.0.0,secure-mesh-existing-secrets,hashicorp/consul-k8s-control-plane:2.0.0,mutable-tag,apps/v1/Deployment/consul/consul-consul-webhook-cert-manager,spec.template.spec.containers.0.image,0acc8c339c2965446b754c3a9c948c4f154ca6e47b074ddc3b8d315e2cb7c468,recipes/hashicorp/consul/2.0.0/revisions/secure-mesh-existing-secrets/r001/rendered/release-objects.yaml,resolve digest and record image override/proof receipt before reproducible production OCI delivery
hashicorp/consul,2.0.0,secure-mesh-existing-secrets,hashicorp/consul-k8s-control-plane:2.0.0,mutable-tag,apps/v1/StatefulSet/consul/consul-consul-server,spec.template.spec.initContainers.0.image,0acc8c339c2965446b754c3a9c948c4f154ca6e47b074ddc3b8d315e2cb7c468,recipes/hashicorp/consul/2.0.0/revisions/secure-mesh-existing-secrets/r001/rendered/release-objects.yaml,resolve digest and record image override/proof receipt before reproducible production OCI delivery
hashicorp/consul,2.0.0,secure-mesh-existing-secrets,hashicorp/consul-k8s-control-plane:2.0.0,mutable-tag,batch/v1/Job/consul/consul-consul-server-acl-init,spec.template.spec.containers.0.image,0acc8c339c2965446b754c3a9c948c4f154ca6e47b074ddc3b8d315e2cb7c468,recipes/hashicorp/consul/2.0.0/revisions/secure-mesh-existing-secrets/r001/rendered/release-objects.yaml,resolve digest and record image override/proof receipt before reproducible production OCI delivery
hashicorp/consul,2.0.0,secure-mesh-existing-secrets,hashicorp/consul:2.0.0,mutable-tag,apps/v1/StatefulSet/consul/consul-consul-server,spec.template.spec.containers.0.image,0acc8c339c2965446b754c3a9c948c4f154ca6e47b074ddc3b8d315e2cb7c468,recipes/hashicorp/consul/2.0.0/revisions/secure-mesh-existing-secrets/r001/rendered/release-objects.yaml,resolve digest and record image override/proof receipt before reproducible production OCI delivery
hashicorp/terraform,1.1.2,default,hashicorp/terraform-k8s:1.1.2,mutable-tag,apps/v1/Deployment/default/terraform-terraform-sync-workspace,spec.template.spec.containers.0.image,5cc2a190066cc639af6f8856b1ff8e28a40e61546d53cd04f19c5b14d6c37d3b,recipes/hashicorp/terraform/1.1.2/revisions/default/r001/rendered/release-objects.yaml,resolve digest and record image override/proof receipt before reproducible production OCI delivery
hashicorp/terraform,1.1.2,no-crds,hashicorp/terraform-k8s:1.1.2,mutable-tag,apps/v1/Deployment/default/terraform-terraform-sync-workspace,spec.template.spec.containers.0.image,a8b9e5e6ce83d71e19d70e4695bdda1a2cb28c26e094a0f28b70b58a3fc6a50a,recipes/hashicorp/terraform/1.1.2/revisions/no-crds/r001/rendered/release-objects.yaml,resolve digest and record image override/proof receipt before reproducible production OCI delivery
hashicorp/vault,0.32.0,default,hashicorp/vault-k8s:1.7.2,mutable-tag,apps/v1/Deployment/vault/vault-agent-injector,spec.template.spec.containers.0.image,6de2d61c8de0c21faa951e89ec16658bcdff22e69d78075fdd394d895a5e6978,recipes/hashicorp/vault/0.32.0/revisions/default/r001/rendered/release-objects.yaml,resolve digest and record image override/proof receipt before reproducible production OCI delivery
hashicorp/vault,0.32.0,default,hashicorp/vault:1.21.2,mutable-tag,apps/v1/StatefulSet/vault/vault,spec.template.spec.containers.0.image,6de2d61c8de0c21faa951e89ec16658bcdff22e69d78075fdd394d895a5e6978,recipes/hashicorp/vault/0.32.0/revisions/default/r001/rendered/release-objects.yaml,resolve digest and record image override/proof receipt before reproducible production OCI delivery
hashicorp/vault,0.32.0,dev-mode,hashicorp/vault-k8s:1.7.2,mutable-tag,apps/v1/Deployment/vault/vault-agent-injector,spec.template.spec.containers.0.image,f07ae80c317a1156f1f6ae6dc849300de0ba4683eb3ffae67cdcfcd6e8072955,recipes/hashicorp/vault/0.32.0/revisions/dev-mode/r001/rendered/release-objects.yaml,resolve digest and record image override/proof receipt before reproducible production OCI delivery
hashicorp/vault,0.32.0,dev-mode,hashicorp/vault:1.21.2,mutable-tag,apps/v1/StatefulSet/vault/vault,spec.template.spec.containers.0.image,f07ae80c317a1156f1f6ae6dc849300de0ba4683eb3ffae67cdcfcd6e8072955,recipes/hashicorp/vault/0.32.0/revisions/dev-mode/r001/rendered/release-objects.yaml,resolve digest and record image override/proof receipt before reproducible production OCI delivery
hashicorp/vault,0.32.0,ha-raft-ui,hashicorp/vault-k8s:1.7.2,mutable-tag,apps/v1/Deployment/vault/vault-agent-injector,spec.template.spec.containers.0.image,734a212cbb2e8d11ed288d32bc8b709e859248ef5587090b04e0fa407b248b5f,recipes/hashicorp/vault/0.32.0/revisions/ha-raft-ui/r001/rendered/release-objects.yaml,resolve digest and record image override/proof receipt before reproducible production OCI delivery
hashicorp/vault,0.32.0,ha-raft-ui,hashicorp/vault:1.21.2,mutable-tag,apps/v1/StatefulSet/vault/vault,spec.template.spec.containers.0.image,734a212cbb2e8d11ed288d32bc8b709e859248ef5587090b04e0fa407b248b5f,recipes/hashicorp/vault/0.32.0/revisions/ha-raft-ui/r001/rendered/release-objects.yaml,resolve digest and record image override/proof receipt before reproducible production OCI delivery
ingress-nginx/ingress-nginx,4.15.1,admission-disabled,registry.k8s.io/ingress-nginx/controller:v1.15.1@sha256:594ceea76b01c592858f803f9ff4d2cb40542cae2060410b2c95f75907d659e1,digest-pinned,apps/v1/Deployment/ingress-nginx/ingress-nginx-controller,spec.template.spec.containers.0.image,ad133758fa1985241f9dd1fe766f6ca9f17e199bf7562e37b3c2834a6588c25e,recipes/ingress-nginx/ingress-nginx/4.15.1/revisions/admission-disabled/r001/rendered/release-objects.yaml,none
ingress-nginx/ingress-nginx,4.15.1,default,registry.k8s.io/ingress-nginx/controller:v1.15.1@sha256:594ceea76b01c592858f803f9ff4d2cb40542cae2060410b2c95f75907d659e1,digest-pinned,apps/v1/Deployment/ingress-nginx/ingress-nginx-controller,spec.template.spec.containers.0.image,257503d94cea6b1d59e1564805f03a59c5a2d8fdf2de2b340676df03c295a80d,recipes/ingress-nginx/ingress-nginx/4.15.1/revisions/default/r001/rendered/release-objects.yaml,none
ingress-nginx/ingress-nginx,4.15.1,internal-clusterip,registry.k8s.io/ingress-nginx/controller:v1.15.1@sha256:594ceea76b01c592858f803f9ff4d2cb40542cae2060410b2c95f75907d659e1,digest-pinned,apps/v1/Deployment/ingress-nginx/ingress-nginx-controller,spec.template.spec.containers.0.image,a94ba2b56636baf7e732766c12c98d808b57c276156fa7a3a752b4137bf5f46a,recipes/ingress-nginx/ingress-nginx/4.15.1/revisions/internal-clusterip/r001/rendered/release-objects.yaml,none
istio/gateway,1.30.0,default,auto,floating-latest-or-untagged,apps/v1/Deployment/default/gateway,spec.template.spec.containers.0.image,07b3cb11d265a7b857b231a347be2c71742e5bc1eeb02efddd7ce71ecc1c7afc,recipes/istio/gateway/1.30.0/revisions/default/r001/rendered/release-objects.yaml,resolve digest and record image override/proof receipt before reproducible production OCI delivery
istio/istiod,1.30.0,default,registry.istio.io/release/pilot:1.30.0,mutable-tag,apps/v1/Deployment/default/istiod,spec.template.spec.containers.0.image,53385181293dd9a8228f37a370148dde3cc77acecf5a3a8539fa1b8eb0f9afdf,recipes/istio/istiod/1.30.0/revisions/default/r001/rendered/release-objects.yaml,resolve digest and record image override/proof receipt before reproducible production OCI delivery
jaegertracing/jaeger-operator,2.57.0,default,jaegertracing/jaeger-operator:1.61.0,mutable-tag,apps/v1/Deployment/default/jaeger-operator,spec.template.spec.containers.0.image,c17323ac7d71b000b42732323a79731fe3d9244ba4e641d8349a73a71b8807ab,recipes/jaegertracing/jaeger-operator/2.57.0/revisions/default/r001/rendered/release-objects.yaml,resolve digest and record image override/proof receipt before reproducible production OCI delivery
jaegertracing/jaeger-operator,2.57.0,no-crds,jaegertracing/jaeger-operator:1.61.0,mutable-tag,apps/v1/Deployment/default/jaeger-operator,spec.template.spec.containers.0.image,14755312bc08dd5aad02a12a16f32a04e54adad141a93cb28ff42b2e49066975,recipes/jaegertracing/jaeger-operator/2.57.0/revisions/no-crds/r001/rendered/release-objects.yaml,resolve digest and record image override/proof receipt before reproducible production OCI delivery
jaegertracing/jaeger,4.8.0,default,jaegertracing/jaeger:2.18.0,mutable-tag,apps/v1/Deployment//jaeger,spec.template.spec.containers.0.image,da24b2c05d1c43492627f3d01b0d675ea01bb2acb38017a18dec5a70c55b7939,recipes/jaegertracing/jaeger/4.8.0/revisions/default/r001/rendered/release-objects.yaml,resolve digest and record image override/proof receipt before reproducible production OCI delivery
jetstack/cert-manager-csi-driver,v0.14.0,default,quay.io/jetstack/cert-manager-csi-driver:v0.14.0,mutable-tag,apps/v1/DaemonSet/default/cert-manager-csi-driver,spec.template.spec.containers.2.image,2fa28f4f4c912710babcc4f46818889df3c51396a400dbce6c0245afc20056f3,recipes/jetstack/cert-manager-csi-driver/v0.14.0/revisions/default/r001/rendered/release-objects.yaml,resolve digest and record image override/proof receipt before reproducible production OCI delivery
jetstack/cert-manager-csi-driver,v0.14.0,default,quay.io/jetstack/csi-node-driver-registrar:v2.16.0,mutable-tag,apps/v1/DaemonSet/default/cert-manager-csi-driver,spec.template.spec.containers.0.image,2fa28f4f4c912710babcc4f46818889df3c51396a400dbce6c0245afc20056f3,recipes/jetstack/cert-manager-csi-driver/v0.14.0/revisions/default/r001/rendered/release-objects.yaml,resolve digest and record image override/proof receipt before reproducible production OCI delivery
jetstack/cert-manager-csi-driver,v0.14.0,default,quay.io/jetstack/livenessprobe:v2.18.0,mutable-tag,apps/v1/DaemonSet/default/cert-manager-csi-driver,spec.template.spec.containers.1.image,2fa28f4f4c912710babcc4f46818889df3c51396a400dbce6c0245afc20056f3,recipes/jetstack/cert-manager-csi-driver/v0.14.0/revisions/default/r001/rendered/release-objects.yaml,resolve digest and record image override/proof receipt before reproducible production OCI delivery
jetstack/cert-manager,v1.20.2,crds-enabled,quay.io/jetstack/cert-manager-cainjector:v1.20.2,mutable-tag,apps/v1/Deployment/cert-manager/cert-manager-cainjector,spec.template.spec.containers.0.image,e288b2413bd1919173bee6afcd823be61399f101cfe2cf61f8e0df56740fefe0,recipes/jetstack/cert-manager/v1.20.2/revisions/crds-enabled/r001/rendered/release-objects.yaml,resolve digest and record image override/proof receipt before reproducible production OCI delivery
jetstack/cert-manager,v1.20.2,crds-enabled,quay.io/jetstack/cert-manager-controller:v1.20.2,mutable-tag,apps/v1/Deployment/cert-manager/cert-manager,spec.template.spec.containers.0.image,e288b2413bd1919173bee6afcd823be61399f101cfe2cf61f8e0df56740fefe0,recipes/jetstack/cert-manager/v1.20.2/revisions/crds-enabled/r001/rendered/release-objects.yaml,resolve digest and record image override/proof receipt before reproducible production OCI delivery
jetstack/cert-manager,v1.20.2,crds-enabled,quay.io/jetstack/cert-manager-webhook:v1.20.2,mutable-tag,apps/v1/Deployment/cert-manager/cert-manager-webhook,spec.template.spec.containers.0.image,e288b2413bd1919173bee6afcd823be61399f101cfe2cf61f8e0df56740fefe0,recipes/jetstack/cert-manager/v1.20.2/revisions/crds-enabled/r001/rendered/release-objects.yaml,resolve digest and record image override/proof receipt before reproducible production OCI delivery
jetstack/cert-manager,v1.20.2,default,quay.io/jetstack/cert-manager-cainjector:v1.20.2,mutable-tag,apps/v1/Deployment/cert-manager/cert-manager-cainjector,spec.template.spec.containers.0.image,45029db19d75e578bec74b82a0476a6580d1f7193239a210bf4873156ac725ce,recipes/jetstack/cert-manager/v1.20.2/revisions/default/r001/rendered/release-objects.yaml,resolve digest and record image override/proof receipt before reproducible production OCI delivery
jetstack/cert-manager,v1.20.2,default,quay.io/jetstack/cert-manager-controller:v1.20.2,mutable-tag,apps/v1/Deployment/cert-manager/cert-manager,spec.template.spec.containers.0.image,45029db19d75e578bec74b82a0476a6580d1f7193239a210bf4873156ac725ce,recipes/jetstack/cert-manager/v1.20.2/revisions/default/r001/rendered/release-objects.yaml,resolve digest and record image override/proof receipt before reproducible production OCI delivery
jetstack/cert-manager,v1.20.2,default,quay.io/jetstack/cert-manager-webhook:v1.20.2,mutable-tag,apps/v1/Deployment/cert-manager/cert-manager-webhook,spec.template.spec.containers.0.image,45029db19d75e578bec74b82a0476a6580d1f7193239a210bf4873156ac725ce,recipes/jetstack/cert-manager/v1.20.2/revisions/default/r001/rendered/release-objects.yaml,resolve digest and record image override/proof receipt before reproducible production OCI delivery
jetstack/trust-manager,v0.22.1,default,quay.io/jetstack/trust-manager:v0.22.1,mutable-tag,apps/v1/Deployment/default/trust-manager,spec.template.spec.containers.0.image,50eb2239a5db07734497711c4e812eb111d231852c2f614e5b0a1faec7bab683,recipes/jetstack/trust-manager/v0.22.1/revisions/default/r001/rendered/release-objects.yaml,resolve digest and record image override/proof receipt before reproducible production OCI delivery
jetstack/trust-manager,v0.22.1,default,quay.io/jetstack/trust-pkg-debian-bookworm:20230311-deb12u1.6,mutable-tag,apps/v1/Deployment/default/trust-manager,spec.template.spec.initContainers.0.image,50eb2239a5db07734497711c4e812eb111d231852c2f614e5b0a1faec7bab683,recipes/jetstack/trust-manager/v0.22.1/revisions/default/r001/rendered/release-objects.yaml,resolve digest and record image override/proof receipt before reproducible production OCI delivery
jetstack/trust-manager,v0.22.1,no-crds,quay.io/jetstack/trust-manager:v0.22.1,mutable-tag,apps/v1/Deployment/default/trust-manager,spec.template.spec.containers.0.image,5d0b08f8abda179089de0d4acead48bd8a3752c16766ed8ef1b95478065e9250,recipes/jetstack/trust-manager/v0.22.1/revisions/no-crds/r001/rendered/release-objects.yaml,resolve digest and record image override/proof receipt before reproducible production OCI delivery
jetstack/trust-manager,v0.22.1,no-crds,quay.io/jetstack/trust-pkg-debian-bookworm:20230311-deb12u1.6,mutable-tag,apps/v1/Deployment/default/trust-manager,spec.template.spec.initContainers.0.image,5d0b08f8abda179089de0d4acead48bd8a3752c16766ed8ef1b95478065e9250,recipes/jetstack/trust-manager/v0.22.1/revisions/no-crds/r001/rendered/release-objects.yaml,resolve digest and record image override/proof receipt before reproducible production OCI delivery
kedacore/keda,2.19.0,default,ghcr.io/kedacore/keda-admission-webhooks:2.19.0,mutable-tag,apps/v1/Deployment/default/keda-admission-webhooks,spec.template.spec.containers.0.image,95bac2eeb03cdf4d0392ed7d66c37c81db91beeba346752f932abef73d26db1f,recipes/kedacore/keda/2.19.0/revisions/default/r001/rendered/release-objects.yaml,resolve digest and record image override/proof receipt before reproducible production OCI delivery
kedacore/keda,2.19.0,default,ghcr.io/kedacore/keda-metrics-apiserver:2.19.0,mutable-tag,apps/v1/Deployment/default/keda-operator-metrics-apiserver,spec.template.spec.containers.0.image,95bac2eeb03cdf4d0392ed7d66c37c81db91beeba346752f932abef73d26db1f,recipes/kedacore/keda/2.19.0/revisions/default/r001/rendered/release-objects.yaml,resolve digest and record image override/proof receipt before reproducible production OCI delivery
kedacore/keda,2.19.0,default,ghcr.io/kedacore/keda:2.19.0,mutable-tag,apps/v1/Deployment/default/keda-operator,spec.template.spec.containers.0.image,95bac2eeb03cdf4d0392ed7d66c37c81db91beeba346752f932abef73d26db1f,recipes/kedacore/keda/2.19.0/revisions/default/r001/rendered/release-objects.yaml,resolve digest and record image override/proof receipt before reproducible production OCI delivery
kedacore/keda,2.19.0,no-crds,ghcr.io/kedacore/keda-admission-webhooks:2.19.0,mutable-tag,apps/v1/Deployment/default/keda-admission-webhooks,spec.template.spec.containers.0.image,c5a9b4bf0a0eb7786a206b54365e8ad632e96bb3f4796a51f41621fea1f276a7,recipes/kedacore/keda/2.19.0/revisions/no-crds/r001/rendered/release-objects.yaml,resolve digest and record image override/proof receipt before reproducible production OCI delivery
kedacore/keda,2.19.0,no-crds,ghcr.io/kedacore/keda-metrics-apiserver:2.19.0,mutable-tag,apps/v1/Deployment/default/keda-operator-metrics-apiserver,spec.template.spec.containers.0.image,c5a9b4bf0a0eb7786a206b54365e8ad632e96bb3f4796a51f41621fea1f276a7,recipes/kedacore/keda/2.19.0/revisions/no-crds/r001/rendered/release-objects.yaml,resolve digest and record image override/proof receipt before reproducible production OCI delivery
kedacore/keda,2.19.0,no-crds,ghcr.io/kedacore/keda:2.19.0,mutable-tag,apps/v1/Deployment/default/keda-operator,spec.template.spec.containers.0.image,c5a9b4bf0a0eb7786a206b54365e8ad632e96bb3f4796a51f41621fea1f276a7,recipes/kedacore/keda/2.19.0/revisions/no-crds/r001/rendered/release-objects.yaml,resolve digest and record image override/proof receipt before reproducible production OCI delivery
kyverno/kyverno,3.8.1,default,reg.kyverno.io/kyverno/background-controller:v1.18.1,mutable-tag,apps/v1/Deployment/default/kyverno-background-controller,spec.template.spec.containers.0.image,00df8d584a2b69683a7895eff47d5a2bd6c1947827272bc518b0b79bbba80884,recipes/kyverno/kyverno/3.8.1/revisions/default/r001/rendered/release-objects.yaml,resolve digest and record image override/proof receipt before reproducible production OCI delivery
kyverno/kyverno,3.8.1,default,reg.kyverno.io/kyverno/cleanup-controller:v1.18.1,mutable-tag,apps/v1/Deployment/default/kyverno-cleanup-controller,spec.template.spec.containers.0.image,00df8d584a2b69683a7895eff47d5a2bd6c1947827272bc518b0b79bbba80884,recipes/kyverno/kyverno/3.8.1/revisions/default/r001/rendered/release-objects.yaml,resolve digest and record image override/proof receipt before reproducible production OCI delivery
kyverno/kyverno,3.8.1,default,reg.kyverno.io/kyverno/kyverno:v1.18.1,mutable-tag,apps/v1/Deployment/default/kyverno-admission-controller,spec.template.spec.containers.0.image,00df8d584a2b69683a7895eff47d5a2bd6c1947827272bc518b0b79bbba80884,recipes/kyverno/kyverno/3.8.1/revisions/default/r001/rendered/release-objects.yaml,resolve digest and record image override/proof receipt before reproducible production OCI delivery
kyverno/kyverno,3.8.1,default,reg.kyverno.io/kyverno/kyvernopre:v1.18.1,mutable-tag,apps/v1/Deployment/default/kyverno-admission-controller,spec.template.spec.initContainers.0.image,00df8d584a2b69683a7895eff47d5a2bd6c1947827272bc518b0b79bbba80884,recipes/kyverno/kyverno/3.8.1/revisions/default/r001/rendered/release-objects.yaml,resolve digest and record image override/proof receipt before reproducible production OCI delivery
kyverno/kyverno,3.8.1,default,reg.kyverno.io/kyverno/reports-controller:v1.18.1,mutable-tag,apps/v1/Deployment/default/kyverno-reports-controller,spec.template.spec.containers.0.image,00df8d584a2b69683a7895eff47d5a2bd6c1947827272bc518b0b79bbba80884,recipes/kyverno/kyverno/3.8.1/revisions/default/r001/rendered/release-objects.yaml,resolve digest and record image override/proof receipt before reproducible production OCI delivery
kyverno/kyverno,3.8.1,no-crds,reg.kyverno.io/kyverno/background-controller:v1.18.1,mutable-tag,apps/v1/Deployment/default/kyverno-background-controller,spec.template.spec.containers.0.image,3a1b0dd0d65607586ee0a3ace591e776a0a13c8047cb31b43f7128febcd93227,recipes/kyverno/kyverno/3.8.1/revisions/no-crds/r001/rendered/release-objects.yaml,resolve digest and record image override/proof receipt before reproducible production OCI delivery
kyverno/kyverno,3.8.1,no-crds,reg.kyverno.io/kyverno/cleanup-controller:v1.18.1,mutable-tag,apps/v1/Deployment/default/kyverno-cleanup-controller,spec.template.spec.containers.0.image,3a1b0dd0d65607586ee0a3ace591e776a0a13c8047cb31b43f7128febcd93227,recipes/kyverno/kyverno/3.8.1/revisions/no-crds/r001/rendered/release-objects.yaml,resolve digest and record image override/proof receipt before reproducible production OCI delivery
kyverno/kyverno,3.8.1,no-crds,reg.kyverno.io/kyverno/kyverno:v1.18.1,mutable-tag,apps/v1/Deployment/default/kyverno-admission-controller,spec.template.spec.containers.0.image,3a1b0dd0d65607586ee0a3ace591e776a0a13c8047cb31b43f7128febcd93227,recipes/kyverno/kyverno/3.8.1/revisions/no-crds/r001/rendered/release-objects.yaml,resolve digest and record image override/proof receipt before reproducible production OCI delivery
kyverno/kyverno,3.8.1,no-crds,reg.kyverno.io/kyverno/kyvernopre:v1.18.1,mutable-tag,apps/v1/Deployment/default/kyverno-admission-controller,spec.template.spec.initContainers.0.image,3a1b0dd0d65607586ee0a3ace591e776a0a13c8047cb31b43f7128febcd93227,recipes/kyverno/kyverno/3.8.1/revisions/no-crds/r001/rendered/release-objects.yaml,resolve digest and record image override/proof receipt before reproducible production OCI delivery
kyverno/kyverno,3.8.1,no-crds,reg.kyverno.io/kyverno/reports-controller:v1.18.1,mutable-tag,apps/v1/Deployment/default/kyverno-reports-controller,spec.template.spec.containers.0.image,3a1b0dd0d65607586ee0a3ace591e776a0a13c8047cb31b43f7128febcd93227,recipes/kyverno/kyverno/3.8.1/revisions/no-crds/r001/rendered/release-objects.yaml,resolve digest and record image override/proof receipt before reproducible production OCI delivery
longhorn/longhorn,1.11.2,default,docker.io/longhornio/longhorn-manager:v1.11.2,mutable-tag,apps/v1/DaemonSet/longhorn-system/longhorn-manager,spec.template.spec.containers.0.image,4a2f739775a696f5d67db6adf1f99473c60a3f5adf308ceb3ccbf222435acd90,recipes/longhorn/longhorn/1.11.2/revisions/default/r001/rendered/release-objects.yaml,resolve digest and record image override/proof receipt before reproducible production OCI delivery
longhorn/longhorn,1.11.2,default,docker.io/longhornio/longhorn-manager:v1.11.2,mutable-tag,apps/v1/Deployment/longhorn-system/longhorn-driver-deployer,spec.template.spec.containers.0.image,4a2f739775a696f5d67db6adf1f99473c60a3f5adf308ceb3ccbf222435acd90,recipes/longhorn/longhorn/1.11.2/revisions/default/r001/rendered/release-objects.yaml,resolve digest and record image override/proof receipt before reproducible production OCI delivery
longhorn/longhorn,1.11.2,default,docker.io/longhornio/longhorn-manager:v1.11.2,mutable-tag,apps/v1/Deployment/longhorn-system/longhorn-driver-deployer,spec.template.spec.initContainers.0.image,4a2f739775a696f5d67db6adf1f99473c60a3f5adf308ceb3ccbf222435acd90,recipes/longhorn/longhorn/1.11.2/revisions/default/r001/rendered/release-objects.yaml,resolve digest and record image override/proof receipt before reproducible production OCI delivery
longhorn/longhorn,1.11.2,default,docker.io/longhornio/longhorn-share-manager:v1.11.2,mutable-tag,apps/v1/DaemonSet/longhorn-system/longhorn-manager,spec.template.spec.containers.1.image,4a2f739775a696f5d67db6adf1f99473c60a3f5adf308ceb3ccbf222435acd90,recipes/longhorn/longhorn/1.11.2/revisions/default/r001/rendered/release-objects.yaml,resolve digest and record image override/proof receipt before reproducible production OCI delivery
longhorn/longhorn,1.11.2,default,docker.io/longhornio/longhorn-ui:v1.11.2,mutable-tag,apps/v1/Deployment/longhorn-system/longhorn-ui,spec.template.spec.containers.0.image,4a2f739775a696f5d67db6adf1f99473c60a3f5adf308ceb3ccbf222435acd90,recipes/longhorn/longhorn/1.11.2/revisions/default/r001/rendered/release-objects.yaml,resolve digest and record image override/proof receipt before reproducible production OCI delivery
longhorn/longhorn,1.11.2,ui-ingress,docker.io/longhornio/longhorn-manager:v1.11.2,mutable-tag,apps/v1/DaemonSet/longhorn-system/longhorn-manager,spec.template.spec.containers.0.image,2f6508c2bc3f2a09e1ffcb8ec71282b3e2dd52e69fe8ca80fc90ab756f9b9298,recipes/longhorn/longhorn/1.11.2/revisions/ui-ingress/r001/rendered/release-objects.yaml,resolve digest and record image override/proof receipt before reproducible production OCI delivery
longhorn/longhorn,1.11.2,ui-ingress,docker.io/longhornio/longhorn-manager:v1.11.2,mutable-tag,apps/v1/Deployment/longhorn-system/longhorn-driver-deployer,spec.template.spec.containers.0.image,2f6508c2bc3f2a09e1ffcb8ec71282b3e2dd52e69fe8ca80fc90ab756f9b9298,recipes/longhorn/longhorn/1.11.2/revisions/ui-ingress/r001/rendered/release-objects.yaml,resolve digest and record image override/proof receipt before reproducible production OCI delivery
longhorn/longhorn,1.11.2,ui-ingress,docker.io/longhornio/longhorn-manager:v1.11.2,mutable-tag,apps/v1/Deployment/longhorn-system/longhorn-driver-deployer,spec.template.spec.initContainers.0.image,2f6508c2bc3f2a09e1ffcb8ec71282b3e2dd52e69fe8ca80fc90ab756f9b9298,recipes/longhorn/longhorn/1.11.2/revisions/ui-ingress/r001/rendered/release-objects.yaml,resolve digest and record image override/proof receipt before reproducible production OCI delivery
longhorn/longhorn,1.11.2,ui-ingress,docker.io/longhornio/longhorn-share-manager:v1.11.2,mutable-tag,apps/v1/DaemonSet/longhorn-system/longhorn-manager,spec.template.spec.containers.1.image,2f6508c2bc3f2a09e1ffcb8ec71282b3e2dd52e69fe8ca80fc90ab756f9b9298,recipes/longhorn/longhorn/1.11.2/revisions/ui-ingress/r001/rendered/release-objects.yaml,resolve digest and record image override/proof receipt before reproducible production OCI delivery
longhorn/longhorn,1.11.2,ui-ingress,docker.io/longhornio/longhorn-ui:v1.11.2,mutable-tag,apps/v1/Deployment/longhorn-system/longhorn-ui,spec.template.spec.containers.0.image,2f6508c2bc3f2a09e1ffcb8ec71282b3e2dd52e69fe8ca80fc90ab756f9b9298,recipes/longhorn/longhorn/1.11.2/revisions/ui-ingress/r001/rendered/release-objects.yaml,resolve digest and record image override/proof receipt before reproducible production OCI delivery
metrics-server/metrics-server,3.13.0,default,registry.k8s.io/metrics-server/metrics-server:v0.8.0,mutable-tag,apps/v1/Deployment/kube-system/metrics-server,spec.template.spec.containers.0.image,97514966a1917b1ae3b597ec3a32216d0a650db7cb56d472f4e722c69c869b51,recipes/metrics-server/metrics-server/3.13.0/revisions/default/r001/rendered/release-objects.yaml,resolve digest and record image override/proof receipt before reproducible production OCI delivery
metrics-server/metrics-server,3.13.0,external-tls-ca,registry.k8s.io/metrics-server/metrics-server:v0.8.0,mutable-tag,apps/v1/Deployment/kube-system/metrics-server,spec.template.spec.containers.0.image,03497dfa266c74cd3bdbf9f884e4d255ae0f24b426a030f6290c36505a1300a4,recipes/metrics-server/metrics-server/3.13.0/revisions/external-tls-ca/r001/rendered/release-objects.yaml,resolve digest and record image override/proof receipt before reproducible production OCI delivery
minio-operator/operator,7.1.1,default,quay.io/minio/operator:v7.1.1,mutable-tag,apps/v1/Deployment/default/minio-operator,spec.template.spec.containers.0.image,3ac734cc8872f78365a7649830f706dc43341bba596b7ff266be2862f0f28b0a,recipes/minio-operator/operator/7.1.1/revisions/default/r001/rendered/release-objects.yaml,resolve digest and record image override/proof receipt before reproducible production OCI delivery
minio-operator/tenant,7.1.1,default,quay.io/minio/minio:RELEASE.2025-04-08T15-41-24Z,mutable-tag,minio.min.io/v2/Tenant//myminio,spec.image,4577edd3c6c83479b029c32a8e41e966b19ef3810e062c156c5c54850c4ab32a,recipes/minio-operator/tenant/7.1.1/revisions/default/r001/rendered/release-objects.yaml,resolve digest and record image override/proof receipt before reproducible production OCI delivery
nats/nack,0.34.0,default,natsio/jetstream-controller:0.23.0,mutable-tag,apps/v1/Deployment/default/nack,spec.template.spec.containers.0.image,3578a1e913da259083e95b1bca9492a5e1aac8ae270e2871eb05c5f0c5f6c3c9,recipes/nats/nack/0.34.0/revisions/default/r001/rendered/release-objects.yaml,resolve digest and record image override/proof receipt before reproducible production OCI delivery
nats/nack,0.34.0,no-crds,natsio/jetstream-controller:0.23.0,mutable-tag,apps/v1/Deployment/default/nack,spec.template.spec.containers.0.image,2a0e96ea4834808a0b66545eb50b94c4dc773572f699c3acad3ef2d6649a152d,recipes/nats/nack/0.34.0/revisions/no-crds/r001/rendered/release-objects.yaml,resolve digest and record image override/proof receipt before reproducible production OCI delivery
nats/nats,2.14.0,default,nats:2.14.0-alpine,mutable-tag,apps/v1/StatefulSet//nats,spec.template.spec.containers.0.image,395344e7541927ec138080eda2a92f6ce69532966040ce5d689f9852a4cee8da,recipes/nats/nats/2.14.0/revisions/default/r001/rendered/release-objects.yaml,resolve digest and record image override/proof receipt before reproducible production OCI delivery
nats/nats,2.14.0,default,natsio/nats-box:0.19.5,mutable-tag,apps/v1/Deployment//nats-box,spec.template.spec.containers.0.image,395344e7541927ec138080eda2a92f6ce69532966040ce5d689f9852a4cee8da,recipes/nats/nats/2.14.0/revisions/default/r001/rendered/release-objects.yaml,resolve digest and record image override/proof receipt before reproducible production OCI delivery
nats/nats,2.14.0,default,natsio/nats-server-config-reloader:0.23.0,mutable-tag,apps/v1/StatefulSet//nats,spec.template.spec.containers.1.image,395344e7541927ec138080eda2a92f6ce69532966040ce5d689f9852a4cee8da,recipes/nats/nats/2.14.0/revisions/default/r001/rendered/release-objects.yaml,resolve digest and record image override/proof receipt before reproducible production OCI delivery
nats/nats,2.14.0,ha,nats:2.14.0-alpine,mutable-tag,apps/v1/StatefulSet//nats,spec.template.spec.containers.0.image,2d8fcfe5bea7f482e322fdba1cf800faedf835a13eef32d042e43ae6254d0a96,recipes/nats/nats/2.14.0/revisions/ha/r001/rendered/release-objects.yaml,resolve digest and record image override/proof receipt before reproducible production OCI delivery
nats/nats,2.14.0,ha,natsio/nats-box:0.19.5,mutable-tag,apps/v1/Deployment//nats-box,spec.template.spec.containers.0.image,2d8fcfe5bea7f482e322fdba1cf800faedf835a13eef32d042e43ae6254d0a96,recipes/nats/nats/2.14.0/revisions/ha/r001/rendered/release-objects.yaml,resolve digest and record image override/proof receipt before reproducible production OCI delivery
nats/nats,2.14.0,ha,natsio/nats-server-config-reloader:0.23.0,mutable-tag,apps/v1/StatefulSet//nats,spec.template.spec.containers.1.image,2d8fcfe5bea7f482e322fdba1cf800faedf835a13eef32d042e43ae6254d0a96,recipes/nats/nats/2.14.0/revisions/ha/r001/rendered/release-objects.yaml,resolve digest and record image override/proof receipt before reproducible production OCI delivery
nats/surveyor,0.20.9,default,natsio/nats-surveyor:0.9.9,mutable-tag,apps/v1/Deployment//surveyor,spec.template.spec.containers.0.image,c39b6dd56b5c2dfaedd3860e71d1eaaed9083354b35e4cef70eae6f9b982a7b1,recipes/nats/surveyor/0.20.9/revisions/default/r001/rendered/release-objects.yaml,resolve digest and record image override/proof receipt before reproducible production OCI delivery
nfs-subdir-external-provisioner/nfs-subdir-external-provisioner,4.0.18,default,registry.k8s.io/sig-storage/nfs-subdir-external-provisioner:v4.0.2,mutable-tag,apps/v1/Deployment//nfs-subdir-external-provisioner,spec.template.spec.containers.0.image,448129b8cf526e0fb240e23fc1cbddd1b6cd994158faa60904f7db5b1c10eb28,recipes/nfs-subdir-external-provisioner/nfs-subdir-external-provisioner/4.0.18/revisions/default/r001/rendered/release-objects.yaml,resolve digest and record image override/proof receipt before reproducible production OCI delivery
open-telemetry/opentelemetry-operator,0.114.0,default,ghcr.io/open-telemetry/opentelemetry-operator/opentelemetry-operator:0.152.0,mutable-tag,apps/v1/Deployment/default/opentelemetry-operator,spec.template.spec.containers.0.image,68dd01565796d137e5dea26e1db02ef3e0d99bbbafd000ec3663680b5bbda873,recipes/open-telemetry/opentelemetry-operator/0.114.0/revisions/default/r001/rendered/release-objects.yaml,resolve digest and record image override/proof receipt before reproducible production OCI delivery
open-telemetry/opentelemetry-operator,0.114.0,no-crds,ghcr.io/open-telemetry/opentelemetry-operator/opentelemetry-operator:0.152.0,mutable-tag,apps/v1/Deployment/default/opentelemetry-operator,spec.template.spec.containers.0.image,6ca1e737e9540f4b6a2d6e19fa83fa580cb407942b78ed53f9604aa46b662ea1,recipes/open-telemetry/opentelemetry-operator/0.114.0/revisions/no-crds/r001/rendered/release-objects.yaml,resolve digest and record image override/proof receipt before reproducible production OCI delivery
opencost/opencost,2.5.21,default,ghcr.io/opencost/opencost-ui:1.120.2@sha256:3e7fc176315a25e7acca47b670fa78b2620480981e8d34c2e8f64ca6371c8bcc,digest-pinned,apps/v1/Deployment/default/opencost,spec.template.spec.containers.1.image,3cf0267ce7b5173e0c514fad903e559129d63d2f9a6bb83da681dcff1f7977dc,recipes/opencost/opencost/2.5.21/revisions/default/r001/rendered/release-objects.yaml,none
opencost/opencost,2.5.21,default,ghcr.io/opencost/opencost:1.120.2@sha256:5f37f689557dbb6737a9182b70625bba55bbba843a2caaba5a79746945a56cc6,digest-pinned,apps/v1/Deployment/default/opencost,spec.template.spec.containers.0.image,3cf0267ce7b5173e0c514fad903e559129d63d2f9a6bb83da681dcff1f7977dc,recipes/opencost/opencost/2.5.21/revisions/default/r001/rendered/release-objects.yaml,none
percona/pg-operator,3.0.0,default,docker.io/percona/percona-postgresql-operator:3.0.0,mutable-tag,apps/v1/Deployment/default/pg-operator,spec.template.spec.containers.0.image,bf309d7e26c9351501282530b3707719d97e87593333150163c468461725a8ff,recipes/percona/pg-operator/3.0.0/revisions/default/r001/rendered/release-objects.yaml,resolve digest and record image override/proof receipt before reproducible production OCI delivery
percona/pg-operator,3.0.0,no-crds,docker.io/percona/percona-postgresql-operator:3.0.0,mutable-tag,apps/v1/Deployment/default/pg-operator,spec.template.spec.containers.0.image,b74ec3d7caff70a013e25ff922dc6ead03c37f01193f603f63a1f6686e59f8d2,recipes/percona/pg-operator/3.0.0/revisions/no-crds/r001/rendered/release-objects.yaml,resolve digest and record image override/proof receipt before reproducible production OCI delivery
percona/psmdb-operator,1.22.0,default,percona/percona-server-mongodb-operator:1.22.0,mutable-tag,apps/v1/Deployment/default/psmdb-operator,spec.template.spec.containers.0.image,a9ae26e197ef3e108ecab8c30f630ce24004a29b670916169ae6634198b96936,recipes/percona/psmdb-operator/1.22.0/revisions/default/r001/rendered/release-objects.yaml,resolve digest and record image override/proof receipt before reproducible production OCI delivery
percona/psmdb-operator,1.22.0,no-crds,percona/percona-server-mongodb-operator:1.22.0,mutable-tag,apps/v1/Deployment/default/psmdb-operator,spec.template.spec.containers.0.image,583396c1666b921931627a8a24a0dcb5a6d4859dd5fbd1ee350a1dfec44daffb,recipes/percona/psmdb-operator/1.22.0/revisions/no-crds/r001/rendered/release-objects.yaml,resolve digest and record image override/proof receipt before reproducible production OCI delivery
percona/pxc-operator,1.19.1,default,percona/percona-xtradb-cluster-operator:1.19.1,mutable-tag,apps/v1/Deployment/default/pxc-operator,spec.template.spec.containers.0.image,769b3b65e8543cd4ae04c498b6793f5f9e84b611bff8ec07b7fbaa5efaac8dc6,recipes/percona/pxc-operator/1.19.1/revisions/default/r001/rendered/release-objects.yaml,resolve digest and record image override/proof receipt before reproducible production OCI delivery
percona/pxc-operator,1.19.1,no-crds,percona/percona-xtradb-cluster-operator:1.19.1,mutable-tag,apps/v1/Deployment/default/pxc-operator,spec.template.spec.containers.0.image,ee1aa1c285ef83592cb2488116b126c13c4b3311f0e8a153b9bd6699ae566488,recipes/percona/pxc-operator/1.19.1/revisions/no-crds/r001/rendered/release-objects.yaml,resolve digest and record image override/proof receipt before reproducible production OCI delivery
projectcalico/tigera-operator,v3.32.0,default,quay.io/tigera/operator:v1.42.0,mutable-tag,apps/v1/Deployment/default/tigera-operator,spec.template.spec.containers.0.image,9ce56a65a1b0ca63aec202cb662a5389fe6a6a55e6d4b9db9920febcc5b2b350,recipes/projectcalico/tigera-operator/v3.32.0/revisions/default/r001/rendered/release-objects.yaml,resolve digest and record image override/proof receipt before reproducible production OCI delivery
prometheus-community/alertmanager,1.37.0,default,quay.io/prometheus/alertmanager:v0.32.1,mutable-tag,apps/v1/StatefulSet/default/alertmanager,spec.template.spec.containers.0.image,fc6c693435a12f92b94f3f59435e1e23af1cf4b87fc4564cda64ea502e7e1dc6,recipes/prometheus-community/alertmanager/1.37.0/revisions/default/r001/rendered/release-objects.yaml,resolve digest and record image override/proof receipt before reproducible production OCI delivery
prometheus-community/alertmanager,1.37.0,ha,quay.io/prometheus/alertmanager:v0.32.1,mutable-tag,apps/v1/StatefulSet/default/alertmanager,spec.template.spec.containers.0.image,a016dbf7647ff32935788288023d6dbd78b924f6cca645ef2081fe1d8856f8b4,recipes/prometheus-community/alertmanager/1.37.0/revisions/ha/r001/rendered/release-objects.yaml,resolve digest and record image override/proof receipt before reproducible production OCI delivery
prometheus-community/kube-prometheus-stack,85.3.3,default,docker.io/grafana/grafana:13.0.1-security-01,mutable-tag,apps/v1/Deployment/monitoring/kube-prometheus-stack-grafana,spec.template.spec.containers.2.image,9fac2a0e4140eee298c84ce61f13dd8ca392bb92e2037d0ef0aaa4d8015ee491,recipes/prometheus-community/kube-prometheus-stack/85.3.3/revisions/default/r001/rendered/release-objects.yaml,resolve digest and record image override/proof receipt before reproducible production OCI delivery
prometheus-community/kube-prometheus-stack,85.3.3,default,quay.io/kiwigrid/k8s-sidecar:2.7.3,mutable-tag,apps/v1/Deployment/monitoring/kube-prometheus-stack-grafana,spec.template.spec.containers.0.image,9fac2a0e4140eee298c84ce61f13dd8ca392bb92e2037d0ef0aaa4d8015ee491,recipes/prometheus-community/kube-prometheus-stack/85.3.3/revisions/default/r001/rendered/release-objects.yaml,resolve digest and record image override/proof receipt before reproducible production OCI delivery
prometheus-community/kube-prometheus-stack,85.3.3,default,quay.io/kiwigrid/k8s-sidecar:2.7.3,mutable-tag,apps/v1/Deployment/monitoring/kube-prometheus-stack-grafana,spec.template.spec.containers.1.image,9fac2a0e4140eee298c84ce61f13dd8ca392bb92e2037d0ef0aaa4d8015ee491,recipes/prometheus-community/kube-prometheus-stack/85.3.3/revisions/default/r001/rendered/release-objects.yaml,resolve digest and record image override/proof receipt before reproducible production OCI delivery
prometheus-community/kube-prometheus-stack,85.3.3,default,quay.io/prometheus-operator/prometheus-operator:v0.90.1,mutable-tag,apps/v1/Deployment/monitoring/kube-prometheus-stack-operator,spec.template.spec.containers.0.image,9fac2a0e4140eee298c84ce61f13dd8ca392bb92e2037d0ef0aaa4d8015ee491,recipes/prometheus-community/kube-prometheus-stack/85.3.3/revisions/default/r001/rendered/release-objects.yaml,resolve digest and record image override/proof receipt before reproducible production OCI delivery
prometheus-community/kube-prometheus-stack,85.3.3,default,quay.io/prometheus/alertmanager:v0.32.1,mutable-tag,monitoring.coreos.com/v1/Alertmanager/monitoring/kube-prometheus-stack-alertmanager,spec.image,9fac2a0e4140eee298c84ce61f13dd8ca392bb92e2037d0ef0aaa4d8015ee491,recipes/prometheus-community/kube-prometheus-stack/85.3.3/revisions/default/r001/rendered/release-objects.yaml,resolve digest and record image override/proof receipt before reproducible production OCI delivery
prometheus-community/kube-prometheus-stack,85.3.3,default,quay.io/prometheus/node-exporter:v1.11.1-distroless,mutable-tag,apps/v1/DaemonSet/monitoring/kube-prometheus-stack-prometheus-node-exporter,spec.template.spec.containers.0.image,9fac2a0e4140eee298c84ce61f13dd8ca392bb92e2037d0ef0aaa4d8015ee491,recipes/prometheus-community/kube-prometheus-stack/85.3.3/revisions/default/r001/rendered/release-objects.yaml,resolve digest and record image override/proof receipt before reproducible production OCI delivery
prometheus-community/kube-prometheus-stack,85.3.3,default,quay.io/prometheus/prometheus:v3.11.3-distroless,mutable-tag,monitoring.coreos.com/v1/Prometheus/monitoring/kube-prometheus-stack-prometheus,spec.image,9fac2a0e4140eee298c84ce61f13dd8ca392bb92e2037d0ef0aaa4d8015ee491,recipes/prometheus-community/kube-prometheus-stack/85.3.3/revisions/default/r001/rendered/release-objects.yaml,resolve digest and record image override/proof receipt before reproducible production OCI delivery
prometheus-community/kube-prometheus-stack,85.3.3,default,registry.k8s.io/kube-state-metrics/kube-state-metrics:v2.19.0,mutable-tag,apps/v1/Deployment/monitoring/kube-prometheus-stack-kube-state-metrics,spec.template.spec.containers.0.image,9fac2a0e4140eee298c84ce61f13dd8ca392bb92e2037d0ef0aaa4d8015ee491,recipes/prometheus-community/kube-prometheus-stack/85.3.3/revisions/default/r001/rendered/release-objects.yaml,resolve digest and record image override/proof receipt before reproducible production OCI delivery
prometheus-community/kube-prometheus-stack,85.3.3,no-crds,docker.io/grafana/grafana:13.0.1-security-01,mutable-tag,apps/v1/Deployment/monitoring/kube-prometheus-stack-grafana,spec.template.spec.containers.2.image,3f6049fc2b7a40bbfb009b347880e3f319a87c9b60a6fd274220287a10167fc2,recipes/prometheus-community/kube-prometheus-stack/85.3.3/revisions/no-crds/r001/rendered/release-objects.yaml,resolve digest and record image override/proof receipt before reproducible production OCI delivery
prometheus-community/kube-prometheus-stack,85.3.3,no-crds,quay.io/kiwigrid/k8s-sidecar:2.7.3,mutable-tag,apps/v1/Deployment/monitoring/kube-prometheus-stack-grafana,spec.template.spec.containers.0.image,3f6049fc2b7a40bbfb009b347880e3f319a87c9b60a6fd274220287a10167fc2,recipes/prometheus-community/kube-prometheus-stack/85.3.3/revisions/no-crds/r001/rendered/release-objects.yaml,resolve digest and record image override/proof receipt before reproducible production OCI delivery
prometheus-community/kube-prometheus-stack,85.3.3,no-crds,quay.io/kiwigrid/k8s-sidecar:2.7.3,mutable-tag,apps/v1/Deployment/monitoring/kube-prometheus-stack-grafana,spec.template.spec.containers.1.image,3f6049fc2b7a40bbfb009b347880e3f319a87c9b60a6fd274220287a10167fc2,recipes/prometheus-community/kube-prometheus-stack/85.3.3/revisions/no-crds/r001/rendered/release-objects.yaml,resolve digest and record image override/proof receipt before reproducible production OCI delivery
prometheus-community/kube-prometheus-stack,85.3.3,no-crds,quay.io/prometheus-operator/prometheus-operator:v0.90.1,mutable-tag,apps/v1/Deployment/monitoring/kube-prometheus-stack-operator,spec.template.spec.containers.0.image,3f6049fc2b7a40bbfb009b347880e3f319a87c9b60a6fd274220287a10167fc2,recipes/prometheus-community/kube-prometheus-stack/85.3.3/revisions/no-crds/r001/rendered/release-objects.yaml,resolve digest and record image override/proof receipt before reproducible production OCI delivery
prometheus-community/kube-prometheus-stack,85.3.3,no-crds,quay.io/prometheus/alertmanager:v0.32.1,mutable-tag,monitoring.coreos.com/v1/Alertmanager/monitoring/kube-prometheus-stack-alertmanager,spec.image,3f6049fc2b7a40bbfb009b347880e3f319a87c9b60a6fd274220287a10167fc2,recipes/prometheus-community/kube-prometheus-stack/85.3.3/revisions/no-crds/r001/rendered/release-objects.yaml,resolve digest and record image override/proof receipt before reproducible production OCI delivery
prometheus-community/kube-prometheus-stack,85.3.3,no-crds,quay.io/prometheus/node-exporter:v1.11.1-distroless,mutable-tag,apps/v1/DaemonSet/monitoring/kube-prometheus-stack-prometheus-node-exporter,spec.template.spec.containers.0.image,3f6049fc2b7a40bbfb009b347880e3f319a87c9b60a6fd274220287a10167fc2,recipes/prometheus-community/kube-prometheus-stack/85.3.3/revisions/no-crds/r001/rendered/release-objects.yaml,resolve digest and record image override/proof receipt before reproducible production OCI delivery
prometheus-community/kube-prometheus-stack,85.3.3,no-crds,quay.io/prometheus/prometheus:v3.11.3-distroless,mutable-tag,monitoring.coreos.com/v1/Prometheus/monitoring/kube-prometheus-stack-prometheus,spec.image,3f6049fc2b7a40bbfb009b347880e3f319a87c9b60a6fd274220287a10167fc2,recipes/prometheus-community/kube-prometheus-stack/85.3.3/revisions/no-crds/r001/rendered/release-objects.yaml,resolve digest and record image override/proof receipt before reproducible production OCI delivery
prometheus-community/kube-prometheus-stack,85.3.3,no-crds,registry.k8s.io/kube-state-metrics/kube-state-metrics:v2.19.0,mutable-tag,apps/v1/Deployment/monitoring/kube-prometheus-stack-kube-state-metrics,spec.template.spec.containers.0.image,3f6049fc2b7a40bbfb009b347880e3f319a87c9b60a6fd274220287a10167fc2,recipes/prometheus-community/kube-prometheus-stack/85.3.3/revisions/no-crds/r001/rendered/release-objects.yaml,resolve digest and record image override/proof receipt before reproducible production OCI delivery
prometheus-community/kube-prometheus-stack,86.1.0,default,docker.io/grafana/grafana:13.0.1-security-01,mutable-tag,apps/v1/Deployment/monitoring/kube-prometheus-stack-grafana,spec.template.spec.containers.2.image,58c19d82e70831986861de45eba5697418105140625afa840f5e329f1c21d1dd,recipes/prometheus-community/kube-prometheus-stack/86.1.0/revisions/default/r001/rendered/release-objects.yaml,resolve digest and record image override/proof receipt before reproducible production OCI delivery
prometheus-community/kube-prometheus-stack,86.1.0,default,quay.io/kiwigrid/k8s-sidecar:2.7.3,mutable-tag,apps/v1/Deployment/monitoring/kube-prometheus-stack-grafana,spec.template.spec.containers.0.image,58c19d82e70831986861de45eba5697418105140625afa840f5e329f1c21d1dd,recipes/prometheus-community/kube-prometheus-stack/86.1.0/revisions/default/r001/rendered/release-objects.yaml,resolve digest and record image override/proof receipt before reproducible production OCI delivery
prometheus-community/kube-prometheus-stack,86.1.0,default,quay.io/kiwigrid/k8s-sidecar:2.7.3,mutable-tag,apps/v1/Deployment/monitoring/kube-prometheus-stack-grafana,spec.template.spec.containers.1.image,58c19d82e70831986861de45eba5697418105140625afa840f5e329f1c21d1dd,recipes/prometheus-community/kube-prometheus-stack/86.1.0/revisions/default/r001/rendered/release-objects.yaml,resolve digest and record image override/proof receipt before reproducible production OCI delivery
prometheus-community/kube-prometheus-stack,86.1.0,default,quay.io/prometheus-operator/prometheus-operator:v0.91.0,mutable-tag,apps/v1/Deployment/monitoring/kube-prometheus-stack-operator,spec.template.spec.containers.0.image,58c19d82e70831986861de45eba5697418105140625afa840f5e329f1c21d1dd,recipes/prometheus-community/kube-prometheus-stack/86.1.0/revisions/default/r001/rendered/release-objects.yaml,resolve digest and record image override/proof receipt before reproducible production OCI delivery
prometheus-community/kube-prometheus-stack,86.1.0,default,quay.io/prometheus/alertmanager:v0.32.1,mutable-tag,monitoring.coreos.com/v1/Alertmanager/monitoring/kube-prometheus-stack-alertmanager,spec.image,58c19d82e70831986861de45eba5697418105140625afa840f5e329f1c21d1dd,recipes/prometheus-community/kube-prometheus-stack/86.1.0/revisions/default/r001/rendered/release-objects.yaml,resolve digest and record image override/proof receipt before reproducible production OCI delivery
prometheus-community/kube-prometheus-stack,86.1.0,default,quay.io/prometheus/node-exporter:v1.11.1-distroless,mutable-tag,apps/v1/DaemonSet/monitoring/kube-prometheus-stack-prometheus-node-exporter,spec.template.spec.containers.0.image,58c19d82e70831986861de45eba5697418105140625afa840f5e329f1c21d1dd,recipes/prometheus-community/kube-prometheus-stack/86.1.0/revisions/default/r001/rendered/release-objects.yaml,resolve digest and record image override/proof receipt before reproducible production OCI delivery
prometheus-community/kube-prometheus-stack,86.1.0,default,quay.io/prometheus/prometheus:v3.12.0-distroless,mutable-tag,monitoring.coreos.com/v1/Prometheus/monitoring/kube-prometheus-stack-prometheus,spec.image,58c19d82e70831986861de45eba5697418105140625afa840f5e329f1c21d1dd,recipes/prometheus-community/kube-prometheus-stack/86.1.0/revisions/default/r001/rendered/release-objects.yaml,resolve digest and record image override/proof receipt before reproducible production OCI delivery
prometheus-community/kube-prometheus-stack,86.1.0,default,registry.k8s.io/kube-state-metrics/kube-state-metrics:v2.19.0,mutable-tag,apps/v1/Deployment/monitoring/kube-prometheus-stack-kube-state-metrics,spec.template.spec.containers.0.image,58c19d82e70831986861de45eba5697418105140625afa840f5e329f1c21d1dd,recipes/prometheus-community/kube-prometheus-stack/86.1.0/revisions/default/r001/rendered/release-objects.yaml,resolve digest and record image override/proof receipt before reproducible production OCI delivery
prometheus-community/kube-prometheus-stack,86.1.0,no-crds,docker.io/grafana/grafana:13.0.1-security-01,mutable-tag,apps/v1/Deployment/monitoring/kube-prometheus-stack-grafana,spec.template.spec.containers.2.image,671c6f820a2cc2b381d056f112ad1750b36d08b01e9e1ff5bc503cfa81a56e87,recipes/prometheus-community/kube-prometheus-stack/86.1.0/revisions/no-crds/r001/rendered/release-objects.yaml,resolve digest and record image override/proof receipt before reproducible production OCI delivery
prometheus-community/kube-prometheus-stack,86.1.0,no-crds,quay.io/kiwigrid/k8s-sidecar:2.7.3,mutable-tag,apps/v1/Deployment/monitoring/kube-prometheus-stack-grafana,spec.template.spec.containers.0.image,671c6f820a2cc2b381d056f112ad1750b36d08b01e9e1ff5bc503cfa81a56e87,recipes/prometheus-community/kube-prometheus-stack/86.1.0/revisions/no-crds/r001/rendered/release-objects.yaml,resolve digest and record image override/proof receipt before reproducible production OCI delivery
prometheus-community/kube-prometheus-stack,86.1.0,no-crds,quay.io/kiwigrid/k8s-sidecar:2.7.3,mutable-tag,apps/v1/Deployment/monitoring/kube-prometheus-stack-grafana,spec.template.spec.containers.1.image,671c6f820a2cc2b381d056f112ad1750b36d08b01e9e1ff5bc503cfa81a56e87,recipes/prometheus-community/kube-prometheus-stack/86.1.0/revisions/no-crds/r001/rendered/release-objects.yaml,resolve digest and record image override/proof receipt before reproducible production OCI delivery
prometheus-community/kube-prometheus-stack,86.1.0,no-crds,quay.io/prometheus-operator/prometheus-operator:v0.91.0,mutable-tag,apps/v1/Deployment/monitoring/kube-prometheus-stack-operator,spec.template.spec.containers.0.image,671c6f820a2cc2b381d056f112ad1750b36d08b01e9e1ff5bc503cfa81a56e87,recipes/prometheus-community/kube-prometheus-stack/86.1.0/revisions/no-crds/r001/rendered/release-objects.yaml,resolve digest and record image override/proof receipt before reproducible production OCI delivery
prometheus-community/kube-prometheus-stack,86.1.0,no-crds,quay.io/prometheus/alertmanager:v0.32.1,mutable-tag,monitoring.coreos.com/v1/Alertmanager/monitoring/kube-prometheus-stack-alertmanager,spec.image,671c6f820a2cc2b381d056f112ad1750b36d08b01e9e1ff5bc503cfa81a56e87,recipes/prometheus-community/kube-prometheus-stack/86.1.0/revisions/no-crds/r001/rendered/release-objects.yaml,resolve digest and record image override/proof receipt before reproducible production OCI delivery
prometheus-community/kube-prometheus-stack,86.1.0,no-crds,quay.io/prometheus/node-exporter:v1.11.1-distroless,mutable-tag,apps/v1/DaemonSet/monitoring/kube-prometheus-stack-prometheus-node-exporter,spec.template.spec.containers.0.image,671c6f820a2cc2b381d056f112ad1750b36d08b01e9e1ff5bc503cfa81a56e87,recipes/prometheus-community/kube-prometheus-stack/86.1.0/revisions/no-crds/r001/rendered/release-objects.yaml,resolve digest and record image override/proof receipt before reproducible production OCI delivery
prometheus-community/kube-prometheus-stack,86.1.0,no-crds,quay.io/prometheus/prometheus:v3.12.0-distroless,mutable-tag,monitoring.coreos.com/v1/Prometheus/monitoring/kube-prometheus-stack-prometheus,spec.image,671c6f820a2cc2b381d056f112ad1750b36d08b01e9e1ff5bc503cfa81a56e87,recipes/prometheus-community/kube-prometheus-stack/86.1.0/revisions/no-crds/r001/rendered/release-objects.yaml,resolve digest and record image override/proof receipt before reproducible production OCI delivery
prometheus-community/kube-prometheus-stack,86.1.0,no-crds,registry.k8s.io/kube-state-metrics/kube-state-metrics:v2.19.0,mutable-tag,apps/v1/Deployment/monitoring/kube-prometheus-stack-kube-state-metrics,spec.template.spec.containers.0.image,671c6f820a2cc2b381d056f112ad1750b36d08b01e9e1ff5bc503cfa81a56e87,recipes/prometheus-community/kube-prometheus-stack/86.1.0/revisions/no-crds/r001/rendered/release-objects.yaml,resolve digest and record image override/proof receipt before reproducible production OCI delivery
prometheus-community/kube-state-metrics,7.4.0,default,registry.k8s.io/kube-state-metrics/kube-state-metrics:v2.19.0,mutable-tag,apps/v1/Deployment/default/kube-state-metrics,spec.template.spec.containers.0.image,b892be5f9969f39e3a7a0fadacde77cf3b9a86ca16485d5712cc2a476bda14bc,recipes/prometheus-community/kube-state-metrics/7.4.0/revisions/default/r001/rendered/release-objects.yaml,resolve digest and record image override/proof receipt before reproducible production OCI delivery
prometheus-community/prometheus-adapter,5.3.0,default,registry.k8s.io/prometheus-adapter/prometheus-adapter:v0.12.0,mutable-tag,apps/v1/Deployment/default/prometheus-adapter,spec.template.spec.containers.0.image,50e586691867cf7be3f14a7c3e71839f3f8b6cae32b64a10f01362d68add983a,recipes/prometheus-community/prometheus-adapter/5.3.0/revisions/default/r001/rendered/release-objects.yaml,resolve digest and record image override/proof receipt before reproducible production OCI delivery
prometheus-community/prometheus-blackbox-exporter,11.10.0,default,quay.io/prometheus/blackbox-exporter:v0.28.0,mutable-tag,apps/v1/Deployment/default/prometheus-blackbox-exporter,spec.template.spec.containers.0.image,43dbd48cda5a6f5aa85365fdba15a04cb328d513a0123983ec943c505a01730c,recipes/prometheus-community/prometheus-blackbox-exporter/11.10.0/revisions/default/r001/rendered/release-objects.yaml,resolve digest and record image override/proof receipt before reproducible production OCI delivery
prometheus-community/prometheus-node-exporter,4.55.0,default,quay.io/prometheus/node-exporter:v1.11.1,mutable-tag,apps/v1/DaemonSet/default/prometheus-node-exporter,spec.template.spec.containers.0.image,37862948d7c5d39d7be726864e9c71e6fb9e9fcc1ac40140e97153152aa6ffbc,recipes/prometheus-community/prometheus-node-exporter/4.55.0/revisions/default/r001/rendered/release-objects.yaml,resolve digest and record image override/proof receipt before reproducible production OCI delivery
prometheus-community/prometheus-pushgateway,3.6.0,default,quay.io/prometheus/pushgateway:v1.11.2,mutable-tag,apps/v1/Deployment/default/prometheus-pushgateway,spec.template.spec.containers.0.image,80cb018f0b277814e17ca7208be55ef10ed74288a258a6519e7bbcf088a9f450,recipes/prometheus-community/prometheus-pushgateway/3.6.0/revisions/default/r001/rendered/release-objects.yaml,resolve digest and record image override/proof receipt before reproducible production OCI delivery
prometheus-community/prometheus,29.8.0,default,quay.io/prometheus-operator/prometheus-config-reloader:v0.91.0,mutable-tag,apps/v1/Deployment/monitoring/prometheus-server,spec.template.spec.containers.0.image,c11349803ddbb44562066474dd04d47d7c5c75d083dbc96162224573f949c11b,recipes/prometheus-community/prometheus/29.8.0/revisions/default/r001/rendered/release-objects.yaml,resolve digest and record image override/proof receipt before reproducible production OCI delivery
prometheus-community/prometheus,29.8.0,default,quay.io/prometheus/alertmanager:v0.32.1,mutable-tag,apps/v1/StatefulSet/monitoring/prometheus-alertmanager,spec.template.spec.containers.0.image,c11349803ddbb44562066474dd04d47d7c5c75d083dbc96162224573f949c11b,recipes/prometheus-community/prometheus/29.8.0/revisions/default/r001/rendered/release-objects.yaml,resolve digest and record image override/proof receipt before reproducible production OCI delivery
prometheus-community/prometheus,29.8.0,default,quay.io/prometheus/node-exporter:v1.11.1,mutable-tag,apps/v1/DaemonSet/monitoring/prometheus-prometheus-node-exporter,spec.template.spec.containers.0.image,c11349803ddbb44562066474dd04d47d7c5c75d083dbc96162224573f949c11b,recipes/prometheus-community/prometheus/29.8.0/revisions/default/r001/rendered/release-objects.yaml,resolve digest and record image override/proof receipt before reproducible production OCI delivery
prometheus-community/prometheus,29.8.0,default,quay.io/prometheus/prometheus:v3.11.3,mutable-tag,apps/v1/Deployment/monitoring/prometheus-server,spec.template.spec.containers.1.image,c11349803ddbb44562066474dd04d47d7c5c75d083dbc96162224573f949c11b,recipes/prometheus-community/prometheus/29.8.0/revisions/default/r001/rendered/release-objects.yaml,resolve digest and record image override/proof receipt before reproducible production OCI delivery
prometheus-community/prometheus,29.8.0,default,quay.io/prometheus/pushgateway:v1.11.2,mutable-tag,apps/v1/Deployment/monitoring/prometheus-prometheus-pushgateway,spec.template.spec.containers.0.image,c11349803ddbb44562066474dd04d47d7c5c75d083dbc96162224573f949c11b,recipes/prometheus-community/prometheus/29.8.0/revisions/default/r001/rendered/release-objects.yaml,resolve digest and record image override/proof receipt before reproducible production OCI delivery
prometheus-community/prometheus,29.8.0,default,registry.k8s.io/kube-state-metrics/kube-state-metrics:v2.19.0,mutable-tag,apps/v1/Deployment/monitoring/prometheus-kube-state-metrics,spec.template.spec.containers.0.image,c11349803ddbb44562066474dd04d47d7c5c75d083dbc96162224573f949c11b,recipes/prometheus-community/prometheus/29.8.0/revisions/default/r001/rendered/release-objects.yaml,resolve digest and record image override/proof receipt before reproducible production OCI delivery
prometheus-community/prometheus,29.8.0,server-only-ephemeral,quay.io/prometheus-operator/prometheus-config-reloader:v0.91.0,mutable-tag,apps/v1/Deployment/monitoring/prometheus-server,spec.template.spec.containers.0.image,174e1729753ef551fa059f86111cfd87653ea2380dc879238cf5cc4987e78812,recipes/prometheus-community/prometheus/29.8.0/revisions/server-only-ephemeral/r001/rendered/release-objects.yaml,resolve digest and record image override/proof receipt before reproducible production OCI delivery
prometheus-community/prometheus,29.8.0,server-only-ephemeral,quay.io/prometheus/prometheus:v3.11.3,mutable-tag,apps/v1/Deployment/monitoring/prometheus-server,spec.template.spec.containers.1.image,174e1729753ef551fa059f86111cfd87653ea2380dc879238cf5cc4987e78812,recipes/prometheus-community/prometheus/29.8.0/revisions/server-only-ephemeral/r001/rendered/release-objects.yaml,resolve digest and record image override/proof receipt before reproducible production OCI delivery
prometheus-community/prometheus,29.9.0,default,quay.io/prometheus-operator/prometheus-config-reloader:v0.91.0,mutable-tag,apps/v1/Deployment/monitoring/prometheus-server,spec.template.spec.containers.0.image,08dacfbc1ecd3ef9956999398bbf30a7a8dd083dccde23c589853da525541d36,recipes/prometheus-community/prometheus/29.9.0/revisions/default/r001/rendered/release-objects.yaml,resolve digest and record image override/proof receipt before reproducible production OCI delivery
prometheus-community/prometheus,29.9.0,default,quay.io/prometheus/alertmanager:v0.32.1,mutable-tag,apps/v1/StatefulSet/monitoring/prometheus-alertmanager,spec.template.spec.containers.0.image,08dacfbc1ecd3ef9956999398bbf30a7a8dd083dccde23c589853da525541d36,recipes/prometheus-community/prometheus/29.9.0/revisions/default/r001/rendered/release-objects.yaml,resolve digest and record image override/proof receipt before reproducible production OCI delivery
prometheus-community/prometheus,29.9.0,default,quay.io/prometheus/node-exporter:v1.11.1,mutable-tag,apps/v1/DaemonSet/monitoring/prometheus-prometheus-node-exporter,spec.template.spec.containers.0.image,08dacfbc1ecd3ef9956999398bbf30a7a8dd083dccde23c589853da525541d36,recipes/prometheus-community/prometheus/29.9.0/revisions/default/r001/rendered/release-objects.yaml,resolve digest and record image override/proof receipt before reproducible production OCI delivery
prometheus-community/prometheus,29.9.0,default,quay.io/prometheus/prometheus:v3.12.0,mutable-tag,apps/v1/Deployment/monitoring/prometheus-server,spec.template.spec.containers.1.image,08dacfbc1ecd3ef9956999398bbf30a7a8dd083dccde23c589853da525541d36,recipes/prometheus-community/prometheus/29.9.0/revisions/default/r001/rendered/release-objects.yaml,resolve digest and record image override/proof receipt before reproducible production OCI delivery
prometheus-community/prometheus,29.9.0,default,quay.io/prometheus/pushgateway:v1.11.2,mutable-tag,apps/v1/Deployment/monitoring/prometheus-prometheus-pushgateway,spec.template.spec.containers.0.image,08dacfbc1ecd3ef9956999398bbf30a7a8dd083dccde23c589853da525541d36,recipes/prometheus-community/prometheus/29.9.0/revisions/default/r001/rendered/release-objects.yaml,resolve digest and record image override/proof receipt before reproducible production OCI delivery
prometheus-community/prometheus,29.9.0,default,registry.k8s.io/kube-state-metrics/kube-state-metrics:v2.19.0,mutable-tag,apps/v1/Deployment/monitoring/prometheus-kube-state-metrics,spec.template.spec.containers.0.image,08dacfbc1ecd3ef9956999398bbf30a7a8dd083dccde23c589853da525541d36,recipes/prometheus-community/prometheus/29.9.0/revisions/default/r001/rendered/release-objects.yaml,resolve digest and record image override/proof receipt before reproducible production OCI delivery
prometheus-community/prometheus,29.9.0,server-only-ephemeral,quay.io/prometheus-operator/prometheus-config-reloader:v0.91.0,mutable-tag,apps/v1/Deployment/monitoring/prometheus-server,spec.template.spec.containers.0.image,a1ff9f44451cc28aaeed183a5d36fdf2551dbc4647714a2565c30d9512a4af8b,recipes/prometheus-community/prometheus/29.9.0/revisions/server-only-ephemeral/r001/rendered/release-objects.yaml,resolve digest and record image override/proof receipt before reproducible production OCI delivery
prometheus-community/prometheus,29.9.0,server-only-ephemeral,quay.io/prometheus/prometheus:v3.12.0,mutable-tag,apps/v1/Deployment/monitoring/prometheus-server,spec.template.spec.containers.1.image,a1ff9f44451cc28aaeed183a5d36fdf2551dbc4647714a2565c30d9512a4af8b,recipes/prometheus-community/prometheus/29.9.0/revisions/server-only-ephemeral/r001/rendered/release-objects.yaml,resolve digest and record image override/proof receipt before reproducible production OCI delivery
rook-release/rook-ceph-cluster,v1.19.5,default,quay.io/ceph/ceph:v19.2.3,mutable-tag,ceph.rook.io/v1/CephCluster/default/default,spec.cephVersion.image,5ac8f526459d6393552b66ab60f690c6c85a1e86bba45ea82d5bbf219694b010,recipes/rook-release/rook-ceph-cluster/v1.19.5/revisions/default/r001/rendered/release-objects.yaml,resolve digest and record image override/proof receipt before reproducible production OCI delivery
rook-release/rook-ceph,v1.19.5,default,docker.io/rook/ceph:v1.19.5,mutable-tag,apps/v1/Deployment/default/rook-ceph-operator,spec.template.spec.containers.0.image,26789923789aab27d01638f52680ee6de6d982268eee3740cabc733142f67ba8,recipes/rook-release/rook-ceph/v1.19.5/revisions/default/r001/rendered/release-objects.yaml,resolve digest and record image override/proof receipt before reproducible production OCI delivery
rook-release/rook-ceph,v1.19.5,default,quay.io/cephcsi/ceph-csi-operator:v0.6.0,mutable-tag,apps/v1/Deployment/default/ceph-csi-controller-manager,spec.template.spec.containers.0.image,26789923789aab27d01638f52680ee6de6d982268eee3740cabc733142f67ba8,recipes/rook-release/rook-ceph/v1.19.5/revisions/default/r001/rendered/release-objects.yaml,resolve digest and record image override/proof receipt before reproducible production OCI delivery
runix/pgadmin4,1.62.0,default,docker.io/dpage/pgadmin4:9.13,mutable-tag,apps/v1/Deployment/default/pgadmin4,spec.template.spec.containers.0.image,78528d11d3b5ea8cf8c03e43834edbe87a944df1593c516867cc4e0389ba1565,recipes/runix/pgadmin4/1.62.0/revisions/default/r001/rendered/release-objects.yaml,resolve digest and record image override/proof receipt before reproducible production OCI delivery
sealed-secrets/sealed-secrets,2.18.6,default,docker.io/bitnami/sealed-secrets-controller:0.37.0,mutable-tag,apps/v1/Deployment/default/sealed-secrets,spec.template.spec.containers.0.image,096c66f4ea312aa7c3a4fc2be815b64271c3f1c829c8914b5c96c190aa22a83e,recipes/sealed-secrets/sealed-secrets/2.18.6/revisions/default/r001/rendered/release-objects.yaml,resolve digest and record image override/proof receipt before reproducible production OCI delivery
sealed-secrets/sealed-secrets,2.18.6,no-crds,docker.io/bitnami/sealed-secrets-controller:0.37.0,mutable-tag,apps/v1/Deployment/default/sealed-secrets,spec.template.spec.containers.0.image,8c271440bc9064522738add874400229e0dc0de35e39818aa29433f7d16c243c,recipes/sealed-secrets/sealed-secrets/2.18.6/revisions/no-crds/r001/rendered/release-objects.yaml,resolve digest and record image override/proof receipt before reproducible production OCI delivery
secrets-store-csi-driver/secrets-store-csi-driver,1.6.0,default,registry.k8s.io/csi-secrets-store/driver:v1.6.0,mutable-tag,apps/v1/DaemonSet/kube-system/secrets-store-csi-driver,spec.template.spec.containers.1.image,2490f14dd08f7e309f8f78cd1c2f1b05eb5b8995343b33ad6b3b243401a39ead,recipes/secrets-store-csi-driver/secrets-store-csi-driver/1.6.0/revisions/default/r001/rendered/release-objects.yaml,resolve digest and record image override/proof receipt before reproducible production OCI delivery
secrets-store-csi-driver/secrets-store-csi-driver,1.6.0,default,registry.k8s.io/sig-storage/csi-node-driver-registrar:v2.16.0,mutable-tag,apps/v1/DaemonSet/kube-system/secrets-store-csi-driver,spec.template.spec.containers.0.image,2490f14dd08f7e309f8f78cd1c2f1b05eb5b8995343b33ad6b3b243401a39ead,recipes/secrets-store-csi-driver/secrets-store-csi-driver/1.6.0/revisions/default/r001/rendered/release-objects.yaml,resolve digest and record image override/proof receipt before reproducible production OCI delivery
secrets-store-csi-driver/secrets-store-csi-driver,1.6.0,default,registry.k8s.io/sig-storage/livenessprobe:v2.18.0,mutable-tag,apps/v1/DaemonSet/kube-system/secrets-store-csi-driver,spec.template.spec.containers.2.image,2490f14dd08f7e309f8f78cd1c2f1b05eb5b8995343b33ad6b3b243401a39ead,recipes/secrets-store-csi-driver/secrets-store-csi-driver/1.6.0/revisions/default/r001/rendered/release-objects.yaml,resolve digest and record image override/proof receipt before reproducible production OCI delivery
secrets-store-csi-driver/secrets-store-csi-driver,1.6.0,sync-secret-rotation,registry.k8s.io/csi-secrets-store/driver:v1.6.0,mutable-tag,apps/v1/DaemonSet/kube-system/secrets-store-csi-driver,spec.template.spec.containers.1.image,3667c16d411f773ef20e51c9980d484eb770c1173092878f1b018f5b4377a182,recipes/secrets-store-csi-driver/secrets-store-csi-driver/1.6.0/revisions/sync-secret-rotation/r001/rendered/release-objects.yaml,resolve digest and record image override/proof receipt before reproducible production OCI delivery
secrets-store-csi-driver/secrets-store-csi-driver,1.6.0,sync-secret-rotation,registry.k8s.io/sig-storage/csi-node-driver-registrar:v2.16.0,mutable-tag,apps/v1/DaemonSet/kube-system/secrets-store-csi-driver,spec.template.spec.containers.0.image,3667c16d411f773ef20e51c9980d484eb770c1173092878f1b018f5b4377a182,recipes/secrets-store-csi-driver/secrets-store-csi-driver/1.6.0/revisions/sync-secret-rotation/r001/rendered/release-objects.yaml,resolve digest and record image override/proof receipt before reproducible production OCI delivery
secrets-store-csi-driver/secrets-store-csi-driver,1.6.0,sync-secret-rotation,registry.k8s.io/sig-storage/livenessprobe:v2.18.0,mutable-tag,apps/v1/DaemonSet/kube-system/secrets-store-csi-driver,spec.template.spec.containers.2.image,3667c16d411f773ef20e51c9980d484eb770c1173092878f1b018f5b4377a182,recipes/secrets-store-csi-driver/secrets-store-csi-driver/1.6.0/revisions/sync-secret-rotation/r001/rendered/release-objects.yaml,resolve digest and record image override/proof receipt before reproducible production OCI delivery
stakater/reloader,2.2.12,default,ghcr.io/stakater/reloader:v1.4.17,mutable-tag,apps/v1/Deployment/default/reloader-reloader,spec.template.spec.containers.0.image,d73021c041d681424e89af4e6dde4e99ac3791b1622576649778f7314f979d9e,recipes/stakater/reloader/2.2.12/revisions/default/r001/rendered/release-objects.yaml,resolve digest and record image override/proof receipt before reproducible production OCI delivery
strimzi/strimzi-kafka-operator,1.0.0,default,quay.io/strimzi/operator:1.0.0,mutable-tag,apps/v1/Deployment/default/strimzi-cluster-operator,spec.template.spec.containers.0.image,f3cfe3329c6673870bb6ecd1d31cab9d74ee96695d6b2b6fbfb0f4a1a7b9f23b,recipes/strimzi/strimzi-kafka-operator/1.0.0/revisions/default/r001/rendered/release-objects.yaml,resolve digest and record image override/proof receipt before reproducible production OCI delivery
strimzi/strimzi-kafka-operator,1.0.0,no-crds,quay.io/strimzi/operator:1.0.0,mutable-tag,apps/v1/Deployment/default/strimzi-cluster-operator,spec.template.spec.containers.0.image,c074a6281dddbc35ec340c8efcce77b1875ed5c3432cc54c651a7976304ef43d,recipes/strimzi/strimzi-kafka-operator/1.0.0/revisions/no-crds/r001/rendered/release-objects.yaml,resolve digest and record image override/proof receipt before reproducible production OCI delivery
traefik/traefik,40.2.0,default,docker.io/traefik:v3.7.1,mutable-tag,apps/v1/Deployment/default/traefik,spec.template.spec.containers.0.image,84b1e950901024fda7bb0be73aba239015712ae0c3d4cb0ecabcb091abc53c09,recipes/traefik/traefik/40.2.0/revisions/default/r001/rendered/release-objects.yaml,resolve digest and record image override/proof receipt before reproducible production OCI delivery
traefik/traefik,40.2.0,no-crds,docker.io/traefik:v3.7.1,mutable-tag,apps/v1/Deployment/default/traefik,spec.template.spec.containers.0.image,9db056bdffd213bbce847b96122b40e879d0e47f7b8d57074f62a020ed89c9ce,recipes/traefik/traefik/40.2.0/revisions/no-crds/r001/rendered/release-objects.yaml,resolve digest and record image override/proof receipt before reproducible production OCI delivery
velero/velero,12.0.1,default,docker.io/velero/velero:v1.18.0,mutable-tag,apps/v1/Deployment/default/velero,spec.template.spec.containers.0.image,3fc8afa5a2077710e8e9a49df435b234925b373cdaf2209e66fada0044ef2c1b,recipes/velero/velero/12.0.1/revisions/default/r001/rendered/release-objects.yaml,resolve digest and record image override/proof receipt before reproducible production OCI delivery
velero/velero,12.0.1,no-crds,docker.io/velero/velero:v1.18.0,mutable-tag,apps/v1/Deployment/default/velero,spec.template.spec.containers.0.image,8ae294dd0418f586f2ea4ba66660384f28cacb0ceed6124ac0a0b1c8b4c1d933,recipes/velero/velero/12.0.1/revisions/no-crds/r001/rendered/release-objects.yaml,resolve digest and record image override/proof receipt before reproducible production OCI delivery
vm/victoria-logs-single,0.12.5,default,victoriametrics/victoria-logs:v1.50.0,mutable-tag,apps/v1/StatefulSet/default/victoria-logs-single-server,spec.template.spec.containers.0.image,edbf6e7dd31e9a1d0686592e7c1f050b04f5d780bdc33bb34fb3ddbfdfedde04,recipes/vm/victoria-logs-single/0.12.5/revisions/default/r001/rendered/release-objects.yaml,resolve digest and record image override/proof receipt before reproducible production OCI delivery
vm/victoria-metrics-single,0.39.0,default,victoriametrics/victoria-metrics:v1.144.0,mutable-tag,apps/v1/StatefulSet/default/victoria-metrics-single-server,spec.template.spec.containers.0.image,10c95bd43cb02502fb823b0d461c26b60fb0b4fe988ccf8a0cbe2e29f0a8c5f8,recipes/vm/victoria-metrics-single/0.39.0/revisions/default/r001/rendered/release-objects.yaml,resolve digest and record image override/proof receipt before reproducible production OCI delivery
