rank,chart,version,user_status,chart_use_answer,first_base,catalog_path,current_proof,proof_lane_rows,proof_lane_summary,variant_revisions,recipe_paths,package_paths,coverage_status,coverage_evidence,hooks_route,hooks_evidence,quirks,quirk_route,quirk_evidence,runtime_gitops_results,runtime_gitops_receipts,gitops_health_residue,gitops_health_residue_evidence,live_compare_receipts,production_decisions,production_decision_paths,top500_route,user_must_provide,routed_or_absorbed,next_action
1,argo-cd/argo-cd,9.5.15,ready-to-try,yes-public-catalog,default,recipes/argo-cd/argo-cd/9.5.15/CATALOG.md,"catalog-supported-with-live-evidence (render parity 2/2, local live 1/2, live parity 2/2)",default;no-crds,default render=pass confighub=pass local=pass gitops=pass live-parity=pass two-cluster=missing; no-crds render=pass confighub=pass local=blocked gitops=pass/runtime-blocked live-parity=pass two-cluster=pass,recipes/argo-cd/argo-cd/9.5.15/revisions/default/r001/variant-revision.yaml;recipes/argo-cd/argo-cd/9.5.15/revisions/no-crds/r001/variant-revision.yaml,recipes/argo-cd/argo-cd/9.5.15,packages/argo-cd/argo-cd/9.5.15,covered,recipes/argo-cd/argo-cd/9.5.15/source-lock.yaml;recipes/argo-cd/argo-cd/9.5.15/CATALOG.md;recipes/argo-cd/argo-cd/9.5.15/revisions/default/r001/variant-revision.yaml;recipes/argo-cd/argo-cd/9.5.15/helm-pain-report.yaml;recipes/argo-cd/argo-cd/9.5.15/control-points.yaml;data/outcome-coverage/feature-outcomes.csv;recipes/argo-cd/argo-cd/9.5.15/value-model.yaml;recipes/argo-cd/argo-cd/9.5.15/helm-plan.yaml;recipes/argo-cd/argo-cd/9.5.15/publication/installer-package-receipt.yaml;data/production-disposition/summary.md;data/outcome-coverage/chart-outcomes.csv;data/outcome-coverage/base-outcomes.csv;data/live-kind-parity/summary.md;data/live-helm-confighub-compare/summary.md;site/catalog.json,,,crds;existing-secret;extension-slots,,,no-crds:Argo CD OCI:blocked,data/runtime-gitops/receipts/argo-cd-argo-cd/no-crds/latest.yaml,,,runs/live-helm-confighub-compare/argo-cd-argo-cd-default/receipt.yaml;runs/live-helm-confighub-compare/argo-cd-argo-cd-no-crds/receipt.yaml,default:supported:fresh-target-evidence-passed,data/production-support-decisions/argo-cd-argo-cd/support-decision.yaml,,an existing Secret for some bases (buildable — not yet run); a CRD ownership choice (crds vs no-crds base),exact rendered objects with render parity and receipts; CRD handling split into explicit bases; extension slots routed to reviewed bases,image policy decision recorded for a target scope; create digest-pinned bases or overrides for stricter scopes
2,bitnami/mongodb,19.0.7,ready-to-try,yes-public-catalog,generated-passwords,recipes/bitnami/mongodb/19.0.7/CATALOG.md,"catalog-supported-with-live-evidence (render parity 2/2, local live 2/2, live parity 2/2)",existing-secret-replicaset;generated-passwords,existing-secret-replicaset render=pass confighub=pass local=pass gitops=pass live-parity=pass two-cluster=pass; generated-passwords render=pass confighub=pass local=pass gitops=pass live-parity=pass two-cluster=pass,recipes/bitnami/mongodb/19.0.7/revisions/existing-secret-replicaset/r001/variant-revision.yaml;recipes/bitnami/mongodb/19.0.7/revisions/generated-passwords/r001/variant-revision.yaml,recipes/bitnami/mongodb/19.0.7,packages/bitnami/mongodb/19.0.7,covered,recipes/bitnami/mongodb/19.0.7/source-lock.yaml;recipes/bitnami/mongodb/19.0.7/CATALOG.md;recipes/bitnami/mongodb/19.0.7/revisions/existing-secret-replicaset/r001/variant-revision.yaml;recipes/bitnami/mongodb/19.0.7/helm-pain-report.yaml;recipes/bitnami/mongodb/19.0.7/control-points.yaml;data/outcome-coverage/feature-outcomes.csv;recipes/bitnami/mongodb/19.0.7/value-model.yaml;recipes/bitnami/mongodb/19.0.7/helm-plan.yaml;recipes/bitnami/mongodb/19.0.7/publication/installer-package-receipt.yaml;data/production-disposition/summary.md;data/outcome-coverage/chart-outcomes.csv;data/outcome-coverage/base-outcomes.csv;data/live-kind-parity/summary.md;data/live-helm-confighub-compare/summary.md;site/catalog.json,,,generated-secrets;extension-slots;install-vs-upgrade-divergence;required-values;lookup;generated-facts;tpl;capabilities;rbac;storage,P0: model remote dependency closure in chart facts and source/dependency lock evidence: dependency closure facts plus refresh-survival check,mongodb/charts/common/templates/_capabilities.tpl;mongodb/charts/common/templates/_secrets.tpl;mongodb/templates/secrets.yaml;mongodb/templates/mcp/ingress-tls-secret.yaml,,,,,runs/live-helm-confighub-compare/bitnami-mongodb-generated-passwords/receipt.yaml;runs/live-helm-confighub-compare/bitnami-mongodb-existing-secret-replicaset/receipt.yaml,generated-passwords:supported:fresh-target-evidence-passed,data/production-support-decisions/bitnami-mongodb/support-decision.yaml,rank 28: catalog-supported: proof:2 revision(s): production-review-ready: review source/current-version drift and refresh recipe if needed,a StorageClass / storage decision; target facts at variant time; mandatory chart inputs,exact rendered objects with render parity and receipts; generated Secrets separated out of the published artifact; extension slots routed to reviewed bases; install-vs-upgrade render divergence captured per revision; cluster lookups lifted into declared target facts,"record the target-scoped lifecycle support decision, then refresh live/e2e evidence for that scope"
3,bitnami/mysql,14.0.3,ready-to-try,yes-public-catalog,generated-passwords,recipes/bitnami/mysql/14.0.3/CATALOG.md,"catalog-supported-with-live-evidence (render parity 2/2, local live 2/2, live parity 2/2)",existing-secret;generated-passwords,existing-secret render=pass confighub=pass local=pass gitops=pass live-parity=pass two-cluster=pass; generated-passwords render=pass confighub=pass local=pass gitops=pass live-parity=pass two-cluster=pass,recipes/bitnami/mysql/14.0.3/revisions/existing-secret/r001/variant-revision.yaml;recipes/bitnami/mysql/14.0.3/revisions/generated-passwords/r001/variant-revision.yaml,recipes/bitnami/mysql/14.0.3,packages/bitnami/mysql/14.0.3,covered,recipes/bitnami/mysql/14.0.3/source-lock.yaml;recipes/bitnami/mysql/14.0.3/CATALOG.md;recipes/bitnami/mysql/14.0.3/revisions/existing-secret/r001/variant-revision.yaml;recipes/bitnami/mysql/14.0.3/helm-pain-report.yaml;recipes/bitnami/mysql/14.0.3/control-points.yaml;data/outcome-coverage/feature-outcomes.csv;recipes/bitnami/mysql/14.0.3/value-model.yaml;recipes/bitnami/mysql/14.0.3/helm-plan.yaml;recipes/bitnami/mysql/14.0.3/publication/installer-package-receipt.yaml;data/production-disposition/summary.md;data/outcome-coverage/chart-outcomes.csv;data/outcome-coverage/base-outcomes.csv;data/live-kind-parity/summary.md;data/live-helm-confighub-compare/summary.md;site/catalog.json,,,generated-secrets;existing-secret;install-vs-upgrade-divergence;required-values;lookup;generated-facts;tpl;capabilities;storage,P0: model remote dependency closure in chart facts and source/dependency lock evidence: dependency closure facts plus refresh-survival check,mysql/charts/common/templates/_capabilities.tpl;mysql/charts/common/templates/_secrets.tpl;mysql/templates/tls-secret.yaml;mysql/templates/primary/statefulset.yaml,,,,,runs/live-helm-confighub-compare/bitnami-mysql-generated-passwords/receipt.yaml;runs/live-helm-confighub-compare/bitnami-mysql-existing-secret/receipt.yaml,generated-passwords:supported:fresh-target-evidence-passed,data/production-support-decisions/bitnami-mysql/support-decision.yaml,rank 24: catalog-supported: proof:2 revision(s): production-review-ready: record target-scoped support decision and refresh live/e2e observation lane,an existing Secret for some bases (built); a StorageClass / storage decision; target facts at variant time; mandatory chart inputs,exact rendered objects with render parity and receipts; generated Secrets separated out of the published artifact; install-vs-upgrade render divergence captured per revision; cluster lookups lifted into declared target facts,image policy decision recorded for a target scope; create digest-pinned bases or overrides for stricter scopes
4,bitnami/nginx,24.0.2,ready-to-try,yes-public-catalog,http-clusterip,recipes/bitnami/nginx/24.0.2/CATALOG.md,"catalog-supported-with-live-evidence (render parity 2/2, local live 2/2, live parity 2/2)",existing-tls-ingress;http-clusterip,existing-tls-ingress render=pass confighub=pass local=pass gitops=pass live-parity=pass two-cluster=pass; http-clusterip render=pass confighub=pass local=pass gitops=pass/runtime-pass live-parity=pass two-cluster=pass,recipes/bitnami/nginx/24.0.2/revisions/existing-tls-ingress/r001/variant-revision.yaml;recipes/bitnami/nginx/24.0.2/revisions/http-clusterip/r001/variant-revision.yaml,recipes/bitnami/nginx/24.0.2,packages/bitnami/nginx/24.0.2,covered,recipes/bitnami/nginx/24.0.2/source-lock.yaml;recipes/bitnami/nginx/24.0.2/CATALOG.md;recipes/bitnami/nginx/24.0.2/revisions/existing-tls-ingress/r001/variant-revision.yaml;recipes/bitnami/nginx/24.0.2/helm-pain-report.yaml;recipes/bitnami/nginx/24.0.2/control-points.yaml;data/outcome-coverage/feature-outcomes.csv;recipes/bitnami/nginx/24.0.2/value-model.yaml;recipes/bitnami/nginx/24.0.2/helm-plan.yaml;recipes/bitnami/nginx/24.0.2/publication/installer-package-receipt.yaml;data/production-disposition/summary.md;data/outcome-coverage/chart-outcomes.csv;data/outcome-coverage/base-outcomes.csv;data/live-kind-parity/summary.md;data/live-helm-confighub-compare/summary.md;site/catalog.json,,,generated-secrets;existing-secret;extension-slots;install-vs-upgrade-divergence;lookup;generated-facts;tpl;capabilities,P0: model remote dependency closure in chart facts and source/dependency lock evidence: dependency closure facts plus refresh-survival check,nginx/charts/common/templates/_capabilities.tpl;nginx/charts/common/templates/_secrets.tpl;nginx/templates/ingress-tls-secret.yaml;nginx/templates/tls-secret.yaml,http-clusterip:Argo CD OCI:pass,data/runtime-gitops/receipts/bitnami-nginx/http-clusterip/latest.yaml,,,runs/live-helm-confighub-compare/bitnami-nginx-http-clusterip/receipt.yaml;runs/live-helm-confighub-compare/bitnami-nginx-existing-tls-ingress/receipt.yaml,http-clusterip:supported:fresh-target-evidence-passed,data/production-support-decisions/bitnami-nginx/support-decision.yaml,rank 48: catalog-supported: proof:2 revision(s): production-review-ready: record target-scoped support decision and refresh live/e2e observation lane,an existing Secret for some bases (NOT built - chart ships no Secret toggle); target facts at variant time,exact rendered objects with render parity and receipts; generated Secrets separated out of the published artifact; extension slots routed to reviewed bases; install-vs-upgrade render divergence captured per revision; cluster lookups lifted into declared target facts,"choose the supported production base and target scope, refresh live/e2e evidence, and record the final support decision"
5,bitnami/postgresql,18.6.7,ready-to-try,yes-public-catalog,generated-passwords,recipes/bitnami/postgresql/18.6.7/CATALOG.md,"catalog-supported-with-live-evidence (render parity 2/2, local live 2/2, live parity 2/2)",existing-secret;generated-passwords,existing-secret render=pass confighub=pass local=pass gitops=pass/runtime-pass live-parity=pass two-cluster=pass; generated-passwords render=pass confighub=pass local=pass gitops=pass live-parity=pass two-cluster=pass,recipes/bitnami/postgresql/18.6.7/revisions/existing-secret/r001/variant-revision.yaml;recipes/bitnami/postgresql/18.6.7/revisions/generated-passwords/r001/variant-revision.yaml,recipes/bitnami/postgresql/18.6.7,packages/bitnami/postgresql/18.6.7,covered,recipes/bitnami/postgresql/18.6.7/source-lock.yaml;recipes/bitnami/postgresql/18.6.7/CATALOG.md;recipes/bitnami/postgresql/18.6.7/revisions/existing-secret/r001/variant-revision.yaml;recipes/bitnami/postgresql/18.6.7/helm-pain-report.yaml;recipes/bitnami/postgresql/18.6.7/control-points.yaml;data/outcome-coverage/feature-outcomes.csv;recipes/bitnami/postgresql/18.6.7/value-model.yaml;recipes/bitnami/postgresql/18.6.7/helm-plan.yaml;recipes/bitnami/postgresql/18.6.7/publication/installer-package-receipt.yaml;data/production-disposition/summary.md;data/outcome-coverage/chart-outcomes.csv;data/outcome-coverage/base-outcomes.csv;data/live-kind-parity/summary.md;data/live-helm-confighub-compare/summary.md;site/catalog.json,,,generated-secrets;existing-secret;install-vs-upgrade-divergence;required-values;lookup;generated-facts;tpl;capabilities;storage,P0: model remote dependency closure in chart facts and source/dependency lock evidence: dependency closure facts plus refresh-survival check,postgresql/charts/common/templates/_capabilities.tpl;postgresql/charts/common/templates/_secrets.tpl;postgresql/templates/secrets.yaml;postgresql/templates/tls-secrets.yaml,existing-secret:Flux OCI:pass,data/runtime-gitops/receipts/bitnami-postgresql/existing-secret/latest.yaml,,,runs/live-helm-confighub-compare/bitnami-postgresql-generated-passwords/receipt.yaml;runs/live-helm-confighub-compare/bitnami-postgresql-existing-secret/receipt.yaml,generated-passwords:supported:fresh-target-evidence-passed,data/production-support-decisions/bitnami-postgresql/support-decision.yaml,rank 7: catalog-supported: proof:2 revision(s): production-review-ready: record target-scoped support decision and refresh live/e2e observation lane,an existing Secret for some bases (built); a StorageClass / storage decision; target facts at variant time; mandatory chart inputs,exact rendered objects with render parity and receipts; generated Secrets separated out of the published artifact; install-vs-upgrade render divergence captured per revision; cluster lookups lifted into declared target facts,"record the target-scoped lifecycle support decision, then refresh live/e2e evidence for that scope"
6,bitnami/rabbitmq,16.0.14,ready-to-try,yes-public-catalog,generated-passwords,recipes/bitnami/rabbitmq/16.0.14/CATALOG.md,"catalog-supported-with-live-evidence (render parity 2/2, local live 2/2, live parity 2/2)",existing-secret;generated-passwords,existing-secret render=pass confighub=pass local=pass gitops=pass live-parity=pass two-cluster=pass; generated-passwords render=pass confighub=pass local=pass gitops=pass live-parity=pass two-cluster=pass,recipes/bitnami/rabbitmq/16.0.14/revisions/existing-secret/r001/variant-revision.yaml;recipes/bitnami/rabbitmq/16.0.14/revisions/generated-passwords/r001/variant-revision.yaml,recipes/bitnami/rabbitmq/16.0.14,packages/bitnami/rabbitmq/16.0.14,covered,recipes/bitnami/rabbitmq/16.0.14/source-lock.yaml;recipes/bitnami/rabbitmq/16.0.14/CATALOG.md;recipes/bitnami/rabbitmq/16.0.14/revisions/existing-secret/r001/variant-revision.yaml;recipes/bitnami/rabbitmq/16.0.14/helm-pain-report.yaml;recipes/bitnami/rabbitmq/16.0.14/control-points.yaml;data/outcome-coverage/feature-outcomes.csv;recipes/bitnami/rabbitmq/16.0.14/value-model.yaml;recipes/bitnami/rabbitmq/16.0.14/helm-plan.yaml;recipes/bitnami/rabbitmq/16.0.14/publication/installer-package-receipt.yaml;data/production-disposition/summary.md;data/outcome-coverage/chart-outcomes.csv;data/outcome-coverage/base-outcomes.csv;data/live-kind-parity/summary.md;data/live-helm-confighub-compare/summary.md;site/catalog.json,,,generated-secrets;existing-secret;install-vs-upgrade-divergence;required-values;lookup;generated-facts;tpl;capabilities;storage,P0: model remote dependency closure in chart facts and source/dependency lock evidence: dependency closure facts plus refresh-survival check,rabbitmq/charts/common/templates/_capabilities.tpl;rabbitmq/templates/svc-headless.yaml;rabbitmq/charts/common/templates/_secrets.tpl;rabbitmq/templates/ingress-tls-secrets.yaml,,,,,runs/live-helm-confighub-compare/bitnami-rabbitmq-generated-passwords/receipt.yaml;runs/live-helm-confighub-compare/bitnami-rabbitmq-existing-secret/receipt.yaml,generated-passwords:supported:fresh-target-evidence-passed,data/production-support-decisions/bitnami-rabbitmq/support-decision.yaml,rank 20: catalog-supported: proof:2 revision(s): production-review-ready: record target-scoped support decision and refresh live/e2e observation lane,an existing Secret for some bases (built); a StorageClass / storage decision; target facts at variant time; mandatory chart inputs,exact rendered objects with render parity and receipts; generated Secrets separated out of the published artifact; install-vs-upgrade render divergence captured per revision; cluster lookups lifted into declared target facts,image policy decision recorded for a target scope; create digest-pinned bases or overrides for stricter scopes
7,bitnami/redis,25.5.3,ready-to-try,yes-public-catalog,default,recipes/bitnami/redis/25.5.3/CATALOG.md,"catalog-supported-with-live-evidence (render parity 2/2, local live 2/2, live parity 2/2)",default;reuse-existing-secret,default render=pass confighub=pass local=pass gitops=pass live-parity=pass two-cluster=pass; reuse-existing-secret render=pass confighub=pass local=pass gitops=pass/runtime-pass live-parity=pass two-cluster=pass,recipes/bitnami/redis/25.5.3/revisions/default/r001/variant-revision.yaml;recipes/bitnami/redis/25.5.3/revisions/reuse-existing-secret/r001/variant-revision.yaml,recipes/bitnami/redis/25.5.3,packages/bitnami/redis/25.5.3,covered,recipes/bitnami/redis/25.5.3/source-lock.yaml;recipes/bitnami/redis/25.5.3/CATALOG.md;recipes/bitnami/redis/25.5.3/revisions/default/r001/variant-revision.yaml;recipes/bitnami/redis/25.5.3/helm-pain-report.yaml;recipes/bitnami/redis/25.5.3/control-points.yaml;data/outcome-coverage/feature-outcomes.csv;recipes/bitnami/redis/25.5.3/value-model.yaml;recipes/bitnami/redis/25.5.3/helm-plan.yaml;recipes/bitnami/redis/25.5.3/publication/installer-package-receipt.yaml;data/production-disposition/summary.md;data/outcome-coverage/chart-outcomes.csv;data/outcome-coverage/base-outcomes.csv;data/live-kind-parity/summary.md;data/live-helm-confighub-compare/summary.md;site/catalog.json,,,generated-secrets;install-vs-upgrade-divergence;required-values;lookup;generated-facts;tpl;capabilities;storage,P0: model remote dependency closure in chart facts and source/dependency lock evidence: dependency closure facts plus refresh-survival check,redis/charts/common/templates/_capabilities.tpl;redis/charts/common/templates/_secrets.tpl;redis/templates/tls-secret.yaml;redis/templates/scripts-configmap.yaml,reuse-existing-secret:Flux OCI:pass,data/runtime-gitops/receipts/bitnami-redis/reuse-existing-secret/latest.yaml,,,runs/live-helm-confighub-compare/bitnami-redis-default/receipt.yaml;runs/live-helm-confighub-compare/bitnami-redis-reuse-existing-secret/receipt.yaml,default:supported:fresh-target-evidence-passed,data/production-support-decisions/bitnami-redis/support-decision.yaml,rank 6: catalog-supported: proof:2 revision(s): production-review-ready: record target-scoped support decision and refresh live/e2e observation lane,a StorageClass / storage decision; target facts at variant time; mandatory chart inputs,exact rendered objects with render parity and receipts; generated Secrets separated out of the published artifact; install-vs-upgrade render divergence captured per revision; cluster lookups lifted into declared target facts,"record the target-scoped lifecycle support decision, then refresh live/e2e evidence for that scope"
8,external-secrets/external-secrets,2.5.0,ready-to-try,yes-public-catalog,default,recipes/external-secrets/external-secrets/2.5.0/CATALOG.md,"catalog-supported-with-live-evidence (render parity 2/2, local live 2/2, live parity 2/2)",default;no-crds,default render=pass confighub=pass local=pass gitops=pass/runtime-pass+blocked live-parity=pass two-cluster=pass; no-crds render=pass confighub=pass local=pass gitops=pass/runtime-blocked live-parity=pass two-cluster=pass,recipes/external-secrets/external-secrets/2.5.0/revisions/default/r001/variant-revision.yaml;recipes/external-secrets/external-secrets/2.5.0/revisions/no-crds/r001/variant-revision.yaml,recipes/external-secrets/external-secrets/2.5.0,packages/external-secrets/external-secrets/2.5.0,covered,recipes/external-secrets/external-secrets/2.5.0/source-lock.yaml;recipes/external-secrets/external-secrets/2.5.0/CATALOG.md;recipes/external-secrets/external-secrets/2.5.0/revisions/default/r001/variant-revision.yaml;recipes/external-secrets/external-secrets/2.5.0/helm-pain-report.yaml;recipes/external-secrets/external-secrets/2.5.0/control-points.yaml;data/outcome-coverage/feature-outcomes.csv;recipes/external-secrets/external-secrets/2.5.0/value-model.yaml;recipes/external-secrets/external-secrets/2.5.0/helm-plan.yaml;recipes/external-secrets/external-secrets/2.5.0/publication/installer-package-receipt.yaml;data/production-disposition/summary.md;data/outcome-coverage/chart-outcomes.csv;data/outcome-coverage/base-outcomes.csv;data/live-kind-parity/summary.md;data/live-helm-confighub-compare/summary.md;site/catalog.json,,,crds;existing-secret;extension-slots,,,default:Argo CD OCI:pass;default:Argo CD OCI:pass;default:Argo CD OCI:blocked;no-crds:Argo CD OCI:blocked,data/runtime-gitops/receipts/external-secrets-external-secrets/default-fake-provider-roundtrip/latest.yaml;data/runtime-gitops/receipts/external-secrets-external-secrets/default-prestaged-secret/latest.yaml;data/runtime-gitops/receipts/external-secrets-external-secrets/default/latest.yaml;data/runtime-gitops/receipts/external-secrets-external-secrets/no-crds/latest.yaml,,,runs/live-helm-confighub-compare/external-secrets-external-secrets-default/receipt.yaml;runs/live-helm-confighub-compare/external-secrets-external-secrets-no-crds/receipt.yaml,default:supported:fresh-target-evidence-passed,data/production-support-decisions/external-secrets-external-secrets/support-decision.yaml,,an existing Secret for some bases (buildable — not yet run); a CRD ownership choice (crds vs no-crds base),exact rendered objects with render parity and receipts; CRD handling split into explicit bases; extension slots routed to reviewed bases,image policy decision recorded for a target scope; create digest-pinned bases or overrides for stricter scopes
9,grafana/grafana,10.5.15,ready-to-try,yes-public-catalog,existing-secret-ingress,recipes/grafana/grafana/10.5.15/CATALOG.md,"catalog-supported-with-live-evidence (render parity 2/2, local live 2/2, live parity 2/2)",existing-secret-ingress;generated-passwords,existing-secret-ingress render=pass confighub=pass local=pass gitops=pass live-parity=pass two-cluster=pass; generated-passwords render=pass confighub=pass local=pass gitops=pass live-parity=pass two-cluster=pass,recipes/grafana/grafana/10.5.15/revisions/existing-secret-ingress/r001/variant-revision.yaml;recipes/grafana/grafana/10.5.15/revisions/generated-passwords/r001/variant-revision.yaml,recipes/grafana/grafana/10.5.15,packages/grafana/grafana/10.5.15,covered,recipes/grafana/grafana/10.5.15/source-lock.yaml;recipes/grafana/grafana/10.5.15/CATALOG.md;recipes/grafana/grafana/10.5.15/revisions/existing-secret-ingress/r001/variant-revision.yaml;recipes/grafana/grafana/10.5.15/helm-pain-report.yaml;recipes/grafana/grafana/10.5.15/control-points.yaml;data/outcome-coverage/feature-outcomes.csv;recipes/grafana/grafana/10.5.15/value-model.yaml;recipes/grafana/grafana/10.5.15/helm-plan.yaml;recipes/grafana/grafana/10.5.15/publication/installer-package-receipt.yaml;data/production-disposition/summary.md;data/outcome-coverage/chart-outcomes.csv;data/outcome-coverage/base-outcomes.csv;data/live-kind-parity/summary.md;data/live-helm-confighub-compare/summary.md;site/catalog.json,,,extension-slots,,,,,,,runs/live-helm-confighub-compare/grafana-grafana-generated-passwords/receipt.yaml;runs/live-helm-confighub-compare/grafana-grafana-existing-secret-ingress/receipt.yaml,generated-passwords:superseded:not-production-supported-because-source-chart-is-deprecated,data/production-support-decisions/grafana-grafana/support-decision.yaml,,nothing beyond a cluster and namespace,exact rendered objects with render parity and receipts; extension slots routed to reviewed bases,resolve image digests for each affected variant before production OCI support
10,grafana/loki,7.0.0,ready-to-try,yes-public-catalog,single-binary-filesystem,recipes/grafana/loki/7.0.0/CATALOG.md,"catalog-supported-with-live-evidence (render parity 2/2, local live 2/2, live parity 2/2)",simple-scalable-minio;single-binary-filesystem,simple-scalable-minio render=pass confighub=pass local=pass gitops=pass live-parity=pass two-cluster=pass; single-binary-filesystem render=pass confighub=pass local=pass gitops=pass live-parity=pass two-cluster=pass,recipes/grafana/loki/7.0.0/revisions/simple-scalable-minio/r001/variant-revision.yaml;recipes/grafana/loki/7.0.0/revisions/single-binary-filesystem/r001/variant-revision.yaml,recipes/grafana/loki/7.0.0,packages/grafana/loki/7.0.0,covered,recipes/grafana/loki/7.0.0/source-lock.yaml;recipes/grafana/loki/7.0.0/CATALOG.md;recipes/grafana/loki/7.0.0/revisions/simple-scalable-minio/r001/variant-revision.yaml;recipes/grafana/loki/7.0.0/helm-pain-report.yaml;recipes/grafana/loki/7.0.0/control-points.yaml;data/outcome-coverage/feature-outcomes.csv;recipes/grafana/loki/7.0.0/value-model.yaml;recipes/grafana/loki/7.0.0/helm-plan.yaml;recipes/grafana/loki/7.0.0/publication/installer-package-receipt.yaml;data/production-disposition/summary.md;data/outcome-coverage/chart-outcomes.csv;data/outcome-coverage/base-outcomes.csv;data/live-kind-parity/summary.md;data/live-helm-confighub-compare/summary.md;site/catalog.json,,,crds;generated-secrets;webhooks;extension-slots;required-values;lookup;generated-facts;tpl;capabilities;rbac;storage,P0: model remote dependency closure in chart facts and source/dependency lock evidence: dependency closure facts plus refresh-survival check,loki/charts/minio/templates/_helpers.tpl;loki/charts/minio/templates/console-ingress.yaml;loki/charts/minio/templates/ingress.yaml;loki/templates/monitoring/dashboards/configmap-1.yaml,,,,,runs/live-helm-confighub-compare/grafana-loki-single-binary-filesystem/receipt.yaml;runs/live-helm-confighub-compare/grafana-loki-simple-scalable-minio/receipt.yaml,single-binary-filesystem:supported:fresh-target-evidence-passed,data/production-support-decisions/grafana-loki/support-decision.yaml,rank 10: catalog-supported: proof:2 revision(s): production-review-ready: record target-scoped support decision and refresh live/e2e observation lane,a StorageClass / storage decision; a CRD ownership choice (crds vs no-crds base); webhook/cert readiness at delivery time; target facts at variant time; mandatory chart inputs,exact rendered objects with render parity and receipts; generated Secrets separated out of the published artifact; CRD handling split into explicit bases; extension slots routed to reviewed bases; cluster lookups lifted into declared target facts,image policy decision recorded for a target scope; create digest-pinned bases or overrides for stricter scopes
11,grafana/tempo,1.24.4,ready-to-try,yes-public-catalog,local-persistent,recipes/grafana/tempo/1.24.4/CATALOG.md,"catalog-supported-with-live-evidence (render parity 2/2, local live 1/2, live parity 1/2)",local-persistent;s3-query-observability,local-persistent render=pass confighub=pass local=pass gitops=pass live-parity=pass two-cluster=pass; s3-query-observability render=pass confighub=pass local=blocked gitops=missing live-parity=missing two-cluster=pass,recipes/grafana/tempo/1.24.4/revisions/local-persistent/r001/variant-revision.yaml;recipes/grafana/tempo/1.24.4/revisions/s3-query-observability/r001/variant-revision.yaml,recipes/grafana/tempo/1.24.4,packages/grafana/tempo/1.24.4,covered,recipes/grafana/tempo/1.24.4/source-lock.yaml;recipes/grafana/tempo/1.24.4/CATALOG.md;recipes/grafana/tempo/1.24.4/revisions/local-persistent/r001/variant-revision.yaml;recipes/grafana/tempo/1.24.4/helm-pain-report.yaml;recipes/grafana/tempo/1.24.4/control-points.yaml;data/outcome-coverage/feature-outcomes.csv;recipes/grafana/tempo/1.24.4/value-model.yaml;recipes/grafana/tempo/1.24.4/helm-plan.yaml;recipes/grafana/tempo/1.24.4/publication/installer-package-receipt.yaml;data/production-disposition/summary.md;data/outcome-coverage/chart-outcomes.csv;data/outcome-coverage/base-outcomes.csv;data/live-kind-parity/summary.md;data/live-helm-confighub-compare/summary.md;site/catalog.json,,,extension-slots,,,,,,,runs/live-helm-confighub-compare/grafana-tempo-local-persistent/receipt.yaml,local-persistent:superseded:not-production-supported-because-source-chart-is-deprecated,data/production-support-decisions/grafana-tempo/support-decision.yaml,,nothing beyond a cluster and namespace,exact rendered objects with render parity and receipts; extension slots routed to reviewed bases,resolve image digests for each affected variant before production OCI support
12,hashicorp/consul,2.0.0,ready-to-try,yes-public-catalog,default-control-plane,recipes/hashicorp/consul/2.0.0/CATALOG.md,"catalog-supported-with-live-evidence (render parity 2/2, local live 1/2, live parity 1/2)",default-control-plane;secure-mesh-existing-secrets,default-control-plane render=pass confighub=pass local=pass gitops=pass live-parity=pass two-cluster=pass; secure-mesh-existing-secrets render=pass confighub=pass local=fail gitops=watch/runtime-blocked live-parity=watch two-cluster=pass,recipes/hashicorp/consul/2.0.0/revisions/default-control-plane/r001/variant-revision.yaml;recipes/hashicorp/consul/2.0.0/revisions/secure-mesh-existing-secrets/r001/variant-revision.yaml,recipes/hashicorp/consul/2.0.0,packages/hashicorp/consul/2.0.0,covered,recipes/hashicorp/consul/2.0.0/source-lock.yaml;recipes/hashicorp/consul/2.0.0/CATALOG.md;recipes/hashicorp/consul/2.0.0/revisions/default-control-plane/r001/variant-revision.yaml;recipes/hashicorp/consul/2.0.0/helm-pain-report.yaml;recipes/hashicorp/consul/2.0.0/control-points.yaml;data/outcome-coverage/feature-outcomes.csv;recipes/hashicorp/consul/2.0.0/value-model.yaml;recipes/hashicorp/consul/2.0.0/helm-plan.yaml;recipes/hashicorp/consul/2.0.0/publication/installer-package-receipt.yaml;data/production-disposition/summary.md;data/outcome-coverage/chart-outcomes.csv;data/outcome-coverage/base-outcomes.csv;data/live-kind-parity/summary.md;data/live-helm-confighub-compare/summary.md;site/catalog.json,,,webhooks;extension-slots;install-vs-upgrade-divergence;required-values;tpl;capabilities;rbac;storage,P2: promote version-conditional rendering into chart facts and variant-path coverage: chart facts axis plus capability/version matrix row,consul/templates/server-statefulset.yaml,secure-mesh-existing-secrets:Flux OCI:blocked,data/runtime-gitops/receipts/hashicorp-consul/secure-mesh-existing-secrets/latest.yaml,secure-mesh-existing-secrets:aggregate-progressing-with-blank-resource-health,runs/live-helm-confighub-compare/hashicorp-consul-secure-mesh-existing-secrets/receipt.yaml;data/gitops-health-residue/summary.md,runs/live-helm-confighub-compare/hashicorp-consul-default-control-plane/receipt.yaml;runs/live-helm-confighub-compare/hashicorp-consul-secure-mesh-existing-secrets/receipt.yaml,default-control-plane:supported:fresh-target-evidence-passed,data/production-support-decisions/hashicorp-consul/support-decision.yaml,rank 57: catalog-supported: proof:2 revision(s): production-review-ready: review source/current-version drift and refresh recipe if needed,a StorageClass / storage decision; webhook/cert readiness at delivery time; mandatory chart inputs,exact rendered objects with render parity and receipts; extension slots routed to reviewed bases; install-vs-upgrade render divergence captured per revision,image policy decision recorded for a target scope; create digest-pinned bases or overrides for stricter scopes
13,hashicorp/vault,0.32.0,ready-to-try,yes-public-catalog,default,recipes/hashicorp/vault/0.32.0/CATALOG.md,"catalog-supported-with-live-evidence (render parity 3/3, local live 2/3, live parity 2/3)",default;dev-mode;ha-raft-ui,default render=pass confighub=pass local=pass gitops=pass live-parity=pass two-cluster=pass; dev-mode render=pass confighub=pass local=pass gitops=pass live-parity=pass two-cluster=pass; ha-raft-ui render=pass confighub=pass local=blocked gitops=missing live-parity=missing two-cluster=pass,recipes/hashicorp/vault/0.32.0/revisions/default/r001/variant-revision.yaml;recipes/hashicorp/vault/0.32.0/revisions/dev-mode/r001/variant-revision.yaml;recipes/hashicorp/vault/0.32.0/revisions/ha-raft-ui/r001/variant-revision.yaml,recipes/hashicorp/vault/0.32.0,packages/hashicorp/vault/0.32.0,covered,recipes/hashicorp/vault/0.32.0/source-lock.yaml;recipes/hashicorp/vault/0.32.0/CATALOG.md;recipes/hashicorp/vault/0.32.0/revisions/default/r001/variant-revision.yaml;recipes/hashicorp/vault/0.32.0/helm-pain-report.yaml;recipes/hashicorp/vault/0.32.0/control-points.yaml;data/outcome-coverage/feature-outcomes.csv;recipes/hashicorp/vault/0.32.0/value-model.yaml;recipes/hashicorp/vault/0.32.0/helm-plan.yaml;recipes/hashicorp/vault/0.32.0/publication/installer-package-receipt.yaml;data/production-disposition/summary.md;data/outcome-coverage/chart-outcomes.csv;data/outcome-coverage/base-outcomes.csv;data/live-kind-parity/summary.md;data/live-helm-confighub-compare/summary.md;site/catalog.json,,,webhooks;extension-slots;required-values;tpl;capabilities;rbac;storage,P1: promote version-conditional rendering into chart facts and variant-path coverage: chart facts axis plus capability/version matrix row,vault/templates/server-ha-active-service.yaml;vault/templates/server-ha-standby-service.yaml;vault/templates/server-headless-service.yaml,,,,,runs/live-helm-confighub-compare/hashicorp-vault-dev-mode/receipt.yaml;runs/live-helm-confighub-compare/hashicorp-vault-default/receipt.yaml,dev-mode:rejected:not-production-supported-because-vault-dev-mode-is-local-only,data/production-support-decisions/hashicorp-vault/support-decision.yaml,rank 12: catalog-supported: proof:3 revision(s): production-review-ready: record target-scoped support decision and refresh live/e2e observation lane,a StorageClass / storage decision; webhook/cert readiness at delivery time; mandatory chart inputs,exact rendered objects with render parity and receipts; extension slots routed to reviewed bases,resolve image digests for each affected variant before production OCI support
14,ingress-nginx/ingress-nginx,4.15.1,ready-to-try,yes-public-catalog,internal-clusterip,recipes/ingress-nginx/ingress-nginx/4.15.1/CATALOG.md,"catalog-supported-with-live-evidence (render parity 3/3, local live 3/3, live parity 3/3)",admission-disabled;default;internal-clusterip,admission-disabled render=pass confighub=pass local=pass gitops=pass/runtime-watch live-parity=pass two-cluster=pass; default render=pass confighub=pass local=pass gitops=pass live-parity=pass two-cluster=pass; internal-clusterip render=pass confighub=pass local=pass gitops=pass/runtime-pass live-parity=pass two-cluster=pass,recipes/ingress-nginx/ingress-nginx/4.15.1/revisions/admission-disabled/r001/variant-revision.yaml;recipes/ingress-nginx/ingress-nginx/4.15.1/revisions/default/r001/variant-revision.yaml;recipes/ingress-nginx/ingress-nginx/4.15.1/revisions/internal-clusterip/r001/variant-revision.yaml,recipes/ingress-nginx/ingress-nginx/4.15.1,packages/ingress-nginx/ingress-nginx/4.15.1,covered,recipes/ingress-nginx/ingress-nginx/4.15.1/source-lock.yaml;recipes/ingress-nginx/ingress-nginx/4.15.1/CATALOG.md;recipes/ingress-nginx/ingress-nginx/4.15.1/revisions/admission-disabled/r001/variant-revision.yaml;recipes/ingress-nginx/ingress-nginx/4.15.1/helm-pain-report.yaml;recipes/ingress-nginx/ingress-nginx/4.15.1/control-points.yaml;data/outcome-coverage/feature-outcomes.csv;recipes/ingress-nginx/ingress-nginx/4.15.1/value-model.yaml;recipes/ingress-nginx/ingress-nginx/4.15.1/helm-plan.yaml;recipes/ingress-nginx/ingress-nginx/4.15.1/publication/installer-package-receipt.yaml;data/production-disposition/summary.md;data/outcome-coverage/chart-outcomes.csv;data/outcome-coverage/base-outcomes.csv;data/live-kind-parity/summary.md;data/live-helm-confighub-compare/summary.md;site/catalog.json,,,webhooks;required-values;tpl;capabilities;rbac,P1: promote version-conditional rendering into chart facts and variant-path coverage: chart facts axis plus capability/version matrix row,ingress-nginx/templates/NOTES.txt;ingress-nginx/templates/controller-daemonset.yaml;ingress-nginx/templates/controller-deployment.yaml,admission-disabled:Argo CD OCI:watch;internal-clusterip:Argo CD OCI:pass,data/runtime-gitops/receipts/ingress-nginx-ingress-nginx/admission-disabled/latest.yaml;data/runtime-gitops/receipts/ingress-nginx-ingress-nginx/internal-clusterip/latest.yaml,,,runs/live-helm-confighub-compare/ingress-nginx-ingress-nginx-internal-clusterip/receipt.yaml;runs/live-helm-confighub-compare/ingress-nginx-ingress-nginx-admission-disabled/receipt.yaml;runs/live-helm-confighub-compare/ingress-nginx-ingress-nginx-default/receipt.yaml,internal-clusterip:supported:fresh-target-evidence-passed,data/production-support-decisions/ingress-nginx-ingress-nginx/support-decision.yaml,rank 3: catalog-supported: proof:3 revision(s): production-review-ready: record target-scoped support decision and refresh live/e2e observation lane,webhook/cert readiness at delivery time; mandatory chart inputs,exact rendered objects with render parity and receipts,"record the target-scoped lifecycle support decision, then refresh live/e2e evidence for that scope"
15,jetstack/cert-manager,v1.20.2,ready-to-try,yes-public-catalog,crds-enabled,recipes/jetstack/cert-manager/v1.20.2/CATALOG.md,"catalog-supported-with-live-evidence (render parity 2/2, local live 2/2, live parity 2/2)",crds-enabled;default,crds-enabled render=pass confighub=pass local=pass gitops=pass live-parity=pass two-cluster=pass; default render=pass confighub=pass local=pass gitops=pass live-parity=pass two-cluster=pass,recipes/jetstack/cert-manager/v1.20.2/revisions/crds-enabled/r001/variant-revision.yaml;recipes/jetstack/cert-manager/v1.20.2/revisions/default/r001/variant-revision.yaml,recipes/jetstack/cert-manager/v1.20.2,packages/jetstack/cert-manager/v1.20.2,covered,recipes/jetstack/cert-manager/v1.20.2/source-lock.yaml;recipes/jetstack/cert-manager/v1.20.2/CATALOG.md;recipes/jetstack/cert-manager/v1.20.2/revisions/crds-enabled/r001/variant-revision.yaml;recipes/jetstack/cert-manager/v1.20.2/helm-pain-report.yaml;recipes/jetstack/cert-manager/v1.20.2/control-points.yaml;data/outcome-coverage/feature-outcomes.csv;recipes/jetstack/cert-manager/v1.20.2/value-model.yaml;recipes/jetstack/cert-manager/v1.20.2/helm-plan.yaml;recipes/jetstack/cert-manager/v1.20.2/publication/installer-package-receipt.yaml;data/production-disposition/summary.md;data/outcome-coverage/chart-outcomes.csv;data/outcome-coverage/base-outcomes.csv;data/live-kind-parity/summary.md;data/live-helm-confighub-compare/summary.md;site/catalog.json,,,extension-slots,,,,,,,runs/live-helm-confighub-compare/jetstack-cert-manager-crds-enabled/receipt.yaml;runs/live-helm-confighub-compare/jetstack-cert-manager-default/receipt.yaml,crds-enabled:supported:fresh-target-evidence-passed,data/production-support-decisions/jetstack-cert-manager/support-decision.yaml,,nothing beyond a cluster and namespace,exact rendered objects with render parity and receipts; extension slots routed to reviewed bases,write or fix the receipt for target fact preflight
16,longhorn/longhorn,1.11.2,ready-to-try,yes-public-catalog,default,recipes/longhorn/longhorn/1.11.2/CATALOG.md,"catalog-supported-with-live-evidence (render parity 2/2, local live 2/2, live parity 2/2)",default;ui-ingress,default render=pass confighub=pass local=pass gitops=pass live-parity=pass two-cluster=pass; ui-ingress render=pass confighub=pass local=pass gitops=pass live-parity=pass two-cluster=pass,recipes/longhorn/longhorn/1.11.2/revisions/default/r001/variant-revision.yaml;recipes/longhorn/longhorn/1.11.2/revisions/ui-ingress/r001/variant-revision.yaml,recipes/longhorn/longhorn/1.11.2,packages/longhorn/longhorn/1.11.2,covered,recipes/longhorn/longhorn/1.11.2/source-lock.yaml;recipes/longhorn/longhorn/1.11.2/CATALOG.md;recipes/longhorn/longhorn/1.11.2/revisions/default/r001/variant-revision.yaml;recipes/longhorn/longhorn/1.11.2/helm-pain-report.yaml;recipes/longhorn/longhorn/1.11.2/control-points.yaml;data/outcome-coverage/feature-outcomes.csv;recipes/longhorn/longhorn/1.11.2/value-model.yaml;recipes/longhorn/longhorn/1.11.2/helm-plan.yaml;recipes/longhorn/longhorn/1.11.2/publication/installer-package-receipt.yaml;data/production-disposition/summary.md;data/outcome-coverage/chart-outcomes.csv;data/outcome-coverage/base-outcomes.csv;data/live-kind-parity/summary.md;data/live-helm-confighub-compare/summary.md;site/catalog.json,,,required-values;generated-facts;tpl;rbac,"P2: classify generated values as generated facts, target facts, or existing-secret bases: generated-facts policy plus field reachability row",longhorn/templates/NOTES.txt;longhorn/templates/crds.yaml,,,,,runs/live-helm-confighub-compare/longhorn-longhorn-default/receipt.yaml;runs/live-helm-confighub-compare/longhorn-longhorn-ui-ingress/receipt.yaml,default:supported:fresh-target-evidence-passed,data/production-support-decisions/longhorn-longhorn/support-decision.yaml,rank 19: catalog-supported: proof:2 revision(s): production-review-ready: record target-scoped support decision and refresh live/e2e observation lane,target facts at variant time; mandatory chart inputs,exact rendered objects with render parity and receipts; cluster lookups lifted into declared target facts,"choose the supported production base, then record explicit security acceptance or create a hardened base before claiming production support"
17,metrics-server/metrics-server,3.13.0,ready-to-try,yes-public-catalog,default,recipes/metrics-server/metrics-server/3.13.0/CATALOG.md,"catalog-supported-with-live-evidence (render parity 2/2, local live 2/2, live parity 2/2)",default;external-tls-ca,default render=pass confighub=pass local=pass gitops=pass/runtime-pass live-parity=pass two-cluster=pass; external-tls-ca render=pass confighub=pass local=pass gitops=pass live-parity=pass two-cluster=pass,recipes/metrics-server/metrics-server/3.13.0/revisions/default/r001/variant-revision.yaml;recipes/metrics-server/metrics-server/3.13.0/revisions/external-tls-ca/r001/variant-revision.yaml,recipes/metrics-server/metrics-server/3.13.0,packages/metrics-server/metrics-server/3.13.0,covered,recipes/metrics-server/metrics-server/3.13.0/source-lock.yaml;recipes/metrics-server/metrics-server/3.13.0/CATALOG.md;recipes/metrics-server/metrics-server/3.13.0/revisions/default/r001/variant-revision.yaml;recipes/metrics-server/metrics-server/3.13.0/helm-pain-report.yaml;recipes/metrics-server/metrics-server/3.13.0/control-points.yaml;data/outcome-coverage/feature-outcomes.csv;recipes/metrics-server/metrics-server/3.13.0/value-model.yaml;recipes/metrics-server/metrics-server/3.13.0/helm-plan.yaml;recipes/metrics-server/metrics-server/3.13.0/publication/installer-package-receipt.yaml;data/production-disposition/summary.md;data/outcome-coverage/chart-outcomes.csv;data/outcome-coverage/base-outcomes.csv;data/live-kind-parity/summary.md;data/live-helm-confighub-compare/summary.md;site/catalog.json,,,generated-secrets;existing-secret;lookup;generated-facts;capabilities;rbac,P0: add an APIService readiness model and runtime observation route: chart facts axis plus lifecycle observation receipt,metrics-server/templates/_helpers.tpl;metrics-server/templates/pdb.yaml;metrics-server/templates/psp.yaml;metrics-server/templates/apiservice.yaml,default:Argo CD OCI:pass,data/runtime-gitops/receipts/metrics-server-metrics-server/default/latest.yaml,,,runs/live-helm-confighub-compare/metrics-server-metrics-server-default/receipt.yaml;runs/live-helm-confighub-compare/metrics-server-metrics-server-external-tls-ca/receipt.yaml,default:supported:fresh-target-evidence-passed,data/production-support-decisions/metrics-server-metrics-server/support-decision.yaml,rank 11: catalog-supported: proof:2 revision(s): production-review-ready: record target-scoped support decision and refresh live/e2e observation lane,an existing Secret for some bases (NOT built - chart ships no Secret toggle); target facts at variant time,exact rendered objects with render parity and receipts; generated Secrets separated out of the published artifact; cluster lookups lifted into declared target facts,image policy decision recorded for a target scope; create digest-pinned bases or overrides for stricter scopes
18,prometheus-community/kube-prometheus-stack,85.3.3,ready-to-try,yes-public-catalog,default,recipes/prometheus-community/kube-prometheus-stack/85.3.3/CATALOG.md,"catalog-supported-with-live-evidence (render parity 2/2, local live 2/2, live parity 2/2)",default;no-crds,default render=pass confighub=pass local=pass gitops=pass/runtime-pass live-parity=pass two-cluster=pass; no-crds render=pass confighub=pass local=pass gitops=pass/runtime-pass live-parity=pass two-cluster=pass,recipes/prometheus-community/kube-prometheus-stack/85.3.3/revisions/default/r001/variant-revision.yaml;recipes/prometheus-community/kube-prometheus-stack/85.3.3/revisions/no-crds/r001/variant-revision.yaml,recipes/prometheus-community/kube-prometheus-stack/85.3.3,packages/prometheus-community/kube-prometheus-stack/85.3.3,covered,recipes/prometheus-community/kube-prometheus-stack/85.3.3/source-lock.yaml;recipes/prometheus-community/kube-prometheus-stack/85.3.3/CATALOG.md;recipes/prometheus-community/kube-prometheus-stack/85.3.3/revisions/default/r001/variant-revision.yaml;recipes/prometheus-community/kube-prometheus-stack/85.3.3/helm-pain-report.yaml;recipes/prometheus-community/kube-prometheus-stack/85.3.3/control-points.yaml;data/outcome-coverage/feature-outcomes.csv;recipes/prometheus-community/kube-prometheus-stack/85.3.3/value-model.yaml;recipes/prometheus-community/kube-prometheus-stack/85.3.3/helm-plan.yaml;recipes/prometheus-community/kube-prometheus-stack/85.3.3/publication/installer-package-receipt.yaml;data/production-disposition/summary.md;data/outcome-coverage/chart-outcomes.csv;data/outcome-coverage/base-outcomes.csv;data/live-kind-parity/summary.md;data/live-helm-confighub-compare/summary.md;site/catalog.json,maintained-observed: preflight-or-presync;postsync-check-or-observation;upgrade-action-with-receipt;preserve-ordering;preserve-cleanup-policy;webhook-readiness-observation;target-facts-or-preflight,data/hook-lifecycle/maintained-hook-queue.csv;data/hook-lifecycle/receipts/prometheus-community-kube-prometheus-stack/default/latest.yaml,hooks;crds;generated-secrets;existing-secret;webhooks;extension-slots;install-vs-upgrade-divergence;required-values;lookup;generated-facts;tpl;capabilities;rbac;storage,P0: model remote dependency closure in chart facts and source/dependency lock evidence: dependency closure facts plus refresh-survival check,kube-prometheus-stack/templates/prometheus-operator/admission-webhooks/job-patch/ciliumnetworkpolicy-createSecret.yaml;kube-prometheus-stack/templates/prometheus-operator/admission-webhooks/job-patch/ciliumnetworkpolicy-patchWebhook.yaml,default:Argo CD OCI:pass;no-crds:Argo CD OCI:pass,data/runtime-gitops/receipts/prometheus-community-kube-prometheus-stack/default/latest.yaml;data/runtime-gitops/receipts/prometheus-community-kube-prometheus-stack/no-crds/latest.yaml,,,runs/live-helm-confighub-compare/prometheus-community-kube-prometheus-stack-default/receipt.yaml;runs/live-helm-confighub-compare/prometheus-community-kube-prometheus-stack-no-crds/receipt.yaml,default:supported:fresh-target-evidence-passed,data/production-support-decisions/prometheus-community-kube-prometheus-stack/support-decision.yaml,rank 1: catalog-supported: proof:2 revision(s): production-review-ready: review source/current-version drift and refresh recipe if needed,an existing Secret for some bases (NOT built - chart ships no Secret toggle); a StorageClass / storage decision; a CRD ownership choice (crds vs no-crds base); webhook/cert readiness at delivery time; target facts at variant time; mandatory chart inputs,exact rendered objects with render parity and receipts; generated Secrets separated out of the published artifact; CRD handling split into explicit bases; hooks classified and routed (not silently executed); extension slots routed to reviewed bases; install-vs-upgrade render divergence captured per revision; cluster lookups lifted into declared target facts,"choose the supported production base, then record explicit security acceptance or create a hardened base before claiming production support"
19,prometheus-community/prometheus,29.8.0,ready-to-try,yes-public-catalog,server-only-ephemeral,recipes/prometheus-community/prometheus/29.8.0/CATALOG.md,"catalog-supported-with-live-evidence (render parity 2/2, local live 2/2, live parity 2/2)",default;server-only-ephemeral,default render=pass confighub=pass local=pass gitops=pass live-parity=pass two-cluster=pass; server-only-ephemeral render=pass confighub=pass local=pass gitops=pass/runtime-pass live-parity=pass two-cluster=pass,recipes/prometheus-community/prometheus/29.8.0/revisions/default/r001/variant-revision.yaml;recipes/prometheus-community/prometheus/29.8.0/revisions/server-only-ephemeral/r001/variant-revision.yaml,recipes/prometheus-community/prometheus/29.8.0,packages/prometheus-community/prometheus/29.8.0,covered,recipes/prometheus-community/prometheus/29.8.0/source-lock.yaml;recipes/prometheus-community/prometheus/29.8.0/CATALOG.md;recipes/prometheus-community/prometheus/29.8.0/revisions/default/r001/variant-revision.yaml;recipes/prometheus-community/prometheus/29.8.0/helm-pain-report.yaml;recipes/prometheus-community/prometheus/29.8.0/control-points.yaml;data/outcome-coverage/feature-outcomes.csv;recipes/prometheus-community/prometheus/29.8.0/value-model.yaml;recipes/prometheus-community/prometheus/29.8.0/helm-plan.yaml;recipes/prometheus-community/prometheus/29.8.0/publication/installer-package-receipt.yaml;data/production-disposition/summary.md;data/outcome-coverage/chart-outcomes.csv;data/outcome-coverage/base-outcomes.csv;data/live-kind-parity/summary.md;data/live-helm-confighub-compare/summary.md;site/catalog.json,,,generated-secrets;extension-slots;required-values;generated-facts;tpl;capabilities;rbac;storage,P0: model remote dependency closure in chart facts and source/dependency lock evidence: dependency closure facts plus refresh-survival check,prometheus/charts/prometheus-node-exporter/templates/daemonset.yaml;prometheus/templates/deploy.yaml;prometheus/charts/kube-state-metrics/templates/NOTES.txt;prometheus/charts/prometheus-node-exporter/templates/NOTES.txt,server-only-ephemeral:Flux OCI:pass,data/runtime-gitops/receipts/prometheus-community-prometheus/server-only-ephemeral/latest.yaml,,,runs/live-helm-confighub-compare/prometheus-community-prometheus-server-only-ephemeral/receipt.yaml;runs/live-helm-confighub-compare/prometheus-community-prometheus-default/receipt.yaml,server-only-ephemeral:supported:fresh-target-evidence-passed,data/production-support-decisions/prometheus-community-prometheus/support-decision.yaml,rank 5: catalog-supported: proof:2 revision(s): production-review-ready: record target-scoped support decision and refresh live/e2e observation lane,a StorageClass / storage decision; target facts at variant time; mandatory chart inputs,exact rendered objects with render parity and receipts; generated Secrets separated out of the published artifact; extension slots routed to reviewed bases; cluster lookups lifted into declared target facts,"choose the supported production base, then record explicit security acceptance or create a hardened base before claiming production support"
20,secrets-store-csi-driver/secrets-store-csi-driver,1.6.0,ready-to-try,yes-public-catalog,default,recipes/secrets-store-csi-driver/secrets-store-csi-driver/1.6.0/CATALOG.md,"catalog-supported-with-live-evidence (render parity 2/2, local live 2/2, live parity 2/2)",default;sync-secret-rotation,default render=pass confighub=pass local=pass gitops=pass live-parity=pass two-cluster=pass; sync-secret-rotation render=pass confighub=pass local=pass gitops=pass live-parity=pass two-cluster=pass,recipes/secrets-store-csi-driver/secrets-store-csi-driver/1.6.0/revisions/default/r001/variant-revision.yaml;recipes/secrets-store-csi-driver/secrets-store-csi-driver/1.6.0/revisions/sync-secret-rotation/r001/variant-revision.yaml,recipes/secrets-store-csi-driver/secrets-store-csi-driver/1.6.0,packages/secrets-store-csi-driver/secrets-store-csi-driver/1.6.0,covered,recipes/secrets-store-csi-driver/secrets-store-csi-driver/1.6.0/source-lock.yaml;recipes/secrets-store-csi-driver/secrets-store-csi-driver/1.6.0/CATALOG.md;recipes/secrets-store-csi-driver/secrets-store-csi-driver/1.6.0/revisions/default/r001/variant-revision.yaml;recipes/secrets-store-csi-driver/secrets-store-csi-driver/1.6.0/helm-pain-report.yaml;recipes/secrets-store-csi-driver/secrets-store-csi-driver/1.6.0/control-points.yaml;data/outcome-coverage/feature-outcomes.csv;recipes/secrets-store-csi-driver/secrets-store-csi-driver/1.6.0/value-model.yaml;recipes/secrets-store-csi-driver/secrets-store-csi-driver/1.6.0/helm-plan.yaml;recipes/secrets-store-csi-driver/secrets-store-csi-driver/1.6.0/publication/installer-package-receipt.yaml;data/production-disposition/summary.md;data/outcome-coverage/chart-outcomes.csv;data/outcome-coverage/base-outcomes.csv;data/live-kind-parity/summary.md;data/live-helm-confighub-compare/summary.md;site/catalog.json,,,extension-slots,,,,,,,runs/live-helm-confighub-compare/secrets-store-csi-driver-secrets-store-csi-driver-default/receipt.yaml;runs/live-helm-confighub-compare/secrets-store-csi-driver-secrets-store-csi-driver-sync-secret-rotation/receipt.yaml,default:supported:fresh-target-evidence-passed,data/production-support-decisions/secrets-store-csi-driver-secrets-store-csi-driver/support-decision.yaml,,nothing beyond a cluster and namespace,exact rendered objects with render parity and receipts; extension slots routed to reviewed bases,"choose the supported production base, then record explicit security acceptance or create a hardened base before claiming production support"
21,traefik/traefik,40.2.0,not-ready-yet,decision-needed-first,default,recipes/traefik/traefik/40.2.0/CATALOG.md,"proof-grade-with-named-limitation (render parity 2/2, local live 2/2, live parity 1/2)",default;no-crds,default render=pass confighub=pass local=pass gitops=pass live-parity=pass two-cluster=missing; no-crds render=pass confighub=pass local=pass gitops=missing live-parity=missing two-cluster=missing,recipes/traefik/traefik/40.2.0/revisions/default/r001/variant-revision.yaml;recipes/traefik/traefik/40.2.0/revisions/no-crds/r001/variant-revision.yaml,recipes/traefik/traefik/40.2.0,packages/traefik/traefik/40.2.0,partial,recipes/traefik/traefik/40.2.0/source-lock.yaml;recipes/traefik/traefik/40.2.0/CATALOG.md;recipes/traefik/traefik/40.2.0/revisions/default/r001/variant-revision.yaml;recipes/traefik/traefik/40.2.0/helm-pain-report.yaml;recipes/traefik/traefik/40.2.0/control-points.yaml;data/outcome-coverage/feature-outcomes.csv;recipes/traefik/traefik/40.2.0/value-model.yaml;recipes/traefik/traefik/40.2.0/helm-plan.yaml;recipes/traefik/traefik/40.2.0/publication/installer-package-receipt.yaml;data/outcome-coverage/chart-outcomes.csv;data/outcome-coverage/base-outcomes.csv;data/live-kind-parity/summary.md;data/live-helm-confighub-compare/summary.md;site/catalog.json,,,crds;generated-secrets;existing-secret;webhooks;extension-slots;required-values;lookup;generated-facts;tpl;capabilities;rbac;storage,P0: promote version-conditional rendering into chart facts and variant-path coverage: chart facts axis plus capability/version matrix row,traefik/templates/NOTES.txt;traefik/templates/_helpers.tpl;traefik/templates/deployment.yaml,,,,,runs/live-helm-confighub-compare/traefik-traefik-default/receipt.yaml,,,rank 8: proof-grade: next80-full:2 revision(s): not-reviewed-for-production: run catalog promotion review,an existing Secret for some bases (NOT built - chart ships no Secret toggle); a StorageClass / storage decision; a CRD ownership choice (crds vs no-crds base); webhook/cert readiness at delivery time; target facts at variant time; mandatory chart inputs; a decision on the named limitation before use,exact rendered objects with render parity and receipts; generated Secrets separated out of the published artifact; CRD handling split into explicit bases; extension slots routed to reviewed bases; cluster lookups lifted into declared target facts,review limitation before promotion: existing-secret (chart ships no Secret toggle)
22,external-dns/external-dns,1.21.1,works-with-target-prerequisites,not-yet-public-catalog-proof-ready,dry-run-txt-registry,recipes/external-dns/external-dns/1.21.1/CATALOG.md,"proof-grade-ready-for-promotion-review (render parity 3/3, local live 3/3, live parity 3/3)",default;dry-run-txt-registry;no-crds,default render=pass confighub=pass local=pass gitops=pass live-parity=pass two-cluster=missing; dry-run-txt-registry render=pass confighub=pass local=pass gitops=pass live-parity=pass two-cluster=pass; no-crds render=pass confighub=pass local=pass gitops=pass live-parity=pass two-cluster=missing,recipes/external-dns/external-dns/1.21.1/revisions/default/r001/variant-revision.yaml;recipes/external-dns/external-dns/1.21.1/revisions/dry-run-txt-registry/r001/variant-revision.yaml;recipes/external-dns/external-dns/1.21.1/revisions/no-crds/r001/variant-revision.yaml,recipes/external-dns/external-dns/1.21.1,packages/external-dns/external-dns/1.21.1,partial,recipes/external-dns/external-dns/1.21.1/source-lock.yaml;recipes/external-dns/external-dns/1.21.1/CATALOG.md;recipes/external-dns/external-dns/1.21.1/revisions/default/r001/variant-revision.yaml;recipes/external-dns/external-dns/1.21.1/helm-pain-report.yaml;recipes/external-dns/external-dns/1.21.1/control-points.yaml;data/outcome-coverage/feature-outcomes.csv;recipes/external-dns/external-dns/1.21.1/value-model.yaml;recipes/external-dns/external-dns/1.21.1/helm-plan.yaml;recipes/external-dns/external-dns/1.21.1/publication/installer-package-receipt.yaml;data/outcome-coverage/chart-outcomes.csv;data/outcome-coverage/base-outcomes.csv;data/live-kind-parity/summary.md;data/live-helm-confighub-compare/summary.md;site/catalog.json,,,crds;existing-secret;extension-slots;required-values;tpl;rbac,"P2: promote required inputs into typed prompts, placeholders, or supported base choices: input contract row",,,,,,runs/live-helm-confighub-compare/external-dns-external-dns-default/receipt.yaml;runs/live-helm-confighub-compare/external-dns-external-dns-dry-run-txt-registry/receipt.yaml;runs/live-helm-confighub-compare/external-dns-external-dns-no-crds/receipt.yaml,,,rank 18: proof-grade: next80-full:3 revision(s): not-reviewed-for-production: run catalog promotion review,an existing Secret for some bases (buildable — not yet run); a CRD ownership choice (crds vs no-crds base); mandatory chart inputs,exact rendered objects with render parity and receipts; CRD handling split into explicit bases; extension slots routed to reviewed bases,run catalog promotion review
23,gitlab/gitlab-runner,0.89.0,needs-better-base-variant,not-yet-user-ready,default,recipes/gitlab/gitlab-runner/0.89.0/CATALOG.md,"proof-grade-needs-user-shaped-variant (render parity 1/1, local live 0/1, live parity 0/1)",default,default render=pass confighub=pass local=fail gitops=missing live-parity=missing two-cluster=missing,recipes/gitlab/gitlab-runner/0.89.0/revisions/default/r001/variant-revision.yaml,recipes/gitlab/gitlab-runner/0.89.0,packages/gitlab/gitlab-runner/0.89.0,partial,recipes/gitlab/gitlab-runner/0.89.0/source-lock.yaml;recipes/gitlab/gitlab-runner/0.89.0/CATALOG.md;recipes/gitlab/gitlab-runner/0.89.0/revisions/default/r001/variant-revision.yaml;recipes/gitlab/gitlab-runner/0.89.0/helm-pain-report.yaml;recipes/gitlab/gitlab-runner/0.89.0/control-points.yaml;data/outcome-coverage/feature-outcomes.csv;recipes/gitlab/gitlab-runner/0.89.0/value-model.yaml;recipes/gitlab/gitlab-runner/0.89.0/helm-plan.yaml;recipes/gitlab/gitlab-runner/0.89.0/publication/installer-package-receipt.yaml;data/outcome-coverage/chart-outcomes.csv;data/top100-readiness/readiness.csv;site/catalog.json,,,existing-secret;extension-slots;generated-facts;tpl;capabilities,"P2: classify generated values as generated facts, target facts, or existing-secret bases: generated-facts policy plus field reachability row",gitlab-runner/templates/NOTES.txt,,,,,,,,rank 21: proof-grade: next80-full:1 revision(s): not-reviewed-for-production: add user-shaped variants before catalog promotion,"an existing Secret for some bases (buildable — not yet run); target facts at variant time; your wanted install shape, until a reviewed base exists",exact rendered objects with render parity and receipts; extension slots routed to reviewed bases; cluster lookups lifted into declared target facts,add at least one user-shaped variant before catalog promotion
24,kyverno/kyverno,3.8.1,not-ready-yet,decision-needed-first,default,recipes/kyverno/kyverno/3.8.1/CATALOG.md,"proof-grade-with-named-limitation (render parity 2/2, local live 2/2, live parity 2/2)",default;no-crds,default render=pass confighub=pass local=pass gitops=pass live-parity=pass two-cluster=missing; no-crds render=pass confighub=pass local=pass gitops=pass live-parity=pass two-cluster=missing,recipes/kyverno/kyverno/3.8.1/revisions/default/r001/variant-revision.yaml;recipes/kyverno/kyverno/3.8.1/revisions/no-crds/r001/variant-revision.yaml,recipes/kyverno/kyverno/3.8.1,packages/kyverno/kyverno/3.8.1,partial,recipes/kyverno/kyverno/3.8.1/source-lock.yaml;recipes/kyverno/kyverno/3.8.1/CATALOG.md;recipes/kyverno/kyverno/3.8.1/revisions/default/r001/variant-revision.yaml;recipes/kyverno/kyverno/3.8.1/helm-pain-report.yaml;recipes/kyverno/kyverno/3.8.1/control-points.yaml;data/outcome-coverage/feature-outcomes.csv;recipes/kyverno/kyverno/3.8.1/value-model.yaml;recipes/kyverno/kyverno/3.8.1/helm-plan.yaml;recipes/kyverno/kyverno/3.8.1/publication/installer-package-receipt.yaml;data/outcome-coverage/chart-outcomes.csv;data/outcome-coverage/base-outcomes.csv;data/live-kind-parity/summary.md;data/live-helm-confighub-compare/summary.md;site/catalog.json,maintained-observed: upgrade-action-with-receipt;delete-cleanup-policy;explicit-test-check;preserve-ordering;preserve-cleanup-policy;target-facts-or-preflight,data/hook-lifecycle/maintained-hook-queue.csv;data/hook-lifecycle/receipts/kyverno-kyverno/default/latest.yaml,hooks;crds;generated-secrets;existing-secret;extension-slots;install-vs-upgrade-divergence;required-values;lookup;generated-facts;tpl;capabilities;rbac;storage,P0: model remote dependency closure in chart facts and source/dependency lock evidence: dependency closure facts plus refresh-survival check,kyverno/charts/reports-server/templates/hooks/pre-delete-api-service-cleanup.yaml;kyverno/templates/hooks/post-upgrade-migrate-resources.yaml;kyverno/templates/hooks/pre-delete-remove-webhooks.yaml,,,,,runs/live-helm-confighub-compare/kyverno-kyverno-default/receipt.yaml;runs/live-helm-confighub-compare/kyverno-kyverno-no-crds/receipt.yaml,,,rank 38: proof-grade: next80-full:2 revision(s): not-reviewed-for-production: run catalog promotion review,an existing Secret for some bases (NOT built - chart ships no Secret toggle); a StorageClass / storage decision; a CRD ownership choice (crds vs no-crds base); target facts at variant time; mandatory chart inputs; a decision on the named limitation before use,exact rendered objects with render parity and receipts; generated Secrets separated out of the published artifact; CRD handling split into explicit bases; hooks classified and routed (not silently executed); extension slots routed to reviewed bases; install-vs-upgrade render divergence captured per revision; cluster lookups lifted into declared target facts,review limitation before promotion: existing-secret (chart ships no Secret toggle)
25,cloudnative-pg/cloudnative-pg,0.28.2,works-with-target-prerequisites,not-yet-public-catalog-proof-ready,default,recipes/cloudnative-pg/cloudnative-pg/0.28.2/CATALOG.md,"proof-grade-ready-for-promotion-review (render parity 2/2, local live 1/2, live parity 1/2)",default;no-crds,default render=pass confighub=pass local=pass gitops=pass live-parity=pass two-cluster=pass; no-crds render=pass confighub=pass local=fail gitops=missing live-parity=missing two-cluster=missing,recipes/cloudnative-pg/cloudnative-pg/0.28.2/revisions/default/r001/variant-revision.yaml;recipes/cloudnative-pg/cloudnative-pg/0.28.2/revisions/no-crds/r001/variant-revision.yaml,recipes/cloudnative-pg/cloudnative-pg/0.28.2,packages/cloudnative-pg/cloudnative-pg/0.28.2,partial,recipes/cloudnative-pg/cloudnative-pg/0.28.2/source-lock.yaml;recipes/cloudnative-pg/cloudnative-pg/0.28.2/CATALOG.md;recipes/cloudnative-pg/cloudnative-pg/0.28.2/revisions/default/r001/variant-revision.yaml;recipes/cloudnative-pg/cloudnative-pg/0.28.2/helm-pain-report.yaml;recipes/cloudnative-pg/cloudnative-pg/0.28.2/control-points.yaml;data/outcome-coverage/feature-outcomes.csv;recipes/cloudnative-pg/cloudnative-pg/0.28.2/value-model.yaml;recipes/cloudnative-pg/cloudnative-pg/0.28.2/helm-plan.yaml;recipes/cloudnative-pg/cloudnative-pg/0.28.2/publication/installer-package-receipt.yaml;data/outcome-coverage/chart-outcomes.csv;data/outcome-coverage/base-outcomes.csv;data/live-kind-parity/summary.md;data/live-helm-confighub-compare/summary.md;site/catalog.json,,,crds;existing-secret;webhooks;extension-slots;generated-facts;tpl;rbac,P0: model remote dependency closure in chart facts and source/dependency lock evidence: dependency closure facts plus refresh-survival check,cloudnative-pg/charts/cluster/templates/sidecar-configmap.yaml;cloudnative-pg/templates/NOTES.txt,,,,,runs/live-helm-confighub-compare/cloudnative-pg-cloudnative-pg-default/receipt.yaml,,,rank 41: proof-grade: next80-full:2 revision(s): not-reviewed-for-production: run catalog promotion review,an existing Secret for some bases (buildable — not yet run); a CRD ownership choice (crds vs no-crds base); webhook/cert readiness at delivery time; target facts at variant time,exact rendered objects with render parity and receipts; CRD handling split into explicit bases; extension slots routed to reviewed bases; cluster lookups lifted into declared target facts,run catalog promotion review
26,fluent/fluent-bit,0.57.6,needs-better-base-variant,not-yet-user-ready,default,recipes/fluent/fluent-bit/0.57.6/CATALOG.md,"proof-grade-needs-user-shaped-variant (render parity 1/1, local live 1/1, live parity 1/1)",default,default render=pass confighub=pass local=pass gitops=pass live-parity=pass two-cluster=missing,recipes/fluent/fluent-bit/0.57.6/revisions/default/r001/variant-revision.yaml,recipes/fluent/fluent-bit/0.57.6,packages/fluent/fluent-bit/0.57.6,partial,recipes/fluent/fluent-bit/0.57.6/source-lock.yaml;recipes/fluent/fluent-bit/0.57.6/CATALOG.md;recipes/fluent/fluent-bit/0.57.6/revisions/default/r001/variant-revision.yaml;recipes/fluent/fluent-bit/0.57.6/helm-pain-report.yaml;recipes/fluent/fluent-bit/0.57.6/control-points.yaml;data/outcome-coverage/feature-outcomes.csv;recipes/fluent/fluent-bit/0.57.6/value-model.yaml;recipes/fluent/fluent-bit/0.57.6/helm-plan.yaml;recipes/fluent/fluent-bit/0.57.6/publication/installer-package-receipt.yaml;data/outcome-coverage/chart-outcomes.csv;data/outcome-coverage/base-outcomes.csv;data/live-kind-parity/summary.md;data/live-helm-confighub-compare/summary.md;site/catalog.json,maintained-observed: explicit-test-check;preserve-cleanup-policy,data/hook-lifecycle/maintained-hook-queue.csv;data/hook-lifecycle/receipts/fluent-fluent-bit/default/latest.yaml,hooks;extension-slots;tpl;capabilities;rbac,P0: choose a lifecycle route and commit a route or observation receipt: hook lifecycle route receipt,fluent-bit/templates/tests/test-connection.yaml;fluent-bit/templates/_helpers.tpl;fluent-bit/templates/clusterrole.yaml;fluent-bit/templates/psp.yaml,,,,,runs/live-helm-confighub-compare/fluent-fluent-bit-default/receipt.yaml,,,rank 42: proof-grade: next80-full:1 revision(s): not-reviewed-for-production: add user-shaped variants before catalog promotion,"your wanted install shape, until a reviewed base exists",exact rendered objects with render parity and receipts; hooks classified and routed (not silently executed); extension slots routed to reviewed bases,add at least one user-shaped variant before catalog promotion
27,runix/pgadmin4,1.62.0,needs-better-base-variant,not-yet-user-ready,default,recipes/runix/pgadmin4/1.62.0/CATALOG.md,"proof-grade-needs-user-shaped-variant (render parity 1/1, local live 1/1, live parity 0/1)",default,default render=pass confighub=pass local=pass gitops=missing live-parity=missing two-cluster=missing,recipes/runix/pgadmin4/1.62.0/revisions/default/r001/variant-revision.yaml,recipes/runix/pgadmin4/1.62.0,packages/runix/pgadmin4/1.62.0,partial,recipes/runix/pgadmin4/1.62.0/source-lock.yaml;recipes/runix/pgadmin4/1.62.0/CATALOG.md;recipes/runix/pgadmin4/1.62.0/revisions/default/r001/variant-revision.yaml;recipes/runix/pgadmin4/1.62.0/helm-pain-report.yaml;recipes/runix/pgadmin4/1.62.0/control-points.yaml;data/outcome-coverage/feature-outcomes.csv;recipes/runix/pgadmin4/1.62.0/value-model.yaml;recipes/runix/pgadmin4/1.62.0/helm-plan.yaml;recipes/runix/pgadmin4/1.62.0/publication/installer-package-receipt.yaml;data/outcome-coverage/chart-outcomes.csv;data/outcome-coverage/base-outcomes.csv;data/live-kind-parity/summary.md;data/live-helm-confighub-compare/summary.md;site/catalog.json,,,existing-secret;extension-slots;required-values;tpl;capabilities;storage,P2: promote version-conditional rendering into chart facts and variant-path coverage: chart facts axis plus capability/version matrix row,pgadmin4/templates/_helpers.tpl;pgadmin4/templates/hpa.yaml,,,,,,,,rank 45: proof-grade: next80-full:1 revision(s): not-reviewed-for-production: add user-shaped variants before catalog promotion,"an existing Secret for some bases (buildable — not yet run); a StorageClass / storage decision; mandatory chart inputs; your wanted install shape, until a reviewed base exists",exact rendered objects with render parity and receipts; extension slots routed to reviewed bases,add at least one user-shaped variant before catalog promotion
28,nfs-subdir-external-provisioner/nfs-subdir-external-provisioner,4.0.18,needs-better-base-variant,not-yet-user-ready,default,recipes/nfs-subdir-external-provisioner/nfs-subdir-external-provisioner/4.0.18/CATALOG.md,"proof-grade-needs-user-shaped-variant (render parity 1/1, local live 0/1, live parity 0/1)",default,default render=pass confighub=pass local=fail gitops=missing live-parity=missing two-cluster=missing,recipes/nfs-subdir-external-provisioner/nfs-subdir-external-provisioner/4.0.18/revisions/default/r001/variant-revision.yaml,recipes/nfs-subdir-external-provisioner/nfs-subdir-external-provisioner/4.0.18,packages/nfs-subdir-external-provisioner/nfs-subdir-external-provisioner/4.0.18,partial,recipes/nfs-subdir-external-provisioner/nfs-subdir-external-provisioner/4.0.18/source-lock.yaml;recipes/nfs-subdir-external-provisioner/nfs-subdir-external-provisioner/4.0.18/CATALOG.md;recipes/nfs-subdir-external-provisioner/nfs-subdir-external-provisioner/4.0.18/revisions/default/r001/variant-revision.yaml;recipes/nfs-subdir-external-provisioner/nfs-subdir-external-provisioner/4.0.18/helm-pain-report.yaml;recipes/nfs-subdir-external-provisioner/nfs-subdir-external-provisioner/4.0.18/control-points.yaml;data/outcome-coverage/feature-outcomes.csv;recipes/nfs-subdir-external-provisioner/nfs-subdir-external-provisioner/4.0.18/value-model.yaml;recipes/nfs-subdir-external-provisioner/nfs-subdir-external-provisioner/4.0.18/helm-plan.yaml;recipes/nfs-subdir-external-provisioner/nfs-subdir-external-provisioner/4.0.18/publication/installer-package-receipt.yaml;data/outcome-coverage/chart-outcomes.csv;data/top100-readiness/readiness.csv;site/catalog.json,,,capabilities;rbac;storage,P2: promote version-conditional rendering into chart facts and variant-path coverage: chart facts axis plus capability/version matrix row,nfs-subdir-external-provisioner/templates/_helpers.tpl;nfs-subdir-external-provisioner/templates/deployment.yaml,,,,,,,,rank 51: proof-grade: next80-full:1 revision(s): not-reviewed-for-production: add user-shaped variants before catalog promotion,"a StorageClass / storage decision; your wanted install shape, until a reviewed base exists",exact rendered objects with render parity and receipts,add at least one user-shaped variant before catalog promotion
29,kedacore/keda,2.19.0,works-with-operator-review,not-yet-public-catalog-proof-ready,default,recipes/kedacore/keda/2.19.0/CATALOG.md,"proof-grade-ready-for-promotion-review (render parity 2/2, local live 2/2, live parity 2/2)",default;no-crds,default render=pass confighub=pass local=pass gitops=pass/runtime-pass live-parity=pass two-cluster=pass; no-crds render=pass confighub=pass local=pass gitops=pass live-parity=pass two-cluster=missing,recipes/kedacore/keda/2.19.0/revisions/default/r001/variant-revision.yaml;recipes/kedacore/keda/2.19.0/revisions/no-crds/r001/variant-revision.yaml,recipes/kedacore/keda/2.19.0,packages/kedacore/keda/2.19.0,partial,recipes/kedacore/keda/2.19.0/source-lock.yaml;recipes/kedacore/keda/2.19.0/CATALOG.md;recipes/kedacore/keda/2.19.0/revisions/default/r001/variant-revision.yaml;recipes/kedacore/keda/2.19.0/helm-pain-report.yaml;recipes/kedacore/keda/2.19.0/control-points.yaml;data/outcome-coverage/feature-outcomes.csv;recipes/kedacore/keda/2.19.0/value-model.yaml;recipes/kedacore/keda/2.19.0/helm-plan.yaml;recipes/kedacore/keda/2.19.0/publication/installer-package-receipt.yaml;data/outcome-coverage/chart-outcomes.csv;data/outcome-coverage/base-outcomes.csv;data/live-kind-parity/summary.md;data/live-helm-confighub-compare/summary.md;site/catalog.json,,,crds;webhooks;extension-slots;tpl;capabilities;rbac,P0: add an APIService readiness model and runtime observation route: chart facts axis plus lifecycle observation receipt,,default:Argo CD OCI:pass,data/runtime-gitops/receipts/kedacore-keda/default/latest.yaml,,,runs/live-helm-confighub-compare/kedacore-keda-default/receipt.yaml;runs/live-helm-confighub-compare/kedacore-keda-no-crds/receipt.yaml,,,rank 53: proof-grade: next80-full:2 revision(s): not-reviewed-for-production: run catalog promotion review,a CRD ownership choice (crds vs no-crds base); webhook/cert readiness at delivery time,exact rendered objects with render parity and receipts; CRD handling split into explicit bases; extension slots routed to reviewed bases,"run APIService promotion review: choose supported base, target scope, CRD ownership path, and evidence refresh rule using the committed aggregation receipt"
30,prometheus-community/kube-state-metrics,7.4.0,works-with-target-prerequisites,not-yet-public-catalog-proof-ready,cluster-metrics-readonly,recipes/prometheus-community/kube-state-metrics/7.4.0/CATALOG.md,"proof-grade-ready-for-promotion-review (render parity 2/2, local live 2/2, live parity 1/2)",cluster-metrics-readonly;default,cluster-metrics-readonly render=pass confighub=pass local=pass gitops=pass live-parity=pass two-cluster=pass; default render=pass confighub=pass local=pass gitops=missing live-parity=missing two-cluster=missing,recipes/prometheus-community/kube-state-metrics/7.4.0/revisions/cluster-metrics-readonly/r001/variant-revision.yaml;recipes/prometheus-community/kube-state-metrics/7.4.0/revisions/default/r001/variant-revision.yaml,recipes/prometheus-community/kube-state-metrics/7.4.0,packages/prometheus-community/kube-state-metrics/7.4.0,partial,recipes/prometheus-community/kube-state-metrics/7.4.0/source-lock.yaml;recipes/prometheus-community/kube-state-metrics/7.4.0/CATALOG.md;recipes/prometheus-community/kube-state-metrics/7.4.0/revisions/cluster-metrics-readonly/r001/variant-revision.yaml;recipes/prometheus-community/kube-state-metrics/7.4.0/helm-pain-report.yaml;recipes/prometheus-community/kube-state-metrics/7.4.0/control-points.yaml;data/outcome-coverage/feature-outcomes.csv;recipes/prometheus-community/kube-state-metrics/7.4.0/value-model.yaml;recipes/prometheus-community/kube-state-metrics/7.4.0/helm-plan.yaml;recipes/prometheus-community/kube-state-metrics/7.4.0/publication/installer-package-receipt.yaml;data/outcome-coverage/chart-outcomes.csv;data/outcome-coverage/base-outcomes.csv;data/live-kind-parity/summary.md;data/live-helm-confighub-compare/summary.md;site/catalog.json,,,existing-secret;extension-slots;generated-facts;tpl;capabilities;rbac;storage,"P2: classify generated values as generated facts, target facts, or existing-secret bases: generated-facts policy plus field reachability row",kube-state-metrics/templates/NOTES.txt,,,,,runs/live-helm-confighub-compare/prometheus-community-kube-state-metrics-cluster-metrics-readonly/receipt.yaml,,,rank 58: proof-grade: next80-full:1 revision(s): not-reviewed-for-production: add user-shaped variants before catalog promotion,an existing Secret for some bases (buildable — not yet run); a StorageClass / storage decision; target facts at variant time,exact rendered objects with render parity and receipts; extension slots routed to reviewed bases; cluster lookups lifted into declared target facts,run catalog promotion review
31,elastic/eck-operator,3.4.0,works-with-target-prerequisites,not-yet-public-catalog-proof-ready,default,recipes/elastic/eck-operator/3.4.0/CATALOG.md,"proof-grade-ready-for-promotion-review (render parity 3/3, local live 3/3, live parity 3/3)",default;ha;no-crds,default render=pass confighub=pass local=pass gitops=pass live-parity=pass two-cluster=pass; ha render=pass confighub=pass local=pass gitops=pass live-parity=pass two-cluster=missing; no-crds render=pass confighub=pass local=pass gitops=pass live-parity=pass two-cluster=missing,recipes/elastic/eck-operator/3.4.0/revisions/default/r001/variant-revision.yaml;recipes/elastic/eck-operator/3.4.0/revisions/ha/r001/variant-revision.yaml;recipes/elastic/eck-operator/3.4.0/revisions/no-crds/r001/variant-revision.yaml,recipes/elastic/eck-operator/3.4.0,packages/elastic/eck-operator/3.4.0,partial,recipes/elastic/eck-operator/3.4.0/source-lock.yaml;recipes/elastic/eck-operator/3.4.0/CATALOG.md;recipes/elastic/eck-operator/3.4.0/revisions/default/r001/variant-revision.yaml;recipes/elastic/eck-operator/3.4.0/helm-pain-report.yaml;recipes/elastic/eck-operator/3.4.0/control-points.yaml;data/outcome-coverage/feature-outcomes.csv;recipes/elastic/eck-operator/3.4.0/value-model.yaml;recipes/elastic/eck-operator/3.4.0/helm-plan.yaml;recipes/elastic/eck-operator/3.4.0/publication/installer-package-receipt.yaml;data/outcome-coverage/chart-outcomes.csv;data/outcome-coverage/base-outcomes.csv;data/live-kind-parity/summary.md;data/live-helm-confighub-compare/summary.md;site/catalog.json,,,crds;existing-secret;webhooks;extension-slots;required-values;tpl;capabilities;rbac;storage,P2: bind the render to named capability profiles and test the important alternate profile: capability profile matrix row,,,,,,runs/live-helm-confighub-compare/elastic-eck-operator-default/receipt.yaml;runs/live-helm-confighub-compare/elastic-eck-operator-ha/receipt.yaml;runs/live-helm-confighub-compare/elastic-eck-operator-no-crds/receipt.yaml,,,rank 60: proof-grade: next80-full:3 revision(s): not-reviewed-for-production: run catalog promotion review,an existing Secret for some bases (buildable — not yet run); a StorageClass / storage decision; a CRD ownership choice (crds vs no-crds base); webhook/cert readiness at delivery time; mandatory chart inputs,exact rendered objects with render parity and receipts; CRD handling split into explicit bases; extension slots routed to reviewed bases,run catalog promotion review
32,elastic/kibana,8.5.1,needs-better-base-variant,not-yet-user-ready,default,recipes/elastic/kibana/8.5.1/CATALOG.md,"proof-grade-needs-user-shaped-variant (render parity 1/1, local live 0/1, live parity 0/1)",default,default render=pass confighub=missing local=blocked gitops=missing live-parity=missing two-cluster=missing,recipes/elastic/kibana/8.5.1/revisions/default/r001/variant-revision.yaml,recipes/elastic/kibana/8.5.1,packages/elastic/kibana/8.5.1,partial,recipes/elastic/kibana/8.5.1/source-lock.yaml;recipes/elastic/kibana/8.5.1/CATALOG.md;recipes/elastic/kibana/8.5.1/revisions/default/r001/variant-revision.yaml;recipes/elastic/kibana/8.5.1/helm-pain-report.yaml;recipes/elastic/kibana/8.5.1/control-points.yaml;data/outcome-coverage/feature-outcomes.csv;recipes/elastic/kibana/8.5.1/value-model.yaml;recipes/elastic/kibana/8.5.1/helm-plan.yaml;recipes/elastic/kibana/8.5.1/publication/installer-package-receipt.yaml;data/outcome-coverage/chart-outcomes.csv;data/top100-readiness/readiness.csv;site/catalog.json,,,extension-slots;tpl,,,,,,,,,,rank 62: proof-grade: next80-full:1 revision(s): not-reviewed-for-production: add user-shaped variants before catalog promotion,"your wanted install shape, until a reviewed base exists",exact rendered objects with render parity and receipts; extension slots routed to reviewed bases,add at least one user-shaped variant before catalog promotion
33,descheduler/descheduler,0.36.0,needs-better-base-variant,not-yet-user-ready,default,recipes/descheduler/descheduler/0.36.0/CATALOG.md,"proof-grade-needs-user-shaped-variant (render parity 1/1, local live 1/1, live parity 1/1)",default,default render=pass confighub=pass local=pass gitops=pass live-parity=pass two-cluster=pass,recipes/descheduler/descheduler/0.36.0/revisions/default/r001/variant-revision.yaml,recipes/descheduler/descheduler/0.36.0,packages/descheduler/descheduler/0.36.0,partial,recipes/descheduler/descheduler/0.36.0/source-lock.yaml;recipes/descheduler/descheduler/0.36.0/CATALOG.md;recipes/descheduler/descheduler/0.36.0/revisions/default/r001/variant-revision.yaml;recipes/descheduler/descheduler/0.36.0/helm-pain-report.yaml;recipes/descheduler/descheduler/0.36.0/control-points.yaml;data/outcome-coverage/feature-outcomes.csv;recipes/descheduler/descheduler/0.36.0/value-model.yaml;recipes/descheduler/descheduler/0.36.0/helm-plan.yaml;recipes/descheduler/descheduler/0.36.0/publication/installer-package-receipt.yaml;data/outcome-coverage/chart-outcomes.csv;data/outcome-coverage/base-outcomes.csv;data/live-kind-parity/summary.md;data/live-helm-confighub-compare/summary.md;site/catalog.json,,,extension-slots;required-values;tpl;rbac,"P2: promote required inputs into typed prompts, placeholders, or supported base choices: input contract row",,,,,,runs/live-helm-confighub-compare/descheduler-descheduler-default/receipt.yaml,,,rank 64: proof-grade: next80-full:1 revision(s): not-reviewed-for-production: add user-shaped variants before catalog promotion,"mandatory chart inputs; your wanted install shape, until a reviewed base exists",exact rendered objects with render parity and receipts; extension slots routed to reviewed bases,add at least one user-shaped variant before catalog promotion
34,prometheus-community/prometheus-blackbox-exporter,11.10.0,works-with-operator-review,not-yet-public-catalog-proof-ready,cluster-metrics-readonly,recipes/prometheus-community/prometheus-blackbox-exporter/11.10.0/CATALOG.md,"proof-grade-ready-for-promotion-review (render parity 2/2, local live 2/2, live parity 1/2)",cluster-metrics-readonly;default,cluster-metrics-readonly render=pass confighub=pass local=pass gitops=pass live-parity=pass two-cluster=pass; default render=pass confighub=pass local=pass gitops=missing live-parity=missing two-cluster=missing,recipes/prometheus-community/prometheus-blackbox-exporter/11.10.0/revisions/cluster-metrics-readonly/r001/variant-revision.yaml;recipes/prometheus-community/prometheus-blackbox-exporter/11.10.0/revisions/default/r001/variant-revision.yaml,recipes/prometheus-community/prometheus-blackbox-exporter/11.10.0,packages/prometheus-community/prometheus-blackbox-exporter/11.10.0,partial,recipes/prometheus-community/prometheus-blackbox-exporter/11.10.0/source-lock.yaml;recipes/prometheus-community/prometheus-blackbox-exporter/11.10.0/CATALOG.md;recipes/prometheus-community/prometheus-blackbox-exporter/11.10.0/revisions/cluster-metrics-readonly/r001/variant-revision.yaml;recipes/prometheus-community/prometheus-blackbox-exporter/11.10.0/helm-pain-report.yaml;recipes/prometheus-community/prometheus-blackbox-exporter/11.10.0/control-points.yaml;data/outcome-coverage/feature-outcomes.csv;recipes/prometheus-community/prometheus-blackbox-exporter/11.10.0/value-model.yaml;recipes/prometheus-community/prometheus-blackbox-exporter/11.10.0/helm-plan.yaml;recipes/prometheus-community/prometheus-blackbox-exporter/11.10.0/publication/installer-package-receipt.yaml;data/outcome-coverage/chart-outcomes.csv;data/outcome-coverage/base-outcomes.csv;data/live-kind-parity/summary.md;data/live-helm-confighub-compare/summary.md;site/catalog.json,,,extension-slots;tpl;capabilities,P2: bind the render to named capability profiles and test the important alternate profile: capability profile matrix row,,,,,,runs/live-helm-confighub-compare/prometheus-community-prometheus-blackbox-exporter-cluster-metrics-readonly/receipt.yaml,,,rank 65: proof-grade: next80-full:1 revision(s): not-reviewed-for-production: add user-shaped variants before catalog promotion,nothing beyond a cluster and namespace,exact rendered objects with render parity and receipts; extension slots routed to reviewed bases,run catalog promotion review
35,bitnami/elasticsearch,22.1.6,not-ready-yet,decision-needed-first,default,recipes/bitnami/elasticsearch/22.1.6/CATALOG.md,"proof-grade-with-named-limitation (render parity 2/2, local live 0/2, live parity 0/2)",default;ha,default render=pass confighub=missing local=fail gitops=missing live-parity=missing two-cluster=missing; ha render=pass confighub=missing local=fail gitops=missing live-parity=missing two-cluster=missing,recipes/bitnami/elasticsearch/22.1.6/revisions/default/r001/variant-revision.yaml;recipes/bitnami/elasticsearch/22.1.6/revisions/ha/r001/variant-revision.yaml,recipes/bitnami/elasticsearch/22.1.6,packages/bitnami/elasticsearch/22.1.6,partial,recipes/bitnami/elasticsearch/22.1.6/source-lock.yaml;recipes/bitnami/elasticsearch/22.1.6/CATALOG.md;recipes/bitnami/elasticsearch/22.1.6/revisions/default/r001/variant-revision.yaml;recipes/bitnami/elasticsearch/22.1.6/helm-pain-report.yaml;recipes/bitnami/elasticsearch/22.1.6/control-points.yaml;data/outcome-coverage/feature-outcomes.csv;recipes/bitnami/elasticsearch/22.1.6/value-model.yaml;recipes/bitnami/elasticsearch/22.1.6/helm-plan.yaml;recipes/bitnami/elasticsearch/22.1.6/publication/installer-package-receipt.yaml;data/outcome-coverage/chart-outcomes.csv;data/top100-readiness/readiness.csv;limitation-review;site/catalog.json,,,generated-secrets;existing-secret;extension-slots;install-vs-upgrade-divergence;required-values;lookup;generated-facts;tpl;capabilities;storage,P0: model remote dependency closure in chart facts and source/dependency lock evidence: dependency closure facts plus refresh-survival check,elasticsearch/charts/common/templates/_capabilities.tpl;elasticsearch/charts/kibana/charts/common/templates/_capabilities.tpl;elasticsearch/charts/common/templates/_secrets.tpl;elasticsearch/charts/kibana/charts/common/templates/_secrets.tpl,,,,,,,,"rank 66: not-in-catalog: not-proved: none: create recipe, package, variants, rendered digest, scans, and receipts",an existing Secret for some bases (NOT built - chart ships no Secret toggle); a StorageClass / storage decision; target facts at variant time; mandatory chart inputs; a decision on the named limitation before use,exact rendered objects with render parity and receipts; generated Secrets separated out of the published artifact; extension slots routed to reviewed bases; install-vs-upgrade render divergence captured per revision; cluster lookups lifted into declared target facts,review limitation before promotion: existing-secret (chart ships no Secret toggle)
36,stakater/reloader,2.2.12,works-with-operator-review,not-yet-public-catalog-proof-ready,controller-default-reviewed,recipes/stakater/reloader/2.2.12/CATALOG.md,"proof-grade-ready-for-promotion-review (render parity 2/2, local live 2/2, live parity 1/2)",controller-default-reviewed;default,controller-default-reviewed render=pass confighub=pass local=pass gitops=pass live-parity=pass two-cluster=missing; default render=pass confighub=pass local=pass gitops=missing live-parity=missing two-cluster=missing,recipes/stakater/reloader/2.2.12/revisions/controller-default-reviewed/r001/variant-revision.yaml;recipes/stakater/reloader/2.2.12/revisions/default/r001/variant-revision.yaml,recipes/stakater/reloader/2.2.12,packages/stakater/reloader/2.2.12,partial,recipes/stakater/reloader/2.2.12/source-lock.yaml;recipes/stakater/reloader/2.2.12/CATALOG.md;recipes/stakater/reloader/2.2.12/revisions/controller-default-reviewed/r001/variant-revision.yaml;recipes/stakater/reloader/2.2.12/helm-pain-report.yaml;recipes/stakater/reloader/2.2.12/control-points.yaml;data/outcome-coverage/feature-outcomes.csv;recipes/stakater/reloader/2.2.12/value-model.yaml;recipes/stakater/reloader/2.2.12/helm-plan.yaml;recipes/stakater/reloader/2.2.12/publication/installer-package-receipt.yaml;data/outcome-coverage/chart-outcomes.csv;data/outcome-coverage/base-outcomes.csv;data/live-kind-parity/summary.md;data/live-helm-confighub-compare/summary.md;site/catalog.json,,,extension-slots;tpl;capabilities;rbac,P2: bind the render to named capability profiles and test the important alternate profile: capability profile matrix row,,,,,,runs/live-helm-confighub-compare/stakater-reloader-controller-default-reviewed/receipt.yaml,,,rank 67: proof-grade: next80-full:1 revision(s): not-reviewed-for-production: review source/current-version drift and refresh recipe if needed,nothing beyond a cluster and namespace,exact rendered objects with render parity and receipts; extension slots routed to reviewed bases,run catalog promotion review
37,jaegertracing/jaeger,4.8.0,needs-better-base-variant,not-yet-user-ready,default,recipes/jaegertracing/jaeger/4.8.0/CATALOG.md,"proof-grade-needs-user-shaped-variant (render parity 1/1, local live 1/1, live parity 0/1)",default,default render=pass confighub=pass local=pass gitops=missing live-parity=missing two-cluster=missing,recipes/jaegertracing/jaeger/4.8.0/revisions/default/r001/variant-revision.yaml,recipes/jaegertracing/jaeger/4.8.0,packages/jaegertracing/jaeger/4.8.0,partial,recipes/jaegertracing/jaeger/4.8.0/source-lock.yaml;recipes/jaegertracing/jaeger/4.8.0/CATALOG.md;recipes/jaegertracing/jaeger/4.8.0/revisions/default/r001/variant-revision.yaml;recipes/jaegertracing/jaeger/4.8.0/helm-pain-report.yaml;recipes/jaegertracing/jaeger/4.8.0/control-points.yaml;data/outcome-coverage/feature-outcomes.csv;recipes/jaegertracing/jaeger/4.8.0/value-model.yaml;recipes/jaegertracing/jaeger/4.8.0/helm-plan.yaml;recipes/jaegertracing/jaeger/4.8.0/publication/installer-package-receipt.yaml;data/outcome-coverage/chart-outcomes.csv;data/outcome-coverage/base-outcomes.csv;data/live-kind-parity/summary.md;data/live-helm-confighub-compare/summary.md;site/catalog.json,,,generated-secrets;existing-secret;extension-slots;install-vs-upgrade-divergence;lookup;generated-facts;tpl;capabilities,P0: model remote dependency closure in chart facts and source/dependency lock evidence: dependency closure facts plus refresh-survival check,jaeger/charts/common/templates/_capabilities.tpl;jaeger/charts/common/templates/_secrets.tpl,,,,,,,,rank 70: proof-grade: next80-full:1 revision(s): not-reviewed-for-production: add user-shaped variants before catalog promotion,"an existing Secret for some bases (NOT built - chart ships no Secret toggle); target facts at variant time; your wanted install shape, until a reviewed base exists",exact rendered objects with render parity and receipts; generated Secrets separated out of the published artifact; extension slots routed to reviewed bases; install-vs-upgrade render divergence captured per revision; cluster lookups lifted into declared target facts,add at least one user-shaped variant before catalog promotion
38,grafana/alloy,1.8.2,works-with-operator-review,not-yet-public-catalog-proof-ready,default,recipes/grafana/alloy/1.8.2/CATALOG.md,"proof-grade-ready-for-promotion-review (render parity 2/2, local live 2/2, live parity 2/2)",default;no-crds,default render=pass confighub=pass local=pass gitops=pass live-parity=pass two-cluster=pass; no-crds render=pass confighub=pass local=pass gitops=pass live-parity=pass two-cluster=missing,recipes/grafana/alloy/1.8.2/revisions/default/r001/variant-revision.yaml;recipes/grafana/alloy/1.8.2/revisions/no-crds/r001/variant-revision.yaml,recipes/grafana/alloy/1.8.2,packages/grafana/alloy/1.8.2,partial,recipes/grafana/alloy/1.8.2/source-lock.yaml;recipes/grafana/alloy/1.8.2/CATALOG.md;recipes/grafana/alloy/1.8.2/revisions/default/r001/variant-revision.yaml;recipes/grafana/alloy/1.8.2/helm-pain-report.yaml;recipes/grafana/alloy/1.8.2/control-points.yaml;data/outcome-coverage/feature-outcomes.csv;recipes/grafana/alloy/1.8.2/value-model.yaml;recipes/grafana/alloy/1.8.2/helm-plan.yaml;recipes/grafana/alloy/1.8.2/publication/installer-package-receipt.yaml;data/outcome-coverage/chart-outcomes.csv;data/outcome-coverage/base-outcomes.csv;data/live-kind-parity/summary.md;data/live-helm-confighub-compare/summary.md;site/catalog.json,,,crds;extension-slots;required-values;tpl;capabilities;rbac;storage,P1: promote version-conditional rendering into chart facts and variant-path coverage: chart facts axis plus capability/version matrix row,alloy/templates/_helpers.tpl;alloy/templates/controllers/statefulset.yaml;alloy/templates/service.yaml;alloy/templates/configmap.yaml,,,,,runs/live-helm-confighub-compare/grafana-alloy-default/receipt.yaml;runs/live-helm-confighub-compare/grafana-alloy-no-crds/receipt.yaml,,,rank 74: proof-grade: next80-full:2 revision(s): not-reviewed-for-production: review source/current-version drift and refresh recipe if needed,a StorageClass / storage decision; a CRD ownership choice (crds vs no-crds base); mandatory chart inputs,exact rendered objects with render parity and receipts; CRD handling split into explicit bases; extension slots routed to reviewed bases,run catalog promotion review
39,nats/nats,2.14.0,works-with-target-prerequisites,not-yet-public-catalog-proof-ready,default,recipes/nats/nats/2.14.0/CATALOG.md,"proof-grade-ready-for-promotion-review (render parity 2/2, local live 2/2, live parity 2/2)",default;ha,default render=pass confighub=pass local=pass gitops=pass live-parity=pass two-cluster=pass; ha render=pass confighub=pass local=pass gitops=pass live-parity=pass two-cluster=missing,recipes/nats/nats/2.14.0/revisions/default/r001/variant-revision.yaml;recipes/nats/nats/2.14.0/revisions/ha/r001/variant-revision.yaml,recipes/nats/nats/2.14.0,packages/nats/nats/2.14.0,partial,recipes/nats/nats/2.14.0/source-lock.yaml;recipes/nats/nats/2.14.0/CATALOG.md;recipes/nats/nats/2.14.0/revisions/default/r001/variant-revision.yaml;recipes/nats/nats/2.14.0/helm-pain-report.yaml;recipes/nats/nats/2.14.0/control-points.yaml;data/outcome-coverage/feature-outcomes.csv;recipes/nats/nats/2.14.0/value-model.yaml;recipes/nats/nats/2.14.0/helm-plan.yaml;recipes/nats/nats/2.14.0/publication/installer-package-receipt.yaml;data/outcome-coverage/chart-outcomes.csv;data/outcome-coverage/base-outcomes.csv;data/live-kind-parity/summary.md;data/live-helm-confighub-compare/summary.md;site/catalog.json,,,existing-secret;extension-slots;required-values;tpl,P2: add bundled-file inventory to the source lock and value/provenance map: source-lock bundled file index,nats/templates/_helpers.tpl,,,,,runs/live-helm-confighub-compare/nats-nats-default/receipt.yaml;runs/live-helm-confighub-compare/nats-nats-ha/receipt.yaml,,,rank 78: proof-grade: next80-full:2 revision(s): not-reviewed-for-production: run catalog promotion review,an existing Secret for some bases (buildable — not yet run); mandatory chart inputs,exact rendered objects with render parity and receipts; extension slots routed to reviewed bases,run catalog promotion review
40,dex/dex,0.24.0,needs-better-base-variant,not-yet-user-ready,default,recipes/dex/dex/0.24.0/CATALOG.md,"proof-grade-needs-user-shaped-variant (render parity 1/1, local live 0/1, live parity 0/1)",default,default render=pass confighub=pass local=fail gitops=missing live-parity=missing two-cluster=missing,recipes/dex/dex/0.24.0/revisions/default/r001/variant-revision.yaml,recipes/dex/dex/0.24.0,packages/dex/dex/0.24.0,partial,recipes/dex/dex/0.24.0/source-lock.yaml;recipes/dex/dex/0.24.0/CATALOG.md;recipes/dex/dex/0.24.0/revisions/default/r001/variant-revision.yaml;recipes/dex/dex/0.24.0/helm-pain-report.yaml;recipes/dex/dex/0.24.0/control-points.yaml;data/outcome-coverage/feature-outcomes.csv;recipes/dex/dex/0.24.0/value-model.yaml;recipes/dex/dex/0.24.0/helm-plan.yaml;recipes/dex/dex/0.24.0/publication/installer-package-receipt.yaml;data/outcome-coverage/chart-outcomes.csv;data/top100-readiness/readiness.csv;site/catalog.json,,,existing-secret;extension-slots;tpl;capabilities;rbac,P2: promote version-conditional rendering into chart facts and variant-path coverage: chart facts axis plus capability/version matrix row,dex/templates/hpa.yaml;dex/templates/ingress.yaml;dex/templates/networkpolicy.yaml,,,,,,,,rank 80: proof-grade: next80-full:1 revision(s): not-reviewed-for-production: add user-shaped variants before catalog promotion,"an existing Secret for some bases (buildable — not yet run); your wanted install shape, until a reviewed base exists",exact rendered objects with render parity and receipts; extension slots routed to reviewed bases,add at least one user-shaped variant before catalog promotion
41,prometheus-community/alertmanager,1.37.0,works-with-operator-review,not-yet-public-catalog-proof-ready,default,recipes/prometheus-community/alertmanager/1.37.0/CATALOG.md,"proof-grade-ready-for-promotion-review (render parity 2/2, local live 2/2, live parity 2/2)",default;ha,default render=pass confighub=pass local=pass gitops=pass live-parity=pass two-cluster=pass; ha render=pass confighub=pass local=pass gitops=pass live-parity=pass two-cluster=missing,recipes/prometheus-community/alertmanager/1.37.0/revisions/default/r001/variant-revision.yaml;recipes/prometheus-community/alertmanager/1.37.0/revisions/ha/r001/variant-revision.yaml,recipes/prometheus-community/alertmanager/1.37.0,packages/prometheus-community/alertmanager/1.37.0,partial,recipes/prometheus-community/alertmanager/1.37.0/source-lock.yaml;recipes/prometheus-community/alertmanager/1.37.0/CATALOG.md;recipes/prometheus-community/alertmanager/1.37.0/revisions/default/r001/variant-revision.yaml;recipes/prometheus-community/alertmanager/1.37.0/helm-pain-report.yaml;recipes/prometheus-community/alertmanager/1.37.0/control-points.yaml;data/outcome-coverage/feature-outcomes.csv;recipes/prometheus-community/alertmanager/1.37.0/value-model.yaml;recipes/prometheus-community/alertmanager/1.37.0/helm-plan.yaml;recipes/prometheus-community/alertmanager/1.37.0/publication/installer-package-receipt.yaml;data/outcome-coverage/chart-outcomes.csv;data/outcome-coverage/base-outcomes.csv;data/live-kind-parity/summary.md;data/live-helm-confighub-compare/summary.md;site/catalog.json,,,extension-slots;tpl;storage,"P2: record storage prerequisite, retention, and runtime binding checks for supported targets: target-scoped storage support decision",,,,,,runs/live-helm-confighub-compare/prometheus-community-alertmanager-default/receipt.yaml;runs/live-helm-confighub-compare/prometheus-community-alertmanager-ha/receipt.yaml,,,rank 88: proof-grade: next80-full:2 revision(s): not-reviewed-for-production: run catalog promotion review,a StorageClass / storage decision,exact rendered objects with render parity and receipts; extension slots routed to reviewed bases,run catalog promotion review
42,falcosecurity/falco,9.0.0,needs-better-base-variant,not-yet-user-ready,default,recipes/falcosecurity/falco/9.0.0/CATALOG.md,"proof-grade-needs-user-shaped-variant (render parity 1/1, local live 1/1, live parity 0/1)",default,default render=pass confighub=pass local=pass gitops=missing live-parity=missing two-cluster=missing,recipes/falcosecurity/falco/9.0.0/revisions/default/r001/variant-revision.yaml,recipes/falcosecurity/falco/9.0.0,packages/falcosecurity/falco/9.0.0,partial,recipes/falcosecurity/falco/9.0.0/source-lock.yaml;recipes/falcosecurity/falco/9.0.0/CATALOG.md;recipes/falcosecurity/falco/9.0.0/revisions/default/r001/variant-revision.yaml;recipes/falcosecurity/falco/9.0.0/helm-pain-report.yaml;recipes/falcosecurity/falco/9.0.0/control-points.yaml;data/outcome-coverage/feature-outcomes.csv;recipes/falcosecurity/falco/9.0.0/value-model.yaml;recipes/falcosecurity/falco/9.0.0/helm-plan.yaml;recipes/falcosecurity/falco/9.0.0/publication/installer-package-receipt.yaml;data/outcome-coverage/chart-outcomes.csv;data/outcome-coverage/base-outcomes.csv;data/live-kind-parity/summary.md;data/live-helm-confighub-compare/summary.md;site/catalog.json,,,existing-secret;extension-slots;required-values;lookup;tpl;capabilities;rbac;storage,P0: model remote dependency closure in chart facts and source/dependency lock evidence: dependency closure facts plus refresh-survival check,falco/charts/falco-talon/templates/_helpers.tpl;falco/charts/falcosidekick/templates/_helpers.tpl;falco/charts/falco-talon/templates/configmap-grafana-dashboard.yaml;falco/charts/falco-talon/templates/configmap.yaml,,,,,,,,rank 90: proof-grade: next80-full:1 revision(s): not-reviewed-for-production: review source/current-version drift and refresh recipe if needed,"an existing Secret for some bases (buildable — not yet run); a StorageClass / storage decision; target facts at variant time; mandatory chart inputs; your wanted install shape, until a reviewed base exists",exact rendered objects with render parity and receipts; extension slots routed to reviewed bases; cluster lookups lifted into declared target facts,add at least one user-shaped variant before catalog promotion
43,prometheus-community/prometheus-node-exporter,4.55.0,works-with-target-prerequisites,not-yet-public-catalog-proof-ready,cluster-metrics-readonly,recipes/prometheus-community/prometheus-node-exporter/4.55.0/CATALOG.md,"proof-grade-ready-for-promotion-review (render parity 2/2, local live 2/2, live parity 1/2)",cluster-metrics-readonly;default,cluster-metrics-readonly render=pass confighub=pass local=pass gitops=pass live-parity=pass two-cluster=pass; default render=pass confighub=pass local=pass gitops=missing live-parity=missing two-cluster=missing,recipes/prometheus-community/prometheus-node-exporter/4.55.0/revisions/cluster-metrics-readonly/r001/variant-revision.yaml;recipes/prometheus-community/prometheus-node-exporter/4.55.0/revisions/default/r001/variant-revision.yaml,recipes/prometheus-community/prometheus-node-exporter/4.55.0,packages/prometheus-community/prometheus-node-exporter/4.55.0,partial,recipes/prometheus-community/prometheus-node-exporter/4.55.0/source-lock.yaml;recipes/prometheus-community/prometheus-node-exporter/4.55.0/CATALOG.md;recipes/prometheus-community/prometheus-node-exporter/4.55.0/revisions/cluster-metrics-readonly/r001/variant-revision.yaml;recipes/prometheus-community/prometheus-node-exporter/4.55.0/helm-pain-report.yaml;recipes/prometheus-community/prometheus-node-exporter/4.55.0/control-points.yaml;data/outcome-coverage/feature-outcomes.csv;recipes/prometheus-community/prometheus-node-exporter/4.55.0/value-model.yaml;recipes/prometheus-community/prometheus-node-exporter/4.55.0/helm-plan.yaml;recipes/prometheus-community/prometheus-node-exporter/4.55.0/publication/installer-package-receipt.yaml;data/outcome-coverage/chart-outcomes.csv;data/outcome-coverage/base-outcomes.csv;data/live-kind-parity/summary.md;data/live-helm-confighub-compare/summary.md;site/catalog.json,,,existing-secret;extension-slots;required-values;generated-facts;tpl;capabilities;rbac,P2: promote version-conditional rendering into chart facts and variant-path coverage: chart facts axis plus capability/version matrix row,prometheus-node-exporter/templates/daemonset.yaml;prometheus-node-exporter/templates/NOTES.txt,,,,,runs/live-helm-confighub-compare/prometheus-community-prometheus-node-exporter-cluster-metrics-readonly/receipt.yaml,,,rank 94: proof-grade: next80-full:1 revision(s): not-reviewed-for-production: add user-shaped variants before catalog promotion,an existing Secret for some bases (buildable — not yet run); target facts at variant time; mandatory chart inputs,exact rendered objects with render parity and receipts; extension slots routed to reviewed bases; cluster lookups lifted into declared target facts,run catalog promotion review
44,bitnami/spark,10.0.3,not-ready-yet,decision-needed-first,default,recipes/bitnami/spark/10.0.3/CATALOG.md,"proof-grade-with-named-limitation (render parity 2/2, local live 0/2, live parity 0/2)",default;ha,default render=pass confighub=missing local=blocked gitops=missing live-parity=missing two-cluster=missing; ha render=pass confighub=missing local=blocked gitops=missing live-parity=missing two-cluster=missing,recipes/bitnami/spark/10.0.3/revisions/default/r001/variant-revision.yaml;recipes/bitnami/spark/10.0.3/revisions/ha/r001/variant-revision.yaml,recipes/bitnami/spark/10.0.3,packages/bitnami/spark/10.0.3,partial,recipes/bitnami/spark/10.0.3/source-lock.yaml;recipes/bitnami/spark/10.0.3/CATALOG.md;recipes/bitnami/spark/10.0.3/revisions/default/r001/variant-revision.yaml;recipes/bitnami/spark/10.0.3/helm-pain-report.yaml;recipes/bitnami/spark/10.0.3/control-points.yaml;data/outcome-coverage/feature-outcomes.csv;recipes/bitnami/spark/10.0.3/value-model.yaml;recipes/bitnami/spark/10.0.3/helm-plan.yaml;recipes/bitnami/spark/10.0.3/publication/installer-package-receipt.yaml;data/outcome-coverage/chart-outcomes.csv;data/top100-readiness/readiness.csv;limitation-review;site/catalog.json,,,generated-secrets;existing-secret;extension-slots;install-vs-upgrade-divergence;lookup;generated-facts;tpl;capabilities;storage,,,,,,,,,,rank 101: proof-grade: next80-full:2 revision(s): not-reviewed-for-production: run catalog promotion review,an existing Secret for some bases (NOT built - chart ships no Secret toggle); a StorageClass / storage decision; target facts at variant time; a decision on the named limitation before use,exact rendered objects with render parity and receipts; generated Secrets separated out of the published artifact; extension slots routed to reviewed bases; install-vs-upgrade render divergence captured per revision; cluster lookups lifted into declared target facts,review limitation before promotion: existing-secret (chart ships no Secret toggle)
45,elastic/logstash,8.5.1,works-with-operator-review,not-yet-public-catalog-proof-ready,default,recipes/elastic/logstash/8.5.1/CATALOG.md,"proof-grade-ready-for-promotion-review (render parity 2/2, local live 1/2, live parity 2/2)",default;ha,default render=pass confighub=pass local=pass gitops=pass live-parity=pass two-cluster=pass; ha render=pass confighub=pass local=fail gitops=pass live-parity=pass two-cluster=missing,recipes/elastic/logstash/8.5.1/revisions/default/r001/variant-revision.yaml;recipes/elastic/logstash/8.5.1/revisions/ha/r001/variant-revision.yaml,recipes/elastic/logstash/8.5.1,packages/elastic/logstash/8.5.1,partial,recipes/elastic/logstash/8.5.1/source-lock.yaml;recipes/elastic/logstash/8.5.1/CATALOG.md;recipes/elastic/logstash/8.5.1/revisions/default/r001/variant-revision.yaml;recipes/elastic/logstash/8.5.1/helm-pain-report.yaml;recipes/elastic/logstash/8.5.1/control-points.yaml;data/outcome-coverage/feature-outcomes.csv;recipes/elastic/logstash/8.5.1/value-model.yaml;recipes/elastic/logstash/8.5.1/helm-plan.yaml;recipes/elastic/logstash/8.5.1/publication/installer-package-receipt.yaml;data/outcome-coverage/chart-outcomes.csv;data/outcome-coverage/base-outcomes.csv;data/live-kind-parity/summary.md;data/live-helm-confighub-compare/summary.md;site/catalog.json,,,extension-slots;tpl;capabilities;storage,,,,,,,runs/live-helm-confighub-compare/elastic-logstash-default/receipt.yaml;runs/live-helm-confighub-compare/elastic-logstash-ha/receipt.yaml,,,rank 107: proof-grade: next80-full:2 revision(s): not-reviewed-for-production: run catalog promotion review,a StorageClass / storage decision,exact rendered objects with render parity and receipts; extension slots routed to reviewed bases,run catalog promotion review
46,prometheus-community/prometheus-adapter,5.3.0,not-ready-yet,decision-needed-first,default,recipes/prometheus-community/prometheus-adapter/5.3.0/CATALOG.md,"proof-grade-with-named-limitation (render parity 2/2, local live 0/2, live parity 0/2)",cluster-metrics-readonly;default,cluster-metrics-readonly render=pass confighub=pass local=blocked gitops=missing live-parity=missing two-cluster=missing; default render=pass confighub=pass local=blocked gitops=missing live-parity=missing two-cluster=missing,recipes/prometheus-community/prometheus-adapter/5.3.0/revisions/cluster-metrics-readonly/r001/variant-revision.yaml;recipes/prometheus-community/prometheus-adapter/5.3.0/revisions/default/r001/variant-revision.yaml,recipes/prometheus-community/prometheus-adapter/5.3.0,packages/prometheus-community/prometheus-adapter/5.3.0,partial,recipes/prometheus-community/prometheus-adapter/5.3.0/source-lock.yaml;recipes/prometheus-community/prometheus-adapter/5.3.0/CATALOG.md;recipes/prometheus-community/prometheus-adapter/5.3.0/revisions/cluster-metrics-readonly/r001/variant-revision.yaml;recipes/prometheus-community/prometheus-adapter/5.3.0/helm-pain-report.yaml;recipes/prometheus-community/prometheus-adapter/5.3.0/control-points.yaml;data/outcome-coverage/feature-outcomes.csv;recipes/prometheus-community/prometheus-adapter/5.3.0/value-model.yaml;recipes/prometheus-community/prometheus-adapter/5.3.0/helm-plan.yaml;recipes/prometheus-community/prometheus-adapter/5.3.0/publication/installer-package-receipt.yaml;data/outcome-coverage/chart-outcomes.csv;data/top100-readiness/readiness.csv;site/catalog.json,,,extension-slots;tpl;capabilities;rbac,,,,,,,,,,rank 118: proof-grade: next80-full:1 revision(s): not-reviewed-for-production: add user-shaped variants before catalog promotion,a compatible Kubernetes target profile or a compatibility base,exact rendered objects with render parity and receipts; extension slots routed to reviewed bases,"Promote this candidate into a maintained base, then run ConfigHub proof, local live, live Helm-vs-ConfigHub parity, and the APIService runtime contract before catalog promotion."
47,projectcalico/tigera-operator,v3.32.0,needs-better-base-variant,not-yet-user-ready,default,recipes/projectcalico/tigera-operator/v3.32.0/CATALOG.md,"proof-grade-needs-user-shaped-variant (render parity 1/1, local live 0/1, live parity 0/1)",default,default render=pass confighub=pass local=blocked gitops=missing live-parity=missing two-cluster=missing,recipes/projectcalico/tigera-operator/v3.32.0/revisions/default/r001/variant-revision.yaml,recipes/projectcalico/tigera-operator/v3.32.0,packages/projectcalico/tigera-operator/v3.32.0,partial,recipes/projectcalico/tigera-operator/v3.32.0/source-lock.yaml;recipes/projectcalico/tigera-operator/v3.32.0/CATALOG.md;recipes/projectcalico/tigera-operator/v3.32.0/revisions/default/r001/variant-revision.yaml;recipes/projectcalico/tigera-operator/v3.32.0/helm-pain-report.yaml;recipes/projectcalico/tigera-operator/v3.32.0/control-points.yaml;data/outcome-coverage/feature-outcomes.csv;recipes/projectcalico/tigera-operator/v3.32.0/value-model.yaml;recipes/projectcalico/tigera-operator/v3.32.0/helm-plan.yaml;recipes/projectcalico/tigera-operator/v3.32.0/publication/installer-package-receipt.yaml;data/outcome-coverage/chart-outcomes.csv;data/top100-readiness/readiness.csv;site/catalog.json,,,hooks;required-values;lookup;rbac,,,,,,,,,,rank 126: proof-grade: next80-full:1 revision(s): not-reviewed-for-production: add user-shaped variants before catalog promotion,"target facts at variant time; mandatory chart inputs; your wanted install shape, until a reviewed base exists",exact rendered objects with render parity and receipts; hooks classified and routed (not silently executed); cluster lookups lifted into declared target facts,add at least one user-shaped variant before catalog promotion
48,fairwinds-stable/goldilocks,10.3.0,needs-better-base-variant,not-yet-user-ready,default,recipes/fairwinds-stable/goldilocks/10.3.0/CATALOG.md,"proof-grade-needs-user-shaped-variant (render parity 1/1, local live 1/1, live parity 0/1)",default,default render=pass confighub=pass local=pass gitops=missing live-parity=missing two-cluster=missing,recipes/fairwinds-stable/goldilocks/10.3.0/revisions/default/r001/variant-revision.yaml,recipes/fairwinds-stable/goldilocks/10.3.0,packages/fairwinds-stable/goldilocks/10.3.0,partial,recipes/fairwinds-stable/goldilocks/10.3.0/source-lock.yaml;recipes/fairwinds-stable/goldilocks/10.3.0/CATALOG.md;recipes/fairwinds-stable/goldilocks/10.3.0/revisions/default/r001/variant-revision.yaml;recipes/fairwinds-stable/goldilocks/10.3.0/helm-pain-report.yaml;recipes/fairwinds-stable/goldilocks/10.3.0/control-points.yaml;data/outcome-coverage/feature-outcomes.csv;recipes/fairwinds-stable/goldilocks/10.3.0/value-model.yaml;recipes/fairwinds-stable/goldilocks/10.3.0/helm-plan.yaml;recipes/fairwinds-stable/goldilocks/10.3.0/publication/installer-package-receipt.yaml;data/outcome-coverage/chart-outcomes.csv;data/outcome-coverage/base-outcomes.csv;data/live-kind-parity/summary.md;data/live-helm-confighub-compare/summary.md;site/catalog.json,,,crds;generated-secrets;existing-secret;webhooks;extension-slots;lookup;generated-facts;tpl;capabilities;rbac,,,,,,,,,,rank 130: proof-grade: next80-full:1 revision(s): not-reviewed-for-production: add user-shaped variants before catalog promotion,"an existing Secret for some bases (NOT built - chart ships no Secret toggle); a CRD ownership choice (crds vs no-crds base); webhook/cert readiness at delivery time; target facts at variant time; your wanted install shape, until a reviewed base exists",exact rendered objects with render parity and receipts; generated Secrets separated out of the published artifact; CRD handling split into explicit bases; extension slots routed to reviewed bases; cluster lookups lifted into declared target facts,add at least one user-shaped variant before catalog promotion
49,prometheus-community/prometheus-operator-crds,29.0.0,needs-better-base-variant,not-yet-user-ready,default,recipes/prometheus-community/prometheus-operator-crds/29.0.0/CATALOG.md,"proof-grade-needs-user-shaped-variant (render parity 1/1, local live 1/1, live parity 0/1)",default,default render=pass confighub=missing local=pass gitops=missing live-parity=missing two-cluster=missing,recipes/prometheus-community/prometheus-operator-crds/29.0.0/revisions/default/r001/variant-revision.yaml,recipes/prometheus-community/prometheus-operator-crds/29.0.0,packages/prometheus-community/prometheus-operator-crds/29.0.0,partial,recipes/prometheus-community/prometheus-operator-crds/29.0.0/source-lock.yaml;recipes/prometheus-community/prometheus-operator-crds/29.0.0/CATALOG.md;recipes/prometheus-community/prometheus-operator-crds/29.0.0/revisions/default/r001/variant-revision.yaml;recipes/prometheus-community/prometheus-operator-crds/29.0.0/helm-pain-report.yaml;recipes/prometheus-community/prometheus-operator-crds/29.0.0/control-points.yaml;data/outcome-coverage/feature-outcomes.csv;recipes/prometheus-community/prometheus-operator-crds/29.0.0/value-model.yaml;recipes/prometheus-community/prometheus-operator-crds/29.0.0/helm-plan.yaml;recipes/prometheus-community/prometheus-operator-crds/29.0.0/publication/installer-package-receipt.yaml;data/outcome-coverage/chart-outcomes.csv;data/outcome-coverage/base-outcomes.csv;data/live-kind-parity/summary.md;data/live-helm-confighub-compare/summary.md;site/catalog.json,,,crds;existing-secret;generated-facts,,,,,,,,,,rank 133: proof-grade: next80-full:1 revision(s): not-reviewed-for-production: add user-shaped variants before catalog promotion,"an existing Secret for some bases (buildable — not yet run); a CRD ownership choice (crds vs no-crds base); target facts at variant time; your wanted install shape, until a reviewed base exists",exact rendered objects with render parity and receipts; CRD handling split into explicit bases; cluster lookups lifted into declared target facts,add at least one user-shaped variant before catalog promotion
50,bitnami/zookeeper,13.8.7,not-ready-yet,decision-needed-first,default,recipes/bitnami/zookeeper/13.8.7/CATALOG.md,"proof-grade-with-named-limitation (render parity 2/2, local live 0/2, live parity 0/2)",default;ha,default render=pass confighub=missing local=blocked gitops=missing live-parity=missing two-cluster=missing; ha render=pass confighub=missing local=blocked gitops=missing live-parity=missing two-cluster=missing,recipes/bitnami/zookeeper/13.8.7/revisions/default/r001/variant-revision.yaml;recipes/bitnami/zookeeper/13.8.7/revisions/ha/r001/variant-revision.yaml,recipes/bitnami/zookeeper/13.8.7,packages/bitnami/zookeeper/13.8.7,partial,recipes/bitnami/zookeeper/13.8.7/source-lock.yaml;recipes/bitnami/zookeeper/13.8.7/CATALOG.md;recipes/bitnami/zookeeper/13.8.7/revisions/default/r001/variant-revision.yaml;recipes/bitnami/zookeeper/13.8.7/helm-pain-report.yaml;recipes/bitnami/zookeeper/13.8.7/control-points.yaml;data/outcome-coverage/feature-outcomes.csv;recipes/bitnami/zookeeper/13.8.7/value-model.yaml;recipes/bitnami/zookeeper/13.8.7/helm-plan.yaml;recipes/bitnami/zookeeper/13.8.7/publication/installer-package-receipt.yaml;data/outcome-coverage/chart-outcomes.csv;data/top100-readiness/readiness.csv;limitation-review;site/catalog.json,,,generated-secrets;existing-secret;extension-slots;install-vs-upgrade-divergence;lookup;generated-facts;tpl;capabilities;storage,,,,,,,,,,rank 139: proof-grade: next80-full:2 revision(s): not-reviewed-for-production: run catalog promotion review,an existing Secret for some bases (NOT built - chart ships no Secret toggle); a StorageClass / storage decision; target facts at variant time; a decision on the named limitation before use,exact rendered objects with render parity and receipts; generated Secrets separated out of the published artifact; extension slots routed to reviewed bases; install-vs-upgrade render divergence captured per revision; cluster lookups lifted into declared target facts,review limitation before promotion: existing-secret (chart ships no Secret toggle)
51,elastic/filebeat,8.5.1,works-with-operator-review,not-yet-public-catalog-proof-ready,default,recipes/elastic/filebeat/8.5.1/CATALOG.md,"proof-grade-ready-for-promotion-review (render parity 2/2, local live 0/2, live parity 0/2)",default;node-or-cluster-collector,default render=pass confighub=pass local=blocked gitops=missing live-parity=missing two-cluster=missing; node-or-cluster-collector render=pass confighub=pass local=blocked gitops=missing live-parity=missing two-cluster=missing,recipes/elastic/filebeat/8.5.1/revisions/default/r001/variant-revision.yaml;recipes/elastic/filebeat/8.5.1/revisions/node-or-cluster-collector/r001/variant-revision.yaml,recipes/elastic/filebeat/8.5.1,packages/elastic/filebeat/8.5.1,partial,recipes/elastic/filebeat/8.5.1/source-lock.yaml;recipes/elastic/filebeat/8.5.1/CATALOG.md;recipes/elastic/filebeat/8.5.1/revisions/default/r001/variant-revision.yaml;recipes/elastic/filebeat/8.5.1/helm-pain-report.yaml;recipes/elastic/filebeat/8.5.1/control-points.yaml;data/outcome-coverage/feature-outcomes.csv;recipes/elastic/filebeat/8.5.1/value-model.yaml;recipes/elastic/filebeat/8.5.1/helm-plan.yaml;recipes/elastic/filebeat/8.5.1/publication/installer-package-receipt.yaml;data/outcome-coverage/chart-outcomes.csv;data/top100-readiness/readiness.csv;site/catalog.json,,,extension-slots;tpl;rbac,,,,,,,,,,rank 140: proof-grade: next80-full:1 revision(s): not-reviewed-for-production: add user-shaped variants before catalog promotion,nothing beyond a cluster and namespace,exact rendered objects with render parity and receipts; extension slots routed to reviewed bases,run catalog promotion review
52,hashicorp/terraform,1.1.2,works-with-operator-review,not-yet-public-catalog-proof-ready,default,recipes/hashicorp/terraform/1.1.2/CATALOG.md,"proof-grade-ready-for-promotion-review (render parity 2/2, local live 0/2, live parity 0/2)",default;no-crds,default render=pass confighub=pass local=blocked gitops=missing live-parity=missing two-cluster=missing; no-crds render=pass confighub=pass local=blocked gitops=missing live-parity=missing two-cluster=missing,recipes/hashicorp/terraform/1.1.2/revisions/default/r001/variant-revision.yaml;recipes/hashicorp/terraform/1.1.2/revisions/no-crds/r001/variant-revision.yaml,recipes/hashicorp/terraform/1.1.2,packages/hashicorp/terraform/1.1.2,partial,recipes/hashicorp/terraform/1.1.2/source-lock.yaml;recipes/hashicorp/terraform/1.1.2/CATALOG.md;recipes/hashicorp/terraform/1.1.2/revisions/default/r001/variant-revision.yaml;recipes/hashicorp/terraform/1.1.2/helm-pain-report.yaml;recipes/hashicorp/terraform/1.1.2/control-points.yaml;data/outcome-coverage/feature-outcomes.csv;recipes/hashicorp/terraform/1.1.2/value-model.yaml;recipes/hashicorp/terraform/1.1.2/helm-plan.yaml;recipes/hashicorp/terraform/1.1.2/publication/installer-package-receipt.yaml;data/outcome-coverage/chart-outcomes.csv;data/top100-readiness/readiness.csv;site/catalog.json,,,crds;required-values,,,,,,,,,,rank 141: proof-grade: next80-full:2 revision(s): not-reviewed-for-production: run catalog promotion review,a CRD ownership choice (crds vs no-crds base); mandatory chart inputs,exact rendered objects with render parity and receipts; CRD handling split into explicit bases,run catalog promotion review
53,coredns/coredns,1.45.2,needs-better-base-variant,not-yet-user-ready,default,recipes/coredns/coredns/1.45.2/CATALOG.md,"proof-grade-needs-user-shaped-variant (render parity 1/1, local live 1/1, live parity 0/1)",default,default render=pass confighub=pass local=pass gitops=missing live-parity=missing two-cluster=pass,recipes/coredns/coredns/1.45.2/revisions/default/r001/variant-revision.yaml,recipes/coredns/coredns/1.45.2,packages/coredns/coredns/1.45.2,partial,recipes/coredns/coredns/1.45.2/source-lock.yaml;recipes/coredns/coredns/1.45.2/CATALOG.md;recipes/coredns/coredns/1.45.2/revisions/default/r001/variant-revision.yaml;recipes/coredns/coredns/1.45.2/helm-pain-report.yaml;recipes/coredns/coredns/1.45.2/control-points.yaml;data/outcome-coverage/feature-outcomes.csv;recipes/coredns/coredns/1.45.2/value-model.yaml;recipes/coredns/coredns/1.45.2/helm-plan.yaml;recipes/coredns/coredns/1.45.2/publication/installer-package-receipt.yaml;data/outcome-coverage/chart-outcomes.csv;data/outcome-coverage/base-outcomes.csv;data/live-kind-parity/summary.md;data/live-helm-confighub-compare/summary.md;site/catalog.json,,,existing-secret;extension-slots;required-values;generated-facts;tpl;capabilities;rbac,,,,,,,,,,rank 143: proof-grade: next80-full:1 revision(s): not-reviewed-for-production: add user-shaped variants before catalog promotion,"an existing Secret for some bases (buildable — not yet run); target facts at variant time; mandatory chart inputs; your wanted install shape, until a reviewed base exists",exact rendered objects with render parity and receipts; extension slots routed to reviewed bases; cluster lookups lifted into declared target facts,add at least one user-shaped variant before catalog promotion
54,fairwinds-stable/vpa,4.11.0,works-with-operator-review,not-yet-public-catalog-proof-ready,default,recipes/fairwinds-stable/vpa/4.11.0/CATALOG.md,"proof-grade-ready-for-promotion-review (render parity 2/2, local live 2/2, live parity 2/2)",default;no-crds,default render=pass confighub=pass local=pass gitops=pass live-parity=pass two-cluster=missing; no-crds render=pass confighub=pass local=pass gitops=pass live-parity=pass two-cluster=missing,recipes/fairwinds-stable/vpa/4.11.0/revisions/default/r001/variant-revision.yaml;recipes/fairwinds-stable/vpa/4.11.0/revisions/no-crds/r001/variant-revision.yaml,recipes/fairwinds-stable/vpa/4.11.0,packages/fairwinds-stable/vpa/4.11.0,partial,recipes/fairwinds-stable/vpa/4.11.0/source-lock.yaml;recipes/fairwinds-stable/vpa/4.11.0/CATALOG.md;recipes/fairwinds-stable/vpa/4.11.0/revisions/default/r001/variant-revision.yaml;recipes/fairwinds-stable/vpa/4.11.0/helm-pain-report.yaml;recipes/fairwinds-stable/vpa/4.11.0/control-points.yaml;data/outcome-coverage/feature-outcomes.csv;recipes/fairwinds-stable/vpa/4.11.0/value-model.yaml;recipes/fairwinds-stable/vpa/4.11.0/helm-plan.yaml;recipes/fairwinds-stable/vpa/4.11.0/publication/installer-package-receipt.yaml;data/outcome-coverage/chart-outcomes.csv;data/outcome-coverage/base-outcomes.csv;data/live-kind-parity/summary.md;data/live-helm-confighub-compare/summary.md;site/catalog.json,,,crds;webhooks;extension-slots;lookup;tpl;capabilities;rbac,,,,,,,runs/live-helm-confighub-compare/fairwinds-stable-vpa-default/receipt.yaml;runs/live-helm-confighub-compare/fairwinds-stable-vpa-no-crds/receipt.yaml,,,rank 148: proof-grade: next80-full:2 revision(s): not-reviewed-for-production: run catalog promotion review,a CRD ownership choice (crds vs no-crds base); webhook/cert readiness at delivery time; target facts at variant time,exact rendered objects with render parity and receipts; CRD handling split into explicit bases; extension slots routed to reviewed bases; cluster lookups lifted into declared target facts,review APIService render-path notes: current maintained bases do not render APIService objects; create a separate APIService-enabled base only if product chooses that path
55,bitnami/phpmyadmin,20.0.0,needs-better-base-variant,not-yet-user-ready,default,recipes/bitnami/phpmyadmin/20.0.0/CATALOG.md,"proof-grade-needs-user-shaped-variant (render parity 1/1, local live 0/1, live parity 0/1)",default,default render=pass confighub=missing local=blocked gitops=missing live-parity=missing two-cluster=missing,recipes/bitnami/phpmyadmin/20.0.0/revisions/default/r001/variant-revision.yaml,recipes/bitnami/phpmyadmin/20.0.0,packages/bitnami/phpmyadmin/20.0.0,partial,recipes/bitnami/phpmyadmin/20.0.0/source-lock.yaml;recipes/bitnami/phpmyadmin/20.0.0/CATALOG.md;recipes/bitnami/phpmyadmin/20.0.0/revisions/default/r001/variant-revision.yaml;recipes/bitnami/phpmyadmin/20.0.0/helm-pain-report.yaml;recipes/bitnami/phpmyadmin/20.0.0/control-points.yaml;data/outcome-coverage/feature-outcomes.csv;recipes/bitnami/phpmyadmin/20.0.0/value-model.yaml;recipes/bitnami/phpmyadmin/20.0.0/helm-plan.yaml;recipes/bitnami/phpmyadmin/20.0.0/publication/installer-package-receipt.yaml;data/outcome-coverage/chart-outcomes.csv;data/top100-readiness/readiness.csv;user-shaped-variant-backlog;site/catalog.json,,,generated-secrets;existing-secret;extension-slots;install-vs-upgrade-divergence;required-values;lookup;generated-facts;tpl;capabilities;storage,,,,,,,,,,rank 162: proof-grade: next80-full:1 revision(s): not-reviewed-for-production: add user-shaped variants before catalog promotion,"an existing Secret for some bases (NOT built - chart ships no Secret toggle); a StorageClass / storage decision; target facts at variant time; mandatory chart inputs; your wanted install shape, until a reviewed base exists",exact rendered objects with render parity and receipts; generated Secrets separated out of the published artifact; extension slots routed to reviewed bases; install-vs-upgrade render divergence captured per revision; cluster lookups lifted into declared target facts,add at least one user-shaped variant before catalog promotion
56,prometheus-community/prometheus-pushgateway,3.6.0,needs-better-base-variant,not-yet-user-ready,default,recipes/prometheus-community/prometheus-pushgateway/3.6.0/CATALOG.md,"proof-grade-needs-user-shaped-variant (render parity 1/1, local live 1/1, live parity 0/1)",default,default render=pass confighub=missing local=pass gitops=missing live-parity=missing two-cluster=missing,recipes/prometheus-community/prometheus-pushgateway/3.6.0/revisions/default/r001/variant-revision.yaml,recipes/prometheus-community/prometheus-pushgateway/3.6.0,packages/prometheus-community/prometheus-pushgateway/3.6.0,partial,recipes/prometheus-community/prometheus-pushgateway/3.6.0/source-lock.yaml;recipes/prometheus-community/prometheus-pushgateway/3.6.0/CATALOG.md;recipes/prometheus-community/prometheus-pushgateway/3.6.0/revisions/default/r001/variant-revision.yaml;recipes/prometheus-community/prometheus-pushgateway/3.6.0/helm-pain-report.yaml;recipes/prometheus-community/prometheus-pushgateway/3.6.0/control-points.yaml;data/outcome-coverage/feature-outcomes.csv;recipes/prometheus-community/prometheus-pushgateway/3.6.0/value-model.yaml;recipes/prometheus-community/prometheus-pushgateway/3.6.0/helm-plan.yaml;recipes/prometheus-community/prometheus-pushgateway/3.6.0/publication/installer-package-receipt.yaml;data/outcome-coverage/chart-outcomes.csv;data/outcome-coverage/base-outcomes.csv;data/live-kind-parity/summary.md;data/live-helm-confighub-compare/summary.md;site/catalog.json,,,generated-secrets;extension-slots;required-values;tpl;storage,,,,,,,,,,rank 167: proof-grade: next80-full:1 revision(s): not-reviewed-for-production: add user-shaped variants before catalog promotion,"a StorageClass / storage decision; mandatory chart inputs; your wanted install shape, until a reviewed base exists",exact rendered objects with render parity and receipts; generated Secrets separated out of the published artifact; extension slots routed to reviewed bases,add at least one user-shaped variant before catalog promotion
57,fluent/fluentd,0.5.3,needs-better-base-variant,not-yet-user-ready,default,recipes/fluent/fluentd/0.5.3/CATALOG.md,"proof-grade-needs-user-shaped-variant (render parity 1/1, local live 1/1, live parity 0/1)",default,default render=pass confighub=pass local=pass gitops=missing live-parity=missing two-cluster=missing,recipes/fluent/fluentd/0.5.3/revisions/default/r001/variant-revision.yaml,recipes/fluent/fluentd/0.5.3,packages/fluent/fluentd/0.5.3,partial,recipes/fluent/fluentd/0.5.3/source-lock.yaml;recipes/fluent/fluentd/0.5.3/CATALOG.md;recipes/fluent/fluentd/0.5.3/revisions/default/r001/variant-revision.yaml;recipes/fluent/fluentd/0.5.3/helm-pain-report.yaml;recipes/fluent/fluentd/0.5.3/control-points.yaml;data/outcome-coverage/feature-outcomes.csv;recipes/fluent/fluentd/0.5.3/value-model.yaml;recipes/fluent/fluentd/0.5.3/helm-plan.yaml;recipes/fluent/fluentd/0.5.3/publication/installer-package-receipt.yaml;data/outcome-coverage/chart-outcomes.csv;data/outcome-coverage/base-outcomes.csv;data/live-kind-parity/summary.md;data/live-helm-confighub-compare/summary.md;site/catalog.json,,,extension-slots;tpl;capabilities;rbac;storage,,,,,,,,,,"rank 175: not-in-catalog: not-proved: none: create recipe, package, variants, rendered digest, scans, and receipts","a StorageClass / storage decision; your wanted install shape, until a reviewed base exists",exact rendered objects with render parity and receipts; extension slots routed to reviewed bases,add at least one user-shaped variant before catalog promotion
58,jaegertracing/jaeger-operator,2.57.0,works-with-operator-review,not-yet-public-catalog-proof-ready,default,recipes/jaegertracing/jaeger-operator/2.57.0/CATALOG.md,"proof-grade-ready-for-promotion-review (render parity 2/2, local live 0/2, live parity 0/2)",default;no-crds,default render=pass confighub=pass local=blocked gitops=missing live-parity=missing two-cluster=missing; no-crds render=pass confighub=pass local=blocked gitops=missing live-parity=missing two-cluster=missing,recipes/jaegertracing/jaeger-operator/2.57.0/revisions/default/r001/variant-revision.yaml;recipes/jaegertracing/jaeger-operator/2.57.0/revisions/no-crds/r001/variant-revision.yaml,recipes/jaegertracing/jaeger-operator/2.57.0,packages/jaegertracing/jaeger-operator/2.57.0,partial,recipes/jaegertracing/jaeger-operator/2.57.0/source-lock.yaml;recipes/jaegertracing/jaeger-operator/2.57.0/CATALOG.md;recipes/jaegertracing/jaeger-operator/2.57.0/revisions/default/r001/variant-revision.yaml;recipes/jaegertracing/jaeger-operator/2.57.0/helm-pain-report.yaml;recipes/jaegertracing/jaeger-operator/2.57.0/control-points.yaml;data/outcome-coverage/feature-outcomes.csv;recipes/jaegertracing/jaeger-operator/2.57.0/value-model.yaml;recipes/jaegertracing/jaeger-operator/2.57.0/helm-plan.yaml;recipes/jaegertracing/jaeger-operator/2.57.0/publication/installer-package-receipt.yaml;data/outcome-coverage/chart-outcomes.csv;data/top100-readiness/readiness.csv;site/catalog.json,,,crds;webhooks;extension-slots,,,,,,,,,,rank 179: proof-grade: next80-full:2 revision(s): not-reviewed-for-production: run catalog promotion review,a CRD ownership choice (crds vs no-crds base); webhook/cert readiness at delivery time,exact rendered objects with render parity and receipts; CRD handling split into explicit bases; extension slots routed to reviewed bases,run catalog promotion review
59,bitnami/memcached,8.5.5,needs-better-base-variant,not-yet-user-ready,default,recipes/bitnami/memcached/8.5.5/CATALOG.md,"proof-grade-needs-user-shaped-variant (render parity 1/1, local live 1/1, live parity 0/1)",default,default render=pass confighub=missing local=pass gitops=missing live-parity=missing two-cluster=missing,recipes/bitnami/memcached/8.5.5/revisions/default/r001/variant-revision.yaml,recipes/bitnami/memcached/8.5.5,packages/bitnami/memcached/8.5.5,partial,recipes/bitnami/memcached/8.5.5/source-lock.yaml;recipes/bitnami/memcached/8.5.5/CATALOG.md;recipes/bitnami/memcached/8.5.5/revisions/default/r001/variant-revision.yaml;recipes/bitnami/memcached/8.5.5/helm-pain-report.yaml;recipes/bitnami/memcached/8.5.5/control-points.yaml;data/outcome-coverage/feature-outcomes.csv;recipes/bitnami/memcached/8.5.5/value-model.yaml;recipes/bitnami/memcached/8.5.5/helm-plan.yaml;recipes/bitnami/memcached/8.5.5/publication/installer-package-receipt.yaml;data/outcome-coverage/chart-outcomes.csv;data/outcome-coverage/base-outcomes.csv;data/live-kind-parity/summary.md;data/live-helm-confighub-compare/summary.md;site/catalog.json,,,generated-secrets;existing-secret;extension-slots;install-vs-upgrade-divergence;lookup;generated-facts;tpl;capabilities;storage,,,,,,,,,,rank 182: proof-grade: next80-full:1 revision(s): not-reviewed-for-production: add user-shaped variants before catalog promotion,"an existing Secret for some bases (NOT built - chart ships no Secret toggle); a StorageClass / storage decision; target facts at variant time; your wanted install shape, until a reviewed base exists",exact rendered objects with render parity and receipts; generated Secrets separated out of the published artifact; extension slots routed to reviewed bases; install-vs-upgrade render divergence captured per revision; cluster lookups lifted into declared target facts,add at least one user-shaped variant before catalog promotion
60,strimzi/strimzi-kafka-operator,1.0.0,works-with-operator-review,not-yet-public-catalog-proof-ready,default,recipes/strimzi/strimzi-kafka-operator/1.0.0/CATALOG.md,"proof-grade-ready-for-promotion-review (render parity 2/2, local live 1/2, live parity 1/2)",default;no-crds,default render=pass confighub=pass local=pass gitops=pass live-parity=pass two-cluster=pass; no-crds render=pass confighub=pass local=blocked gitops=missing live-parity=missing two-cluster=missing,recipes/strimzi/strimzi-kafka-operator/1.0.0/revisions/default/r001/variant-revision.yaml;recipes/strimzi/strimzi-kafka-operator/1.0.0/revisions/no-crds/r001/variant-revision.yaml,recipes/strimzi/strimzi-kafka-operator/1.0.0,packages/strimzi/strimzi-kafka-operator/1.0.0,partial,recipes/strimzi/strimzi-kafka-operator/1.0.0/source-lock.yaml;recipes/strimzi/strimzi-kafka-operator/1.0.0/CATALOG.md;recipes/strimzi/strimzi-kafka-operator/1.0.0/revisions/default/r001/variant-revision.yaml;recipes/strimzi/strimzi-kafka-operator/1.0.0/helm-pain-report.yaml;recipes/strimzi/strimzi-kafka-operator/1.0.0/control-points.yaml;data/outcome-coverage/feature-outcomes.csv;recipes/strimzi/strimzi-kafka-operator/1.0.0/value-model.yaml;recipes/strimzi/strimzi-kafka-operator/1.0.0/helm-plan.yaml;recipes/strimzi/strimzi-kafka-operator/1.0.0/publication/installer-package-receipt.yaml;data/outcome-coverage/chart-outcomes.csv;data/outcome-coverage/base-outcomes.csv;data/live-kind-parity/summary.md;data/live-helm-confighub-compare/summary.md;site/catalog.json,,,crds;extension-slots;tpl;capabilities;rbac,,,,,,,runs/live-helm-confighub-compare/strimzi-strimzi-kafka-operator-default/receipt.yaml,,,rank 186: proof-grade: next80-full:2 revision(s): not-reviewed-for-production: run catalog promotion review,a CRD ownership choice (crds vs no-crds base),exact rendered objects with render parity and receipts; CRD handling split into explicit bases; extension slots routed to reviewed bases,run catalog promotion review
61,opencost/opencost,2.5.21,needs-better-base-variant,not-yet-user-ready,default,recipes/opencost/opencost/2.5.21/CATALOG.md,"proof-grade-needs-user-shaped-variant (render parity 1/1, local live 0/1, live parity 0/1)",default,default render=pass confighub=pass local=fail gitops=missing live-parity=missing two-cluster=missing,recipes/opencost/opencost/2.5.21/revisions/default/r001/variant-revision.yaml,recipes/opencost/opencost/2.5.21,packages/opencost/opencost/2.5.21,partial,recipes/opencost/opencost/2.5.21/source-lock.yaml;recipes/opencost/opencost/2.5.21/CATALOG.md;recipes/opencost/opencost/2.5.21/revisions/default/r001/variant-revision.yaml;recipes/opencost/opencost/2.5.21/helm-pain-report.yaml;recipes/opencost/opencost/2.5.21/control-points.yaml;data/outcome-coverage/feature-outcomes.csv;recipes/opencost/opencost/2.5.21/value-model.yaml;recipes/opencost/opencost/2.5.21/helm-plan.yaml;recipes/opencost/opencost/2.5.21/publication/installer-package-receipt.yaml;data/outcome-coverage/chart-outcomes.csv;data/top100-readiness/readiness.csv;site/catalog.json,,,extension-slots;required-values;tpl;capabilities;rbac;storage,,,,,,,,,,rank 190: proof-grade: next80-full:1 revision(s): not-reviewed-for-production: review source/current-version drift and refresh recipe if needed,"a StorageClass / storage decision; mandatory chart inputs; your wanted install shape, until a reviewed base exists",exact rendered objects with render parity and receipts; extension slots routed to reviewed bases,add at least one user-shaped variant before catalog promotion
62,gatekeeper/gatekeeper,3.22.2,works-with-target-prerequisites,not-yet-public-catalog-proof-ready,default,recipes/gatekeeper/gatekeeper/3.22.2/CATALOG.md,"proof-grade-ready-for-promotion-review (render parity 2/2, local live 2/2, live parity 2/2)",default;no-crds,default render=pass confighub=pass local=pass gitops=pass live-parity=pass two-cluster=pass; no-crds render=pass confighub=pass local=pass gitops=pass live-parity=pass two-cluster=missing,recipes/gatekeeper/gatekeeper/3.22.2/revisions/default/r001/variant-revision.yaml;recipes/gatekeeper/gatekeeper/3.22.2/revisions/no-crds/r001/variant-revision.yaml,recipes/gatekeeper/gatekeeper/3.22.2,packages/gatekeeper/gatekeeper/3.22.2,partial,recipes/gatekeeper/gatekeeper/3.22.2/source-lock.yaml;recipes/gatekeeper/gatekeeper/3.22.2/CATALOG.md;recipes/gatekeeper/gatekeeper/3.22.2/revisions/default/r001/variant-revision.yaml;recipes/gatekeeper/gatekeeper/3.22.2/helm-pain-report.yaml;recipes/gatekeeper/gatekeeper/3.22.2/control-points.yaml;data/outcome-coverage/feature-outcomes.csv;recipes/gatekeeper/gatekeeper/3.22.2/value-model.yaml;recipes/gatekeeper/gatekeeper/3.22.2/helm-plan.yaml;recipes/gatekeeper/gatekeeper/3.22.2/publication/installer-package-receipt.yaml;data/outcome-coverage/chart-outcomes.csv;data/outcome-coverage/base-outcomes.csv;data/live-kind-parity/summary.md;data/live-helm-confighub-compare/summary.md;site/catalog.json,,,hooks;crds;existing-secret;webhooks;extension-slots;capabilities;rbac,,,,,,,runs/live-helm-confighub-compare/gatekeeper-gatekeeper-default/receipt.yaml;runs/live-helm-confighub-compare/gatekeeper-gatekeeper-no-crds/receipt.yaml,,,rank 203: proof-grade: next80-full:2 revision(s): not-reviewed-for-production: review source/current-version drift and refresh recipe if needed,an existing Secret for some bases (buildable — not yet run); a CRD ownership choice (crds vs no-crds base); webhook/cert readiness at delivery time,exact rendered objects with render parity and receipts; CRD handling split into explicit bases; hooks classified and routed (not silently executed); extension slots routed to reviewed bases,run catalog promotion review
63,bitnami/contour,21.1.4,not-ready-yet,decision-needed-first,default,recipes/bitnami/contour/21.1.4/CATALOG.md,"proof-grade-with-named-limitation (render parity 2/2, local live 0/2, live parity 0/2)",default;no-crds,default render=pass confighub=missing local=blocked gitops=missing live-parity=missing two-cluster=missing; no-crds render=pass confighub=missing local=blocked gitops=missing live-parity=missing two-cluster=missing,recipes/bitnami/contour/21.1.4/revisions/default/r001/variant-revision.yaml;recipes/bitnami/contour/21.1.4/revisions/no-crds/r001/variant-revision.yaml,recipes/bitnami/contour/21.1.4,packages/bitnami/contour/21.1.4,partial,recipes/bitnami/contour/21.1.4/source-lock.yaml;recipes/bitnami/contour/21.1.4/CATALOG.md;recipes/bitnami/contour/21.1.4/revisions/default/r001/variant-revision.yaml;recipes/bitnami/contour/21.1.4/helm-pain-report.yaml;recipes/bitnami/contour/21.1.4/control-points.yaml;data/outcome-coverage/feature-outcomes.csv;recipes/bitnami/contour/21.1.4/value-model.yaml;recipes/bitnami/contour/21.1.4/helm-plan.yaml;recipes/bitnami/contour/21.1.4/publication/installer-package-receipt.yaml;data/outcome-coverage/chart-outcomes.csv;data/top100-readiness/readiness.csv;limitation-review;site/catalog.json,,,crds;generated-secrets;existing-secret;extension-slots;install-vs-upgrade-divergence;lookup;generated-facts;tpl;capabilities;rbac,,,,,,,,,,rank 205: proof-grade: next80-full:2 revision(s): not-reviewed-for-production: run catalog promotion review,an existing Secret for some bases (NOT built - chart ships no Secret toggle); a CRD ownership choice (crds vs no-crds base); target facts at variant time; a decision on the named limitation before use,exact rendered objects with render parity and receipts; generated Secrets separated out of the published artifact; CRD handling split into explicit bases; extension slots routed to reviewed bases; install-vs-upgrade render divergence captured per revision; cluster lookups lifted into declared target facts,review limitation before promotion: existing-secret (chart ships no Secret toggle)
64,kyverno/kyverno-policies,3.8.0,needs-better-base-variant,not-yet-user-ready,default,recipes/kyverno/kyverno-policies/3.8.0/CATALOG.md,"proof-grade-needs-user-shaped-variant (render parity 1/1, local live 1/1, live parity 0/1)",default,default render=pass confighub=pass local=pass gitops=missing live-parity=missing two-cluster=missing,recipes/kyverno/kyverno-policies/3.8.0/revisions/default/r001/variant-revision.yaml,recipes/kyverno/kyverno-policies/3.8.0,packages/kyverno/kyverno-policies/3.8.0,partial,recipes/kyverno/kyverno-policies/3.8.0/source-lock.yaml;recipes/kyverno/kyverno-policies/3.8.0/CATALOG.md;recipes/kyverno/kyverno-policies/3.8.0/revisions/default/r001/variant-revision.yaml;recipes/kyverno/kyverno-policies/3.8.0/helm-pain-report.yaml;recipes/kyverno/kyverno-policies/3.8.0/control-points.yaml;data/outcome-coverage/feature-outcomes.csv;recipes/kyverno/kyverno-policies/3.8.0/value-model.yaml;recipes/kyverno/kyverno-policies/3.8.0/helm-plan.yaml;recipes/kyverno/kyverno-policies/3.8.0/publication/installer-package-receipt.yaml;data/outcome-coverage/chart-outcomes.csv;data/outcome-coverage/base-outcomes.csv;data/live-kind-parity/summary.md;data/live-helm-confighub-compare/summary.md;site/catalog.json,,,extension-slots;required-values;lookup;tpl,,,,,,,,,,rank 215: proof-grade: next80-full:1 revision(s): not-reviewed-for-production: review source/current-version drift and refresh recipe if needed,"target facts at variant time; mandatory chart inputs; your wanted install shape, until a reviewed base exists",exact rendered objects with render parity and receipts; extension slots routed to reviewed bases; cluster lookups lifted into declared target facts,add at least one user-shaped variant before catalog promotion
65,elastic/metricbeat,8.5.1,needs-better-base-variant,not-yet-user-ready,default,recipes/elastic/metricbeat/8.5.1/CATALOG.md,"proof-grade-needs-user-shaped-variant (render parity 1/1, local live 0/1, live parity 0/1)",default,default render=pass confighub=missing local=blocked gitops=missing live-parity=missing two-cluster=missing,recipes/elastic/metricbeat/8.5.1/revisions/default/r001/variant-revision.yaml,recipes/elastic/metricbeat/8.5.1,packages/elastic/metricbeat/8.5.1,partial,recipes/elastic/metricbeat/8.5.1/source-lock.yaml;recipes/elastic/metricbeat/8.5.1/CATALOG.md;recipes/elastic/metricbeat/8.5.1/revisions/default/r001/variant-revision.yaml;recipes/elastic/metricbeat/8.5.1/helm-pain-report.yaml;recipes/elastic/metricbeat/8.5.1/control-points.yaml;data/outcome-coverage/feature-outcomes.csv;recipes/elastic/metricbeat/8.5.1/value-model.yaml;recipes/elastic/metricbeat/8.5.1/helm-plan.yaml;recipes/elastic/metricbeat/8.5.1/publication/installer-package-receipt.yaml;data/outcome-coverage/chart-outcomes.csv;data/top100-readiness/readiness.csv;site/catalog.json,,,extension-slots;tpl;capabilities;rbac;storage,,,,,,,,,,rank 308: proof-grade: next80-full:1 revision(s): not-reviewed-for-production: add user-shaped variants before catalog promotion,"a StorageClass / storage decision; your wanted install shape, until a reviewed base exists",exact rendered objects with render parity and receipts; extension slots routed to reviewed bases,add at least one user-shaped variant before catalog promotion
66,minio-operator/operator,7.1.1,needs-better-base-variant,not-yet-user-ready,default,recipes/minio-operator/operator/7.1.1/CATALOG.md,"proof-grade-needs-user-shaped-variant (render parity 1/1, local live 1/1, live parity 0/1)",default,default render=pass confighub=pass local=pass gitops=missing live-parity=missing two-cluster=missing,recipes/minio-operator/operator/7.1.1/revisions/default/r001/variant-revision.yaml,recipes/minio-operator/operator/7.1.1,packages/minio-operator/operator/7.1.1,partial,recipes/minio-operator/operator/7.1.1/source-lock.yaml;recipes/minio-operator/operator/7.1.1/CATALOG.md;recipes/minio-operator/operator/7.1.1/revisions/default/r001/variant-revision.yaml;recipes/minio-operator/operator/7.1.1/helm-pain-report.yaml;recipes/minio-operator/operator/7.1.1/control-points.yaml;data/outcome-coverage/feature-outcomes.csv;recipes/minio-operator/operator/7.1.1/value-model.yaml;recipes/minio-operator/operator/7.1.1/helm-plan.yaml;recipes/minio-operator/operator/7.1.1/publication/installer-package-receipt.yaml;data/outcome-coverage/chart-outcomes.csv;data/outcome-coverage/base-outcomes.csv;data/live-kind-parity/summary.md;data/live-helm-confighub-compare/summary.md;site/catalog.json,,,crds;rbac,,,,,,,,,,rank 336: proof-grade: next80-full:1 revision(s): not-reviewed-for-production: add user-shaped variants before catalog promotion,"a CRD ownership choice (crds vs no-crds base); your wanted install shape, until a reviewed base exists",exact rendered objects with render parity and receipts; CRD handling split into explicit bases,add at least one user-shaped variant before catalog promotion
67,percona/pxc-operator,1.19.1,works-with-operator-review,not-yet-public-catalog-proof-ready,default,recipes/percona/pxc-operator/1.19.1/CATALOG.md,"proof-grade-ready-for-promotion-review (render parity 2/2, local live 1/2, live parity 1/2)",default;no-crds,default render=pass confighub=pass local=pass gitops=pass live-parity=pass two-cluster=pass; no-crds render=pass confighub=pass local=blocked gitops=missing live-parity=missing two-cluster=missing,recipes/percona/pxc-operator/1.19.1/revisions/default/r001/variant-revision.yaml;recipes/percona/pxc-operator/1.19.1/revisions/no-crds/r001/variant-revision.yaml,recipes/percona/pxc-operator/1.19.1,packages/percona/pxc-operator/1.19.1,partial,recipes/percona/pxc-operator/1.19.1/source-lock.yaml;recipes/percona/pxc-operator/1.19.1/CATALOG.md;recipes/percona/pxc-operator/1.19.1/revisions/default/r001/variant-revision.yaml;recipes/percona/pxc-operator/1.19.1/helm-pain-report.yaml;recipes/percona/pxc-operator/1.19.1/control-points.yaml;data/outcome-coverage/feature-outcomes.csv;recipes/percona/pxc-operator/1.19.1/value-model.yaml;recipes/percona/pxc-operator/1.19.1/helm-plan.yaml;recipes/percona/pxc-operator/1.19.1/publication/installer-package-receipt.yaml;data/outcome-coverage/chart-outcomes.csv;data/outcome-coverage/base-outcomes.csv;data/live-kind-parity/summary.md;data/live-helm-confighub-compare/summary.md;site/catalog.json,,,crds;extension-slots;install-vs-upgrade-divergence;lookup;rbac,,,,,,,runs/live-helm-confighub-compare/percona-pxc-operator-default/receipt.yaml,,,rank 338: proof-grade: next80-full:2 revision(s): not-reviewed-for-production: run catalog promotion review,a CRD ownership choice (crds vs no-crds base); target facts at variant time,exact rendered objects with render parity and receipts; CRD handling split into explicit bases; extension slots routed to reviewed bases; install-vs-upgrade render divergence captured per revision; cluster lookups lifted into declared target facts,run catalog promotion review
68,bitnami/apache,11.4.29,needs-better-base-variant,not-yet-user-ready,default,recipes/bitnami/apache/11.4.29/CATALOG.md,"proof-grade-needs-user-shaped-variant (render parity 1/1, local live 0/1, live parity 0/1)",default,default render=pass confighub=missing local=blocked gitops=missing live-parity=missing two-cluster=missing,recipes/bitnami/apache/11.4.29/revisions/default/r001/variant-revision.yaml,recipes/bitnami/apache/11.4.29,packages/bitnami/apache/11.4.29,partial,recipes/bitnami/apache/11.4.29/source-lock.yaml;recipes/bitnami/apache/11.4.29/CATALOG.md;recipes/bitnami/apache/11.4.29/revisions/default/r001/variant-revision.yaml;recipes/bitnami/apache/11.4.29/helm-pain-report.yaml;recipes/bitnami/apache/11.4.29/control-points.yaml;data/outcome-coverage/feature-outcomes.csv;recipes/bitnami/apache/11.4.29/value-model.yaml;recipes/bitnami/apache/11.4.29/helm-plan.yaml;recipes/bitnami/apache/11.4.29/publication/installer-package-receipt.yaml;data/outcome-coverage/chart-outcomes.csv;data/top100-readiness/readiness.csv;user-shaped-variant-backlog;site/catalog.json,,,generated-secrets;existing-secret;extension-slots;install-vs-upgrade-divergence;lookup;generated-facts;tpl;capabilities,,,,,,,,,,rank 371: proof-grade: next80-full:1 revision(s): not-reviewed-for-production: add user-shaped variants before catalog promotion,"an existing Secret for some bases (NOT built - chart ships no Secret toggle); target facts at variant time; your wanted install shape, until a reviewed base exists",exact rendered objects with render parity and receipts; generated Secrets separated out of the published artifact; extension slots routed to reviewed bases; install-vs-upgrade render divergence captured per revision; cluster lookups lifted into declared target facts,add at least one user-shaped variant before catalog promotion
69,grafana/pyroscope,2.0.2,not-ready-yet,decision-needed-first,default,recipes/grafana/pyroscope/2.0.2/CATALOG.md,"proof-grade-with-named-limitation (render parity 3/3, local live 2/3, live parity 0/3)",default;ha;no-crds,default render=pass confighub=pass local=pass gitops=missing live-parity=missing two-cluster=missing; ha render=pass confighub=pass local=fail gitops=missing live-parity=missing two-cluster=missing; no-crds render=pass confighub=pass local=pass gitops=missing live-parity=missing two-cluster=missing,recipes/grafana/pyroscope/2.0.2/revisions/default/r001/variant-revision.yaml;recipes/grafana/pyroscope/2.0.2/revisions/ha/r001/variant-revision.yaml;recipes/grafana/pyroscope/2.0.2/revisions/no-crds/r001/variant-revision.yaml,recipes/grafana/pyroscope/2.0.2,packages/grafana/pyroscope/2.0.2,partial,recipes/grafana/pyroscope/2.0.2/source-lock.yaml;recipes/grafana/pyroscope/2.0.2/CATALOG.md;recipes/grafana/pyroscope/2.0.2/revisions/default/r001/variant-revision.yaml;recipes/grafana/pyroscope/2.0.2/helm-pain-report.yaml;recipes/grafana/pyroscope/2.0.2/control-points.yaml;data/outcome-coverage/feature-outcomes.csv;recipes/grafana/pyroscope/2.0.2/value-model.yaml;recipes/grafana/pyroscope/2.0.2/helm-plan.yaml;recipes/grafana/pyroscope/2.0.2/publication/installer-package-receipt.yaml;data/outcome-coverage/chart-outcomes.csv;data/outcome-coverage/base-outcomes.csv;data/live-kind-parity/summary.md;data/live-helm-confighub-compare/summary.md;site/catalog.json,,,crds;generated-secrets;existing-secret;extension-slots;required-values;lookup;generated-facts;tpl;capabilities;rbac;storage,,,,,,,,,,rank 388: proof-grade: next80-full:3 revision(s): not-reviewed-for-production: run catalog promotion review,an existing Secret for some bases (NOT built - chart ships no Secret toggle); a StorageClass / storage decision; a CRD ownership choice (crds vs no-crds base); target facts at variant time; mandatory chart inputs; a decision on the named limitation before use,exact rendered objects with render parity and receipts; generated Secrets separated out of the published artifact; CRD handling split into explicit bases; extension slots routed to reviewed bases; cluster lookups lifted into declared target facts,review limitation before promotion: existing-secret (chart ships no Secret toggle)
70,aws-ebs-csi-driver/aws-ebs-csi-driver,2.60.1,needs-better-base-variant,not-yet-user-ready,default,recipes/aws-ebs-csi-driver/aws-ebs-csi-driver/2.60.1/CATALOG.md,"proof-grade-needs-user-shaped-variant (render parity 1/1, local live 0/1, live parity 0/1)",default,default render=pass confighub=pass local=fail gitops=missing live-parity=missing two-cluster=missing,recipes/aws-ebs-csi-driver/aws-ebs-csi-driver/2.60.1/revisions/default/r001/variant-revision.yaml,recipes/aws-ebs-csi-driver/aws-ebs-csi-driver/2.60.1,packages/aws-ebs-csi-driver/aws-ebs-csi-driver/2.60.1,partial,recipes/aws-ebs-csi-driver/aws-ebs-csi-driver/2.60.1/source-lock.yaml;recipes/aws-ebs-csi-driver/aws-ebs-csi-driver/2.60.1/CATALOG.md;recipes/aws-ebs-csi-driver/aws-ebs-csi-driver/2.60.1/revisions/default/r001/variant-revision.yaml;recipes/aws-ebs-csi-driver/aws-ebs-csi-driver/2.60.1/helm-pain-report.yaml;recipes/aws-ebs-csi-driver/aws-ebs-csi-driver/2.60.1/control-points.yaml;data/outcome-coverage/feature-outcomes.csv;recipes/aws-ebs-csi-driver/aws-ebs-csi-driver/2.60.1/value-model.yaml;recipes/aws-ebs-csi-driver/aws-ebs-csi-driver/2.60.1/helm-plan.yaml;recipes/aws-ebs-csi-driver/aws-ebs-csi-driver/2.60.1/publication/installer-package-receipt.yaml;data/outcome-coverage/chart-outcomes.csv;data/top100-readiness/readiness.csv;site/catalog.json,,,extension-slots;required-values;tpl;capabilities;rbac,,,,,,,,,,rank 452: proof-grade: next80-full:1 revision(s): not-reviewed-for-production: add user-shaped variants before catalog promotion,"mandatory chart inputs; your wanted install shape, until a reviewed base exists",exact rendered objects with render parity and receipts; extension slots routed to reviewed bases,add at least one user-shaped variant before catalog promotion
71,falcosecurity/falcosidekick,0.13.1,needs-better-base-variant,not-yet-user-ready,default,recipes/falcosecurity/falcosidekick/0.13.1/CATALOG.md,"proof-grade-needs-user-shaped-variant (render parity 1/1, local live 1/1, live parity 0/1)",default,default render=pass confighub=pass local=pass gitops=missing live-parity=missing two-cluster=missing,recipes/falcosecurity/falcosidekick/0.13.1/revisions/default/r001/variant-revision.yaml,recipes/falcosecurity/falcosidekick/0.13.1,packages/falcosecurity/falcosidekick/0.13.1,partial,recipes/falcosecurity/falcosidekick/0.13.1/source-lock.yaml;recipes/falcosecurity/falcosidekick/0.13.1/CATALOG.md;recipes/falcosecurity/falcosidekick/0.13.1/revisions/default/r001/variant-revision.yaml;recipes/falcosecurity/falcosidekick/0.13.1/helm-pain-report.yaml;recipes/falcosecurity/falcosidekick/0.13.1/control-points.yaml;data/outcome-coverage/feature-outcomes.csv;recipes/falcosecurity/falcosidekick/0.13.1/value-model.yaml;recipes/falcosecurity/falcosidekick/0.13.1/helm-plan.yaml;recipes/falcosecurity/falcosidekick/0.13.1/publication/installer-package-receipt.yaml;data/outcome-coverage/chart-outcomes.csv;data/outcome-coverage/base-outcomes.csv;data/live-kind-parity/summary.md;data/live-helm-confighub-compare/summary.md;site/catalog.json,,,existing-secret;extension-slots;required-values;capabilities;rbac;storage,,,,,,,,,,rank 499: proof-grade: next80-full:1 revision(s): not-reviewed-for-production: add user-shaped variants before catalog promotion,"an existing Secret for some bases (buildable — not yet run); a StorageClass / storage decision; mandatory chart inputs; your wanted install shape, until a reviewed base exists",exact rendered objects with render parity and receipts; extension slots routed to reviewed bases,add at least one user-shaped variant before catalog promotion
72,aqua/trivy-operator,0.32.1,works-with-target-prerequisites,not-yet-public-catalog-proof-ready,default,recipes/aqua/trivy-operator/0.32.1/CATALOG.md,"proof-grade-ready-for-promotion-review (render parity 2/2, local live 2/2, live parity 2/2)",default;no-crds,default render=pass confighub=pass local=pass gitops=pass live-parity=pass two-cluster=pass; no-crds render=pass confighub=pass local=pass gitops=pass live-parity=pass two-cluster=pass,recipes/aqua/trivy-operator/0.32.1/revisions/default/r001/variant-revision.yaml;recipes/aqua/trivy-operator/0.32.1/revisions/no-crds/r001/variant-revision.yaml,recipes/aqua/trivy-operator/0.32.1,packages/aqua/trivy-operator/0.32.1,partial,recipes/aqua/trivy-operator/0.32.1/source-lock.yaml;recipes/aqua/trivy-operator/0.32.1/CATALOG.md;recipes/aqua/trivy-operator/0.32.1/revisions/default/r001/variant-revision.yaml;recipes/aqua/trivy-operator/0.32.1/helm-pain-report.yaml;recipes/aqua/trivy-operator/0.32.1/control-points.yaml;data/outcome-coverage/feature-outcomes.csv;recipes/aqua/trivy-operator/0.32.1/value-model.yaml;recipes/aqua/trivy-operator/0.32.1/helm-plan.yaml;recipes/aqua/trivy-operator/0.32.1/publication/installer-package-receipt.yaml;data/outcome-coverage/chart-outcomes.csv;data/outcome-coverage/base-outcomes.csv;data/live-kind-parity/summary.md;data/live-helm-confighub-compare/summary.md;site/catalog.json,,,crds;existing-secret;extension-slots,,,,,,,runs/live-helm-confighub-compare/aqua-trivy-operator-default/receipt.yaml;runs/live-helm-confighub-compare/aqua-trivy-operator-no-crds/receipt.yaml,,,,an existing Secret for some bases (buildable — not yet run); a CRD ownership choice (crds vs no-crds base),exact rendered objects with render parity and receipts; CRD handling split into explicit bases; extension slots routed to reviewed bases,run catalog promotion review
73,argo-cd/argo-events,2.4.21,works-with-operator-review,not-yet-public-catalog-proof-ready,default,recipes/argo-cd/argo-events/2.4.21/CATALOG.md,"proof-grade-ready-for-promotion-review (render parity 2/2, local live 2/2, live parity 2/2)",default;no-crds,default render=pass confighub=pass local=pass gitops=pass live-parity=pass two-cluster=pass; no-crds render=pass confighub=pass local=pass gitops=pass live-parity=pass two-cluster=pass,recipes/argo-cd/argo-events/2.4.21/revisions/default/r001/variant-revision.yaml;recipes/argo-cd/argo-events/2.4.21/revisions/no-crds/r001/variant-revision.yaml,recipes/argo-cd/argo-events/2.4.21,packages/argo-cd/argo-events/2.4.21,partial,recipes/argo-cd/argo-events/2.4.21/source-lock.yaml;recipes/argo-cd/argo-events/2.4.21/CATALOG.md;recipes/argo-cd/argo-events/2.4.21/revisions/default/r001/variant-revision.yaml;recipes/argo-cd/argo-events/2.4.21/helm-pain-report.yaml;recipes/argo-cd/argo-events/2.4.21/control-points.yaml;data/outcome-coverage/feature-outcomes.csv;recipes/argo-cd/argo-events/2.4.21/value-model.yaml;recipes/argo-cd/argo-events/2.4.21/helm-plan.yaml;recipes/argo-cd/argo-events/2.4.21/publication/installer-package-receipt.yaml;data/outcome-coverage/chart-outcomes.csv;data/outcome-coverage/base-outcomes.csv;data/live-kind-parity/summary.md;data/live-helm-confighub-compare/summary.md;site/catalog.json,,,crds;extension-slots,,,,,,,runs/live-helm-confighub-compare/argo-cd-argo-events-default/receipt.yaml;runs/live-helm-confighub-compare/argo-cd-argo-events-no-crds/receipt.yaml,,,,a CRD ownership choice (crds vs no-crds base),exact rendered objects with render parity and receipts; CRD handling split into explicit bases; extension slots routed to reviewed bases,run catalog promotion review
74,argo-cd/argo-rollouts,2.40.9,works-with-operator-review,not-yet-public-catalog-proof-ready,default,recipes/argo-cd/argo-rollouts/2.40.9/CATALOG.md,"proof-grade-ready-for-promotion-review (render parity 2/2, local live 2/2, live parity 2/2)",default;no-crds,default render=pass confighub=pass local=pass gitops=pass live-parity=pass two-cluster=pass; no-crds render=pass confighub=pass local=pass gitops=pass live-parity=pass two-cluster=pass,recipes/argo-cd/argo-rollouts/2.40.9/revisions/default/r001/variant-revision.yaml;recipes/argo-cd/argo-rollouts/2.40.9/revisions/no-crds/r001/variant-revision.yaml,recipes/argo-cd/argo-rollouts/2.40.9,packages/argo-cd/argo-rollouts/2.40.9,partial,recipes/argo-cd/argo-rollouts/2.40.9/source-lock.yaml;recipes/argo-cd/argo-rollouts/2.40.9/CATALOG.md;recipes/argo-cd/argo-rollouts/2.40.9/revisions/default/r001/variant-revision.yaml;recipes/argo-cd/argo-rollouts/2.40.9/helm-pain-report.yaml;recipes/argo-cd/argo-rollouts/2.40.9/control-points.yaml;data/outcome-coverage/feature-outcomes.csv;recipes/argo-cd/argo-rollouts/2.40.9/value-model.yaml;recipes/argo-cd/argo-rollouts/2.40.9/helm-plan.yaml;recipes/argo-cd/argo-rollouts/2.40.9/publication/installer-package-receipt.yaml;data/outcome-coverage/chart-outcomes.csv;data/outcome-coverage/base-outcomes.csv;data/live-kind-parity/summary.md;data/live-helm-confighub-compare/summary.md;site/catalog.json,,,crds;extension-slots,,,,,,,runs/live-helm-confighub-compare/argo-cd-argo-rollouts-default/receipt.yaml;runs/live-helm-confighub-compare/argo-cd-argo-rollouts-no-crds/receipt.yaml,,,,a CRD ownership choice (crds vs no-crds base),exact rendered objects with render parity and receipts; CRD handling split into explicit bases; extension slots routed to reviewed bases,run catalog promotion review
75,argo-cd/argo-workflows,1.0.14,works-with-operator-review,not-yet-public-catalog-proof-ready,minimal-crds,recipes/argo-cd/argo-workflows/1.0.14/CATALOG.md,"proof-grade-ready-for-promotion-review (render parity 3/3, local live 1/3, live parity 1/3)",controller-default-reviewed;default;minimal-crds,controller-default-reviewed render=pass confighub=pass local=blocked gitops=missing live-parity=missing two-cluster=missing; default render=pass confighub=pass local=blocked gitops=missing live-parity=missing two-cluster=missing; minimal-crds render=pass confighub=pass local=pass gitops=pass live-parity=pass two-cluster=pass,recipes/argo-cd/argo-workflows/1.0.14/revisions/controller-default-reviewed/r001/variant-revision.yaml;recipes/argo-cd/argo-workflows/1.0.14/revisions/default/r001/variant-revision.yaml;recipes/argo-cd/argo-workflows/1.0.14/revisions/minimal-crds/r001/variant-revision.yaml,recipes/argo-cd/argo-workflows/1.0.14,packages/argo-cd/argo-workflows/1.0.14,partial,recipes/argo-cd/argo-workflows/1.0.14/source-lock.yaml;recipes/argo-cd/argo-workflows/1.0.14/CATALOG.md;recipes/argo-cd/argo-workflows/1.0.14/revisions/controller-default-reviewed/r001/variant-revision.yaml;recipes/argo-cd/argo-workflows/1.0.14/helm-pain-report.yaml;recipes/argo-cd/argo-workflows/1.0.14/control-points.yaml;data/outcome-coverage/feature-outcomes.csv;recipes/argo-cd/argo-workflows/1.0.14/value-model.yaml;recipes/argo-cd/argo-workflows/1.0.14/helm-plan.yaml;recipes/argo-cd/argo-workflows/1.0.14/publication/installer-package-receipt.yaml;data/outcome-coverage/chart-outcomes.csv;data/outcome-coverage/base-outcomes.csv;data/live-kind-parity/summary.md;data/live-helm-confighub-compare/summary.md;site/catalog.json,,,extension-slots,,,,,,,runs/live-helm-confighub-compare/argo-cd-argo-workflows-minimal-crds/receipt.yaml,,,,nothing beyond a cluster and namespace,exact rendered objects with render parity and receipts; extension slots routed to reviewed bases,run catalog promotion review
76,argo-cd/argocd-image-updater,1.2.2,needs-better-base-variant,not-yet-user-ready,default,recipes/argo-cd/argocd-image-updater/1.2.2/CATALOG.md,"proof-grade-needs-user-shaped-variant (render parity 1/1, local live 1/1, live parity 0/1)",default,default render=pass confighub=pass local=pass gitops=missing live-parity=missing two-cluster=pass,recipes/argo-cd/argocd-image-updater/1.2.2/revisions/default/r001/variant-revision.yaml,recipes/argo-cd/argocd-image-updater/1.2.2,packages/argo-cd/argocd-image-updater/1.2.2,partial,recipes/argo-cd/argocd-image-updater/1.2.2/source-lock.yaml;recipes/argo-cd/argocd-image-updater/1.2.2/CATALOG.md;recipes/argo-cd/argocd-image-updater/1.2.2/revisions/default/r001/variant-revision.yaml;recipes/argo-cd/argocd-image-updater/1.2.2/helm-pain-report.yaml;recipes/argo-cd/argocd-image-updater/1.2.2/control-points.yaml;data/outcome-coverage/feature-outcomes.csv;recipes/argo-cd/argocd-image-updater/1.2.2/value-model.yaml;recipes/argo-cd/argocd-image-updater/1.2.2/helm-plan.yaml;recipes/argo-cd/argocd-image-updater/1.2.2/publication/installer-package-receipt.yaml;data/outcome-coverage/chart-outcomes.csv;data/outcome-coverage/base-outcomes.csv;data/live-kind-parity/summary.md;data/live-helm-confighub-compare/summary.md;site/catalog.json,,,crds;existing-secret;extension-slots,,,,,,,,,,,"an existing Secret for some bases (buildable — not yet run); a CRD ownership choice (crds vs no-crds base); your wanted install shape, until a reviewed base exists",exact rendered objects with render parity and receipts; CRD handling split into explicit bases; extension slots routed to reviewed bases,add at least one user-shaped variant before catalog promotion
77,autoscaler/cluster-autoscaler,9.57.0,works-with-operator-review,not-yet-public-catalog-proof-ready,controller-default-reviewed,recipes/autoscaler/cluster-autoscaler/9.57.0/CATALOG.md,"proof-grade-ready-for-promotion-review (render parity 2/2, local live 2/2, live parity 1/2)",controller-default-reviewed;default,controller-default-reviewed render=pass confighub=pass local=pass gitops=pass live-parity=pass two-cluster=missing; default render=pass confighub=pass local=pass gitops=missing live-parity=missing two-cluster=watch,recipes/autoscaler/cluster-autoscaler/9.57.0/revisions/controller-default-reviewed/r001/variant-revision.yaml;recipes/autoscaler/cluster-autoscaler/9.57.0/revisions/default/r001/variant-revision.yaml,recipes/autoscaler/cluster-autoscaler/9.57.0,packages/autoscaler/cluster-autoscaler/9.57.0,partial,recipes/autoscaler/cluster-autoscaler/9.57.0/source-lock.yaml;recipes/autoscaler/cluster-autoscaler/9.57.0/CATALOG.md;recipes/autoscaler/cluster-autoscaler/9.57.0/revisions/controller-default-reviewed/r001/variant-revision.yaml;recipes/autoscaler/cluster-autoscaler/9.57.0/helm-pain-report.yaml;recipes/autoscaler/cluster-autoscaler/9.57.0/control-points.yaml;data/outcome-coverage/feature-outcomes.csv;recipes/autoscaler/cluster-autoscaler/9.57.0/value-model.yaml;recipes/autoscaler/cluster-autoscaler/9.57.0/helm-plan.yaml;recipes/autoscaler/cluster-autoscaler/9.57.0/publication/installer-package-receipt.yaml;data/outcome-coverage/chart-outcomes.csv;data/outcome-coverage/base-outcomes.csv;data/live-kind-parity/summary.md;data/live-helm-confighub-compare/summary.md;site/catalog.json,,,extension-slots,,,,,,,runs/live-helm-confighub-compare/autoscaler-cluster-autoscaler-controller-default-reviewed/receipt.yaml,,,,nothing beyond a cluster and namespace,exact rendered objects with render parity and receipts; extension slots routed to reviewed bases,run catalog promotion review
78,autoscaler/vertical-pod-autoscaler,0.9.0,works-with-target-prerequisites,not-yet-public-catalog-proof-ready,default,recipes/autoscaler/vertical-pod-autoscaler/0.9.0/CATALOG.md,"proof-grade-ready-for-promotion-review (render parity 2/2, local live 0/2, live parity 0/2)",default;no-crds,default render=pass confighub=pass local=blocked gitops=missing live-parity=missing two-cluster=pass; no-crds render=pass confighub=pass local=blocked gitops=missing live-parity=missing two-cluster=pass,recipes/autoscaler/vertical-pod-autoscaler/0.9.0/revisions/default/r001/variant-revision.yaml;recipes/autoscaler/vertical-pod-autoscaler/0.9.0/revisions/no-crds/r001/variant-revision.yaml,recipes/autoscaler/vertical-pod-autoscaler/0.9.0,packages/autoscaler/vertical-pod-autoscaler/0.9.0,partial,recipes/autoscaler/vertical-pod-autoscaler/0.9.0/source-lock.yaml;recipes/autoscaler/vertical-pod-autoscaler/0.9.0/CATALOG.md;recipes/autoscaler/vertical-pod-autoscaler/0.9.0/revisions/default/r001/variant-revision.yaml;recipes/autoscaler/vertical-pod-autoscaler/0.9.0/helm-pain-report.yaml;recipes/autoscaler/vertical-pod-autoscaler/0.9.0/control-points.yaml;data/outcome-coverage/feature-outcomes.csv;recipes/autoscaler/vertical-pod-autoscaler/0.9.0/value-model.yaml;recipes/autoscaler/vertical-pod-autoscaler/0.9.0/helm-plan.yaml;recipes/autoscaler/vertical-pod-autoscaler/0.9.0/publication/installer-package-receipt.yaml;data/outcome-coverage/chart-outcomes.csv;data/outcome-coverage/base-outcomes.csv;data/live-kind-parity/summary.md;data/live-helm-confighub-compare/summary.md;site/catalog.json,,,crds;existing-secret;extension-slots,,,,,,,,,,,an existing Secret for some bases (buildable — not yet run); a CRD ownership choice (crds vs no-crds base),exact rendered objects with render parity and receipts; CRD handling split into explicit bases; extension slots routed to reviewed bases,run catalog promotion review
79,bitnami/opensearch,2.0.10,works-with-target-prerequisites,not-yet-public-catalog-proof-ready,default,recipes/bitnami/opensearch/2.0.10/CATALOG.md,"proof-grade-ready-for-promotion-review (render parity 2/2, local live 0/2, live parity 0/2)",default;ha,default render=pass confighub=pass local=fail gitops=missing live-parity=missing two-cluster=missing; ha render=pass confighub=pass local=fail gitops=missing live-parity=missing two-cluster=missing,recipes/bitnami/opensearch/2.0.10/revisions/default/r001/variant-revision.yaml;recipes/bitnami/opensearch/2.0.10/revisions/ha/r001/variant-revision.yaml,recipes/bitnami/opensearch/2.0.10,packages/bitnami/opensearch/2.0.10,partial,recipes/bitnami/opensearch/2.0.10/source-lock.yaml;recipes/bitnami/opensearch/2.0.10/CATALOG.md;recipes/bitnami/opensearch/2.0.10/revisions/default/r001/variant-revision.yaml;recipes/bitnami/opensearch/2.0.10/helm-pain-report.yaml;recipes/bitnami/opensearch/2.0.10/control-points.yaml;data/outcome-coverage/feature-outcomes.csv;recipes/bitnami/opensearch/2.0.10/value-model.yaml;recipes/bitnami/opensearch/2.0.10/helm-plan.yaml;recipes/bitnami/opensearch/2.0.10/publication/installer-package-receipt.yaml;data/outcome-coverage/chart-outcomes.csv;data/top100-readiness/readiness.csv;site/catalog.json,,,existing-secret;extension-slots,,,,,,,,,,,an existing Secret for some bases (buildable — not yet run),exact rendered objects with render parity and receipts; extension slots routed to reviewed bases,run catalog promotion review
80,crossplane-stable/crossplane,2.3.1,needs-better-base-variant,not-yet-user-ready,default,recipes/crossplane-stable/crossplane/2.3.1/CATALOG.md,"proof-grade-needs-user-shaped-variant (render parity 1/1, local live 1/1, live parity 1/1)",default,default render=pass confighub=pass local=pass gitops=pass live-parity=pass two-cluster=missing,recipes/crossplane-stable/crossplane/2.3.1/revisions/default/r001/variant-revision.yaml,recipes/crossplane-stable/crossplane/2.3.1,packages/crossplane-stable/crossplane/2.3.1,partial,recipes/crossplane-stable/crossplane/2.3.1/source-lock.yaml;recipes/crossplane-stable/crossplane/2.3.1/CATALOG.md;recipes/crossplane-stable/crossplane/2.3.1/revisions/default/r001/variant-revision.yaml;recipes/crossplane-stable/crossplane/2.3.1/helm-pain-report.yaml;recipes/crossplane-stable/crossplane/2.3.1/control-points.yaml;data/outcome-coverage/feature-outcomes.csv;recipes/crossplane-stable/crossplane/2.3.1/value-model.yaml;recipes/crossplane-stable/crossplane/2.3.1/helm-plan.yaml;recipes/crossplane-stable/crossplane/2.3.1/publication/installer-package-receipt.yaml;data/outcome-coverage/chart-outcomes.csv;data/outcome-coverage/base-outcomes.csv;data/live-kind-parity/summary.md;data/live-helm-confighub-compare/summary.md;site/catalog.json,,,existing-secret;extension-slots,,,,,,,runs/live-helm-confighub-compare/crossplane-stable-crossplane-default/receipt.yaml,,,,"an existing Secret for some bases (buildable — not yet run); your wanted install shape, until a reviewed base exists",exact rendered objects with render parity and receipts; extension slots routed to reviewed bases,add at least one user-shaped variant before catalog promotion
81,grafana/promtail,6.17.1,needs-better-base-variant,not-yet-user-ready,default,recipes/grafana/promtail/6.17.1/CATALOG.md,"proof-grade-needs-user-shaped-variant (render parity 1/1, local live 1/1, live parity 0/1)",default,default render=pass confighub=pass local=pass gitops=missing live-parity=missing two-cluster=missing,recipes/grafana/promtail/6.17.1/revisions/default/r001/variant-revision.yaml,recipes/grafana/promtail/6.17.1,packages/grafana/promtail/6.17.1,partial,recipes/grafana/promtail/6.17.1/source-lock.yaml;recipes/grafana/promtail/6.17.1/CATALOG.md;recipes/grafana/promtail/6.17.1/revisions/default/r001/variant-revision.yaml;recipes/grafana/promtail/6.17.1/helm-pain-report.yaml;recipes/grafana/promtail/6.17.1/control-points.yaml;data/outcome-coverage/feature-outcomes.csv;recipes/grafana/promtail/6.17.1/value-model.yaml;recipes/grafana/promtail/6.17.1/helm-plan.yaml;recipes/grafana/promtail/6.17.1/publication/installer-package-receipt.yaml;data/outcome-coverage/chart-outcomes.csv;data/outcome-coverage/base-outcomes.csv;data/live-kind-parity/summary.md;data/live-helm-confighub-compare/summary.md;site/catalog.json,,,existing-secret;extension-slots,,,,,,,,,,,"an existing Secret for some bases (buildable — not yet run); your wanted install shape, until a reviewed base exists",exact rendered objects with render parity and receipts; extension slots routed to reviewed bases,add at least one user-shaped variant before catalog promotion
82,grafana/rollout-operator,0.49.0,works-with-operator-review,not-yet-public-catalog-proof-ready,default,recipes/grafana/rollout-operator/0.49.0/CATALOG.md,"proof-grade-ready-for-promotion-review (render parity 2/2, local live 1/2, live parity 0/2)",default;no-crds,default render=pass confighub=pass local=pass gitops=missing live-parity=missing two-cluster=missing; no-crds render=pass confighub=pass local=fail gitops=missing live-parity=missing two-cluster=missing,recipes/grafana/rollout-operator/0.49.0/revisions/default/r001/variant-revision.yaml;recipes/grafana/rollout-operator/0.49.0/revisions/no-crds/r001/variant-revision.yaml,recipes/grafana/rollout-operator/0.49.0,packages/grafana/rollout-operator/0.49.0,partial,recipes/grafana/rollout-operator/0.49.0/source-lock.yaml;recipes/grafana/rollout-operator/0.49.0/CATALOG.md;recipes/grafana/rollout-operator/0.49.0/revisions/default/r001/variant-revision.yaml;recipes/grafana/rollout-operator/0.49.0/helm-pain-report.yaml;recipes/grafana/rollout-operator/0.49.0/control-points.yaml;data/outcome-coverage/feature-outcomes.csv;recipes/grafana/rollout-operator/0.49.0/value-model.yaml;recipes/grafana/rollout-operator/0.49.0/helm-plan.yaml;recipes/grafana/rollout-operator/0.49.0/publication/installer-package-receipt.yaml;data/outcome-coverage/chart-outcomes.csv;data/outcome-coverage/base-outcomes.csv;data/live-kind-parity/summary.md;data/live-helm-confighub-compare/summary.md;site/catalog.json,,,crds;extension-slots,,,,,,,,,,,a CRD ownership choice (crds vs no-crds base),exact rendered objects with render parity and receipts; CRD handling split into explicit bases; extension slots routed to reviewed bases,run catalog promotion review
83,haproxytech/kubernetes-ingress,1.52.0,needs-better-base-variant,not-yet-user-ready,default,recipes/haproxytech/kubernetes-ingress/1.52.0/CATALOG.md,"proof-grade-needs-user-shaped-variant (render parity 1/1, local live 1/1, live parity 0/1)",default,default render=pass confighub=pass local=pass gitops=missing live-parity=missing two-cluster=missing,recipes/haproxytech/kubernetes-ingress/1.52.0/revisions/default/r001/variant-revision.yaml,recipes/haproxytech/kubernetes-ingress/1.52.0,packages/haproxytech/kubernetes-ingress/1.52.0,partial,recipes/haproxytech/kubernetes-ingress/1.52.0/source-lock.yaml;recipes/haproxytech/kubernetes-ingress/1.52.0/CATALOG.md;recipes/haproxytech/kubernetes-ingress/1.52.0/revisions/default/r001/variant-revision.yaml;recipes/haproxytech/kubernetes-ingress/1.52.0/helm-pain-report.yaml;recipes/haproxytech/kubernetes-ingress/1.52.0/control-points.yaml;data/outcome-coverage/feature-outcomes.csv;recipes/haproxytech/kubernetes-ingress/1.52.0/value-model.yaml;recipes/haproxytech/kubernetes-ingress/1.52.0/helm-plan.yaml;recipes/haproxytech/kubernetes-ingress/1.52.0/publication/installer-package-receipt.yaml;data/outcome-coverage/chart-outcomes.csv;data/outcome-coverage/base-outcomes.csv;data/live-kind-parity/summary.md;data/live-helm-confighub-compare/summary.md;site/catalog.json,,,existing-secret;extension-slots,,,,,,,,,,,"an existing Secret for some bases (buildable — not yet run); your wanted install shape, until a reviewed base exists",exact rendered objects with render parity and receipts; extension slots routed to reviewed bases,add at least one user-shaped variant before catalog promotion
84,istio/gateway,1.30.0,works-with-operator-review,not-yet-public-catalog-proof-ready,default,recipes/istio/gateway/1.30.0/CATALOG.md,"proof-grade-ready-for-promotion-review (render parity 2/2, local live 0/2, live parity 0/2)",controller-default-reviewed;default,controller-default-reviewed render=pass confighub=pass local=blocked gitops=missing live-parity=missing two-cluster=missing; default render=pass confighub=pass local=blocked gitops=missing live-parity=missing two-cluster=missing,recipes/istio/gateway/1.30.0/revisions/controller-default-reviewed/r001/variant-revision.yaml;recipes/istio/gateway/1.30.0/revisions/default/r001/variant-revision.yaml,recipes/istio/gateway/1.30.0,packages/istio/gateway/1.30.0,partial,recipes/istio/gateway/1.30.0/source-lock.yaml;recipes/istio/gateway/1.30.0/CATALOG.md;recipes/istio/gateway/1.30.0/revisions/controller-default-reviewed/r001/variant-revision.yaml;recipes/istio/gateway/1.30.0/helm-pain-report.yaml;recipes/istio/gateway/1.30.0/control-points.yaml;data/outcome-coverage/feature-outcomes.csv;recipes/istio/gateway/1.30.0/value-model.yaml;recipes/istio/gateway/1.30.0/helm-plan.yaml;recipes/istio/gateway/1.30.0/publication/installer-package-receipt.yaml;data/outcome-coverage/chart-outcomes.csv;data/top100-readiness/readiness.csv;site/catalog.json,,,none-flagged,,,,,,,,,,,nothing beyond a cluster and namespace,exact rendered objects with render parity and receipts,run catalog promotion review
85,istio/istiod,1.30.0,needs-better-base-variant,not-yet-user-ready,default,recipes/istio/istiod/1.30.0/CATALOG.md,"proof-grade-needs-user-shaped-variant (render parity 1/1, local live 0/1, live parity 0/1)",default,default render=pass confighub=pass local=fail gitops=missing live-parity=missing two-cluster=missing,recipes/istio/istiod/1.30.0/revisions/default/r001/variant-revision.yaml,recipes/istio/istiod/1.30.0,packages/istio/istiod/1.30.0,partial,recipes/istio/istiod/1.30.0/source-lock.yaml;recipes/istio/istiod/1.30.0/CATALOG.md;recipes/istio/istiod/1.30.0/revisions/default/r001/variant-revision.yaml;recipes/istio/istiod/1.30.0/helm-pain-report.yaml;recipes/istio/istiod/1.30.0/control-points.yaml;data/outcome-coverage/feature-outcomes.csv;recipes/istio/istiod/1.30.0/value-model.yaml;recipes/istio/istiod/1.30.0/helm-plan.yaml;recipes/istio/istiod/1.30.0/publication/installer-package-receipt.yaml;data/outcome-coverage/chart-outcomes.csv;data/top100-readiness/readiness.csv;site/catalog.json,,,existing-secret;extension-slots,,,,,,,,,,,"an existing Secret for some bases (buildable — not yet run); your wanted install shape, until a reviewed base exists",exact rendered objects with render parity and receipts; extension slots routed to reviewed bases,add at least one user-shaped variant before catalog promotion
86,jetstack/cert-manager-csi-driver,v0.14.0,needs-better-base-variant,not-yet-user-ready,default,recipes/jetstack/cert-manager-csi-driver/v0.14.0/CATALOG.md,"proof-grade-needs-user-shaped-variant (render parity 1/1, local live 1/1, live parity 0/1)",default,default render=pass confighub=pass local=pass gitops=missing live-parity=missing two-cluster=missing,recipes/jetstack/cert-manager-csi-driver/v0.14.0/revisions/default/r001/variant-revision.yaml,recipes/jetstack/cert-manager-csi-driver/v0.14.0,packages/jetstack/cert-manager-csi-driver/v0.14.0,partial,recipes/jetstack/cert-manager-csi-driver/v0.14.0/source-lock.yaml;recipes/jetstack/cert-manager-csi-driver/v0.14.0/CATALOG.md;recipes/jetstack/cert-manager-csi-driver/v0.14.0/revisions/default/r001/variant-revision.yaml;recipes/jetstack/cert-manager-csi-driver/v0.14.0/helm-pain-report.yaml;recipes/jetstack/cert-manager-csi-driver/v0.14.0/control-points.yaml;data/outcome-coverage/feature-outcomes.csv;recipes/jetstack/cert-manager-csi-driver/v0.14.0/value-model.yaml;recipes/jetstack/cert-manager-csi-driver/v0.14.0/helm-plan.yaml;recipes/jetstack/cert-manager-csi-driver/v0.14.0/publication/installer-package-receipt.yaml;data/outcome-coverage/chart-outcomes.csv;data/outcome-coverage/base-outcomes.csv;data/live-kind-parity/summary.md;data/live-helm-confighub-compare/summary.md;site/catalog.json,,,none-flagged,,,,,,,,,,,"your wanted install shape, until a reviewed base exists",exact rendered objects with render parity and receipts,add at least one user-shaped variant before catalog promotion
87,jetstack/trust-manager,v0.22.1,works-with-target-prerequisites,not-yet-public-catalog-proof-ready,default,recipes/jetstack/trust-manager/v0.22.1/CATALOG.md,"proof-grade-ready-for-promotion-review (render parity 2/2, local live 0/2, live parity 0/2)",default;no-crds,default render=pass confighub=pass local=fail gitops=missing live-parity=missing two-cluster=missing; no-crds render=pass confighub=pass local=fail gitops=missing live-parity=missing two-cluster=missing,recipes/jetstack/trust-manager/v0.22.1/revisions/default/r001/variant-revision.yaml;recipes/jetstack/trust-manager/v0.22.1/revisions/no-crds/r001/variant-revision.yaml,recipes/jetstack/trust-manager/v0.22.1,packages/jetstack/trust-manager/v0.22.1,partial,recipes/jetstack/trust-manager/v0.22.1/source-lock.yaml;recipes/jetstack/trust-manager/v0.22.1/CATALOG.md;recipes/jetstack/trust-manager/v0.22.1/revisions/default/r001/variant-revision.yaml;recipes/jetstack/trust-manager/v0.22.1/helm-pain-report.yaml;recipes/jetstack/trust-manager/v0.22.1/control-points.yaml;data/outcome-coverage/feature-outcomes.csv;recipes/jetstack/trust-manager/v0.22.1/value-model.yaml;recipes/jetstack/trust-manager/v0.22.1/helm-plan.yaml;recipes/jetstack/trust-manager/v0.22.1/publication/installer-package-receipt.yaml;data/outcome-coverage/chart-outcomes.csv;data/top100-readiness/readiness.csv;site/catalog.json,,,crds;existing-secret;extension-slots,,,,,,,,,,,an existing Secret for some bases (buildable — not yet run); a CRD ownership choice (crds vs no-crds base),exact rendered objects with render parity and receipts; CRD handling split into explicit bases; extension slots routed to reviewed bases,run catalog promotion review
88,linkerd/linkerd-crds,1.8.0,needs-better-base-variant,not-yet-user-ready,default,recipes/linkerd/linkerd-crds/1.8.0/CATALOG.md,"proof-grade-needs-user-shaped-variant (render parity 1/1, local live 1/1, live parity 0/1)",default,default render=pass confighub=pass local=pass gitops=missing live-parity=missing two-cluster=missing,recipes/linkerd/linkerd-crds/1.8.0/revisions/default/r001/variant-revision.yaml,recipes/linkerd/linkerd-crds/1.8.0,packages/linkerd/linkerd-crds/1.8.0,partial,recipes/linkerd/linkerd-crds/1.8.0/source-lock.yaml;recipes/linkerd/linkerd-crds/1.8.0/CATALOG.md;recipes/linkerd/linkerd-crds/1.8.0/revisions/default/r001/variant-revision.yaml;recipes/linkerd/linkerd-crds/1.8.0/helm-pain-report.yaml;recipes/linkerd/linkerd-crds/1.8.0/control-points.yaml;data/outcome-coverage/feature-outcomes.csv;recipes/linkerd/linkerd-crds/1.8.0/value-model.yaml;recipes/linkerd/linkerd-crds/1.8.0/helm-plan.yaml;recipes/linkerd/linkerd-crds/1.8.0/publication/installer-package-receipt.yaml;data/outcome-coverage/chart-outcomes.csv;data/outcome-coverage/base-outcomes.csv;data/live-kind-parity/summary.md;data/live-helm-confighub-compare/summary.md;site/catalog.json,,,crds;existing-secret,,,,,,,,,,,"an existing Secret for some bases (buildable — not yet run); a CRD ownership choice (crds vs no-crds base); your wanted install shape, until a reviewed base exists",exact rendered objects with render parity and receipts; CRD handling split into explicit bases,add at least one user-shaped variant before catalog promotion
89,minio-operator/tenant,7.1.1,needs-better-base-variant,not-yet-user-ready,default,recipes/minio-operator/tenant/7.1.1/CATALOG.md,"proof-grade-needs-user-shaped-variant (render parity 1/1, local live 1/1, live parity 0/1)",default,default render=pass confighub=pass local=pass gitops=missing live-parity=missing two-cluster=missing,recipes/minio-operator/tenant/7.1.1/revisions/default/r001/variant-revision.yaml,recipes/minio-operator/tenant/7.1.1,packages/minio-operator/tenant/7.1.1,partial,recipes/minio-operator/tenant/7.1.1/source-lock.yaml;recipes/minio-operator/tenant/7.1.1/CATALOG.md;recipes/minio-operator/tenant/7.1.1/revisions/default/r001/variant-revision.yaml;recipes/minio-operator/tenant/7.1.1/helm-pain-report.yaml;recipes/minio-operator/tenant/7.1.1/control-points.yaml;data/outcome-coverage/feature-outcomes.csv;recipes/minio-operator/tenant/7.1.1/value-model.yaml;recipes/minio-operator/tenant/7.1.1/helm-plan.yaml;recipes/minio-operator/tenant/7.1.1/publication/installer-package-receipt.yaml;data/outcome-coverage/chart-outcomes.csv;data/outcome-coverage/base-outcomes.csv;data/live-kind-parity/summary.md;data/live-helm-confighub-compare/summary.md;site/catalog.json,,,existing-secret;extension-slots,,,,,,,,,,,"an existing Secret for some bases (buildable — not yet run); your wanted install shape, until a reviewed base exists",exact rendered objects with render parity and receipts; extension slots routed to reviewed bases,add at least one user-shaped variant before catalog promotion
90,nats/nack,0.34.0,works-with-target-prerequisites,not-yet-public-catalog-proof-ready,default,recipes/nats/nack/0.34.0/CATALOG.md,"proof-grade-ready-for-promotion-review (render parity 2/2, local live 2/2, live parity 0/2)",default;no-crds,default render=pass confighub=pass local=pass gitops=missing live-parity=missing two-cluster=missing; no-crds render=pass confighub=pass local=pass gitops=missing live-parity=missing two-cluster=missing,recipes/nats/nack/0.34.0/revisions/default/r001/variant-revision.yaml;recipes/nats/nack/0.34.0/revisions/no-crds/r001/variant-revision.yaml,recipes/nats/nack/0.34.0,packages/nats/nack/0.34.0,partial,recipes/nats/nack/0.34.0/source-lock.yaml;recipes/nats/nack/0.34.0/CATALOG.md;recipes/nats/nack/0.34.0/revisions/default/r001/variant-revision.yaml;recipes/nats/nack/0.34.0/helm-pain-report.yaml;recipes/nats/nack/0.34.0/control-points.yaml;data/outcome-coverage/feature-outcomes.csv;recipes/nats/nack/0.34.0/value-model.yaml;recipes/nats/nack/0.34.0/helm-plan.yaml;recipes/nats/nack/0.34.0/publication/installer-package-receipt.yaml;data/outcome-coverage/chart-outcomes.csv;data/outcome-coverage/base-outcomes.csv;data/live-kind-parity/summary.md;data/live-helm-confighub-compare/summary.md;site/catalog.json,,,crds;existing-secret;extension-slots,,,,,,,,,,,an existing Secret for some bases (buildable — not yet run); a CRD ownership choice (crds vs no-crds base),exact rendered objects with render parity and receipts; CRD handling split into explicit bases; extension slots routed to reviewed bases,run catalog promotion review
91,nats/surveyor,0.20.9,works-with-operator-review,not-yet-public-catalog-proof-ready,default,recipes/nats/surveyor/0.20.9/CATALOG.md,"proof-grade-ready-for-promotion-review (render parity 2/2, local live 0/2, live parity 0/2)",default;default-reviewed,default render=pass confighub=pass local=fail gitops=missing live-parity=missing two-cluster=missing; default-reviewed render=pass confighub=pass local=blocked gitops=missing live-parity=missing two-cluster=missing,recipes/nats/surveyor/0.20.9/revisions/default/r001/variant-revision.yaml;recipes/nats/surveyor/0.20.9/revisions/default-reviewed/r001/variant-revision.yaml,recipes/nats/surveyor/0.20.9,packages/nats/surveyor/0.20.9,partial,recipes/nats/surveyor/0.20.9/source-lock.yaml;recipes/nats/surveyor/0.20.9/CATALOG.md;recipes/nats/surveyor/0.20.9/revisions/default/r001/variant-revision.yaml;recipes/nats/surveyor/0.20.9/helm-pain-report.yaml;recipes/nats/surveyor/0.20.9/control-points.yaml;data/outcome-coverage/feature-outcomes.csv;recipes/nats/surveyor/0.20.9/value-model.yaml;recipes/nats/surveyor/0.20.9/helm-plan.yaml;recipes/nats/surveyor/0.20.9/publication/installer-package-receipt.yaml;data/outcome-coverage/chart-outcomes.csv;data/top100-readiness/readiness.csv;site/catalog.json,,,extension-slots,,,,,,,,,,,nothing beyond a cluster and namespace,exact rendered objects with render parity and receipts; extension slots routed to reviewed bases,run catalog promotion review
92,open-telemetry/opentelemetry-operator,0.114.0,works-with-target-prerequisites,not-yet-public-catalog-proof-ready,default,recipes/open-telemetry/opentelemetry-operator/0.114.0/CATALOG.md,"proof-grade-ready-for-promotion-review (render parity 2/2, local live 0/2, live parity 0/2)",default;no-crds,default render=pass confighub=pass local=blocked gitops=missing live-parity=missing two-cluster=pass; no-crds render=pass confighub=pass local=blocked gitops=missing live-parity=missing two-cluster=pass,recipes/open-telemetry/opentelemetry-operator/0.114.0/revisions/default/r001/variant-revision.yaml;recipes/open-telemetry/opentelemetry-operator/0.114.0/revisions/no-crds/r001/variant-revision.yaml,recipes/open-telemetry/opentelemetry-operator/0.114.0,packages/open-telemetry/opentelemetry-operator/0.114.0,partial,recipes/open-telemetry/opentelemetry-operator/0.114.0/source-lock.yaml;recipes/open-telemetry/opentelemetry-operator/0.114.0/CATALOG.md;recipes/open-telemetry/opentelemetry-operator/0.114.0/revisions/default/r001/variant-revision.yaml;recipes/open-telemetry/opentelemetry-operator/0.114.0/helm-pain-report.yaml;recipes/open-telemetry/opentelemetry-operator/0.114.0/control-points.yaml;data/outcome-coverage/feature-outcomes.csv;recipes/open-telemetry/opentelemetry-operator/0.114.0/value-model.yaml;recipes/open-telemetry/opentelemetry-operator/0.114.0/helm-plan.yaml;recipes/open-telemetry/opentelemetry-operator/0.114.0/publication/installer-package-receipt.yaml;data/outcome-coverage/chart-outcomes.csv;data/outcome-coverage/base-outcomes.csv;data/live-kind-parity/summary.md;data/live-helm-confighub-compare/summary.md;site/catalog.json,,,crds;existing-secret;extension-slots,,,,,,,,,,,an existing Secret for some bases (buildable — not yet run); a CRD ownership choice (crds vs no-crds base),exact rendered objects with render parity and receipts; CRD handling split into explicit bases; extension slots routed to reviewed bases,run catalog promotion review
93,percona/pg-operator,3.0.0,works-with-operator-review,not-yet-public-catalog-proof-ready,default,recipes/percona/pg-operator/3.0.0/CATALOG.md,"proof-grade-ready-for-promotion-review (render parity 2/2, local live 2/2, live parity 1/2)",default;no-crds,default render=pass confighub=pass local=pass gitops=pass live-parity=pass two-cluster=pass; no-crds render=pass confighub=pass local=pass gitops=missing live-parity=missing two-cluster=missing,recipes/percona/pg-operator/3.0.0/revisions/default/r001/variant-revision.yaml;recipes/percona/pg-operator/3.0.0/revisions/no-crds/r001/variant-revision.yaml,recipes/percona/pg-operator/3.0.0,packages/percona/pg-operator/3.0.0,partial,recipes/percona/pg-operator/3.0.0/source-lock.yaml;recipes/percona/pg-operator/3.0.0/CATALOG.md;recipes/percona/pg-operator/3.0.0/revisions/default/r001/variant-revision.yaml;recipes/percona/pg-operator/3.0.0/helm-pain-report.yaml;recipes/percona/pg-operator/3.0.0/control-points.yaml;data/outcome-coverage/feature-outcomes.csv;recipes/percona/pg-operator/3.0.0/value-model.yaml;recipes/percona/pg-operator/3.0.0/helm-plan.yaml;recipes/percona/pg-operator/3.0.0/publication/installer-package-receipt.yaml;data/outcome-coverage/chart-outcomes.csv;data/outcome-coverage/base-outcomes.csv;data/live-kind-parity/summary.md;data/live-helm-confighub-compare/summary.md;site/catalog.json,,,crds,,,,,,,runs/live-helm-confighub-compare/percona-pg-operator-default/receipt.yaml,,,,a CRD ownership choice (crds vs no-crds base),exact rendered objects with render parity and receipts; CRD handling split into explicit bases,run catalog promotion review
94,percona/psmdb-operator,1.22.0,works-with-operator-review,not-yet-public-catalog-proof-ready,default,recipes/percona/psmdb-operator/1.22.0/CATALOG.md,"proof-grade-ready-for-promotion-review (render parity 2/2, local live 2/2, live parity 1/2)",default;no-crds,default render=pass confighub=pass local=pass gitops=pass live-parity=pass two-cluster=pass; no-crds render=pass confighub=pass local=pass gitops=missing live-parity=missing two-cluster=missing,recipes/percona/psmdb-operator/1.22.0/revisions/default/r001/variant-revision.yaml;recipes/percona/psmdb-operator/1.22.0/revisions/no-crds/r001/variant-revision.yaml,recipes/percona/psmdb-operator/1.22.0,packages/percona/psmdb-operator/1.22.0,partial,recipes/percona/psmdb-operator/1.22.0/source-lock.yaml;recipes/percona/psmdb-operator/1.22.0/CATALOG.md;recipes/percona/psmdb-operator/1.22.0/revisions/default/r001/variant-revision.yaml;recipes/percona/psmdb-operator/1.22.0/helm-pain-report.yaml;recipes/percona/psmdb-operator/1.22.0/control-points.yaml;data/outcome-coverage/feature-outcomes.csv;recipes/percona/psmdb-operator/1.22.0/value-model.yaml;recipes/percona/psmdb-operator/1.22.0/helm-plan.yaml;recipes/percona/psmdb-operator/1.22.0/publication/installer-package-receipt.yaml;data/outcome-coverage/chart-outcomes.csv;data/outcome-coverage/base-outcomes.csv;data/live-kind-parity/summary.md;data/live-helm-confighub-compare/summary.md;site/catalog.json,,,crds,,,,,,,runs/live-helm-confighub-compare/percona-psmdb-operator-default/receipt.yaml,,,,a CRD ownership choice (crds vs no-crds base),exact rendered objects with render parity and receipts; CRD handling split into explicit bases,run catalog promotion review
95,rook-release/rook-ceph,v1.19.5,needs-better-base-variant,not-yet-user-ready,default,recipes/rook-release/rook-ceph/v1.19.5/CATALOG.md,"proof-grade-needs-user-shaped-variant (render parity 1/1, local live 1/1, live parity 0/1)",default,default render=pass confighub=pass local=pass gitops=missing live-parity=missing two-cluster=missing,recipes/rook-release/rook-ceph/v1.19.5/revisions/default/r001/variant-revision.yaml,recipes/rook-release/rook-ceph/v1.19.5,packages/rook-release/rook-ceph/v1.19.5,partial,recipes/rook-release/rook-ceph/v1.19.5/source-lock.yaml;recipes/rook-release/rook-ceph/v1.19.5/CATALOG.md;recipes/rook-release/rook-ceph/v1.19.5/revisions/default/r001/variant-revision.yaml;recipes/rook-release/rook-ceph/v1.19.5/helm-pain-report.yaml;recipes/rook-release/rook-ceph/v1.19.5/control-points.yaml;data/outcome-coverage/feature-outcomes.csv;recipes/rook-release/rook-ceph/v1.19.5/value-model.yaml;recipes/rook-release/rook-ceph/v1.19.5/helm-plan.yaml;recipes/rook-release/rook-ceph/v1.19.5/publication/installer-package-receipt.yaml;data/outcome-coverage/chart-outcomes.csv;data/outcome-coverage/base-outcomes.csv;data/live-kind-parity/summary.md;data/live-helm-confighub-compare/summary.md;site/catalog.json,,,crds,,,,,,,,,,,"a CRD ownership choice (crds vs no-crds base); your wanted install shape, until a reviewed base exists",exact rendered objects with render parity and receipts; CRD handling split into explicit bases,add at least one user-shaped variant before catalog promotion
96,rook-release/rook-ceph-cluster,v1.19.5,needs-better-base-variant,not-yet-user-ready,default,recipes/rook-release/rook-ceph-cluster/v1.19.5/CATALOG.md,"proof-grade-needs-user-shaped-variant (render parity 1/1, local live 1/1, live parity 0/1)",default,default render=pass confighub=pass local=pass gitops=missing live-parity=missing two-cluster=missing,recipes/rook-release/rook-ceph-cluster/v1.19.5/revisions/default/r001/variant-revision.yaml,recipes/rook-release/rook-ceph-cluster/v1.19.5,packages/rook-release/rook-ceph-cluster/v1.19.5,partial,recipes/rook-release/rook-ceph-cluster/v1.19.5/source-lock.yaml;recipes/rook-release/rook-ceph-cluster/v1.19.5/CATALOG.md;recipes/rook-release/rook-ceph-cluster/v1.19.5/revisions/default/r001/variant-revision.yaml;recipes/rook-release/rook-ceph-cluster/v1.19.5/helm-pain-report.yaml;recipes/rook-release/rook-ceph-cluster/v1.19.5/control-points.yaml;data/outcome-coverage/feature-outcomes.csv;recipes/rook-release/rook-ceph-cluster/v1.19.5/value-model.yaml;recipes/rook-release/rook-ceph-cluster/v1.19.5/helm-plan.yaml;recipes/rook-release/rook-ceph-cluster/v1.19.5/publication/installer-package-receipt.yaml;data/outcome-coverage/chart-outcomes.csv;data/outcome-coverage/base-outcomes.csv;data/live-kind-parity/summary.md;data/live-helm-confighub-compare/summary.md;site/catalog.json,,,existing-secret;extension-slots,,,,,,,,,,,"an existing Secret for some bases (buildable — not yet run); your wanted install shape, until a reviewed base exists",exact rendered objects with render parity and receipts; extension slots routed to reviewed bases,add at least one user-shaped variant before catalog promotion
97,sealed-secrets/sealed-secrets,2.18.6,works-with-target-prerequisites,not-yet-public-catalog-proof-ready,default,recipes/sealed-secrets/sealed-secrets/2.18.6/CATALOG.md,"proof-grade-ready-for-promotion-review (render parity 2/2, local live 2/2, live parity 1/2)",default;no-crds,default render=pass confighub=pass local=pass gitops=pass live-parity=pass two-cluster=pass; no-crds render=pass confighub=pass local=pass gitops=missing live-parity=missing two-cluster=missing,recipes/sealed-secrets/sealed-secrets/2.18.6/revisions/default/r001/variant-revision.yaml;recipes/sealed-secrets/sealed-secrets/2.18.6/revisions/no-crds/r001/variant-revision.yaml,recipes/sealed-secrets/sealed-secrets/2.18.6,packages/sealed-secrets/sealed-secrets/2.18.6,partial,recipes/sealed-secrets/sealed-secrets/2.18.6/source-lock.yaml;recipes/sealed-secrets/sealed-secrets/2.18.6/CATALOG.md;recipes/sealed-secrets/sealed-secrets/2.18.6/revisions/default/r001/variant-revision.yaml;recipes/sealed-secrets/sealed-secrets/2.18.6/helm-pain-report.yaml;recipes/sealed-secrets/sealed-secrets/2.18.6/control-points.yaml;data/outcome-coverage/feature-outcomes.csv;recipes/sealed-secrets/sealed-secrets/2.18.6/value-model.yaml;recipes/sealed-secrets/sealed-secrets/2.18.6/helm-plan.yaml;recipes/sealed-secrets/sealed-secrets/2.18.6/publication/installer-package-receipt.yaml;data/outcome-coverage/chart-outcomes.csv;data/outcome-coverage/base-outcomes.csv;data/live-kind-parity/summary.md;data/live-helm-confighub-compare/summary.md;site/catalog.json,,,crds;existing-secret;extension-slots,,,,,,,runs/live-helm-confighub-compare/sealed-secrets-sealed-secrets-default/receipt.yaml,,,,an existing Secret for some bases (buildable — not yet run); a CRD ownership choice (crds vs no-crds base),exact rendered objects with render parity and receipts; CRD handling split into explicit bases; extension slots routed to reviewed bases,run catalog promotion review
98,velero/velero,12.0.1,works-with-target-prerequisites,not-yet-public-catalog-proof-ready,default,recipes/velero/velero/12.0.1/CATALOG.md,"proof-grade-ready-for-promotion-review (render parity 2/2, local live 0/2, live parity 0/2)",default;no-crds,default render=pass confighub=pass local=blocked gitops=missing live-parity=missing two-cluster=missing; no-crds render=pass confighub=pass local=blocked gitops=missing live-parity=missing two-cluster=missing,recipes/velero/velero/12.0.1/revisions/default/r001/variant-revision.yaml;recipes/velero/velero/12.0.1/revisions/no-crds/r001/variant-revision.yaml,recipes/velero/velero/12.0.1,packages/velero/velero/12.0.1,partial,recipes/velero/velero/12.0.1/source-lock.yaml;recipes/velero/velero/12.0.1/CATALOG.md;recipes/velero/velero/12.0.1/revisions/default/r001/variant-revision.yaml;recipes/velero/velero/12.0.1/helm-pain-report.yaml;recipes/velero/velero/12.0.1/control-points.yaml;data/outcome-coverage/feature-outcomes.csv;recipes/velero/velero/12.0.1/value-model.yaml;recipes/velero/velero/12.0.1/helm-plan.yaml;recipes/velero/velero/12.0.1/publication/installer-package-receipt.yaml;data/outcome-coverage/chart-outcomes.csv;data/top100-readiness/readiness.csv;site/catalog.json,,,crds;existing-secret;extension-slots,,,,,,,,,,,an existing Secret for some bases (buildable — not yet run); a CRD ownership choice (crds vs no-crds base),exact rendered objects with render parity and receipts; CRD handling split into explicit bases; extension slots routed to reviewed bases,run catalog promotion review
99,vm/victoria-logs-single,0.12.5,needs-better-base-variant,not-yet-user-ready,default,recipes/vm/victoria-logs-single/0.12.5/CATALOG.md,"proof-grade-needs-user-shaped-variant (render parity 1/1, local live 1/1, live parity 0/1)",default,default render=pass confighub=pass local=pass gitops=missing live-parity=missing two-cluster=missing,recipes/vm/victoria-logs-single/0.12.5/revisions/default/r001/variant-revision.yaml,recipes/vm/victoria-logs-single/0.12.5,packages/vm/victoria-logs-single/0.12.5,partial,recipes/vm/victoria-logs-single/0.12.5/source-lock.yaml;recipes/vm/victoria-logs-single/0.12.5/CATALOG.md;recipes/vm/victoria-logs-single/0.12.5/revisions/default/r001/variant-revision.yaml;recipes/vm/victoria-logs-single/0.12.5/helm-pain-report.yaml;recipes/vm/victoria-logs-single/0.12.5/control-points.yaml;data/outcome-coverage/feature-outcomes.csv;recipes/vm/victoria-logs-single/0.12.5/value-model.yaml;recipes/vm/victoria-logs-single/0.12.5/helm-plan.yaml;recipes/vm/victoria-logs-single/0.12.5/publication/installer-package-receipt.yaml;data/outcome-coverage/chart-outcomes.csv;data/outcome-coverage/base-outcomes.csv;data/live-kind-parity/summary.md;data/live-helm-confighub-compare/summary.md;site/catalog.json,,,existing-secret;extension-slots,,,,,,,,,,,"an existing Secret for some bases (buildable — not yet run); your wanted install shape, until a reviewed base exists",exact rendered objects with render parity and receipts; extension slots routed to reviewed bases,add at least one user-shaped variant before catalog promotion
100,vm/victoria-metrics-single,0.39.0,works-with-operator-review,not-yet-public-catalog-proof-ready,default,recipes/vm/victoria-metrics-single/0.39.0/CATALOG.md,"proof-grade-ready-for-promotion-review (render parity 2/2, local live 2/2, live parity 0/2)",default;default-reviewed,default render=pass confighub=pass local=pass gitops=missing live-parity=missing two-cluster=missing; default-reviewed render=pass confighub=pass local=pass gitops=missing live-parity=missing two-cluster=missing,recipes/vm/victoria-metrics-single/0.39.0/revisions/default/r001/variant-revision.yaml;recipes/vm/victoria-metrics-single/0.39.0/revisions/default-reviewed/r001/variant-revision.yaml,recipes/vm/victoria-metrics-single/0.39.0,packages/vm/victoria-metrics-single/0.39.0,partial,recipes/vm/victoria-metrics-single/0.39.0/source-lock.yaml;recipes/vm/victoria-metrics-single/0.39.0/CATALOG.md;recipes/vm/victoria-metrics-single/0.39.0/revisions/default/r001/variant-revision.yaml;recipes/vm/victoria-metrics-single/0.39.0/helm-pain-report.yaml;recipes/vm/victoria-metrics-single/0.39.0/control-points.yaml;data/outcome-coverage/feature-outcomes.csv;recipes/vm/victoria-metrics-single/0.39.0/value-model.yaml;recipes/vm/victoria-metrics-single/0.39.0/helm-plan.yaml;recipes/vm/victoria-metrics-single/0.39.0/publication/installer-package-receipt.yaml;data/outcome-coverage/chart-outcomes.csv;data/outcome-coverage/base-outcomes.csv;data/live-kind-parity/summary.md;data/live-helm-confighub-compare/summary.md;site/catalog.json,,,extension-slots,,,,,,,,,,,nothing beyond a cluster and namespace,exact rendered objects with render parity and receipts; extension slots routed to reviewed bases,run catalog promotion review
